index_name,symbol,trading_day,open_0931,close_0935,close_0950,close_1005,close_1035,close_1500,prev_close_1500,r1,rvol20,gap,gap_rvol,required_clocks_complete
CSI1000,000852.SH,2020-01-02,5603.9300000000003,5589.1800000000003,5614.9700000000003,5633.6199999999999,5651.3299999999999,5676.5600000000004,5567.0299999999997,0.0066962025316454898,0.0099195443447748274,0.0066283098887558456,0.66820709282350688,True
CSI300,000300.SH,2020-01-02,4121.3500000000004,4126.2600000000002,4130.25,4152.8500000000004,4162.4899999999998,4152.2399999999998,4096.5799999999999,0.0036627523807890583,0.0073952690918710502,0.0060465070863990888,0.81761826531038162,True
CSI500,000905.SH,2020-01-02,5306.6700000000001,5291.4300000000003,5317.1099999999997,5342.5299999999997,5351.6899999999996,5366.1400000000003,5267.6599999999999,0.0049065803881769288,0.0094168619974791482,0.0074055652794600135,0.78641539840367736,True
CSI1000,000852.SH,2020-01-03,5685.0799999999999,5690.8699999999999,5692.46,5693.71,5705.04,5706.04,5676.5600000000004,0.019674763742965506,0.010519705379608248,0.001500909001225903,0.14267595403720296,True
CSI300,000300.SH,2020-01-03,4161.2200000000003,4163.21,4159,4156.4300000000003,4156.5799999999999,4144.96,4152.2399999999998,0.013586943255105455,0.0077019137763598387,0.0021626880912473112,0.28079879287735471,True
CSI500,000905.SH,2020-01-03,5376.0299999999997,5380.0900000000001,5381.3699999999999,5377.1300000000001,5384.6700000000001,5380.6400000000003,5366.1400000000003,0.018695208118975071,0.0099427660160343601,0.0018430380124259127,0.18536471736875917,True
CSI1000,000852.SH,2020-01-06,5686.1599999999999,5688.79,5726.5799999999999,5734.8900000000003,5757.0299999999997,5764.7299999999996,5706.04,0.005193286074664849,0.010404925574842547,-0.0034840274516126923,-0.33484405309313464,True
CSI300,000300.SH,2020-01-06,4120.5200000000004,4126.1700000000001,4145.0699999999997,4148.2399999999998,4157.3299999999999,4129.3000000000002,4144.96,-0.0017532705238617607,0.0077417939274060142,-0.0058963174554156339,-0.7616215971007213,True
CSI500,000905.SH,2020-01-06,5365.2200000000003,5374.7600000000002,5407.1400000000003,5421.3900000000003,5442.4899999999998,5434.8500000000004,5380.6400000000003,0.002702128531868242,0.0098737429483380049,-0.0028658300871271525,-0.29024758919914384,True
CSI1000,000852.SH,2020-01-07,5772.6700000000001,5780.0900000000001,5788.3500000000004,5794.9700000000003,5799.0900000000001,5852.3599999999997,5764.7299999999996,0.010285592109413821,0.010473101200906278,0.0013773411764299581,0.13151225697224919,True
CSI300,000300.SH,2020-01-07,4137.3999999999996,4146.5100000000002,4150.1800000000003,4150.0699999999997,4148.1700000000001,4160.2299999999996,4129.3000000000002,-0.0037780822975371775,0.0078742577355525398,0.001961591553047537,0.24911447134767825,True
CSI500,000905.SH,2020-01-07,5441.8999999999996,5453.9499999999998,5460.0900000000001,5467.1300000000001,5463.0799999999999,5499.8400000000001,5434.8500000000004,0.010075009664277879,0.0099140504464757459,0.0012971839149193976,0.13084298107243558,True
CSI1000,000852.SH,2020-01-08,5827.3800000000001,5835.3699999999999,5831.8900000000003,5842.7600000000002,5830.96,5772.4700000000003,5852.3599999999997,0.015201058852712945,0.010738440270410893,-0.0042683635319767932,-0.39748449723541363,True
CSI300,000300.SH,2020-01-08,4139.6300000000001,4137.6599999999999,4136.4399999999996,4137.8999999999996,4131.6499999999996,4112.3199999999997,4160.2299999999996,0.0074903736710820734,0.0078596880418973728,-0.0049516493078506363,-0.63000583247770736,True
CSI500,000905.SH,2020-01-08,5481.9799999999996,5486,5477.8100000000004,5485.6700000000001,5473.21,5423.8000000000002,5499.8400000000001,0.011958011720654582,0.010060416116060032,-0.003247367196136719,-0.32278656853494919,True
CSI1000,000852.SH,2020-01-09,5815.7399999999998,5820.8100000000004,5841.2799999999997,5849.5,5842.9899999999998,5864.1800000000003,5772.4700000000003,-0.013650903225365441,0.011519694584238733,0.0074959246215224873,0.65070515252882011,True
CSI300,000300.SH,2020-01-09,4145.5299999999997,4153.04,4155.8500000000004,4162.3800000000001,4155.4399999999996,4164.3699999999999,4112.3199999999997,-0.011516190210637323,0.0085270793658588709,0.0080757334059606833,0.9470691029679742,True
CSI500,000905.SH,2020-01-09,5465.8599999999997,5476.21,5482.7399999999998,5491.0299999999997,5479.21,5497.54,5423.8000000000002,-0.013825856752196386,0.010867957161843951,0.0077547107194217979,0.713538947931045,True
CSI1000,000852.SH,2020-01-10,5879.21,5872.4200000000001,5868.9499999999998,5851.8900000000003,5851.3500000000004,5851.8900000000003,5864.1800000000003,0.015887479709725705,0.011640702085473645,0.0025630181883911085,0.22017728566299125,True
CSI300,000300.SH,2020-01-10,4177.5799999999999,4174.3699999999999,4166.3800000000001,4153.9899999999998,4156.6400000000003,4163.1899999999996,4164.3699999999999,0.012657088942494843,0.0087941742250704068,0.0031721484882467621,0.3607102164525704,True
CSI500,000905.SH,2020-01-10,5511.6700000000001,5505.5500000000002,5501.4200000000001,5481.8500000000004,5482.5100000000002,5480.2299999999996,5497.54,0.013595634057302908,0.010915717581382807,0.0025702405075724855,0.2354623494433507,True
CSI1000,000852.SH,2020-01-13,5844.96,5841.46,5832.9700000000003,5826.8699999999999,5860.7399999999998,5926.7200000000003,5851.8900000000003,-0.0020957746863159432,0.011696250722493889,-0.001184232786330619,-0.10124892278968824,True
CSI300,000300.SH,2020-01-13,4166.9300000000003,4162.2299999999996,4153.8400000000001,4152.0200000000004,4164.4499999999998,4203.9899999999998,4163.1899999999996,-0.00028335618592978395,0.0087123570032722978,0.00089834958289203293,0.10311211794404423,True
CSI500,000905.SH,2020-01-13,5478.3199999999997,5474.1199999999999,5468.4300000000003,5450.9799999999996,5484.1199999999999,5559.6300000000001,5480.2299999999996,-0.0031486810464317339,0.010919736052249978,-0.00034852551808950416,-0.031917027703036061,True
CSI1000,000852.SH,2020-01-14,5939.8999999999996,5939.7700000000004,5931.6099999999997,5928.3400000000001,5944.0600000000004,5914.1099999999997,5926.7200000000003,0.012787321702902865,0.01167037116089265,0.002223827007180823,0.19055323746967492,True
CSI300,000300.SH,2020-01-14,4215.1599999999999,4215.7399999999998,4216.0100000000002,4209.0900000000001,4214.71,4189.8900000000003,4203.9899999999998,0.00980017726791238,0.0079745418926445624,0.0026569996598468926,0.33318524068418476,True
CSI500,000905.SH,2020-01-14,5576.6300000000001,5574.3000000000002,5565.9399999999996,5558.4399999999996,5577.6099999999997,5542.3299999999999,5559.6300000000001,0.014488443003304763,0.011011933278534607,0.0030577574406929209,0.2776767133754216,True
CSI1000,000852.SH,2020-01-15,5903.7600000000002,5903.7799999999997,5892.3500000000004,5874.5699999999997,5880.21,5913.5200000000004,5914.1099999999997,-0.002127652394579238,0.011296443156301555,-0.0017500519942983406,-0.15492062148093932,True
CSI300,000300.SH,2020-01-15,4186.8800000000001,4188.6499999999996,4181.9499999999998,4164.4099999999999,4162.8199999999997,4166.7299999999996,4189.8900000000003,-0.0033539565983742303,0.0080800210254624062,-0.00071839594834233189,-0.088910158287765009,True
CSI500,000905.SH,2020-01-15,5532.96,5537.04,5527.3100000000004,5508.1599999999999,5512.0900000000001,5530.0299999999997,5542.3299999999999,-0.0031117178661169698,0.01065610519875167,-0.0016906247011635456,-0.15865315419010662,True
CSI1000,000852.SH,2020-01-16,5917.2299999999996,5909.5,5919.3800000000001,5925.8000000000002,5914.9200000000001,5902.1300000000001,5913.5200000000004,-9.9761418032362492e-05,0.011140969750174465,0.00062737591147055127,0.056312504704604076,True
CSI300,000300.SH,2020-01-16,4174.8199999999997,4162.9799999999996,4158.1300000000001,4166.2299999999996,4160,4149.04,4166.7299999999996,-0.0055275914164812923,0.0078257675264486841,0.0019415704881287077,0.24809968882499989,True
CSI500,000905.SH,2020-01-16,5539.4200000000001,5529.8299999999999,5542.3999999999996,5542.8500000000004,5536.3500000000004,5527.6700000000001,5530.0299999999997,-0.0022192832256470174,0.010460634472942525,0.001698001638327451,0.16232300657474474,True
CSI1000,000852.SH,2020-01-17,5913.79,5918.5699999999997,5907.54,5916.9300000000003,5918.8400000000001,5879.4099999999999,5902.1300000000001,-0.0019260947794207395,0.011173826631024937,0.0019755579765270426,0.17680227568966958,True
CSI300,000300.SH,2020-01-17,4162.1899999999996,4163.9200000000001,4156.8900000000003,4161.1300000000001,4172.54,4154.8500000000004,4149.04,-0.0042455354678607726,0.0078897120679490493,0.0031694078630235545,0.40171400879112817,True
CSI500,000905.SH,2020-01-17,5539.7200000000003,5544.2299999999996,5533.6099999999997,5542.0299999999997,5544.8699999999999,5510.0500000000002,5527.6700000000001,-0.00042676079514936127,0.010464498304194162,0.0021799420008792314,0.20831787033741622,True
CSI1000,000852.SH,2020-01-20,5880.1300000000001,5883.4700000000003,5882.6400000000003,5891.79,5889.4399999999996,5954.8699999999999,5879.4099999999999,-0.0038494577381386064,0.011278909947640442,0.00012246126737203156,0.010857544562420286,True
CSI300,000300.SH,2020-01-20,4170.7399999999998,4158.3800000000001,4161.9799999999996,4169.8999999999996,4167.9399999999996,4185.8299999999999,4154.8500000000004,0.0014003239303550519,0.0078613184461998626,0.0038244461292222809,0.48648915005739357,True
CSI500,000905.SH,2020-01-20,5523.0100000000002,5515.3599999999997,5515.3800000000001,5527.8400000000001,5532.79,5587.54,5510.0500000000002,-0.0031875998386300397,0.010545338247123351,0.0023520657707281067,0.22304317942288135,True
CSI1000,000852.SH,2020-01-21,5952,5943.8999999999996,5939.9499999999998,5942.5699999999997,5921.5600000000004,5901.8599999999997,5954.8699999999999,0.012834621160966897,0.010925340563612426,-0.00048195846424858857,-0.044113816081283848,True
CSI300,000300.SH,2020-01-21,4165.0200000000004,4158.96,4143.3299999999999,4137.8800000000001,4131.4700000000003,4114.3100000000004,4185.8299999999999,0.0074563461978169876,0.007904991265105998,-0.0049715349166113976,-0.62891086781545413,True
CSI500,000905.SH,2020-01-21,5581.0100000000002,5581.0900000000001,5566.0299999999997,5562.9399999999996,5536.0699999999997,5523.9399999999996,5587.54,0.01406339325414474,0.010345859504120569,-0.0011686717231553789,-0.1129603318786533,True
CSI1000,000852.SH,2020-01-22,5867.2200000000003,5826.29,5791.21,5815.3100000000004,5837.1099999999997,5919.5900000000001,5901.8599999999997,-0.008901957557427842,0.0095123620331580977,-0.0058693361075998762,-0.61702194335545713,True
CSI300,000300.SH,2020-01-22,4093.8000000000002,4078.71,4053.98,4063.7199999999998,4088.6799999999998,4131.9300000000003,4114.3100000000004,-0.017086217070449439,0.0084028152771681401,-0.00498504001886102,-0.59325831336626078,True
CSI500,000905.SH,2020-01-22,5502.5900000000001,5465.8100000000004,5445.4499999999998,5463.4399999999996,5485.5200000000004,5575.5100000000002,5523.9399999999996,-0.011382468850334893,0.0095285200969516086,-0.0038649949130511452,-0.40562384018979458,True
CSI1000,000852.SH,2020-01-23,5852.1999999999998,5867.6899999999996,5888.2200000000003,5895.5600000000004,5863.1199999999999,5699.0100000000002,5919.5900000000001,0.0030041376786302809,0.0090182441234136733,-0.011384234381097369,-1.2623559780934492,True
CSI300,000300.SH,2020-01-23,4093.3200000000002,4087.2600000000002,4095.8400000000001,4100.2299999999996,4083.7800000000002,4003.9000000000001,4131.9300000000003,0.0042826136095723832,0.0083522506041204033,-0.0093443015733567503,-1.118776485076602,True
CSI500,000905.SH,2020-01-23,5521.79,5541.7299999999996,5551.1099999999997,5552.96,5525.0799999999999,5377.7399999999998,5575.5100000000002,0.0093357277595340626,0.0092529901019817937,-0.0096349930320276389,-1.0412842687429253,True
CSI1000,000852.SH,2020-02-03,5180.5900000000001,5181.5,5203.1499999999996,5226.1899999999996,5213.1599999999999,5200.1599999999999,5699.0100000000002,-0.037262715829981419,0.012873380372000568,-0.090966676668403856,-7.066261855064516,True
CSI300,000300.SH,2020-02-03,3639.9099999999999,3674.4899999999998,3711.3200000000002,3729.5999999999999,3692.2199999999998,3688.3600000000001,4003.9000000000001,-0.030985520083834928,0.011109971144438525,-0.090908863857738775,-8.1826372612359393,True
CSI500,000905.SH,2020-02-03,4896.8900000000003,4909.3299999999999,4930.1800000000003,4959.2200000000003,4931.6599999999999,4910.8999999999996,5377.7399999999998,-0.035471194563367336,0.01277051214993306,-0.089414884319435228,-7.0016678477459431,True
CSI1000,000852.SH,2020-02-04,4923.1899999999996,5079.7299999999996,5120.3999999999996,5155.6700000000001,5178.8599999999997,5212.1000000000004,5200.1599999999999,-0.087532746915692461,0.023682182565455213,-0.053261822713147389,-2.249025087359958,True
CSI300,000300.SH,2020-02-04,3652,3720.3299999999999,3738.1100000000001,3752.4099999999999,3749.9400000000001,3785.6399999999999,3688.3600000000001,-0.078808162042009022,0.020690241618415543,-0.0098580398876465525,-0.47645842274129424,True
CSI500,000905.SH,2020-02-04,4736.1199999999999,4891.5200000000004,4921.75,4950.8999999999996,4964.5900000000001,4996.4700000000003,4910.8999999999996,-0.086809700729302719,0.023516239604375058,-0.03559021767904047,-1.513431495757473,True
CSI1000,000852.SH,2020-02-05,5242.3299999999999,5261.3199999999997,5334.6999999999998,5347.4899999999998,5392.8900000000003,5348.3400000000001,5212.1000000000004,0.0022960831974401241,0.023676875649723823,0.0057999654649756316,0.24496329459935667,True
CSI300,000300.SH,2020-02-05,3801.0999999999999,3784.8600000000001,3817.04,3823.5599999999999,3846.23,3828.5300000000002,3785.6399999999999,0.026374865794011271,0.021786534268912774,0.0040838537209031411,0.18744852533660647,True
CSI500,000905.SH,2020-02-05,5035.4099999999999,5041.5799999999999,5102.9300000000003,5115.04,5158.9499999999998,5123.96,4996.4700000000003,0.017424504673277941,0.02390719167881683,0.0077935022125619202,0.3259898660312921,True
CSI1000,000852.SH,2020-02-06,5353.1899999999996,5330.6400000000003,5378.8599999999997,5400,5429.54,5515.6400000000003,5348.3400000000001,0.026139176147809806,0.024473243175090101,0.00090682342558623397,0.037053667922085504,True
CSI300,000300.SH,2020-02-06,3841.75,3814.9699999999998,3829.5900000000001,3833.23,3843.8099999999999,3899.7800000000002,3828.5300000000002,0.011329656280047784,0.02165167606502235,0.0034530224394218045,0.15948060690784402,True
CSI500,000905.SH,2020-02-06,5128.1899999999996,5108.3400000000001,5147.3699999999999,5166.5100000000002,5190.2399999999998,5282.8900000000003,5123.96,0.025516014306099954,0.024489866801779416,0.00082553337652901959,0.033709181973543313,True
CSI1000,000852.SH,2020-02-07,5535.1300000000001,5538.2700000000004,5562.0100000000002,5546.6999999999998,5565.5900000000001,5583.6000000000004,5515.6400000000003,0.03128073383517127,0.025495878122542379,0.0035335881239528799,0.13859448601727628,True
CSI300,000300.SH,2020-02-07,3879.5500000000002,3872.46,3880.75,3875.7600000000002,3884.29,3899.8699999999999,3899.7800000000002,0.018610276006717941,0.022144852782058924,-0.0051874721138115421,-0.23425182207642725,True
CSI500,000905.SH,2020-02-07,5287.2700000000004,5291.6800000000003,5306.4700000000003,5293.3599999999997,5310.4799999999996,5327.04,5282.8900000000003,0.031017025894035211,0.025488011752513369,0.00082909165248579164,0.032528690763964162,True
CSI1000,000852.SH,2020-02-10,5586.9499999999998,5601.6700000000001,5623.8800000000001,5606.1300000000001,5627.3500000000004,5661.5600000000004,5583.6000000000004,0.012321326264948418,0.025246850949355654,0.00059997134465206159,0.023764205122277792,True
CSI300,000300.SH,2020-02-10,3872.3699999999999,3868.73,3891.0700000000002,3883.4099999999999,3912.27,3916.0100000000002,3899.8699999999999,2.3078224925532353e-05,0.021840977294769384,-0.007051517101852145,-0.3228572149809838,True
CSI500,000905.SH,2020-02-10,5322.0100000000002,5327.2700000000004,5350.9300000000003,5341.3199999999997,5358.6800000000003,5388.4399999999996,5327.04,0.0083571681409226883,0.025202052570305038,-0.00094423920225861213,-0.037466757900949152,True
CSI1000,000852.SH,2020-02-11,5656.5200000000004,5618.5900000000001,5604.8800000000001,5622.7799999999997,5632.54,5623.2600000000002,5661.5600000000004,0.013962318217637382,0.02542662937736611,-0.00089021400462063749,-0.035011089807014478,True
CSI300,000300.SH,2020-02-11,3926.4200000000001,3917.3099999999999,3935.3299999999999,3947.52,3960.29,3952.46,3916.0100000000002,0.0041385994917779723,0.021896860471129164,0.0026583180328956235,0.12140178891858011,True
CSI500,000905.SH,2020-02-11,5390.5299999999997,5355.4799999999996,5346.3299999999999,5361.4799999999996,5363.1700000000001,5361.2799999999997,5388.4399999999996,0.011526100798942673,0.025329729458093846,0.00038786736049778447,0.015312732066068143,True
CSI1000,000852.SH,2020-02-12,5605.9300000000003,5631.3500000000004,5636.5299999999997,5654.4099999999999,5669.1899999999996,5754.2600000000002,5623.2600000000002,-0.0067649199160655371,0.025346777341075825,-0.0030818422054110783,-0.12158714158966419,True
CSI300,000300.SH,2020-02-12,3945.6700000000001,3946.0999999999999,3945.1199999999999,3949.8000000000002,3960.98,3984.4299999999998,3952.46,0.0093079435445773129,0.022054781397471555,-0.0017179174488799465,-0.077893197756967805,True
CSI500,000905.SH,2020-02-12,5345.5200000000004,5366.1300000000001,5372.3000000000002,5381.7600000000002,5394.8999999999996,5459.9499999999998,5361.2799999999997,-0.005040419861778167,0.025250883551822468,-0.0029395965142651193,-0.11641559029933254,True
CSI1000,000852.SH,2020-02-13,5758.9200000000001,5765.5299999999997,5764.04,5701.2399999999998,5751.3699999999999,5707.5299999999997,5754.2600000000002,0.023296095147654627,0.025680277775533333,0.00080983480065199842,0.031535281967376601,True
CSI300,000300.SH,2020-02-13,3985.8800000000001,3985.6799999999998,3995.3099999999999,3966.0700000000002,3980.0500000000002,3959.9200000000001,3984.4299999999998,0.0080886334080547684,0.022068656029091856,0.0003639165451521098,0.016490199705518058,True
CSI500,000905.SH,2020-02-13,5456.6599999999999,5469.2399999999998,5460.21,5412.8000000000002,5446.1999999999998,5412.8400000000001,5459.9499999999998,0.01840418705980662,0.025456785098750254,-0.00060256962060090125,-0.023670295297047665,True
CSI1000,000852.SH,2020-02-14,5696.1000000000004,5707.4200000000001,5715.3100000000004,5723.8500000000004,5754.4099999999999,5727.8299999999999,5707.5299999999997,-0.0081209399644786018,0.025560951714451715,-0.002002617594651146,-0.078346753948089543,True
CSI300,000300.SH,2020-02-14,3954.23,3962.5100000000002,3966.8600000000001,3970.8899999999999,3980.1700000000001,3987.73,3959.9200000000001,-0.0061514444977072147,0.0219782564720017,-0.0014368977151053564,-0.065378148486702453,True
CSI500,000905.SH,2020-02-14,5407.4700000000003,5419.71,5427.1400000000003,5428.3500000000004,5446.0100000000002,5420.8000000000002,5412.8400000000001,-0.008628284141796061,0.025334933145836225,-0.00099208548562301768,-0.03915879627201882,True
CSI1000,000852.SH,2020-02-17,5766.5500000000002,5799.4700000000003,5812.3699999999999,5833.1499999999996,5847.3299999999999,5936.4799999999996,5727.8299999999999,0.0035567049143849783,0.025298751877951126,0.0067599771641266848,0.26720595532692171,True
CSI300,000300.SH,2020-02-17,3999.6500000000001,4010.0900000000001,4019.6799999999998,4023.0500000000002,4023.5999999999999,4077.4200000000001,3987.73,0.0070228691488716244,0.021820784045791845,0.0029891692767565203,0.13698725355072583,True
CSI500,000905.SH,2020-02-17,5454.46,5481.3900000000003,5502.4700000000003,5517.6499999999996,5522.0200000000004,5594.4399999999996,5420.8000000000002,0.0014705773678882483,0.025142231929028171,0.0062094155844154564,0.24697153386952589,True
CSI1000,000852.SH,2020-02-18,5948.6499999999996,5967.6400000000003,5969.4499999999998,6011.8900000000003,5989.1999999999998,6072.1899999999996,5936.4799999999996,0.036427407936338918,0.026631150587866123,0.002050036385198073,0.076978889005724194,True
CSI300,000300.SH,2020-02-18,4069.8299999999999,4070.6500000000001,4060.3000000000002,4073.3299999999999,4056.4400000000001,4057.5100000000002,4077.4200000000001,0.022491492653715195,0.022495102939173894,-0.0018614712244507947,-0.082750064735607518,True
CSI500,000905.SH,2020-02-18,5607.8400000000001,5619.8000000000002,5613.2200000000003,5642.5799999999999,5622.7700000000004,5660.8100000000004,5594.4399999999996,0.032032172373081425,0.026149658168947851,0.0023952352693032974,0.091597192354414297,True
CSI1000,000852.SH,2020-02-19,6058.6899999999996,6064.1599999999999,6071.79,6052.4799999999996,6067.79,6018.0500000000002,6072.1899999999996,0.022860348219820414,0.026957741503470523,-0.0022232505899848487,-0.082471693324109835,True
CSI300,000300.SH,2020-02-19,4049.5900000000001,4052.77,4064.71,4061.6199999999999,4073.04,4051.3099999999999,4057.5100000000002,-0.0048829897337041572,0.022370490526587811,-0.0019519360395907626,-0.087254950322651376,True
CSI500,000905.SH,2020-02-19,5654.1800000000003,5650.2700000000004,5648.9099999999999,5627.7200000000003,5641.3900000000003,5603.2600000000002,5660.8100000000004,0.011863564539078331,0.02608685252697825,-0.001171210480478968,-0.044896580730378909,True
CSI1000,000852.SH,2020-02-20,6032.3999999999996,6053.0100000000002,6042.6400000000003,6015.5299999999997,6000.54,6134.3900000000003,6018.0500000000002,-0.0089160582919834974,0.027049323781418656,0.0023844933159411497,0.088153527800172243,True
CSI300,000300.SH,2020-02-20,4062.9000000000001,4063.8600000000001,4082.0599999999999,4072.4499999999998,4065.6300000000001,4144.6599999999999,4051.3099999999999,-0.0015280307380635128,0.022366362191326157,0.0028608030488903591,0.12790649746340063,True
CSI500,000905.SH,2020-02-20,5619.5200000000004,5627.1099999999997,5629.3599999999997,5612.8199999999997,5593.3800000000001,5706.71,5603.2600000000002,-0.010166389615620441,0.026196209262394677,0.0029018821186237442,0.11077488691424792,True
CSI1000,000852.SH,2020-02-21,6141.79,6165.8400000000001,6182.4899999999998,6194.5,6202.8400000000001,6243.4799999999996,6134.3900000000003,0.019331843371191759,0.027346387399424646,0.0012063139122227007,0.044112368284817065,True
CSI300,000300.SH,2020-02-21,4134.8699999999999,4145.9099999999999,4144.4300000000003,4140.0500000000002,4142.4399999999996,4149.4899999999998,4144.6599999999999,0.023041929647447335,0.022994686893213923,-0.002362075538162367,-0.10272266585458273,True
CSI500,000905.SH,2020-02-21,5704.8400000000001,5727.7299999999996,5732.4899999999998,5740.6099999999997,5741.2700000000004,5784.0299999999997,5706.71,0.018462466492720209,0.026473994228699123,-0.00032768442762987071,-0.012377596852183511,True
CSI1000,000852.SH,2020-02-24,6254.3199999999997,6280.6099999999997,6294.0500000000002,6292.1099999999997,6273.1000000000004,6380.4099999999999,6243.4799999999996,0.017783349281672578,0.027544218433066512,0.0017362112155401288,0.063033598857022838,True
CSI300,000300.SH,2020-02-24,4131.8400000000001,4136.4700000000003,4135.3299999999999,4123.4399999999996,4105.7299999999996,4132.8400000000001,4149.4899999999998,0.0011653549386438922,0.02297400248290269,-0.0042535347717429506,-0.18514556942824575,True
CSI500,000905.SH,2020-02-24,5784.5799999999999,5809.3699999999999,5817.6499999999996,5802.5299999999997,5782.1000000000004,5865.4700000000003,5784.0299999999997,0.013548962537083487,0.026593024673535311,9.5089409978932338e-05,0.0035757275129956485,True
CSI1000,000852.SH,2020-02-25,6233.5200000000004,6294.6899999999996,6309.1499999999996,6329.3999999999996,6346.4200000000001,6407.1400000000003,6380.4099999999999,0.021931679127666026,0.027799658772169989,-0.023022031499543072,-0.82814079439673693,True
CSI300,000300.SH,2020-02-25,4066.3000000000002,4098.5799999999999,4095.0999999999999,4098.3900000000003,4108.4099999999999,4123.8500000000004,4132.8400000000001,-0.0040125413002560784,0.022991794781907209,-0.016100308746527792,-0.70026324170210097,True
CSI500,000905.SH,2020-02-25,5745.6199999999999,5807.8199999999997,5807.8699999999999,5827.2700000000004,5846.8500000000004,5897.7200000000003,5865.4700000000003,0.014080148270323667,0.026674844385220615,-0.020433145169952316,-0.76600803644325821,True
CSI1000,000852.SH,2020-02-26,6315.3299999999999,6321.4499999999998,6349.3299999999999,6333.8500000000004,6326.04,6221.8299999999999,6407.1400000000003,0.0041893859485520046,0.027729979721520168,-0.014329326345296045,-0.51674492694185448,True
CSI300,000300.SH,2020-02-26,4070.0999999999999,4070.23,4072.5300000000002,4087.2800000000002,4114.9799999999996,4073.02,4123.8500000000004,-0.002175259627761994,0.02292804465575796,-0.013033936733877427,-0.56847136027381173,True
CSI500,000905.SH,2020-02-26,5824.0500000000002,5828.1599999999999,5833.1700000000001,5843.2399999999998,5839.8599999999997,5743.3900000000003,5897.7200000000003,0.0054982806151937513,0.026564518647192812,-0.012491267811968076,-0.47022375891189289,True
CSI1000,000852.SH,2020-02-27,6254.3900000000003,6242.0100000000002,6253.8999999999996,6185.7700000000004,6202.0299999999997,6232.0900000000001,6221.8299999999999,-0.028922420924156533,0.028570533568832268,0.0052331870205390985,0.18316728345066707,True
CSI300,000300.SH,2020-02-27,4084.0799999999999,4091.5799999999999,4103.1400000000003,4082.98,4086.29,4084.8800000000001,4073.02,-0.012325860542939382,0.022770834396399375,0.002715429828481053,0.11925034371645286,True
CSI500,000905.SH,2020-02-27,5770.2200000000003,5776.29,5783.7299999999996,5725.2600000000002,5738.7600000000002,5753.7299999999996,5743.3900000000003,-0.026167739397597756,0.027185818801671632,0.0046714571011197137,0.17183433521717101,True
CSI1000,000852.SH,2020-02-28,5999.21,6036.9899999999998,6081.0799999999999,6070.3299999999999,5990.3400000000001,5870.9700000000003,6232.0900000000001,0.0016490325193714295,0.028572237450854597,-0.037367881400942604,-1.3078388230959115,True
CSI300,000300.SH,2020-02-28,3988.73,4007.5500000000002,4025.9499999999998,4023.75,3984.8200000000002,3940.0500000000002,4084.8800000000001,0.0029118442826208124,0.0227585343557479,-0.023538023148782838,-1.0342503950759936,True
CSI500,000905.SH,2020-02-28,5558.4200000000001,5612.4799999999996,5635.4899999999998,5622.3900000000003,5549.5200000000004,5451.29,5753.7299999999996,0.0018003304668496867,0.027135533127246887,-0.033944936588960473,-1.2509404709235743,True
CSI1000,000852.SH,2020-03-02,5946.8299999999999,5989.8500000000004,5954.3400000000001,5981.0600000000004,6016.6000000000004,6113.4099999999999,5870.9700000000003,-0.057945247902389085,0.03041978972473881,0.012921203821514959,0.42476308805668128,True
CSI300,000300.SH,2020-03-02,3968.8400000000001,3993.8299999999999,3979.1500000000001,3993.96,4038.4000000000001,4069.6700000000001,3940.0500000000002,-0.035455141889113029,0.023094985159811385,0.0073070138703823506,0.31638963263321823,True
CSI500,000905.SH,2020-03-02,5516.4399999999996,5553.5600000000004,5529.1999999999998,5540.0900000000001,5572.3500000000004,5656.4200000000001,5451.29,-0.052564162725744823,0.028605081675059808,0.011951299600645005,0.41780337271559342,True
CSI1000,000852.SH,2020-03-03,6225.96,6232.0299999999997,6245.1099999999997,6275.7200000000003,6296.8100000000004,6195.8900000000003,6113.4099999999999,0.041294709392144746,0.023277734254548942,0.018410347089431234,0.79089944442653293,True
CSI300,000300.SH,2020-03-03,4125.1400000000003,4131.6599999999999,4115.0100000000002,4122.9799999999996,4131.0100000000002,4091.3600000000001,4069.6700000000001,0.0328980596692936,0.015394531608339279,0.013630097772055372,0.88538567582477745,True
CSI500,000905.SH,2020-03-03,5756.79,5764.5299999999997,5765.3000000000002,5795.6300000000001,5809.9799999999996,5710.0200000000004,5656.4200000000001,0.037629625281355494,0.0210056043633172,0.017744439062163053,0.84474784706269956,True
CSI1000,000852.SH,2020-03-04,6146.7700000000004,6153.9899999999998,6183.7299999999996,6183.0299999999997,6216.8599999999997,6226.5299999999997,6195.8900000000003,0.013491651958563278,0.023258271393084274,-0.00792783603324132,-0.3408609306880227,True
CSI300,000300.SH,2020-03-04,4078.5,4084.9200000000001,4091.1300000000001,4080.1300000000001,4093.04,4115.0500000000002,4091.3600000000001,0.0053296704646814685,0.014556165628003328,-0.0031432091040631827,-0.21593661300584813,True
CSI500,000905.SH,2020-03-04,5670.5,5661.9200000000001,5688.3000000000002,5684.9799999999996,5703.6199999999999,5716.5100000000002,5710.0200000000004,0.0094759582916403851,0.020878841071507503,-0.0069211666509050307,-0.33149189781180249,True
CSI1000,000852.SH,2020-03-05,6312.4300000000003,6287.3000000000002,6279.5900000000001,6294.2700000000004,6291.6099999999997,6315.8299999999999,6226.5299999999997,0.0049452136819729819,0.02291377647517262,0.013795806010731493,0.60207473987011395,True
CSI300,000300.SH,2020-03-05,4150.21,4140.0100000000002,4135.1199999999999,4141.3199999999997,4160.3999999999996,4206.7299999999996,4115.0500000000002,0.0057902506745923787,0.014461580468041454,0.0085442461209461751,0.59082381347101343,True
CSI500,000905.SH,2020-03-05,5795.25,5768.9700000000003,5758.0900000000001,5767.3500000000004,5767.5299999999997,5801.1199999999999,5716.5100000000002,0.0011365984707583099,0.020442240699640766,0.013774138416621229,0.67380766223260857,True
CSI1000,000852.SH,2020-03-06,6236.2600000000002,6263.3699999999999,6282.79,6302.6800000000003,6299.4399999999996,6296.7399999999998,6315.8299999999999,0.014341856539677789,0.022308465828840492,-0.012598502492942254,-0.56474087414181795,True
CSI300,000300.SH,2020-03-06,4158.1999999999998,4173.6000000000004,4170.0500000000002,4166.9499999999998,4155.5,4138.5100000000002,4206.7299999999996,0.022279194663491264,0.01468206934448449,-0.011536276395204714,-0.78573913012735264,True
CSI500,000905.SH,2020-03-06,5737.1000000000004,5752.9899999999998,5770,5783.4399999999996,5774.3500000000004,5763.8599999999997,5801.1199999999999,0.014800988715142571,0.019692530333371708,-0.011035799983451389,-0.56040538197113776,True
CSI1000,000852.SH,2020-03-09,6198.1999999999998,6237.71,6165.6800000000003,6211.5799999999999,6202.7600000000002,6049.6199999999999,6296.7399999999998,-0.0030225639385480507,0.022380846328999279,-0.015649367768083122,-0.69923038378606561,True
CSI300,000300.SH,2020-03-09,4063.0799999999999,4062.1100000000001,4031.0999999999999,4047.1900000000001,4045.3000000000002,3997.1300000000001,4138.5100000000002,-0.016216871536799182,0.015341897350408609,-0.01822636649422138,-1.1880125435551783,True
CSI500,000905.SH,2020-03-09,5668.6400000000003,5699.04,5632.9799999999996,5664.5299999999997,5647.5299999999997,5525.8199999999997,5763.8599999999997,-0.0064228976473509336,0.019831850385370286,-0.016520179185476325,-0.8330124957811833,True
CSI1000,000852.SH,2020-03-10,5965.3599999999997,6037.1099999999997,6000.3999999999996,6002.25,5957.79,6206.4099999999999,6049.6199999999999,-0.039245704920323865,0.024481930757565305,-0.013928147553069481,-0.5689154050386922,True
CSI300,000300.SH,2020-03-10,3975.23,4025.1700000000001,4014.79,4005.8000000000002,3984.5,4082.73,3997.1300000000001,-0.034162053492682198,0.017449259063630124,-0.0054789311330880608,-0.31399219377216525,True
CSI500,000905.SH,2020-03-10,5459.1700000000001,5548.6700000000001,5535.9700000000003,5520.2600000000002,5470.8699999999999,5675.1099999999997,5525.8199999999997,-0.041298713015236355,0.022175171063168471,-0.012061558284562235,-0.54392176954141769,True
CSI1000,000852.SH,2020-03-11,6219.9300000000003,6228.9099999999999,6254.1499999999996,6253.6199999999999,6239.6300000000001,6122.9099999999999,6206.4099999999999,0.025917330344715772,0.024841212964576677,0.0021783929840277771,0.087692697902237868,True
CSI300,000300.SH,2020-03-11,4090.9299999999998,4081.4499999999998,4076.5999999999999,4079.96,4079.8899999999999,4028.4299999999998,4082.73,0.021415365524763974,0.017949277612548168,0.0020084600255221297,0.11189642663491006,True
CSI500,000905.SH,2020-03-11,5692.7200000000003,5677.4300000000003,5686.9700000000003,5695.8500000000004,5675.1199999999999,5589.5299999999997,5675.1099999999997,0.027016804745721101,0.022826859345301861,0.0031030235537286011,0.13593738441145886,True
CSI1000,000852.SH,2020-03-12,6026.0600000000004,6015.5299999999997,6030.96,6029.2200000000003,6025.9799999999996,5999.6400000000003,6122.9099999999999,-0.013453832408751643,0.024794631002826618,-0.015817642264870702,-0.63794626599070869,True
CSI300,000300.SH,2020-03-12,3976.1100000000001,3967.4899999999998,3969.0900000000001,3955.46,3952.5999999999999,3950.9099999999999,4028.4299999999998,-0.013299924315347877,0.01818895698397854,-0.012987689993372076,-0.71404259215149501,True
CSI500,000905.SH,2020-03-12,5507.3199999999997,5499.3900000000003,5509.6199999999999,5501.9899999999998,5496.6400000000003,5493.8800000000001,5589.5299999999997,-0.015079883914144387,0.022873086205110964,-0.014707855579986107,-0.64302016125395678,True
CSI1000,000852.SH,2020-03-13,5681.5900000000001,5724.8500000000004,5773.8800000000001,5762.75,5880.71,5945.46,5999.6400000000003,-0.020132584016423483,0.025230151011254295,-0.053011514024174811,-2.1011175874662111,True
CSI300,000300.SH,2020-03-13,3771.0100000000002,3780.6700000000001,3805.8499999999999,3804.3600000000001,3861.02,3895.3099999999999,3950.9099999999999,-0.019243228751647634,0.018677770693346637,-0.045533813728988903,-2.4378612670948403,True
CSI500,000905.SH,2020-03-13,5225.5100000000002,5253.9899999999998,5295.3999999999996,5283.3900000000003,5393.4099999999999,5457.1999999999998,5493.8800000000001,-0.017112351127912317,0.023146375683755997,-0.048848900958885166,-2.1104341183387541,True
CSI1000,000852.SH,2020-03-16,5999.54,5994.5200000000004,5940.6599999999999,5969.7700000000004,5921.7700000000004,5657.7700000000004,5945.46,-0.0090305418325099529,0.025367011734055124,0.0090960161198627709,0.35857657240925234,True
CSI300,000300.SH,2020-03-16,3899.8600000000001,3876.6700000000001,3838.75,3852.0100000000002,3830.75,3727.8400000000001,3895.3099999999999,-0.01407270730034349,0.018858189799351822,0.0011680713473383175,0.061939738636974877,True
CSI500,000905.SH,2020-03-16,5496.8900000000003,5470.7200000000003,5411.5799999999999,5439.7600000000002,5403.3100000000004,5200.1099999999997,5457.1999999999998,-0.0066765200550431558,0.023209267355364212,0.0072729604925603208,0.31336450139514493,True
CSI1000,000852.SH,2020-03-17,5707.4200000000001,5664.8400000000001,5615.4499999999998,5578.0799999999999,5561.71,5642.9200000000001,5657.7700000000004,-0.048388181906866667,0.026407634918430484,0.0087755423073048178,0.33231080081238812,True
CSI300,000300.SH,2020-03-17,3739.7800000000002,3746.0900000000001,3721.54,3699.23,3682.5799999999999,3709.6799999999998,3727.8400000000001,-0.042992727151369148,0.020201339178162629,0.0032029271642559642,0.15855023946720742,True
CSI500,000905.SH,2020-03-17,5245.5200000000004,5227.4799999999996,5200.9399999999996,5159.46,5148.6300000000001,5212.0600000000004,5200.1099999999997,-0.047110239683354149,0.024288519448035117,0.0087325075815705144,0.3595323132088627,True
CSI1000,000852.SH,2020-03-18,5702.1700000000001,5701.4899999999998,5750.4799999999996,5736.5100000000002,5730.4399999999996,5556.1099999999997,5642.9200000000001,-0.0026247090284688968,0.025748186952720287,0.010499883039277513,0.4077911605410417,True
CSI300,000300.SH,2020-03-18,3729.6900000000001,3732.7800000000002,3770.7199999999998,3756.73,3749.4299999999998,3636.2600000000002,3709.6799999999998,-0.0048714537104597166,0.020201321123076675,0.0053939962476547976,0.26701205405289297,True
CSI500,000905.SH,2020-03-18,5257.9399999999996,5241.21,5288.46,5278.71,5275.1599999999999,5119.4700000000003,5212.0600000000004,0.0022980283109397259,0.024066039937307063,0.0088026615196292735,0.3657710841734052,True
CSI1000,000852.SH,2020-03-19,5552.5100000000002,5587.6099999999997,5538.1800000000003,5549.1199999999999,5536.8699999999999,5617.1899999999996,5556.1099999999997,-0.015383879268180412,0.025862267490468684,-0.00064793533605334019,-0.025053307344073027,True
CSI300,000300.SH,2020-03-19,3623.79,3636.04,3602.1500000000001,3593.9699999999998,3573.3800000000001,3589.0900000000001,3636.2600000000002,-0.019791464492894151,0.020481400080997931,-0.0034293477364105707,-0.16743717337918823,True
CSI500,000905.SH,2020-03-19,5119.9399999999996,5166.1099999999997,5124.7600000000002,5119.8100000000004,5108.2700000000004,5157.8199999999997,5119.4700000000003,-0.017764569095520821,0.024230533763498603,9.1806378394565513e-05,0.0037888714830073044,True
CSI1000,000852.SH,2020-03-20,5676.9700000000003,5662.29,5678.3999999999996,5653.4200000000001,5623.8199999999997,5670.4700000000003,5617.1899999999996,0.010993302868373744,0.02553721452927209,0.010642331842077635,0.41673816186486734,True
CSI300,000300.SH,2020-03-20,3629.5100000000002,3619.8400000000001,3624.3200000000002,3630.4400000000001,3625.8400000000001,3653.2199999999998,3589.0900000000001,-0.012972119705411678,0.019424592348790497,0.011261907614464883,0.57977575087521072,True
CSI500,000905.SH,2020-03-20,5217.4899999999998,5200.6099999999997,5211.6999999999998,5197.1599999999999,5176.5200000000004,5219.2799999999997,5157.8199999999997,0.0074910098115623658,0.023810477294633141,0.011568841099534266,0.48587186877357857,True
CSI1000,000852.SH,2020-03-23,5514.9300000000003,5556.5600000000004,5549.9200000000001,5526.0200000000004,5504.04,5416.5699999999997,5670.4700000000003,0.0094851696310789269,0.02522883886848749,-0.027429825040957811,-1.0872408827034645,True
CSI300,000300.SH,2020-03-23,3542.6799999999998,3569.8600000000001,3566.3600000000001,3554.0700000000002,3544.6900000000001,3530.3099999999999,3653.2199999999998,0.017868038973667399,0.020139574775084074,-0.030258237938038168,-1.5024268524016964,True
CSI500,000905.SH,2020-03-23,5079.3599999999997,5108.5200000000004,5105.0600000000004,5082.8599999999997,5063.1300000000001,4998.9099999999999,5219.2799999999997,0.0119158869444842,0.02374706133287394,-0.026808295397066306,-1.1289100163292451,True
CSI1000,000852.SH,2020-03-24,5522.1800000000003,5490.6300000000001,5519.1300000000001,5503.8100000000004,5470.1499999999996,5517.2600000000002,5416.5699999999997,-0.044775829869481809,0.025950361789771139,0.019497578726020537,0.7513413062975447,True
CSI300,000300.SH,2020-03-24,3598.6500000000001,3591.5999999999999,3615.6999999999998,3609.77,3596.8699999999999,3625.1100000000001,3530.3099999999999,-0.033644291884967203,0.02104333767441979,0.019358073370327356,0.91991459101371376,True
CSI500,000905.SH,2020-03-24,5089.1499999999996,5081.4499999999998,5098.1499999999996,5093.5699999999997,5060.7200000000003,5096.04,4998.9099999999999,-0.042222298861145591,0.024702519260692356,0.018051935321900192,0.73077304915313468,True
CSI1000,000852.SH,2020-03-25,5632.4099999999999,5607.6899999999996,5625.0900000000001,5605.4399999999996,5601.2600000000002,5646.6300000000001,5517.2600000000002,0.018589254823624612,0.026495454955748912,0.020870867060823528,0.78771499095527042,True
CSI300,000300.SH,2020-03-25,3711.48,3706.4400000000001,3719.75,3704.0700000000002,3694.0500000000002,3722.52,3625.1100000000001,0.026853165869286322,0.022397368917972661,0.023825483916350088,1.0637626233513278,True
CSI500,000905.SH,2020-03-25,5200.7799999999997,5179.4300000000003,5199.3299999999999,5184.96,5181.3199999999997,5217.4200000000001,5096.04,0.019430235791402461,0.025282953905172923,0.02055321386802289,0.81292771189278157,True
CSI1000,000852.SH,2020-03-26,5606.6300000000001,5610.2600000000002,5627.4099999999999,5630.3000000000002,5656.5799999999999,5595.4300000000003,5646.6300000000001,0.023448233362212356,0.026812366857395572,-0.0070838712648074731,-0.26420163883642933,True
CSI300,000300.SH,2020-03-26,3692.6100000000001,3695.1799999999998,3712.48,3706.4400000000001,3720.8800000000001,3698.0500000000002,3722.52,0.026870908744837996,0.023518607404421205,-0.0080348795976918908,-0.34163925863150524,True
CSI500,000905.SH,2020-03-26,5180.4700000000003,5181.3699999999999,5192.7799999999997,5193.8500000000004,5215.9700000000003,5166.1099999999997,5217.4200000000001,0.023818494360326792,0.025751743859740803,-0.0070820443820891477,-0.2750122252171403,True
CSI1000,000852.SH,2020-03-27,5659.5900000000001,5637.8100000000004,5630.96,5632.6599999999999,5618.4099999999999,5553.6099999999997,5595.4300000000003,-0.0090673552189535211,0.026790246669577689,0.011466500340456376,0.42801025619063959,True
CSI300,000300.SH,2020-03-27,3746.3899999999999,3736.6100000000001,3730.7600000000002,3737.1500000000001,3731.5799999999999,3710.0599999999999,3698.0500000000002,-0.0065735039704285514,0.023462680468503357,0.013071754032530469,0.55712961057787846,True
CSI500,000905.SH,2020-03-27,5222.8500000000004,5207.1000000000004,5195.1499999999996,5191.3999999999996,5182.1899999999996,5137.3400000000001,5166.1099999999997,-0.0098343625776725618,0.025734004872209098,0.010983118826351168,0.42679399809285645,True
CSI1000,000852.SH,2020-03-30,5472.1499999999996,5422.1999999999998,5389.5600000000004,5395.8100000000004,5400.0100000000002,5415.4099999999999,5553.6099999999997,-0.007473956425154249,0.023747606796990822,-0.014667936711436402,-0.61765957457637588,True
CSI300,000300.SH,2020-03-30,3657.46,3654.1599999999999,3649,3659.1500000000001,3657.8499999999999,3674.1100000000001,3710.0599999999999,0.003247657549248828,0.022362804901028918,-0.014177668285688116,-0.63398434804731485,True
CSI500,000905.SH,2020-03-30,5073.6999999999998,5035.3599999999997,5001.6000000000004,5010.4899999999998,5011.9799999999996,5027.4899999999998,5137.3400000000001,-0.0055689871102240218,0.023187028570463151,-0.01238773372990698,-0.53425274792161692,True
CSI1000,000852.SH,2020-03-31,5465.3699999999999,5468.6999999999998,5458.6599999999999,5459.96,5461.1700000000001,5427.1300000000001,5415.4099999999999,-0.024884714627062321,0.02185903306936755,0.0092255249371699932,0.42204634156934906,True
CSI300,000300.SH,2020-03-31,3708.1399999999999,3708.73,3699.9699999999998,3706.77,3708.5,3686.1599999999999,3674.1100000000001,-0.0096898702446860385,0.020758346694075426,0.0092621070136713612,0.44618712415641609,True
CSI500,000905.SH,2020-03-31,5073.5200000000004,5079.0600000000004,5069.2299999999996,5068.1800000000003,5076.5900000000001,5041.4499999999998,5027.4899999999998,-0.021382661065843522,0.021475950695214061,0.0091556621693928975,0.42632162363053139,True
CSI1000,000852.SH,2020-04-01,5413.5500000000002,5414.1499999999996,5448.4300000000003,5457.0500000000002,5457.04,5403.3000000000002,5427.1300000000001,0.0021641944007932956,0.021475893798400671,-0.0025022433588286486,-0.11651404976751155,True
CSI300,000300.SH,2020-04-01,3682.3000000000002,3688.8099999999999,3699.6799999999998,3706.04,3706.29,3675.0799999999999,3686.1599999999999,0.0032797058335214402,0.020710214783044766,-0.0010471601883802473,-0.050562497750508424,True
CSI500,000905.SH,2020-04-01,5029.5799999999999,5031.5500000000002,5066.6499999999996,5069.6499999999996,5064.4499999999998,5019.2200000000003,5041.4499999999998,0.0027767335191120068,0.021278880073092525,-0.0023544813496116923,-0.11064874380249788,True
CSI1000,000852.SH,2020-04-02,5376.6599999999999,5389.8999999999996,5401.6700000000001,5396.29,5404.6700000000001,5538.6000000000004,5403.3000000000002,-0.0043909027423334468,0.02131765369162076,-0.0049303203597802492,-0.23127875286379146,True
CSI300,000300.SH,2020-04-02,3656.3200000000002,3668.73,3669.1900000000001,3667.7800000000002,3674.3499999999999,3734.5300000000002,3675.0799999999999,-0.0030058380536926999,0.02056196117257961,-0.0051046507831121746,-0.24825699943055424,True
CSI500,000905.SH,2020-04-02,4998.6300000000001,5023.2399999999998,5037.1700000000001,5030.3500000000004,5038.71,5147.1999999999998,5019.2200000000003,-0.0044094456951868644,0.021217175375135931,-0.0041022310239440252,-0.193344823305338,True
CSI1000,000852.SH,2020-04-03,5525.7700000000004,5534.1499999999996,5537.1400000000003,5551.2399999999998,5542.75,5507.1199999999999,5538.6000000000004,0.025040253178613137,0.022000605736459344,-0.0023164698660310679,-0.10529118578731768,True
CSI300,000300.SH,2020-04-03,3721.48,3724.1199999999999,3726.23,3732.3200000000002,3731.9699999999998,3713.2199999999998,3734.5300000000002,0.016176518606397794,0.020170583426221401,-0.0034944156292759931,-0.17324316086629973,True
CSI500,000905.SH,2020-04-03,5143.5200000000004,5149.5200000000004,5142.4099999999999,5152.5200000000004,5140.0200000000004,5107.04,5147.1999999999998,0.025497985742804596,0.021900047286800228,-0.00071495181846426004,-0.032646131266354912,True
CSI1000,000852.SH,2020-04-07,5605.2700000000004,5604.46,5633.3500000000004,5647.1000000000004,5644.8699999999999,5695.1700000000001,5507.1199999999999,-0.0056837467952191023,0.02198770878432503,0.017822382660991787,0.81056115649927607,True
CSI300,000300.SH,2020-04-07,3779.9099999999999,3774.73,3783.6700000000001,3785.52,3780.25,3798.02,3713.2199999999998,-0.0057062066712545434,0.020019641453810501,0.017960153182413174,0.8971266155715627,True
CSI500,000905.SH,2020-04-07,5202.5500000000002,5205.3199999999997,5228.3999999999996,5240.21,5231.75,5267.0699999999997,5107.04,-0.0078023002797636964,0.021904509663664126,0.018701635389579918,0.85378014284441006,True
CSI1000,000852.SH,2020-04-08,5673.3400000000001,5676.3000000000002,5694.1499999999996,5706.9499999999998,5711.0299999999997,5718.1300000000001,5695.1700000000001,0.034146704629643088,0.022346779067645702,-0.0038330725860685755,-0.17152684843151317,True
CSI300,000300.SH,2020-04-08,3776.4200000000001,3776.6700000000001,3776.04,3780.1700000000001,3781.7399999999998,3780.3400000000001,3798.02,0.022837321785404541,0.019737179996104373,-0.0056871738432130448,-0.28814520840036678,True
CSI500,000905.SH,2020-04-08,5243.1599999999999,5246.6400000000003,5258.1499999999996,5259.8599999999997,5260.9200000000001,5271.8000000000002,5267.0699999999997,0.031335176540618459,0.021729856412719139,-0.0045395257704947678,-0.20890730634730043,True
CSI1000,000852.SH,2020-04-09,5750.8900000000003,5740.7299999999996,5764.4700000000003,5747.0200000000004,5776.4300000000003,5789.2600000000002,5718.1300000000001,0.0040314863296442294,0.021382861327565155,0.0057291457172188309,0.26793166870671575,True
CSI300,000300.SH,2020-04-09,3798.4899999999998,3792.52,3799.6999999999998,3788.5300000000002,3799.1300000000001,3792.8099999999999,3780.3400000000001,-0.0046550571087039527,0.018928238773250321,0.0048011554516258492,0.25365040610175077,True
CSI500,000905.SH,2020-04-09,5301.2700000000004,5289.7200000000003,5307.0900000000001,5290.9200000000001,5318.8199999999997,5322.46,5271.8000000000002,0.00089803249244835293,0.020641072986572469,0.0055901210212832009,0.27082511771164769,True
CSI1000,000852.SH,2020-04-10,5787.54,5762.4499999999998,5738.6199999999999,5744.1199999999999,5741.7200000000003,5637.5299999999997,5789.2600000000002,0.012439381406158967,0.021555204408510435,-0.00029710187485110229,-0.013783301202831572,True
CSI300,000300.SH,2020-04-10,3794.8400000000001,3786,3782.77,3791.6700000000001,3818.3699999999999,3769.1799999999998,3792.8099999999999,0.0032986450954146651,0.0188474658539519,0.00053522322499688357,0.028397622743784361,True
CSI500,000905.SH,2020-04-10,5321.79,5300.2600000000002,5282.4899999999998,5288.0699999999997,5288.3299999999999,5208.5100000000002,5322.46,0.009609621002314217,0.020648798113144549,-0.00012588164119597955,-0.0060963180765395836,True
CSI1000,000852.SH,2020-04-13,5590.3199999999997,5543.5799999999999,5582.54,5581.4499999999998,5598.7399999999998,5578.8599999999997,5637.5299999999997,-0.026208876436712214,0.021856416806294948,-0.0083742348156018442,-0.38314765360761011,True
CSI300,000300.SH,2020-04-13,3751.71,3740.6900000000001,3752.29,3745.6199999999999,3757.6399999999999,3753.2600000000002,3769.1799999999998,-0.0062302092643713447,0.018472248781357749,-0.0046349603892623659,-0.25091478813018059,True
CSI500,000905.SH,2020-04-13,5176.4399999999996,5141.3100000000004,5168.79,5170.46,5184.71,5169.1800000000003,5208.5100000000002,-0.021409273155646003,0.020833209888162695,-0.0061572311467196217,-0.29554884627827438,True
CSI1000,000852.SH,2020-04-14,5605.9099999999999,5601.4300000000003,5624.6099999999997,5624.1700000000001,5634.8199999999997,5692,5578.8599999999997,-0.010407039962536779,0.021878963780051809,0.0048486608375188922,0.22161291029421004,True
CSI300,000300.SH,2020-04-14,3777.8299999999999,3769.46,3782.73,3784.3200000000002,3788.3600000000001,3825.6999999999998,3753.2600000000002,-0.0042237303604496512,0.018268921874001521,0.006546309075310397,0.3583303448588524,True
CSI500,000905.SH,2020-04-14,5197.1700000000001,5195.2600000000002,5211.3400000000001,5214.0200000000004,5227.79,5288.5900000000001,5169.1800000000003,-0.0075511038665568853,0.020843451605887325,0.0054147853237844767,0.2597835246373037,True
CSI1000,000852.SH,2020-04-15,5689.7299999999996,5685.4799999999996,5708.8900000000003,5695.9899999999998,5710.3999999999996,5657.9499999999998,5692,0.02028012891522657,0.019646883659667342,-0.00039880534082925578,-0.020298656404626376,True
CSI300,000300.SH,2020-04-15,3820.8499999999999,3812.8000000000002,3826.8400000000001,3818.8600000000001,3822.4200000000001,3797.3600000000001,3825.6999999999998,0.01930055471776515,0.016030821802984208,-0.0012677418511645167,-0.079081525996909333,True
CSI500,000905.SH,2020-04-15,5291.9700000000003,5289.6199999999999,5303.79,5295.1199999999999,5312.9300000000003,5268.75,5288.5900000000001,0.023100375688213548,0.018740972801293158,0.00063911174812192328,0.034102378510352652,True
CSI1000,000852.SH,2020-04-16,5626.8400000000001,5623.5200000000004,5654.5100000000002,5648.54,5683.7600000000002,5700.96,5657.9499999999998,-0.0059820801124385037,0.019689157705553621,-0.0054984579220388463,-0.27926323737494996,True
CSI300,000300.SH,2020-04-16,3777.8000000000002,3778.6300000000001,3787.3800000000001,3784.23,3799.6799999999998,3802.3800000000001,3797.3600000000001,-0.0074077946519590654,0.016093110167986192,-0.0051509469736870095,-0.32007156602542369,True
CSI500,000905.SH,2020-04-16,5245.9200000000001,5241.75,5273.71,5268.6800000000003,5304.2700000000004,5316.9700000000003,5268.75,-0.0037514725096859936,0.018767912185742235,-0.004333096085409216,-0.23087789640773249,True
CSI1000,000852.SH,2020-04-17,5735.8999999999996,5742.0100000000002,5753.9300000000003,5756.8199999999997,5753.75,5710.0500000000002,5700.96,0.0076016931927642695,0.019393002894210018,0.0061287923437456371,0.31603111581937893,True
CSI300,000300.SH,2020-04-17,3831.9200000000001,3828.0300000000002,3840.0900000000001,3844.7600000000002,3851.0500000000002,3839.4899999999998,3802.3800000000001,0.0013219710535741225,0.015310799850473521,0.0077688184768487378,0.50740774830313451,True
CSI500,000905.SH,2020-04-17,5354.9799999999996,5365.4200000000001,5372.1199999999999,5373.5299999999997,5365.6800000000003,5318.4499999999998,5316.9700000000003,0.0091520759193357559,0.018333534676922482,0.0071488084378883432,0.38993072333656292,True
CSI1000,000852.SH,2020-04-20,6051.5699999999997,6041.8299999999999,6055.1899999999996,6056.6700000000001,6061.5299999999997,5803.3999999999996,5710.0500000000002,0.0015944683000757021,0.019263459468238601,0.059810334410381527,3.1048594624966617,True
CSI300,000300.SH,2020-04-20,3747.8400000000001,3744.8499999999999,3739.6999999999998,3741.46,3744.3800000000001,3853.46,3839.4899999999998,0.0097596768339829332,0.014953284333094568,-0.023870357781892837,-1.5963287562895481,True
CSI500,000905.SH,2020-04-20,5364.46,5356.75,5362.1700000000001,5358.4200000000001,5366.2799999999997,5381.79,5318.4499999999998,0.00027835402494269523,0.018291861868509427,0.0086510167436002483,0.47294347649177854,True
CSI1000,000852.SH,2020-04-21,5780.8599999999997,5766.3900000000003,5756.8100000000004,5773.0200000000004,5757.0900000000001,5773.0100000000002,5803.3999999999996,0.016348368227948828,0.019482505530684119,-0.0038839301099355961,-0.19935475464480537,True
CSI300,000300.SH,2020-04-21,3838.23,3834.0500000000002,3819.8400000000001,3819.2399999999998,3804.98,3808.0500000000002,3853.46,0.0036385040721553796,0.014566380759286367,-0.0039522922256880477,-0.2713297346129292,True
CSI500,000905.SH,2020-04-21,5358.6000000000004,5350.4499999999998,5339.3999999999996,5343.9799999999996,5333.6099999999997,5343.8800000000001,5381.79,0.011909484906316825,0.01829167362996079,-0.0043089752665933512,-0.2355703121411197,True
CSI1000,000852.SH,2020-04-22,5721.5299999999997,5729.6400000000003,5751.4399999999996,5756.6800000000003,5765.96,5826.5600000000004,5773.0100000000002,-0.0052365854499085707,0.016303322747329999,-0.0089173585356686624,-0.5469657120741882,True
CSI300,000300.SH,2020-04-22,3789.1300000000001,3790.4899999999998,3801.23,3803.4099999999999,3803.4099999999999,3839.3800000000001,3808.0500000000002,-0.011784214705744978,0.012339998454952584,-0.0049684221583224941,-0.4026274538412481,True
CSI500,000905.SH,2020-04-22,5304.7299999999996,5311.96,5323.2700000000004,5328.8000000000002,5334.1000000000004,5387.6199999999999,5343.8800000000001,-0.0070441247243017147,0.015291859287315086,-0.0073261375629692926,-0.47908742980956381,True
CSI1000,000852.SH,2020-04-23,5841.3999999999996,5841.1800000000003,5829.3199999999997,5819.7299999999996,5819.6300000000001,5789.4799999999996,5826.5600000000004,0.0092759236516133381,0.015973838337672762,0.0025469573813707846,0.15944554636965561,True
CSI300,000300.SH,2020-04-23,3851.9099999999999,3850.3800000000001,3853.0700000000002,3844.8499999999999,3845.4200000000001,3829.75,3839.3800000000001,0.0082273079397592319,0.011160265016666691,0.003263547760315344,0.29242565077456278,True
CSI500,000905.SH,2020-04-23,5402.6499999999996,5400.3599999999997,5385.4200000000001,5383.8999999999996,5383.0100000000002,5357.79,5387.6199999999999,0.0081850640358689386,0.014874506392957605,0.0027897290454783619,0.18755103341104282,True
CSI1000,000852.SH,2020-04-24,5782.29,5779.4499999999998,5762.6300000000001,5752.6000000000004,5734.1899999999996,5675.5100000000002,5789.4799999999996,-0.0063639608963094174,0.015328652720441894,-0.0012419077361005559,-0.081018714348220569,True
CSI300,000300.SH,2020-04-24,3826.3099999999999,3818.75,3817.3400000000001,3810.2600000000002,3806.6599999999999,3796.9699999999998,3829.75,-0.0025082174726127615,0.009678982013046537,-0.00089823095502317152,-0.092802213477866172,True
CSI500,000905.SH,2020-04-24,5350.54,5349.5600000000004,5337.8699999999999,5328.0200000000004,5314.4499999999998,5273.5500000000002,5357.79,-0.0055367676265215549,0.014130430659395321,-0.0013531698704130068,-0.095762818772496816,True
CSI1000,000852.SH,2020-04-27,5675.5600000000004,5651.8599999999997,5653.7399999999998,5666.4099999999999,5674.1899999999996,5645.6599999999999,5675.5100000000002,-0.019685705797411801,0.015882734165625998,8.8097809711751296e-06,0.00055467659908591709,True
CSI300,000300.SH,2020-04-27,3808.02,3805.8000000000002,3819.9899999999998,3831.9099999999999,3834.9699999999998,3822.77,3796.9699999999998,-0.0085593054376917888,0.0097754897199825389,0.0029102152505813272,0.29770531543114603,True
CSI500,000905.SH,2020-04-27,5278.9799999999996,5272.7600000000002,5278.2399999999998,5288.6800000000003,5290.04,5265.7200000000003,5273.5500000000002,-0.015722900673598605,0.014435387481804146,0.0010296669226610433,0.071329358076389834,True
CSI1000,000852.SH,2020-04-28,5641.29,5637.5299999999997,5528.4399999999996,5447.5100000000002,5545.0600000000004,5561.1999999999998,5645.6599999999999,-0.0052594392398216394,0.015829424476697003,-0.00077404590428753473,-0.048899181737594583,True
CSI300,000300.SH,2020-04-28,3835.3499999999999,3832.5100000000002,3806.1100000000001,3787.5100000000002,3829.96,3849.1500000000001,3822.77,0.0067948917162896638,0.0098433728387897317,0.0032908074511415197,0.33431705829260583,True
CSI500,000905.SH,2020-04-28,5268.1300000000001,5263.1199999999999,5190.6700000000001,5133.21,5211.75,5227.8500000000004,5265.7200000000003,-0.001484768324942376,0.014364373186212977,0.00045767720273759416,0.031861968274179607,True
CSI1000,000852.SH,2020-04-29,5533,5557.0600000000004,5588.8800000000001,5578.6899999999996,5587.9200000000001,5547.6300000000001,5561.1999999999998,-0.014960164090646599,0.015116735237740035,-0.0050708480184132876,-0.33544597683721711,True
CSI300,000300.SH,2020-04-29,3837.5100000000002,3846.1399999999999,3865.5500000000002,3860.1500000000001,3875.9299999999998,3867.0300000000002,3849.1500000000001,0.0069007552115352144,0.0095413388434776886,-0.0030240442695139702,-0.31694129294875217,True
CSI500,000905.SH,2020-04-29,5203.71,5232.0200000000004,5255.54,5250.75,5255.6499999999996,5226.8100000000004,5227.8500000000004,-0.0071917990322311054,0.013508258571987836,-0.004617577015407881,-0.34183362650337334,True
CSI1000,000852.SH,2020-04-30,5572.5699999999997,5585.2299999999996,5603.4899999999998,5627.9700000000003,5632.96,5678.1700000000001,5547.6300000000001,-0.0024401208372293315,0.015140122986978449,0.004495613442136559,0.29693374657544702,True
CSI300,000300.SH,2020-04-30,3880.4099999999999,3894.4899999999998,3908.4099999999999,3916.7199999999998,3906.2399999999998,3912.5799999999999,3867.0300000000002,0.0046451814036865269,0.0095530482952691214,0.0034600197050449477,0.36219011964572873,True
CSI500,000905.SH,2020-04-30,5261.0500000000002,5275.5799999999999,5293.1999999999998,5314.6300000000001,5318.7799999999997,5353.8599999999997,5226.8100000000004,-0.00019893455244501812,0.013516124589699726,0.0065508407613821262,0.48466856885695958,True
CSI1000,000852.SH,2020-05-06,5636.8699999999999,5686.2700000000004,5683.7399999999998,5710.5100000000002,5719.9099999999999,5802.4200000000001,5678.1700000000001,0.023530768995048357,0.015866676293675632,-0.007273470149713801,-0.45841170608698717,True
CSI300,000300.SH,2020-05-06,3867.2600000000002,3892.1799999999998,3882.5500000000002,3892.3200000000002,3898.75,3936.25,3912.5799999999999,0.011779065587802506,0.0096805680086367186,-0.011583149737513287,-1.1965361668012808,True
CSI500,000905.SH,2020-05-06,5320.9399999999996,5355.8000000000002,5348.9799999999996,5379.2799999999997,5389.3199999999997,5451.3199999999997,5353.8599999999997,0.024307369121892464,0.014313166159038528,-0.0061488346725540044,-0.42959290797243466,True
CSI1000,000852.SH,2020-05-07,5809.54,5816.8500000000004,5811.7700000000004,5812.1999999999998,5812.79,5795.8699999999999,5802.4200000000001,0.021882050026681199,0.015645800013432517,0.0012270742207560748,0.078428346246442154,True
CSI300,000300.SH,2020-05-07,3937.5900000000001,3929.9899999999998,3927.3699999999999,3927.1199999999999,3927.3800000000001,3924.8899999999999,3936.25,0.0060497165553163867,0.0092188549459056336,0.00034042553191482305,0.036927094949684193,True
CSI500,000905.SH,2020-05-07,5454.25,5457.5699999999997,5450.3599999999997,5446.96,5456.79,5445.75,5451.3199999999997,0.018203688553678932,0.013802364301007829,0.00053748449916724006,0.038941480419263652,True
CSI1000,000852.SH,2020-05-08,5825.7399999999998,5831.5600000000004,5861.7200000000003,5855.8000000000002,5835.1499999999996,5862.7700000000004,5795.8699999999999,-0.0011288393463417812,0.015554128010329819,0.0051536697683005617,0.33133774936646415,True
CSI300,000300.SH,2020-05-08,3943,3937.1300000000001,3951.7399999999998,3951.5799999999999,3948.5599999999999,3963.6199999999999,3924.8899999999999,-0.0028859955541442606,0.0091047898714988473,0.0046141420523888588,0.50678182775340319,True
CSI500,000905.SH,2020-05-08,5474.8699999999999,5473.21,5499.0900000000001,5497.0699999999997,5476.2299999999996,5507.6999999999998,5445.75,-0.001021770873843364,0.013605862481436526,0.0053472891704540171,0.39301361290030051,True
CSI1000,000852.SH,2020-05-11,5892.5699999999997,5885.2600000000002,5901.0200000000004,5883.5900000000001,5872.3000000000002,5851.8000000000002,5862.7700000000004,0.011542701958463519,0.013877686353922806,0.0050829215541456918,0.36626577546976352,True
CSI300,000300.SH,2020-05-11,3974.7600000000002,3985.3099999999999,3994.0599999999999,3991.5,3978.1500000000001,3960.1799999999998,3963.6199999999999,0.009867792473164938,0.0079983012717002745,0.0028105620619536253,0.35139487329615898,True
CSI500,000905.SH,2020-05-11,5529.1099999999997,5527.5100000000002,5546.5200000000004,5530.9300000000003,5514.2200000000003,5496.1899999999996,5507.6999999999998,0.011375843547720699,0.012088994874066478,0.0038872850736242359,0.32155568879951363,True
CSI1000,000852.SH,2020-05-12,5847.6999999999998,5851.0900000000001,5828.9099999999999,5846.4700000000003,5841.3599999999997,5869.5100000000002,5851.8000000000002,-0.0018711291761402959,0.013884735303907249,-0.0007006391195871764,-0.050461107414126384,True
CSI300,000300.SH,2020-05-12,3961.3400000000001,3968.9000000000001,3949.3400000000001,3961.8600000000001,3958.4000000000001,3960.2399999999998,3960.1799999999998,-0.00086789349130345084,0.0078721380377136715,0.00029291597856673235,0.037209202527119914,True
CSI500,000905.SH,2020-05-12,5494.0699999999997,5499.6300000000001,5474.4899999999998,5494.3199999999997,5492.1300000000001,5512.46,5496.1899999999996,-0.0020898015505564915,0.012125706923296693,-0.00038572174542728099,-0.03181024808427519,True
CSI1000,000852.SH,2020-05-13,5849.46,5860.8800000000001,5856.9200000000001,5879.6700000000001,5878.1199999999999,5917.0299999999997,5869.5100000000002,0.0030264192214362051,0.013642829654771964,-0.0034159580612351803,-0.25038486499319096,True
CSI300,000300.SH,2020-05-13,3946.6399999999999,3943.5,3934.9499999999998,3943.9899999999998,3944.8099999999999,3968.25,3960.2399999999998,1.5150826477627888e-05,0.0078856679914976434,-0.0034341353049309742,-0.43549072933753635,True
CSI500,000905.SH,2020-05-13,5495.8999999999996,5499.8599999999997,5495.3999999999996,5506.0600000000004,5507.1800000000003,5536.2799999999997,5512.46,0.0029602324519348855,0.012001100050853711,-0.003004103431136107,-0.25031900562502241,True
CSI1000,000852.SH,2020-05-14,5889.1400000000003,5887.4200000000001,5888.1999999999998,5893.7700000000004,5884.0699999999997,5863.2399999999998,5917.0299999999997,0.0080960761630868294,0.012145833044067389,-0.0047135133673480434,-0.3880765815112493,True
CSI300,000300.SH,2020-05-14,3952.1999999999998,3948.1199999999999,3938.6999999999998,3940.77,3934.9899999999998,3925.2199999999998,3968.25,0.002022604690624874,0.0076336742843181402,-0.0040446040446040499,-0.52983712612848588,True
CSI500,000905.SH,2020-05-14,5513.0799999999999,5514.8699999999999,5506.04,5508.3199999999997,5502.2700000000004,5487.1099999999997,5536.2799999999997,0.0043211197904382548,0.010686626996145336,-0.0041905394958346998,-0.39212929368136706,True
CSI1000,000852.SH,2020-05-15,5886.7799999999997,5888.1599999999999,5887.3699999999999,5869.7799999999997,5874.4700000000003,5889.9799999999996,5863.2399999999998,-0.009090709359256266,0.012075618691850408,0.0040148450344861253,0.33247530722344382,True
CSI300,000300.SH,2020-05-15,3941.1300000000001,3939.4400000000001,3930.8899999999999,3916.6799999999998,3915.5799999999999,3912.8200000000002,3925.2199999999998,-0.010843570843570904,0.0080760165072922812,0.0040532759947213837,0.50189050394603041,True
CSI500,000905.SH,2020-05-15,5510.1499999999996,5508.0200000000004,5510.0699999999997,5497.6499999999996,5497.6999999999998,5507.9300000000003,5487.1099999999997,-0.0088814149573359646,0.010760361877703257,0.0041989316780599584,0.39022216220819134,True
CSI1000,000852.SH,2020-05-18,5905.9200000000001,5896.6599999999999,5846.0100000000002,5880.46,5912.0900000000001,5860.04,5889.9799999999996,0.0045606183611790474,0.011351262466763974,0.0027062910230595261,0.23841321888058126,True
CSI300,000300.SH,2020-05-18,3914.6599999999999,3905.4499999999998,3911.2199999999998,3918.6300000000001,3937.6100000000001,3922.9099999999999,3912.8200000000002,-0.0031590586005370014,0.0070843809723506517,0.00047024907866943799,0.06637828774380633,True
CSI500,000905.SH,2020-05-18,5522.7200000000003,5500.3599999999997,5457.9700000000003,5496.29,5519.8100000000004,5478.8199999999997,5507.9300000000003,0.0037943471153303321,0.0096778952031909699,0.0026852193110660227,0.2774590192070544,True
CSI1000,000852.SH,2020-05-19,5896.1499999999996,5888.9799999999996,5898.2200000000003,5901.1599999999999,5908.8400000000001,5936.6000000000004,5860.04,-0.0050832091110665223,0.011320683760986482,0.0061620739790171353,0.54431994649059723,True
CSI300,000300.SH,2020-05-19,3963.7800000000002,3962.7399999999998,3960.1500000000001,3953.6700000000001,3957.9899999999998,3956.25,3922.9099999999999,0.0025787028281392121,0.00679548185270272,0.01041828642512832,1.5331196007807346,True
CSI500,000905.SH,2020-05-19,5515.0299999999997,5510.3199999999997,5523.0600000000004,5525.9099999999999,5528.3900000000003,5547.8800000000001,5478.8199999999997,-0.0052851071092044899,0.0097324390762393697,0.0066090873582267395,0.67907821528131274,True
CSI1000,000852.SH,2020-05-20,5928.4700000000003,5925.0500000000002,5922.6899999999996,5925.4099999999999,5910.1199999999999,5865.8400000000001,5936.6000000000004,0.013064757237152058,0.011531552305928082,-0.0013694707408280493,-0.11875857685907897,True
CSI300,000300.SH,2020-05-20,3955.71,3948.0599999999999,3948.8600000000001,3947.8600000000001,3940.3800000000001,3935.2199999999998,3956.25,0.0084987929878586055,0.0069646509694860515,-0.00013649289099526563,-0.01959795136802641,True
CSI500,000905.SH,2020-05-20,5545.04,5537.3999999999996,5538.1999999999998,5543.7799999999997,5531.5799999999999,5489.6999999999998,5547.8800000000001,0.012604903975673709,0.0098952202982761917,-0.00051190725105809687,-0.051732779627682898,True
CSI1000,000852.SH,2020-05-21,5878.7200000000003,5856.8999999999996,5873.9099999999999,5858.9700000000003,5856.1400000000003,5791.6400000000003,5865.8400000000001,-0.011919280396186394,0.011950432014969401,0.0021957639485563618,0.18373929459670535,True
CSI300,000300.SH,2020-05-21,3950.5999999999999,3939.9499999999998,3947.5,3938.9099999999999,3935.7800000000002,3913.79,3935.2199999999998,-0.0053156398104265978,0.006897061739549148,0.0039082948348503344,0.56666084521751936,True
CSI500,000905.SH,2020-05-21,5508.1999999999998,5491.3599999999997,5504.1099999999997,5489.9399999999996,5487.5500000000002,5426.1700000000001,5489.6999999999998,-0.010486888685407814,0.010288741075473186,0.0033699473559574145,0.32753738588979203,True
CSI1000,000852.SH,2020-05-22,5782.6300000000001,5777.9099999999999,5753.6400000000003,5775.0799999999999,5743.5699999999997,5684,5791.6400000000003,-0.012649509703639983,0.011801363772069815,-0.0015556906161294792,-0.13182295251429488,True
CSI300,000300.SH,2020-05-22,3907.5799999999999,3893.6999999999998,3871.1100000000001,3883.5900000000001,3867.3000000000002,3824.0599999999999,3913.79,-0.0054456929981042679,0.0070296622773541465,-0.001586697293416317,-0.22571458354803423,True
CSI500,000905.SH,2020-05-22,5421.7299999999996,5420.2299999999996,5394.8400000000001,5416.6400000000003,5388.5,5328.2299999999996,5426.1700000000001,-0.011572581379674651,0.010393956239051634,-0.00081825670777002646,-0.078724278701089265,True
CSI1000,000852.SH,2020-05-25,5674.3000000000002,5661.46,5658.1999999999998,5687.3999999999996,5661.0100000000002,5671.9700000000003,5684,-0.018585409314114898,0.012469564474485941,-0.0017065446868401724,-0.13685679963658273,True
CSI300,000300.SH,2020-05-25,3828.3200000000002,3806.0999999999999,3816.6199999999999,3831.7600000000002,3819.29,3829.3200000000002,3824.0599999999999,-0.022926626109218917,0.0083895332706154669,0.0011139992573339086,0.13278441379280498,True
CSI500,000905.SH,2020-05-25,5323.9700000000003,5322.5500000000002,5319.2700000000004,5337.5799999999999,5316.3299999999999,5316.6000000000004,5328.2299999999996,-0.018049563504276556,0.01108086916652011,-0.0007995150359498826,-0.072152736751512986,True
CSI1000,000852.SH,2020-05-26,5690.3999999999996,5708.1899999999996,5734.6000000000004,5741.3999999999996,5762.8500000000004,5808.5500000000002,5671.9700000000003,-0.002116467276565781,0.012247969678673148,0.0032493119674468218,0.26529392647866412,True
CSI300,000300.SH,2020-05-26,3850,3851.2199999999998,3856.0999999999999,3854.75,3860.3899999999999,3872.77,3829.3200000000002,0.00137550143041687,0.00818372126271142,0.0054004366310467233,0.6598998741139257,True
CSI500,000905.SH,2020-05-26,5341.1099999999997,5353.6099999999997,5369.7399999999998,5378.7399999999998,5392.3800000000001,5420.21,5316.6000000000004,-0.002182713584060636,0.010914710441781545,0.0046100891547227185,0.42237393097257836,True
CSI1000,000852.SH,2020-05-27,5813.9799999999996,5812.5799999999999,5811.4700000000003,5795.5299999999997,5784.1000000000004,5772.0799999999999,5808.5500000000002,0.024079817065322917,0.013417819988642762,0.00093482882991446914,0.069670693950711501,True
CSI300,000300.SH,2020-05-27,3873.6999999999998,3864.0300000000002,3867.71,3858.27,3854.5799999999999,3845.6100000000001,3872.77,0.01134666207055024,0.008547387640646862,0.00024013819565826822,0.028094922771057882,True
CSI500,000905.SH,2020-05-27,5426.5600000000004,5417.04,5408.1000000000004,5394.5600000000004,5384.3500000000004,5369.5,5420.21,0.019488018658541106,0.011724190260897653,0.0011715413240447337,0.099925137512655443,True
CSI1000,000852.SH,2020-05-28,5769.79,5753.8500000000004,5784.5200000000004,5778.5200000000004,5754.1499999999996,5758.9300000000003,5772.0799999999999,-0.0062786754009176438,0.012684289636573977,-0.00039673739795709206,-0.031277857043971659,True
CSI300,000300.SH,2020-05-28,3848.4899999999998,3855.8200000000002,3875.3699999999999,3874.7399999999998,3864.3800000000001,3856.6300000000001,3845.6100000000001,-0.0070130681656798144,0.0084668555136087204,0.00074890589529341689,0.088451479311263251,True
CSI500,000905.SH,2020-05-28,5367.2700000000004,5356.0200000000004,5384.3599999999997,5379.9899999999998,5358.0600000000004,5361.1700000000001,5369.5,-0.00935572606965418,0.011336395769307585,-0.00041530868795969234,-0.036634984911527918,True
CSI1000,000852.SH,2020-05-29,5744.2299999999996,5759.4300000000003,5790.7700000000004,5806.21,5813.6199999999999,5816.3999999999996,5758.9300000000003,-0.0022782082022424488,0.012625228442568699,-0.0025525575063424233,-0.20217911445751915,True
CSI300,000300.SH,2020-05-29,3838.3800000000001,3840.5,3855.3400000000001,3863.4099999999999,3863.8299999999999,3867.02,3856.6300000000001,0.0028656051965747498,0.0083622158019183435,-0.0047321106769381283,-0.56589195842716156,True
CSI500,000905.SH,2020-05-29,5349.5699999999997,5356.5,5380.9399999999996,5398.6899999999996,5405.7799999999997,5406.3400000000001,5361.1700000000001,-0.0015513548747555506,0.011337162143222635,-0.0021637068028061979,-0.19085082981720108,True
CSI1000,000852.SH,2020-06-01,5855.3299999999999,5865.3299999999999,5891.6000000000004,5922.8900000000003,5939.1899999999996,5993.79,5816.3999999999996,0.0099792843462238601,0.012182576048885349,0.00669314352520467,0.54940297506429792,True
CSI300,000300.SH,2020-06-01,3901.73,3921.5900000000001,3928.6500000000001,3938.8699999999999,3939.1599999999999,3971.3400000000001,3867.02,0.0026940619141582189,0.0082441381008840128,0.0089759039260206563,1.0887619562144619,True
CSI500,000905.SH,2020-06-01,5446.29,5474.5299999999997,5481.4399999999996,5515.3999999999996,5523.7399999999998,5569.4799999999996,5406.3400000000001,0.008425399679547585,0.011283891947532081,0.0073894723602287993,0.65486911737443243,True
CSI1000,000852.SH,2020-06-02,6012.5699999999997,5996.8999999999996,5997.4300000000003,6006.5,6004.2299999999996,6002.8400000000001,5993.79,0.030498246337941071,0.01364446381969556,0.0031332429064081513,0.22963474034687728,True
CSI300,000300.SH,2020-06-02,3969.9499999999998,3961.7600000000002,3966.2800000000002,3974.4400000000001,3975.3600000000001,3983.5700000000002,3971.3400000000001,0.026976845219316203,0.01015872388939165,-0.00035000780592953085,-0.034453914659008503,True
CSI500,000905.SH,2020-06-02,5595.3599999999997,5576.7600000000002,5568.5,5575.8400000000001,5572.1199999999999,5566.4399999999996,5569.4799999999996,0.030175682624474121,0.012932782612302667,0.0046467533773351111,0.35930035450489661,True
CSI1000,000852.SH,2020-06-03,6010.4099999999999,5995.6499999999996,6002.6899999999996,5990.5,5995.5600000000004,5994.6400000000003,6002.8400000000001,0.0015098960757717883,0.012847545583141516,0.0012610697603134824,0.098156472935052419,True
CSI300,000300.SH,2020-06-03,4001.1700000000001,3998.0999999999999,4018.1799999999998,4004.71,3998.4699999999998,3983.6500000000001,3983.5700000000002,0.0030795650838255639,0.0098722602124233245,0.0044181475410247639,0.44753151213183529,True
CSI500,000905.SH,2020-06-03,5583.6999999999998,5575.3500000000004,5584.0500000000002,5573.1400000000003,5575.4200000000001,5572.3100000000004,5566.4399999999996,-0.00054583192685853099,0.01196142592055794,0.0031007250594634606,0.25922704199791818,True
CSI1000,000852.SH,2020-06-04,6004.46,6002.8400000000001,6000.29,6002.3800000000001,5996.0600000000004,6006.7600000000002,5994.6400000000003,-0.0013660200838269132,0.012063899352662149,0.0016381300628560691,0.13578777598924363,True
CSI300,000300.SH,2020-06-04,3998.1599999999999,3991.5700000000002,3986.3899999999999,3982.3699999999999,3980.4899999999998,3982.1900000000001,3983.6500000000001,2.0082488822792399e-05,0.0097999907158239849,0.0036423882620209014,0.3716726237443837,True
CSI500,000905.SH,2020-06-04,5589.3400000000001,5586.7299999999996,5584.8699999999999,5585.2399999999998,5579.3100000000004,5576.75,5572.3100000000004,0.0010545339570715573,0.011338402579306229,0.0030561831628175273,0.26954265748116774,True
CSI1000,000852.SH,2020-06-05,6009.8800000000001,6009.0799999999999,5997.9399999999996,6002.46,6020.4700000000003,6015.3299999999999,6006.7600000000002,0.0020218061468244564,0.012045579273047351,0.00051941479266681689,0.043120781565817778,True
CSI300,000300.SH,2020-06-05,3988.2199999999998,3978,3972.6199999999999,3972.27,3984.5700000000002,4001.25,3982.1900000000001,-0.00036649806082367231,0.0097683657633676375,0.0015142421632317049,0.15501489193927059,True
CSI500,000905.SH,2020-06-05,5585.1599999999999,5582.0600000000004,5571.3000000000002,5576.0200000000004,5587.4700000000003,5585.4200000000001,5576.75,0.00079679701954837867,0.011327281096968355,0.0015080468014523341,0.13313404942832655,True
CSI1000,000852.SH,2020-06-08,6039.25,6035.29,6040.0500000000002,6042.6599999999999,6023.6700000000001,6001.4300000000003,6015.3299999999999,0.001426725888831859,0.01182788921369262,0.0039765066920685044,0.33619749223429313,True
CSI300,000300.SH,2020-06-08,4023.6100000000001,4040.6799999999998,4040.1500000000001,4045.4499999999998,4026.7199999999998,4021.9499999999998,4001.25,0.0047863110499499761,0.0095836207984304218,0.0055882536707279051,0.58310463114766953,True
CSI500,000905.SH,2020-06-08,5618.3800000000001,5615.9700000000003,5613.2299999999996,5615.5500000000002,5597.3000000000002,5575.3000000000002,5585.4200000000001,0.0015546689380014911,0.011075273442273055,0.0059010781642203636,0.5328155729046492,True
CSI1000,000852.SH,2020-06-09,6005.8400000000001,5980.9499999999998,6010.9399999999996,6017.8900000000003,6007,6042.3400000000001,6001.4300000000003,-0.0023107626680497484,0.011834599693915178,0.00073482486674003589,0.062091231283289618,True
CSI300,000300.SH,2020-06-09,4027.5599999999999,4022.4200000000001,4040.3600000000001,4037.9200000000001,4030.3699999999999,4047.0300000000002,4021.9499999999998,0.0051733833177132205,0.0096327841011364622,0.0013948457837615891,0.14480193567268129,True
CSI500,000905.SH,2020-06-09,5582.1400000000003,5562.9200000000001,5587.9200000000001,5592.1599999999999,5585.3299999999999,5610.3800000000001,5575.3000000000002,-0.0018118601644997456,0.011071684820389342,0.0012268398113106649,0.11080877311927693,True
CSI1000,000852.SH,2020-06-10,6033.4899999999998,6019.6800000000003,6023.0200000000004,6029.7700000000004,6020.4499999999998,6049.3199999999997,6042.3400000000001,0.0068167086844301839,0.01189340950470355,-0.0014646643518901881,-0.12314924087251426,True
CSI300,000300.SH,2020-06-10,4046.23,4036.2800000000002,4034.6599999999999,4040.96,4032.7399999999998,4039.71,4047.0300000000002,0.0062357811509343719,0.0097056443088275289,-0.00019767582647034487,-0.020367099821549581,True
CSI500,000905.SH,2020-06-10,5611.6599999999999,5598.4399999999996,5604.4300000000003,5606.1400000000003,5593.6099999999997,5615.2399999999998,5610.3800000000001,0.006292038096604724,0.011131238841167186,0.00022814853895813947,0.020496239656125872,True
CSI1000,000852.SH,2020-06-11,6050.1199999999999,6044.5200000000004,6061.5100000000002,6074.21,6078.5200000000004,6027.4099999999999,6049.3199999999997,0.0011551816018295913,0.011792221433171464,0.0001322462690021009,0.011214703671531536,True
CSI300,000300.SH,2020-06-11,4031.7399999999998,4022.3200000000002,4028.98,4031.5700000000002,4026.8200000000002,3995.8800000000001,4039.71,-0.0018087338122030339,0.0097248740356807879,-0.0019729138972848226,-0.2028729513663782,True
CSI500,000905.SH,2020-06-11,5618.6400000000003,5604.2700000000004,5624.4799999999996,5637.2600000000002,5637.6899999999996,5589.1000000000004,5615.2399999999998,0.00086625148385666151,0.011102764900924454,0.00060549504562601442,0.054535518947681119,True
CSI1000,000852.SH,2020-06-12,5901.0699999999997,5939.9499999999998,5968.0500000000002,5987.21,5984.0299999999997,6031.1700000000001,6027.4099999999999,-0.0036218946922960127,0.011603626737070875,-0.020960910241712427,-1.806410247129651,True
CSI300,000300.SH,2020-06-12,3931.6199999999999,3949.8200000000002,3956.3800000000001,3968.23,3964.6799999999998,4003.0799999999999,3995.8800000000001,-0.010849788722457787,0.0097252705819637544,-0.016081564010931304,-1.6535852525024624,True
CSI500,000905.SH,2020-06-12,5483.7799999999997,5521.9700000000003,5539.4700000000003,5555.29,5549.6800000000003,5591.4899999999998,5589.1000000000004,-0.0046551883801937421,0.010948626306817923,-0.018843821008749262,-1.7211128118433312,True
CSI1000,000852.SH,2020-06-15,6031.0900000000001,6038.8000000000002,6062.8299999999999,6072.2600000000002,6098.5600000000004,6028.96,6031.1700000000001,0.00062381686329615604,0.011581365882672074,-1.3264424647330131e-05,-0.0011453247209101849,True
CSI300,000300.SH,2020-06-15,3982.9699999999998,3982.6799999999998,3993.6500000000001,3992.6999999999998,4004.9400000000001,3954.9899999999998,4003.0799999999999,0.0018018559115888788,0.009678444704228099,-0.0050236318035112859,-0.51905362452674608,True
CSI500,000905.SH,2020-06-15,5605.8800000000001,5604,5627.8000000000002,5632.46,5657.8100000000004,5590.6400000000003,5591.4899999999998,0.00042761804226065792,0.010928906390121916,0.0025735537397009178,0.23548135996727199,True
CSI1000,000852.SH,2020-06-16,6076.6000000000004,6072.8999999999996,6092.3199999999997,6096.1899999999996,6103.7399999999998,6151.6899999999996,6028.96,-0.0003664297308814124,0.011493337300153398,0.0079018603540246257,0.68751661485817195,True
CSI300,000300.SH,2020-06-16,3995.5799999999999,3996.2199999999998,4003.8099999999999,3998.48,4000.6799999999998,4014.5700000000002,3954.9899999999998,-0.012013249797655834,0.010108331755384144,0.010262984230048566,1.0152995052405207,True
CSI500,000905.SH,2020-06-16,5633.2600000000002,5633.1300000000001,5652.7299999999996,5645.1899999999996,5653.4399999999996,5695.3000000000002,5590.6400000000003,-0.00015201672541653721,0.010838144661024188,0.0076234563484680606,0.70339127100631038,True
CSI1000,000852.SH,2020-06-17,6160.1999999999998,6147.9899999999998,6167.6899999999996,6162.3400000000001,6132.5799999999999,6178.1400000000003,6151.6899999999996,0.020356744778535552,0.011985176226057983,0.0013833596946530857,0.1154225577130361,True
CSI300,000300.SH,2020-06-17,4018.6100000000001,4002.3099999999999,4016.5500000000002,4010.3899999999999,3996.8000000000002,4017.5900000000001,4014.5700000000002,0.015064513437454963,0.010482965988399049,0.001006334426850275,0.095997108830070871,True
CSI500,000905.SH,2020-06-17,5708.6899999999996,5699.4799999999996,5717.8100000000004,5716.0699999999997,5693.2799999999997,5735.4200000000001,5695.3000000000002,0.018720575819584084,0.011258934573481882,0.0023510614015063158,0.20881739618984554,True
CSI1000,000852.SH,2020-06-18,6168.0500000000002,6149.29,6157.3900000000003,6150.6899999999996,6139.9300000000003,6149.29,6178.1400000000003,0.0042996314833811944,0.011545195202821063,-0.0016331776230387174,-0.14145950712376446,True
CSI300,000300.SH,2020-06-18,4009.7800000000002,4003.0599999999999,4012.0999999999999,4018.6700000000001,4019.1300000000001,4044.3800000000001,4017.5900000000001,0.00075225989333849164,0.010384484492315963,-0.0019439514733957663,-0.18719768659043212,True
CSI500,000905.SH,2020-06-18,5738.0299999999997,5723.6400000000003,5733.0900000000001,5731.1899999999996,5724.5600000000004,5734.3999999999996,5735.4200000000001,0.0070444050357312271,0.010965707132346054,0.00045506693494101746,0.041499096177635954,True
CSI1000,000852.SH,2020-06-19,6147.8800000000001,6145.1499999999996,6156.29,6152.79,6166.1999999999998,6187.1099999999997,6149.29,-0.0046696902303929866,0.011118270671629942,-0.00022929476411093219,-0.020623239969864621,True
CSI300,000300.SH,2020-06-19,4047.0500000000002,4059.6799999999998,4076.6399999999999,4068.6500000000001,4076.5,4098.71,4044.3800000000001,0.0066681766929925779,0.010336543207960231,0.00066017535444240494,0.063868097985988206,True
CSI500,000905.SH,2020-06-19,5733.4300000000003,5731.4799999999996,5746.2299999999996,5743.5100000000002,5760.1199999999999,5787.1499999999996,5734.3999999999996,-0.00017784225043682156,0.010495767901449455,-0.00016915457589272709,-0.01611645545909671,True
CSI1000,000852.SH,2020-06-22,6204.5,6213.6300000000001,6225.1700000000001,6228.1300000000001,6219.7399999999998,6228.0200000000004,6187.1099999999997,0.0061503035309766751,0.009892048735457435,0.0028106822086564343,0.28413549951302991,True
CSI300,000300.SH,2020-06-22,4097.5100000000002,4094.6599999999999,4106.1999999999998,4112.6899999999996,4115.4799999999996,4102.0500000000002,4098.71,0.013433455807812411,0.0088723055792088307,-0.00029277504385516462,-0.032998755649404965,True
CSI500,000905.SH,2020-06-22,5793.79,5795.4700000000003,5801.0299999999997,5804.0600000000004,5796.4499999999998,5784.0299999999997,5787.1499999999996,0.0091988699776786031,0.0093504505012126857,0.0011473696033454939,0.12270741427877602,True
CSI1000,000852.SH,2020-06-23,6229.6499999999996,6221.54,6210.1599999999999,6210.75,6230.5200000000004,6238.8999999999996,6228.0200000000004,0.0066121339365230458,0.0097862523532801036,0.00026172041836725057,0.026743681740388447,True
CSI300,000300.SH,2020-06-23,4098.04,4095.1199999999999,4084.6500000000001,4095.0100000000002,4109.7200000000003,4121.79,4102.0500000000002,0.00081489053873040618,0.0088802898541731068,-0.0009775600004876539,-0.11008199242823927,True
CSI500,000905.SH,2020-06-23,5783.1199999999999,5775.9499999999998,5762.5600000000004,5769.2399999999998,5786.7200000000003,5804.3400000000001,5784.0299999999997,-0.00053912547627066321,0.009298660042604082,-0.00015732975105586799,-0.016919615335437937,True
CSI1000,000852.SH,2020-06-24,6242.5600000000004,6251.8000000000002,6243.3000000000002,6228.9700000000003,6228.0100000000002,6227.5699999999997,6238.8999999999996,0.0017469436514332415,0.0086732363604323723,0.00058664187597190498,0.067638174678161328,True
CSI300,000300.SH,2020-06-24,4128.1000000000004,4137.5600000000004,4143.2700000000004,4128.71,4127.8699999999999,4138.9899999999998,4121.79,0.0048122280323252831,0.0086940013019869318,0.0015308882791216227,0.176085581994536,True
CSI500,000905.SH,2020-06-24,5808.54,5818.6199999999999,5808.7399999999998,5799,5798.1300000000001,5789.0900000000001,5804.3400000000001,0.0035113925757648268,0.0085803663760073961,0.00072359648125375209,0.084331653165427539,True
CSI1000,000852.SH,2020-06-29,6214.8800000000001,6211.79,6230.4899999999998,6219.3199999999997,6224.4499999999998,6211.3800000000001,6227.5699999999997,-0.0018160252608633298,0.0084600872455717572,-0.0020377129442141761,-0.24086193026919092,True
CSI300,000300.SH,2020-06-29,4127.9300000000003,4115.5699999999997,4117.9099999999999,4105.7299999999996,4113.0299999999997,4109.7200000000003,4138.9899999999998,0.0041729442790632287,0.0083586916976421607,-0.0026721494857440131,-0.31968513523447445,True
CSI500,000905.SH,2020-06-29,5774.46,5775.0799999999999,5782.9099999999999,5769.0299999999997,5775.3800000000001,5762.4399999999996,5789.0900000000001,-0.0026273443664568408,0.0081735358545060137,-0.0025271674822813228,-0.30918901284174499,True
CSI1000,000852.SH,2020-06-30,6239.6099999999997,6241.6800000000003,6258.8100000000004,6273.8100000000004,6287.5799999999999,6319.5600000000004,6211.3800000000001,-0.0025997299107034522,0.0084726181640011923,0.004544883745640993,0.53642022544477241,True
CSI300,000300.SH,2020-06-30,4130,4133.6599999999999,4137.7700000000004,4140.71,4143.1899999999996,4163.96,4109.7200000000003,-0.007071773548619209,0.0087002596820426915,0.004934642749384377,0.56718338644183963,True
CSI500,000905.SH,2020-06-30,5790.0600000000004,5791.9700000000003,5813.8100000000004,5826.54,5835.5200000000004,5864.4200000000001,5762.4399999999996,-0.0046034869038139581,0.0083061335526349121,0.004793108474882235,0.57705651426249238,True
CSI1000,000852.SH,2020-07-01,6341.54,6340,6351.2600000000002,6346.8999999999996,6348.5,6339.3699999999999,6319.5600000000004,0.017416419539619366,0.0089090295582984584,0.0034780902467892449,0.39040057326440475,True
CSI300,000300.SH,2020-07-01,4172.6400000000003,4169.3900000000003,4187.2600000000002,4190.8599999999997,4204.96,4247.7799999999997,4163.96,0.01319797942438905,0.0089794724478581781,0.0020845541263605494,0.23214661423208288,True
CSI500,000905.SH,2020-07-01,5884.54,5869.7600000000002,5871.0100000000002,5873.4300000000003,5875.1300000000001,5881.8900000000003,5864.4200000000001,0.017697364310951702,0.0088291145134870089,0.0034308593177159175,0.38858475699630707,True
CSI1000,000852.SH,2020-07-02,6341.9499999999998,6344.29,6368.3800000000001,6384.0699999999997,6393.8699999999999,6413.9499999999998,6339.3699999999999,0.0031347119103228849,0.0064065216461433976,0.00040698050437182332,0.063525970386257527,True
CSI300,000300.SH,2020-07-02,4239.4099999999999,4258.9499999999998,4271.1599999999999,4267.8599999999997,4279.4399999999996,4335.8400000000001,4247.7799999999997,0.020129876367688482,0.0081381995228489296,-0.001970441030373471,-0.24212247744003224,True
CSI500,000905.SH,2020-07-02,5880.8800000000001,5881.6099999999997,5926.2200000000003,5937.0500000000002,5935.8400000000001,5975.2799999999997,5881.8900000000003,0.0029789817236829386,0.0063497333509592848,-0.00017171351385358857,-0.02704263381826057,True
CSI1000,000852.SH,2020-07-03,6424.0900000000001,6403.6800000000003,6428.3199999999997,6436.2200000000003,6414.3400000000001,6478.3500000000004,6413.9499999999998,0.011764575975215186,0.0066993105570553879,0.0015809290686705779,0.23598384568179487,True
CSI300,000300.SH,2020-07-03,4353.1899999999996,4368.9099999999999,4376.6499999999996,4383.1199999999999,4367.8299999999999,4419.6000000000004,4335.8400000000001,0.020730828809401691,0.009011669113017989,0.0040015314218235787,0.44403887577752776,True
CSI500,000905.SH,2020-07-03,5990,5977.7200000000003,5997.7600000000002,6022.6999999999998,6007.71,6051.5100000000002,5975.2799999999997,0.015877549563150462,0.0069357815561379267,0.0024634828828105082,0.35518461227061154,True
CSI1000,000852.SH,2020-07-06,6516.9200000000001,6532.9700000000003,6558.6199999999999,6597.2299999999996,6620.9099999999999,6726,6478.3500000000004,0.010040614597868869,0.006762936398812828,0.0059536764762631034,0.88033897188626775,True
CSI300,000300.SH,2020-07-06,4465.8100000000004,4501.5200000000004,4561.5900000000001,4551.7600000000002,4550.7799999999997,4670.0900000000001,4419.6000000000004,0.019318056016827345,0.0095482320036982208,0.010455697348176418,1.095040143989664,True
CSI500,000905.SH,2020-07-06,6095.96,6119.8100000000004,6148.5200000000004,6187.6400000000003,6193.9399999999996,6299.8599999999997,6051.5100000000002,0.012757561151946151,0.0072007620527287097,0.0073452741547150868,1.0200690011596223,True
CSI1000,000852.SH,2020-07-07,6784.8199999999997,6775.21,6756.6099999999997,6810.4200000000001,6792.4499999999998,6817.8699999999999,6726,0.038227326402556105,0.010202286742851056,0.0087451680047576641,0.85717724125775785,True
CSI300,000300.SH,2020-07-07,4739.6099999999997,4750.9499999999998,4730.7799999999997,4752.75,4710.4700000000003,4698.1300000000001,4670.0900000000001,0.056677074848402453,0.01483737513065596,0.014886222749454392,1.0032922008352749,True
CSI500,000905.SH,2020-07-07,6368.3100000000004,6359.25,6346.21,6409.9799999999996,6380.1000000000004,6380.0299999999997,6299.8599999999997,0.041039343899291092,0.010889740347372369,0.010865320816653146,0.99775756538353866,True
CSI1000,000852.SH,2020-07-08,6817.8299999999999,6838.6899999999996,6846.71,6803.0100000000002,6847.7399999999998,6974,6817.8699999999999,0.013658935474278877,0.010297611154571822,-5.8669349811690807e-06,-0.00056973747533323226,True
CSI300,000300.SH,2020-07-08,4692.8599999999997,4734.7299999999996,4724.3999999999996,4699.2700000000004,4692.6099999999997,4774,4698.1300000000001,0.006004166943249567,0.014825548650130072,-0.001121722898259625,-0.075661476329227359,True
CSI500,000905.SH,2020-07-08,6378.9499999999998,6413.2600000000002,6421.0299999999997,6384.5600000000004,6419.8000000000002,6535.4200000000001,6380.0299999999997,0.012725679618277308,0.010926979657987558,-0.0001692782008861915,-0.015491764987633168,True
CSI1000,000852.SH,2020-07-09,6976.7200000000003,7014.8800000000001,7051.8299999999999,7074.0799999999999,7064.3900000000003,7182.1800000000003,6974,0.022900113965212077,0.010718533862918166,0.00039002007456279131,0.036387446226400846,True
CSI300,000300.SH,2020-07-09,4770.0799999999999,4779.6800000000003,4798.8900000000003,4804.6000000000004,4781.5299999999997,4840.7700000000004,4774,0.016148978423330185,0.014911975873288739,-0.00082111436950149663,-0.05506408919104596,True
CSI500,000905.SH,2020-07-09,6541.29,6568.6899999999996,6596.2799999999997,6609.5100000000002,6593.46,6693.75,6535.4200000000001,0.024355684847876979,0.011406645502247419,0.00089818251925666281,0.078742038496742661,True
CSI1000,000852.SH,2020-07-10,7161.6199999999999,7171.6899999999996,7223.71,7228,7178.7399999999998,7150.4200000000001,7182.1800000000003,0.029850874677373129,0.011812576505533098,-0.0028626405910183728,-0.24233837467020772,True
CSI300,000300.SH,2020-07-10,4796.0900000000001,4802.5299999999997,4817.8400000000001,4813.4499999999998,4794.79,4753.1300000000001,4840.7700000000004,0.0139861751152075,0.014944936072057192,-0.0092299365596796301,-0.61759625569339194,True
CSI500,000905.SH,2020-07-10,6664.3299999999999,6695.9099999999999,6749.5200000000004,6750.3000000000002,6710.0500000000002,6676.4399999999996,6693.75,0.024226446043253524,0.011954065196314877,-0.0043951447245564879,-0.36766946242784376,True
CSI1000,000852.SH,2020-07-13,7179.9700000000003,7231.6999999999998,7231.2600000000002,7250.6099999999997,7303.3999999999996,7403.0900000000001,7150.4200000000001,-0.004422055698966032,0.012064286742323595,0.0041326243773094351,0.34255024483225166,True
CSI300,000300.SH,2020-07-13,4742.3699999999999,4778.6599999999999,4764.2200000000003,4773.0500000000002,4802.4899999999998,4852.96,4753.1300000000001,-0.018104557745978522,0.015979315475269311,-0.0022637714516540175,-0.14166886279688176,True
CSI500,000905.SH,2020-07-13,6710.6400000000003,6764.8299999999999,6748.1899999999996,6761.6199999999999,6806.3100000000004,6899.5200000000004,6676.4399999999996,-0.0025859943977591948,0.012100711399535878,0.0051224904290312345,0.42332142796395483,True
CSI1000,000852.SH,2020-07-14,7412.2700000000004,7425.5,7419.8699999999999,7446.4700000000003,7305.9700000000003,7344.9899999999998,7403.0900000000001,0.035336385834678241,0.013109927222675134,0.001240022747258207,0.09458654698810566,True
CSI300,000300.SH,2020-07-14,4836.1700000000001,4832.6800000000003,4846.8100000000004,4849.7700000000004,4785.7200000000003,4806.6899999999996,4852.96,0.021003002232213186,0.015553628605428051,-0.0034597441561439179,-0.22243967912005461,True
CSI500,000905.SH,2020-07-14,6897,6890.54,6867.21,6885.9099999999999,6763.6999999999998,6807.7299999999996,6899.5200000000004,0.033413016517785055,0.012850115098412706,-0.00036524279949912142,-0.028423309573642464,True
CSI1000,000852.SH,2020-07-15,7355.5600000000004,7344.6000000000004,7221.3900000000003,7283.4499999999998,7199.1499999999996,7131.46,7344.9899999999998,-0.0078480742500767198,0.013571587048367259,0.001439076159395869,0.10603595248420104,True
CSI300,000300.SH,2020-07-15,4821.5200000000004,4825.4899999999998,4784.3100000000004,4817.1999999999998,4782.6999999999998,4744.4700000000003,4806.6899999999996,-0.0095343872605585522,0.016061633764870149,0.0030852832198458024,0.19209024841507122,True
CSI500,000905.SH,2020-07-15,6815.6199999999999,6819.6599999999999,6728.8800000000001,6775.8999999999996,6696.6800000000003,6638.8400000000001,6807.7299999999996,-0.01330382403413588,0.013760433493413811,0.0011589766339146212,0.084225299622235378,True
CSI1000,000852.SH,2020-07-16,7130.04,7088.4399999999996,7157.6999999999998,7117.7200000000003,7064.46,6758.1400000000003,7131.46,-0.029071516775380224,0.016021110113969346,-0.00019911771222158592,-0.012428459127059395,True
CSI300,000300.SH,2020-07-16,4741.5299999999997,4731.2299999999996,4766.9300000000003,4739.9300000000003,4694.6700000000001,4516.25,4744.4700000000003,-0.012944458660741454,0.016127911771116304,-0.00061966879335317859,-0.038422134380903042,True
CSI500,000905.SH,2020-07-16,6642.3299999999999,6639.4300000000003,6706.4799999999996,6662.2399999999998,6616.4799999999996,6320,6638.8400000000001,-0.024808563206825118,0.015685603074656256,0.00052569424779025375,0.033514442848527462,True
CSI1000,000852.SH,2020-07-17,6759.1000000000004,6736.8699999999999,6782.6800000000003,6776.7299999999996,6885.4799999999996,6772.5299999999997,6758.1400000000003,-0.052348326990546035,0.020751978954377116,0.00014205091933572334,0.0068451746046976989,True
CSI300,000300.SH,2020-07-17,4524.7700000000004,4506.1300000000001,4554.8299999999999,4556.1999999999998,4598.8299999999999,4544.6999999999998,4516.25,-0.048102317013280826,0.020519178750762163,0.0018865208967617786,0.09193939580509311,True
CSI500,000905.SH,2020-07-17,6327.0299999999997,6316.1300000000001,6359.4799999999996,6357.3800000000001,6443.5,6344.5900000000001,6320,-0.048026462454284213,0.019967681547666413,0.0011123417721519147,0.055707106981677197,True
CSI1000,000852.SH,2020-07-20,6851.3199999999997,6852.8599999999997,6857.6400000000003,6818.7299999999996,6852.8199999999997,7003.6700000000001,6772.5299999999997,0.0021292840929603152,0.020761056391349307,0.011633761681380417,0.56036462991488034,True
CSI300,000300.SH,2020-07-20,4597.1999999999998,4586.1700000000001,4567.6700000000001,4553.04,4588.9499999999998,4680.3000000000002,4544.6999999999998,0.0062994741212287764,0.020480476910492817,0.011551917618324747,0.56404534273351425,True
CSI500,000905.SH,2020-07-20,6419.0799999999999,6406.9799999999996,6404.0500000000002,6370.0500000000002,6386.25,6526.8299999999999,6344.5900000000001,0.0038908227848102328,0.019966528004800671,0.011740711377725033,0.5880196784790096,True
CSI1000,000852.SH,2020-07-21,7026.9799999999996,7037.1199999999999,7054.6400000000003,7037.4499999999998,7019.71,7058.79,7003.6700000000001,0.034129047785687261,0.021623463237899251,0.003328255043427264,0.15391868577249276,True
CSI300,000300.SH,2020-07-21,4697.5,4694.8299999999999,4694.3999999999996,4690.1300000000001,4684.8400000000001,4691.04,4680.3000000000002,0.029836952934187089,0.021142078892251382,0.0036749780996945258,0.17382293001666044,True
CSI500,000905.SH,2020-07-21,6546.5699999999997,6558.9099999999999,6574.2200000000003,6565.3500000000004,6541.3599999999997,6563.3199999999997,6526.8299999999999,0.028723684272742522,0.020589176817908776,0.0030244391228206879,0.14689461116240379,True
CSI1000,000852.SH,2020-07-22,,7066.3199999999997,7098.6300000000001,7114.2399999999998,7110.4399999999996,7125.5699999999997,7058.79,0.0078701595020895798,0.021624374280716688,,,False
CSI300,000300.SH,2020-07-22,,4691.3500000000004,4710.5100000000002,4727.04,4740,4714.4499999999998,4691.04,0.0022947246971347646,0.021125375849338657,,,False
CSI500,000905.SH,2020-07-22,,6561.1199999999999,6597.0200000000004,6612.0500000000002,6618.6400000000003,6620.6899999999996,6563.3199999999997,0.0055907691789123248,0.020581889658054082,,,False
CSI1000,000852.SH,2020-07-23,7068.3999999999996,7100.29,7114.96,7088.0699999999997,7012.6099999999997,7119.6700000000001,7125.5699999999997,0.009460544937588411,0.021632203675864079,-0.0080232177916994551,-0.37089230075303342,True
CSI300,000300.SH,2020-07-23,4668.7399999999998,4698.7799999999997,4726.7299999999996,4698.8199999999997,4655.1700000000001,4712.4399999999996,4714.4499999999998,0.0049903646099798138,0.021081792801287871,-0.0096957227248141153,-0.4599097816871538,True
CSI500,000905.SH,2020-07-23,6562.0500000000002,6595.6300000000001,6614.6700000000001,6587.1899999999996,6514.1199999999999,6620.0900000000001,6620.6899999999996,0.0087410030289547525,0.020519007691390662,-0.0088570828720268002,-0.43165259281729512,True
CSI1000,000852.SH,2020-07-24,7098.5100000000002,7120.1099999999997,7116.1800000000003,7081.2299999999996,7052.4200000000001,6784.6300000000001,7119.6700000000001,-0.00082800393512372228,0.021672600656008803,-0.0029720478617688562,-0.13713388203574201,True
CSI300,000300.SH,2020-07-24,4679.0299999999997,4681.6800000000003,4660.9899999999998,4648.5900000000001,4628.54,4505.5900000000001,4712.4399999999996,-0.00042634877875469268,0.021145366979547942,-0.0070897454397297333,-0.33528599652997376,True
CSI500,000905.SH,2020-07-24,6584.8100000000004,6583.0100000000002,6566.1999999999998,6532.9899999999998,6513.6400000000003,6283.9799999999996,6620.0900000000001,-9.0624995279897647e-05,0.020566795069714369,-0.0053292326841477555,-0.25911828586240532,True
CSI1000,000852.SH,2020-07-27,6807.9799999999996,6816.46,6806.4499999999998,6802.8100000000004,6781.6400000000003,6786.5299999999997,6784.6300000000001,-0.047058360850994463,0.024765141052137705,0.0034416025634411707,0.13896963300938253,True
CSI300,000300.SH,2020-07-27,4535.0100000000002,4547.8100000000004,4552.5,4532.6499999999996,4515.3199999999997,4528.4499999999998,4505.5900000000001,-0.043894458072675668,0.024012537565581447,0.0065296664809715299,0.27192738223264157,True
CSI500,000905.SH,2020-07-27,6304.5900000000001,6322.8500000000004,6324.8500000000004,6307.0900000000001,6291.3199999999997,6298.7299999999996,6283.9799999999996,-0.05077121308018484,0.024220923513884381,0.0032797685543239918,0.13541054916605058,True
CSI1000,000852.SH,2020-07-28,6835.5600000000004,6853.2299999999996,6860.0100000000002,6825.4799999999996,6871.21,6857.9399999999996,6786.5299999999997,0.00028004474820297887,0.024729502191593762,0.0072246052106157421,0.29214519381112264,True
CSI300,000300.SH,2020-07-28,4567.6700000000001,4574.5500000000002,4558.1499999999996,4542.4700000000003,4583.6000000000004,4568.2600000000002,4528.4499999999998,0.0050736973404148511,0.023856842490456841,0.0086608000529984075,0.36303211778603478,True
CSI500,000905.SH,2020-07-28,6345.6800000000003,6356.8999999999996,6350.9899999999998,6322.3400000000001,6370.5500000000002,6359.6599999999999,6298.7299999999996,0.0023472385335407964,0.024134780253845065,0.0074538835606543508,0.30884406165110312,True
CSI1000,000852.SH,2020-07-29,6843.8400000000001,6838.0500000000002,6876.7200000000003,6910.8000000000002,6969.4200000000001,7060.5299999999997,6857.9399999999996,0.010522314054457915,0.024591036205296912,-0.0020560109887224343,-0.083608147764003909,True
CSI300,000300.SH,2020-07-29,4559.1599999999999,4555.8800000000001,4593.3800000000001,4611.3299999999999,4655.1099999999997,4679.0100000000002,4568.2600000000002,0.0087910874581811349,0.023798725479357147,-0.0019920057089570786,-0.083702201224386194,True
CSI500,000905.SH,2020-07-29,6341.0100000000002,6344.7200000000003,6380.3699999999999,6424.3199999999997,6473.25,6530.2700000000004,6359.6599999999999,0.009673378601718241,0.023974189165063317,-0.0029325467084717616,-0.12232099648004995,True
CSI1000,000852.SH,2020-07-30,7082.7200000000003,7068.4499999999998,7095.8199999999997,7078.25,7049.0600000000004,7048.9799999999996,7060.5299999999997,0.029540940865624421,0.025221106820406059,0.0031428235557389161,0.12461084987737731,True
CSI300,000300.SH,2020-07-30,4689.7600000000002,4679.71,4686.2200000000003,4680.46,4663.3699999999999,4656.1499999999996,4679.0100000000002,0.024243366183185788,0.023954412480452148,0.0022974945554721238,0.095911121065773583,True
CSI500,000905.SH,2020-07-30,6548.6999999999998,6534.7399999999998,6549.4300000000003,6531.9200000000001,6500.4700000000003,6511.4399999999996,6530.2700000000004,0.026826905840878323,0.024490550408716442,0.0028222416531016314,0.11523798387549372,True
CSI1000,000852.SH,2020-07-31,7030.3100000000004,7074.6599999999999,7105.0699999999997,7138.9200000000001,7093.21,7141.5900000000001,7048.9799999999996,-0.0016358545321668583,0.025229700677518573,-0.0026486101535256878,-0.10497984844845126,True
CSI300,000300.SH,2020-07-31,4652.1800000000003,4684.6000000000004,4718.2600000000002,4740.0699999999997,4691.75,4695.0500000000002,4656.1499999999996,-0.0048856488872647263,0.023759814074397683,-0.00085263576130478747,-0.035885624299709595,True
CSI500,000905.SH,2020-07-31,6499.3900000000003,6535.1300000000001,6584.3199999999997,6616.1899999999996,6554.7799999999997,6579.6700000000001,6511.4399999999996,-0.0028834948631527579,0.024432587069683299,-0.0018505891170000899,-0.075742659249390637,True
CSI1000,000852.SH,2020-08-03,7204.1700000000001,7203.3100000000004,7244.7399999999998,7270.0600000000004,7303.7299999999996,7373.3400000000001,7141.5900000000001,0.01313807104006548,0.025271506054366181,0.0087627545126505169,0.34674445178689967,True
CSI300,000300.SH,2020-08-03,4735.8999999999996,4726.5,4727.21,4734.6899999999996,4733.5900000000001,4771.3100000000004,4695.0500000000002,0.0083545418425094997,0.023509035217567715,0.0087006528151989393,0.37009825093533227,True
CSI500,000905.SH,2020-08-03,6635.3400000000001,6626.3800000000001,6644.75,6662.0600000000004,6675.1199999999999,6739.8100000000004,6579.6700000000001,0.010478480950450342,0.024397788699946989,0.0084609106535737943,0.34679006190393713,True
CSI1000,000852.SH,2020-08-04,7398.9899999999998,7374.6899999999996,7380.7700000000004,7374.2799999999997,7379.0900000000001,7326.1899999999996,7373.3400000000001,0.032450756764250022,0.024904412239736252,0.0034787491150549688,0.13968404801396792,True
CSI300,000300.SH,2020-08-04,4778.4899999999998,4771.9399999999996,4770.1599999999999,4765.4099999999999,4767.9499999999998,4775.8000000000002,4771.3100000000004,0.016242638523551456,0.020179079995796479,0.0015048278145832761,0.074573658209231938,True
CSI500,000905.SH,2020-08-04,6758.4899999999998,6740.6499999999996,6738.3699999999999,6729.9399999999996,6737.3199999999997,6697.71,6739.8100000000004,0.024338606647445804,0.023343611405811916,0.0027715914840329425,0.11873019285023279,True
CSI1000,000852.SH,2020-08-05,7340.5500000000002,7310.6400000000003,7318.8800000000001,7292.7299999999996,7341.9200000000001,7427.1899999999996,7326.1899999999996,-0.0063946596793312827,0.02493699338387818,0.0019600911251278497,0.078601742196998489,True
CSI300,000300.SH,2020-08-05,4761.7600000000002,4753.1099999999997,4736.3500000000004,4714.1400000000003,4741.8299999999999,4777.1099999999997,4775.8000000000002,0.00094104134923100879,0.020148282657576667,-0.0029398216005694922,-0.14590928917030982,True
CSI500,000905.SH,2020-08-05,6696.6899999999996,6681.1899999999996,6683.8599999999997,6659.9899999999998,6703.2600000000002,6772.8400000000001,6697.71,-0.0062464668885324759,0.023340581292518214,-0.00015229085762158423,-0.0065247242865541155,True
CSI1000,000852.SH,2020-08-06,7425.5500000000002,7441.4200000000001,7424.3800000000001,7412.3400000000001,7384.6800000000003,7432.7700000000004,7427.1899999999996,0.013786156242194147,0.024653172338856184,-0.00022081029299092503,-0.0089566685356311359,True
CSI300,000300.SH,2020-08-06,4779.2399999999998,4785.9499999999998,4766.1700000000001,4761.1999999999998,4736.79,4762.7600000000002,4777.1099999999997,0.00027429959378522106,0.019830924369166697,0.0004458762724743881,0.02248388749682494,True
CSI500,000905.SH,2020-08-06,6780.3299999999999,6791.1999999999998,6761.9899999999998,6754.1999999999998,6728.1099999999997,6770.3000000000002,6772.8400000000001,0.011217266797159064,0.022879168751842812,0.0011058876335481305,0.04833600580261712,True
CSI1000,000852.SH,2020-08-07,7407.6800000000003,7405.6700000000001,7396.6499999999996,7357.5699999999997,7301.21,7339.8100000000004,7432.7700000000004,0.00075129355785974461,0.023858585639221375,-0.0033755921412879086,-0.14148332983069783,True
CSI300,000300.SH,2020-08-07,4742.29,4740.0200000000004,4746.1899999999996,4737.5299999999997,4698.2299999999996,4707.9300000000003,4762.7600000000002,-0.003003908220660545,0.019572490239225443,-0.0042979280921147112,-0.21959025344159763,True
CSI500,000905.SH,2020-08-07,6743.29,6744.75,6739.0699999999997,6713.1899999999996,6667.1099999999997,6688.8800000000001,6770.3000000000002,-0.00037502731498162412,0.022276826086201355,-0.0039894834793140488,-0.17908670938474502,True
CSI1000,000852.SH,2020-08-10,7319.54,7385.1099999999997,7341.21,7328.8900000000003,7332.0699999999997,7358.8599999999997,7339.8100000000004,-0.012506777419454718,0.024040726895178045,-0.0027616518683726277,-0.11487389214202771,True
CSI300,000300.SH,2020-08-10,4681.7600000000002,4699.75,4659.6499999999996,4666.9799999999996,4703.5500000000002,4724.8699999999999,4707.9300000000003,-0.011512232403060429,0.019316508637183722,-0.0055587062679351984,-0.28776971927705658,True
CSI500,000905.SH,2020-08-10,6666.5600000000004,6720.6300000000001,6670.9499999999998,6669.0500000000002,6690.75,6725.3000000000002,6688.8800000000001,-0.012026054975407319,0.022451832360721433,-0.0033368815108059113,-0.14862401683720255,True
CSI1000,000852.SH,2020-08-11,7358.7299999999996,7362.71,7358.6400000000003,7361.75,7362.71,7213.4499999999998,7358.8599999999997,0.0025954350316970132,0.022698773555196155,-1.7665779753928135e-05,-0.00077827023169206079,True
CSI300,000300.SH,2020-08-11,4730.3800000000001,4757.4200000000001,4785.0100000000002,4777.8800000000001,4772.29,4681.7799999999997,4724.8699999999999,0.0035981843400390012,0.018688198184603308,0.0011661696512286213,0.062401395774441024,True
CSI500,000905.SH,2020-08-11,6727.7700000000004,6734.3999999999996,6747.1000000000004,6743.6999999999998,6736,6600.8500000000004,6725.3000000000002,0.0054448577340302506,0.02111432755069468,0.00036726986156754293,0.017394343281155522,True
CSI1000,000852.SH,2020-08-12,7176.8900000000003,7153.0799999999999,7074.9700000000003,7066.4700000000003,6995.21,7092.3599999999997,7213.4499999999998,-0.019759854107837316,0.023067385565071451,-0.0050683098933241855,-0.21971756959742336,True
CSI300,000300.SH,2020-08-12,4668.8900000000003,4659.1000000000004,4635.0500000000002,4634.5,4600.1300000000001,4647.6400000000003,4681.7799999999997,-0.0091198276354693686,0.018678657889775404,-0.0027532263369913768,-0.14739958048583768,True
CSI500,000905.SH,2020-08-12,6580.0100000000002,6569.5699999999997,6512.3100000000004,6505.8400000000001,6448.2299999999996,6528.3999999999996,6600.8500000000004,-0.018504750717440066,0.02130419628868279,-0.0031571691524576728,-0.14819470820097652,True
CSI1000,000852.SH,2020-08-13,7112.3400000000001,7117.2200000000003,7117.8199999999997,7100.2299999999996,7141,7113.9300000000003,7092.3599999999997,-0.016786697072829204,0.022425295303018195,0.0028171158824426001,0.12562224239978895,True
CSI300,000300.SH,2020-08-13,4666.4899999999998,4656.1199999999999,4645.5600000000004,4638.1400000000003,4649.9300000000003,4635.71,4647.6400000000003,-0.0072920983044909571,0.018532961650584913,0.0040558218794914946,0.21884369891649186,True
CSI500,000905.SH,2020-08-13,6552.3699999999999,6552.8299999999999,6556.6700000000001,6538.4799999999996,6574.8299999999999,6552.6599999999999,6528.3999999999996,-0.010975859169652491,0.020718089152281009,0.0036716500214448722,0.17721952997005194,True
CSI1000,000852.SH,2020-08-14,7103.0699999999997,7107.2399999999998,7153.1099999999997,7125.9200000000001,7125.1499999999996,7183.96,7113.9300000000003,0.0030413007799943159,0.018742248517931926,-0.0015265823532141232,-0.081451398521022844,True
CSI300,000300.SH,2020-08-14,4627.6099999999997,4636.4300000000003,4668.7399999999998,4647.1000000000004,4649.0299999999997,4704.6300000000001,4635.71,-0.0025668941656411537,0.014856834650812376,-0.0017473051592961086,-0.1176095177986359,True
CSI500,000905.SH,2020-08-14,6542.6000000000004,6550.4300000000003,6602.5799999999999,6573.5299999999997,6563.46,6623.5600000000004,6552.6599999999999,0.0037160713191592976,0.017463169863313987,-0.0015352543852419354,-0.087913843664038552,True
CSI1000,000852.SH,2020-08-17,7206.3800000000001,7202.5900000000001,7239.7700000000004,7237.9300000000003,7248.4700000000003,7339.6899999999996,7183.96,0.0098440665005137262,0.018808372093948453,0.0031208414300747389,0.16592831184357851,True
CSI300,000300.SH,2020-08-17,4727.1199999999999,4726.2399999999998,4761.9799999999996,4766.7700000000004,4778.1999999999998,4815.2299999999996,4704.6300000000001,0.014867194022059271,0.015126259193657463,0.0047803971832003356,0.31603300736806006,True
CSI500,000905.SH,2020-08-17,6646.54,6628.4399999999996,6652.8599999999997,6648.21,6662.21,6744.5500000000002,6623.5600000000004,0.010820033391020001,0.017571977745411919,0.0034694333560802981,0.19744125597849535,True
CSI1000,000852.SH,2020-08-18,7348.4200000000001,7357.6199999999999,7387.3599999999997,7367.0299999999997,7391.1499999999996,7410.2399999999998,7339.6899999999996,0.021677459228614859,0.017912739091169066,0.0011894235315115242,0.066400985659301373,True
CSI300,000300.SH,2020-08-18,4816.5699999999997,4808.8800000000001,4812.8699999999999,4796.8599999999997,4808.96,4812.7600000000002,4815.2299999999996,0.02350875626776161,0.014565601461183131,0.00027828369569049549,0.019105540985184358,True
CSI500,000905.SH,2020-08-18,6747.6099999999997,6755.5,6780.0900000000001,6763.8800000000001,6781.7600000000002,6789.3999999999996,6744.5500000000002,0.018266611912626907,0.016886641520969834,0.00045369965379449262,0.026867370473346541,True
CSI1000,000852.SH,2020-08-19,7397.8800000000001,7378.1400000000003,7335.1000000000004,7347.7700000000004,7331,7256.1300000000001,7410.2399999999998,0.0096121225828338375,0.017944434994096922,-0.0016679621712656356,-0.092951501221093649,True
CSI300,000300.SH,2020-08-19,4804.6700000000001,4806.9399999999996,4778.2399999999998,4789.0900000000001,4772.2200000000003,4740.6800000000003,4812.7600000000002,-0.00051295576742949045,0.014571310609188707,-0.0016809481461781406,-0.11536012039425816,True
CSI500,000905.SH,2020-08-19,6782.5900000000001,6758.0699999999997,6720.7799999999997,6737.2399999999998,6719.9799999999996,6666.2700000000004,6789.3999999999996,0.0066498135531649627,0.016900876523669811,-0.0010030341414557498,-0.059348054525514844,True
CSI1000,000852.SH,2020-08-20,7196.3500000000004,7189.3100000000004,7243.5799999999999,7239.9700000000003,7200.3199999999997,7151.2600000000002,7256.1300000000001,-0.020796897266485259,0.018597974189723608,-0.0082385514041231067,-0.44298111827014763,True
CSI300,000300.SH,2020-08-20,4708.1300000000001,4703.4700000000003,4717.2399999999998,4719.5900000000001,4688.3599999999997,4679.1499999999996,4740.6800000000003,-0.014976853198580442,0.014989219908086824,-0.0068661035969523887,-0.45806944184253789,True
CSI500,000905.SH,2020-08-20,6622.0100000000002,6619.79,6663.5799999999999,6661.6099999999997,6623.1000000000004,6593.79,6666.2700000000004,-0.01813562317730566,0.017384241398774734,-0.0066393950440051253,-0.38192032034674112,True
CSI1000,000852.SH,2020-08-21,7182.3000000000002,7220.3800000000001,7234.5,7221.8900000000003,7201.2299999999996,7194.2700000000004,7151.2600000000002,-0.014452607657249761,0.018918071195806713,0.0043404938430431361,0.22943638376861741,True
CSI300,000300.SH,2020-08-21,4717.79,4726.2799999999997,4722.6300000000001,4721.9499999999998,4719.4700000000003,4718.8400000000001,4679.1499999999996,-0.012979150670368145,0.015284883564298423,0.0082579100905080249,0.54026647018734186,True
CSI500,000905.SH,2020-08-21,6628.8999999999996,6663.9499999999998,6675.6899999999996,6670.3599999999997,6650.0699999999997,6643.9399999999996,6593.79,-0.010872646922492013,0.017569340770121306,0.0053247070349524694,0.3030681176158726,True
CSI1000,000852.SH,2020-08-24,7212.5299999999997,7193.75,7126.5799999999999,7177.21,7216.75,7253.6400000000003,7194.2700000000004,0.0060143247483661622,0.015285303279524603,0.0025381310403973512,0.16605042071996695,True
CSI300,000300.SH,2020-08-24,4746.3999999999996,4737.2600000000002,4720.4899999999998,4743.1899999999996,4763.3000000000002,4755.8500000000004,4718.8400000000001,0.0084823098212283288,0.01140725561978998,0.0058404184079137167,0.51199154315271189,True
CSI500,000905.SH,2020-08-24,6667.3000000000002,6649.8699999999999,6595.6199999999999,6641.6800000000003,6676.0200000000004,6688.96,6643.9399999999996,0.0076056410653053685,0.012938308682343042,0.0035159859962612394,0.27175004728860108,True
CSI1000,000852.SH,2020-08-25,7258.0100000000002,7270.3199999999997,7264.0500000000002,7271.9200000000001,7264.8199999999997,7213.6800000000003,7253.6400000000003,0.0082524008690250117,0.015313301512271022,0.00060245614615550558,0.039342015545944735,True
CSI300,000300.SH,2020-08-25,4769.21,4782.9099999999999,4794.4799999999996,4793.6800000000003,4784.3699999999999,4761.9499999999998,4755.8500000000004,0.0078430292190454498,0.011458413186199872,0.0028091718620224526,0.2451623812454001,True
CSI500,000905.SH,2020-08-25,6698.1199999999999,6708.4099999999999,6712.1000000000004,6715.6499999999996,6702.0799999999999,6652.5500000000002,6688.96,0.0067760997239589837,0.012966791396746936,0.0013694206573218182,0.10560983171714891,True
CSI1000,000852.SH,2020-08-26,7209.5100000000002,7188.9899999999998,7194.6800000000003,7197.4799999999996,7193.4899999999998,7037.9799999999996,7213.6800000000003,-0.0055089582609558763,0.015342872545322747,-0.00057806833682672032,-0.037676669418918139,True
CSI300,000300.SH,2020-08-26,4761.7200000000003,4757.2399999999998,4777.75,4776.9799999999996,4769.9799999999996,4706.1300000000001,4761.9499999999998,0.001282630865145018,0.011364574905648806,-4.8299541154261938e-05,-0.0042500086061515998,True
CSI500,000905.SH,2020-08-26,6650.4499999999998,6635.3199999999997,6643.6499999999996,6649.0799999999999,6642.04,6525.8800000000001,6652.5500000000002,-0.0054432976127828381,0.013003354215425438,-0.00031566842789609861,-0.02427592317077942,True
CSI1000,000852.SH,2020-08-27,7041.5200000000004,6998.75,7039.4700000000003,7034.5900000000001,7024.21,7113.8000000000002,7037.9799999999996,-0.024356500426966687,0.015101253018278152,0.00050298523155811736,0.033307516333202121,True
CSI300,000300.SH,2020-08-27,4718.0600000000004,4699.3800000000001,4702.6999999999998,4701.3400000000001,4690.5,4731.3500000000004,4706.1300000000001,-0.011722088640157891,0.010495109293895062,0.0025349915960672931,0.24154027605428383,True
CSI500,000905.SH,2020-08-27,6538.1400000000003,6510.4499999999998,6531.7399999999998,6525.6700000000001,6508.5900000000001,6578.79,6525.8800000000001,-0.019040818934092929,0.012490906676327414,0.001878673834027067,0.15040332000778636,True
CSI1000,000852.SH,2020-08-28,7102.2700000000004,7107.3699999999999,7117.6999999999998,7118.1700000000001,7088.8100000000004,7204.7799999999997,7113.8000000000002,0.010772977473650247,0.015286519540996796,-0.0016207933875003189,-0.10602762670426881,True
CSI300,000300.SH,2020-08-28,4727.29,4721.9899999999998,4746.6800000000003,4752.9099999999999,4746.6899999999996,4844.2700000000004,4731.3500000000004,0.0053589679843097926,0.010476566727530204,-0.00085810603738900593,-0.081907180062537527,True
CSI500,000905.SH,2020-08-28,6571.8999999999996,6570.6800000000003,6575.7700000000004,6577.8699999999999,6555.1199999999999,6691.21,6578.79,0.0081077188057396832,0.012596830824252078,-0.0010473050515368287,-0.083140360154754345,True
CSI1000,000852.SH,2020-08-31,7238.6599999999999,7258.4499999999998,7273.1400000000003,7263.6499999999996,7299.54,7224.0500000000002,7204.7799999999997,0.01278922657370174,0.015271614518723439,0.0047024336620966611,0.30791987686248512,True
CSI300,000300.SH,2020-08-31,4870.9300000000003,4880.1400000000003,4885.1000000000004,4877.9499999999998,4897.4200000000001,4816.2200000000003,4844.2700000000004,0.023866338360087447,0.011577447707571457,0.0055034091823948916,0.47535599567387843,True
CSI500,000905.SH,2020-08-31,6719.29,6725.7799999999997,6729.5500000000002,6724.8500000000004,6757.5900000000001,6668.4300000000003,6691.21,0.017088248750910084,0.012951626722819494,0.0041965503997034581,0.32401724428249223,True
CSI1000,000852.SH,2020-09-01,7216.6499999999996,7217.6400000000003,7227.1000000000004,7198.0299999999997,7177.7799999999997,7258.8900000000003,7224.0500000000002,0.0026746132428749902,0.013325519460033164,-0.0010243561437144333,-0.076871760743493292,True
CSI300,000300.SH,2020-09-01,4803.3900000000003,4807.5,4824.6599999999999,4819.2299999999996,4798.9499999999998,4842.1199999999999,4816.2200000000003,-0.0057903461202617468,0.011154236616067481,-0.0026639148543878832,-0.23882538501564157,True
CSI500,000905.SH,2020-09-01,6667.1700000000001,6671.3800000000001,6686.2200000000003,6665.3100000000004,6645.1300000000001,6710.46,6668.4300000000003,-0.00340446645673953,0.011740534703791907,-0.0001889500227190144,-0.016093817486693186,True
CSI1000,000852.SH,2020-09-02,7270.9499999999998,7262.5600000000004,7257.8500000000004,7245.9499999999998,7248.0500000000002,7272.6199999999999,7258.8900000000003,0.0048227794658122214,0.013319811829392859,0.0016614110421839801,0.12473232080634507,True
CSI300,000300.SH,2020-09-02,4859.0799999999999,4854.5799999999999,4849,4842.0900000000001,4836.6099999999997,4843.8900000000003,4842.1199999999999,0.0053776613194578271,0.011206890179577768,0.0035025980355711805,0.31253969472761844,True
CSI500,000905.SH,2020-09-02,6725.6899999999996,6714.8100000000004,6715.9499999999998,6710.29,6702.5900000000001,6717.5600000000004,6710.46,0.0063028329006977746,0.011750717506360303,0.0022695910563508281,0.19314489137555796,True
CSI1000,000852.SH,2020-09-03,7263.6000000000004,7245.0500000000002,7238.6800000000003,7239.29,7250.9300000000003,7189.8599999999997,7272.6199999999999,0.0018914737652726554,0.012913506059657014,-0.0012402682939572918,-0.096044272425132055,True
CSI300,000300.SH,2020-09-03,4841.5,4833.2299999999996,4853.9300000000003,4857.6700000000001,4866.4899999999998,4817.1000000000004,4843.8900000000003,0.00036554236574071197,0.011206705271820999,-0.00049340509383988262,-0.044027667532270907,True
CSI500,000905.SH,2020-09-03,6715.1000000000004,6704.4700000000003,6710.4799999999996,6707.7200000000003,6722.3999999999996,6662.25,6717.5600000000004,0.0010580496717065291,0.011463690164833402,-0.00036620439564361007,-0.031944722020401183,True
CSI1000,000852.SH,2020-09-04,7064.2799999999997,7102.1899999999996,7123.8800000000001,7098.6599999999999,7143.9300000000003,7182.1099999999997,7189.8599999999997,-0.011379667850100805,0.01311170529441979,-0.017466264989860703,-1.3321123833750419,True
CSI300,000300.SH,2020-09-04,4737.2399999999998,4750.6899999999996,4758.1000000000004,4737.79,4756.8599999999997,4770.2200000000003,4817.1000000000004,-0.00553067885521763,0.011265385393127039,-0.016578439309958393,-1.4716264673974513,True
CSI500,000905.SH,2020-09-04,6545.8900000000003,6574.8299999999999,6583.79,6557.1899999999996,6588.0799999999999,6618.5799999999999,6662.25,-0.0082336443589636765,0.01159858456758287,-0.017465570940748187,-1.5058364095187169,True
CSI1000,000852.SH,2020-09-07,7189.9700000000003,7191.1199999999999,7235.6000000000004,7208.6300000000001,7171.6000000000004,7057.1899999999996,7182.1099999999997,-0.001077906941164386,0.012856905190198614,0.001094385911661222,0.085120477709948475,True
CSI300,000300.SH,2020-09-07,4759.5200000000004,4769.4200000000001,4784.2200000000003,4762.9300000000003,4733.0799999999999,4669.3699999999999,4770.2200000000003,-0.0097319964293870465,0.011171055883648839,-0.0022430831282413966,-0.20079419095240716,True
CSI500,000905.SH,2020-09-07,6619.8999999999996,6618.1400000000003,6656.96,6622.8000000000002,6581.0699999999997,6478.8100000000004,6618.5799999999999,-0.0065548425832113733,0.011380864392478577,0.00019943855026305357,0.017524024835482547,True
CSI1000,000852.SH,2020-09-08,7070.6800000000003,7059.1800000000003,7036.96,7045.4300000000003,7013.0299999999997,7103.0900000000001,7057.1899999999996,-0.017393217313575016,0.013330360381135933,0.0019115256922372925,0.14339640021603106,True
CSI300,000300.SH,2020-09-08,4683.8299999999999,4684.4399999999996,4680.0299999999997,4678.1400000000003,4658.3800000000001,4694.3900000000003,4669.3699999999999,-0.021141582568518946,0.01216102605243502,0.0030967775095998018,0.25464771609297965,True
CSI500,000905.SH,2020-09-08,6493.7700000000004,6481.8699999999999,6475.4300000000003,6480.1899999999996,6457.79,6525.1000000000004,6478.8100000000004,-0.021117822856262181,0.012176793446814082,0.0023090660167530697,0.18962841300040367,True
CSI1000,000852.SH,2020-09-09,7023.3000000000002,7032.3400000000001,6981.9399999999996,6976.2799999999997,6912.5200000000004,6877.6000000000004,7103.0900000000001,0.0065040051351883399,0.012771270874602591,-0.01123313938018522,-0.87956316097905685,True
CSI300,000300.SH,2020-09-09,4634.25,4644.6700000000001,4611.8800000000001,4612.71,4578.2600000000002,4584.5900000000001,4694.3900000000003,0.0053583245705524085,0.012052636298040669,-0.012811036151661903,-1.0629239806849995,True
CSI500,000905.SH,2020-09-09,6455.3100000000004,6465.0500000000002,6415.8199999999997,6407.1700000000001,6353.0100000000002,6349.2200000000003,6525.1000000000004,0.0071448306093249148,0.01166416594658067,-0.010695621523041821,-0.91696410802327644,True
CSI1000,000852.SH,2020-09-10,6921.46,6908.1199999999999,6883.0100000000002,6840.46,6817.9799999999996,6633.8900000000003,6877.6000000000004,-0.031745339000350481,0.014129217372062229,0.0063772246132371979,0.45135016648883292,True
CSI300,000300.SH,2020-09-10,4632.1000000000004,4632.1999999999998,4639.1000000000004,4634.3999999999996,4638.1800000000003,4581.9799999999996,4584.5900000000001,-0.023389620376662368,0.013073765123192076,0.010362976841985949,0.79265435353451852,True
CSI500,000905.SH,2020-09-10,6404.6599999999999,6398.54,6400.8900000000003,6375.1700000000001,6372.3199999999997,6235.5699999999997,6349.2200000000003,-0.026954376178142891,0.012900303811804069,0.0087317812266702877,0.67686632454969864,True
CSI1000,000852.SH,2020-09-11,6592.8999999999996,6622.6700000000001,6607.3100000000004,6670.3000000000002,6682.6599999999999,6742.0600000000004,6633.8900000000003,-0.03543532627660817,0.015984504512443098,-0.0061788784559286825,-0.38655426892455436,True
CSI300,000300.SH,2020-09-11,4572.2600000000002,4592.4099999999999,4568.2600000000002,4594.1099999999997,4595.0900000000001,4627.2799999999997,4581.9799999999996,-0.00056929845416942015,0.013065588352158731,-0.0021213536506050623,-0.1623618924328476,True
CSI500,000905.SH,2020-09-11,6209.79,6254.0900000000001,6244.6099999999997,6275.0500000000002,6280.8000000000002,6311.9700000000003,6235.5699999999997,-0.017899836515351542,0.013354461459025942,-0.0041343453766055083,-0.30958533141081546,True
CSI1000,000852.SH,2020-09-14,6781.6999999999998,6798.2399999999998,6832.2700000000004,6858.0600000000004,6866.6300000000001,6848.3599999999997,6742.0600000000004,0.016305666810875641,0.016327157796917388,0.0058795086368259586,0.36010607050885646,True
CSI300,000300.SH,2020-09-14,4652.0500000000002,4656.7600000000002,4644.3400000000001,4652.3699999999999,4663.1700000000001,4651.0500000000002,4627.2799999999997,0.0098865555938698613,0.012802045653022821,0.0053530367732232964,0.41813917230949232,True
CSI500,000905.SH,2020-09-14,6350.3599999999997,6353.9499999999998,6363.8900000000003,6373.8299999999999,6372.3800000000001,6351.2399999999998,6311.9700000000003,0.012252288082725382,0.013432649926776629,0.0060820948135049679,0.45278443543599889,True
CSI1000,000852.SH,2020-09-15,6861.0299999999997,6840.2700000000004,6835.4499999999998,6863.6199999999999,6829.5699999999997,6881.5900000000001,6848.3599999999997,0.01576669445243728,0.015904187301521697,0.0018500779748729101,0.1163264704947166,True
CSI300,000300.SH,2020-09-15,4649.4499999999998,4642.1999999999998,4646.1800000000003,4666.6999999999998,4660.5799999999999,4688.4799999999996,4651.0500000000002,0.0051369270932384303,0.01156951752341666,-0.0003440083422023843,-0.029734026635606255,True
CSI500,000905.SH,2020-09-15,6351.04,6349.9300000000003,6342.0500000000002,6362.5100000000002,6345.6499999999996,6387.8800000000001,6351.2399999999998,0.0062215124596598503,0.01271173082092545,-3.1489913780546885e-05,-0.0024772325833638388,True
CSI1000,000852.SH,2020-09-16,6871.0699999999997,6856.9200000000001,6844.8500000000004,6842.6400000000003,6847.5699999999997,6812.9099999999999,6881.5900000000001,0.0048522565986601762,0.015734928574764634,-0.0015287164739544723,-0.097154331949507386,True
CSI300,000300.SH,2020-09-16,4683.0100000000002,4679.7399999999998,4670.1000000000004,4671.5,4685.9799999999996,4657.3599999999997,4688.4799999999996,0.0080476451553948003,0.011771148757950677,-0.0011666894174656717,-0.09911432107912542,True
CSI500,000905.SH,2020-09-16,6379.5200000000004,6377.5900000000001,6368.79,6365.1300000000001,6378.8299999999999,6353.8400000000001,6387.8800000000001,0.0057689522046089348,0.012678301475338731,-0.0013087284044157599,-0.10322584669259051,True
CSI1000,000852.SH,2020-09-17,6800.3500000000004,6784.9899999999998,6770.4799999999996,6764.6300000000001,6797.3299999999999,6825.1499999999996,6812.9099999999999,-0.0099802516569572619,0.015291475234389005,-0.0018435587729764835,-0.12056121104852613,True
CSI300,000300.SH,2020-09-17,4642.0500000000002,4637.1199999999999,4627.6400000000003,4618.25,4633.5500000000002,4632.71,4657.3599999999997,-0.0066375456437907099,0.011400866765344674,-0.0032872700413967282,-0.28833509846716876,True
CSI500,000905.SH,2020-09-17,6345.6700000000001,6332.54,6312.4300000000003,6308.6000000000004,6331.21,6367.0200000000004,6353.8400000000001,-0.0053288414935784845,0.012185682825837763,-0.0012858365964518725,-0.10552027447534287,True
CSI1000,000852.SH,2020-09-18,6822.9700000000003,6822.1000000000004,6838.0799999999999,6836.8599999999997,6832.54,6929.7700000000004,6825.1499999999996,0.0017965891227096353,0.015083118319063974,-0.00031940689948195544,-0.021176449904145363,True
CSI300,000300.SH,2020-09-18,4636.6400000000003,4637.8900000000003,4649.5900000000001,4649.1400000000003,4649.79,4737.0900000000001,4632.71,-0.0052926980091725362,0.011095015224493094,0.00084831556475584158,0.076459161848027049,True
CSI500,000905.SH,2020-09-18,6367.79,6376.1000000000004,6381.1099999999997,6381.6199999999999,6372.1800000000003,6469.4700000000003,6367.0200000000004,0.002074336149478162,0.012050919905660654,0.00012093569676241422,0.010035391298684786,True
CSI1000,000852.SH,2020-09-21,6951.75,6937.8800000000001,6949.0299999999997,6971.96,6963.0699999999997,6927.1899999999996,6929.7700000000004,0.015328600836611805,0.015489133752563529,0.003171822441437433,0.20477726463640877,True
CSI300,000300.SH,2020-09-21,4750.75,4731.3000000000002,4725.9700000000003,4731.7700000000004,4720.6199999999999,4691.4300000000003,4737.0900000000001,0.022531088714812686,0.012089757909841351,0.0028836268679717225,0.23851816467097173,True
CSI500,000905.SH,2020-09-21,6492.2299999999996,6507.1499999999996,6485.75,6500.8900000000003,6485.9700000000003,6445.96,6469.4700000000003,0.016090730043254009,0.012534637221322913,0.0035180625306245883,0.2806672796752302,True
CSI1000,000852.SH,2020-09-22,6862.3400000000001,6877.6000000000004,6855.3199999999997,6885.7600000000002,6873.7799999999997,6815.7799999999997,6927.1899999999996,-0.00037230672879484672,0.015314903928301512,-0.0093616603557863387,-0.6112777722677224,True
CSI300,000300.SH,2020-09-22,4654.2200000000003,4674.1099999999997,4660.5600000000004,4681.8900000000003,4669.7700000000004,4635.7600000000002,4691.4300000000003,-0.0096388289012874218,0.012144680020018894,-0.0079314835775019521,-0.65308296014616718,True
CSI500,000905.SH,2020-09-22,6392.0200000000004,6408.8000000000002,6391.3400000000001,6420.79,6417.1999999999998,6358.6499999999996,6445.96,-0.0036339916561944907,0.012399015198079687,-0.0083680320696993826,-0.6748948957652211,True
CSI1000,000852.SH,2020-09-23,6839.4700000000003,6821.1099999999997,6836.4099999999999,6843.1700000000001,6821.9700000000003,6862.9700000000003,6815.7799999999997,-0.01608300046627853,0.015615187299638613,0.0034757577269219908,0.22258828281889589,True
CSI300,000300.SH,2020-09-23,4639.6599999999999,4630.3599999999997,4646.96,4651.29,4635.4799999999996,4652.3299999999999,4635.7600000000002,-0.011866317945701033,0.012390162286470507,0.00084128600272648235,0.067899514411133122,True
CSI500,000905.SH,2020-09-23,6382.2799999999997,6370.3000000000002,6381.1199999999999,6387.3699999999999,6369.1300000000001,6392.0299999999997,6358.6499999999996,-0.013544918057201816,0.012654865415095388,0.0037161976205641878,0.29365761694559883,True
CSI1000,000852.SH,2020-09-24,6814.0100000000002,6813.3999999999996,6773.3999999999996,6765.71,6745.9799999999996,6675.1499999999996,6862.9700000000003,0.0069236389672202581,0.014882932936214484,-0.0071339376392436371,-0.47933681283241569,True
CSI300,000300.SH,2020-09-24,4623.9499999999998,4631.0600000000004,4607.25,4603.1300000000001,4604.8000000000002,4563.0699999999997,4652.3299999999999,0.003574386939789731,0.012181309062191481,-0.0061001691625486298,-0.5007810844798628,True
CSI500,000905.SH,2020-09-24,6353.6899999999996,6354.3500000000004,6315.3999999999996,6308.1400000000003,6299.3000000000002,6244.6400000000003,6392.0299999999997,0.0052495419625235851,0.012105210735979451,-0.00599809450205957,-0.49549690896597637,True
CSI1000,000852.SH,2020-09-25,6703.6199999999999,6687.4700000000003,6670.2700000000004,6663.2200000000003,6665.6099999999997,6634.3900000000003,6675.1499999999996,-0.027367160281918879,0.01569584917147885,0.004265072694995764,0.27173252293643901,True
CSI300,000300.SH,2020-09-25,4582.4799999999996,4578.4200000000001,4576.6599999999999,4579.6099999999997,4582.0100000000002,4570.0200000000004,4563.0699999999997,-0.019186085251906126,0.012781176566043948,0.0042537151522987759,0.33281092161731973,True
CSI500,000905.SH,2020-09-25,6271.6999999999998,6262.0299999999997,6254.6000000000004,6250.4300000000003,6251.4200000000001,6236.8900000000003,6244.6400000000003,-0.023058402416759494,0.012858299731152734,0.004333316252017605,0.3370053850525016,True
CSI1000,000852.SH,2020-09-28,6649.1800000000003,6622.7700000000004,6633.5200000000004,6591.5200000000004,6581.21,6550.3699999999999,6634.3900000000003,-0.0061062298225507128,0.015254169299366058,0.0022292931226532975,0.14614320051803437,True
CSI300,000300.SH,2020-09-28,4582.6499999999996,4585.3299999999999,4612.3199999999997,4591.5299999999997,4587.0900000000001,4581.9099999999999,4570.0200000000004,0.0015230973883813004,0.011318805701638672,0.0027636640539865365,0.24416569440594152,True
CSI500,000905.SH,2020-09-28,6255.0200000000004,6241.8000000000002,6245.6099999999997,6211.1300000000001,6204.54,6178.4700000000003,6236.8900000000003,-0.0012410643367751772,0.012012251059671311,0.0029068975082131576,0.24199440169648756,True
CSI1000,000852.SH,2020-09-29,6585.1800000000003,6580.1800000000003,6569.2600000000002,6618.79,6633.5,6621.0299999999997,6550.3699999999999,-0.012664314277574973,0.015286295963499476,0.0053142036251387914,0.34764495191170014,True
CSI300,000300.SH,2020-09-29,4608.29,4597.9799999999996,4587.21,4603.8000000000002,4602.6400000000003,4591.8000000000002,4581.9099999999999,0.0026017391608788021,0.011359494856702991,0.0057574243055844576,0.50683805734434806,True
CSI500,000905.SH,2020-09-29,6206.9899999999998,6203.7399999999998,6186.8100000000004,6230.8900000000003,6252.1099999999997,6228.7700000000004,6178.4700000000003,-0.0093668479001554061,0.012085077038116942,0.0046160295348200986,0.38196111785310999,True
CSI1000,000852.SH,2020-09-30,6641.3800000000001,6624.6300000000001,6633.4300000000003,6640.5,6656.6000000000004,6617.1599999999999,6621.0299999999997,0.010787176907564033,0.015539388726614707,0.0030735399175052525,0.19779027164956123,True
CSI300,000300.SH,2020-09-30,4607.5799999999999,4605.6099999999997,4616.0799999999999,4613.2399999999998,4628.6599999999999,4587.3999999999996,4591.8000000000002,0.002158488490607624,0.011265472958155366,0.0034365608258197788,0.30505251209466211,True
CSI500,000905.SH,2020-09-30,6245.1199999999999,6231.2600000000002,6235.1499999999996,6235.3699999999999,6248.54,6192.5,6228.7700000000004,0.008141174109447924,0.012172147341813449,0.0026249163157412436,0.21564940367787025,True
CSI1000,000852.SH,2020-10-09,6737.5299999999997,6751.46,6763.8000000000002,6775.21,6794.1199999999999,6822.3599999999997,6617.1599999999999,-0.00058450120298503272,0.015495822238460303,0.018190583271373129,1.173902422952716,True
CSI300,000300.SH,2020-10-09,4663.6099999999997,4656.2200000000003,4657.2299999999996,4661.5699999999997,4678.8400000000001,4681.1400000000003,4587.3999999999996,-0.00095822988806149034,0.011251073514579265,0.016612896193922477,1.4765609852602335,True
CSI500,000905.SH,2020-10-09,6300.0699999999997,6327.9200000000001,6340.3999999999996,6341.1300000000001,6348.1400000000003,6357.9700000000003,6192.5,-0.0058229794967546988,0.012129340050557566,0.017371013322567519,1.4321482661184852,True
CSI1000,000852.SH,2020-10-12,6881.6300000000001,6901.3999999999996,6926.1700000000001,6941.21,6970.04,7036.2799999999997,6822.3599999999997,0.031010282356781493,0.01731177405784564,0.0086876095661911901,0.50183242555975904,True
CSI300,000300.SH,2020-10-12,4705.1899999999996,4718.9099999999999,4745.9499999999998,4763.3699999999999,4779.1700000000001,4823.1599999999999,4681.1400000000003,0.020434232898809856,0.012346626885998581,0.0051376374131086866,0.41611668195261581,True
CSI500,000905.SH,2020-10-12,6408.0799999999999,6423.4099999999999,6441.1800000000003,6459.3100000000004,6484.4799999999996,6541.1800000000003,6357.9700000000003,0.026721033508276149,0.013878067021993129,0.0078814464365197789,0.56790664175563754,True
CSI1000,000852.SH,2020-10-13,7023.4399999999996,7001.7799999999997,7001.8999999999996,6994,7006.5100000000002,7053.8699999999999,7036.2799999999997,0.031355718549006539,0.01889630137030554,-0.001824827892011105,-0.096570638679520523,True
CSI300,000300.SH,2020-10-13,4812.8999999999996,4804.9399999999996,4805.0799999999999,4797.3500000000004,4807.8500000000004,4839.1999999999998,4823.1599999999999,0.030338763634499166,0.014049950926541554,-0.0021272360858856088,-0.1514052324458357,True
CSI500,000905.SH,2020-10-13,6538.8400000000001,6515.3299999999999,6513.3199999999997,6502.3199999999997,6502.9099999999999,6551.3999999999996,6541.1800000000003,0.028815801269902241,0.015462885082194611,-0.00035773361992796904,-0.023134985355345909,True
CSI1000,000852.SH,2020-10-14,7036.8699999999999,7035.0500000000002,7016.1000000000004,7020.21,7020.2200000000003,6988.6099999999997,7053.8699999999999,0.0024999005156134402,0.018499348276556291,-0.0024100245680739318,-0.13027618768214061,True
CSI300,000300.SH,2020-10-14,4830.46,4825.6099999999997,4815.1599999999999,4816.7399999999998,4820.3400000000001,4807.1000000000004,4839.1999999999998,0.0033256205475249434,0.013085131430785303,-0.0018060836501900823,-0.13802564076207299,True
CSI500,000905.SH,2020-10-14,6547.8400000000001,6545.1899999999996,6526.1800000000003,6532.9399999999996,6537.6999999999998,6508.3699999999999,6551.3999999999996,0.0015624092289157065,0.014681165021696072,-0.0005433953048202822,-0.0370130915371664,True
CSI1000,000852.SH,2020-10-15,6991.7399999999998,6989.1599999999999,6953.8100000000004,6957.2799999999997,6961.6700000000001,6926.8500000000004,6988.6099999999997,-0.009251659018382874,0.018549464526920356,0.00044787160823123173,0.024144718979960164,True
CSI300,000300.SH,2020-10-15,4810.7799999999997,4822.3199999999997,4803.5600000000004,4801,4813.96,4798.7399999999998,4807.1000000000004,-0.0066333278227804771,0.013191134840199865,0.00076553431382730963,0.058033999583898627,True
CSI500,000905.SH,2020-10-15,6511.0699999999997,6511.2399999999998,6481.9899999999998,6479.6800000000003,6480.6999999999998,6460.04,6508.3699999999999,-0.0065680617883200343,0.014682559185163431,0.0004148504156955557,0.028254639430621713,True
CSI1000,000852.SH,2020-10-16,6924.8100000000004,6919.6099999999997,6935.96,6912.04,6889.8900000000003,6906.3900000000003,6926.8500000000004,-0.0088372365892501747,0.017185303175200752,-0.00029450616080906045,-0.017137094283797536,True
CSI300,000300.SH,2020-10-16,4798.9200000000001,4813.1400000000003,4813.8100000000004,4803.5200000000004,4796.7799999999997,4791.6800000000003,4798.7399999999998,-0.0017390942564124989,0.011884674479724645,3.7509846334771169e-05,0.0031561526063472148,True
CSI500,000905.SH,2020-10-16,6456.7399999999998,6457.6300000000001,6465.5299999999997,6449.1099999999997,6426.7299999999996,6428.6800000000003,6460.04,-0.0074258224409491369,0.013389957071789353,-0.00051083275026164721,-0.038150439730527279,True
CSI1000,000852.SH,2020-10-19,6943.8000000000002,6928.9099999999999,6944.8900000000003,6942.1499999999996,6905.1199999999999,6858.3599999999997,6906.3900000000003,-0.002953723553996368,0.015007658066425717,0.0054167227741266366,0.36093058291650593,True
CSI300,000300.SH,2020-10-19,4823.4899999999998,4826.8500000000004,4845.3900000000003,4837.0200000000004,4798.7399999999998,4755.4899999999998,4791.6800000000003,-0.001471219528459411,0.011898045731417688,0.0066385902230532423,0.55795635459053106,True
CSI500,000905.SH,2020-10-19,6466.5699999999997,6452.0500000000002,6477.6700000000001,6463.6199999999999,6406.46,6358.3199999999997,6428.6800000000003,-0.0048544591055162956,0.012724582971042965,0.0058939004585698562,0.46319006854546568,True
CSI1000,000852.SH,2020-10-20,6846.3599999999997,6821.1199999999999,6836.1099999999997,6821.6599999999999,6819.1099999999997,6923.3800000000001,6858.3599999999997,-0.0069544291590831753,0.014749643235698506,-0.0017496894301261001,-0.11862588146480271,True
CSI300,000300.SH,2020-10-20,4751.3699999999999,4747.6800000000003,4765.2200000000003,4751.3400000000001,4749.1300000000001,4793.4700000000003,4755.4899999999998,-0.0075526746360359276,0.011952218825094393,-0.0008663670830976189,-0.072485878628546344,True
CSI500,000905.SH,2020-10-20,6349.6400000000003,6332.96,6347.3400000000001,6332.8100000000004,6336.6000000000004,6423.1099999999997,6358.3199999999997,-0.010944704044998477,0.012759929239496213,-0.001365140477358695,-0.10698652412061445,True
CSI1000,000852.SH,2020-10-21,6926.5299999999997,6898,6888.6700000000001,6872.8299999999999,6832.6999999999998,6815.0900000000001,6923.3800000000001,0.0094804005622335374,0.014482020326217985,0.00045498008198308071,0.031416892928909451,True
CSI300,000300.SH,2020-10-21,4801.6300000000001,4789.54,4792.0500000000002,4798.9099999999999,4775.4399999999996,4792.8299999999999,4793.4700000000003,0.0079865586932157395,0.012015492078850725,0.0017023158588662657,0.14167674929124427,True
CSI500,000905.SH,2020-10-21,6426.1899999999996,6409.2799999999997,6406.1599999999999,6393.1800000000003,6353.1700000000001,6350.0100000000002,6423.1099999999997,0.010189798563142505,0.012884759310135788,0.00047951848870719793,0.037215944602859985,True
CSI1000,000852.SH,2020-10-22,6788,6733.3299999999999,6735.5,6730.2700000000004,6734.9200000000001,6771.8100000000004,6815.0900000000001,-0.015641204151729315,0.014887911356993735,-0.0039750025311477977,-0.26699531155392747,True
CSI300,000300.SH,2020-10-22,4780.6000000000004,4769.04,4756.5699999999997,4751.2700000000004,4741.5500000000002,4777.9799999999996,4792.8299999999999,-0.00013351496932290097,0.011922520867674858,-0.0025517283108308364,-0.2140259043495788,True
CSI500,000905.SH,2020-10-22,6331.8000000000002,6292.6599999999999,6282.3900000000003,6273.4099999999999,6271.1800000000003,6317.1400000000003,6350.0100000000002,-0.011380779715745137,0.013094497386058543,-0.0028677120193512096,-0.21900130526616524,True
CSI1000,000852.SH,2020-10-23,6774.7700000000004,6777.21,6804.9099999999999,6783.1000000000004,6762.5100000000002,6641.3299999999999,6771.8100000000004,-0.0063506131246982012,0.014786512058414823,0.00043710617988401701,0.029561141813377496,True
CSI300,000300.SH,2020-10-23,4775.4700000000003,4774.5200000000004,4791.8900000000003,4790.1700000000001,4788.5100000000002,4718.4899999999998,4777.9799999999996,-0.0030983782024399664,0.01182644484678849,-0.0005253266024553005,-0.04441965521007394,True
CSI500,000905.SH,2020-10-23,6312.0100000000002,6326.2600000000002,6350.3999999999996,6324.6199999999999,6305.3400000000001,6213.2600000000002,6317.1400000000003,-0.005176369800992453,0.013091408239815614,-0.00081207635100699616,-0.06203124493033408,True
CSI1000,000852.SH,2020-10-26,6620.1899999999996,6584.6199999999999,6596.8800000000001,6636.3500000000004,6656.5900000000001,6648.5200000000004,6641.3299999999999,-0.019268112956506545,0.015375359427589932,-0.0031830973615225577,-0.20702588297290322,True
CSI300,000300.SH,2020-10-26,4684.0500000000002,4665.2399999999998,4665.3599999999997,4682.0299999999997,4702.8500000000004,4691.2399999999998,4718.4899999999998,-0.012450868358594991,0.012142007805289293,-0.007298945213405017,-0.60113165223180431,True
CSI500,000905.SH,2020-10-26,6195.3500000000004,6157.0799999999999,6166.2799999999997,6199.5500000000002,6221.1999999999998,6214.3800000000001,6213.2600000000002,-0.016444150359181564,0.013567659082941778,-0.0028825447510646418,-0.21245704461197593,True
CSI1000,000852.SH,2020-10-27,6630.7200000000003,6635.2399999999998,6666.3500000000004,6668.54,6641.6700000000001,6682.54,6648.5200000000004,0.0010826144763174117,0.014889074181772094,-0.0026772875767839821,-0.17981558450838023,True
CSI300,000300.SH,2020-10-27,4680.1400000000003,4676.3599999999997,4694.0600000000004,4693.0799999999999,4682.8900000000003,4699.2799999999997,4691.2399999999998,-0.0057751526441721657,0.011103984328641596,-0.0023661121579794386,-0.21308677029346065,True
CSI500,000905.SH,2020-10-27,6187.4700000000003,6190.6999999999998,6208.0100000000002,6211.21,6184.4700000000003,6221.3400000000001,6214.3800000000001,0.00018025963825740732,0.01295722861619809,-0.0043302791267993967,-0.33419794116976748,True
CSI1000,000852.SH,2020-10-28,6680.4399999999996,6655.04,6613.3699999999999,6598.4499999999998,6591.9899999999998,6685.4300000000003,6682.54,0.0051169282787748571,0.014970345501319175,-0.00031425176654387155,-0.02099161749581397,True
CSI300,000300.SH,2020-10-28,4703,4709.3699999999999,4701.21,4691.9499999999998,4688.3000000000002,4737.2700000000004,4699.2799999999997,0.0017138325901040474,0.010896585019328308,0.0007916106297134462,0.072647588974829383,True
CSI500,000905.SH,2020-10-28,6221.7399999999998,6210.2799999999997,6181.5200000000004,6172.2299999999996,6170.21,6246,6221.3400000000001,0.0011199830071544348,0.012967927428377967,6.4294830374178602e-05,0.0049579881387584708,True
CSI1000,000852.SH,2020-10-29,6592.8900000000003,6605.3699999999999,6644.4799999999996,6635.6300000000001,6631.9099999999999,6674.7399999999998,6685.4300000000003,0.00043247028824366929,0.014585196435662537,-0.013842041573990049,-0.94904731897505434,True
CSI300,000300.SH,2020-10-29,4683.6099999999997,4696.3500000000004,4724.5100000000002,4722.7700000000004,4724.2600000000002,4772.9200000000001,4737.2700000000004,0.0080842171566708476,0.010650054869394554,-0.01132719899857948,-1.0635812807998632,True
CSI500,000905.SH,2020-10-29,6168.9099999999999,6192.79,6213.0799999999999,6205.4200000000001,6206.4499999999998,6255.1899999999996,6246,0.0039637762925672781,0.01271418416018591,-0.012342299071405716,-0.97075037736634795,True
CSI1000,000852.SH,2020-10-30,6685.5900000000001,6682.9200000000001,6664.2600000000002,6657.0699999999997,6634.2200000000003,6511.1599999999999,6674.7399999999998,-0.0015989996155820752,0.014469721041923152,0.001625531481376008,0.11234020867896156,True
CSI300,000300.SH,2020-10-30,4776.4700000000003,4768.0600000000004,4766.8599999999997,4767.9799999999996,4759.2799999999997,4695.3299999999999,4772.9200000000001,0.007525431313815778,0.010733958465908119,0.00074377948928550097,0.069292189982642666,True
CSI500,000905.SH,2020-10-30,6272.9300000000003,6256.9799999999996,6228.4300000000003,6227.7600000000002,6212.6999999999998,6111.4799999999996,6255.1899999999996,0.0014713416586615846,0.012647194375911171,0.0028360449482751626,0.22424301105681702,True
CSI1000,000852.SH,2020-11-02,6517.4200000000001,6500.96,6520.4300000000003,6508.8100000000004,6499.1000000000004,6513.79,6511.1599999999999,-0.024507321633501777,0.01421027083125717,0.00096142622819894719,0.067657136138755125,True
CSI300,000300.SH,2020-11-02,4702.75,4724.0200000000004,4731.0699999999997,4721.6300000000001,4715.4200000000001,4720.8299999999999,4695.3299999999999,-0.016256295936240339,0.010455547294086421,0.0015802936108857413,0.15114403545183555,True
CSI500,000905.SH,2020-11-02,6119.4499999999998,6121.3999999999996,6144.3900000000003,6128.9700000000003,6145.8999999999996,6143.1199999999999,6111.4799999999996,-0.02297452195696692,0.012639508073888162,0.0013041030977767321,0.10317672888479466,True
CSI1000,000852.SH,2020-11-03,6538.2799999999997,6534.1800000000003,6580.6000000000004,6582.8299999999999,6607.5799999999999,6647.5799999999999,6513.79,0.00040392188181526123,0.014165199771856233,0.0037597159257514168,0.26541919537353176,True
CSI300,000300.SH,2020-11-03,4743.1700000000001,4739.0799999999999,4749.9499999999998,4743.8000000000002,4767.8999999999996,4777.5600000000004,4720.8299999999999,0.0054309281775721807,0.010492820246997726,0.0047322186988305592,0.45099587979547945,True
CSI500,000905.SH,2020-11-03,6175.1599999999999,6164.25,6185.8500000000004,6185.6800000000003,6205.71,6241.7700000000004,6143.1199999999999,0.0051771420343353913,0.012714366854032436,0.0052155907747202246,0.41021238686895911,True
CSI1000,000852.SH,2020-11-04,6652.5799999999999,6652.5799999999999,6643.5600000000004,6637.8999999999996,6610.3299999999999,6632.6800000000003,6647.5799999999999,0.020539501580493003,0.014641977235268194,0.00075215341522771872,0.051369661565652723,True
CSI300,000300.SH,2020-11-04,4781.4499999999998,4784.96,4792.5699999999997,4795.6800000000003,4787.3100000000004,4813.6599999999999,4777.5600000000004,0.012016954645687417,0.010744697306555268,0.00081422315993928684,0.075779069126734239,True
CSI500,000905.SH,2020-11-04,6246.6400000000003,6247.5100000000002,6236.0699999999997,6235.5299999999997,6211.1999999999998,6234.1599999999999,6241.7700000000004,0.016058615166234746,0.013066399639287074,0.00078022740344474428,0.059712501146743958,True
CSI1000,000852.SH,2020-11-05,6685.1999999999998,6694.25,6706.7299999999996,6693.1400000000003,6674.3999999999996,6754.9499999999998,6632.6800000000003,-0.0022414171773788016,0.014464790968566094,0.0079183678392444889,0.54742359267079288,True
CSI300,000300.SH,2020-11-05,4861.3400000000001,4879.3500000000004,4875.7200000000003,4856.8100000000004,4846.5799999999999,4885.1099999999997,4813.6599999999999,0.0075561583737304705,0.010812567295637109,0.0099051449416869275,0.91607706762515795,True
CSI500,000905.SH,2020-11-05,6294.6099999999997,6298.8000000000002,6316.71,6300.3199999999997,6282.1999999999998,6351.9799999999996,6234.1599999999999,-0.0012192054497363047,0.012948818740738718,0.0096965749996791306,0.74883857700258072,True
CSI1000,000852.SH,2020-11-06,6771.1800000000003,6735.4799999999996,6725.0200000000004,6705.3500000000004,6689.0799999999999,6688.6599999999999,6754.9499999999998,0.018434478973808455,0.015025726705574824,0.002402682477294471,0.15990457728763502,True
CSI300,000300.SH,2020-11-06,4897.6300000000001,4870.1599999999999,4877.5699999999997,4881.8299999999999,4878.8299999999999,4885.7200000000003,4885.1099999999997,0.014843175463161051,0.011125711874658696,0.0025628900884524519,0.23035740250383518,True
CSI500,000905.SH,2020-11-06,6366.1899999999996,6330.0799999999999,6308.6400000000003,6299.9799999999996,6289.7399999999998,6301.25,6351.9799999999996,0.018899097873650961,0.013518839260854221,0.0022370977238592715,0.16548001501409337,True
CSI1000,000852.SH,2020-11-09,6723.4300000000003,6744.5500000000002,6777.3599999999997,6786.79,6797.8400000000001,6851.9799999999996,6688.6599999999999,-0.0098135441417034341,0.013443636578589345,0.0051983506412345282,0.38667741506145331,True
CSI300,000300.SH,2020-11-09,4918.8599999999997,4944.6999999999998,4943,4947.6800000000003,4951.8100000000004,4981.3500000000004,4885.7200000000003,0.00012486924552379541,0.010371918447575649,0.0067830330023004315,0.6539805568839494,True
CSI500,000905.SH,2020-11-09,6337.4399999999996,6379.1000000000004,6409.3000000000002,6412.0600000000004,6412.8299999999999,6421.6499999999996,6301.25,-0.0079864861035455759,0.012260903752214536,0.0057433048998214442,0.46842427082784188,True
CSI1000,000852.SH,2020-11-10,6854.6999999999998,6801.79,6800.3199999999997,6795.3100000000004,6815.9300000000003,6779.4899999999998,6851.9799999999996,0.024417446842865287,0.012632415482957026,0.00039696554864443456,0.031424358166496275,True
CSI300,000300.SH,2020-11-10,4995.4099999999999,4971.3299999999999,4972.3299999999999,4974.2700000000004,4979.75,4953.8800000000001,4981.3500000000004,0.01957336892003636,0.0090263643835723373,0.0028225280295501864,0.31269821487453875,True
CSI500,000905.SH,2020-11-10,6434.4300000000003,6399.4399999999996,6376.9700000000003,6375.0600000000004,6389.8599999999997,6373.0900000000001,6421.6499999999996,0.019107319976195081,0.011189693004713423,0.0019901427203290467,0.17785498846936559,True
CSI1000,000852.SH,2020-11-11,6761.3500000000004,6750.3500000000004,6740.2799999999997,6749.7600000000002,6713.1800000000003,6663.7299999999996,6779.4899999999998,-0.010579423757804296,0.012765887097314882,-0.0026757174949737506,-0.20959902547912621,True
CSI300,000300.SH,2020-11-11,4937.7600000000002,4942.1800000000003,4940.6300000000001,4946.79,4930.3900000000003,4904.8999999999996,4953.8800000000001,-0.0055145693436519094,0.0091556946021988488,-0.0032540150346798136,-0.35540886585473519,True
CSI500,000905.SH,2020-11-11,6356.3699999999999,6358.9200000000001,6358.8800000000001,6363.04,6341.4799999999996,6294.6099999999997,6373.0900000000001,-0.0075619194443794502,0.011271341062350134,-0.0026235311285420782,-0.23276122282427483,True
CSI1000,000852.SH,2020-11-12,6680.1999999999998,6677.9200000000001,6691.8199999999997,6672.1599999999999,6668.2700000000004,6676.4200000000001,6663.7299999999996,-0.017075030717649931,0.013117873814097456,0.0024715887348376597,0.1884138214671271,True
CSI300,000300.SH,2020-11-12,4916.7700000000004,4912.6599999999999,4922.6000000000004,4910.8999999999996,4904.1899999999996,4908.46,4904.8999999999996,-0.0098871995284505187,0.0093296885566474547,0.0024200289506413064,0.25939011103613124,True
CSI500,000905.SH,2020-11-12,6305.0699999999997,6306.7600000000002,6314.46,6307.8000000000002,6303.1800000000003,6315.4899999999998,6294.6099999999997,-0.012314277689472575,0.011483439394983971,0.0016617391704967233,0.14470744463741239,True
CSI1000,000852.SH,2020-11-13,6663.2200000000003,6625.6199999999999,6636.7600000000002,6636.8699999999999,6662.1400000000003,6686.3900000000003,6676.4200000000001,0.0019043388612685064,0.013055695367993793,-0.0019771074917395159,-0.15143639890575425,True
CSI300,000300.SH,2020-11-13,4886.9799999999996,4865.7600000000002,4835.79,4835.2200000000003,4845.9200000000001,4856.8500000000004,4908.46,0.0007258048074374468,0.00930717532454047,-0.0043761179677537232,-0.47018755048216399,True
CSI500,000905.SH,2020-11-13,6304.46,6269.5699999999997,6257.5299999999997,6262.71,6282.3500000000004,6306.9700000000003,6315.4899999999998,0.0033171236978939422,0.011448073873516072,-0.0017464994798502831,-0.15255836913235055,True
CSI1000,000852.SH,2020-11-16,6703.1800000000003,6689.4799999999996,6685.9200000000001,6697.3900000000003,6698.4499999999998,6747.8100000000004,6686.3900000000003,0.0014933152797458327,0.013072128141795779,0.0025110709964568656,0.19209351141748432,True
CSI300,000300.SH,2020-11-16,4880.96,4867.96,4856.0200000000004,4861.6999999999998,4869.2700000000004,4904.1700000000001,4856.8500000000004,-0.010514499456041104,0.0096555046807762172,0.004964122836818019,0.51412360108958566,True
CSI500,000905.SH,2020-11-16,6319.6999999999998,6315.4899999999998,6310.6199999999999,6329.1700000000001,6348.6400000000003,6387.3699999999999,6306.9700000000003,-0.0013490639681164041,0.011413844778011883,0.0020184018633353507,0.17683803333506742,True
CSI1000,000852.SH,2020-11-17,6743.8699999999999,6722.0900000000001,6700.8199999999997,6694.1899999999996,6665.3000000000002,6681.7200000000003,6747.8100000000004,0.0091858237404638388,0.013217433549807093,-0.00058389314459073027,-0.044175984875615443,True
CSI300,000300.SH,2020-11-17,4903.1199999999999,4900.9799999999996,4901.3100000000004,4889.7399999999998,4881.6300000000001,4894.79,4904.1700000000001,0.00974294038317014,0.0096501138275714576,-0.00021410350783113152,-0.022186630298537392,True
CSI500,000905.SH,2020-11-17,6380.7700000000004,6363.1999999999998,6356.9200000000001,6352.9700000000003,6326.0699999999997,6336.9399999999996,6387.3699999999999,0.012747801242117829,0.011544481017520085,-0.001033289131520454,-0.089505031014587691,True
CSI1000,000852.SH,2020-11-18,6673.6000000000004,6699.3400000000001,6716.7200000000003,6697.9200000000001,6684.6499999999996,6682.1300000000001,6681.7200000000003,-0.0097942888137040329,0.013136277270807233,-0.0012152559520601791,-0.09251144194107748,True
CSI300,000300.SH,2020-11-18,4889.6700000000001,4898.21,4907.2700000000004,4905.1499999999996,4903.6400000000003,4891.6700000000001,4894.79,-0.0019126580032911011,0.0095579038614461223,-0.0010460101454812243,-0.10943928298970793,True
CSI500,000905.SH,2020-11-18,6333.4499999999998,6360.96,6374.8299999999999,6359.8699999999999,6347.1800000000003,6341.0100000000002,6336.9399999999996,-0.007895268318572457,0.011436117785668488,-0.00055073900021140876,-0.048157863580382473,True
CSI1000,000852.SH,2020-11-19,6664.8299999999999,6634.3800000000001,6674.1099999999997,6672.6400000000003,6673.9200000000001,6718.46,6682.1300000000001,6.1361445855334651e-05,0.012721447490043997,-0.0025889948264999907,-0.20351416995009242,True
CSI300,000300.SH,2020-11-19,4880.9200000000001,4876.0600000000004,4888.5799999999999,4896.9799999999996,4903.4399999999996,4927.9899999999998,4891.6700000000001,-0.00063741243240256207,0.0095619613506980183,-0.0021976134939601932,-0.22982873631880646,True
CSI500,000905.SH,2020-11-19,6328.0799999999999,6303.3999999999996,6316.9399999999996,6316.3000000000002,6320.6300000000001,6360.6000000000004,6341.0100000000002,0.00064226582546167421,0.011152798654971182,-0.00203910733463597,-0.18283369024393448,True
CSI1000,000852.SH,2020-11-20,6713.6499999999996,6721.4399999999996,6724.0299999999997,6718.7299999999996,6720.3699999999999,6766.0600000000004,6718.46,0.0054368891356497695,0.01272906651452098,-0.00071593787862100911,-0.056244334791108699,True
CSI300,000300.SH,2020-11-20,4928.2200000000003,4929.9700000000003,4930.5299999999997,4925.4200000000001,4932.6800000000003,4943.29,4927.9899999999998,0.007424867172151739,0.0096102415011923969,4.6672172630213282e-05,0.0048565036190216871,True
CSI500,000905.SH,2020-11-20,6354.79,6372.6800000000003,6380.1599999999999,6375.9300000000003,6384.8199999999997,6422.9899999999998,6360.6000000000004,0.0030894132007361907,0.011104390943250841,-0.00091343583938630069,-0.082258977016788082,True
CSI1000,000852.SH,2020-11-23,6776.2399999999998,6746.3000000000002,6745.7399999999998,6767.3999999999996,6775.3299999999999,6807.7200000000003,6766.0600000000004,0.0070849569693054448,0.012007782942573085,0.0015045683898753381,0.12529943263222679,True
CSI300,000300.SH,2020-11-23,4954.6000000000004,4951.46,4957.5900000000001,4959.9700000000003,4977.9899999999998,5005.0299999999997,4943.29,0.0031047140923581296,0.0090257119535409117,0.0022879499280843429,0.25349246019165816,True
CSI500,000905.SH,2020-11-23,6435.9200000000001,6412,6416.4899999999998,6418.6400000000003,6442.1400000000003,6472.9300000000003,6422.9899999999998,0.0098088230670061449,0.010545902934548245,0.0020130811351100064,0.19088750841003646,True
CSI1000,000852.SH,2020-11-24,6798.8299999999999,6805.3400000000001,6798.3999999999996,6798.7799999999997,6805.8800000000001,6808,6807.7200000000003,0.0061572022713365371,0.012063124800296086,-0.0013058703941996042,-0.10825307835392302,True
CSI300,000300.SH,2020-11-24,4997.0500000000002,4998.1899999999996,4976.9099999999999,4976.3800000000001,4976.8900000000003,4974.29,5005.0299999999997,0.012489657697606127,0.0090822139600750806,-0.0015943960375861543,-0.17555147286719217,True
CSI500,000905.SH,2020-11-24,6472.75,6474.6199999999999,6465.3000000000002,6470.0100000000002,6472.6199999999999,6475.1899999999996,6472.9300000000003,0.0077751950415616555,0.010624215619724479,-2.780811780755954e-05,-0.0026174278462432689,True
CSI1000,000852.SH,2020-11-25,6816.2299999999996,6796.1000000000004,6796.6199999999999,6776.6300000000001,6766.9700000000003,6691.8699999999999,6808,4.1129776195303336e-05,0.012030904097112759,0.001208871915393539,0.10048055454815324,True
CSI300,000300.SH,2020-11-25,4992.75,4992.3500000000004,4989.1700000000001,4979.5799999999999,4971.1700000000001,4910.6999999999998,4974.29,-0.0061418213277442124,0.0093203365738386661,0.003711082385627007,0.39817042616719189,True
CSI500,000905.SH,2020-11-25,6489.2600000000002,6470.8199999999997,6463.2700000000004,6446.6999999999998,6430.0799999999999,6350.3699999999999,6475.1899999999996,0.00034914636802807486,0.010629331487373068,0.0021729092119304738,0.20442576417075187,True
CSI1000,000852.SH,2020-11-26,6678.1400000000003,6686.3000000000002,6673.8999999999996,6657.21,6621.4700000000003,6643.1800000000003,6691.8699999999999,-0.01705787309048179,0.012691790624088048,-0.0020517433841361621,-0.16165909483584689,True
CSI300,000300.SH,2020-11-26,4908.3199999999997,4921.8000000000002,4906.5500000000002,4905.29,4887.6800000000003,4919.5900000000001,4910.6999999999998,-0.012783733960022414,0.0098605345389575945,-0.00048465595536284489,-0.049151083386812032,True
CSI500,000905.SH,2020-11-26,6349.8599999999997,6353.21,6334.8299999999999,6324.04,6300.2299999999996,6334.3000000000002,6350.3699999999999,-0.019276654430217421,0.011632703280847966,-8.0310281133311179e-05,-0.0069038364681349423,True
CSI1000,000852.SH,2020-11-27,6639.6000000000004,6620.4700000000003,6615.2600000000002,6637.6400000000003,6621.2799999999997,6641.7700000000004,6643.1800000000003,-0.0072759931080549345,0.012795427372399325,-0.0005388985395547996,-0.042116493952929095,True
CSI300,000300.SH,2020-11-27,4930.5900000000001,4929.0100000000002,4938.1899999999996,4933.6899999999996,4934.9499999999998,4980.7700000000004,4919.5900000000001,0.0018103325391491953,0.00976966188771905,0.0022359586876141702,0.22886756095672883,True
CSI500,000905.SH,2020-11-27,6337.3800000000001,6326.3199999999997,6333.5600000000004,6336.6499999999996,6318.7700000000004,6351.6099999999997,6334.3000000000002,-0.0025305612113939446,0.011656630852926227,0.00048624157365462217,0.04171373184838896,True
CSI1000,000852.SH,2020-11-30,6642.1499999999996,6606.5500000000002,6648.46,6657.9799999999996,6656.3800000000001,6622.3599999999997,6641.7700000000004,-0.00021224774881911657,0.011444136178530701,5.7213664429678346e-05,0.0049993868944876486,True
CSI300,000300.SH,2020-11-30,4994.1099999999997,5004.7299999999996,5016.5200000000004,5031.3500000000004,5042.5100000000002,4960.25,4980.7700000000004,0.012435995682567036,0.0090994411438949721,0.0026783007446637974,0.29433683918717712,True
CSI500,000905.SH,2020-11-30,6360.46,6330.6400000000003,6371.8500000000004,6388.96,6373.9700000000003,6320.9399999999996,6351.6099999999997,0.0027327407921948765,0.010240835052451573,0.001393347513465093,0.13605799784183975,True
CSI1000,000852.SH,2020-12-01,6608.6199999999999,6611.1099999999997,6628.4700000000003,6634.21,6665.1499999999996,6713.2299999999996,6622.3599999999997,-0.0029224137541650208,0.011478224246684756,-0.0020747890480130593,-0.18075871349284001,True
CSI300,000300.SH,2020-12-01,4963.1300000000001,4963.3500000000004,4984.1499999999996,4991.1999999999998,4998.04,5067.1000000000004,4960.25,-0.0041198449235761991,0.0092147238593318827,0.00058061589637614652,0.063009581756283281,True
CSI500,000905.SH,2020-12-01,6307.8500000000004,6308.2700000000004,6326.6899999999996,6339.8400000000001,6382.8299999999999,6426.6199999999999,6320.9399999999996,-0.0048286969760422682,0.010320448216371059,-0.0020708945188531169,-0.20065935853135822,True
CSI1000,000852.SH,2020-12-02,6712.8900000000003,6729.1400000000003,6724.6499999999996,6708.3699999999999,6708.3800000000001,6735.71,6713.2299999999996,0.013721694380855132,0.010953148034122121,-5.0646261188558306e-05,-0.0046238999994139612,True
CSI300,000300.SH,2020-12-02,5072.9799999999996,5079.9700000000003,5065.0200000000004,5053.3000000000002,5059.4899999999998,5067.1400000000003,5067.1000000000004,0.021541252961040369,0.0099484243444508298,0.001160427068737313,0.11664430753645849,True
CSI500,000905.SH,2020-12-02,6437.96,6443.1800000000003,6421.6899999999996,6403.8199999999997,6407.0799999999999,6434.9799999999996,6426.6199999999999,0.016719032295829495,0.010370489351569775,0.0017645356345947771,0.17014969831946072,True
CSI1000,000852.SH,2020-12-03,6726.2600000000002,6708.6400000000003,6691.9799999999996,6684.1499999999996,6704.1000000000004,6711.8400000000001,6735.71,0.0033486116221252971,0.010949535344241557,-0.0014029701397476613,-0.12813056405041826,True
CSI300,000300.SH,2020-12-03,5065.4499999999998,5062.54,5055.7700000000004,5050.4399999999996,5034.4099999999999,5057.0600000000004,5067.1400000000003,7.8940616921041595e-06,0.0099093057692520217,-0.00033352147365195428,-0.033657400570567847,True
CSI500,000905.SH,2020-12-03,6437.3800000000001,6420.5,6411.71,6403.5200000000004,6413.8299999999999,6440.8800000000001,6434.9799999999996,0.0013008393214473113,0.010350858303427536,0.00037296153212595939,0.036031942588032398,True
CSI1000,000852.SH,2020-12-04,6700.6899999999996,6700.6899999999996,6712.2399999999998,6704.0699999999997,6711.4700000000003,6746.6300000000001,6711.8400000000001,-0.0035437986492886653,0.010164226770408307,-0.001661243414622593,-0.16344021558620334,True
CSI300,000300.SH,2020-12-04,5049.5200000000004,5039.6499999999996,5031.6400000000003,5033.3000000000002,5033.3400000000001,5065.9200000000001,5057.0600000000004,-0.0019892878428462435,0.0095234314468088579,-0.0014909848805432224,-0.15655962757445233,True
CSI500,000905.SH,2020-12-04,6426.0299999999997,6423.6800000000003,6426.54,6425.7200000000003,6428.21,6464.7299999999996,6440.8800000000001,0.00091686376647648338,0.0095201895639442889,-0.0023055855721578755,-0.24217853611757847,True
CSI1000,000852.SH,2020-12-07,6760.1000000000004,6757.0200000000004,6758.4200000000001,6762.21,6760.1700000000001,6733,6746.6300000000001,0.0051833774345038108,0.0099746153526825716,0.0019965523528042706,0.20016334286688239,True
CSI300,000300.SH,2020-12-07,5065.7299999999996,5062.1599999999999,5034.8100000000004,5040.25,5040.5500000000002,5022.2299999999996,5065.9200000000001,0.0017520061063147629,0.0095155483497931133,-3.7505527130443639e-05,-0.0039414992969122042,True
CSI500,000905.SH,2020-12-07,6465.9899999999998,6461.5799999999999,6451.1400000000003,6451.6400000000003,6446.4099999999999,6424.6800000000003,6464.7299999999996,0.003702910161344386,0.0093129334566250249,0.00019490373147834639,0.020928285634822824,True
CSI1000,000852.SH,2020-12-08,6735.2299999999996,6744.6499999999996,6740.2700000000004,6731.6099999999997,6744.3699999999999,6734.3699999999999,6733,-0.0020202678967129462,0.0082353619089564518,0.00033120451507495652,0.040217360054905622,True
CSI300,000300.SH,2020-12-08,5029.1099999999997,5027.75,5039.9899999999998,5022.9499999999998,5021.46,5009.8800000000001,5022.2299999999996,-0.0086242972648601368,0.0088153849312562066,0.0013699093828836162,0.15539983716722416,True
CSI500,000905.SH,2020-12-08,6424.1599999999999,6435.0200000000004,6436.8400000000001,6426.1800000000003,6435.5200000000004,6423.6499999999996,6424.6800000000003,-0.0061951543219901373,0.008448282540969387,-8.0937883287668377e-05,-0.00958039493768887,True
CSI1000,000852.SH,2020-12-09,6734.1199999999999,6725.7700000000004,6719.7399999999998,6694.0699999999997,6684.8699999999999,6602.5200000000004,6734.3699999999999,0.00020347541957521642,0.007910981674985525,-3.7122997399885449e-05,-0.0046925904931960768,True
CSI300,000300.SH,2020-12-09,5022.3800000000001,5026.9700000000003,5016.6099999999997,5004.3599999999997,5007.79,4942.6999999999998,5009.8800000000001,-0.0024590669881704441,0.0087327467587673627,0.002495069742189493,0.28571419864941494,True
CSI500,000905.SH,2020-12-09,6430.4799999999996,6426.6499999999996,6423.2299999999996,6394.8800000000001,6394.6199999999999,6307.2200000000003,6423.6499999999996,-0.0001603192688197641,0.0082568898660304226,0.0010632584278409407,0.12877226717232601,True
CSI1000,000852.SH,2020-12-10,6576.0600000000004,6561.9499999999998,6562.8500000000004,6586.5900000000001,6605.5200000000004,6605.1899999999996,6602.5200000000004,-0.019578668828709955,0.0082046874691006563,-0.0040075607495320131,-0.4884477031726957,True
CSI300,000300.SH,2020-12-10,4931.29,4936.3000000000002,4928.5100000000002,4934.6099999999997,4948.9899999999998,4940.5200000000004,4942.6999999999998,-0.013409502822422925,0.0089871511678314055,-0.0023084548930746296,-0.2568616962110874,True
CSI500,000905.SH,2020-12-10,6295.3500000000004,6288.6099999999997,6274.2399999999998,6291.04,6309.4899999999998,6320.1000000000004,6307.2200000000003,-0.018125209187922708,0.0088124057368907383,-0.0018819701865481209,-0.21355918494194664,True
CSI1000,000852.SH,2020-12-11,6610.5500000000002,6595.9300000000003,6593.6999999999998,6568.4399999999996,6544.46,6498.2399999999998,6605.1899999999996,0.00040439105068967862,0.0081890752153210618,0.00081148309132683671,0.099093373792515788,True
CSI300,000300.SH,2020-12-11,4957.8199999999997,4951.0100000000002,4947.8199999999997,4930.9099999999999,4919.9799999999996,4889.6300000000001,4940.5200000000004,-0.00044105448439102357,0.0089888636176412382,0.0035016556961613432,0.38955488091833018,True
CSI500,000905.SH,2020-12-11,6328.8299999999999,6319.8000000000002,6306.4399999999996,6279,6267.5200000000004,6209.4300000000003,6320.1000000000004,0.0020421041282847607,0.0087927796643129143,0.0013813072577963936,0.1570956296565327,True
CSI1000,000852.SH,2020-12-14,6493.6499999999996,6463.3100000000004,6514.8299999999999,6527.3000000000002,6530.2600000000002,6576.8199999999997,6498.2399999999998,-0.016191812801751304,0.0088871055076072264,-0.00070634510267397754,-0.079479770108429229,True
CSI300,000300.SH,2020-12-14,4903.6300000000001,4894.5100000000002,4910.1599999999999,4904,4909.6899999999996,4934.8299999999999,4889.6300000000001,-0.010300535166338887,0.008975352389351229,0.0028632023281924823,0.31900723269534437,True
CSI500,000905.SH,2020-12-14,6207.8299999999999,6180.9200000000001,6213.8400000000001,6219.6099999999997,6214.6499999999996,6259.0200000000004,6209.4300000000003,-0.017510798879764589,0.0096329046176061688,-0.00025767260440978657,-0.026749211648876437,True
CSI1000,000852.SH,2020-12-15,6565.5,6565.7200000000003,6571.4899999999998,6576.4799999999996,6595.7200000000003,6596.5,6576.8199999999997,0.012092505047520463,0.0090905692206699855,-0.0017211965661215745,-0.18933870083822102,True
CSI300,000300.SH,2020-12-15,4931.6000000000004,4921.4200000000001,4913.7799999999997,4910.0900000000001,4926.2799999999997,4945.1000000000004,4934.8299999999999,0.0092440532310216206,0.0089485986461198767,-0.00065453115912794679,-0.073143425581138594,True
CSI500,000905.SH,2020-12-15,6250.1000000000004,6249.5900000000001,6252.7799999999997,6256.5500000000002,6266.2299999999996,6265.5799999999999,6259.0200000000004,0.0079862402829244949,0.0093364221292317907,-0.0014251432332856862,-0.15264340167564255,True
CSI1000,000852.SH,2020-12-16,6597.3100000000004,6588.6199999999999,6579.7299999999996,6572.1599999999999,6543.0799999999999,6543.3599999999997,6596.5,0.0029923275990524356,0.0089052656548905228,0.00012279238990386965,0.013788739680824176,True
CSI300,000300.SH,2020-12-16,4957.3000000000002,4956.3599999999997,4958.5699999999997,4955.2600000000002,4947.96,4953.8699999999999,4945.1000000000004,0.002081125388311289,0.0089400163865965658,0.0024670886331923381,0.27596019140313349,True
CSI500,000905.SH,2020-12-16,6268.21,6259.3599999999997,6250.0900000000001,6250.6000000000004,6224.6400000000003,6235.4399999999996,6265.5799999999999,0.0010480874002638529,0.0092006063769286967,0.00041975363813095967,0.045622388452953237,True
CSI1000,000852.SH,2020-12-17,6530.6599999999999,6523.4899999999998,6520.6800000000003,6487.1199999999999,6486.5100000000002,6597.8599999999997,6543.3599999999997,-0.0080557871598575526,0.0090570336901922878,-0.0019408988654147086,-0.21429741036698097,True
CSI300,000300.SH,2020-12-17,4960.7299999999996,4965.5299999999997,4971.3199999999997,4958.4399999999996,4960.3900000000003,5017.4799999999996,4953.8699999999999,0.0017734727305815934,0.0089394272148935142,0.0013847759428486928,0.15490656275399722,True
CSI500,000905.SH,2020-12-17,6225.0799999999999,6229.4300000000003,6219.3000000000002,6202.7799999999997,6208.6599999999999,6308.8999999999996,6235.4399999999996,-0.0048104086134085344,0.0092448567292906444,-0.0016614705618207548,-0.17971836778786285,True
CSI1000,000852.SH,2020-12-18,6604.0299999999997,6589.2799999999997,6610.7299999999996,6616.9099999999999,6619.7799999999997,6573.3999999999996,6597.8599999999997,0.008329054186228424,0.009187527078024775,0.00093515170070301856,0.10178491913670275,True
CSI300,000300.SH,2020-12-18,5014.3199999999997,5012.5600000000004,5021.7399999999998,5020.6400000000003,5014.8999999999996,4999.9700000000003,5017.4799999999996,0.012840466140613183,0.0092320421502144895,-0.000629798225403988,-0.068218733748887372,True
CSI500,000905.SH,2020-12-18,6310.1599999999999,6296.4300000000003,6320.2799999999997,6318.9700000000003,6319.4399999999996,6291.9200000000001,6308.8999999999996,0.011781045122717826,0.0096333545648592152,0.00019971785889771887,0.020731911978642884,True
CSI1000,000852.SH,2020-12-21,6576.71,6577.1899999999996,6602.7200000000003,6630.3699999999999,6670.3199999999997,6691.5900000000001,6573.3999999999996,-0.0037072626578921186,0.0090112658004528352,0.00050354458879731112,0.055879451338790485,True
CSI300,000300.SH,2020-12-21,4995.7600000000002,4982.8299999999999,4992.4899999999998,5008.75,5036.5200000000004,5046.8400000000001,4999.9700000000003,-0.003489799660387094,0.0092683729308608975,-0.00084200505203035902,-0.090847126924158944,True
CSI500,000905.SH,2020-12-21,6302.2600000000002,6296.3199999999997,6307.6700000000001,6346.2799999999997,6384.4300000000003,6398.6000000000004,6291.9200000000001,-0.0026914359080029149,0.0093396529280526837,0.0016433775381758942,0.17595702440289054,True
CSI1000,000852.SH,2020-12-22,6668.21,6660.7600000000002,6649.6800000000003,6658.1899999999996,6661.8900000000003,6549.9700000000003,6691.5900000000001,0.017980040770377625,0.0098794049625445142,-0.0034939379131118109,-0.35365874021343097,True
CSI300,000300.SH,2020-12-22,5034.9799999999996,5034.8000000000002,5039.7299999999996,5038.6400000000003,5036.1300000000001,4964.7700000000004,5046.8400000000001,0.0093740562443374031,0.0090825293802107385,-0.0023499853373597501,-0.25873688253406169,True
CSI500,000905.SH,2020-12-22,6372.8800000000001,6363.3000000000002,6356.6400000000003,6362.6300000000001,6355.5,6250.0600000000004,6398.6000000000004,0.016955078894836495,0.0099955621736253671,-0.0040196292939080891,-0.40214139275872052,True
CSI1000,000852.SH,2020-12-23,6552.2700000000004,6555.3599999999997,6574.4300000000003,6558.1999999999998,6586.3999999999996,6601.2399999999998,6549.9700000000003,-0.021163878838960537,0.010870956318743132,0.00035114664647317717,0.032301357505019918,True
CSI300,000300.SH,2020-12-23,4977.3000000000002,4978.0600000000004,4994.71,4985.3999999999996,5009.21,5007.1199999999999,4964.7700000000004,-0.016261660761981656,0.0097283209130077965,0.0025237825720023643,0.25942632799333332,True
CSI500,000905.SH,2020-12-23,6255.3500000000004,6248.4399999999996,6265.5799999999999,6250.5100000000002,6290.1800000000003,6307.6000000000004,6250.0600000000004,-0.023214453161629067,0.011202384106357289,0.00084639187463797505,0.075554620034645345,True
CSI1000,000852.SH,2020-12-24,6591.79,6576.8299999999999,6586.3199999999997,6557.1899999999996,6564.4399999999996,6496.3299999999999,6601.2399999999998,0.0078275167672523516,0.01045785478862791,-0.0014315492240851713,-0.13688746430499951,True
CSI300,000300.SH,2020-12-24,5006,5000.0600000000004,5023.7700000000004,5013.9700000000003,5022.5200000000004,5000.0200000000004,5007.1199999999999,0.0085301031064881627,0.0094227026338060283,-0.00022368147757589885,-0.023738569099420809,True
CSI500,000905.SH,2020-12-24,6308.4799999999996,6278.5200000000004,6294.1000000000004,6268.0299999999997,6274.5100000000002,6205.2200000000003,6307.6000000000004,0.009206311619408547,0.010648132612633105,0.00013951423679348096,0.013102225701806077,True
CSI1000,000852.SH,2020-12-25,6466.3500000000004,6466.6099999999997,6482.5900000000001,6464.9499999999998,6493.0799999999999,6561.2700000000004,6496.3299999999999,-0.015892468687701111,0.010913629123437449,-0.0046149133433799339,-0.42285781303207615,True
CSI300,000300.SH,2020-12-25,4985.7700000000004,4985.2600000000002,4987.1899999999996,4974.29,4993.5299999999997,5042.0100000000002,5000.0200000000004,-0.0014179807953472734,0.009435999178477596,-0.0028499886000455943,-0.30203357865334313,True
CSI500,000905.SH,2020-12-25,6190.9899999999998,6197.6099999999997,6204.8800000000001,6191.9399999999996,6207.8599999999997,6278.5,6205.2200000000003,-0.016231213139704548,0.011225344415343078,-0.002293230538159885,-0.2042904389664375,True
CSI1000,000852.SH,2020-12-28,6561.7700000000004,6550.4300000000003,6515.9300000000003,6485.2399999999998,6547.4700000000003,6519.4700000000003,6561.2700000000004,0.0099964133595431548,0.011190595667587615,7.6204759139608669e-05,0.0068097142818168074,True
CSI300,000300.SH,2020-12-28,5042.9399999999996,5046.46,5039.9700000000003,5040.1499999999996,5079.8400000000001,5064.4099999999999,5042.0100000000002,0.0083979664081343941,0.0092157529909797937,0.00018445024900781704,0.020014669358906806,True
CSI500,000905.SH,2020-12-28,6283.7799999999997,6279.9200000000001,6256.1400000000003,6231,6272.3999999999996,6244.4799999999996,6278.5,0.011809412075639569,0.011561326605262615,0.00084096519869381048,0.072739507100423109,True
CSI1000,000852.SH,2020-12-29,6514.9099999999999,6516.7200000000003,6519.5600000000004,6474.1499999999996,6527.1899999999996,6477.2600000000002,6519.4700000000003,-0.0063707178640720619,0.01125545041548128,-0.0006994433596596572,-0.062142636130990338,True
CSI300,000300.SH,2020-12-29,5071.4499999999998,5066.8000000000002,5067.8800000000001,5035.9499999999998,5062.0600000000004,5042.9399999999996,5064.4099999999999,0.0044426726642747827,0.0091812564390447438,0.0013900928242380761,0.15140551115928827,True
CSI500,000905.SH,2020-12-29,6240.7399999999998,6238.6000000000004,6256.5900000000001,6218.4099999999999,6246.1199999999999,6199.8500000000004,6244.4799999999996,-0.0054184916779486114,0.011573654416818372,-0.00059892897406987888,-0.051749339707218081,True
CSI1000,000852.SH,2020-12-30,6469.8900000000003,6469.0600000000004,6486.2399999999998,6483.7799999999997,6520.7299999999996,6526.8800000000001,6477.2600000000002,-0.0064744526779016986,0.010787623730120259,-0.0011378267971333678,-0.10547520247266572,True
CSI300,000300.SH,2020-12-30,5037.9799999999996,5048.4700000000003,5069.5600000000004,5072.9499999999998,5089.2399999999998,5113.71,5042.9399999999996,-0.0042393882011922956,0.007873987640414944,-0.00098355324473420325,-0.12491170797448342,True
CSI500,000905.SH,2020-12-30,6196.4499999999998,6191.8999999999996,6217.4700000000003,6213.4899999999998,6269.0299999999997,6269.25,6199.8500000000004,-0.0071471123296094063,0.010911429078585038,-0.00054840036452508123,-0.050259261236585535,True
CSI1000,000852.SH,2020-12-31,6536.8599999999997,6555.1199999999999,6596.4300000000003,6601.8400000000001,6616.4700000000003,6646.4700000000003,6526.8800000000001,0.0076606466314459443,0.010936572656621183,0.0015290613585663415,0.13981174967466817,True
CSI300,000300.SH,2020-12-31,5122.4799999999996,5147.3900000000003,5174.7799999999997,5193.0100000000002,5186.29,5211.29,5113.71,0.014033480469726189,0.0084944922791671748,0.001714997526257811,0.20189523633612089,True
CSI500,000905.SH,2020-12-31,6282.96,6295,6333.7299999999996,6351.7799999999997,6354.3400000000001,6367.1099999999997,6269.25,0.011193819205303379,0.011274624528431643,0.0021868644574709606,0.19396339558415118,True
