index_name,symbol,trading_day,open_0931,close_0935,close_0950,close_1005,close_1035,close_1500,prev_close_1500,r1,rvol20,gap,gap_rvol,required_clocks_complete
CSI1000,000852.SH,2015-01-05,6025.7399999999998,6012.8599999999997,5985.25,5972.8500000000004,5975.3000000000002,6049.7799999999997,6027.5200000000004,0.0075033889777573748,0.021643316398479554,-0.00029531216818867723,-0.013644497116413405,True
CSI300,000300.SH,2015-01-05,3566.0799999999999,3575.1799999999998,3589.27,3589.1900000000001,3582.1399999999999,3641.54,3533.6999999999998,0.02202426573729932,0.023889706523758689,0.0091632000452783746,0.38356268781139807,True
CSI500,000905.SH,2015-01-05,5338.75,5334.9399999999996,5335.8400000000001,5336.4499999999998,5347.3100000000004,5417.0100000000002,5322.71,0.009029246949809222,0.020221869969010414,0.0030135025203326116,0.14902195123154982,True
CSI1000,000852.SH,2015-01-06,6021.4399999999996,6008.4300000000003,6060.4700000000003,6041.3900000000003,6044.6400000000003,6172.3900000000003,6049.7799999999997,0.0036930611594816476,0.021320094430711155,-0.0046844678649471394,-0.21972078407866993,True
CSI300,000300.SH,2015-01-06,3608.4200000000001,3617.4400000000001,3659.4899999999998,3637.8499999999999,3665.3600000000001,3641.0500000000002,3641.54,0.030517587797492807,0.022848660551799418,-0.0090950531917814992,-0.39805629617379168,True
CSI500,000905.SH,2015-01-06,5389.8999999999996,5381.0100000000002,5428.6499999999996,5404.3599999999997,5421.6800000000003,5479.8599999999997,5417.0100000000002,0.01771653913138227,0.020046649115557862,-0.0050046058619054312,-0.24964800017482433,True
CSI1000,000852.SH,2015-01-07,6161.4799999999996,6165.4399999999996,6149.5900000000001,6152.8299999999999,6135.2700000000004,6166.7600000000002,6172.3900000000003,0.020266852678940461,0.021567888525283817,-0.0017675487128974154,-0.081952793423674092,True
CSI300,000300.SH,2015-01-07,3620.9200000000001,3637.6900000000001,3640.8699999999999,3653.0500000000002,3653.5599999999999,3643.79,3641.0500000000002,-0.00013455845603782546,0.022923955900709,-0.0055286249845512003,-0.24117237916952236,True
CSI500,000905.SH,2015-01-07,5471.3999999999996,5479.8999999999996,5481.9700000000003,5484.3800000000001,5475.6000000000004,5488.2399999999998,5479.8599999999997,0.01160234151312256,0.019539962434592197,-0.0015438350614797036,-0.0790091110281054,True
CSI1000,000852.SH,2015-01-08,6161.5500000000002,6162.3299999999999,6189.3400000000001,6167.9200000000001,6154.96,6164.1099999999997,6166.7600000000002,-0.00091212642104598896,0.021567257157791359,-0.00084485207791451522,-0.039172903245571267,True
CSI300,000300.SH,2015-01-08,3650.0700000000002,3645.73,3633.9099999999999,3593.0599999999999,3592.8099999999999,3559.25,3643.79,0.00075253017673460043,0.021598806925304932,0.001723480222515672,0.07979515852315254,True
CSI500,000905.SH,2015-01-08,5482.3900000000003,5485.79,5494.8500000000004,5469.4499999999998,5459.3500000000004,5444.0299999999997,5488.2399999999998,0.0015292361483687511,0.019290626319580881,-0.0010659154847454388,-0.055255618303252561,True
CSI1000,000852.SH,2015-01-09,6148.1000000000004,6162.1099999999997,6181.9899999999998,6189.5500000000002,6195.7299999999996,6128.0100000000002,6164.1099999999997,-0.00042972322581069644,0.018946266236762033,-0.0025972930398709959,-0.13708732936684839,True
CSI300,000300.SH,2015-01-09,3547.5700000000002,3556.9499999999998,3568.4299999999998,3572.8699999999999,3553.75,3546.7199999999998,3559.25,-0.023201117517749337,0.019342491632856805,-0.0032815902226591698,-0.16965705788828059,True
CSI500,000905.SH,2015-01-09,5424.5,5447.8999999999996,5463.3800000000001,5474.9399999999996,5469.2200000000003,5409.0500000000002,5444.0299999999997,-0.0080554057402737467,0.016884454194217736,-0.0035874159400296479,-0.2124685760501632,True
CSI1000,000852.SH,2015-01-12,6098.8100000000004,6092.6700000000001,6081.0500000000002,6072.6899999999996,6084.8000000000002,6062.2799999999997,6128.0100000000002,-0.0058564821198842099,0.017291718396332298,-0.0047650052790383368,-0.27556574597288319,True
CSI300,000300.SH,2015-01-12,3531.5100000000002,3541.5599999999999,3544.4299999999998,3538.3000000000002,3529.3299999999999,3513.5700000000002,3546.7199999999998,-0.003520404579616554,0.018127428728112169,-0.0042884693463255408,-0.23657350475056324,True
CSI500,000905.SH,2015-01-12,5386.5799999999999,5384.0600000000004,5371.1599999999999,5364.6400000000003,5363.04,5332.2200000000003,5409.0500000000002,-0.0064253870753834263,0.015206968484192354,-0.0041541490649930068,-0.27317404315733573,True
CSI1000,000852.SH,2015-01-13,6059.3800000000001,6074.9200000000001,6088.3199999999997,6082.8500000000004,6123.6300000000001,6167.1099999999997,6062.2799999999997,-0.010726157431205308,0.016923179481528463,-0.00047836787479293985,-0.028267021295559452,True
CSI300,000300.SH,2015-01-13,3506.4499999999998,3522.7600000000002,3526.7600000000002,3515.3299999999999,3547.3299999999999,3514.04,3513.5700000000002,-0.0093466639599403267,0.01800794997721086,-0.002026428959719162,-0.11252968618213716,True
CSI500,000905.SH,2015-01-13,5333.96,5358.8000000000002,5367.54,5359.8100000000004,5392.9700000000003,5405.0900000000001,5332.2200000000003,-0.01420397297122411,0.015139461447749093,0.00032631811890726503,0.021554143126787474,True
CSI1000,000852.SH,2015-01-14,6167.7399999999998,6162.9300000000003,6166.4899999999998,6145.1099999999997,6155.7799999999997,6139.29,6167.1099999999997,0.017292173901568342,0.017179002139863821,0.00010215481805908588,0.0059464931215088418,True
CSI300,000300.SH,2015-01-14,3522.9000000000001,3527.3400000000001,3535.98,3539.3800000000001,3523.6100000000001,3502.4200000000001,3514.04,0.00013376708020618189,0.018038095971914948,0.0025213144984121971,0.1397771972351099,True
CSI500,000905.SH,2015-01-14,5404.3699999999999,5408.2200000000003,5412,5401.5299999999997,5404.9099999999999,5379.7299999999996,5405.0900000000001,0.01366597777286005,0.01539376203106824,-0.00013320777267356032,-0.008653360523874257,True
CSI1000,000852.SH,2015-01-15,6136.5500000000002,6150.3400000000001,6159.7799999999997,6168.7799999999997,6161.9499999999998,6168.6499999999996,6139.29,-0.0045110270450826606,0.016516253179097381,-0.0004463056802984644,-0.027022211118881333,True
CSI300,000300.SH,2015-01-15,3501.71,3508.96,3490.0900000000001,3485.27,3524.9699999999998,3604.1199999999999,3502.4200000000001,-0.0033067352676691142,0.018119291577370418,-0.00020271697854623572,-0.011187908626594066,True
CSI500,000905.SH,2015-01-15,5380.4399999999996,5393.7700000000004,5394.0100000000002,5402.6499999999996,5412.2600000000002,5449.0299999999997,5379.7299999999996,-0.0046918737708346869,0.014871200586109802,0.00013197688359833926,0.0088746623269684143,True
CSI1000,000852.SH,2015-01-16,6172.9499999999998,6174.3999999999996,6184.9200000000001,6179.0500000000002,6189.04,6252.0699999999997,6168.6499999999996,0.0047823119611549725,0.016630692106598528,0.00069707310351541096,0.04191485832624095,True
CSI300,000300.SH,2015-01-16,3616.2399999999998,3619.8800000000001,3623.1399999999999,3627.0300000000002,3640.3499999999999,3635.1399999999999,3604.1199999999999,0.029037065800218143,0.018271873162047987,0.0033628181081650776,0.18404342446673153,True
CSI500,000905.SH,2015-01-16,5459.1800000000003,5462.5299999999997,5465.1400000000003,5463.4200000000001,5472.6899999999996,5520.1199999999999,5449.0299999999997,0.012881687370927652,0.015178828822261927,0.0018627168505220837,0.12271808795881159,True
CSI1000,000852.SH,2015-01-19,6133.54,6118.8000000000002,6217.6000000000004,6224.1499999999996,6262.0100000000002,6109.2799999999997,6252.0699999999997,0.013523218208197907,0.016899879456158,-0.01895852093786532,-1.1218139742977391,True
CSI300,000300.SH,2015-01-19,3414.0100000000002,3448.9899999999998,3479.77,3478.9499999999998,3465.9299999999998,3355.1500000000001,3635.1399999999999,0.0086068166431749749,0.018053565014499982,-0.060831219705430817,-3.3694851768375575,True
CSI500,000905.SH,2015-01-19,5359.4700000000003,5358.4799999999996,5429.8699999999999,5436.96,5457.4399999999996,5281.8900000000003,5520.1199999999999,0.013046358709715378,0.015395957473560864,-0.02910262820373466,-1.8902772532148102,True
CSI1000,000852.SH,2015-01-20,6135.6000000000004,6176.4899999999998,6218.7700000000004,6218.5699999999997,6241.9799999999996,6336.6300000000001,6109.2799999999997,-0.022838835777590494,0.017516311573162194,0.0043081999842862206,0.24595360537472258,True
CSI300,000300.SH,2015-01-20,3336.79,3356.02,3372.27,3370.23,3386.5300000000002,3396.2199999999998,3355.1500000000001,-0.077023168296131539,0.025584059093511632,-0.0054721845521065182,-0.21389039683285901,True
CSI500,000905.SH,2015-01-20,5303.1800000000003,5344.0500000000002,5377.4799999999996,5379.6300000000001,5400.7299999999996,5472.5100000000002,5281.8900000000003,-0.043156670507162764,0.018141588191193839,0.0040307541429298599,0.22218309116323343,True
CSI1000,000852.SH,2015-01-21,6358.0100000000002,6367.5200000000004,6415.8000000000002,6424.8299999999999,6414.8599999999997,6465.7299999999996,6336.6300000000001,0.037213877903779169,0.01942907071335925,0.0033740332006129137,0.17365901078804349,True
CSI300,000300.SH,2015-01-21,3420.4899999999998,3420.6100000000001,3420.4299999999998,3444.29,3450.8200000000002,3548.8800000000001,3396.2199999999998,0.012240883418028981,0.025609647607681363,0.00714618016500701,0.27904250282864429,True
CSI500,000905.SH,2015-01-21,5490.8400000000001,5498.5600000000004,5533.04,5554.7799999999997,5552.6999999999998,5611.6899999999996,5472.5100000000002,0.036089354378830318,0.020040487075336108,0.0033494685254116252,0.16713508573021796,True
CSI1000,000852.SH,2015-01-22,6472.1599999999999,6475.5500000000002,6497.7600000000002,6494.9799999999996,6485.9399999999996,6568.6300000000001,6465.7299999999996,0.020373605528490657,0.016219761162946059,0.00099447394184415394,0.061312489860579661,True
CSI300,000300.SH,2015-01-22,3551.0500000000002,3545.46,3562.9099999999999,3565.2600000000002,3545.4699999999998,3567.6100000000001,3548.8800000000001,0.044949973794395026,0.027473886084716334,0.00061146051712102079,0.022256062183397311,True
CSI500,000905.SH,2015-01-22,5617.6000000000004,5620.5900000000001,5638.4200000000001,5640.8500000000004,5631.2600000000002,5690.1499999999996,5611.6899999999996,0.025432571160217021,0.018540811356245863,0.0010531586741251431,0.05680218917552194,True
CSI1000,000852.SH,2015-01-23,6576.9799999999996,6571.6899999999996,6541.1999999999998,6539.4499999999998,6527.1599999999999,6502.0600000000004,6568.6300000000001,0.015914676301052033,0.015838570033886071,0.0012711935365516958,0.080259362671757692,True
CSI300,000300.SH,2015-01-23,3582.0799999999999,3594.8200000000002,3591,3590.5999999999999,3575.0500000000002,3571.73,3567.6100000000001,0.0052777214219696944,0.026933302271930058,0.0040559366074206515,0.15059187939414903,True
CSI500,000905.SH,2015-01-23,5697.8299999999999,5690.8000000000002,5664.8900000000003,5663.1599999999999,5652.3999999999996,5633.2799999999997,5690.1499999999996,0.013981527846335107,0.017793936666967648,0.0013497007987488541,0.075851725450637064,True
CSI1000,000852.SH,2015-01-26,6508.7299999999996,6529,6543.75,6555.0299999999997,6555.3000000000002,6642.6099999999997,6502.0600000000004,-0.010134533380628752,0.015604466528296671,0.0010258287373539066,0.065739430149290873,True
CSI300,000300.SH,2015-01-26,3580.1100000000001,3583.3000000000002,3575.0500000000002,3580.1199999999999,3574.7600000000002,3607.98,3571.73,0.0011548347493139932,0.025856026678271516,0.0023462019805529089,0.09074101020032492,True
CSI500,000905.SH,2015-01-26,5644.0299999999997,5655.3900000000003,5661.6599999999999,5675.7299999999996,5678.5600000000004,5758.9700000000003,5633.2799999999997,-0.0099944641178175697,0.017967123378308109,0.001908302090434022,0.10621077454936023,True
CSI1000,000852.SH,2015-01-27,6652.1999999999998,6653.46,6664.2600000000002,6676.4499999999998,6669.1300000000001,6693.8000000000002,6642.6099999999997,0.021616226242144654,0.01606977070715878,0.0014437096261861182,0.089840088729017942,True
CSI300,000300.SH,2015-01-27,3614.0300000000002,3613.27,3603.8899999999999,3606.6799999999998,3593.3000000000002,3574.9299999999998,3607.98,0.010149143412296002,0.025092185174495699,0.001676838563406724,0.066827123733771226,True
CSI500,000905.SH,2015-01-27,5767.7299999999996,5763.1899999999996,5769.0200000000004,5776.3500000000004,5764.5900000000001,5773.8100000000004,5758.9700000000003,0.022312045557827842,0.018112446078460756,0.0015211053365444815,0.083981220976738949,True
CSI1000,000852.SH,2015-01-28,6680.0799999999999,6666.8299999999999,6678.9499999999998,6681.8100000000004,6697.8599999999997,6666.2600000000002,6693.8000000000002,0.0077063082131874072,0.01609341207465724,-0.0020496578923780984,-0.12736005782178123,True
CSI300,000300.SH,2015-01-28,3547.23,3542.96,3544.1900000000001,3539.6399999999999,3529.0799999999999,3525.3200000000002,3574.9299999999998,-0.0091602503339819341,0.024300580657079882,-0.007748403465242637,-0.31885672093951256,True
CSI500,000905.SH,2015-01-28,5756.6800000000003,5748.1099999999997,5759.3100000000004,5761.54,5770.1999999999998,5739.9099999999999,5773.8100000000004,0.0025768496797171636,0.018035168289595387,-0.0029668451161365406,-0.16450332309059373,True
CSI1000,000852.SH,2015-01-29,6620.2299999999996,6621.3699999999999,6639.6800000000003,6651.0900000000001,6636.5500000000002,6625,6666.2600000000002,-0.0041142549822223984,0.015086589354670868,-0.0069049212001932592,-0.45768603080957249,True
CSI300,000300.SH,2015-01-29,3474.9099999999999,3489.0500000000002,3490.8899999999999,3494.6599999999999,3480.8000000000002,3481.79,3525.3200000000002,-0.013877194798219694,0.024561056518529658,-0.014299411117288718,-0.58219853476175909,True
CSI500,000905.SH,2015-01-29,5692.3800000000001,5702.8400000000001,5714.0699999999997,5727.5500000000002,5712.3800000000001,5701.1999999999998,5739.9099999999999,-0.0058713397219514185,0.017891494417339584,-0.0082806176403462661,-0.46282425867797194,True
CSI1000,000852.SH,2015-01-30,6629.2700000000004,6652.6599999999999,6632.3000000000002,6623.5699999999997,6610.9399999999996,6546.5900000000001,6625,-0.0061893775520307504,0.014277333610334932,0.0006445283018867709,0.045143464422531691,True
CSI300,000300.SH,2015-01-30,3496.8800000000001,3510,3498.8299999999999,3493.8699999999999,3477.4200000000001,3434.3899999999999,3481.79,-0.012347815233794468,0.024750229334643398,0.0043339776379391903,0.1751085850292641,True
CSI500,000905.SH,2015-01-30,5708.2799999999997,5731.0799999999999,5710.9499999999998,5698.75,5686.3999999999996,5632.7200000000003,5701.1999999999998,-0.0067440081813129327,0.017397762532970703,0.0012418438223531503,0.071379513313836629,True
CSI1000,000852.SH,2015-02-02,6485.1499999999996,6472.8599999999997,6480.2200000000003,6510.1999999999998,6532.0699999999997,6535.8999999999996,6546.5900000000001,-0.011835471698113165,0.014760437663671643,-0.0093850386231610905,-0.63582387169043952,True
CSI300,000300.SH,2015-02-02,3360.1900000000001,3368.71,3356.8800000000001,3365.71,3369.7800000000002,3353.96,3434.3899999999999,-0.013613687212611914,0.024410666619099099,-0.021605001179248684,-0.8850639565223819,True
CSI500,000905.SH,2015-02-02,5568.4300000000003,5565.7799999999997,5566.5900000000001,5595.3800000000001,5617,5609.3800000000001,5632.7200000000003,-0.012011506349540402,0.017713236582118791,-0.011413668707125457,-0.64435816990370698,True
CSI1000,000852.SH,2015-02-03,6547.75,6568.9399999999996,6582.5200000000004,6585.9499999999998,6592.3999999999996,6654.54,6535.8999999999996,-0.0016329111797135365,0.014818785739464241,0.0018130632353616782,0.12234897428426061,True
CSI300,000300.SH,2015-02-03,3388.5999999999999,3391.8000000000002,3391.1500000000001,3383.0700000000002,3373.7399999999998,3437.4400000000001,3353.96,-0.023419005995242159,0.023698661141974053,0.010328089780438532,0.43580899859975053,True
CSI500,000905.SH,2015-02-03,5627.3900000000003,5649.5699999999997,5655.5799999999999,5653.0600000000004,5647.0500000000002,5707.4700000000003,5609.3800000000001,-0.0041436464088397962,0.017428467635523508,0.0032106935169307071,0.18422121692365676,True
CSI1000,000852.SH,2015-02-04,6665.8699999999999,6673.1400000000003,6691.6599999999999,6677.8199999999997,6671.4300000000003,6653.3299999999999,6654.54,0.018152052509983418,0.014703516060177828,0.0017025970239865629,0.11579522999929115,True
CSI300,000300.SH,2015-02-04,3446.1399999999999,3447.9299999999998,3449.3000000000002,3453.1999999999998,3456.1999999999998,3401.7600000000002,3437.4400000000001,0.024889980798816991,0.024549513522351175,0.0025309532675479307,0.10309586237803112,True
CSI500,000905.SH,2015-02-04,5720.9700000000003,5720.1300000000001,5729.0799999999999,5725.4799999999996,5717.8800000000001,5683.5100000000002,5707.4700000000003,0.01748678107027879,0.017649310842608474,0.002365321236905249,0.13401776749236896,True
CSI1000,000852.SH,2015-02-05,6685.7600000000002,6665.7200000000003,6670.6300000000001,6671.8199999999997,6682.7700000000004,6654.0799999999999,6653.3299999999999,-0.00018183075013444849,0.014691918132595114,0.0048742509390036215,0.33176409608420926,True
CSI300,000300.SH,2015-02-05,3487.9499999999998,3470.9299999999998,3453.7199999999998,3447.3000000000002,3442.8499999999999,3366.9400000000001,3401.7600000000002,-0.010379817538633374,0.024596108635598989,0.025336884436291784,1.0301176015957516,True
CSI500,000905.SH,2015-02-05,5741.1899999999996,5715.5600000000004,5707.1899999999996,5702.8299999999999,5710.0100000000002,5654.21,5683.5100000000002,-0.004198007173055629,0.017706882896616781,0.010148658135553434,0.57314763952567382,True
CSI1000,000852.SH,2015-02-06,6637.5299999999997,6657.71,6616.04,6596.0500000000002,6599.0100000000002,6526.9399999999996,6654.0799999999999,0.00011272550737739806,0.014683990968024089,-0.0024871958257189908,-0.1693814597908101,True
CSI300,000300.SH,2015-02-06,3352.3299999999999,3360.9099999999999,3361.3099999999999,3356.5,3353.52,3312.4200000000001,3366.9400000000001,-0.010235877898499668,0.024207266574554923,-0.0043392516647163815,-0.17925409510206805,True
CSI500,000905.SH,2015-02-06,5640.0200000000004,5657.0699999999997,5619.46,5610.6800000000003,5610.3500000000004,5534.7799999999997,5654.21,-0.0051552649683030971,0.017632794153377377,-0.0025096344140029814,-0.14232766470096217,True
CSI1000,000852.SH,2015-02-09,6508.3699999999999,6534.6800000000003,6529.6499999999996,6539.2200000000003,6537.3900000000003,6474.8100000000004,6526.9399999999996,-0.019107074156006543,0.015428976007405325,-0.0028451311027831716,-0.18440181003701195,True
CSI300,000300.SH,2015-02-09,3305.73,3322.5500000000002,3311.8000000000002,3310.9200000000001,3321.0900000000001,3345.9200000000001,3312.4200000000001,-0.016192744747456134,0.024400743665689738,-0.002019671418479585,-0.082770896090330073,True
CSI500,000905.SH,2015-02-09,5526.1400000000003,5542.8800000000001,5531.3500000000004,5530.0799999999999,5532.5799999999999,5504.9700000000003,5534.7799999999997,-0.021122314169441991,0.018298024604221773,-0.0015610376564197948,-0.085311813170238476,True
CSI1000,000852.SH,2015-02-10,6468.5100000000002,6473.1899999999996,6471.1599999999999,6480.2299999999996,6476.4899999999998,6555.8100000000004,6474.8100000000004,-0.007986897382234126,0.015309884233093938,-0.00097300152436907705,-0.063553813311392066,True
CSI300,000300.SH,2015-02-10,3345.0700000000002,3348.1399999999999,3367.4699999999998,3375.9699999999998,3385.0599999999999,3406.9400000000001,3345.9200000000001,0.010113451796571749,0.0245271812632691,-0.00025404074215762407,-0.010357518845349956,True
CSI500,000905.SH,2015-02-10,5502.7200000000003,5507.8299999999999,5518.5600000000004,5524.8199999999997,5529.0600000000004,5580.6999999999998,5504.9700000000003,-0.0053859412659580386,0.01800850432547494,-0.00040872157341453885,-0.022696031054414596,True
CSI1000,000852.SH,2015-02-11,6563.8699999999999,6580.4300000000003,6593.3000000000002,6610.0100000000002,6627.1599999999999,6645.5100000000002,6555.8100000000004,0.012510019599030642,0.015117764326110618,0.0012294438063336077,0.081324445851439567,True
CSI300,000300.SH,2015-02-11,3415.9699999999998,3421.8400000000001,3422.8099999999999,3427.29,3434.5100000000002,3434.1199999999999,3406.9400000000001,0.018237136572303081,0.024946371693262245,0.0026504722713049933,0.10624680430063736,True
CSI500,000905.SH,2015-02-11,5587.6300000000001,5593.5699999999997,5608.21,5622,5633.1899999999996,5641.7799999999997,5580.6999999999998,0.013756659890971079,0.018011673545290759,0.0012417797050550128,0.0689430497356356,True
CSI1000,000852.SH,2015-02-12,6652.5600000000004,6658,6675.0200000000004,6679.0100000000002,6678.0900000000001,6703.8100000000004,6645.5100000000002,0.013682519780164437,0.015178591704137934,0.0010608666603466599,0.06989229837821187,True
CSI300,000300.SH,2015-02-12,3435.3600000000001,3430.8200000000002,3434.2800000000002,3418.02,3411.3099999999999,3442.8699999999999,3434.1199999999999,0.0079778334810709506,0.025024776964771171,0.00036108231512010924,0.014428992339409289,True
CSI500,000905.SH,2015-02-12,5647.54,5647.21,5654.71,5653.3800000000001,5651.6700000000001,5681.3400000000001,5641.7799999999997,0.010944863547583727,0.018056447808426104,0.0010209543796462217,0.056542371482933083,True
CSI1000,000852.SH,2015-02-13,6732.3000000000002,6742.7299999999996,6771.5,6788.2299999999996,6803.8000000000002,6815.8400000000001,6703.8100000000004,0.0087728406096747591,0.015214518684856416,0.0042498221160802707,0.27932675387952161,True
CSI300,000300.SH,2015-02-13,3458.8200000000002,3460.9699999999998,3460.25,3459.6799999999998,3474.4299999999998,3469.8200000000002,3442.8699999999999,0.0025479598849196261,0.024051198544184794,0.0046327627822138062,0.19262086975428241,True
CSI500,000905.SH,2015-02-13,5709.1499999999996,5718.0600000000004,5736.9499999999998,5747.8800000000001,5770.3500000000004,5769.2700000000004,5681.3400000000001,0.007011971399097483,0.017926681798661248,0.0048949719608402109,0.27305510388463322,True
CSI1000,000852.SH,2015-02-16,6831.25,6844.3500000000004,6862.1400000000003,6857.9300000000003,6892.4200000000001,6965.3000000000002,6815.8400000000001,0.016711392476815412,0.015332727221642067,0.0022609098805135286,0.14745647319168803,True
CSI300,000300.SH,2015-02-16,3473.2800000000002,3471.1900000000001,3480.7399999999998,3471.79,3471.25,3499.48,3469.8200000000002,0.0078277715975334505,0.02403373175353524,0.00099716988201126178,0.041490430709520722,True
CSI500,000905.SH,2015-02-16,5786.1499999999996,5789.4099999999999,5806.2799999999997,5800.6700000000001,5816.54,5869.71,5769.2700000000004,0.015476982542850903,0.018011814601782132,0.0029258467709085689,0.16244042233363198,True
CSI1000,000852.SH,2015-02-17,6987.3900000000003,6989.3000000000002,6970.5600000000004,6950.2399999999998,6969.4700000000003,7020.0500000000002,6965.3000000000002,0.021928331650977739,0.014379272026437864,0.003171435544772061,0.22055605728447378,True
CSI300,000300.SH,2015-02-17,3511.54,3516.2399999999998,3526.0599999999999,3526.6100000000001,3529.0999999999999,3522.3200000000002,3499.48,0.0085479938440611303,0.016381958966945671,0.003446226296478283,0.21036716692013627,True
CSI500,000905.SH,2015-02-17,5888.8699999999999,5893.5699999999997,5892.9300000000003,5880.5200000000004,5890.8199999999997,5911.0900000000001,5869.71,0.017409481615525024,0.014752104121289867,0.0032642157789737336,0.22127119983263263,True
CSI1000,000852.SH,2015-02-25,7037.96,7029.1999999999998,7035.5,7026.4099999999999,7036.6199999999999,7004.6599999999999,7020.0500000000002,0.0078603936657430928,0.012469420372749649,0.0025512638798868004,0.20460164174609646,True
CSI300,000300.SH,2015-02-25,3529.5500000000002,3515.7600000000002,3509.0599999999999,3496.9200000000001,3497.6599999999999,3478.7199999999998,3522.3200000000002,0.0065266839644748664,0.016247533523027803,0.0020526244066410015,0.12633452355902483,True
CSI500,000905.SH,2015-02-25,5926.2299999999996,5919.3999999999996,5917.5200000000004,5908.8800000000001,5917.8299999999999,5906.5299999999997,5911.0900000000001,0.0070497520320425,0.012882381224124056,0.0025612873429434746,0.19882095541056546,True
CSI1000,000852.SH,2015-02-26,7001.1700000000001,7010.0900000000001,7010.0699999999997,7028.9799999999996,7026.6700000000001,7045.2600000000002,7004.6599999999999,-0.002192292077691782,0.012038419524319412,-0.00049823974325657883,-0.041387471357852236,True
CSI300,000300.SH,2015-02-26,3473.71,3475.2199999999998,3464.25,3466.1700000000001,3473.8699999999999,3566.29,3478.7199999999998,-0.012378205273796961,0.012992892291697001,-0.0014401848955937213,-0.11084405713992253,True
CSI500,000905.SH,2015-02-26,5903.2600000000002,5910.0600000000004,5900.9499999999998,5909.2600000000002,5915.04,5969.5500000000002,5906.5299999999997,-0.00077143132654056146,0.01187462510492053,-0.00055362454774621206,-0.046622486424165485,True
CSI1000,000852.SH,2015-02-27,7045.79,7050.7299999999996,7061.5299999999997,7065.1199999999999,7071.8000000000002,7141.8800000000001,7045.2600000000002,0.0057961414258509425,0.011723360501771135,7.5227883711947996e-05,0.0064169214706468131,True
CSI300,000300.SH,2015-02-27,3565.23,3574.0100000000002,3573.8099999999999,3584.4299999999998,3573.5100000000002,3572.8400000000001,3566.29,0.025173052157115405,0.014197929460508978,-0.00029722765114448269,-0.02093457725446591,True
CSI500,000905.SH,2015-02-27,5974.3500000000004,5983.7299999999996,5985.2799999999997,5990.8100000000004,5988.4099999999999,6018.46,5969.5500000000002,0.010669547094487086,0.011730211458690782,0.00080408070960125144,0.068547844378842551,True
CSI1000,000852.SH,2015-03-02,7187.5200000000004,7173.9700000000003,7194.4200000000001,7205.3299999999999,7220.7299999999996,7317.6700000000001,7141.8800000000001,0.013714185140079937,0.011465695791207632,0.0063904742168729989,0.55735598896435734,True
CSI300,000300.SH,2015-03-02,3603.4499999999998,3586.1100000000001,3577.5900000000001,3579.3800000000001,3594.75,3601.2600000000002,3572.8400000000001,0.0018366425613172144,0.014201471578092839,0.0085674141579246132,0.60327650629817042,True
CSI500,000905.SH,2015-03-02,6064.8199999999997,6045.8000000000002,6053.1199999999999,6061.3400000000001,6079.8500000000004,6139.79,6018.46,0.0081932473972075037,0.011414210263492529,0.0077029672042350228,0.67485765781557128,True
CSI1000,000852.SH,2015-03-03,7306.4300000000003,7279.7399999999998,7284.8400000000001,7318.8800000000001,7325.8599999999997,7282.1000000000004,7317.6700000000001,0.024613967190711739,0.011714459950660944,-0.0015360080462769599,-0.13112068782908737,True
CSI300,000300.SH,2015-03-03,3579.3099999999999,3568.4299999999998,3559.5500000000002,3559.7800000000002,3548.79,3507.9000000000001,3601.2600000000002,0.0079544563988311889,0.014128115728745675,-0.0060950889410928966,-0.43141555874231446,True
CSI500,000905.SH,2015-03-03,6124.2700000000004,6108.1599999999999,6110.6099999999997,6131.0699999999997,6143.1800000000003,6118.6499999999996,6139.79,0.02015964216759758,0.011234995398956994,-0.0025277737512193754,-0.2249910802325778,True
CSI1000,000852.SH,2015-03-04,7277.54,7304.04,7311.1300000000001,7317.21,7351.5699999999997,7411.0299999999997,7282.1000000000004,-0.0048608368510741906,0.011892606934026332,-0.00062619299377930648,-0.052653972106627436,True
CSI300,000300.SH,2015-03-04,3514.6599999999999,3514.6199999999999,3509.9000000000001,3516.6199999999999,3532.0500000000002,3530.8200000000002,3507.9000000000001,-0.025924259842388553,0.015159888969501174,0.0019270788791014848,0.12711695204222159,True
CSI500,000905.SH,2015-03-04,6114.6899999999996,6133.75,6130.0200000000004,6132.5100000000002,6162.6999999999998,6210.4200000000001,6118.6499999999996,-0.0034431145039163225,0.011334646507194996,-0.00064720158858577737,-0.057099406512143749,True
CSI1000,000852.SH,2015-03-05,7417.5299999999997,7424.6999999999998,7421.1300000000001,7400.1599999999999,7402.7700000000004,7450.8999999999996,7411.0299999999997,0.017705057607008801,0.012080600443299826,0.00087707106839407523,0.072601612188947007,True
CSI300,000300.SH,2015-03-05,3513.2399999999998,3514.46,3505.5700000000002,3492.3099999999999,3507.3200000000002,3496.3400000000001,3530.8200000000002,0.0065338236551784057,0.014920959167415678,-0.0049790133736640207,-0.33369258087222486,True
CSI500,000905.SH,2015-03-05,6212.6599999999999,6206.8500000000004,6199.3800000000001,6184.6700000000001,6183.6800000000003,6208.9799999999996,6210.4200000000001,0.014998406511240292,0.011438459803127375,0.00036068414052503606,0.03153257927491443,True
CSI1000,000852.SH,2015-03-06,7454.9200000000001,7456.2799999999997,7452.4899999999998,7436.8299999999999,7376.0799999999999,7338.3999999999996,7450.8999999999996,0.0053798189995182266,0.011770538004571958,0.00053953213705737468,0.045837508603923417,True
CSI300,000300.SH,2015-03-06,3501.1799999999998,3500.3099999999999,3502.1900000000001,3511.3800000000001,3495.1199999999999,3478.52,3496.3400000000001,-0.00976543692400067,0.014817624800920522,0.0013843047300889921,0.093422849389666981,True
CSI500,000905.SH,2015-03-06,6214.3299999999999,6221.0600000000004,6217.5200000000004,6215.6000000000004,6170.3000000000002,6133.0200000000004,6208.9799999999996,-0.00023186837605193578,0.011206588531872301,0.00086165521551051505,0.076888270954172083,True
CSI1000,000852.SH,2015-03-09,7314.9300000000003,7292.0600000000004,7319.6700000000001,7325.9200000000001,7378.2200000000003,7450.8100000000004,7338.3999999999996,-0.015098847119140002,0.012049482620510515,-0.0031982448490133208,-0.26542590663347643,True
CSI300,000300.SH,2015-03-09,3449.6900000000001,3437.0999999999999,3431.7600000000002,3430.1700000000001,3435.5500000000002,3537.75,3478.52,-0.0050967583244192483,0.014515628546359441,-0.0082880075434379474,-0.57097131667209833,True
CSI500,000905.SH,2015-03-09,6113.5799999999999,6088.3500000000004,6102.6599999999999,6105.7299999999996,6137.3199999999997,6212.2299999999996,6133.0200000000004,-0.01223389348975179,0.011223758317655062,-0.0031697271491044621,-0.28241227754507647,True
CSI1000,000852.SH,2015-03-10,7460.6099999999997,7474.3500000000004,7502.4099999999999,7513.25,7530.96,7566.4799999999996,7450.8100000000004,0.015318052981576402,0.012095659336363257,0.0013152932365740888,0.10874092928691489,True
CSI300,000300.SH,2015-03-10,3523.6399999999999,3525.4200000000001,3525.5100000000002,3522.3099999999999,3522.0700000000002,3520.6100000000001,3537.75,0.017027356461943643,0.013771238864448825,-0.0039884107130238045,-0.28961887541723613,True
CSI500,000905.SH,2015-03-10,6214.5100000000002,6221.8900000000003,6240.9700000000003,6248.04,6258.5699999999997,6276.4799999999996,6212.2299999999996,0.012915333718135358,0.011194584453964212,0.00036701796295379729,0.032785313690123566,True
CSI1000,000852.SH,2015-03-11,7573.2600000000002,7570.6400000000003,7541.7399999999998,7556.3800000000001,7564.04,7566.3100000000004,7566.4799999999996,0.015524486599443499,0.011977751028241572,0.00089605734767039813,0.074810149714887364,True
CSI300,000300.SH,2015-03-11,3524.5700000000002,3540.71,3561,3562.0500000000002,3554.5900000000001,3524.6500000000001,3520.6100000000001,-0.0048448872871175164,0.01282933745023789,0.0011248050763930095,0.08767444778468686,True
CSI500,000905.SH,2015-03-11,6275.1700000000001,6276.5500000000002,6272.0500000000002,6276.5799999999999,6277.0600000000004,6262.8900000000003,6276.4799999999996,0.010342501806919646,0.010890963938780576,-0.00020871571326597227,-0.019164117560134118,True
CSI1000,000852.SH,2015-03-12,7566.4799999999996,7564.96,7590.1599999999999,7579.0600000000004,7582.7399999999998,7514.4399999999996,7566.3100000000004,-2.2467514616986151e-05,0.01197311704361987,2.2468019417631879e-05,0.0018765388608311018,True
CSI300,000300.SH,2015-03-12,3557.6799999999998,3554.1900000000001,3541.8299999999999,3537.0500000000002,3566.6399999999999,3592.8400000000001,3524.6500000000001,0.0011475284112696382,0.012533742915219087,0.0093711432340799483,0.74767316494907887,True
CSI500,000905.SH,2015-03-12,6273.6899999999996,6272.8400000000001,6275.46,6271.46,6287.7799999999997,6260.1300000000001,6262.8900000000003,-0.0021652263689200257,0.010811577303856203,0.0017244435077095055,0.15949971583650815,True
CSI1000,000852.SH,2015-03-13,7530.1999999999998,7550.8400000000001,7548.0600000000004,7539.0799999999999,7546.71,7649.3400000000001,7514.4399999999996,-0.0068553892187870336,0.012267089964287003,0.0020972953407041306,0.17096926384415176,True
CSI300,000300.SH,2015-03-13,3604.6700000000001,3605.5100000000002,3624.9299999999998,3622.0900000000001,3640.5900000000001,3617.6500000000001,3592.8400000000001,0.019346601790248608,0.012775523462907614,0.0032926598456930467,0.25773189296336368,True
CSI500,000905.SH,2015-03-13,6271.8100000000004,6281.4799999999996,6287.3400000000001,6275.3800000000001,6287.9799999999996,6329.5699999999997,6260.1300000000001,-0.00044069111863698218,0.010630193940791533,0.0018657759503397653,0.17551664256850219,True
CSI1000,000852.SH,2015-03-16,7707.3999999999996,7731.0299999999997,7790.8199999999997,7788.1400000000003,7795.5500000000002,7903.3599999999997,7649.3400000000001,0.017952102884579713,0.010979385502949602,0.0075901973242136211,0.69131349128551156,True
CSI300,000300.SH,2015-03-16,3641.77,3623.1100000000001,3642.6999999999998,3635.7800000000002,3654.75,3705.6700000000001,3617.6500000000001,0.0069054007414746099,0.011934128296742324,0.0066673116525921561,0.55867604962920847,True
CSI500,000905.SH,2015-03-16,6369.1899999999996,6376.9399999999996,6423.2200000000003,6421.4399999999996,6440.9099999999999,6516.7600000000002,6329.5699999999997,0.011092421403389396,0.0087050393071308515,0.006259508939785885,0.71906728033477374,True
CSI1000,000852.SH,2015-03-17,7946.1199999999999,7921.5500000000002,7953.3199999999997,7972.9799999999996,7954.2600000000002,7993.2399999999998,7903.3599999999997,0.033208093770181524,0.011660871477059338,0.0054103571139363371,0.46397536621342916,True
CSI300,000300.SH,2015-03-17,3733.96,3732.25,3735.1999999999998,3733.4099999999999,3729.4200000000001,3757.1199999999999,3705.6700000000001,0.024330711926250359,0.012686751392632402,0.0076342469782793021,0.60174955290073318,True
CSI500,000905.SH,2015-03-17,6547.3900000000003,6532.0100000000002,6561.0299999999997,6571.5299999999997,6566.8299999999999,6618.0500000000002,6516.7600000000002,0.029573888905565449,0.0096001561655229273,0.0047001884371988822,0.48959499784791882,True
CSI1000,000852.SH,2015-03-18,7992.9200000000001,7976.9200000000001,7984.7399999999998,8024.4899999999998,8041.3299999999999,8150.9499999999998,7993.2399999999998,0.011372378330229083,0.011651176799703237,-4.0033828585084308e-05,-0.0034360330525671874,True
CSI300,000300.SH,2015-03-18,3769.0799999999999,3766.25,3766.6100000000001,3780.3200000000002,3799.98,3846.0500000000002,3757.1199999999999,0.01388412891595836,0.012487005294320385,0.0031832893279959418,0.25492816355606379,True
CSI500,000905.SH,2015-03-18,6624.3800000000001,6617.1400000000003,6617.25,6643.3500000000004,6656.9499999999998,6728.0600000000004,6618.0500000000002,0.015542999895653553,0.0096596112195385369,0.00095647509462759572,0.099017970070361574,True
CSI1000,000852.SH,2015-03-19,8149.4700000000003,8104.8100000000004,8157.4200000000001,8137.04,8137.25,8216.6200000000008,8150.9499999999998,0.019730422206764686,0.011828225392666421,-0.00018157392696549479,-0.015350901841798841,True
CSI300,000300.SH,2015-03-19,3851.2399999999998,3821.5799999999999,3846.3600000000001,3830.1599999999999,3826.25,3839.73,3846.0500000000002,0.023669725747381021,0.013160253303363626,0.0013494364347836907,0.1025387888574142,True
CSI500,000905.SH,2015-03-19,6733.1199999999999,6687.7700000000004,6746.3199999999997,6727.0600000000004,6731.7299999999996,6782.46,6728.0600000000004,0.01662272119430952,0.0098142045867684446,0.00075207414916023119,0.076631187225725969,True
CSI1000,000852.SH,2015-03-20,8216.2999999999993,8229.0699999999997,8253.5,8265.3199999999997,8317.6000000000004,8318.8199999999997,8216.6200000000008,0.0080567295836682096,0.011834262824707367,-3.894545445715103e-05,-0.0032909066693906268,True
CSI300,000300.SH,2015-03-20,3852.4899999999998,3847.4699999999998,3847.1799999999998,3840.2600000000002,3846.7399999999998,3892.5700000000002,3839.73,-0.0016432443675979957,0.013247217516605216,0.0033231503256738737,0.25085647771000574,True
CSI500,000905.SH,2015-03-20,6789.0500000000002,6799.3199999999997,6808.0900000000001,6806.8599999999997,6839.4799999999996,6850.8900000000003,6782.46,0.0080855402597479475,0.0098063327876112844,0.00097162386508742316,0.099081265762764326,True
CSI1000,000852.SH,2015-03-23,8360.9200000000001,8363.4599999999991,8382.8500000000004,8404.2399999999998,8440.75,8560.4400000000005,8318.8199999999997,0.012438204517185802,0.011750545515893069,0.0050608139135117636,0.43068757162523358,True
CSI300,000300.SH,2015-03-23,3923.0799999999999,3927.1700000000001,3928,3947.75,3950.3400000000001,3972.0599999999999,3892.5700000000002,0.013761384263997867,0.013366749412735631,0.0078380093357344194,0.58638110835432333,True
CSI500,000905.SH,2015-03-23,6891.9200000000001,6895.3100000000004,6907.1199999999999,6924.6499999999996,6953.2700000000004,7017.1499999999996,6850.8900000000003,0.01008925964915397,0.0096906935407847696,0.0059890028886757651,0.61801592047773757,True
CSI1000,000852.SH,2015-03-24,8593.7800000000007,8531.5599999999995,8592.5400000000009,8618.8600000000006,8633.0300000000007,8655.3799999999992,8560.4400000000005,0.029044984745432822,0.012226392543318036,0.0038946596203000006,0.31854527870761917,True
CSI300,000300.SH,2015-03-24,3980.0599999999999,3951.21,3961.6399999999999,3968.4000000000001,3985.3299999999999,3973.04,3972.0599999999999,0.020420955820961373,0.013751026177030353,0.0020140682668439158,0.14646676116493804,True
CSI500,000905.SH,2015-03-24,7042.9200000000001,6987.4200000000001,7024.0100000000002,7033.9099999999999,7049.5600000000004,7046.1199999999999,7017.1499999999996,0.024268379728765055,0.010127658415382278,0.0036724311151963285,0.36261403816883264,True
CSI1000,000852.SH,2015-03-25,8662.7600000000002,8617.1700000000001,8653.6599999999999,8693.5499999999993,8744.0599999999995,8784.8999999999996,8655.3799999999992,0.011090551420253947,0.012211929147679105,0.00085264887272429313,0.069820980977959593,True
CSI300,000300.SH,2015-03-25,3961.5700000000002,3954.3000000000002,3961.4200000000001,3962.1900000000001,3963.1199999999999,3940.4099999999999,3973.04,0.00024672336268838357,0.013820545724556448,-0.0028869580975776632,-0.20888886409514892,True
CSI500,000905.SH,2015-03-25,7051.8199999999997,7015.6599999999999,7042.4200000000001,7058.0799999999999,7093.5600000000004,7124.8699999999999,7046.1199999999999,0.0041284567096329106,0.010178445569274847,0.00080895585087970012,0.07947734704419443,True
CSI1000,000852.SH,2015-03-26,8730.3600000000006,8669.5699999999997,8706.5300000000007,8767.5499999999993,8756.3999999999996,8611.8600000000006,8784.8999999999996,0.014964103251388305,0.011863974350326193,-0.0062083802889046913,-0.52329684012963118,True
CSI300,000300.SH,2015-03-26,3921.7399999999998,3902.1300000000001,3911.6399999999999,3936.6199999999999,3963.21,3949.9899999999998,3940.4099999999999,-0.0082128546402754354,0.013555819228610719,-0.0047380856306831198,-0.3495241084864118,True
CSI500,000905.SH,2015-03-26,7104.0299999999997,7056.0500000000002,7104.3500000000004,7141.29,7148.25,7074.4300000000003,7124.8699999999999,0.011176363729258121,0.0099303988086053476,-0.0029249656484960918,-0.29454664458807189,True
CSI1000,000852.SH,2015-03-27,8586.3999999999996,8602.1900000000005,8621.4300000000003,8595.7600000000002,8579.4400000000005,8710.2900000000009,8611.8600000000006,-0.019697435372058814,0.013727052126701543,-0.0029563880508973739,-0.2153694779920502,True
CSI300,000300.SH,2015-03-27,3957.54,3952.4699999999998,3953.0700000000002,3943.7199999999998,3939.9200000000001,3971.6900000000001,3949.9899999999998,0.0024312190863386984,0.012826921341533964,0.0019113972440436555,0.1490144979570813,True
CSI500,000905.SH,2015-03-27,7076.4799999999996,7088.5100000000002,7099.0500000000002,7074.1300000000001,7065.04,7155.9399999999996,7074.4300000000003,-0.0070794274141141589,0.010588567261480797,0.00028977599608714932,0.027366874944573429,True
CSI1000,000852.SH,2015-03-30,8721.2000000000007,8732.9300000000003,8729.0900000000001,8733.4799999999996,8723.6800000000003,8719.2199999999993,8710.2900000000009,0.011429586639819966,0.01370557375189147,0.0012525415342083956,0.091389208279991613,True
CSI300,000300.SH,2015-03-30,3999.02,4002.1900000000001,4001.5,4011.1799999999998,4028.5,4088.1700000000001,3971.6900000000001,0.0054936847941386979,0.012802488079658947,0.0068812017050676744,0.53748940536025769,True
CSI500,000905.SH,2015-03-30,7180.0600000000004,7193.0900000000001,7195.5900000000001,7215.7600000000002,7225.6099999999997,7245.4899999999998,7155.9399999999996,0.011521776312720444,0.010608312468266452,0.0033706263607578002,0.31773445313197946,True
CSI1000,000852.SH,2015-03-31,8734.9500000000007,8708.2999999999993,8708.6200000000008,8718.7800000000007,8760.6299999999992,8780.7299999999996,8719.2199999999993,0.0010252241888615288,0.013399176655585683,0.0018040604549491857,0.13463964998156294,True
CSI300,000300.SH,2015-03-31,4138.8800000000001,4143.6700000000001,4156.0799999999999,4146.5100000000002,4121.7299999999996,4051.1999999999998,4088.1700000000001,0.029327565847284243,0.013875473050728681,0.012404083000462363,0.89395748563764843,True
CSI500,000905.SH,2015-03-31,7280.1499999999996,7263.6800000000003,7256.5900000000001,7244.1899999999996,7250.4300000000003,7253.1000000000004,7245.4899999999998,0.012514079212514462,0.010308904404500194,0.0047836654249746591,0.46403237795923524,True
CSI1000,000852.SH,2015-04-01,8785.1200000000008,8823.5499999999993,8807.8700000000008,8871.1499999999996,8906.4799999999996,9008.2000000000007,8780.7299999999996,0.007054530107050816,0.013015211366818706,0.00049995843170225207,0.038413393191359009,True
CSI300,000300.SH,2015-04-01,4057.5,4070.98,4053.9699999999998,4072.4499999999998,4091.04,4123.8900000000003,4051.1999999999998,-0.009043166013155135,0.012216633961537587,0.0015550947867299936,0.12729322918456903,True
CSI500,000905.SH,2015-04-01,7258.8299999999999,7287.6000000000004,7264.8599999999997,7310.3299999999999,7336.8599999999997,7425.7299999999996,7253.1000000000004,0.0010503085367588039,0.010084564071966983,0.00079000703147613649,0.078338243065180557,True
CSI1000,000852.SH,2015-04-02,9061.4899999999998,9076.3899999999994,9132.5400000000009,9109.5799999999999,9109.2600000000002,9238.0499999999993,9008.2000000000007,0.025905590993004157,0.013411087881695793,0.0059157212317664243,0.44110673824161073,True
CSI300,000300.SH,2015-04-02,4149.9399999999996,4143.1800000000003,4144.3299999999999,4131.5100000000002,4124.2399999999998,4124.7700000000004,4123.8900000000003,0.0179428317535546,0.012443434272589126,0.0063168513224163281,0.50764533199097051,True
CSI500,000905.SH,2015-04-02,7463.8999999999996,7476.8000000000002,7507.3900000000003,7485.7200000000003,7485.2799999999997,7560.6400000000003,7425.7299999999996,0.023800857564351574,0.010559913801558426,0.0051402353707985515,0.48676868650575145,True
CSI1000,000852.SH,2015-04-03,9204.8400000000001,9213.5200000000004,9273.0100000000002,9323.5900000000001,9337.1599999999999,9419.2000000000007,9238.0499999999993,0.025515641304588943,0.013804638668003614,-0.0035949145111792147,-0.26041351734265283,True
CSI300,000300.SH,2015-04-03,4104.6700000000001,4116.1499999999996,4122.4300000000003,4138.75,4139.3699999999999,4170.5299999999997,4124.7700000000004,0.00021339075484561043,0.011886853933468352,-0.0048729989793371287,-0.40994858745734436,True
CSI500,000905.SH,2015-04-03,7532.1400000000003,7535.4200000000001,7577.6300000000001,7618.6800000000003,7616.3400000000001,7679.0100000000002,7560.6400000000003,0.018167910764328887,0.010512057400235253,-0.0037695221568544435,-0.35859033235207449,True
CSI1000,000852.SH,2015-04-07,9457.7299999999996,9469.5599999999995,9494.6499999999996,9505.6900000000005,9510.1000000000004,9600.7199999999993,9419.2000000000007,0.019609116642581581,0.012482873058213917,0.0040905809410565208,0.32769546898218738,True
CSI300,000300.SH,2015-04-07,4213.8900000000003,4206.4499999999998,4215.6300000000001,4220.3299999999999,4211.3400000000001,4260.04,4170.5299999999997,0.011093951905196908,0.011465638554900834,0.010396760124013138,0.90677549917786149,True
CSI500,000905.SH,2015-04-07,7728.9099999999999,7734.6800000000003,7766.7799999999997,7777.75,7787.5,7863.2799999999997,7679.0100000000002,0.015656082024802176,0.009180010056859653,0.0064982334962448984,0.70786779709344338,True
CSI1000,000852.SH,2015-04-08,9625.2000000000007,9586,9612.3299999999999,9583.4699999999993,9530.9599999999991,9455.5900000000001,9600.7199999999993,0.019271275692203105,0.012558692292773987,0.0025498087643427425,0.20303139092036279,True
CSI300,000300.SH,2015-04-08,4277.4499999999998,4252.1199999999999,4269.3900000000003,4270.6899999999996,4269.75,4295.8000000000002,4260.04,0.021462499970027915,0.011666633821947252,0.0040868160862339575,0.35029950786197178,True
CSI500,000905.SH,2015-04-08,7908.7700000000004,7876.2299999999996,7908.6800000000003,7900.0299999999997,7862.1800000000003,7807.9899999999998,7863.2799999999997,0.023996582892846785,0.0096044847306337045,0.0057851176608234578,0.6023350365034893,True
CSI1000,000852.SH,2015-04-09,9446.6800000000003,9388.0699999999997,9315.0200000000004,9276.2900000000009,9097.9300000000003,9369.6499999999996,9455.5900000000001,-0.015116574590238963,0.013999164750845599,-0.00094229974015369589,-0.067311140123326119,True
CSI300,000300.SH,2015-04-09,4316.9499999999998,4297.6599999999999,4292.7700000000004,4294.5699999999997,4266.0900000000001,4262.1300000000001,4295.8000000000002,0.0083942873775832982,0.011181551024646835,0.0049234135667395318,0.44031579839748003,True
CSI500,000905.SH,2015-04-09,7818.1999999999998,7775.3800000000001,7728.2700000000004,7704.3199999999997,7572.8800000000001,7746.1499999999996,7807.9899999999998,-0.007031416915078692,0.01049676786390788,0.001307634871458685,0.12457500141113541,True
CSI1000,000852.SH,2015-04-10,9325.4200000000001,9351.0300000000007,9421.3700000000008,9451,9494.6100000000006,9600.3999999999996,9369.6499999999996,-0.0090888035542996404,0.014522087761064655,-0.0047205605332109046,-0.32506073581701223,True
CSI300,000300.SH,2015-04-10,4249.3800000000001,4255.4399999999996,4254.5,4264.6700000000001,4269.8100000000004,4344.4099999999999,4262.1300000000001,-0.0078378881698403235,0.011725716187717864,-0.0029914620154711802,-0.25511976987849966,True
CSI500,000905.SH,2015-04-10,7727,7745.3900000000003,7787.7200000000003,7815.3299999999999,7847.2399999999998,7952.1800000000003,7746.1499999999996,-0.0079200921107737132,0.01094671274524605,-0.002472195865042548,-0.22583911011241031,True
CSI1000,000852.SH,2015-04-13,9652.5300000000007,9659.0400000000009,9654.2600000000002,9623.2800000000007,9735.1499999999996,9813.5900000000001,9600.3999999999996,0.02462738736238812,0.014205242277057011,0.0054299820840799651,0.38225198684924705,True
CSI300,000300.SH,2015-04-13,4394.04,4387.1800000000003,4383.3100000000004,4362.75,4401.0600000000004,4421.0699999999997,4344.4099999999999,0.019304901539840325,0.01172389720157993,0.011423875739168254,0.9744094086417574,True
CSI500,000905.SH,2015-04-13,7994.25,8005.0799999999999,7998.4300000000003,7982.8999999999996,8065.3999999999996,8122.8900000000003,7952.1800000000003,0.026597729194503206,0.011160651099877661,0.0052903732058378061,0.47402012288474799,True
CSI1000,000852.SH,2015-04-14,9830.5300000000007,9773.6700000000001,9828.3899999999994,9864.1100000000006,9831.5699999999997,9830.0599999999995,9813.5900000000001,0.022206366401400057,0.014323804355533126,0.0017261776780974625,0.12051111808369955,True
CSI300,000300.SH,2015-04-14,4432.1199999999999,4401.3599999999997,4414.46,4427.2799999999997,4406.8500000000004,4438.1800000000003,4421.0699999999997,0.017645664198360667,0.011839036003806992,0.0024993949428533391,0.21111473451467053,True
CSI500,000905.SH,2015-04-14,8129.7200000000003,8064.1800000000003,8107.7200000000003,8139.5699999999997,8111.8000000000002,8119.9499999999998,8122.8900000000003,0.021467069407382633,0.011351185116923207,0.00084083374267041044,0.074074533540716539,True
CSI1000,000852.SH,2015-04-15,9800.6399999999994,9715.7299999999996,9688.1000000000004,9665.3600000000006,9688.75,9441.1900000000005,9830.0599999999995,0.0016782849089884699,0.013659739342427259,-0.0029928606742990471,-0.21910086270849971,True
CSI300,000300.SH,2015-04-15,4439.3100000000004,4421.6099999999997,4424.54,4435.8199999999997,4466.4200000000001,4380.5100000000002,4438.1800000000003,0.0038701038436397273,0.011425440441549112,0.00025460887120387632,0.022284381289843329,True
CSI500,000905.SH,2015-04-15,8093.1300000000001,8020.1899999999996,8000.1499999999996,7971.4399999999996,8000.4099999999999,7802.7399999999998,8119.9499999999998,-0.00036194014691826037,0.010963853771710077,-0.003302976003546787,-0.3012604940125545,True
CSI1000,000852.SH,2015-04-16,9319.9599999999991,9222.6499999999996,9417.4699999999993,9429.0400000000009,9506.4200000000001,9541.7600000000002,9441.1900000000005,-0.039559270238431865,0.017736777938187141,-0.012840542346886474,-0.72395011042230439,True
CSI300,000300.SH,2015-04-16,4355.4899999999998,4368.5,4413.79,4410.46,4426.9799999999996,4513.54,4380.5100000000002,-0.012994065134807498,0.012376879349445312,-0.0057116637103900025,-0.46147849947700909,True
CSI500,000905.SH,2015-04-16,7705.46,7627.6400000000003,7788.4700000000003,7786.2600000000002,7841.9200000000001,7912.0799999999999,7802.7399999999998,-0.039065511487139659,0.015615867204807517,-0.012467415292576667,-0.79838123167046626,True
CSI1000,000852.SH,2015-04-17,9612.7299999999996,9637.1399999999994,9633.9400000000005,9601.7299999999996,9548.4599999999991,9567.6900000000005,9541.7600000000002,0.010652258878382836,0.017549674613240439,0.0074378311757998805,0.42381590198762842,True
CSI300,000300.SH,2015-04-17,4578.6700000000001,4578.5100000000002,4594.71,4580.3699999999999,4581.2299999999996,4596.1300000000001,4513.54,0.030368610047688538,0.012908807534233417,0.0144299153214551,1.1178348800373537,True
CSI500,000905.SH,2015-04-17,7979.3500000000004,7995.1899999999996,8017.7600000000002,7993.0799999999999,7966.7600000000002,7980.7600000000002,7912.0799999999999,0.014013026193362865,0.015554185390918657,0.0085021890577445802,0.54661744373373622,True
CSI1000,000852.SH,2015-04-20,9541.25,9393.9300000000003,9516.8500000000004,9477.9699999999993,9542.6200000000008,9353.6100000000006,9567.6900000000005,0.0027175280032196714,0.017590215419600236,-0.0027634674618429722,-0.15710253660473797,True
CSI300,000300.SH,2015-04-20,4615.0299999999997,4557.2600000000002,4623.7700000000004,4604.7799999999997,4622.9399999999996,4521.9099999999999,4596.1300000000001,0.018298275854429225,0.012885749094280481,0.0041121552262446404,0.31912426636258795,True
CSI500,000905.SH,2015-04-20,7967.0299999999997,7839.7200000000003,7959.6899999999996,7930.1800000000003,7975.3100000000004,7839.8999999999996,7980.7600000000002,0.0086803975692864022,0.015554415550386802,-0.0017203875320145334,-0.11060444710645212,True
CSI1000,000852.SH,2015-04-21,9364.2999999999993,9466.7999999999993,9396.6499999999996,9482.1100000000006,9504.5400000000009,9716.3400000000001,9353.6100000000006,-0.022375306892259306,0.018787634950353418,0.0011428742485519727,0.060831193046492205,True
CSI300,000300.SH,2015-04-21,4520.46,4556.1999999999998,4509.8000000000002,4535.8100000000004,4528.6400000000003,4619.1599999999999,4521.9099999999999,-0.016148368301157734,0.014004496515553282,-0.00032066095963867447,-0.022897000208650913,True
CSI500,000905.SH,2015-04-21,7852.5100000000002,7931.3999999999996,7848.9899999999998,7916.0600000000004,7925.6000000000004,8112.6800000000003,7839.8999999999996,-0.017649948125241233,0.016587354884655028,0.0016084388831489882,0.096967774207143531,True
CSI1000,000852.SH,2015-04-22,9798.1599999999999,9848.6399999999994,9911.5200000000004,9946.1000000000004,9924.1900000000005,9995.2600000000002,9716.3400000000001,0.038779679717242832,0.019526362042204225,0.0084208662932749867,0.4312562818959389,True
CSI300,000300.SH,2015-04-22,4637.0500000000002,4644.1700000000001,4658.9099999999999,4668.9099999999999,4675.8800000000001,4739.8100000000004,4619.1599999999999,0.02150639884473593,0.014058738491159531,0.0038729985538497047,0.27548691913468182,True
CSI500,000905.SH,2015-04-22,8180.1099999999997,8213.4200000000001,8246.3999999999996,8277.7199999999993,8266.3099999999995,8323.4200000000001,8112.6800000000003,0.034793811145550357,0.017318387411671174,0.0083116799873776959,0.479933829276524,True
CSI1000,000852.SH,2015-04-23,10035.43,10052.370000000001,10000.219999999999,10042.76,10061.51,10105.27,9995.2600000000002,0.028706282406749883,0.020130642492631363,0.0040189049609515859,0.1996411670627338,True
CSI300,000300.SH,2015-04-23,4764.4799999999996,4766.54,4746.5200000000004,4740.2200000000003,4740.3599999999997,4740.8900000000003,4739.8100000000004,0.026119467608829439,0.014522606788049269,0.0052048499834380646,0.35839639944814616,True
CSI500,000905.SH,2015-04-23,8371.8500000000004,8366.2099999999991,8323.3999999999996,8343.5699999999997,8353.0200000000004,8410.7000000000007,8323.4200000000001,0.025976619316921079,0.017782499469033947,0.0058185217134303358,0.32720494234022507,True
CSI1000,000852.SH,2015-04-24,9990.3299999999999,10000.120000000001,10056.940000000001,10064.790000000001,10125.23,10123.91,10105.27,0.011006216946832792,0.020071896267296611,-0.011374263132009399,-0.566676061919552,True
CSI300,000300.SH,2015-04-24,4682.6199999999999,4706.7600000000002,4705.0500000000002,4704.5200000000004,4727.0100000000002,4702.6400000000003,4740.8900000000003,0.00022785723478357944,0.014114133141510655,-0.012290941152399704,-0.87082508214770793,True
CSI500,000905.SH,2015-04-24,8321.3199999999997,8338.2099999999991,8384.4300000000003,8406.7900000000009,8450.6900000000005,8419.0900000000001,8410.7000000000007,0.010486074233908793,0.017777731793923959,-0.010626939493740273,-0.59776689270181971,True
CSI1000,000852.SH,2015-04-27,10202.030000000001,10237.52,10260.879999999999,10290.700000000001,10241.200000000001,10174.9,10123.91,0.001844582084397528,0.019106345273817667,0.0077163862578786269,0.40386511116036189,True
CSI300,000300.SH,2015-04-27,4753.8699999999999,4761.4099999999999,4778.4200000000001,4787.8699999999999,4775.8199999999997,4807.5900000000001,4702.6400000000003,-0.0080681053557454252,0.014574105452369946,0.010893880883928952,0.74748195829456288,True
CSI500,000905.SH,2015-04-27,8503.5699999999997,8523.6700000000001,8544.8500000000004,8568.2399999999998,8534.4500000000007,8513.0100000000002,8419.0900000000001,0.0009975388493228543,0.017495150430325686,0.010034338628046369,0.57354971984996939,True
CSI1000,000852.SH,2015-04-28,10184.26,10173.540000000001,10101.99,10050.129999999999,10017.129999999999,9847.8899999999994,10174.9,0.005036591593564177,0.019104611714880617,0.00091991076079378509,0.048151240890034155,True
CSI300,000300.SH,2015-04-28,4811.3100000000004,4817.5900000000001,4788.6199999999999,4800.3299999999999,4785.5,4741.8599999999997,4807.5900000000001,0.022317251586343012,0.014852498548709677,0.00077377646596321625,0.052097393810581365,True
CSI500,000905.SH,2015-04-28,8533.6700000000001,8535.6200000000008,8478.4400000000005,8453.9099999999999,8420.25,8266.4799999999996,8513.0100000000002,0.011155599952013873,0.017492436684930758,0.0024268736909740518,0.13873845792248801,True
CSI1000,000852.SH,2015-04-29,9817.4400000000005,9819.5100000000002,9874.9500000000007,9943.25,9978.0499999999993,10107.4,9847.8899999999994,-0.032138890799909614,0.021076999490055058,-0.0030920329126339352,-0.14670175961682191,True
CSI300,000300.SH,2015-04-29,4722.8999999999996,4729.4899999999998,4725.7700000000004,4736.0299999999997,4713.8299999999999,4774.3199999999997,4741.8599999999997,-0.013672130942946614,0.014973503472035736,-0.0039984309954321784,-0.26703376420218428,True
CSI500,000905.SH,2015-04-29,8248.3099999999995,8243.2800000000007,8255.2399999999998,8312.1499999999996,8322.3899999999994,8428.25,8266.4799999999996,-0.028959204793604254,0.019392317076088135,-0.0021980335039823995,-0.11334558399381288,True
CSI1000,000852.SH,2015-04-30,10156.360000000001,10195.790000000001,10173.59,10211.34,10212.92,10180.49,10107.4,0.026351837804849509,0.021548970193602444,0.0048439757009717255,0.22478919676680545,True
CSI300,000300.SH,2015-04-30,4788.4099999999999,4801.6899999999996,4794.4300000000003,4803.8100000000004,4787.0100000000002,4749.8800000000001,4774.3199999999997,0.0068454150902810262,0.014459468650310904,0.0029512056167160239,0.20410194095566353,True
CSI500,000905.SH,2015-04-30,8460.3899999999994,8490.5499999999993,8473.7299999999996,8497.3500000000004,8495.6700000000001,8469.6700000000001,8428.25,0.019569393502433918,0.019545228146277023,0.0038133657639485286,0.19510469437395125,True
CSI1000,000852.SH,2015-05-04,10206.209999999999,10229.67,10086.75,10159.639999999999,10260.75,10270.129999999999,10180.49,0.0072313354571897914,0.021099405315164223,0.0025264009885574978,0.11973801871760641,True
CSI300,000300.SH,2015-05-04,4757.6300000000001,4771.8699999999999,4710.9099999999999,4733.6499999999996,4774.4899999999998,4787.7399999999998,4749.8800000000001,-0.0051190536034450007,0.014572858732652121,0.0016316201672463837,0.11196294407154007,True
CSI500,000905.SH,2015-05-04,8493.9599999999991,8516.0799999999999,8382.7099999999991,8425.5300000000007,8511.3400000000001,8510.4799999999996,8469.6700000000001,0.0049144247026369214,0.01918015663487628,0.0028678803306385614,0.14952330083810395,True
CSI1000,000852.SH,2015-05-05,10273.57,10260.870000000001,10235.17,10200.549999999999,10218,10007.27,10270.129999999999,0.0088050771622976143,0.02062597026917647,0.00033495194315946719,0.016239330261229975,True
CSI300,000300.SH,2015-05-05,4785.1899999999996,4769.3100000000004,4767.5699999999997,4746.9799999999996,4745.7799999999997,4596.8299999999999,4787.7399999999998,0.0079707276815412786,0.014480298022856369,-0.00053261037566787461,-0.036781727477374973,True
CSI500,000905.SH,2015-05-05,8501.1100000000006,8477.3400000000001,8452.9400000000005,8417.8799999999992,8418.5799999999999,8199.3400000000001,8510.4799999999996,0.0048183695468653198,0.018994165409692947,-0.0011009954785158316,-0.057964930533561672,True
CSI1000,000852.SH,2015-05-06,10032.049999999999,10096.51,10038.120000000001,10070.780000000001,10131.66,9973.9899999999998,10007.27,-0.025594612726421051,0.021459789362758185,0.002476199802743384,0.11538788945620494,True
CSI300,000300.SH,2015-05-06,4626.2299999999996,4641.6300000000001,4610.8500000000004,4633.3000000000002,4644.9799999999996,4553.3199999999997,4596.8299999999999,-0.039874763458333184,0.017908459389368171,0.0063957118274984293,0.35713355841739308,True
CSI500,000905.SH,2015-05-06,8220.5900000000001,8268.2800000000007,8199.8899999999994,8219.8199999999997,8267.9300000000003,8082.9899999999998,8199.3400000000001,-0.036559630009118105,0.021085904772771318,0.0025916720126253345,0.12291016394857365,True
CSI1000,000852.SH,2015-05-07,9934.9300000000003,9986.3199999999997,9930.5699999999997,9905.1000000000004,9929.7199999999993,9806.5,9973.9899999999998,-0.0033255823016667962,0.021164826756180203,-0.0039161859997853821,-0.18503274536097217,True
CSI300,000300.SH,2015-05-07,4520.8100000000004,4542.8000000000002,4514.6899999999996,4515.5500000000002,4535.0900000000001,4470.0799999999999,4553.3199999999997,-0.0094652184222605573,0.017749509100306881,-0.0071398452118452971,-0.40225592558623791,True
CSI500,000905.SH,2015-05-07,8043,8075.4099999999999,8009.8299999999999,7988.9899999999998,8014.6999999999998,7903.4700000000003,8082.9899999999998,-0.014190166525598458,0.020859559451782753,-0.004947426632966212,-0.23717790610114645,True
CSI1000,000852.SH,2015-05-08,9913.8500000000004,9966.7900000000009,9971.4699999999993,10014.09,10077.379999999999,10274.379999999999,9806.5,-0.016792677754840279,0.021239864196648941,0.010946820986080796,0.51539034735485267,True
CSI300,000300.SH,2015-05-08,4515.5500000000002,4522.7200000000003,4497.2799999999997,4508.5,4515.6000000000004,4558.3999999999996,4470.0799999999999,-0.018281166269886517,0.018353135298304252,0.010172077457226703,0.55424194786852343,True
CSI500,000905.SH,2015-05-08,7989.3299999999999,8024.2299999999996,8002.7299999999996,8019.8500000000004,8060.0799999999999,8201.2900000000009,7903.4700000000003,-0.022209603129534905,0.021457146532136845,0.010863582704811803,0.50629204999561217,True
CSI1000,000852.SH,2015-05-11,10424.969999999999,10435.940000000001,10447.32,10570.889999999999,10618.049999999999,10771.620000000001,10274.379999999999,0.047711211951256827,0.023364820811529529,0.01465684547388757,0.62730399655601254,True
CSI300,000300.SH,2015-05-11,4582.0900000000001,4571.1400000000003,4554.7600000000002,4594.4499999999998,4605.8999999999996,4690.5299999999997,4558.3999999999996,0.019758035650368599,0.018598364093963426,0.0051969989469990985,0.27943312222207312,True
CSI500,000905.SH,2015-05-11,8292.6200000000008,8291.6700000000001,8296.6499999999996,8377.4400000000005,8420.8899999999994,8558.2099999999991,8201.2900000000009,0.037682182636234574,0.022855984421890987,0.011136052986786105,0.48722701158827464,True
CSI1000,000852.SH,2015-05-12,10871.48,10852.15,10959.209999999999,10809.690000000001,10902.209999999999,11051.43,10771.620000000001,0.04839610759968016,0.024971459747363145,0.0092706575241234823,0.37125012385799411,True
CSI300,000300.SH,2015-05-12,4692.1199999999999,4679.6700000000001,4714,4662.25,4706.6899999999996,4747.4200000000001,4690.5299999999997,0.028986047736047738,0.019148383038250873,0.00033898088275741145,0.017702846348971717,True
CSI500,000905.SH,2015-05-12,8595.0799999999999,8577.1499999999996,8679.2299999999996,8569.3999999999996,8650.1900000000005,8745.6700000000001,8558.2099999999991,0.043519982831969006,0.024053201642238321,0.0043081438758807433,0.1791089577162768,True
CSI1000,000852.SH,2015-05-13,10969.33,10898.879999999999,11006.75,11065.76,11029.809999999999,11137.299999999999,11051.43,0.025976594049919921,0.025113537360501453,-0.0074289028659639822,-0.29581268298938057,True
CSI300,000300.SH,2015-05-13,4746.71,4735.1899999999996,4739.8100000000004,4739.4899999999998,4717.5900000000001,4718.4300000000003,4747.4200000000001,0.012128693345954566,0.018980684194456119,-0.00014955491614387917,-0.0078793216625753244,True
CSI500,000905.SH,2015-05-13,8719.5799999999999,8677.3099999999995,8743.3099999999995,8782.4400000000005,8741.2000000000007,8824.9200000000001,8745.6700000000001,0.021904113126459901,0.024070142186412787,-0.0029831905388609803,-0.12393738748020126,True
CSI1000,000852.SH,2015-05-14,11158.42,11232.4,11240.530000000001,11247.879999999999,11145.870000000001,11211.1,11137.299999999999,0.0077700351900160669,0.025092035369507042,0.0018963303493666483,0.075574991085464255,True
CSI300,000300.SH,2015-05-14,4717.9499999999998,4732.6899999999996,4713.4399999999996,4704.1199999999999,4705.1099999999997,4700.7700000000004,4718.4300000000003,-0.0061064746746652965,0.019107720514255803,-0.00010172875299629958,-0.0053239606953850013,True
CSI500,000905.SH,2015-05-14,8829.8199999999997,8863.1900000000005,8848.2999999999993,8848.75,8761.6399999999994,8813.3899999999994,8824.9200000000001,0.0090616270680232702,0.024072995421297115,0.00055524582659094435,0.02306509085694107,True
CSI1000,000852.SH,2015-05-15,11165.969999999999,11122.530000000001,11090.370000000001,11080.48,11050.360000000001,11217.93,11211.1,0.0066263816185252455,0.022628534344728703,-0.0040254747527005419,-0.17789374651382461,True
CSI300,000300.SH,2015-05-15,4690.75,4683.4399999999996,4673.0600000000004,4656.2600000000002,4630.3699999999999,4617.4700000000003,4700.7700000000004,-0.0037427703706529591,0.018803599800483344,-0.002131565679665326,-0.11335944724852814,True
CSI500,000905.SH,2015-05-15,8790,8752.3700000000008,8744.1100000000006,8717.2099999999991,8675.5,8742.8799999999992,8813.3899999999994,-0.0013065274246112368,0.021859785056590367,-0.0026539163704317748,-0.12140633421423613,True
CSI1000,000852.SH,2015-05-18,11234.719999999999,11313.57,11406.84,11456.24,11466.620000000001,11542.280000000001,11217.93,0.00060921765036425768,0.022698210332424373,0.0014967110687977847,0.065939606994465744,True
CSI300,000300.SH,2015-05-18,4582.0500000000002,4591.2700000000004,4593.21,4599.4399999999996,4603.21,4575.1400000000003,4617.4700000000003,-0.017720501109392717,0.018281657839386102,-0.0076708673797556415,-0.41959364118660419,True
CSI500,000905.SH,2015-05-18,8725.4099999999999,8759.3899999999994,8809.4400000000005,8854.5100000000002,8863.8899999999994,8903.5900000000001,8742.8799999999992,-0.0080003267755086593,0.022006541788964624,-0.0019981973903335781,-0.090800154313004866,True
CSI1000,000852.SH,2015-05-19,11624.299999999999,11689.049999999999,11592.08,11530.040000000001,11583.860000000001,11831.360000000001,11542.280000000001,0.028913533958582427,0.023107180550370917,0.0071060483717253486,0.30752554844304802,True
CSI300,000300.SH,2015-05-19,4577.6300000000001,4598.1400000000003,4618.3999999999996,4618.0100000000002,4661.9300000000003,4731.2200000000003,4575.1400000000003,-0.0091673578821301893,0.017966279071131581,0.00054424564057042879,0.030292618656076027,True
CSI500,000905.SH,2015-05-19,8927.3799999999992,8960.4300000000003,8940.75,8906,8967.0400000000009,9124.8299999999999,8903.5900000000001,0.018381814688066322,0.022192633512642237,0.0026719559189045672,0.12039832574995946,True
CSI1000,000852.SH,2015-05-20,11912.379999999999,11981.18,12081.26,12128.299999999999,12231.4,12132.370000000001,11831.360000000001,0.025045311671524129,0.02205412510786374,0.006847902523462901,0.3105043836457233,True
CSI300,000300.SH,2015-05-20,4751.5699999999997,4755.8299999999999,4761.1099999999997,4748.9099999999999,4769.3699999999999,4754.9099999999999,4731.2200000000003,0.034114803044278386,0.019080517578110377,0.0043012161767999046,0.22542450220188795,True
CSI500,000905.SH,2015-05-20,9176.0200000000004,9206.2000000000007,9258.2900000000009,9266.2900000000009,9365.2800000000007,9277.3299999999999,9124.8299999999999,0.024848403846088996,0.021869519050922763,0.0056099675281622297,0.25651993146714958,True
CSI1000,000852.SH,2015-05-21,12214.48,12279.790000000001,12357.49,12292.200000000001,12397.48,12586.049999999999,12132.370000000001,0.025441707462202201,0.021395050483490177,0.0067678450294541559,0.31632760271711763,True
CSI300,000300.SH,2015-05-21,4768.6800000000003,4774.8999999999996,4781.0600000000004,4765.6800000000003,4789.8100000000004,4840.9700000000003,4754.9099999999999,0.0050071651709282516,0.018562324203220744,0.0028959538666348816,0.15601246023557791,True
CSI500,000905.SH,2015-05-21,9320.8400000000001,9351.9899999999998,9414.6100000000006,9367.4899999999998,9428.7399999999998,9619.2199999999993,9277.3299999999999,0.016712640125898126,0.021055395054605724,0.004689926950965484,0.22274229188302949,True
CSI1000,000852.SH,2015-05-22,12782.049999999999,12777.790000000001,12694.809999999999,12541.450000000001,12414.58,12687.290000000001,12586.049999999999,0.037394177724549893,0.02184871587272906,0.015572796866371919,0.71275570413771716,True
CSI300,000300.SH,2015-05-22,4895.9200000000001,4889.7700000000004,4879.9899999999998,4891.0799999999999,4878.9200000000001,4951.3299999999999,4840.9700000000003,0.01809918589415993,0.018085538239524239,0.011351030888437696,0.62763025009845097,True
CSI500,000905.SH,2015-05-22,9756.5200000000004,9758.2399999999998,9704.5799999999999,9637.8799999999992,9569.3299999999999,9778.1700000000001,9619.2199999999993,0.036852197776730877,0.021703374380756021,0.014273506583694084,0.65766301282394768,True
CSI1000,000852.SH,2015-05-25,12513.18,12497.49,12590.08,12629.1,12703.9,12877.870000000001,12687.290000000001,0.0080438262997526433,0.021864526147955615,-0.013723182807360845,-0.62764601960715238,True
CSI300,000300.SH,2015-05-25,4949.1099999999997,4985.0600000000004,5023.1300000000001,5034.75,5023.2700000000004,5099.4899999999998,4951.3299999999999,0.022797084055468098,0.018714097299750532,-0.0004483643788638636,-0.023958643138498617,True
CSI500,000905.SH,2015-05-25,9717.5100000000002,9726.1399999999994,9812.8400000000001,9841.2700000000004,9865.8500000000004,10040.09,9778.1700000000001,0.01652420882358463,0.021789161193436133,-0.0062036147868159697,-0.28471104195992525,True
CSI1000,000852.SH,2015-05-26,12962.67,13035.610000000001,13111.129999999999,12992.950000000001,13198.65,13401.309999999999,12877.870000000001,0.015021332372791907,0.021751195111817737,0.0065849399007753551,0.30273922269207465,True
CSI300,000300.SH,2015-05-26,5140.79,5131.7200000000003,5119.46,5071.9899999999998,5122.4200000000001,5198.9099999999999,5099.4899999999998,0.02992327314075216,0.019513081018550732,0.0080988491005964391,0.41504717235053812,True
CSI500,000905.SH,2015-05-26,10117.73,10134.32,10164.709999999999,10055.59,10212.049999999999,10373.58,10040.09,0.026786198235457137,0.022126743263815779,0.0077329984093768012,0.349486515804732,True
CSI1000,000852.SH,2015-05-27,13484.77,13477.940000000001,13395.540000000001,13299.559999999999,13411.91,13582.549999999999,13401.309999999999,0.040646473368654901,0.022565316750050281,0.0062277493767401992,0.2759876781577339,True
CSI300,000300.SH,2015-05-27,5216.1700000000001,5203.6400000000003,5194.1400000000003,5146.1199999999999,5182.7399999999998,5181.4300000000003,5198.9099999999999,0.019496067253784277,0.019385301539876918,0.0033199266769381452,0.17125999665823224,True
CSI500,000905.SH,2015-05-27,10421.299999999999,10407.440000000001,10366.530000000001,10284.27,10355.82,10497.34,10373.58,0.033215837706634055,0.022776220813021952,0.0046001476828634313,0.20197150882175186,True
CSI1000,000852.SH,2015-05-28,13610.780000000001,13540.790000000001,13665.889999999999,13699.18,13790.07,12818.99,13582.549999999999,0.013524051006953863,0.019777863483633668,0.0020784020673585424,0.10508728958911238,True
CSI300,000300.SH,2015-05-28,5174.1000000000004,5149.4099999999999,5157.5900000000001,5166.7299999999996,5202.71,4834,5181.4300000000003,-0.003362243239448226,0.01902153045512122,-0.0014146673794686038,-0.074371900978542391,True
CSI500,000905.SH,2015-05-28,10501.360000000001,10463.860000000001,10544.18,10564.629999999999,10621.5,9868.4200000000001,10497.34,0.011930307569807175,0.020830261837044256,0.00038295415791056442,0.018384510041516804,True
CSI1000,000852.SH,2015-05-29,12775.09,13011.83,12455.549999999999,12859.66,12864.040000000001,13027.209999999999,12818.99,-0.056216248053568729,0.025405790801878912,-0.0034246067747927267,-0.13479630693249101,True
CSI300,000300.SH,2015-05-29,4839.5299999999997,4887.8900000000003,4741.3900000000003,4851.54,4836.7799999999997,4840.8199999999997,4834,-0.067052917823844038,0.024849785411691402,0.0011439801406702976,0.046035815670749186,True
CSI500,000905.SH,2015-05-29,9846.3799999999992,10018.059999999999,9622.1900000000005,9893.4899999999998,9880.5100000000002,9966.8400000000001,9868.4200000000001,-0.059912320645039596,0.026235500277258732,-0.0022333869048947186,-0.085128428323916774,True
CSI1000,000852.SH,2015-06-01,13146.120000000001,13207.540000000001,13370.58,13394.58,13472.530000000001,13691.17,13027.209999999999,0.016243089354153417,0.02539179551189635,0.0091278178520191044,0.35947902336180271,True
CSI300,000300.SH,2015-06-01,4862.75,4853.8500000000004,4911.9200000000001,4924.7600000000002,4950.8000000000002,5076.1700000000001,4840.8199999999997,0.0014108398841539138,0.024809135709724081,0.0045302242182110319,0.18260306490384448,True
CSI500,000905.SH,2015-06-01,10067.530000000001,10095.02,10225.209999999999,10238.469999999999,10299.290000000001,10488.309999999999,9966.8400000000001,0.0099732277304775963,0.02622604690135491,0.010102499889634187,0.38520864115103309,True
CSI1000,000852.SH,2015-06-02,13805.719999999999,13893.940000000001,13893.440000000001,13994.59,13970.26,14276.32,13691.17,0.050967167950773939,0.026763524102273544,0.0083667064246517597,0.312616021443193,True
CSI300,000300.SH,2015-06-02,5091.2700000000004,5100.0900000000001,5083.2299999999996,5106.8299999999999,5100.5900000000001,5161.8699999999999,5076.1700000000001,0.048617796158502147,0.026960627273587827,0.0029746836689867884,0.11033436421195432,True
CSI500,000905.SH,2015-06-02,10592.75,10646.879999999999,10638.200000000001,10696.549999999999,10667.84,10886.4,10488.309999999999,0.052320494760626168,0.027968035693045758,0.0099577529649677032,0.35604048401024085,True
CSI1000,000852.SH,2015-06-03,14381.02,14293.530000000001,14419.5,14386.280000000001,14413.219999999999,14356.6,14276.32,0.042739225354735844,0.025672120112745143,0.0073338227218218144,0.28567265537920555,True
CSI300,000300.SH,2015-06-03,5176.5900000000001,5134.1499999999996,5143.4700000000003,5142.3500000000004,5177.1400000000003,5143.5900000000001,5161.8699999999999,0.01688280731338776,0.025102379917388121,0.0028516797207214228,0.11360196643132224,True
CSI500,000905.SH,2015-06-03,10973.959999999999,10893.1,10988.5,10988.110000000001,11017.809999999999,10979.99,10886.4,0.037955590557487318,0.026225178197473772,0.0080430629041738921,0.30669240237798145,True
CSI1000,000852.SH,2015-06-04,14366.780000000001,14171.879999999999,14333.049999999999,14311.67,14211.889999999999,14308.65,14356.6,0.0056232978806864953,0.025352523184594054,0.00070908153741133795,0.027968874429122895,True
CSI300,000300.SH,2015-06-04,5156.0100000000002,5105.5799999999999,5130.8999999999996,5156.8500000000004,5155.9799999999996,5181.4099999999999,5143.5900000000001,-0.0035413522618740201,0.024943297468199312,0.0024146559115325594,0.096805801823558038,True
CSI500,000905.SH,2015-06-04,10986.42,10851.42,10945.129999999999,10917.709999999999,10867.73,10965.41,10979.99,0.0085969650205761639,0.025390140918612542,0.00058561073370744232,0.023064493245019899,True
CSI1000,000852.SH,2015-06-05,14513.110000000001,14518.889999999999,14565.959999999999,14638.33,14605.73,14465.75,14308.65,-0.0033399272808325442,0.024526744751301031,0.014289258595325371,0.5825990664565216,True
CSI300,000300.SH,2015-06-05,5254.8999999999996,5241.8999999999996,5242.4499999999998,5267.8999999999996,5249.1300000000001,5230.5500000000002,5181.4099999999999,0.0073528411090308943,0.024256798619098668,0.014183397955382704,0.58471846091904978,True
CSI500,000905.SH,2015-06-05,11117.360000000001,11117.41,11140.1,11209.24,11195.93,11144.52,10965.41,-0.0013278700618124528,0.024146249616912693,0.013857210993478697,0.57388667860754361,True
CSI1000,000852.SH,2015-06-08,14445.110000000001,14270.440000000001,14357.950000000001,14215.65,14116.83,14099.73,14465.75,0.010979372617263117,0.023651429519940981,-0.0014268185196065764,-0.060326946343923861,True
CSI300,000300.SH,2015-06-08,5259.3999999999996,5220.8500000000004,5283.3599999999997,5249.0200000000004,5257.5900000000001,5353.75,5230.5500000000002,0.0094839049602328807,0.024096122500524987,0.0055156723480320746,0.22890290119963921,True
CSI500,000905.SH,2015-06-08,11157.18,11046.6,11153.15,11043.209999999999,10981.620000000001,11030.92,11144.52,0.016334090562961201,0.023640453830196837,0.0011359843223395227,0.048052559840813525,True
CSI1000,000852.SH,2015-06-09,14018.540000000001,13965.16,14052.559999999999,14185.389999999999,14177.43,14106.23,14099.73,-0.025302524929575076,0.024319482433265528,-0.0057582662930424355,-0.23677585692226583,True
CSI300,000300.SH,2015-06-09,5379.4700000000003,5353.5600000000004,5345.9200000000001,5354.2299999999996,5374.7700000000004,5317.46,5353.75,0.023553928363174048,0.023866922090530474,0.0048041092692039378,0.20128734031901135,True
CSI500,000905.SH,2015-06-09,11009.879999999999,10968.23,10962.09,11050.07,11076.389999999999,11013.74,11030.92,-0.010193350633315723,0.023365290334261456,-0.0019073658407459115,-0.081632447680269782,True
CSI1000,000852.SH,2015-06-10,14047.110000000001,14050.49,14159.09,14123.030000000001,14278.110000000001,14461.809999999999,14106.23,0.00046100173549423751,0.024318301635210385,-0.0041910560085861581,-0.1723416409358926,True
CSI300,000300.SH,2015-06-10,5254.3000000000002,5255.0799999999999,5283.9799999999996,5252.5,5291.0200000000004,5309.1099999999997,5317.46,-0.0067784263366799102,0.024023219064042263,-0.011877851455394106,-0.49443213350090814,True
CSI500,000905.SH,2015-06-10,10947.49,10924.4,11016.040000000001,10998.67,11112.09,11208.059999999999,11013.74,-0.0015574403585557617,0.023485107094960319,-0.0060152137239484205,-0.25612886071272073,True
CSI1000,000852.SH,2015-06-11,14486.940000000001,14548.120000000001,14515.52,14510.639999999999,14646.25,14768.879999999999,14461.809999999999,0.025207302021872602,0.0244497769079026,0.0017376801382400497,0.071071410785691083,True
CSI300,000300.SH,2015-06-11,5305.1400000000003,5314.5600000000004,5287.3500000000004,5255.6400000000003,5295.5100000000002,5306.5900000000001,5309.1099999999997,-0.0015702986012119391,0.023924477756636468,-0.00074777128369907242,-0.031255490351995097,True
CSI500,000905.SH,2015-06-11,11220.07,11259.440000000001,11204.190000000001,11177.799999999999,11276.360000000001,11366.290000000001,11208.059999999999,0.017643416314530702,0.023509676774918296,0.0010715502950555678,0.045579116434249306,True
CSI1000,000852.SH,2015-06-12,14844.610000000001,14895.540000000001,14850.09,14889.26,14927.18,15006.33,14768.879999999999,0.021233165143228927,0.024453965258354273,0.0051276738655876564,0.20968680585803465,True
CSI300,000300.SH,2015-06-12,5329.2700000000004,5346.6999999999998,5320.6599999999999,5327.0200000000004,5314.1400000000003,5335.1099999999997,5306.5900000000001,-0.00047465582743611012,0.02386414896735526,0.0042739310932256025,0.17909421781904256,True
CSI500,000905.SH,2015-06-12,11424.33,11460.139999999999,11425.68,11453.540000000001,11475.219999999999,11545.889999999999,11366.290000000001,0.014117518999720025,0.023292202175344286,0.0051063275703857602,0.2192290592338671,True
CSI1000,000852.SH,2015-06-15,15050.57,14993.73,15042.02,14937.969999999999,14925.209999999999,14707.77,15006.33,0.016077725595982972,0.024246506751907735,0.0029480892396742675,0.12158820525527082,True
CSI300,000300.SH,2015-06-15,5354.0100000000002,5326.6499999999996,5337.3800000000001,5311.0699999999997,5313.1899999999996,5221.1599999999999,5335.1099999999997,0.0053744495052376884,0.023187090553156299,0.0035425698814084416,0.15278199191429889,True
CSI500,000905.SH,2015-06-15,11589.950000000001,11545.4,11590.27,11516.5,11519.370000000001,11332.889999999999,11545.889999999999,0.015801110124763484,0.022761525760453434,0.0038160765432548871,0.16765468991033344,True
CSI1000,000852.SH,2015-06-16,14514.85,14429.92,14417.950000000001,14349.440000000001,14094.549999999999,14102.219999999999,14707.77,-0.019895604055088723,0.025203005893186598,-0.013116876317755821,-0.52044888507929321,True
CSI300,000300.SH,2015-06-16,5165.0200000000004,5181.75,5194.6800000000003,5173.8500000000004,5107.0900000000001,5064.8199999999997,5221.1599999999999,-0.021358509946374116,0.023800671407020121,-0.010752399849841665,-0.45176876172788105,True
CSI500,000905.SH,2015-06-16,11205.75,11159.059999999999,11149.85,11114.809999999999,10915.16,10879.83,11332.889999999999,-0.018448123098349312,0.023872400260904245,-0.011218674142253193,-0.4699432826043044,True
CSI1000,000852.SH,2015-06-17,14061.969999999999,14147.889999999999,14140.91,13924.92,13796.83,14407.309999999999,14102.219999999999,-0.041172115147299793,0.027693824050929555,-0.0028541605506083867,-0.10306126540558365,True
CSI300,000300.SH,2015-06-17,5072.3000000000002,5077.3599999999997,5085.4899999999998,5033.8999999999996,5001.29,5138.8299999999999,5064.8199999999997,-0.029943537451447622,0.024251358109575263,0.0014768540639154004,0.060897787960678712,True
CSI500,000905.SH,2015-06-17,10865.389999999999,10905.84,10900.190000000001,10725.190000000001,10647.1,11100.540000000001,10879.83,-0.039977446176570952,0.026365223421712981,-0.001327226620268962,-0.050340048291641994,True
CSI1000,000852.SH,2015-06-18,14392.309999999999,14405.870000000001,14480.030000000001,14464.5,14388.120000000001,13934.209999999999,14407.309999999999,0.021634182419505654,0.027589068882937662,-0.0010411381444558332,-0.037737342600196289,True
CSI300,000300.SH,2015-06-18,5107.6899999999996,5101.1099999999997,5118.25,5112.6700000000001,5091.8800000000001,4930.54,5138.8299999999999,0.014612562736681767,0.024373497831080462,-0.006059745117079296,-0.24862024971040733,True
CSI500,000905.SH,2015-06-18,11093.290000000001,11089.24,11160.959999999999,11147.629999999999,11104.49,10731.370000000001,11100.540000000001,0.020286162559525422,0.02643107532258061,-0.00065312137968065453,-0.024710359745472768,True
CSI1000,000852.SH,2015-06-19,13564.219999999999,13677.5,13548.450000000001,13457.889999999999,13365,13024.709999999999,13934.209999999999,-0.032837497076137034,0.028245707549491284,-0.026552635563838911,-0.94005914057256934,True
CSI300,000300.SH,2015-06-19,4847.0500000000002,4888.9499999999998,4880.46,4868.3999999999996,4821.2799999999997,4637.0500000000002,4930.54,-0.040532572589480509,0.026077227559567203,-0.016933236521760264,-0.64934957073486155,True
CSI500,000905.SH,2015-06-19,10475.92,10579.51,10495.59,10433.639999999999,10340.57,9987.3999999999996,10731.370000000001,-0.033256940653337619,0.027228171964375814,-0.023804043658917751,-0.87424318055806138,True
CSI1000,000852.SH,2015-06-23,12955.75,13122.620000000001,12913.43,12966.52,12874.59,13047.01,13024.709999999999,-0.065271012852540666,0.032354315319514396,-0.005294551663722169,-0.16364282821119625,True
CSI300,000300.SH,2015-06-23,4641.4200000000001,4671.1199999999999,4677.8900000000003,4694.5699999999997,4676.0699999999997,4786.0900000000001,4637.0500000000002,-0.059524920191297515,0.028846221720335734,0.00094240950604373985,0.032670119337652077,True
CSI500,000905.SH,2015-06-23,9951.7800000000007,10062.18,9934.9799999999996,9970.0100000000002,9901.6599999999999,10046.879999999999,9987.3999999999996,-0.069326656335584436,0.031833075221860033,-0.0035664937821654474,-0.11203736231290362,True
CSI1000,000852.SH,2015-06-24,13176.059999999999,13243.75,13332.6,13274.450000000001,13353.059999999999,13313.790000000001,13047.01,0.0017121302508846803,0.0322049433844597,0.0098911551382270257,0.30713157977479766,True
CSI300,000300.SH,2015-06-24,4811.5900000000001,4815.8500000000004,4833.3699999999999,4816.3699999999999,4859.0699999999997,4880.1199999999999,4786.0900000000001,0.032141124206122473,0.028982868462776274,0.0053279399259102966,0.18383066302609621,True
CSI500,000905.SH,2015-06-24,10136.25,10188.77,10242.66,10177.68,10257.27,10267.620000000001,10046.879999999999,0.0059555039349579175,0.031300171549511667,0.0088952988390427201,0.28419329347674138,True
CSI1000,000852.SH,2015-06-25,13357.209999999999,13284.5,13237.92,13204.719999999999,13290.139999999999,12760.469999999999,13313.790000000001,0.02044759680570496,0.03120227898808077,0.0032612802214844194,0.10452057757480548,True
CSI300,000300.SH,2015-06-25,4906.2399999999998,4893.7799999999997,4873.4200000000001,4868.4099999999999,4886.1999999999998,4706.5100000000002,4880.1199999999999,0.019646517303268274,0.02898896811570956,0.0053523274017852618,0.18463325015300405,True
CSI500,000905.SH,2015-06-25,10298.549999999999,10256.82,10220.65,10213.709999999999,10300.17,9906.1000000000004,10267.620000000001,0.021970999952224179,0.030778338072253636,0.0030123826164192291,0.097873465726041331,True
CSI1000,000852.SH,2015-06-26,12309.799999999999,12300.719999999999,11956.9,12169.17,12054.299999999999,11730.74,12760.469999999999,-0.041559916447533096,0.032368096140632532,-0.035317664631475232,-1.0911257949194,True
CSI300,000300.SH,2015-06-26,4573.8699999999999,4578.6400000000003,4507.8100000000004,4633.5600000000004,4584.25,4336.1899999999996,4706.5100000000002,-0.035574944878404513,0.029904992172070724,-0.028182241193580926,-0.94239252869296075,True
CSI500,000905.SH,2015-06-26,9571.5499999999993,9584.4500000000007,9308.1700000000001,9501.6900000000005,9414.3899999999994,9078.0599999999995,9906.1000000000004,-0.035209717539215535,0.031605998503429211,-0.033772120208760414,-1.0685351454755079,True
CSI1000,000852.SH,2015-06-29,11923.42,11630.07,11342.24,11406.969999999999,11261.51,10906.040000000001,11730.74,-0.080696870883282479,0.034868152773863841,0.01642522125628898,0.47106657363853388,True
CSI300,000300.SH,2015-06-29,4446.8400000000001,4388.6700000000001,4354.9700000000003,4399.5299999999997,4352.3100000000004,4191.54,4336.1899999999996,-0.0786825057207996,0.03127000031927734,0.02551779327012893,0.81604710615873299,True
CSI500,000905.SH,2015-06-29,9267.0200000000004,9079.3899999999994,8893.0900000000001,8968.7999999999993,8837.1000000000004,8484.6399999999994,9078.0599999999995,-0.083588899768829439,0.034209249166854208,0.020815019949196323,0.60846175979109973,True
CSI1000,000852.SH,2015-06-30,10543.23,10630.09,10275.5,10204.110000000001,10137.74,11381.469999999999,10906.040000000001,-0.070302470261893069,0.037514788071686879,-0.033266886972723508,-0.88676729051897962,True
CSI300,000300.SH,2015-06-30,4161.0600000000004,4242.3000000000002,4134.0799999999999,4098.8400000000001,4065.0500000000002,4472.9899999999998,4191.54,-0.033358778097823172,0.031859005195570382,-0.0072717903205026246,-0.2282491331999808,True
CSI500,000905.SH,2015-06-30,8302.1800000000003,8397.4899999999998,8082.29,8011.71,7920.29,8906.0200000000004,8484.6399999999994,-0.065368591967887468,0.036694331923436581,-0.021504742687963097,-0.58605080296415124,True
CSI1000,000852.SH,2015-07-01,11264.860000000001,11364.379999999999,11476.1,11515.280000000001,11596.52,10734.01,11381.469999999999,0.043593274919218938,0.036934805505350776,-0.010245600963671553,-0.27739691121934468,True
CSI300,000300.SH,2015-07-01,4408.9799999999996,4442.6999999999998,4473.79,4475.1400000000003,4499.9200000000001,4253.0200000000004,4472.9899999999998,0.067147158323670908,0.033764277592821183,-0.014310338274845291,-0.4238307256983308,True
CSI500,000905.SH,2015-07-01,8808.5100000000002,8895.6000000000004,8976.0100000000002,8996.9699999999993,9065.9899999999998,8411.9099999999999,8906.0200000000004,0.049663863169209455,0.036471036164905643,-0.010948773975355985,-0.30020463158355437,True
CSI1000,000852.SH,2015-07-02,10626.73,10261.57,10557.08,10290.4,10169.379999999999,10002.35,10734.01,-0.056887203498317773,0.036369693610132391,-0.0099944009741000928,-0.27480025213398301,True
CSI300,000300.SH,2015-07-02,4287.7299999999996,4186.1599999999999,4274.3100000000004,4182.3500000000004,4149.25,4107.9899999999998,4253.0200000000004,-0.049177395880607655,0.034652440000806764,0.0081612595285229794,0.23551760073267489,True
CSI500,000905.SH,2015-07-02,8369.4899999999998,8086.54,8317.9899999999998,8111.6499999999996,8008.6400000000003,7835.1000000000004,8411.9099999999999,-0.055480450302155204,0.036326478010808509,-0.0050428499591650411,-0.13882022797983887,True
CSI1000,000852.SH,2015-07-03,9545.2700000000004,9538.7299999999996,9398.9899999999998,9328.9500000000007,9302.7399999999998,9358.7299999999996,10002.35,-0.068162783526380166,0.03803063376626805,-0.045697261143631263,-1.2015908392292758,True
CSI300,000300.SH,2015-07-03,4017.1999999999998,4047.1300000000001,3959.5700000000002,3903.02,3831.3499999999999,3885.9099999999999,4107.9899999999998,-0.034100474486365107,0.035067529378768045,-0.022100832767363077,-0.63023637989005943,True
CSI500,000905.SH,2015-07-03,7530.2600000000002,7522.1199999999999,7390.9700000000003,7315.8800000000001,7277.6800000000003,7355.4899999999998,7835.1000000000004,-0.068570633779961976,0.038061538334354952,-0.038906969917422929,-1.0222122284086683,True
CSI1000,000852.SH,2015-07-06,9943.9500000000007,9787.3999999999996,9581.6499999999996,9287.0499999999993,9378.7299999999996,8858.9099999999999,9358.7299999999996,-0.064346878483556469,0.039285986384300711,0.062531988848914422,1.5917123280861079,True
CSI300,000300.SH,2015-07-06,4218.2600000000002,4145.3000000000002,4090.7199999999998,4017.29,4062.6100000000001,3998.5300000000002,3885.9099999999999,-0.05406050160784226,0.036087815088449056,0.085526942209160906,2.3699673144395006,True
CSI500,000905.SH,2015-07-06,7842.4200000000001,7731.0900000000001,7590.0600000000004,7387.4200000000001,7465.8999999999996,7235.9899999999998,7355.4899999999998,-0.061213003024849777,0.039183355416735385,0.066199532594021671,1.6894809515406524,True
CSI1000,000852.SH,2015-07-07,8517.2900000000009,8527.3299999999999,8436.5699999999997,8435.5599999999995,8382.0699999999997,8356.1200000000008,8858.9099999999999,-0.053406819087632562,0.039229844845378191,-0.038562306197940766,-0.98298390804071534,True
CSI300,000300.SH,2015-07-07,3877.8499999999999,3949.9299999999998,3909.3400000000001,3920.2800000000002,3878.6500000000001,3928,3998.5300000000002,0.02898162849885888,0.036997791190137283,-0.030181091551145123,-0.81575387557705537,True
CSI500,000905.SH,2015-07-07,6977.54,7028.9300000000003,6947.3800000000001,6946.2600000000002,6852.0799999999999,6763.5200000000004,7235.9899999999998,-0.016246368358872054,0.038303509478976018,-0.035717296458397496,-0.93248104270972765,True
CSI1000,000852.SH,2015-07-08,8057.1000000000004,8056.5500000000002,8057.1999999999998,8060.5100000000002,8063.6199999999999,8114.6000000000004,8356.1200000000008,-0.056755289307600987,0.039931181213280625,-0.035784550724498931,-0.89615557659980827,True
CSI300,000300.SH,2015-07-08,3651.0599999999999,3654.8499999999999,3709.98,3732.9299999999998,3752.1999999999998,3663.0300000000002,3928,-0.017638982326004804,0.036007612850286995,-0.070504073319755611,-1.9580324197801873,True
CSI500,000905.SH,2015-07-08,6444.6599999999999,6444.8199999999997,6470.0100000000002,6513.5500000000002,6600.3999999999996,6602.3699999999999,6763.5200000000004,-0.065294451761265471,0.03947551017701463,-0.047144090651021986,-1.1942617192183251,True
CSI1000,000852.SH,2015-07-09,7951.4300000000003,7992.6899999999996,8051.6199999999999,8198.5100000000002,8203.2800000000007,8348.8700000000008,8114.6000000000004,-0.028903366634275285,0.039481255066232145,-0.020108200034505752,-0.50931005108052052,True
CSI300,000300.SH,2015-07-09,3621.6799999999998,3588.3699999999999,3574.4099999999999,3669.3800000000001,3680.3699999999999,3897.6199999999999,3663.0300000000002,-0.067456720977596696,0.037812240699552524,-0.011288468835909171,-0.29854006604910777,True
CSI500,000905.SH,2015-07-09,6525.1199999999999,6582.6199999999999,6647.7299999999996,6767.3900000000003,6764.5699999999997,6896.3500000000004,6602.3699999999999,-0.02382635077592743,0.039139472804500412,-0.011700343967393501,-0.29893974366584081,True
CSI1000,000852.SH,2015-07-10,8348.3099999999995,8576.3700000000008,8607.8400000000001,8615.8199999999997,8620.8600000000006,8620.2700000000004,8348.8700000000008,0.028870184605525928,0.039741446664633459,-6.7074945471867764e-05,-0.0016877831861002387,True
CSI300,000300.SH,2015-07-10,3916.27,3974.1500000000001,4084.79,4094.3299999999999,4147.0500000000002,4106.5500000000002,3897.6199999999999,0.064042609533637274,0.041916055559206945,0.0047849713414853667,0.11415605017334075,True
CSI500,000905.SH,2015-07-10,7101.8100000000004,7186.29,7228.8800000000001,7237.0100000000002,7244.79,7244.7799999999997,6896.3500000000004,0.044526435204328196,0.041077274303968805,0.029792571432714521,0.72528111802773687,True
CSI1000,000852.SH,2015-07-13,8930.7900000000009,8970.2000000000007,8893.5499999999993,8908.7600000000002,8959.2199999999993,9032.5499999999993,8620.2700000000004,0.032507393216087976,0.040523892343801868,0.036022073554540679,0.88890951661138384,True
CSI300,000300.SH,2015-07-13,4132.2299999999996,4164.5,4076.2399999999998,4089.6300000000001,4120.7200000000003,4211.8100000000004,4106.5500000000002,0.053604507366033616,0.044530954078154307,0.0062534244073491063,0.1404287093506687,True
CSI500,000905.SH,2015-07-13,7563.3800000000001,7603.9300000000003,7511.1300000000001,7531.7799999999997,7591.2299999999996,7695.6300000000001,7244.7799999999997,0.05052382782196374,0.043549107356154783,0.043976490659481726,1.0098138246515986,True
CSI1000,000852.SH,2015-07-14,9311.5100000000002,9319.6299999999992,9383.4599999999991,9360.2900000000009,9451.7299999999996,9338.1599999999999,9032.5499999999993,0.047826808209023408,0.042806939426769976,0.030883858932416741,0.72146851295570658,True
CSI300,000300.SH,2015-07-14,4178.6199999999999,4189.25,4195.4799999999996,4171.0200000000004,4205.9700000000003,4112.1400000000003,4211.8100000000004,0.02563222169460988,0.04516782572616132,-0.0078802225171602513,-0.1744653941266871,True
CSI500,000905.SH,2015-07-14,7853.9899999999998,7866.8000000000002,7925.2299999999996,7898.3599999999997,8003.4799999999996,7859.0500000000002,7695.6300000000001,0.062231013226074605,0.046753628883280399,0.020577912399634579,0.4401350845087762,True
CSI1000,000852.SH,2015-07-15,9424.2199999999993,9381.1900000000005,9281.2800000000007,9197.7399999999998,9153.6299999999992,8942.8999999999996,9338.1599999999999,0.033834299284255298,0.044732678837594825,0.0092159483238667406,0.20602272350658671,True
CSI300,000300.SH,2015-07-15,4068.8800000000001,4070.6700000000001,4078.1500000000001,4057.9699999999998,4029.02,3966.75,4112.1400000000003,-0.023664410312905892,0.045199181457494582,-0.010520069841980173,-0.23274912294315045,True
CSI500,000905.SH,2015-07-15,7836.0799999999999,7815.7700000000004,7746.0600000000004,7679.1800000000003,7637.9099999999999,7405.29,7859.0500000000002,0.021235428418466151,0.04761388515261851,-0.0029227451155038331,-0.061384302207968373,True
CSI1000,000852.SH,2015-07-16,8615.9300000000003,8474.7099999999991,8646.9899999999998,8995.75,9031.6200000000008,9041.2199999999993,8942.8999999999996,-0.042327396403574191,0.044760164644618301,-0.036561965357993387,-0.81684161906650588,True
CSI300,000300.SH,2015-07-16,3949.6300000000001,3869.71,3917.8099999999999,3980.0599999999999,3990.7399999999998,3997.3499999999999,3966.75,-0.03535628650775513,0.045335238377763674,-0.0043158757168966222,-0.095199140256721382,True
CSI500,000905.SH,2015-07-16,7342.8299999999999,7084.6800000000003,7272.3400000000001,7533.9799999999996,7562.6400000000003,7578.75,7405.29,-0.057737258320025964,0.048225694000720236,-0.0084345110049707239,-0.17489662263532707,True
CSI1000,000852.SH,2015-07-17,9087.1499999999996,9133.3199999999997,9146.8099999999995,9269.8099999999995,9334.2700000000004,9541.25,9041.2199999999993,0.01099419651343525,0.044280524073576522,0.005080066628176283,0.1147246274622957,True
CSI300,000300.SH,2015-07-17,4023.75,4034.1300000000001,4012.9200000000001,4040.8299999999999,4073.1100000000001,4151.4899999999998,3997.3499999999999,0.0077141236528643908,0.045154668799126961,0.006604375398701734,0.14626118570555047,True
CSI500,000905.SH,2015-07-17,7629.7799999999997,7674.0799999999999,7666.3199999999997,7773.8199999999997,7828.2399999999998,7994.6899999999996,7578.75,0.023423795691998484,0.048361490953318313,0.0067333003463632135,0.13922855175955259,True
CSI1000,000852.SH,2015-07-20,9657.6200000000008,9759.8899999999994,9772.4200000000001,9846.2800000000007,9929.4599999999991,9839.9099999999999,9541.25,0.055305589289941004,0.047428343858294711,0.012196515131665198,0.25715667340410742,True
CSI300,000300.SH,2015-07-20,4157.0600000000004,4166.1499999999996,4153,4173.0500000000002,4210.3800000000001,4160.6099999999997,4151.4899999999998,0.038560546361964709,0.04593591023298868,0.0013416869605853421,0.029207801778178659,True
CSI500,000905.SH,2015-07-20,7994.6400000000003,8102.9399999999996,8107.5799999999999,8173.1000000000004,8237.8099999999995,8116.4899999999998,7994.6899999999996,0.054882401451426643,0.050829747969033882,-6.2541511927083349e-06,-0.00012304116078872636,True
CSI1000,000852.SH,2015-07-21,9762.6000000000004,9742.9599999999991,9858.1700000000001,9946.4200000000001,9996.0400000000009,10062.889999999999,9839.9099999999999,0.031301978252325391,0.047243395870741535,-0.0078567791778583196,-0.16630428513975914,True
CSI300,000300.SH,2015-07-21,4109.7600000000002,4097.04,4117.2399999999998,4137.1599999999999,4155.8800000000001,4166,4160.6099999999997,0.0021968016302580384,0.04430513389805555,-0.012221765558415587,-0.27585438713575294,True
CSI500,000905.SH,2015-07-21,8011.8999999999996,7999.5299999999997,8074.8900000000003,8142.79,8189.6899999999996,8220.4599999999991,8116.4899999999998,0.015235112305792997,0.049428091324697401,-0.012886112100181202,-0.26070422213010852,True
CSI1000,000852.SH,2015-07-22,10082.950000000001,10180.889999999999,10193.68,10123.9,10187.959999999999,10228.860000000001,10062.889999999999,0.022660776368889524,0.047811997390964374,0.0019934631104983058,0.041693784390506035,True
CSI300,000300.SH,2015-07-22,4148.5600000000004,4166.4799999999996,4173.6199999999999,4156.3800000000001,4176.7799999999997,4157.1599999999999,4166,0.0012954831142548695,0.043493033320612676,-0.0041862698031683854,-0.096251502448884946,True
CSI500,000905.SH,2015-07-22,8207.1700000000001,8279.5499999999993,8295.5200000000004,8247.9300000000003,8290.8700000000008,8320.2299999999996,8220.4599999999991,0.012809724400572042,0.049561877880156799,-0.0016166978490254058,-0.032619785976121918,True
CSI1000,000852.SH,2015-07-23,10251.549999999999,10283.360000000001,10223.440000000001,10274.99,10269.049999999999,10553.219999999999,10228.860000000001,0.016493273801065245,0.04767961722600652,0.0022182335079372617,0.046523727265313314,True
CSI300,000300.SH,2015-07-23,4158.9300000000003,4163.8699999999999,4155.4300000000003,4184.0200000000004,4193.3199999999997,4250.8000000000002,4157.1599999999999,-0.0021219395103216909,0.043087606171594552,0.0004257714401179058,0.0098815292365579382,True
CSI500,000905.SH,2015-07-23,8330.4699999999993,8356.5400000000009,8309.25,8348.7299999999996,8356.0400000000009,8551.9899999999998,8320.2299999999996,0.012136790398590946,0.049288539095181827,0.0012307352080411782,0.02497000784836587,True
CSI1000,000852.SH,2015-07-24,10579.15,10603.040000000001,10656.5,10680.860000000001,10608.65,10449.75,10553.219999999999,0.031710278564766714,0.048101680490529521,0.0024570699748514002,0.051080751229370447,True
CSI300,000300.SH,2015-07-24,4255.1899999999996,4247.8000000000002,4258.2299999999996,4268.1400000000003,4244.7799999999997,4176.2700000000004,4250.8000000000002,0.022524993024083839,0.043025350948292775,0.0010327467770772092,0.024003215646476631,True
CSI500,000905.SH,2015-07-24,8580.6399999999994,8589.6000000000004,8623.9500000000007,8636.8999999999996,8572.9200000000001,8425.0699999999997,8551.9899999999998,0.027854999200743302,0.049559813706013832,0.0033500974626958779,0.067597055198158673,True
CSI1000,000852.SH,2015-07-27,10235.629999999999,10317.42,10322.83,10441.15,10555.950000000001,9719.5499999999993,10449.75,-0.0098045904472757739,0.045000720225784614,-0.020490442355080352,-0.45533587578759888,True
CSI300,000300.SH,2015-07-27,4097.79,4113.7200000000003,4104,4133.8999999999996,4152.54,3818.73,4176.2700000000004,-0.017533170226780803,0.039480242539387103,-0.018791888455487848,-0.47598209247930262,True
CSI500,000905.SH,2015-07-27,8240.6700000000001,8311.5699999999997,8306.6000000000004,8407.1599999999999,8493.0799999999999,7794.1800000000003,8425.0699999999997,-0.014840990225666761,0.046173817454922293,-0.021887058505151824,-0.47401448941316821,True
CSI1000,000852.SH,2015-07-28,9125.9500000000007,9251.1800000000003,9151.8299999999999,9090.0300000000007,9257.1800000000003,9284.5400000000009,9719.5499999999993,-0.069877269791143393,0.044968229388177093,-0.061072786291546222,-1.3581318882794013,True
CSI300,000300.SH,2015-07-28,3690.9699999999998,3699.5500000000002,3685.6999999999998,3645.8000000000002,3731.4000000000001,3811.0900000000001,3818.73,-0.085612280815177244,0.043271639399700662,-0.033456149033841198,-0.77316573852925563,True
CSI500,000905.SH,2015-07-28,7514.1400000000003,7497.7700000000004,7409.9899999999998,7330.8999999999996,7500.3400000000001,7649.8199999999997,7794.1800000000003,-0.074882463884572981,0.046896742612928227,-0.035929372942374971,-0.76613792217777965,True
CSI1000,000852.SH,2015-07-29,9435.3899999999994,9434.1100000000006,9330.6800000000003,9406.3799999999992,9182.5400000000009,9727.2299999999996,9284.5400000000009,-0.044756187272044334,0.044301914302218498,0.016247439291553256,0.36674350414559032,True
CSI300,000300.SH,2015-07-29,3839.9499999999998,3842.8099999999999,3810.0599999999999,3827.71,3778.9200000000001,3930.3699999999999,3811.0900000000001,-0.0020006651425997779,0.039943176774694687,0.0075726366997368455,0.18958523861162588,True
CSI500,000905.SH,2015-07-29,7765.9399999999996,7775.3400000000001,7690.7600000000002,7756,7599.1499999999996,8022.79,7649.8199999999997,-0.018521512205260882,0.04530448158498282,0.015179442130664578,0.3350538754580108,True
CSI1000,000852.SH,2015-07-30,9679.0900000000001,9687.2900000000009,9774.8999999999996,9714.5699999999997,9787.3700000000008,9460.7199999999993,9727.2299999999996,0.047680337421132091,0.044545790177616305,-0.0049489937011871765,-0.11109902151144202,True
CSI300,000300.SH,2015-07-30,3915.7800000000002,3901.9000000000001,3929.0799999999999,3912.0599999999999,3943.1599999999999,3815.4099999999999,3930.3699999999999,0.031298132555253044,0.039544276544340458,-0.0037121187063812178,-0.093872464760326818,True
CSI500,000905.SH,2015-07-30,7979.5600000000004,7979.4300000000003,8055.8699999999999,7999.8800000000001,8055.4499999999998,7800.5799999999999,8022.79,0.048755395551790759,0.045379409962889014,-0.0053883997960808561,-0.11874107222829593,True
CSI1000,000852.SH,2015-07-31,9283.3799999999992,9322.1900000000005,9318.5400000000009,9383.1399999999994,9383.1900000000005,9223.6299999999992,9460.7199999999993,-0.027398344646934469,0.042330971055247482,-0.018744873540280205,-0.44281699835838118,True
CSI300,000300.SH,2015-07-31,3777.1500000000001,3789.0900000000001,3785.8200000000002,3809.71,3803.9099999999999,3816.6900000000001,3815.4099999999999,-0.029249154659739429,0.039359102770334511,-0.010027755863720955,-0.2547760278539431,True
CSI500,000905.SH,2015-07-31,7692.4700000000003,7727.25,7724.6599999999999,7766.79,7762.3999999999996,7727.0600000000004,7800.5799999999999,-0.027697347182214616,0.043054849731909164,-0.013859225852436596,-0.32189697417908147,True
CSI1000,000852.SH,2015-08-03,9076.0699999999997,9080.8700000000008,8970.6299999999992,9015.9699999999993,9016.4799999999996,8723.5900000000001,9223.6299999999992,-0.025060460514633176,0.040136261639458784,-0.015998039817295306,-0.39859317145688788,True
CSI300,000300.SH,2015-08-03,3766.0700000000002,3772.9499999999998,3768.0599999999999,3786.3899999999999,3785.29,3829.23,3816.6900000000001,0.00033548163893271088,0.037475150817374563,-0.01326280101344357,-0.3539092098141618,True
CSI500,000905.SH,2015-08-03,7605.8900000000003,7621.6700000000001,7533.4399999999996,7577.8500000000004,7578.5200000000004,7540.1999999999998,7727.0600000000004,-0.0094249401967545499,0.040626161735446281,-0.015681255225143853,-0.38598909065687037,True
CSI1000,000852.SH,2015-08-04,8720.2399999999998,8763.1100000000006,8910.4400000000005,8813.6000000000004,8792.3400000000001,9265.2199999999993,8723.5900000000001,-0.05421292918297882,0.04019312819160064,-0.0003840162135084757,-0.0095542753397513738,True
CSI300,000300.SH,2015-08-04,3827.3699999999999,3825.6900000000001,3851.6599999999999,3821.8699999999999,3827.6799999999998,3948.1500000000001,3829.23,0.0032855694331999086,0.03685659992581513,-0.00048573734144985448,-0.013179114254368155,True
CSI500,000905.SH,2015-08-04,7548.0200000000004,7567.7200000000003,7671.2399999999998,7591.7399999999998,7580.9300000000003,7942.0900000000001,7540.1999999999998,-0.02418254808426501,0.040864742347845158,0.0010371077690247699,0.025379036045224391,True
CSI1000,000852.SH,2015-08-05,9285.2900000000009,9346.8700000000008,9312.8199999999997,9407.3099999999995,9355.1900000000005,9240.8799999999992,9265.2199999999993,0.06208797066345384,0.040144980474726942,0.0021661655092919396,0.053958564275691644,True
CSI300,000300.SH,2015-08-05,3937.6199999999999,3945.0799999999999,3923.02,3946.4400000000001,3928.1399999999999,3866.9000000000001,3948.1500000000001,0.031055851959793435,0.03734006217815998,-0.0026670719197599002,-0.071426552720628769,True
CSI500,000905.SH,2015-08-05,7933.3100000000004,7969.4399999999996,7929.1599999999999,8003.9200000000001,7954.1300000000001,7839.3299999999999,7942.0900000000001,0.053299647224211544,0.039017157587371079,-0.0011055024559026849,-0.028333751720051224,True
CSI1000,000852.SH,2015-08-06,9025.6599999999999,9039.1599999999999,9106.5699999999997,9184.3500000000004,9258.5900000000001,9229.3400000000001,9240.8799999999992,-0.0026270288239242934,0.039366852812621624,-0.023289989697950819,-0.59161421434440109,True
CSI300,000300.SH,2015-08-06,3802.9200000000001,3806.25,3827.75,3841.4200000000001,3865.71,3831.8499999999999,3866.9000000000001,-0.020579258640122555,0.034157206876502033,-0.016545553285577608,-0.48439421131239763,True
CSI500,000905.SH,2015-08-06,7660.5799999999999,7670.4700000000003,7727.3100000000004,7782.1899999999996,7838.9700000000003,7792.0200000000004,7839.3299999999999,-0.0129386597230704,0.038611978710840378,-0.022801693512073062,-0.59053418844011352,True
CSI1000,000852.SH,2015-08-07,9321.9799999999996,9396.0900000000001,9355.6800000000003,9425,9502.5200000000004,9585.1299999999992,9229.3400000000001,-0.0012487988156970609,0.039071662614991814,0.010037554147967143,0.25690112670341619,True
CSI300,000300.SH,2015-08-07,3866.4299999999998,3881.2600000000002,3865.6599999999999,3890.6700000000001,3911.5700000000002,3906.9400000000001,3831.8499999999999,-0.0090641082003672935,0.031085099280418905,0.0090243616007932292,0.29031149359969544,True
CSI500,000905.SH,2015-08-07,7874.4099999999999,7921.4099999999999,7884.1000000000004,7933.5699999999997,7978.4700000000003,8013.3100000000004,7792.0200000000004,-0.0060349545177967867,0.037833939380882753,0.010573638158012821,0.2794749458037038,True
CSI1000,000852.SH,2015-08-10,9704.0699999999997,9704.7800000000007,9767.2000000000007,9767.4699999999993,9806.6499999999996,10077.940000000001,9585.1299999999992,0.03854988547393412,0.039312041854644431,0.012408804053779088,0.31564893270261613,True
CSI300,000300.SH,2015-08-10,3947.4699999999998,3943.6500000000001,3957.46,3948.1100000000001,3962.1199999999999,4084.3600000000001,3906.9400000000001,0.019596278559964597,0.028824347770236181,0.010373847563566407,0.35989877884690141,True
CSI500,000905.SH,2015-08-10,8106.1199999999999,8102.2299999999996,8147.7200000000003,8140.4899999999998,8178.6899999999996,8394.0799999999999,8013.3100000000004,0.028399567762916522,0.036797674751511064,0.011581980479976384,0.31474761810868984,True
CSI1000,000852.SH,2015-08-11,10093.879999999999,10161.719999999999,10152.83,10210.76,10214.059999999999,10153.709999999999,10077.940000000001,0.051414013164140737,0.039520279374431651,0.0015816724449637665,0.040021793114829486,True
CSI300,000300.SH,2015-08-11,4083.5799999999999,4097.5799999999999,4089.6999999999998,4100.8100000000004,4096.2600000000002,4066.6599999999999,4084.3600000000001,0.045411498512902604,0.030134873451286813,-0.00019097239224752371,-0.0063372554909258746,True
CSI500,000905.SH,2015-08-11,8402.3099999999995,8452.0699999999997,8441.7099999999991,8482.0799999999999,8486.7700000000004,8435.3199999999997,8394.0799999999999,0.047517193269697389,0.035739857270994338,0.0009804528906085519,0.027433038782845542,True
CSI1000,000852.SH,2015-08-12,10053.469999999999,10116.940000000001,10174.6,10179.59,10104.059999999999,10005.93,10153.709999999999,0.0075184015781002422,0.038987547398143405,-0.0098722535900670483,-0.25321555852823835,True
CSI300,000300.SH,2015-08-12,4025.6700000000001,4040.0700000000002,4056.6500000000001,4063.7800000000002,4043.2399999999998,4016.1199999999999,4066.6599999999999,-0.0043336042856164658,0.029679463238691427,-0.010079524720532307,-0.33961276993015843,True
CSI500,000905.SH,2015-08-12,8342.6000000000004,8393.2199999999993,8442.8600000000006,8453.7900000000009,8390.1200000000008,8336.3299999999999,8435.3199999999997,0.0049129862951031722,0.035534525822878464,-0.010991877012371698,-0.30932949737842608,True
CSI1000,000852.SH,2015-08-13,9946.3999999999996,10035.01,10064.110000000001,10146.92,10059.17,10308.790000000001,10005.93,-0.014554286068835798,0.037689103545858173,-0.0059494719631258963,-0.1578565527802189,True
CSI300,000300.SH,2015-08-13,4010.0100000000002,4031.5999999999999,4034.8600000000001,4058.29,4028.04,4075.46,4016.1199999999999,-0.012427889226047872,0.02867287896444844,-0.0015213688833998207,-0.053059509137054879,True
CSI500,000905.SH,2015-08-13,8287.7700000000004,8353.7299999999996,8364.5300000000007,8433.4799999999996,8359.4300000000003,8534.4200000000001,8336.3299999999999,-0.011735180170995285,0.03269314809684546,-0.0058251052921368673,-0.17817511103187178,True
CSI1000,000852.SH,2015-08-14,10400.5,10414.870000000001,10417.309999999999,10413.66,10397.67,10377.98,10308.790000000001,0.030268051045730049,0.038059799996648741,0.0088962914173242869,0.23374509109631755,True
CSI300,000300.SH,2015-08-14,4097.9099999999999,4096.1999999999998,4090.1599999999999,4085.1100000000001,4082.2399999999998,4073.54,4075.46,0.01477545491668586,0.028802857414862128,0.0055085806264814074,0.19125118550352604,True
CSI500,000905.SH,2015-08-14,8599.7700000000004,8612.5599999999995,8625.8899999999994,8638.7600000000002,8632.0400000000009,8625.2399999999998,8534.4200000000001,0.023762255093068507,0.03270248378968299,0.0076572280248687896,0.23414820947895398,True
CSI1000,000852.SH,2015-08-17,10339.26,10380.66,10351.24,10319.67,10267.889999999999,10563.129999999999,10377.98,0.0067117479354996679,0.036344471129994942,-0.0037309765484226931,-0.10265595928134262,True
CSI300,000300.SH,2015-08-17,4058.1100000000001,4060.6700000000001,4046.9299999999998,4036.4400000000001,4011,4077.8699999999999,4073.54,-0.00047111246337838697,0.027440482458084114,-0.0037878601903994502,-0.13803912508409727,True
CSI500,000905.SH,2015-08-17,8613.2800000000007,8650.6200000000008,8643.5200000000004,8632.8799999999992,8583.1700000000001,8820.4500000000007,8625.2399999999998,0.010641613607017097,0.030689417449603105,-0.001386628082232999,-0.045182613339274438,True
CSI1000,000852.SH,2015-08-18,10582.23,10535.74,10526.92,10504.51,10513.98,9806.7000000000007,10563.129999999999,0.017840658779454177,0.035951200856681867,0.0018081761750541325,0.050295292840491196,True
CSI300,000300.SH,2015-08-18,4084.3099999999999,4072.5900000000001,4081.1300000000001,4083.1300000000001,4072.4699999999998,3825.4099999999999,4077.8699999999999,0.0010629575258864765,0.027435612541747596,0.0015792558369933651,0.057562259074415749,True
CSI500,000905.SH,2015-08-18,8842.1599999999999,8796.8199999999997,8758.5200000000004,8718.9099999999999,8712.9899999999998,8161.2600000000002,8820.4500000000007,0.022632413706749066,0.030872762335818815,0.0024613256693251095,0.079724828071813345,True
CSI1000,000852.SH,2015-08-19,9442.9099999999999,9482.0400000000009,9574.3899999999994,9698.25,9639.0300000000007,10057.84,9806.7000000000007,-0.07161040335582336,0.03941256381580318,-0.037096066974619424,-0.94122440620686254,True
CSI300,000300.SH,2015-08-19,3748.2600000000002,3770.1199999999999,3795.3600000000001,3819.75,3801.6399999999999,3886.1300000000001,3825.4099999999999,-0.061909771522878354,0.030652847495334062,-0.020167772866176326,-0.657941252252217,True
CSI500,000905.SH,2015-08-19,7865.6300000000001,7890.6099999999997,7959.8800000000001,8064.21,8023.1199999999999,8340.9799999999996,8161.2600000000002,-0.074734282264510399,0.035508942313572246,-0.036223573320786295,-1.0201253814012057,True
CSI1000,000852.SH,2015-08-20,9947.8199999999997,9938.1700000000001,9920.3099999999995,9993.9099999999999,9965.3899999999994,9739.9099999999999,10057.84,0.025609022403050963,0.039671815957015452,-0.010938730383462048,-0.27573051849489821,True
CSI300,000300.SH,2015-08-20,3848.4000000000001,3839.9499999999998,3832.1599999999999,3843.5500000000002,3833.6599999999999,3761.4499999999998,3886.1300000000001,0.015872808404850725,0.030967112636943756,-0.0097088877623754399,-0.31352253844915268,True
CSI500,000905.SH,2015-08-20,8255.9300000000003,8242.5699999999997,8218.7099999999991,8273.0300000000007,8249.1900000000005,8049.5100000000002,8340.9799999999996,0.022021109485545143,0.035751109092191063,-0.010196643559869378,-0.28521195058803311,True
CSI1000,000852.SH,2015-08-21,9531.9099999999999,9557.6100000000006,9551.5699999999997,9517.9300000000003,9503.5599999999995,9208.1499999999996,9739.9099999999999,-0.0316101667952563,0.039526972547236694,-0.02135543346909774,-0.54027495891765898,True
CSI300,000300.SH,2015-08-21,3714.2800000000002,3726.02,3729.0799999999999,3726.9400000000001,3717.52,3589.5300000000002,3761.4499999999998,-0.032083332261144237,0.031014953916144748,-0.012540376716425716,-0.40433323713235819,True
CSI500,000905.SH,2015-08-21,7884.3000000000002,7921.3599999999997,7918.6800000000003,7897.29,7883.1199999999999,7612.8999999999996,8049.5100000000002,-0.034944335078132216,0.036001229522178858,-0.020524230667456789,-0.5700980477573041,True
CSI1000,000852.SH,2015-08-24,8782.4799999999996,8710.1299999999992,8579.2099999999991,8562.1499999999996,8562.7399999999998,8506.7199999999993,9208.1499999999996,-0.0545959870265742,0.041153131148218627,-0.046227526701889121,-1.1233052118293105,True
CSI300,000300.SH,2015-08-24,3454.5900000000001,3420.75,3347.9000000000001,3327.3400000000001,3324.0100000000002,3275.5300000000002,3589.5300000000002,-0.045705778356750604,0.032201177938886043,-0.03759266533501604,-1.1674313718076523,True
CSI500,000905.SH,2015-08-24,7255.29,7190.96,7073.0699999999997,7058.0900000000001,7063.9899999999998,7006.1800000000003,7612.8999999999996,-0.054240568680578138,0.03775318151445687,-0.046974214819582527,-1.2442451982912921,True
CSI1000,000852.SH,2015-08-25,7889.7799999999997,7889.79,7912.0799999999999,7933.7399999999998,8019.1999999999998,7882.1099999999997,8506.7199999999993,-0.076174910269706797,0.041692250748518206,-0.07252383997592482,-1.7395040726723636,True
CSI300,000300.SH,2015-08-25,3070,3077.2800000000002,3106.8899999999999,3124.4400000000001,3186.48,3042.9200000000001,3275.5300000000002,-0.087476633431117667,0.032442407990665237,-0.062747097416296027,-1.9341072781758513,True
CSI500,000905.SH,2015-08-25,6496.1000000000004,6495.54,6521.5699999999997,6544.3000000000002,6623.0699999999997,6481.4099999999999,7006.1800000000003,-0.079696304956061392,0.038238613834322567,-0.072804295636138328,-1.9039470403289038,True
CSI1000,000852.SH,2015-08-26,7836.2799999999997,7867.7799999999997,7850.0600000000004,7763.8699999999999,7588.7200000000003,7543.7799999999997,7882.1099999999997,-0.07342548009103389,0.043553156022847879,-0.0058144329373733816,-0.13350198856595247,True
CSI300,000300.SH,2015-08-26,3062.5599999999999,3067.27,3079.8600000000001,3060.5900000000001,3008.4099999999999,3025.6900000000001,3042.9200000000001,-0.071014461781757521,0.035403245359575897,0.0064543267650809533,0.18230890133170186,True
CSI500,000905.SH,2015-08-26,6470,6481.6800000000003,6482.7299999999996,6415.9099999999999,6280.3500000000004,6238.5200000000004,6481.4099999999999,-0.074901015960195161,0.041275682184077359,-0.0017604194149112296,-0.042650280304521164,True
CSI1000,000852.SH,2015-08-27,7666.5,7749.4899999999998,7630.0299999999997,7707.0900000000001,7683.5600000000004,7793.5299999999997,7543.7799999999997,-0.042923785636079681,0.042231787496632353,0.016267706640437529,0.38520052322518311,True
CSI300,000300.SH,2015-08-27,3092.8099999999999,3117.2600000000002,3073.75,3096.3699999999999,3084.8899999999999,3205.6300000000001,3025.6900000000001,-0.0056623243463514994,0.034040556118323469,0.022183369743760784,0.65167471608431926,True
CSI500,000905.SH,2015-08-27,6344.9499999999998,6422.9300000000003,6314.0699999999997,6375.29,6352.7799999999997,6456.0500000000002,6238.5200000000004,-0.037474870437142482,0.03956618262915302,0.017060136057911013,0.43117973290000489,True
CSI1000,000852.SH,2015-08-28,7912.79,7926.9399999999996,7912.6800000000003,7897.9099999999999,7995.9399999999996,8270.9500000000007,7793.5299999999997,0.033106744894469298,0.043209310982073534,0.015302436764854876,0.35414674330732737,True
CSI300,000300.SH,2015-08-28,3246.23,3251.3099999999999,3246,3237.3600000000001,3278.5100000000002,3342.2800000000002,3205.6300000000001,0.059470732295773931,0.037352894835174122,0.012665217133605466,0.33906922581215859,True
CSI500,000905.SH,2015-08-28,6554.75,6566.8699999999999,6548.3800000000001,6536.2700000000004,6615.25,6842.8900000000003,6456.0500000000002,0.034868847098350253,0.040695472795599326,0.015287985687843175,0.37566797084850106,True
CSI1000,000852.SH,2015-08-31,8222.5300000000007,8211.1299999999992,8125.4099999999999,8108.3000000000002,8107.6400000000003,7950.4499999999998,8270.9500000000007,0.06125850545259981,0.045731436071605597,-0.0058542247263011493,-0.128013139957702,True
CSI300,000300.SH,2015-08-31,3307.3899999999999,3294.9000000000001,3255.0300000000002,3246.6799999999998,3250.4200000000001,3366.5300000000002,3342.2800000000002,0.042628126140571432,0.03900961059488111,-0.010438981772921574,-0.26760025577623658,True
CSI500,000905.SH,2015-08-31,6791.4099999999999,6781,6702.8999999999996,6689.0200000000004,6688.8000000000002,6581.3100000000004,6842.8900000000003,0.059918990714136422,0.043481271703757346,-0.0075231371540387393,-0.17302017303667414,True
CSI1000,000852.SH,2015-09-01,7848.6499999999996,7791.8500000000004,7713.0900000000001,7614.5600000000004,7563.3900000000003,7441.3299999999999,7950.4499999999998,-0.038750083122253254,0.044969886284463106,-0.012804306674464971,-0.28473068829815568,True
CSI300,000300.SH,2015-09-01,3296.52,3280.6100000000001,3272.9000000000001,3240.8600000000001,3232.6999999999998,3362.0799999999999,3366.5300000000002,0.0072555261677658134,0.039068750943363449,-0.020795893694694589,-0.53228969937742932,True
CSI500,000905.SH,2015-09-01,6507.8699999999999,6460.6899999999996,6405.46,6319.6599999999999,6273.8800000000001,6169.21,6581.3100000000004,-0.038226538786974462,0.043916119632999406,-0.01115887262566273,-0.25409514134936778,True
CSI1000,000852.SH,2015-09-02,7072.79,7059.5500000000002,7146.8100000000004,7162.6599999999999,7280.5200000000004,7129.9700000000003,7441.3299999999999,-0.064036626857599255,0.044099916066415529,-0.04952609278180109,-1.1230427900863487,True
CSI300,000300.SH,2015-09-02,3220.8499999999999,3232.3299999999999,3272.4499999999998,3265.4699999999998,3275.6999999999998,3365.8299999999999,3362.0799999999999,-0.0013218358369003758,0.038125855887325345,-0.042006733926616913,-1.1017912371793268,True
CSI500,000905.SH,2015-09-02,5878.1999999999998,5867.6300000000001,5942.75,5952.6700000000001,6046.8400000000001,6122.5500000000002,6169.21,-0.062616713085996589,0.043344634783141364,-0.047171355813791394,-1.088285921655485,True
CSI1000,000852.SH,2015-09-07,7243.4399999999996,7332.5100000000002,7399.8599999999997,7368.71,7354.71,7291.46,7129.9700000000003,-0.041841982548818546,0.044625182456684821,0.01591451296429014,0.35662628337122143,True
CSI300,000300.SH,2015-09-07,3347.29,3374.21,3394.3800000000001,3367.77,3358.0700000000002,3250.48,3365.8299999999999,0.0011153809546471383,0.038036639832200153,-0.0055082995873231289,-0.14481562019208763,True
CSI500,000905.SH,2015-09-07,6187.6899999999996,6269.9799999999996,6335.0699999999997,6303.0299999999997,6291.4499999999998,6143.5500000000002,6122.5500000000002,-0.0075633671085925114,0.04335284513663528,0.010639357783929881,0.24541313840874315,True
CSI1000,000852.SH,2015-09-08,7247.5699999999997,7286.79,7330.25,7287.2299999999996,7364.9499999999998,7651.5,7291.46,0.022649464163243316,0.045241792757294189,-0.0060193706061612007,-0.13304889659109975,True
CSI300,000300.SH,2015-09-08,3221.7800000000002,3238.0100000000002,3252.3000000000002,3232.52,3252.4699999999998,3334.02,3250.48,-0.034270893063523711,0.038550189563646468,-0.0088294651866800411,-0.2290381781937173,True
CSI500,000905.SH,2015-09-08,6096.0100000000002,6120.4399999999996,6153.6999999999998,6108.4799999999996,6163.3900000000003,6374.8500000000004,6143.5500000000002,0.0034299434059337219,0.043465714871542639,-0.0077381969708067988,-0.17802990227299953,True
CSI1000,000852.SH,2015-09-09,7716.5500000000002,7710.7799999999997,7836.9099999999999,7840.3299999999999,7924.7399999999998,7956.7200000000003,7651.5,0.049378313808208452,0.045922252916629026,0.0085016009932692427,0.18513031163135085,True
CSI300,000300.SH,2015-09-09,3344.8200000000002,3336.1300000000001,3370.4099999999999,3367.1300000000001,3400.4499999999998,3399.3000000000002,3334.02,0.025700819571263356,0.038799169829907734,0.0032393326974644587,0.083489742478135953,True
CSI500,000905.SH,2015-09-09,6408.6700000000001,6390.6300000000001,6487.0799999999999,6487.54,6562.5600000000004,6551,6374.8500000000004,0.037649241887833584,0.043952378649789001,0.0053052228679890678,0.12070388522680185,True
CSI1000,000852.SH,2015-09-10,7831.5,7846.9200000000001,7865.7399999999998,7942.5699999999997,7956.9099999999999,7842.9899999999998,7956.7200000000003,0.039890217604391376,0.045174854892988184,-0.015737640635839933,-0.34837169202025819,True
CSI300,000300.SH,2015-09-10,3349.2800000000002,3351.0799999999999,3353.3099999999999,3376.1500000000001,3382.6599999999999,3357.5599999999999,3399.3000000000002,0.01957996652689542,0.037359955908365529,-0.0147147942223399,-0.3938654065446851,True
CSI500,000905.SH,2015-09-10,6434.5299999999997,6445.7200000000003,6459.1199999999999,6518.8299999999999,6534.0799999999999,6440.3000000000002,6551,0.027632022714259907,0.042781657679365391,-0.017778965043504846,-0.41557447765938399,True
CSI1000,000852.SH,2015-09-11,7826.7299999999996,7877.3299999999999,7905,7893.1000000000004,7962.4700000000003,7952.1300000000001,7842.9899999999998,-0.014293578258377848,0.044973079035666996,-0.0020731889241221158,-0.046098443081424842,True
CSI300,000300.SH,2015-09-11,3349.8699999999999,3367.0300000000002,3367.6700000000001,3360.9299999999998,3378.2399999999998,3347.1799999999998,3357.5599999999999,-0.01227899861736248,0.037356003071223984,-0.002290353709241244,-0.061311530167571529,True
CSI500,000905.SH,2015-09-11,6423.5200000000004,6461.6599999999999,6473.8999999999996,6460.5600000000004,6512.2600000000002,6493.3100000000004,6440.3000000000002,-0.016898183483437634,0.042620736776213655,-0.002605468689346746,-0.061131479331930284,True
CSI1000,000852.SH,2015-09-14,7997.3400000000001,7990.2600000000002,7931.7600000000002,7915.6199999999999,7918.3299999999999,7412.3000000000002,7952.1300000000001,0.013915611265601591,0.045332283965780609,0.0056852692297535423,0.12541325369895565,True
CSI300,000300.SH,2015-09-14,3367.6399999999999,3360.8400000000001,3340.6999999999998,3331.21,3327.6100000000001,3281.1300000000001,3347.1799999999998,-0.0030915307544765458,0.037367378960782925,0.0061126082254314706,0.16358140162430593,True
CSI500,000905.SH,2015-09-14,6535.2600000000002,6529.1999999999998,6490.6000000000004,6473.0699999999997,6475.1099999999997,6049.79,6493.3100000000004,0.0082309830287410346,0.042873265762399901,0.0064604954945937099,0.15068820580165837,True
CSI1000,000852.SH,2015-09-15,7183.3199999999997,7205.2399999999998,7226.2299999999996,7298.0799999999999,7264.9799999999996,7034.8999999999996,7412.3000000000002,-0.067884956609109759,0.04600229009904773,-0.030891895902756317,-0.67152952247035624,True
CSI300,000300.SH,2015-09-15,3208.7399999999998,3212.7600000000002,3214.46,3230.8099999999999,3214.6399999999999,3152.23,3281.1300000000001,-0.019733028997544144,0.037036608847781517,-0.022062521143630498,-0.5956949577728966,True
CSI500,000905.SH,2015-09-15,5886.2600000000002,5898.0799999999999,5913,5959,5931.0500000000002,5708.0299999999997,6049.79,-0.06830414688348474,0.043817210517894174,-0.027030690321482198,-0.61689664864547555,True
CSI1000,000852.SH,2015-09-16,7062.8299999999999,7093.1099999999997,7095.8199999999997,7123.25,7198.8599999999997,7500.6099999999997,7034.8999999999996,-0.050915370397852322,0.046351833766035321,0.0039702056887802595,0.085653691908289933,True
CSI300,000300.SH,2015-09-16,3149.1500000000001,3155.9099999999999,3146.5599999999999,3149.48,3168.5100000000002,3309.25,3152.23,-0.039285246241386407,0.037518374289589165,-0.00097708606288249289,-0.026042867831659242,True
CSI500,000905.SH,2015-09-16,5722.5299999999997,5748.5900000000001,5743.8299999999999,5756.4099999999999,5814.6700000000001,6084.8299999999999,5708.0299999999997,-0.05649121705050919,0.04422796523254572,0.0025402809725947328,0.057436080525934623,True
CSI1000,000852.SH,2015-09-17,7516.3500000000004,7535.2799999999997,7526.6599999999999,7528.1000000000004,7589.5699999999997,7428.6300000000001,7500.6099999999997,0.06619994598359602,0.049487294513619523,0.0020984959889929211,0.042404742664107223,True
CSI300,000300.SH,2015-09-17,3287.6500000000001,3290.3899999999999,3281.3899999999999,3279.52,3300.5799999999999,3236.9899999999998,3309.25,0.049812355062923697,0.039922184208593191,-0.0065271587217646809,-0.16349703432207799,True
CSI500,000905.SH,2015-09-17,6057.8599999999997,6070.3500000000004,6055.96,6046.6199999999999,6093.75,5965.3999999999996,6084.8299999999999,0.066012266929220909,0.047355317304606938,-0.0044323341818917061,-0.093597391680036501,True
CSI1000,000852.SH,2015-09-18,7484.2799999999997,7501.9300000000003,7412.9499999999998,7484.1599999999999,7400.9200000000001,7556.1999999999998,7428.6300000000001,-0.0095965528137044176,0.047717697262619818,0.0074912870879286775,0.15699179796333257,True
CSI300,000300.SH,2015-09-18,3254.4400000000001,3262.4099999999999,3238.4400000000001,3259.29,3237.5799999999999,3251.27,3236.9899999999998,-0.021835763390496421,0.038124819845685332,0.0053908105987352517,0.14139897894744652,True
CSI500,000905.SH,2015-09-18,6007.4499999999998,6020.3500000000004,5953.7200000000003,6003.9899999999998,5944.6099999999997,6036.8800000000001,5965.3999999999996,-0.01962749986441692,0.045401533901858485,0.0070489824655513011,0.15525868532963277,True
CSI1000,000852.SH,2015-09-21,7453.1700000000001,7483.1099999999997,7524.3000000000002,7621.0799999999999,7625.1899999999996,7847.8800000000001,7556.1999999999998,0.017172749214861893,0.047397424025403756,-0.01363516053042535,-0.28767724851707693,True
CSI300,000300.SH,2015-09-21,3222.5999999999999,3229,3232.6100000000001,3260.9299999999998,3251.7800000000002,3308.2399999999998,3251.27,0.0044115057507128075,0.037838228973796337,-0.0088180926222676259,-0.23304718168427799,True
CSI500,000905.SH,2015-09-21,5966.29,5984.1300000000001,6009.5600000000004,6079.8000000000002,6083.6099999999997,6250.4300000000003,6036.8800000000001,0.011982432024675749,0.045029785036252983,-0.011693126250646002,-0.25967537356067755,True
CSI1000,000852.SH,2015-09-22,7868.6300000000001,7878.3699999999999,7899.46,7909.4300000000003,7841.8000000000002,7880.8299999999999,7847.8800000000001,0.038601413408856367,0.048542484085629799,0.002644026157382573,0.054468291171882843,True
CSI300,000300.SH,2015-09-22,3312.3600000000001,3310.96,3320.1500000000001,3339.8099999999999,3335.4899999999998,3339.0300000000002,3308.2399999999998,0.017522383560885313,0.037815359246187001,0.0012453751843881644,0.032933051786721769,True
CSI500,000905.SH,2015-09-22,6264.0500000000002,6274.7600000000002,6300.1599999999999,6315.9799999999996,6278.7700000000004,6295.9200000000001,6250.4300000000003,0.03537423304753462,0.046127604160249205,0.0021790500813543279,0.047239611096735433,True
CSI1000,000852.SH,2015-09-23,7734.2700000000004,7746.6700000000001,7790.5900000000001,7871.8900000000003,7811.4399999999996,7824.0600000000004,7880.8299999999999,0.0041985861149762549,0.047442802394777939,-0.018597025947774459,-0.39198835248023728,True
CSI300,000300.SH,2015-09-23,3290.0700000000002,3292.3499999999999,3297.8000000000002,3311.25,3287.73,3263.02,3339.0300000000002,0.0093070635745895469,0.036738366646980797,-0.014662941033773302,-0.39911793506416871,True
CSI500,000905.SH,2015-09-23,6192.3199999999997,6198.46,6220.3599999999997,6277.5,6231.4200000000001,6224.6000000000004,6295.9200000000001,0.0072778992805293541,0.045172057264219447,-0.016455101081335299,-0.36427610513921183,True
CSI1000,000852.SH,2015-09-24,7856.0200000000004,7893.1300000000001,7898.0500000000002,7930.6499999999996,7889.6199999999999,7928.8199999999997,7824.0600000000004,-0.0072035559706273844,0.044543039663485169,0.0040848357502369925,0.091705365890994608,True
CSI300,000300.SH,2015-09-24,3278.8899999999999,3287.2600000000002,3286.3200000000002,3293.79,3280.9699999999998,3284.9899999999998,3263.02,-0.022764096159663239,0.031358692986270545,0.0048635926227849069,0.155095514501012,True
CSI500,000905.SH,2015-09-24,6250.0799999999999,6282.1199999999999,6282.8100000000004,6308.1800000000003,6284.5600000000004,6315.1099999999997,6224.6000000000004,-0.011327971130509873,0.041971925234499947,0.0040934357227773166,0.097527947548439062,True
CSI1000,000852.SH,2015-09-25,7877.9200000000001,7880.8800000000001,7917.8599999999997,7878.8299999999999,7842.5100000000002,7640.1700000000001,7928.8199999999997,0.013389467872178873,0.041465686698775213,-0.0064196185561028463,-0.15481761107051592,True
CSI300,000300.SH,2015-09-25,3272.6599999999999,3272.3099999999999,3283.9899999999998,3277.2800000000002,3272.1100000000001,3231.9499999999998,3284.9899999999998,0.0067330264601503931,0.026498177578648651,-0.0037534360835193015,-0.14164883876933843,True
CSI500,000905.SH,2015-09-25,6294.1999999999998,6291.3699999999999,6323.9700000000003,6297.8500000000004,6272.3599999999997,6108.3699999999999,6315.1099999999997,0.014540693377887548,0.038781667154880628,-0.0033111062198440955,-0.085378129996853333,True
CSI1000,000852.SH,2015-09-28,7643.1599999999999,7642.2799999999997,7584.8400000000001,7611.5799999999999,7659.8400000000001,7839.6099999999997,7640.1700000000001,-0.036405164955188751,0.041125529490645261,0.00039135254843802869,0.0095160488700102661,True
CSI300,000300.SH,2015-09-28,3226.5999999999999,3221.8800000000001,3200.0100000000002,3204.79,3211.1700000000001,3242.75,3231.9499999999998,-0.016146167872657102,0.02680473191799838,-0.0016553473908940131,-0.061755789834350434,True
CSI500,000905.SH,2015-09-28,6118.2200000000003,6116.25,6060.4399999999996,6076.4200000000001,6104.3000000000002,6219.6899999999996,6108.3699999999999,-0.032737355327143947,0.038558284256057965,0.0016125414799692539,0.041820882621765115,True
CSI1000,000852.SH,2015-09-29,7702.6400000000003,7716.3699999999999,7700.0200000000004,7780.3900000000003,7804.9399999999996,7720.6700000000001,7839.6099999999997,0.02610413119079813,0.040870773471827083,-0.017471532384901733,-0.42748230338594295,True
CSI300,000300.SH,2015-09-29,3197.2199999999998,3199.8000000000002,3192.2199999999998,3205.5799999999999,3203.3800000000001,3178.8499999999999,3242.75,0.0033416358545150793,0.023369938327237803,-0.014040552000616824,-0.60079542376252126,True
CSI500,000905.SH,2015-09-29,6114.4799999999996,6124.5600000000004,6111.3800000000001,6159.8699999999999,6170.6099999999997,6103.6000000000004,6219.6899999999996,0.018224174370576662,0.037932816124872544,-0.01691563405893215,-0.44593667929232839,True
CSI1000,000852.SH,2015-09-30,7753.3500000000004,7776.4499999999998,7791.0799999999999,7744.4099999999999,7708.3100000000004,7727.5,7720.6700000000001,-0.015171673080676129,0.038450467171929584,0.0042327932679417923,0.11008431312459852,True
CSI300,000300.SH,2015-09-30,3195.9000000000001,3201.1399999999999,3208.3499999999999,3200.5599999999999,3204.0599999999999,3202.9400000000001,3178.8499999999999,-0.019705496877650219,0.021591635418272612,0.0053635748777074443,0.24840984824930618,True
CSI500,000905.SH,2015-09-30,6139.1400000000003,6150.8400000000001,6162.3800000000001,6132.4499999999998,6111.8100000000004,6123.7200000000003,6103.6000000000004,-0.018664917383342083,0.035246174988235859,0.0058227931057079907,0.1652035464174898,True
CSI1000,000852.SH,2015-10-08,7961,7932.6599999999999,7979.4399999999996,7947.7600000000002,8033.7700000000004,8056.2700000000004,7727.5,0.00088463825030737908,0.037506071327916148,0.030216758330637417,0.80564978577606394,True
CSI300,000300.SH,2015-10-08,3324.98,3313.9899999999998,3318.1700000000001,3301.54,3323.0700000000002,3296.48,3202.9400000000001,0.0075782122465672952,0.021599257159161313,0.038102493334249088,1.7640649886002184,True
CSI500,000905.SH,2015-10-08,6322.5299999999997,6305.1700000000001,6334,6305.6599999999999,6363.71,6372.4899999999998,6123.7200000000003,0.0032964152303558425,0.034405416134096874,0.032465560149712802,0.94361771481491796,True
CSI1000,000852.SH,2015-10-09,8045.7700000000004,8067.8500000000004,8074.1999999999998,8097.1300000000001,8115.3599999999997,8180.3900000000003,8056.2700000000004,0.042545454545454664,0.035561910967866685,-0.0013033326837357251,-0.03664968074728607,True
CSI300,000300.SH,2015-10-09,3302.3600000000001,3306.1500000000001,3314.6300000000001,3322.8699999999999,3323.23,3340.1100000000001,3296.48,0.029204418440557767,0.022719069379386364,0.001783720817356782,0.07851205467840161,True
CSI500,000905.SH,2015-10-09,6369.75,6382.1000000000004,6390.0799999999999,6406.0699999999997,6413.5299999999997,6470.0500000000002,6372.4899999999998,0.04062399979097675,0.03269708512171518,-0.00042997321298265945,-0.013150200128913036,True
CSI1000,000852.SH,2015-10-12,8226.5400000000009,8245.5,8331.5100000000002,8378.5699999999997,8443.0400000000009,8522.6200000000008,8180.3900000000003,0.01540663359097949,0.033893476952769189,0.0056415403177598744,0.1664491467081233,True
CSI300,000300.SH,2015-10-12,3351.1300000000001,3351.9299999999998,3369.75,3383.96,3417.5500000000002,3447.6900000000001,3340.1100000000001,0.013235329806339013,0.022931814605285917,0.0032992925382697713,0.14387402807230376,True
CSI500,000905.SH,2015-10-12,6505.9099999999999,6519.9300000000003,6582.1899999999996,6620.4899999999998,6668.9899999999998,6718.7200000000003,6470.0500000000002,0.015309557174667976,0.032740070838771305,0.0055424610319858569,0.16928677580692306,True
CSI1000,000852.SH,2015-10-13,8447.7399999999998,8485.4400000000005,8503.5,8574.4300000000003,8580.6200000000008,8651.0499999999993,8522.6200000000008,0.041835413714994107,0.034610443567655656,-0.0087860305868384669,-0.25385489699557728,True
CSI300,000300.SH,2015-10-13,3422.4699999999998,3430.71,3430.3099999999999,3447.0799999999999,3439.0500000000002,3445.04,3447.6900000000001,0.032208520078679914,0.022537991047778087,-0.007315042825776219,-0.32456498941139539,True
CSI500,000905.SH,2015-10-13,6672.6599999999999,6700.21,6706.3599999999997,6751.6000000000004,6745.1599999999999,6802.0699999999997,6718.7200000000003,0.038434015193081983,0.033671076616350167,-0.0068554724709468662,-0.20360122573621398,True
CSI1000,000852.SH,2015-10-14,8610.3400000000001,8640.8199999999997,8662.1299999999992,8526.2099999999991,8615.8400000000001,8534.7199999999993,8651.0499999999993,0.015069309672377518,0.033297979105178191,-0.0047057871587841138,-0.14132350626805198,True
CSI300,000300.SH,2015-10-14,3431.1300000000001,3439.29,3452.0900000000001,3418.21,3437.5100000000002,3406.1100000000001,3445.04,-0.00076863059033727144,0.021915085479052202,-0.0040376889673269245,-0.18424244665558792,True
CSI500,000905.SH,2015-10-14,6772.4499999999998,6798.8400000000001,6824.6400000000003,6728.1899999999996,6790.9200000000001,6724.4899999999998,6802.0699999999997,0.012405636787959473,0.032846893444598589,-0.004354556774628926,-0.13257134291781855,True
CSI1000,000852.SH,2015-10-15,8476.3099999999995,8491.1700000000001,8561.2700000000004,8554.8600000000006,8605.3099999999995,8808.4599999999991,8534.7199999999993,-0.013446922627889046,0.03262792314109126,-0.0068438097559146982,-0.2097531530376715,True
CSI300,000300.SH,2015-10-15,3403.3800000000001,3405.3699999999999,3422.0500000000002,3418.2600000000002,3427.3600000000001,3486.8099999999999,3406.1100000000001,-0.011300304205466349,0.021688042684054609,-0.00080150083232777281,-0.03695588596923266,True
CSI500,000905.SH,2015-10-15,6694.0600000000004,6706.6300000000001,6747.4399999999996,6741.1899999999996,6778.6199999999999,6929.2299999999996,6724.4899999999998,-0.011405351606202263,0.032512128552024164,-0.004525250242025658,-0.13918652649224719,True
CSI1000,000852.SH,2015-10-16,8866.7900000000009,8864.9300000000003,8892.3199999999997,8859.7000000000007,8863.8799999999992,8943.0100000000002,8808.4599999999991,0.032073694274680431,0.032904284270550421,0.0066220428996670577,0.20125169249141928,True
CSI300,000300.SH,2015-10-16,3508.5100000000002,3508.27,3524.1900000000001,3516.9299999999998,3521.4200000000001,3534.0599999999999,3486.8099999999999,0.023692716911667411,0.022076113647483006,0.006223453529157208,0.28190892783643423,True
CSI500,000905.SH,2015-10-16,6979.6700000000001,6979.6999999999998,6999.5600000000004,6970,6967.6700000000001,7047.5600000000004,6929.2299999999996,0.030446918651079846,0.032800406819534701,0.0072793080905093621,0.22192737213777719,True
CSI1000,000852.SH,2015-10-19,8961.6599999999999,8934.75,8895.0599999999995,8961.7299999999996,8953.3299999999999,8935.3899999999994,8943.0100000000002,0.015275087813306776,0.032922159977234459,0.0020854276132979965,0.063344191715855258,True
CSI300,000300.SH,2015-10-19,3548.9499999999998,3537.0900000000001,3525.5500000000002,3552.6900000000001,3560.25,3534.1799999999998,3534.0599999999999,0.013551068168325742,0.022182702380409026,0.004213284437728726,0.18993557978083631,True
CSI500,000905.SH,2015-10-19,7072.3500000000004,7056.0799999999999,7033.9200000000001,7089.3999999999996,7080.5799999999999,7047.3699999999999,7047.5600000000004,0.017076933512093051,0.03291734007467817,0.0035175294711928817,0.10685946869378911,True
CSI1000,000852.SH,2015-10-20,8915.8600000000006,8948.6399999999994,8974.1700000000001,8897.9699999999993,8982.2000000000007,9116.5300000000007,8935.3899999999994,-0.00085206211331545489,0.028005905272150661,-0.0021856908316255641,-0.0780439271784239,True
CSI300,000300.SH,2015-10-20,3527.8699999999999,3535.52,3538.3000000000002,3510.9699999999998,3530.46,3577.6999999999998,3534.1799999999998,3.3955280895003881e-05,0.021550067316178194,-0.0017854212292526261,-0.082849914251184917,True
CSI500,000905.SH,2015-10-20,7033.1999999999998,7055.7299999999996,7063.1700000000001,6999.7799999999997,7059.0900000000001,7162.0699999999997,7047.3699999999999,-2.6959685337946127e-05,0.028151591177554787,-0.0020106791611622654,-0.071423286466499147,True
CSI1000,000852.SH,2015-10-21,9116.4699999999993,9120.1499999999996,9109.5599999999995,9137.1700000000001,9094.0699999999997,8541.6000000000004,9116.5300000000007,0.020272198527428786,0.024146650288273834,-6.581451495346613e-06,-0.0002725616769520498,True
CSI300,000300.SH,2015-10-21,3580.8299999999999,3578.8000000000002,3571.9200000000001,3583.9699999999998,3579.79,3473.25,3577.6999999999998,0.012314030411580523,0.019045850722784408,0.00087486373927392336,0.045934610745810921,True
CSI500,000905.SH,2015-10-21,7159.1300000000001,7161.1899999999996,7153.9200000000001,7174.8999999999996,7133.3100000000004,6712.7299999999996,7162.0699999999997,0.016275575143635201,0.023727709521345421,-0.00041049584826724494,-0.017300272826501158,True
CSI1000,000852.SH,2015-10-22,8531.6900000000005,8575.1700000000001,8603.1399999999994,8679.5300000000007,8706.9200000000001,8894.75,8541.6000000000004,-0.063064565136077055,0.026438001826332241,-0.0011602041772033056,-0.0438839585844851,True
CSI300,000300.SH,2015-10-22,3453.1999999999998,3457.27,3461.2199999999998,3475.1700000000001,3479.96,3524.5300000000002,3473.25,-0.029194734047013449,0.017743131987987253,-0.0057726912833802047,-0.32534793109178961,True
CSI500,000905.SH,2015-10-22,6708.21,6734.1199999999999,6750.2399999999998,6807.9799999999996,6826,6964.29,6712.7299999999996,-0.062738845054572279,0.025601191690831991,-0.00067334750541125921,-0.026301412588242555,True
CSI1000,000852.SH,2015-10-23,8977.8700000000008,8980.2299999999996,8991.7700000000004,9071.3899999999994,9062.8400000000001,9182.5499999999993,8894.75,0.041344712934344718,0.027212213441064299,0.0093448382472807179,0.34340603227736666,True
CSI300,000300.SH,2015-10-23,3536.8400000000001,3534.48,3531.1100000000001,3546.1399999999999,3544.0900000000001,3571.2399999999998,3524.5300000000002,0.01476426977614631,0.016963689371428874,0.0034926642701296196,0.20589060514230742,True
CSI500,000905.SH,2015-10-23,7015.6199999999999,7017.1999999999998,7022.3999999999996,7081.7700000000004,7075.4499999999998,7138.2299999999996,6964.29,0.037475066031257054,0.025865050671238329,0.007370457002795705,0.28495815053598861,True
CSI1000,000852.SH,2015-10-26,9296.1800000000003,9239.3199999999997,9216.1499999999996,9199.9699999999993,9232.7199999999993,9262.8899999999994,9182.5499999999993,0.032356165153601735,0.027648722123603382,0.012374558265405788,0.44756347906733007,True
CSI300,000300.SH,2015-10-26,3614.6999999999998,3603.6399999999999,3608,3609.4499999999998,3607.3600000000001,3589.2600000000002,3571.2399999999998,0.01325283087390372,0.01707878936334636,0.012169442546566378,0.71254714181813283,True
CSI500,000905.SH,2015-10-26,7223.1499999999996,7186.2299999999996,7171.21,7148.9799999999996,7161.1899999999996,7186.75,7138.2299999999996,0.024975984630163151,0.026129742219410515,0.011896506556947628,0.45528602835240722,True
CSI1000,000852.SH,2015-10-27,9183.7800000000007,9176.8899999999994,9078.4599999999991,9107.8400000000001,8882.6900000000005,9345.9599999999991,9262.8899999999994,0.0087492036525802508,0.026826089218607029,-0.0085405310869500761,-0.31836661010678435,True
CSI300,000300.SH,2015-10-27,3569.4400000000001,3568.3699999999999,3547.4099999999999,3547.9400000000001,3486.7199999999998,3592.8699999999999,3589.2600000000002,0.0050458664217472027,0.016817139016145597,-0.0055220296105604749,-0.32835725537256671,True
CSI500,000905.SH,2015-10-27,7123.0799999999999,7123.3999999999996,7060.5,7072.1099999999997,6901.8599999999997,7231.4300000000003,7186.75,0.0067972032282512806,0.025366956255827609,-0.0088593592374857089,-0.34924801967324826,True
CSI1000,000852.SH,2015-10-28,9277.7199999999993,9316.5599999999995,9352.1000000000004,9403.8600000000006,9291.7600000000002,9131.8700000000008,9345.9599999999991,0.0089680434508019324,0.026805457822712309,-0.0073015506165230448,-0.27239044618504626,True
CSI300,000300.SH,2015-10-28,3575.8000000000002,3580.6100000000001,3583.4200000000001,3595.46,3568.0900000000001,3524.9200000000001,3592.8699999999999,0.0010057783498547135,0.01678737132211424,-0.0047510764374997239,-0.28301491319496008,True
CSI500,000905.SH,2015-10-28,7179.9799999999996,7207.54,7230.1000000000004,7267.4899999999998,7179.1000000000004,7048.8900000000003,7231.4300000000003,0.0062169965561624796,0.025368142577598757,-0.0071147753625494525,-0.28046102866167777,True
CSI1000,000852.SH,2015-10-29,9197.4599999999991,9209.7900000000009,9091.8500000000004,9161.6800000000003,9188.8899999999994,9214.5799999999999,9131.8700000000008,-0.022907224083989042,0.027522591697017765,0.0071825376401546404,0.26096879680604029,True
CSI300,000300.SH,2015-10-29,3539.9699999999998,3540.5999999999999,3516.46,3531.1199999999999,3538.0799999999999,3533.3000000000002,3524.9200000000001,-0.018912457172121422,0.016485930142056869,0.0042696004448328218,0.25898450424345448,True
CSI500,000905.SH,2015-10-29,7097.1800000000003,7111.7200000000003,7032.9200000000001,7081.8699999999999,7104.4099999999999,7108.9700000000003,7048.8900000000003,-0.025242586874241968,0.026085418442864005,0.0068507240147031023,0.26262657161158953,True
CSI1000,000852.SH,2015-10-30,9183.4899999999998,9190.0599999999995,9099.3099999999995,9118.2000000000007,9134.7299999999996,9188.2600000000002,9214.5799999999999,0.0090572905658972136,0.027495982819866788,-0.0033740007683475959,-0.12270886225277115,True
CSI300,000300.SH,2015-10-30,3530.2199999999998,3531.0500000000002,3512.0900000000001,3516.2800000000002,3513.79,3534.0700000000002,3533.3000000000002,0.0023773589187841004,0.016476647100835178,-0.00087170633685229593,-0.052905565769391906,True
CSI500,000905.SH,2015-10-30,7088.8000000000002,7094.6800000000003,7032.2299999999996,7045.3500000000004,7053.0600000000004,7084.9700000000003,7108.9700000000003,0.0085233277863607793,0.026023203050221808,-0.0028372605314130883,-0.10902810564623808,True
CSI1000,000852.SH,2015-11-02,8946.8799999999992,8990.7900000000009,9020.5900000000001,9097.5200000000004,9165.6900000000005,8944.6800000000003,9188.2600000000002,-0.0028563428826924309,0.025609117276713854,-0.026270479938530378,-1.0258252814679363,True
CSI300,000300.SH,2015-11-02,3489.2199999999998,3494.1399999999999,3499.4299999999998,3516.3499999999999,3527.4000000000001,3475.96,3534.0700000000002,0.00021792658421304623,0.015828689456079487,-0.012690750324696576,-0.80175622624413223,True
CSI500,000905.SH,2015-11-02,6936.3599999999997,6969.5900000000001,6992.9099999999999,7047.2799999999997,7094.1000000000004,6936.4300000000003,7084.9700000000003,-0.0033760164974673268,0.024490273429701691,-0.020975388745471113,-0.85647834050036609,True
CSI1000,000852.SH,2015-11-03,8963.7700000000004,8993.4300000000003,8996.6800000000003,8989.0599999999995,8860.6399999999994,8924.4099999999999,8944.6800000000003,-0.026509915914438631,0.026509145704907078,0.0021342295084900709,0.080509177181632294,True
CSI300,000300.SH,2015-11-03,3484.7199999999998,3492.71,3492.0900000000001,3490.6799999999998,3464.0300000000002,3465.4899999999998,3475.96,-0.016442798246780632,0.016514636743332124,0.0025201670905303786,0.15260202992644753,True
CSI500,000905.SH,2015-11-03,6956.8900000000003,6975.3699999999999,6969.9099999999999,6969.1599999999999,6877.9300000000003,6920.1000000000004,6936.4300000000003,-0.020965508675407252,0.025165050566132153,0.0029496441252920835,0.11721192920080198,True
CSI1000,000852.SH,2015-11-04,8973.1499999999996,9001.9300000000003,9032.8600000000006,9096.2299999999996,9154.6200000000008,9396.8400000000001,8924.4099999999999,-0.0022661515001095589,0.026096143202850829,0.0054614254611788926,0.20928094311584972,True
CSI300,000300.SH,2015-11-04,3477.1500000000001,3484.6199999999999,3492.7199999999998,3523.8899999999999,3541.77,3628.5300000000002,3465.4899999999998,-0.0030121175157367119,0.015674834427983137,0.0033646035625554127,0.21465002249394302,True
CSI500,000905.SH,2015-11-04,6953.8599999999997,6971.2399999999998,6992.7700000000004,7041.6899999999996,7088.5,7267.9799999999996,6920.1000000000004,-0.0023542369778113414,0.024589140393450011,0.0048785422175978699,0.19840230847994195,True
CSI1000,000852.SH,2015-11-05,9416.4899999999998,9467.4200000000001,9465.1900000000005,9507.2800000000007,9384.0599999999995,9391.4400000000005,9396.8400000000001,0.052936832799030942,0.027923170898369896,0.0020911285070299712,0.07488864766257787,True
CSI300,000300.SH,2015-11-05,3630.7800000000002,3651.1700000000001,3659.4699999999998,3685.0599999999999,3715.9099999999999,3705.9699999999998,3628.5300000000002,0.047046737979333564,0.018347097193090193,0.00062008581987749167,0.033797489235028733,True
CSI500,000905.SH,2015-11-05,7277.0900000000001,7314.0600000000004,7312.1599999999999,7345.1000000000004,7277.7799999999997,7276.4499999999998,7267.9799999999996,0.050270949841765278,0.026432617108919639,0.0012534431850390604,0.047420320881358669,True
CSI1000,000852.SH,2015-11-06,9396.0900000000001,9457.0799999999999,9504.25,9529.6599999999999,9563.5900000000001,9629.2800000000007,9391.4400000000005,-0.00057466126910743487,0.026941659180430188,0.00049513173698589874,0.018377922965692895,True
CSI300,000300.SH,2015-11-06,3698.3400000000001,3712.4200000000001,3710.3699999999999,3720.2800000000002,3727.3000000000002,3793.3699999999999,3705.9699999999998,0.021341975951693737,0.017912191073518866,-0.0020588401956841418,-0.11494072317751805,True
CSI500,000905.SH,2015-11-06,7284.8599999999997,7323.2200000000003,7355.71,7372.6000000000004,7386.0299999999997,7446.8400000000001,7276.4499999999998,0.0011653857055193839,0.025395188306848046,0.0011557833833806264,0.045511904436989693,True
CSI1000,000852.SH,2015-11-09,9560.5300000000007,9642.7399999999998,9568.4899999999998,9522.0400000000009,9623.9099999999999,9816.0300000000007,9629.2800000000007,0.02532518974725928,0.027174613150548522,-0.0071396823023113232,-0.26273353967385576,True
CSI300,000300.SH,2015-11-09,3796.3699999999999,3840.6999999999998,3860.04,3836.9699999999998,3875.5,3840.3499999999999,3793.3699999999999,0.023583569213998068,0.01827723569510702,0.00079085351547569793,0.043269864692253024,True
CSI500,000905.SH,2015-11-09,7415.75,7468.2600000000002,7424.4099999999999,7382.3800000000001,7448.96,7543.8000000000002,7446.8400000000001,0.023416638608112494,0.025599304968734561,-0.0041749252031734185,-0.16308744351740873,True
CSI1000,000852.SH,2015-11-10,9770.1299999999992,9812.2399999999998,9877.9200000000001,9902.6599999999999,9894.4099999999999,9911.2399999999998,9816.0300000000007,0.019393973381187424,0.026172245899551343,-0.0046760248287751605,-0.17866349134581985,True
CSI300,000300.SH,2015-11-10,3806.6599999999999,3817.3000000000002,3825.8000000000002,3828.3400000000001,3822.77,3833.23,3840.3499999999999,0.012384766052349283,0.01732467039660076,-0.0087726379106071173,-0.50636680004765799,True
CSI500,000905.SH,2015-11-10,7517.3999999999996,7545.1599999999999,7588.3999999999996,7595.3199999999997,7592.2299999999996,7575,7543.8000000000002,0.013020287799925923,0.024586849650774151,-0.0034995625546807574,-0.14233472788859589,True
CSI1000,000852.SH,2015-11-11,9910.1100000000006,9911.0699999999997,9942.4099999999999,9930.3600000000006,9940.9300000000003,10100.51,9911.2399999999998,0.0096994406088815044,0.026117099300013574,-0.00011401197024785148,-0.0043654147399053702,True
CSI300,000300.SH,2015-11-11,3828.4400000000001,3819.9400000000001,3823.02,3813.9699999999998,3805.3600000000001,3833.6399999999999,3833.23,-0.0018539976825028281,0.01734718708631822,-0.0012495989022313081,-0.07203467029054357,True
CSI500,000905.SH,2015-11-11,7589.6599999999999,7581,7598.3699999999999,7598.1999999999998,7593.8599999999997,7684.6599999999999,7575,0.0041358466555316831,0.024544688010000027,0.0019353135313531222,0.078848569212394734,True
CSI1000,000852.SH,2015-11-12,10137.459999999999,10130.99,10113.49,10100.83,10039.18,10135.08,10100.51,0.019096500538782202,0.025777970224355871,0.0036582311190225258,0.14191307877166021,True
CSI300,000300.SH,2015-11-12,3841.73,3835.9400000000001,3823.9299999999998,3815.7800000000002,3793.1100000000001,3795.3200000000002,3833.6399999999999,0.00010695940499272361,0.016948869873779932,0.002110265961331903,0.12450776819028536,True
CSI500,000905.SH,2015-11-12,7712.6300000000001,7697.4300000000003,7684.8599999999997,7671.4300000000003,7620.3299999999999,7682.4499999999998,7684.6599999999999,0.014476567656765749,0.024277065642633839,0.0036397186082404165,0.14992415730213185,True
CSI1000,000852.SH,2015-11-13,10030.15,10049.85,10085.66,10085.030000000001,9838.5200000000004,9934.7600000000002,10135.08,0.0034225994528989112,0.025204840686892858,-0.010353149654467431,-0.41076036873549154,True
CSI300,000300.SH,2015-11-13,3756.1999999999998,3767.5799999999999,3783.48,3790.54,3730.29,3746.2399999999998,3795.3200000000002,-0.0099957220813639003,0.016777956932649073,-0.010307431257443489,-0.61434364737137559,True
CSI500,000905.SH,2015-11-13,7601.1400000000003,7612.1300000000001,7634.96,7636.8599999999997,7493.3999999999996,7567.1000000000004,7682.4499999999998,-0.00028758591791955279,0.023678704400464819,-0.010583863220717249,-0.44697813874096443,True
CSI1000,000852.SH,2015-11-16,9749.1000000000004,9807.6499999999996,9886.3400000000001,9935.6900000000005,9994.0300000000007,10194.780000000001,9934.7600000000002,-0.019765014188343866,0.025834446604743749,-0.018687919990014845,-0.72337218117857227,True
CSI300,000300.SH,2015-11-16,3682.73,3692.9000000000001,3709.6100000000001,3721.3800000000001,3733.5900000000001,3764.1199999999999,3746.2399999999998,-0.012931715902743446,0.017058810799089226,-0.016952998206201331,-0.99379718820179752,True
CSI500,000905.SH,2015-11-16,7438.3999999999996,7478.1300000000001,7523.9700000000003,7561.75,7592.7299999999996,7718.8500000000004,7567.1000000000004,-0.015014741391092601,0.023934710139421635,-0.017007836555615885,-0.71059296129110616,True
CSI1000,000852.SH,2015-11-17,10308.23,10324.959999999999,10311.110000000001,10282.99,10329.879999999999,10109.4,10194.780000000001,0.026172751027704777,0.026184080743564011,0.011128244062157178,0.4250003722163313,True
CSI300,000300.SH,2015-11-17,3790.4200000000001,3796.1100000000001,3822.9699999999998,3821.02,3849.02,3758.3800000000001,3764.1199999999999,0.0047727855129409136,0.017047523896510007,0.0069870248557433179,0.40985570093107254,True
CSI500,000905.SH,2015-11-17,7787.0699999999997,7794.3199999999997,7793.1599999999999,7781.46,7817.5900000000001,7650.3800000000001,7718.8500000000004,0.020053917617052663,0.024183972581214401,0.0088381041217278078,0.36545294996708111,True
CSI1000,000852.SH,2015-11-18,10116.709999999999,10092.6,10166.59,10014.51,10135.549999999999,9928.6599999999999,10109.4,-0.0083748742003261212,0.026200067191316814,0.00072308940194276694,0.027598761356704159,True
CSI300,000300.SH,2015-11-18,3760.4499999999998,3743.3699999999999,3767.6199999999999,3722.5799999999999,3742.98,3715.5799999999999,3758.3800000000001,-0.0015249248164245222,0.016942653400185054,0.00055076921439556337,0.032507848764087195,True
CSI500,000905.SH,2015-11-18,7655.3199999999997,7634.04,7683.1000000000004,7586.8599999999997,7653.5100000000002,7526.9399999999996,7650.3800000000001,-0.0088704923660908319,0.024211867437494851,0.0006457195590283682,0.026669547927079654,True
CSI1000,000852.SH,2015-11-19,9954.6499999999996,9979.25,9982.1399999999994,10039.719999999999,10054.66,10235.35,9928.6599999999999,-0.017878410192494143,0.021502590231158435,0.0026176744898103177,0.12173763540436926,True
CSI300,000300.SH,2015-11-19,3725.6199999999999,3727.9899999999998,3726.4099999999999,3738.75,3739.1700000000001,3774.96,3715.5799999999999,-0.011387885205859982,0.015598347733049512,0.0027021353328418041,0.17323215119230648,True
CSI500,000905.SH,2015-11-19,7552.9899999999998,7567.8199999999997,7567.3100000000004,7600.0200000000004,7607.4799999999996,7718.6199999999999,7526.9399999999996,-0.016135146228030584,0.019221170166378344,0.0034609017741604742,0.18005676783478464,True
CSI1000,000852.SH,2015-11-20,10272.35,10289.370000000001,10289.58,10331.110000000001,10307.200000000001,10440.35,10235.35,0.030889364727969326,0.020757540122147561,0.0036149227920883042,0.1741498641369027,True
CSI300,000300.SH,2015-11-20,3778.8800000000001,3774.9200000000001,3769.3200000000002,3782.6399999999999,3776.3400000000001,3774.3800000000001,3774.96,0.015981354189655406,0.015646937689381347,0.0010384215991692258,0.066365803953698954,True
CSI500,000905.SH,2015-11-20,7741.6700000000001,7749.04,7762.6400000000003,7787.9499999999998,7763.3400000000001,7806.2600000000002,7718.6199999999999,0.025465859964341364,0.018351222226020314,0.0029862851131419177,0.16272949432804781,True
CSI1000,000852.SH,2015-11-23,10447.809999999999,10422.190000000001,10469.790000000001,10481.51,10498.15,10341.42,10440.35,0.020028626280488737,0.020146736568574214,0.00071453543224109239,0.035466559549681954,True
CSI300,000300.SH,2015-11-23,3774.4299999999998,3767.6599999999999,3781.9699999999998,3778.6599999999999,3780.96,3753.3299999999999,3774.3800000000001,-0.00015364401212192291,0.015495954245798133,1.3247208813016442e-05,0.00085488177126029797,True
CSI500,000905.SH,2015-11-23,7816.8400000000001,7799.6300000000001,7827.1999999999998,7831.5799999999999,7839.71,7744.1800000000003,7806.2600000000002,0.011354361271833646,0.017828399387632216,0.0013553225232056931,0.076020426384765499,True
CSI1000,000852.SH,2015-11-24,10324.040000000001,10332.02,10299.6,10298.719999999999,10294.280000000001,10459.6,10341.42,-0.0094757359667061447,0.020455649510026368,-0.0016806202629812139,-0.082159222671343457,True
CSI300,000300.SH,2015-11-24,3745.7600000000002,3745.8200000000002,3734.5999999999999,3733.9699999999998,3722.48,3753.8800000000001,3753.3299999999999,-0.0055770749103164485,0.015599610446399809,-0.0020168756810617916,-0.12929013118576052,True
CSI500,000905.SH,2015-11-24,7739.0900000000001,7739.6700000000001,7709.1300000000001,7705.6599999999999,7695.1599999999999,7798.4899999999998,7744.1800000000003,-0.0079525918941977247,0.018037981799838881,-0.00065726778044938872,-0.036437988891598702,True
CSI1000,000852.SH,2015-11-25,10470.93,10496.200000000001,10515.209999999999,10520.82,10557.25,10696.309999999999,10459.6,0.011427830994196198,0.020483587421567941,0.0010832154193276544,0.052882114691838407,True
CSI300,000300.SH,2015-11-25,3747.75,3745.3699999999999,3742.8699999999999,3740.8400000000001,3746.3800000000001,3781.5999999999999,3753.8800000000001,0.0001465365422173015,0.015604693607725794,-0.0016329770797148813,-0.10464653268849852,True
CSI500,000905.SH,2015-11-25,7803.29,7816.8199999999997,7818.6599999999999,7821.7799999999997,7837.8599999999997,7922.3800000000001,7798.4899999999998,0.0070130084786250713,0.018044251876417401,0.0006155037706017108,0.034110794662877211,True
CSI1000,000852.SH,2015-11-26,10745.059999999999,10732.66,10662.459999999999,10687.01,10719.17,10620.83,10696.309999999999,0.022630884546254171,0.019632978546348791,0.0045576465154806289,0.23214238760161174,True
CSI300,000300.SH,2015-11-26,3795.2399999999998,3799.6799999999998,3791.7399999999998,3788.3800000000001,3789.2399999999998,3759.4200000000001,3781.5999999999999,0.0073843596492162433,0.014810181798754752,0.0036069388618573672,0.24354453651343028,True
CSI500,000905.SH,2015-11-26,7962.1599999999999,7956.0699999999997,7918.6899999999996,7932.4499999999998,7946.6400000000003,7874.0799999999999,7922.3800000000001,0.015886408779135497,0.016847991766121759,0.0050212183712470271,0.29803067575945652,True
CSI1000,000852.SH,2015-11-27,10560.389999999999,10584.07,10496.59,10563.120000000001,10598.76,9933.4899999999998,10620.83,-0.0070566391587378874,0.019920975551152249,-0.0056907040221904071,-0.28566392281231684,True
CSI300,000300.SH,2015-11-27,3739.0900000000001,3740.98,3718.0500000000002,3727.2600000000002,3732.5700000000002,3556.9899999999998,3759.4200000000001,-0.0058652422255129899,0.014960597328571619,-0.0054077490676752715,-0.36146611989533328,True
CSI500,000905.SH,2015-11-27,7839.3100000000004,7848.1700000000001,7787.4300000000003,7826.1499999999996,7841.3999999999996,7376.1199999999999,7874.0799999999999,-0.0060966527735352161,0.017048324970409801,-0.0044157539674475332,-0.25901394859095001,True
CSI1000,000852.SH,2015-11-30,9935.3999999999996,9950.8899999999994,9975.1299999999992,10040,9944.9099999999999,10001.190000000001,9933.4899999999998,-0.06471622274342026,0.02558120186059391,0.00019227884660888428,0.0075164117642602503,True
CSI300,000300.SH,2015-11-30,3554.8899999999999,3559.1500000000001,3563.0900000000001,3581.6199999999999,3563.0500000000002,3566.4099999999999,3556.9899999999998,-0.053846072000468204,0.019672295707148634,-0.00059038681581902175,-0.030011078758056871,True
CSI500,000905.SH,2015-11-30,7388.2799999999997,7394,7417.0200000000004,7453.3500000000004,7398.1199999999999,7408.3900000000003,7376.1199999999999,-0.063240403958303659,0.022896606381380951,0.0016485632012495088,0.072000329384623848,True
CSI1000,000852.SH,2015-12-01,9985.7900000000009,9989.0300000000007,9978.1399999999994,9988.2600000000002,10070.07,9955.2000000000007,10001.190000000001,0.0068153287515264616,0.024538281651633253,-0.0015398167618052572,-0.062751613322637359,True
CSI300,000300.SH,2015-12-01,3562.3099999999999,3555.6799999999998,3553.8899999999999,3554.0799999999999,3575.4699999999998,3591.6900000000001,3566.4099999999999,0.002648306573816539,0.019265481937022121,-0.0011496154396156699,-0.059672290751599376,True
CSI500,000905.SH,2015-12-01,7403.9399999999996,7403.5100000000002,7398.9099999999999,7413.7299999999996,7478.7299999999996,7443.9399999999996,7408.3900000000003,0.004374928824368407,0.022234893586916611,-0.00060067032108201968,-0.027014760324081979,True
CSI1000,000852.SH,2015-12-02,9928.2600000000002,9954.7900000000009,9835.6299999999992,9909.1200000000008,9812.5,9822.0499999999993,9955.2000000000007,-0.004598452784118634,0.024584564011601907,-0.0027061234329798234,-0.11007408680108194,True
CSI300,000300.SH,2015-12-02,3587.75,3595.3499999999999,3581.7199999999998,3613.8400000000001,3677.9099999999999,3721.9499999999998,3591.6900000000001,0.0070883605642648728,0.019274397074519414,-0.0010969766321703434,-0.056913667801341342,True
CSI500,000905.SH,2015-12-02,7423.4899999999998,7442.3199999999997,7376.6199999999999,7428.25,7392.9399999999996,7405.8599999999997,7443.9399999999996,0.0047986134639239619,0.022192681890720767,-0.0027472010789985069,-0.12378860259098158,True
CSI1000,000852.SH,2015-12-03,9833.2999999999993,9888.1000000000004,9934.1200000000008,9975.6100000000006,9957.1100000000006,10102.889999999999,9822.0499999999993,-0.013374919639987271,0.022249264696797898,0.0011453820740070508,0.051479547284629751,True
CSI300,000300.SH,2015-12-03,3709.54,3715.52,3695.9499999999998,3711.5599999999999,3739.4400000000001,3749.29,3721.9499999999998,0.036267049773226478,0.018059923634024654,-0.0033342737006138989,-0.18462280174497372,True
CSI500,000905.SH,2015-12-03,7413.21,7442.4099999999999,7460.9799999999996,7482.4099999999999,7475.8999999999996,7570.5,7405.8599999999997,-0.0051155705177634569,0.019377831420370202,0.00099245732433517198,0.05121611922435703,True
CSI1000,000852.SH,2015-12-04,10073.67,10101.780000000001,10092.58,10141.290000000001,10143.32,10081.57,10102.889999999999,0.028592809036809941,0.022984057682659341,-0.0028922417248925525,-0.12583686330872057,True
CSI300,000300.SH,2015-12-04,3719.73,3720.3600000000001,3702.5999999999999,3711.21,3705.6399999999999,3677.5900000000001,3749.29,0.0073456118432542183,0.017510487702282102,-0.0078841594008465243,-0.45025355860413868,True
CSI500,000905.SH,2015-12-04,7533.6099999999997,7547.1099999999997,7533.4499999999998,7559.96,7559.3800000000001,7511.6700000000001,7570.5,0.022231044065105232,0.019944515432918856,-0.004872861766065717,-0.24432089024449061,True
CSI1000,000852.SH,2015-12-07,10105.790000000001,10104.940000000001,10089.43,10094.360000000001,10172.040000000001,10238.02,10081.57,-0.0021102872544390694,0.022451374894563832,0.0024024035938847721,0.10700474270136871,True
CSI300,000300.SH,2015-12-07,3681.5799999999999,3682.4400000000001,3671.54,3672.21,3691.6500000000001,3687.5999999999999,3677.5900000000001,-0.01912362073885987,0.017177552908137141,0.0010849496545290993,0.063160897266987912,True
CSI500,000905.SH,2015-12-07,7526.2200000000003,7519.6099999999997,7507.6099999999997,7512.5,7561.0299999999997,7602.2200000000003,7511.6700000000001,-0.0077709530414107331,0.019408376231834754,0.0019369860497067126,0.09980155096795551,True
CSI1000,000852.SH,2015-12-08,10189.870000000001,10183.34,10184.940000000001,10089.17,10055.08,10057.74,10238.02,0.015518416278416991,0.022314569125230804,-0.0047030578178202109,-0.21076175799883684,True
CSI300,000300.SH,2015-12-08,3668.8299999999999,3663.4400000000001,3662.3499999999999,3642.3400000000001,3626.5100000000002,3623.02,3687.5999999999999,0.002721891238555596,0.016902927978514799,-0.0050900314567740024,-0.30113312103346285,True
CSI500,000905.SH,2015-12-08,7555.46,7546.3000000000002,7534.0299999999997,7455.7200000000003,7427.7299999999996,7404.1400000000003,7602.2200000000003,0.012054576412435569,0.019377068627661906,-0.0061508348877038488,-0.31742855464335662,True
CSI1000,000852.SH,2015-12-09,10002.73,10048.879999999999,10030.549999999999,10043.07,10019.129999999999,10034.190000000001,10057.74,-0.017608873590791996,0.02267361337837661,-0.0054694195713947957,-0.24122399372880179,True
CSI300,000300.SH,2015-12-09,3613.4200000000001,3631.1900000000001,3623.2600000000002,3629,3624.1599999999999,3635.9299999999998,3623.02,-0.017512745417073372,0.017260061538365887,-0.0026497231591323667,-0.15351759628681091,True
CSI500,000905.SH,2015-12-09,7369.1000000000004,7403.2700000000004,7383.2700000000004,7396.4300000000003,7374.4899999999998,7374.2700000000004,7404.1400000000003,-0.026055546932343465,0.020241249827403114,-0.0047324875002363598,-0.23380411489360697,True
CSI1000,000852.SH,2015-12-10,10024.190000000001,10015.889999999999,10054.91,10082.48,10079.34,10035.450000000001,10034.190000000001,-0.0023414802927893552,0.022275409987708147,-0.00099659264973062101,-0.044739587297407922,True
CSI300,000300.SH,2015-12-10,3634.3600000000001,3629.1399999999999,3655.2800000000002,3669.1999999999998,3667.6300000000001,3623.0799999999999,3635.9299999999998,0.0035633256233749133,0.017306599657826445,-0.0004318014923279101,-0.024950105789997831,True
CSI500,000905.SH,2015-12-10,7374.3500000000004,7365.2399999999998,7397.6899999999996,7410.0200000000004,7402.9899999999998,7350.21,7374.2700000000004,-0.0040342294986318583,0.019919800575276432,1.0848531447837928e-05,0.00054461044460970361,True
CSI1000,000852.SH,2015-12-11,10003.76,10021,10031.440000000001,9996.5799999999999,10002.1,9946.1200000000008,10035.450000000001,0.00012557067386609333,0.02226024039945675,-0.0031578055792217397,-0.14185855689585475,True
CSI300,000300.SH,2015-12-11,3605.3699999999999,3605.3699999999999,3605.2199999999998,3593.9499999999998,3600.5900000000001,3608.0500000000002,3623.0799999999999,-0.0035341714499453891,0.017219396832473987,-0.0048881062521390906,-0.28387209492266485,True
CSI500,000905.SH,2015-12-11,7320.1499999999996,7320.2799999999997,7318.6199999999999,7301.7200000000003,7306.1899999999996,7290.6999999999998,7350.21,-0.0032626958329434741,0.019918493314618049,-0.0040896790703939256,-0.2053207040209481,True
CSI1000,000852.SH,2015-12-14,9845.0699999999997,9872.6700000000001,9861.9300000000003,9893.7800000000007,9860.3199999999997,10118.9,9946.1200000000008,-0.008901444379673995,0.021888553255981987,-0.010159740682799012,-0.46415770672382956,True
CSI300,000300.SH,2015-12-14,3573.8800000000001,3584.7199999999998,3586.02,3601.1500000000001,3598.8400000000001,3711.3200000000002,3608.0500000000002,-0.0041484041202511923,0.017041756654370084,-0.0094704895996452487,-0.55572261661280642,True
CSI500,000905.SH,2015-12-14,7224.8000000000002,7238.8999999999996,7237.8599999999997,7265.8000000000002,7253.9099999999999,7441.0299999999997,7290.6999999999998,-0.0080963673146754456,0.019740139417930715,-0.0090389125872686327,-0.45789507337816704,True
CSI1000,000852.SH,2015-12-15,10137.459999999999,10166.969999999999,10212.450000000001,10247.75,10283.83,10278.469999999999,10118.9,0.017371598170945024,0.021424317490606734,0.0018341914634989465,0.085612597194899137,True
CSI300,000300.SH,2015-12-15,3707.73,3706.1900000000001,3705.0599999999999,3709.29,3711.1199999999999,3694.3800000000001,3711.3200000000002,0.028622108895386633,0.018308612405082574,-0.00096731082202561325,-0.0528336501217909,True
CSI500,000905.SH,2015-12-15,7448.71,7461.5299999999997,7488.29,7507.71,7527.5299999999997,7498.1800000000003,7441.0299999999997,0.020619419260153427,0.019773270751844724,0.0010321151776031545,0.052197493806474302,True
CSI1000,000852.SH,2015-12-16,10319.559999999999,10338.549999999999,10320.93,10318.49,10347.309999999999,10374.23,10278.469999999999,0.015769500637420997,0.021615966005451535,0.0039976766970182265,0.18494092264995302,True
CSI300,000300.SH,2015-12-16,3703.9499999999998,3708.8400000000001,3702.8400000000001,3697.0100000000002,3691.0500000000002,3685.4400000000001,3694.3800000000001,-0.0045644137395859374,0.018329775175980723,0.0025904211261429388,0.14132312596705596,True
CSI500,000905.SH,2015-12-16,7522.7200000000003,7532.8599999999997,7518.3500000000004,7516.1999999999998,7526.8999999999996,7529.3999999999996,7498.1800000000003,0.0076803883333356193,0.019801128621155257,0.0032727941980588149,0.16528321494574841,True
CSI1000,000852.SH,2015-12-17,10436.799999999999,10463.469999999999,10530.9,10546.190000000001,10580.98,10679.959999999999,10374.23,0.009316561706168347,0.021213861527836698,0.0060312909970186013,0.28430896416969531,True
CSI300,000300.SH,2015-12-17,3712.7800000000002,3712.9299999999998,3724.8400000000001,3730.54,3753.04,3755.8800000000001,3685.4400000000001,-0.002419891835707233,0.018163422620645218,0.0074183815229660333,0.40842420935215296,True
CSI500,000905.SH,2015-12-17,7570.6700000000001,7587.9399999999996,7628.3000000000002,7634.1300000000001,7665.6700000000001,7716.2399999999998,7529.3999999999996,0.0041636770522979205,0.019492306146266968,0.0054811804393444241,0.28119712455850904,True
CSI1000,000852.SH,2015-12-18,10678.370000000001,10706.35,10715.23,10677.709999999999,10609.32,10629.969999999999,10679.959999999999,0.029470138988628491,0.021115747718097485,-0.00014887696208587542,-0.0070505181286229695,True
CSI300,000300.SH,2015-12-18,3754.96,3761.4400000000001,3762.7800000000002,3757.6399999999999,3791.0799999999999,3767.9099999999999,3755.8800000000001,0.019113050273508847,0.018323498843110356,-0.00024494925290474701,-0.013368039314000777,True
CSI500,000905.SH,2015-12-18,7708.3299999999999,7732.0699999999997,7734.6099999999997,7717.5100000000002,7693.9899999999998,7699.3699999999999,7716.2399999999998,0.024814726273009846,0.019448381037853166,-0.0010251106756657968,-0.052709306428673046,True
CSI1000,000852.SH,2015-12-21,10596.41,10640.040000000001,10645.620000000001,10622.01,10623.15,10699.610000000001,10629.969999999999,-0.0046807291413075713,0.020746213814476382,-0.003157111449985206,-0.15217771677366129,True
CSI300,000300.SH,2015-12-21,3762.0900000000001,3779.4200000000001,3799.6700000000001,3815.1799999999998,3843.9400000000001,3865.96,3767.9099999999999,0.003202977730917933,0.018338273021376954,-0.0015446228811196727,-0.084229462573662386,True
CSI500,000905.SH,2015-12-21,7698.4399999999996,7722.9899999999998,7735.3900000000003,7735.9200000000001,7745.9200000000001,7788.5600000000004,7699.3699999999999,-0.0021862979896944967,0.019273379319277268,-0.00012078910352408823,-0.0062671471112113047,True
CSI1000,000852.SH,2015-12-22,10724.02,10732.65,10733.639999999999,10716.889999999999,10739.82,10809.24,10699.610000000001,0.0065512884796476989,0.020625036914467026,0.0022813915647392768,0.11061272637718479,True
CSI300,000300.SH,2015-12-22,3872.0900000000001,3875.6999999999998,3874.9200000000001,3863.54,3870.0999999999999,3876.73,3865.96,0.026022383761820311,0.019168106237171859,0.0015856346159814905,0.08272254944552318,True
CSI500,000905.SH,2015-12-22,7810.9899999999998,7814.71,7817.2799999999997,7801.6800000000003,7818.3299999999999,7856.6000000000004,7788.5600000000004,0.011584064670226324,0.019371085688461652,0.0028798648273877792,0.14866821992859,True
CSI1000,000852.SH,2015-12-23,10817.280000000001,10803.440000000001,10825.889999999999,10767.629999999999,10779.34,10638.16,10809.24,0.010246167850977761,0.020598011761303218,0.00074380807531349014,0.036110673395713708,True
CSI300,000300.SH,2015-12-23,3877.8699999999999,3876.4099999999999,3890.23,3891.02,3898.1999999999998,3866.3800000000001,3876.73,0.0027858539664145088,0.019166255568009306,0.00029406226381500922,0.015342708061653582,True
CSI500,000905.SH,2015-12-23,7859.1300000000001,7850.7399999999998,7878.0900000000001,7847.3000000000002,7864.0299999999997,7773.2799999999997,7856.6000000000004,0.0087358895610998299,0.019405523266630927,0.00032202224880983898,0.016594360501660754,True
CSI1000,000852.SH,2015-12-24,10600.469999999999,10631.469999999999,10554.370000000001,10568.26,10476.389999999999,10633.190000000001,10638.16,-0.015827199692115212,0.020349634159000714,-0.0035429059160607679,-0.1741017007174907,True
CSI300,000300.SH,2015-12-24,3858.1300000000001,3865.3600000000001,3845.3800000000001,3843.3899999999999,3820.2399999999998,3829.4000000000001,3866.3800000000001,-0.0026697758162161911,0.019143571969796665,-0.0021337788836068849,-0.11146189890650533,True
CSI500,000905.SH,2015-12-24,7760.3699999999999,7775.2299999999996,7733.1999999999998,7741.6999999999998,7679.9700000000003,7753.0299999999997,7773.2799999999997,-0.010605096352111709,0.019207013943176282,-0.0016608175699318606,-0.086469327030498824,True
CSI1000,000852.SH,2015-12-25,10651.66,10667.91,10667.43,10705.459999999999,10735.219999999999,10726.99,10633.190000000001,-0.00046718605473117236,0.020283833068506282,0.0017370140099066678,0.085635392681457465,True
CSI300,000300.SH,2015-12-25,3832.0799999999999,3834.4000000000001,3828.0799999999999,3833.4400000000001,3835.5999999999999,3838.1999999999998,3829.4000000000001,-0.0095645021958524756,0.019233948675272082,0.00069984854024118803,0.036386108336710951,True
CSI500,000905.SH,2015-12-25,7759.8299999999999,7764.7200000000003,7756.6199999999999,7769.6199999999999,7785.21,7792.1199999999999,7753.0299999999997,-0.0026050779079102027,0.019171889096166968,0.00087707644624113179,0.04574804505918436,True
CSI1000,000852.SH,2015-12-28,10765.91,10786.469999999999,10755.030000000001,10824.33,10826.620000000001,10515.360000000001,10726.99,0.0088214355240523457,0.013374379431657745,0.0036282312186364241,0.27128221067575226,True
CSI300,000300.SH,2015-12-28,3847.5300000000002,3846.6900000000001,3826.9000000000001,3834.98,3825.48,3727.6300000000001,3838.1999999999998,0.0022980101321354862,0.014241751783600338,0.0024308269501329693,0.1706831425704326,True
CSI500,000905.SH,2015-12-28,7815.3800000000001,7825.2799999999997,7795.79,7833.3500000000004,7819.5900000000001,7603.3599999999997,7792.1199999999999,0.0050418997475825122,0.012264564852007694,0.0029850669650879347,0.2433895536537754,True
CSI1000,000852.SH,2015-12-29,10499.5,10523.33,10527.709999999999,10485.059999999999,10463.790000000001,10653.709999999999,10515.360000000001,-0.019728740308325055,0.014354574189101653,-0.0015082698072154122,-0.1050724171505225,True
CSI300,000300.SH,2015-12-29,3723.0500000000002,3730.6100000000001,3740.3400000000001,3726.1999999999998,3724.8000000000002,3761.8699999999999,3727.6300000000001,-0.028807774477619619,0.016014672074547921,-0.0012286627159884267,-0.07672106617413274,True
CSI500,000905.SH,2015-12-29,7591.71,7607.3199999999997,7619.9899999999998,7592.7700000000004,7577.8500000000004,7674.3800000000001,7603.3599999999997,-0.024224472929061713,0.013661254539683429,-0.0015322173354936908,-0.11215787913495656,True
CSI1000,000852.SH,2015-12-30,10678.110000000001,10667.51,10695.1,10713.24,10747.66,10806.700000000001,10653.709999999999,0.013156943747051786,0.014434306446663974,0.0022902819768888527,0.158669346902925,True
CSI300,000300.SH,2015-12-30,3762.9099999999999,3757.0900000000001,3756.1999999999998,3754.4000000000001,3758.6100000000001,3765.1700000000001,3761.8699999999999,0.0091854610033721418,0.016054253866425564,0.00027645825081679121,0.017220249107618223,True
CSI500,000905.SH,2015-12-30,7693.0200000000004,7685.4099999999999,7706.7799999999997,7705.2600000000002,7724.3100000000004,7741.04,7674.3800000000001,0.0093406073104522758,0.013758335656116194,0.0024288607027538323,0.17653739256420126,True
CSI1000,000852.SH,2015-12-31,10810.35,10821.99,10825.719999999999,10773.690000000001,10767.25,10614.379999999999,10806.700000000001,0.014360255723123938,0.01405559194869588,0.00033775343074204933,0.024029826134315681,True
CSI300,000300.SH,2015-12-31,3760.9000000000001,3761.7800000000002,3769.98,3758.1900000000001,3757.9200000000001,3731,3765.1700000000001,0.0008772232958609294,0.013940722365077887,-0.0011340789393307071,-0.081350084280540871,True
CSI500,000905.SH,2015-12-31,7745.6300000000001,7752.1899999999996,7756.75,7722.0500000000002,7713.8000000000002,7617.6800000000003,7741.04,0.0086860436934319551,0.013749077044885582,0.00059294358380790335,0.043126064525797973,True
