index_name,symbol,trading_day,open_0931,close_0935,close_0950,close_1005,close_1035,close_1500,prev_close_1500,r1,rvol20,gap,gap_rvol,required_clocks_complete
CSI1000,000852.SH,2019-01-02,4436.75,4429.1000000000004,4423.8500000000004,4424.3999999999996,4413.1700000000001,4408.5299999999997,4430.0200000000004,0.0012136553173698328,0.012864051934001716,0.0015191805003136327,0.11809502232326964,True
CSI300,000300.SH,2019-01-02,3017.0700000000002,3008.2800000000002,2994.8000000000002,2980.8800000000001,2972.3000000000002,2969.54,3010.6500000000001,0.0067346372357892648,0.011311377894691721,0.0021324298739475722,0.18852078798890567,True
CSI500,000905.SH,2019-01-02,4176.1099999999997,4164.04,4164.5799999999999,4159.6700000000001,4146.7299999999996,4131.96,4168.04,0.0016269071701666693,0.012444525215780827,0.0019361618410571602,0.15558342383379359,True
CSI1000,000852.SH,2019-01-03,4404.3100000000004,4404.5500000000002,4423.6700000000001,4443.6599999999999,4413.4399999999996,4376.8599999999997,4408.5299999999997,-0.0048509939007048697,0.0097864727552765193,-0.00095723517816581616,-0.097812072040941292,True
CSI300,000300.SH,2019-01-03,2963.02,2966.0700000000002,2975.0599999999999,2999.6999999999998,2979.1700000000001,2964.8400000000001,2969.54,-0.013654858585355312,0.0090188717336244038,-0.0021956262586124708,-0.24344799698466463,True
CSI500,000905.SH,2019-01-03,4131.6899999999996,4131.6999999999998,4147.6800000000003,4178.9499999999998,4145.5699999999997,4112.8100000000004,4131.96,-0.0086563468680722622,0.0095800161701615986,-6.5344291813151933e-05,-0.0068208957743387281,True
CSI1000,000852.SH,2019-01-04,4338.0600000000004,4327.29,4375.3900000000003,4374.3900000000003,4408.4399999999996,4497.8900000000003,4376.8599999999997,-0.0071838004958568735,0.0092812377287382532,-0.0088648026210569331,-0.95513151156640685,True
CSI300,000300.SH,2019-01-04,2940.1900000000001,2941.0500000000002,2966.0700000000002,2966.4200000000001,2983.9699999999998,3035.8699999999999,2964.8400000000001,-0.0015827367201654008,0.0089122674591277269,-0.0083141080125740396,-0.93288358441924146,True
CSI500,000905.SH,2019-01-04,4075.6199999999999,4077.5,4109.7799999999997,4108.2700000000004,4132.5100000000002,4210.8800000000001,4112.8100000000004,-0.0046346044008169773,0.0093408203193363574,-0.0090424794726721158,-0.96806053039617423,True
CSI1000,000852.SH,2019-01-07,4523.2299999999996,4530.6499999999996,4529.2399999999998,4545.6899999999996,4557.9200000000001,4594.1499999999996,4497.8900000000003,0.027652243846045144,0.011804828222907925,0.005633752715161755,0.47724139723008802,True
CSI300,000300.SH,2019-01-07,3055.1500000000001,3057.4499999999998,3042.5900000000001,3047.23,3046.5,3054.3000000000002,3035.8699999999999,0.02395744795671928,0.010991735205299466,0.0063507330682803786,0.57777347704104876,True
CSI500,000905.SH,2019-01-07,4235.0299999999997,4240.2299999999996,4234.1400000000003,4249.7700000000004,4260.8000000000002,4288.3199999999997,4210.8800000000001,0.023845011075152911,0.011299015212335624,0.0057351432479670894,0.5075790358885246,True
CSI1000,000852.SH,2019-01-08,4586.8299999999999,4578.4499999999998,4590.7700000000004,4593.46,4568.9399999999996,4585.0299999999997,4594.1499999999996,0.021401145870619143,0.012508518376421651,-0.001593330648759772,-0.12737964647860883,True
CSI300,000300.SH,2019-01-08,3049.8699999999999,3044.2600000000002,3044.77,3045.3600000000001,3039.3699999999999,3047.6999999999998,3054.3000000000002,0.0060707474298966613,0.010293864783250121,-0.0014504141701864315,-0.14090083760829106,True
CSI500,000905.SH,2019-01-08,4278.2799999999997,4271.3100000000004,4279.6000000000004,4284.3299999999999,4265.8800000000001,4277.3000000000002,4288.3199999999997,0.018390455201762856,0.011537919635354039,-0.0023412431908066411,-0.20291727319998798,True
CSI1000,000852.SH,2019-01-09,4588.6899999999996,4590,4607.6899999999996,4613,4629.3199999999997,4594.7399999999998,4585.0299999999997,-0.0019851332673073152,0.012503361274668215,0.00079824995692501233,0.063842829091267261,True
CSI300,000300.SH,2019-01-09,3065.23,3068.6399999999999,3085.4000000000001,3092.8699999999999,3100.6599999999999,3078.48,3047.6999999999998,-0.0021608879284943372,0.010283575520396769,0.0057518784657282218,0.55932671027890679,True
CSI500,000905.SH,2019-01-09,4286.2299999999996,4291.6000000000004,4309.5900000000001,4319.1300000000001,4333.3999999999996,4288.7700000000004,4277.3000000000002,-0.002569770912618341,0.01153663229067906,0.0020877656465525529,0.18096837915509781,True
CSI1000,000852.SH,2019-01-10,4592.7399999999998,4602.4300000000003,4591.8199999999997,4610.5799999999999,4589.04,4582.4799999999996,4594.7399999999998,0.0021177614977436754,0.012290914124031826,-0.0004352803423044449,-0.035414806247271911,True
CSI300,000300.SH,2019-01-10,3077.48,3075.6100000000001,3066.2199999999998,3078.9299999999998,3073.7399999999998,3072.6900000000001,3078.48,0.010099419234176565,0.010374278134193273,-0.00032483563316965114,-0.031311637201918055,True
CSI500,000905.SH,2019-01-10,4289.5600000000004,4293.3699999999999,4284.2299999999996,4302.1199999999999,4288.9799999999996,4281.8599999999997,4288.7700000000004,0.0026815982044747777,0.01131124048310459,0.00018420199730928566,0.016284862618244664,True
CSI1000,000852.SH,2019-01-11,4585.2200000000003,4601.0200000000004,4606.3800000000001,4604.1599999999999,4593.2799999999997,4621.6099999999997,4582.4799999999996,-0.0026682684983263538,0.012058348999903832,0.00059792950542081336,0.049586349294217805,True
CSI300,000300.SH,2019-01-11,3082.2600000000002,3083.5300000000002,3093.7199999999998,3097.46,3081.2600000000002,3094.7800000000002,3072.6900000000001,-0.0018807983160520347,0.010284752670960694,0.0031145348212804347,0.30283030821678547,True
CSI500,000905.SH,2019-01-11,4282.3900000000003,4297.5900000000001,4304.1099999999997,4307.0900000000001,4287.1099999999997,4314.8800000000001,4281.8599999999997,-0.0016111845587430951,0.011108160333522887,0.00012377798433416132,0.011142977830506868,True
CSI1000,000852.SH,2019-01-14,4621.6999999999998,4614.6099999999997,4605.8299999999999,4608.6999999999998,4617.9799999999996,4594.1899999999996,4621.6099999999997,0.008539044360259096,0.012261710998664221,1.947373317956469e-05,0.001588174210082601,True
CSI300,000300.SH,2019-01-14,3092.5,3090.9499999999998,3078.6999999999998,3076.9299999999998,3078.5,3067.7800000000002,3094.7800000000002,0.0071891404599879749,0.010410586568124403,-0.00073672441982963743,-0.070766850168209827,True
CSI500,000905.SH,2019-01-14,4317.5200000000004,4314.5200000000004,4305.0900000000001,4305.8599999999997,4312.6999999999998,4286.5500000000002,4314.8800000000001,0.0077116019673695302,0.011287710638822017,0.00061183625037086742,0.054203750428060096,True
CSI1000,000852.SH,2019-01-15,4583.5500000000002,4576.3000000000002,4583,4576.4700000000003,4582.4300000000003,4644.1700000000001,4594.1899999999996,-0.005932997375373561,0.012051281084405273,-0.0023159686473566143,-0.19217613722026189,True
CSI300,000300.SH,2019-01-15,3071.52,3069.8699999999999,3079.4099999999999,3076.23,3085.9499999999998,3127.9899999999998,3067.7800000000002,-0.0087243681295601228,0.0097612473577825595,0.001219122622873714,0.12489414295005216,True
CSI500,000905.SH,2019-01-15,4282.9899999999998,4283.8900000000003,4283.7299999999996,4278.3299999999999,4284.4499999999998,4347.3599999999997,4286.5500000000002,-0.0065656518837140521,0.010976339289217535,-0.00083050471824674954,-0.075663178438970552,True
CSI1000,000852.SH,2019-01-16,4644.2299999999996,4645.8199999999997,4663.0600000000004,4658.0100000000002,4654.0600000000004,4637.1999999999998,4644.1700000000001,0.010878957988241789,0.010964648426878843,1.2919423707513644e-05,0.0011782797956241668,True
CSI300,000300.SH,2019-01-16,3126.1300000000001,3121.48,3129.1199999999999,3128.1100000000001,3128.1500000000001,3128.6500000000001,3127.9899999999998,0.019626570353806105,0.010317731134207581,-0.00059463105700452434,-0.057631958932625647,True
CSI500,000905.SH,2019-01-16,4347.0799999999999,4340.8699999999999,4355.5,4352.8100000000004,4350.6499999999996,4336.8800000000001,4347.3599999999997,0.014186233684431393,0.010208997432789153,-6.4406904420111211e-05,-0.0063088373607823409,True
CSI1000,000852.SH,2019-01-17,4632.2700000000004,4618.3599999999997,4618.4700000000003,4615.1700000000001,4614.6000000000004,4595.4899999999998,4637.1999999999998,-0.0015008063873631627,0.010945122203522287,-0.0010631415509357867,-0.097133821913258617,True
CSI300,000300.SH,2019-01-17,3132.6300000000001,3125.71,3119.7399999999998,3121.9499999999998,3121.4099999999999,3111.4200000000001,3128.6500000000001,0.00021099811700175941,0.010316614786794246,0.0012721141706486527,0.12330732482878191,True
CSI500,000905.SH,2019-01-17,4334.6300000000001,4326.3000000000002,4322.3400000000001,4316.3000000000002,4314.3699999999999,4303.7299999999996,4336.8800000000001,-0.002410658422582812,0.010218958284311675,-0.00051880614635402278,-0.050768985636285756,True
CSI1000,000852.SH,2019-01-18,4596.25,4602.1999999999998,4616.8299999999999,4625.3000000000002,4590.6400000000003,4626.4099999999999,4595.4899999999998,-0.0089946519451392648,0.011035184236775211,0.00016537953515305404,0.014986567655292955,True
CSI300,000300.SH,2019-01-18,3124.5,3123.6599999999999,3144.71,3155.9699999999998,3139.8299999999999,3168.1700000000001,3111.4200000000001,-0.0055071676282102411,0.010126684995583937,0.0042038683302156876,0.41512778683734292,True
CSI500,000905.SH,2019-01-18,4307.1400000000003,4314.3500000000004,4328.1700000000001,4341.2299999999996,4309.0500000000002,4347.8100000000004,4303.7299999999996,-0.0076437438896166388,0.010294832254953108,0.00079233595044314598,0.07696443524487083,True
CSI1000,000852.SH,2019-01-21,4629.79,4628.3599999999997,4644.3599999999997,4644.29,4652.8999999999996,4655.1099999999997,4626.4099999999999,0.0067283358249066172,0.010630328890095056,0.00073058808017445465,0.068726761676695572,True
CSI300,000300.SH,2019-01-21,3170.8800000000001,3173.1700000000001,3193.79,3191.71,3185.0700000000002,3185.6399999999999,3168.1700000000001,0.018239260530561685,0.010530636373295729,0.00085538339167401389,0.081228081699141239,True
CSI500,000905.SH,2019-01-21,4354.6999999999998,4354.5200000000004,4371.6400000000003,4368.46,4374.6499999999996,4373.6300000000001,4347.8100000000004,0.010242278209832145,0.0099981831492198005,0.0015847058634115285,0.15849938331397637,True
CSI1000,000852.SH,2019-01-22,4651.0299999999997,4642.6700000000001,4643.5900000000001,4637.8299999999999,4642.4499999999998,4603.1999999999998,4655.1099999999997,0.0062035141718956854,0.010676387474482872,-0.00087645619544973741,-0.082092954901132414,True
CSI300,000300.SH,2019-01-22,3181.9499999999998,3175.5599999999999,3168.9400000000001,3165.79,3168.6900000000001,3143.3200000000002,3185.6399999999999,0.0055142242998322821,0.010351747833321908,-0.00115832297434737,-0.11189636697087708,True
CSI500,000905.SH,2019-01-22,4370.8599999999997,4361.8000000000002,4352.4499999999998,4350.75,4350.6700000000001,4308.25,4373.6300000000001,0.0059386219729011813,0.010049012037731985,-0.0006333411834106295,-0.063025218900381735,True
CSI1000,000852.SH,2019-01-23,4590.6899999999996,4597.9499999999998,4604.0299999999997,4588.8999999999996,4602.8299999999999,4609.6700000000001,4603.1999999999998,-0.01115118654553815,0.010874037461632969,-0.0027176746611053959,-0.24992323878726816,True
CSI300,000300.SH,2019-01-23,3136.0999999999999,3147.9699999999998,3151.4899999999998,3142.4299999999998,3153.2199999999998,3141.0500000000002,3143.3200000000002,-0.013284614708504283,0.010418313993145889,-0.0022969344514717216,-0.22047084134562014,True
CSI500,000905.SH,2019-01-23,4298.9399999999996,4309.6300000000001,4315.1999999999998,4300.1199999999999,4315.5,4315.6800000000003,4308.25,-0.014948681072701642,0.010553413943266152,-0.0021609702315326107,-0.20476504031299439,True
CSI1000,000852.SH,2019-01-24,4613.9300000000003,4607.8100000000004,4605.7700000000004,4597.9899999999998,4608.75,4635.75,4609.6700000000001,0.0014055439694127259,0.010712179414699307,0.0009241442445988568,0.086270422555725812,True
CSI300,000300.SH,2019-01-24,3146.5999999999999,3149.8499999999999,3141.8800000000001,3128.98,3129.6500000000001,3158.7800000000002,3141.0500000000002,-0.00072216637186162114,0.010431438017424572,0.0017669250728258312,0.16938461119879894,True
CSI500,000905.SH,2019-01-24,4318.71,4314.6400000000003,4309.3400000000001,4300.8900000000003,4306.0200000000004,4338.1700000000001,4315.6800000000003,0.0017245981547031608,0.010325555599694313,0.00070209097986873026,0.067995467468066853,True
CSI1000,000852.SH,2019-01-25,4634.0600000000004,4633.0900000000001,4639.7399999999998,4629.3900000000003,4637.1700000000001,4607.9399999999996,4635.75,0.0056576718073093613,0.010488124819500053,-0.00036455805425217314,-0.034759126204749996,True
CSI300,000300.SH,2019-01-25,3165.1799999999998,3174.3499999999999,3184.5999999999999,3180.6100000000001,3189.1399999999999,3184.4699999999998,3158.7800000000002,0.0056446092867035169,0.010262460075008197,0.0020260986836688755,0.19742816720943562,True
CSI500,000905.SH,2019-01-25,4341.4099999999999,4340.29,4343.3900000000003,4334.96,4341.6199999999999,4318.4399999999996,4338.1700000000001,0.0052112297482667103,0.0099703204936350855,0.00074685869848334363,0.074908193669413925,True
CSI1000,000852.SH,2019-01-28,4629.4300000000003,4630.1899999999996,4608.9899999999998,4629.6000000000004,4633.4300000000003,4570.3999999999996,4607.9399999999996,-0.0059990292832875491,0.010538822648259014,0.004663689197342169,0.44252468733901679,True
CSI300,000300.SH,2019-01-28,3203.1199999999999,3213.5900000000001,3209.79,3221.8499999999999,3222.02,3183.7800000000002,3184.4699999999998,0.0081328867474150801,0.010185461911752234,0.0058565475573644221,0.57499086522595455,True
CSI500,000905.SH,2019-01-28,4341.4899999999998,4342.3000000000002,4332.5900000000001,4357.9799999999996,4359.0600000000004,4307.2200000000003,4318.4399999999996,-0.0045480006546539942,0.0099852520610616124,0.0053375756060058954,0.53454590563820126,True
CSI1000,000852.SH,2019-01-29,4557.8100000000004,4536.4899999999998,4527.54,4467.8900000000003,4447.2200000000003,4490.0500000000002,4570.3999999999996,-0.0081468074671111612,0.010034566936229308,-0.0027546823035181633,-0.27451930123386981,True
CSI300,000300.SH,2019-01-29,3177.2600000000002,3168.2199999999998,3178.02,3170.6199999999999,3158.4299999999998,3193.9699999999998,3183.7800000000002,-0.00021667655842250166,0.010089199488562428,-0.0020478801927268364,-0.20297747061582097,True
CSI500,000905.SH,2019-01-29,4301.4700000000003,4278.7700000000004,4270.3699999999999,4233.4899999999998,4209.0200000000004,4254.29,4307.2200000000003,-0.002598160446827924,0.0095942667327575341,-0.0013349677982550379,-0.13914224353353458,True
CSI1000,000852.SH,2019-01-30,4464.8000000000002,4456.3900000000003,4478.2200000000003,4480.1099999999997,4484.9099999999999,4423.1400000000003,4490.0500000000002,-0.017580518116576127,0.010920385553568076,-0.0056235453948174641,-0.51495850281403777,True
CSI300,000300.SH,2019-01-30,3181.6599999999999,3180.4899999999998,3185.6300000000001,3183.8299999999999,3187.5700000000002,3168.48,3193.9699999999998,0.0032005980312708182,0.010054634338074972,-0.003854137640616484,-0.3833195232194177,True
CSI500,000905.SH,2019-01-30,4235.2700000000004,4228.4799999999996,4246.21,4254.3400000000001,4255.3199999999997,4211.6199999999999,4254.29,-0.012288668793328461,0.010096516654264949,-0.0044707812584472428,-0.44280432663464231,True
CSI1000,000852.SH,2019-01-31,4408.1099999999997,4413.4300000000003,4413.3400000000001,4415.3699999999999,4430.1800000000003,4355.7399999999998,4423.1400000000003,-0.014901838509593368,0.011410953823035218,-0.0033980384975380584,-0.29778741989810353,True
CSI300,000300.SH,2019-01-31,3182.6999999999998,3190.5900000000001,3188.27,3188.4000000000001,3200.6100000000001,3201.6300000000001,3168.48,-0.0079806635629012801,0.0096308510819748134,0.0044879563702469039,0.46599789904825784,True
CSI500,000905.SH,2019-01-31,4203.9799999999996,4217.8599999999997,4207.54,4211.3999999999996,4223.1300000000001,4176.4700000000003,4211.6199999999999,-0.010029875725444226,0.010170577079122929,-0.0018140288060176646,-0.17836045997245414,True
CSI1000,000852.SH,2019-02-01,4369.2700000000004,4392.6499999999996,4397.4899999999998,4399.7799999999997,4414.0200000000004,4482.9899999999998,4355.7399999999998,-0.015238043561813686,0.011821013589554922,0.0031062460110109491,0.26277323746211034,True
CSI300,000300.SH,2019-02-01,3225.73,3226.02,3209.9000000000001,3209.1900000000001,3216.02,3247.4000000000001,3201.6300000000001,0.010462429934858353,0.0096864727735990371,0.0075274157226161709,0.77710595988382025,True
CSI500,000905.SH,2019-02-01,4189.1099999999997,4214.4399999999996,4222.5600000000004,4217.9799999999996,4224.9499999999998,4294.2700000000004,4176.4700000000003,-0.0083459571376334196,0.010311751679764352,0.003026479299504059,0.29349807806593936,True
CSI1000,000852.SH,2019-02-11,4497.5299999999997,4505.0500000000002,4515.46,4534.54,4545.21,4611.8299999999999,4482.9899999999998,0.029214324087296406,0.01201807433050503,0.0032433710536940996,0.26987443782583137,True
CSI300,000300.SH,2019-02-11,3239.8099999999999,3244.0999999999999,3245.7199999999998,3253.3099999999999,3256.8400000000001,3306.4699999999998,3247.4000000000001,0.014295843054943802,0.0088368477939747368,-0.0023372544189197431,-0.26448960912434893,True
CSI500,000905.SH,2019-02-11,4306.1999999999998,4313.4899999999998,4320.8299999999999,4336.5100000000002,4342.6400000000003,4402.8699999999999,4294.2700000000004,0.02820563777544205,0.010855985556158751,0.0027781206118850932,0.25590680804738419,True
CSI1000,000852.SH,2019-02-12,4611.8500000000004,4620.9799999999996,4621.2299999999996,4642.3400000000001,4650.7399999999998,4675.79,4611.8299999999999,0.028739747356117284,0.012795872271932426,4.336673294691451e-06,0.00033891189303318425,True
CSI300,000300.SH,2019-02-12,3306.3499999999999,3313.3000000000002,3300.3299999999999,3309.8699999999999,3312.6500000000001,3330.3400000000001,3306.4699999999998,0.0181899365646363,0.0094248259441315346,-3.6292481105149044e-05,-0.0038507322384820201,True
CSI500,000905.SH,2019-02-12,4398.4399999999996,4412.7299999999996,4408.6400000000003,4426.2700000000004,4428.7299999999996,4439.4799999999996,4402.8699999999999,0.025289513700815114,0.011525403921981711,-0.0010061618898582481,-0.087299490470720581,True
CSI1000,000852.SH,2019-02-13,4679.6899999999996,4682.3900000000003,4680.5699999999997,4709.1899999999996,4712.9099999999999,4759.8299999999999,4675.79,0.013868681195967847,0.013135421630831427,0.00083408365217430003,0.063498810743656764,True
CSI300,000300.SH,2019-02-13,3337.7800000000002,3341.1799999999998,3332.5900000000001,3349.8899999999999,3350.8899999999999,3397.0300000000002,3330.3400000000001,0.0072191793665148385,0.0093342003463180497,0.0022340061375114573,0.23933556755000218,True
CSI500,000905.SH,2019-02-13,4442.7299999999996,4439.9700000000003,4440.25,4466.1400000000003,4465.4099999999999,4512.4099999999999,4439.4799999999996,0.00831503087758656,0.01158583548535938,0.0007320677196427372,0.063186441803685711,True
CSI1000,000852.SH,2019-02-14,4758.5100000000002,4743.2700000000004,4773.1800000000003,4758.96,4775.2799999999997,4780.04,4759.8299999999999,0.017973433366340164,0.013670096933293524,-0.00027732082868503483,-0.020286676095881945,True
CSI300,000300.SH,2019-02-14,3392.8499999999999,3385.0999999999999,3401.9200000000001,3389.1199999999999,3401.71,3402.1399999999999,3397.0300000000002,0.020024982434226013,0.00989538318741141,-0.0012304866309689189,-0.12434956864877195,True
CSI500,000905.SH,2019-02-14,4507.8400000000001,4496.79,4524.3400000000001,4512.4099999999999,4524.2600000000002,4532.1700000000001,4512.4099999999999,0.016427599628785483,0.012032158128433227,-0.0010127625814142505,-0.084171315785901146,True
CSI1000,000852.SH,2019-02-15,4772.9799999999996,4772.0699999999997,4799.9799999999996,4783.96,4785.96,4773.5100000000002,4780.04,0.0042459499603977324,0.013637080254765788,-0.0014769750880746502,-0.10830581476987991,True
CSI300,000300.SH,2019-02-15,3391.2399999999998,3386.8699999999999,3391.75,3377.5900000000001,3372.75,3338.6999999999998,3402.1399999999999,0.0015042551876196519,0.0098003203518779395,-0.0032038658021128485,-0.32691439535432359,True
CSI500,000905.SH,2019-02-15,4523.9399999999996,4520.0799999999999,4544,4526.8000000000002,4526.5100000000002,4502.7299999999996,4532.1700000000001,0.0043790347065093549,0.011995972364055186,-0.001815907170296005,-0.15137640494548002,True
CSI1000,000852.SH,2019-02-18,4805.3299999999999,4828.2700000000004,4825.8500000000004,4822.4799999999996,4866.0799999999999,4942.8800000000001,4773.5100000000002,-0.0013660973548338395,0.013574485376285006,0.0066659544025255979,0.49106498093630874,True
CSI300,000300.SH,2019-02-18,3366.4200000000001,3386.5999999999999,3388.0300000000002,3382.3000000000002,3402.02,3445.7399999999998,3338.6999999999998,-0.018647086833581183,0.011130084339734342,0.0083026327612545359,0.74596314886978721,True
CSI500,000905.SH,2019-02-18,4527.9700000000003,4566.2700000000004,4554.4200000000001,4551.0699999999997,4591.1000000000004,4661,4502.7299999999996,-0.0064957845800136527,0.012116883545213005,0.0056054882260319072,0.4626179830082181,True
CSI1000,000852.SH,2019-02-19,4964.2200000000003,4953.3199999999997,4977.5200000000004,4969.1000000000004,4966.6599999999999,4963.75,4942.8800000000001,0.035481228697541223,0.015385890327331144,0.004317321075971936,0.28060261604118841,True
CSI300,000300.SH,2019-02-19,3454.7199999999998,3444.3800000000001,3462.23,3465.1399999999999,3460.4099999999999,3439.6100000000001,3445.7399999999998,0.032060382783718255,0.012370362405032958,0.0026061165381021656,0.21067422705755581,True
CSI500,000905.SH,2019-02-19,4683.3299999999999,4673.4899999999998,4696.2200000000003,4681.5,4679.6199999999999,4667.2799999999997,4661,0.035149786907054281,0.013975948040828334,0.0047908174211541699,0.34279015685795472,True
CSI1000,000852.SH,2019-02-20,4958.8900000000003,4940.9700000000003,4953.7600000000002,4937.2700000000004,4961.6199999999999,4967.04,4963.75,0.0042222348104747898,0.01529588396365643,-0.00097909846386290411,-0.064010583905400778,True
CSI300,000300.SH,2019-02-20,3449.9299999999998,3442.54,3448.6300000000001,3440.5100000000002,3453.4299999999998,3451.9299999999998,3439.6100000000001,-0.0017790082826909526,0.012041727850149592,0.003000340154843073,0.2491619302628402,True
CSI500,000905.SH,2019-02-20,4667.3500000000004,4655.3100000000004,4661.71,4648.6899999999996,4670.4300000000003,4667.6199999999999,4667.2799999999997,0.0013473503540011311,0.013791007630159877,1.499802883064838e-05,0.0010875223357754396,True
CSI1000,000852.SH,2019-02-21,4957.6300000000001,4962.8599999999997,4965.6800000000003,4985.3299999999999,4977.4700000000003,4947.6599999999999,4967.04,0.00066280533870566316,0.015266701111165586,-0.0018944884679809038,-0.12409285111341666,True
CSI300,000300.SH,2019-02-21,3450.1399999999999,3444.48,3448.4400000000001,3460.8200000000002,3452.4699999999998,3442.71,3451.9299999999998,0.0035818014251614017,0.011997211143239869,-0.00051855049204352355,-0.043222586137088528,True
CSI500,000905.SH,2019-02-21,4666.2799999999997,4667.6599999999999,4665.9499999999998,4683.75,4676.0900000000001,4659.1400000000003,4667.6199999999999,7.2847568605372004e-05,0.013744705332117144,-0.00028708420993994732,-0.020886894480678309,True
CSI1000,000852.SH,2019-02-22,4935.4399999999996,4950.79,4958.7200000000003,4953.8000000000002,4945.0699999999997,5059.5100000000002,4947.6599999999999,-0.0039017201391573497,0.015087850030694724,-0.0024698544362385944,-0.16369823607829626,True
CSI300,000300.SH,2019-02-22,3439.3800000000001,3443.8099999999999,3431.6300000000001,3426.79,3421.77,3520.1199999999999,3442.71,-0.0026709695735428474,0.011882735002525638,-0.00096726125639390315,-0.081400557715737565,True
CSI500,000905.SH,2019-02-22,4651.54,4668.6400000000003,4670.0600000000004,4663.4399999999996,4656.1499999999996,4777.3000000000002,4659.1400000000003,-0.0018167717166349684,0.013550412002418404,-0.0016312023248926666,-0.12038027512385148,True
CSI1000,000852.SH,2019-02-25,5129.4700000000003,5129.9700000000003,5170.71,5163.3999999999996,5219.6599999999999,5324.25,5059.5100000000002,0.022606646374245587,0.01565674931581883,0.01382742597603337,0.88316071855751055,True
CSI300,000300.SH,2019-02-25,3575.8499999999999,3577.6599999999999,3620.5999999999999,3606.52,3626.25,3729.48,3520.1199999999999,0.022485193350587185,0.012163719168492656,0.015831846641591873,1.3015629859821711,True
CSI500,000905.SH,2019-02-25,4840.54,4841.2700000000004,4885.3000000000002,4878.6599999999999,4935.3999999999996,5044.3500000000004,4777.3000000000002,0.025360903514382471,0.014313576751423938,0.013237602830050488,0.92482843805854387,True
CSI1000,000852.SH,2019-02-26,5335.3800000000001,5277.6700000000001,5295.6000000000004,5352.2799999999997,5317.0100000000002,5323.7600000000002,5324.25,0.052325225170026357,0.018954687504642284,0.0020904352725736874,0.11028592647922625,True
CSI300,000300.SH,2019-02-26,3734.71,3714.6100000000001,3720.1500000000001,3750.1999999999998,3707.3400000000001,3684.6900000000001,3729.48,0.05947524516209679,0.017160249573837574,0.0014023402726386358,0.081720272575559527,True
CSI500,000905.SH,2019-02-26,5059.2799999999997,5012.6700000000001,5029.25,5080.4899999999998,5045.5100000000002,5038.54,5044.3500000000004,0.055899776024114001,0.018318851376970331,0.0029597470437221496,0.16156837472042684,True
CSI1000,000852.SH,2019-02-27,5312.5600000000004,5350.0600000000004,5364.5299999999997,5331.5299999999997,5353.3699999999999,5310.2700000000004,5323.7600000000002,-9.203174155980598e-05,0.018557337236273015,-0.0021037762784197334,-0.11336627942006661,True
CSI300,000300.SH,2019-02-27,3682.8099999999999,3705.0300000000002,3714.8800000000001,3688.1500000000001,3695.6799999999998,3678.3899999999999,3684.6900000000001,-0.012009717172367207,0.017079007402228955,-0.00051021931288663946,-0.02987406123028271,True
CSI500,000905.SH,2019-02-27,5027.3900000000003,5066.6300000000001,5074.0200000000004,5045.9300000000003,5063.9099999999999,5017.8800000000001,5038.54,-0.0011517836787694469,0.01768512230971251,-0.0022129426381450878,-0.12513018566627382,True
CSI1000,000852.SH,2019-02-28,5306.1999999999998,5340.54,5323.8199999999997,5340.7399999999998,5342.25,5330.3400000000001,5310.2700000000004,-0.0025339233924894788,0.018645667955544613,-0.0007664393712562001,-0.041105492872851791,True
CSI300,000300.SH,2019-02-28,3675.2600000000002,3683.0500000000002,3669.0900000000001,3675.1300000000001,3679.7199999999998,3669.3699999999999,3678.3899999999999,-0.0017097774846731584,0.017107299955453285,-0.00085091575390305874,-0.049739921327083103,True
CSI500,000905.SH,2019-02-28,5017.4399999999996,5042.4300000000003,5038.1899999999996,5043.3000000000002,5040.46,5025.29,5017.8800000000001,-0.0041003941618008577,0.01784127813327837,-8.7686433314582146e-05,-0.0049148067004810263,True
CSI1000,000852.SH,2019-03-01,5344.4200000000001,5334.6800000000003,5321.3100000000004,5307.2799999999997,5313.8299999999999,5364.3699999999999,5330.3400000000001,0.003779468840567457,0.018658898147496404,0.0026414825320710822,0.14156690878477776,True
CSI300,000300.SH,2019-03-01,3699.2199999999998,3690.6100000000001,3683.9699999999998,3680.3600000000001,3685.0799999999999,3749.71,3669.3699999999999,-0.0024521597764238789,0.017262645098265691,0.0081349114425637303,0.47124362438413409,True
CSI500,000905.SH,2019-03-01,5047.2299999999996,5041.6499999999996,5021.3599999999997,5012.4899999999998,5016.3900000000003,5067.2299999999996,5025.29,0.0014767192519549166,0.01788833289943461,0.0043659171908485561,0.24406506829859748,True
CSI1000,000852.SH,2019-03-04,5418.71,5435.6400000000003,5436.5799999999999,5471.5200000000004,5462.1599999999999,5482.3000000000002,5364.3699999999999,0.006384208136816838,0.018402676993415995,0.010129800889946194,0.55045257239315659,True
CSI300,000300.SH,2019-03-04,3783.04,3783.4400000000001,3781.8600000000001,3797.0700000000002,3793.79,3794.0999999999999,3749.71,0.021894766676568533,0.017554367810392491,0.0088886873918250231,0.50635189417432425,True
CSI500,000905.SH,2019-03-04,5112.9499999999998,5129.5600000000004,5125.6700000000001,5170.2799999999997,5155.4899999999998,5158.25,5067.2299999999996,0.008345787009306882,0.017661134190354075,0.0090226810308591254,0.51087778019301922,True
CSI1000,000852.SH,2019-03-05,5470.6999999999998,5483.3999999999996,5508.5799999999999,5544.75,5539.3999999999996,5654.3100000000004,5482.3000000000002,0.021983942196381001,0.018262381201016569,-0.0021159002608395205,-0.11586113757836462,True
CSI300,000300.SH,2019-03-05,3785.3800000000001,3779.8200000000002,3792.46,3799.6700000000001,3790.0500000000002,3816.0100000000002,3794.0999999999999,0.011838248824575626,0.01745152798811183,-0.0022983052634353296,-0.13169650617418488,True
CSI500,000905.SH,2019-03-05,5146.6199999999999,5152.8999999999996,5177.3999999999996,5204.1599999999999,5199.7799999999997,5295.29,5158.25,0.017962476540437367,0.017599510033034685,-0.002254640624242743,-0.12810814732971149,True
CSI1000,000852.SH,2019-03-06,5694.8999999999996,5727.1599999999999,5697.9099999999999,5637.0299999999997,5669.3400000000001,5776.9700000000003,5654.3100000000004,0.031375517574740552,0.017744274880215235,0.0071785947356970414,0.4045583594797178,True
CSI300,000300.SH,2019-03-06,3822.8600000000001,3829.02,3833.2600000000002,3804.4899999999998,3810.1100000000001,3848.0900000000001,3816.0100000000002,0.005774755541498644,0.017416356869916914,0.0017950686712036035,0.10306797710973678,True
CSI500,000905.SH,2019-03-06,5328.1300000000001,5347.7299999999996,5324.5100000000002,5269.8699999999999,5299.7799999999997,5390.0299999999997,5295.29,0.026567149711627103,0.017243558740577015,0.00620173777073596,0.35965532776840436,True
CSI1000,000852.SH,2019-03-07,5775.3000000000002,5772.3599999999997,5841.8900000000003,5848.4300000000003,5799.9300000000003,5877.3000000000002,5776.9700000000003,0.021693186259684971,0.016708863380919689,-0.00028907887698914614,-0.017300930075187116,True
CSI300,000300.SH,2019-03-07,3841.1500000000001,3822.4899999999998,3827.3800000000001,3827.3899999999999,3799.5300000000002,3808.8499999999999,3848.0900000000001,0.0084066865652867584,0.016950841485187919,-0.001803492122065764,-0.10639543314954021,True
CSI500,000905.SH,2019-03-07,5381.2299999999996,5379.3299999999999,5431.3900000000003,5441.1199999999999,5392.5299999999997,5458.6199999999999,5390.0299999999997,0.017891371388535804,0.016555709386861291,-0.0016326439741523036,-0.098615162660923461,True
CSI1000,000852.SH,2019-03-08,5736.9300000000003,5705.7299999999996,5753.3699999999999,5783.6599999999999,5863.1400000000003,5633.3199999999997,5877.3000000000002,0.01736723576546173,0.015279528446714834,-0.023883415854218715,-1.5630990143124315,True
CSI300,000300.SH,2019-03-08,3721.4000000000001,3713.4400000000001,3728.8099999999999,3731.6799999999998,3752.1100000000001,3657.5799999999999,3808.8499999999999,-0.01019726669594534,0.017534054847329821,-0.022959685994460188,-1.3094339098612213,True
CSI500,000905.SH,2019-03-08,5340.1099999999997,5332,5359.3100000000004,5376.5799999999999,5435.79,5245.6999999999998,5458.6199999999999,0.012725346612171062,0.01581037539459797,-0.021710615503552244,-1.3731878568152307,True
CSI1000,000852.SH,2019-03-11,5682.5699999999997,5726.6099999999997,5747.6499999999996,5728.3400000000001,5714.8199999999997,5876.3400000000001,5633.3199999999997,-0.041512259030507259,0.019474402889405416,0.0087426242428976231,0.4489290014459873,True
CSI300,000300.SH,2019-03-11,3663.98,3679.8699999999999,3686.3200000000002,3673.25,3680.5999999999999,3729.9499999999998,3657.5799999999999,-0.039715399661315098,0.02055293489334787,0.0017497908453130151,0.085135814149800551,True
CSI500,000905.SH,2019-03-11,5279.75,5333.1599999999999,5354.2700000000004,5329.3999999999996,5329.2799999999997,5456.3800000000001,5245.6999999999998,-0.039006195705141633,0.019299045020194729,0.0064910307489944863,0.33633947908832806,True
CSI1000,000852.SH,2019-03-12,5922.5699999999997,5947.21,5963.1499999999996,5962.2700000000004,5973.3100000000004,6006.1800000000003,5876.3400000000001,0.043139747076324619,0.020383861891225877,0.0078671417923401599,0.38594952390874115,True
CSI300,000300.SH,2019-03-12,3758.3200000000002,3766.6900000000001,3773.4499999999998,3775.96,3774.98,3755.3499999999999,3729.9499999999998,0.019786306793016184,0.020605131124092957,0.0076060000804301087,0.36913136027252175,True
CSI500,000905.SH,2019-03-12,5500.9399999999996,5525.3000000000002,5530.7399999999998,5522.1899999999996,5532.6700000000001,5551,5456.3800000000001,0.040162418742970551,0.020176394582032992,0.0081665866380273844,0.40475946308562488,True
CSI1000,000852.SH,2019-03-13,6014.5100000000002,5985.3999999999996,6018.9399999999996,6001.4499999999998,5962.4300000000003,5866.6300000000001,6006.1800000000003,0.022095385903470488,0.02049805918314632,0.0013869048213672741,0.067660299395934959,True
CSI300,000300.SH,2019-03-13,3758.71,3746.1399999999999,3756.0900000000001,3744.2199999999998,3716.5500000000002,3724.1900000000001,3755.3499999999999,0.0068097427579458802,0.020604314136962905,0.00089472352776698294,0.043424086908183106,True
CSI500,000905.SH,2019-03-13,5557.1599999999999,5522.1700000000001,5544.3699999999999,5531.3999999999996,5493.5900000000001,5424.8599999999997,5551,0.01734116758730142,0.020214662122593232,0.0011097099621688589,0.054896290397482048,True
CSI1000,000852.SH,2019-03-14,5810.0200000000004,5838.0799999999999,5846.5799999999999,5752.8599999999997,5677.3199999999997,5688.9499999999998,5866.6300000000001,-0.023234401899376977,0.021968589899086132,-0.0096494921275075418,-0.43924039603055948,True
CSI300,000300.SH,2019-03-14,3710.29,3721.6399999999999,3740.6900000000001,3724.9099999999999,3718.02,3698.4899999999998,3724.1900000000001,-0.0082974955729825384,0.020579067259199134,-0.0037323552235519752,-0.18136658851161291,True
CSI500,000905.SH,2019-03-14,5381.1099999999997,5417.6300000000001,5418.1800000000003,5345.8599999999997,5297.8900000000003,5298.5,5424.8599999999997,-0.022723833543505711,0.021556102754322844,-0.0080647242509483963,-0.37412719464473249,True
CSI1000,000852.SH,2019-03-15,5723.6499999999996,5757.2700000000004,5752.5699999999997,5769.4799999999996,5763.0699999999997,5777.1099999999997,5688.9499999999998,-0.030286552927319521,0.023787294731724182,0.0060995438525561774,0.25642024119798101,True
CSI300,000300.SH,2019-03-15,3713.9400000000001,3726.0599999999999,3730.8200000000002,3753.46,3746.04,3745,3698.4899999999998,-0.0069008294421069039,0.020735291290446777,0.0041773804985278939,0.20146234938365726,True
CSI500,000905.SH,2019-03-15,5328.8100000000004,5349.7799999999997,5338.2200000000003,5358.9399999999996,5356.21,5359.0100000000002,5298.5,-0.023292767002282,0.022754762779879655,0.0057204869302633909,0.25139734417805454,True
CSI1000,000852.SH,2019-03-18,5801.3199999999997,5804.8000000000002,5787.75,5784.4099999999999,5842.2200000000003,5916.3400000000001,5777.1099999999997,0.015496708531451242,0.023698862759334006,0.004190676653205605,0.17683028488593067,True
CSI300,000300.SH,2019-03-18,3753.6399999999999,3756.9699999999998,3755.21,3764.5900000000001,3790.71,3851.75,3745,0.012575402393949942,0.020074667101182449,0.0023070761014685193,0.11492475017593824,True
CSI500,000905.SH,2019-03-18,5387.3800000000001,5386.71,5366.0299999999997,5365.9099999999999,5421.6199999999999,5501.1800000000003,5359.0100000000002,0.011420213267905988,0.022501757448495068,0.0052938882368198659,0.2352655453218355,True
CSI1000,000852.SH,2019-03-19,5916.1700000000001,5904.1800000000003,5930.8299999999999,5931.7600000000002,5951.8199999999997,5941.9099999999999,5916.3400000000001,0.024100285436836177,0.023182094048577625,-2.873398080571743e-05,-0.0012394903042626752,True
CSI300,000300.SH,2019-03-19,3856.5900000000001,3858.1500000000001,3860.1199999999999,3849.6900000000001,3844.9899999999998,3833.96,3851.75,0.02850467289719627,0.019845676016348752,0.0012565716881938194,0.063317152167487914,True
CSI500,000905.SH,2019-03-19,5505.6999999999998,5493.5699999999997,5527,5530.6000000000004,5538.8000000000002,5522.1800000000003,5501.1800000000003,0.026529153705628472,0.022052185921635294,0.00082164190228262157,0.037258977645228022,True
CSI1000,000852.SH,2019-03-20,5935.2700000000004,5917.46,5948,5923.0500000000002,5928.6999999999998,5926.1700000000001,5941.9099999999999,0.0043219287600102518,0.023180959149745151,-0.0011174857916056435,-0.048207055816235675,True
CSI300,000300.SH,2019-03-20,3825.3400000000001,3816.9299999999998,3840.4299999999998,3832.0300000000002,3844.46,3835.4400000000001,3833.96,-0.0046186798208606161,0.019912572445369009,-0.0022483280994063382,-0.11290997713001281,True
CSI500,000905.SH,2019-03-20,5518.3100000000004,5502.9300000000003,5528.9799999999996,5508.9499999999998,5515.6499999999996,5515.79,5522.1800000000003,0.0038173628203403975,0.022016609899803283,-0.00070081018728107569,-0.031830976270662698,True
CSI1000,000852.SH,2019-03-21,5929.75,5944.3500000000004,5969,5970.5500000000002,5977.5600000000004,5990.6400000000003,5926.1700000000001,-0.0026489798734750103,0.023257520980043335,0.00060410011862632729,0.025974398524446767,True
CSI300,000300.SH,2019-03-21,3840.2800000000002,3843.2600000000002,3840.6599999999999,3832.73,3841.5599999999999,3836.8899999999999,3835.4400000000001,0.00038602385001418327,0.019942656200849878,0.0012619151909558646,0.063277187263654819,True
CSI500,000905.SH,2019-03-21,5525.9899999999998,5538.6899999999996,5572.4200000000001,5570.1899999999996,5577.6499999999996,5589.4799999999996,5515.79,-0.001157151704580528,0.022043601900847847,0.0018492364647675341,0.083889941085191169,True
CSI1000,000852.SH,2019-03-22,5981.6999999999998,5999.5799999999999,5980.6999999999998,5924.1099999999997,5944.6099999999997,6014.5500000000002,5990.6400000000003,0.01087886442677144,0.023055825120604369,-0.0014923280317296062,-0.064726724110860501,True
CSI300,000300.SH,2019-03-22,3838.1300000000001,3842.6599999999999,3842.5799999999999,3816.71,3817.1399999999999,3833.8000000000002,3836.8899999999999,0.00037805310472838194,0.019888742715291289,0.00032317840751239224,0.016249313098304564,True
CSI500,000905.SH,2019-03-22,5591.04,5599.9300000000003,5590,5543.7299999999996,5556.3999999999996,5622.1400000000003,5589.4799999999996,0.013359826969482125,0.021926596224893503,0.00027909572983531028,0.0127286390907518,True
CSI1000,000852.SH,2019-03-25,5914.8500000000004,5936.8500000000004,5976.8900000000003,5987.3199999999997,6032.6599999999999,5961.4399999999996,6014.5500000000002,0.0039912263130483794,0.022889395409902761,-0.016576468729996408,-0.72419862705612759,True
CSI300,000300.SH,2019-03-25,3776.4400000000001,3783.1500000000001,3787.4899999999998,3791.0799999999999,3803.9400000000001,3742.8299999999999,3833.8000000000002,-0.00080533974130081454,0.019527901122777695,-0.014961656841775861,-0.76616819942437731,True
CSI500,000905.SH,2019-03-25,5521.25,5558.5200000000004,5578.4499999999998,5589.1400000000003,5619.3100000000004,5549.6700000000001,5622.1400000000003,0.0058431195746295739,0.021609541362843075,-0.017945124098652898,-0.8304259584846615,True
CSI1000,000852.SH,2019-03-26,5982.3599999999997,5984.3599999999997,5949.8500000000004,5935.5799999999999,5940.6899999999996,5788.3599999999997,5961.4399999999996,-0.0088302533024083862,0.020774474440687436,0.0035092192490404628,0.16891976059656896,True
CSI300,000300.SH,2019-03-26,3766.5300000000002,3762.3299999999999,3749.6100000000001,3745.5,3752.0900000000001,3700.4400000000001,3742.8299999999999,-0.023728415671135705,0.015671912461795116,0.0063321069885622361,0.40404175329581532,True
CSI500,000905.SH,2019-03-26,5571.5200000000004,5570.75,5539.5600000000004,5520.4499999999998,5526.5600000000004,5394.8800000000001,5549.6700000000001,-0.012890109460098831,0.018962969683465364,0.0039371710389988213,0.20762418042738379,True
CSI1000,000852.SH,2019-03-27,5822.6899999999996,5815.75,5807.5500000000002,5752.8999999999996,5749.4899999999998,5826.5299999999997,5788.3599999999997,-0.029033253710512907,0.022172777441098357,0.0059308681560925613,0.26748422347393425,True
CSI300,000300.SH,2019-03-27,3724.4099999999999,3713.6900000000001,3726.23,3716.79,3732.9000000000001,3743.3899999999999,3700.4400000000001,-0.011325654651693995,0.015644364678149957,0.0064776080682296122,0.41405376322355258,True
CSI500,000905.SH,2019-03-27,5431.9799999999996,5416.5,5422.71,5379.6300000000001,5389.5200000000004,5447.8800000000001,5394.8800000000001,-0.027891748518380388,0.020311013494055379,0.006876890681535075,0.33857939602806136,True
CSI1000,000852.SH,2019-03-28,5797.8699999999999,5776.9300000000003,5804.0699999999997,5847.6700000000001,5845.6999999999998,5747.8599999999997,5826.5299999999997,0.0065942684974673593,0.02211583906486364,-0.004918879676239496,-0.22241433670288938,True
CSI300,000300.SH,2019-03-28,3731.0599999999999,3726.98,3719.1900000000001,3735.9699999999998,3738.46,3728.4000000000001,3743.3899999999999,0.011606727848580078,0.015835186273740563,-0.0032938058818343663,-0.20800550273895255,True
CSI500,000905.SH,2019-03-28,5432.9399999999996,5417.71,5434.7700000000004,5465.7700000000004,5462.7700000000004,5370.1199999999999,5447.8800000000001,0.0098241295450500754,0.020271094540338746,-0.0027423511531091682,-0.13528382237337941,True
CSI1000,000852.SH,2019-03-29,5748.9200000000001,5764.7299999999996,5731.5600000000004,5710.8999999999996,5764.9700000000003,5911.21,5747.8599999999997,-0.01350203294242025,0.022495554078339128,0.00018441646108291465,0.0081979070371282145,True
CSI300,000300.SH,2019-03-29,3739.77,3753.9000000000001,3757.77,3762.7800000000002,3806.6300000000001,3872.3400000000001,3728.4000000000001,-0.0040043917411757279,0.01585676515987269,0.0030495654972642061,0.19231952207890871,True
CSI500,000905.SH,2019-03-29,5370.4200000000001,5386.7799999999997,5360.29,5360.9899999999998,5414.9899999999998,5547.6599999999999,5370.1199999999999,-0.014273442146302773,0.020688804697027222,5.5864673415229049e-05,0.0027002368785112199,True
CSI1000,000852.SH,2019-04-01,5961.79,6000.4899999999998,6050.9099999999999,6043.4899999999998,6086.0500000000002,6137.7299999999996,5911.21,0.028419272564049969,0.02314765251563048,0.0085566237707677129,0.36965406168032988,True
CSI300,000300.SH,2019-04-01,3901.1700000000001,3928.79,3966.3299999999999,3951.4000000000001,3955.2800000000002,3973.9299999999998,3872.3400000000001,0.038606372706791126,0.017386798693954909,0.0074451107082538215,0.4282048029257024,True
CSI500,000905.SH,2019-04-01,5591.6700000000001,5630.6400000000003,5684.6999999999998,5682.2799999999997,5723.5200000000004,5757.8400000000001,5547.6599999999999,0.033060713727067537,0.021704897619330449,0.0079330744854588797,0.36549697789837343,True
CSI1000,000852.SH,2019-04-02,6181.0799999999999,6169.7700000000004,6168.1199999999999,6204.2200000000003,6194.2299999999996,6174.9399999999996,6137.7299999999996,0.038320411557024592,0.024044889187088043,0.0070628717783285389,0.29373692360874998,True
CSI300,000300.SH,2019-04-02,3986.3400000000001,3984.5799999999999,3974.0500000000002,3985.46,3973.79,3971.29,3973.9299999999998,0.026234783102723425,0.018109272058500454,0.0031228531957030459,0.17244498760717361,True
CSI500,000905.SH,2019-04-02,5794.79,5799.6300000000001,5803.1199999999999,5815.0600000000004,5799.8199999999997,5775.5500000000002,5757.8400000000001,0.037886243929873276,0.022773491030625967,0.0064173370569517996,0.28178978129974519,True
CSI1000,000852.SH,2019-04-03,6142.3699999999999,6146.6999999999998,6180.3599999999997,6169.75,6180.6199999999999,6237.0200000000004,6174.9399999999996,0.0060625019347544384,0.023289768840765803,-0.0052745451777668206,-0.22647477584811382,True
CSI300,000300.SH,2019-04-03,3947.8699999999999,3955.79,3978.9099999999999,3969.3000000000002,3977.46,4022.1599999999999,3971.29,-0.00066432976927122134,0.018104735423582451,-0.005897328072238528,-0.32573401015056658,True
CSI500,000905.SH,2019-04-03,5744.2200000000003,5757.5900000000001,5787.5,5772.7600000000002,5778.8199999999997,5836.04,5775.5500000000002,0.0030758062051046142,0.02224346707327058,-0.0054245915973369918,-0.24387347437646484,True
CSI1000,000852.SH,2019-04-04,6262.6899999999996,6269.2700000000004,6247.8999999999996,6224.8400000000001,6262.3000000000002,6260.0699999999997,6237.0200000000004,0.010053538981755317,0.022985477818312051,0.0041157475845834401,0.17905860461619422,True
CSI300,000300.SH,2019-04-04,4039.7399999999998,4051.6599999999999,4052.4099999999999,4047.6900000000001,4067.6700000000001,4062.23,4022.1599999999999,0.012809439753833196,0.018211245067205464,0.0043707858464108185,0.24000477893088507,True
CSI500,000905.SH,2019-04-04,5868.3900000000003,5881.5600000000004,5860.0299999999997,5839.3500000000004,5872.8699999999999,5871.5600000000004,5836.04,0.010473461401944384,0.022071092210861756,0.0055431422677021391,0.25114943178816568,True
CSI1000,000852.SH,2019-04-08,6303.4300000000003,6299.6300000000001,6297.6899999999996,6284.9300000000003,6244.8999999999996,6230.21,6260.0699999999997,0.0036956751782100117,0.022772129609334401,0.0069264401196793557,0.30416303782322474,True
CSI300,000300.SH,2019-04-08,4097.1000000000004,4105.7200000000003,4105.3900000000003,4106.5600000000004,4085.0799999999999,4057.23,4062.23,0.009962308809197129,0.018035996096875229,0.0085839551182480545,0.475934629401214,True
CSI500,000905.SH,2019-04-08,5921.21,5918.25,5912.2600000000002,5903.5699999999997,5872.9700000000003,5847.6300000000001,5871.5600000000004,0.0060863188052173722,0.021986108419612901,0.0084560150964989589,0.38460717718264759,True
CSI1000,000852.SH,2019-04-09,6212.7299999999996,6170.96,6215.5600000000004,6206.3299999999999,6216.3900000000003,6245.4300000000003,6230.21,-0.0047699147134137032,0.020306229013062602,-0.002805683917556645,-0.13816863366171056,True
CSI300,000300.SH,2019-04-09,4063.8099999999999,4061.9699999999998,4065.27,4053.8600000000001,4058.04,4075.4299999999998,4057.23,-0.0012308510350226287,0.01499235261531395,0.0016217961515614387,0.10817489377249931,True
CSI500,000905.SH,2019-04-09,5834.29,5813.5,5844.0699999999997,5829.6499999999996,5836.25,5858.0500000000002,5847.6300000000001,-0.0040755778702764589,0.019664678782505322,-0.0022812660855765499,-0.11600830660941575,True
CSI1000,000852.SH,2019-04-10,6203.3999999999996,6182.0200000000004,6162.6300000000001,6187.5799999999999,6196.4399999999996,6235.71,6245.4300000000003,0.0024429353103667673,0.018243094163278805,-0.0067297207718284291,-0.36889141236657991,True
CSI300,000300.SH,2019-04-10,4062.4400000000001,4042.5700000000002,4044.71,4055.27,4048.5,4085.8499999999999,4075.4299999999998,0.0044858191426169203,0.014599702504342957,-0.0031873937228709126,-0.21831908711309442,True
CSI500,000905.SH,2019-04-10,5826.0299999999997,5801.46,5787.1999999999998,5802.96,5807.5600000000004,5850.7600000000002,5858.0500000000002,0.0017819184866347815,0.017911866268505255,-0.0054659827075563827,-0.30515986584643695,True
CSI1000,000852.SH,2019-04-11,6232.8900000000003,6238.7700000000004,6225.2600000000002,6216.6899999999996,6189.04,6106.9499999999998,6235.71,-0.0015563379943415168,0.017713231131038794,-0.00045223398778959645,-0.025530857947037647,True
CSI300,000300.SH,2019-04-11,4083.46,4095.25,4079.4400000000001,4062.73,4040.21,3997.5799999999999,4085.8499999999999,0.0025567854189618711,0.01459586260643461,-0.00058494560495370163,-0.040076124359777636,True
CSI500,000905.SH,2019-04-11,5852.6400000000003,5857.8699999999999,5842.6000000000004,5828.1099999999997,5799.6099999999997,5727.1700000000001,5850.7600000000002,-0.0012444414096840495,0.017647604540324817,0.0003213257764802524,0.018207897607067421,True
CSI1000,000852.SH,2019-04-12,6097.0699999999997,6093.2799999999997,6091.21,6099.8299999999999,6102.3400000000001,6101.1999999999998,6106.9499999999998,-0.020648811442482096,0.017527630148017916,-0.0016178288671104823,-0.092301631963259551,True
CSI300,000300.SH,2019-04-12,3986.7800000000002,3996.21,3983.23,3988.9499999999998,3987.9699999999998,3988.6199999999999,3997.5799999999999,-0.021603827844879242,0.015478183538948035,-0.002701634488865734,-0.17454467328595516,True
CSI500,000905.SH,2019-04-12,5720.0500000000002,5722.0799999999999,5710.0100000000002,5716.79,5718.6899999999996,5714.3699999999999,5727.1700000000001,-0.021123751444256822,0.017529126584088561,-0.0012431969017856481,-0.070921782430056479,True
CSI1000,000852.SH,2019-04-15,6178.5,6188.6599999999999,6198.3999999999996,6199.6199999999999,6177.71,6052.0500000000002,6101.1999999999998,-0.00094155020100050724,0.01581340539956877,0.012669638759588375,0.80119610162741262,True
CSI300,000300.SH,2019-04-15,4056.4899999999998,4063.4400000000001,4074.8800000000001,4073.1500000000001,4059.6100000000001,3975.52,3988.6199999999999,-0.0022413560203923266,0.015345335794641975,0.017015910264702949,1.1088652925173705,True
CSI500,000905.SH,2019-04-15,5795.5,5804.9200000000001,5803.3599999999997,5794.6899999999996,5774.7799999999997,5655.9799999999996,5714.3699999999999,-0.0022349607223114409,0.016476355627553892,0.014197540586276425,0.86169180292111813,True
CSI1000,000852.SH,2019-04-16,6019.1300000000001,5985.8900000000003,6003.54,6004.5500000000002,6035.6000000000004,6179.8000000000002,6052.0500000000002,-0.0080557923031534528,0.015759463993192644,-0.0054394791847390822,-0.34515635729036753,True
CSI300,000300.SH,2019-04-16,3958.0999999999999,3954.0900000000001,3957.3499999999999,3958.6700000000001,3976.9099999999999,4085.79,3975.52,-0.0032843439585621415,0.015282770136374571,-0.0043818167183161671,-0.28671613059775014,True
CSI500,000905.SH,2019-04-16,5625.1199999999999,5603.4399999999996,5599.7799999999997,5603.9799999999996,5634.0799999999999,5777.0100000000002,5655.9799999999996,-0.010218099283035631,0.016666811994339625,-0.0054561720515277079,-0.327367468558518,True
CSI1000,000852.SH,2019-04-17,6181.7600000000002,6206.2200000000003,6218.8000000000002,6211.8900000000003,6207.79,6234.1099999999997,6179.8000000000002,0.021108549995456194,0.015555978354000988,0.00031716236771406336,0.02038845519687223,True
CSI300,000300.SH,2019-04-17,4080.7199999999998,4087.8499999999999,4081.71,4085.1900000000001,4079.0900000000001,4087.2399999999998,4085.79,0.027737251982130617,0.015216451203674613,-0.0012408860954674639,-0.081548981353011071,True
CSI500,000905.SH,2019-04-17,5776.6400000000003,5794.5,5801.0799999999999,5790.1000000000004,5782.7600000000002,5807.7299999999996,5777.0100000000002,0.021398590518354244,0.016318718852179989,-6.4046972395703783e-05,-0.0039247549379250353,True
CSI1000,000852.SH,2019-04-18,6229.6899999999996,6221.5799999999999,6247.9200000000001,6215.96,6239.2600000000002,6202.8400000000001,6234.1099999999997,0.0087883103013042252,0.015618539919474522,-0.00070900256812922446,-0.04539493267518431,True
CSI300,000300.SH,2019-04-18,4085.1100000000001,4077.3600000000001,4084.5700000000002,4065.4000000000001,4081.0900000000001,4072.0799999999999,4087.2399999999998,0.0003548885282895764,0.015124671382069629,-0.00052113406602005696,-0.034455893477319706,True
CSI500,000905.SH,2019-04-18,5804.3000000000002,5793.2700000000004,5813.8900000000003,5783.3699999999999,5805.9399999999996,5775.1700000000001,5807.7299999999996,0.0053176297081014567,0.016328176156714249,-0.00059059219350754422,-0.036170126279822683,True
CSI1000,000852.SH,2019-04-19,6198.6099999999997,6215.4399999999996,6204.1499999999996,6204.2200000000003,6150.96,6255.25,6202.8400000000001,-0.0050159525577828656,0.01566864396378688,-0.00068194568939394795,-0.043522955207231075,True
CSI300,000300.SH,2019-04-19,4076.3000000000002,4081.52,4086.0900000000001,4092.02,4059.9899999999998,4120.6099999999997,4072.0799999999999,-0.0037091044323308564,0.015193921833549614,0.0010363254160037361,0.068206578088050432,True
CSI500,000905.SH,2019-04-19,5762.5,5779.1700000000001,5769.4099999999999,5769.1199999999999,5718.3699999999999,5810.1800000000003,5775.1700000000001,-0.0056063212304978682,0.016412863052882316,-0.0021938748123432328,-0.1336680142443496,True
CSI1000,000852.SH,2019-04-22,6270.3699999999999,6247.7700000000004,6244.1000000000004,6249.1099999999997,6257.0299999999997,6192.1400000000003,6255.25,0.0084493554565328033,0.015608753457924431,0.0024171695775547786,0.15485987295978476,True
CSI300,000300.SH,2019-04-22,4125.9700000000003,4109.1499999999996,4104.2399999999998,4095.8800000000001,4092.3600000000001,4025.6100000000001,4120.6099999999997,0.011917742284041521,0.0153035595151344,0.001300778282827153,0.084998413705043782,True
CSI500,000905.SH,2019-04-22,5821.0200000000004,5796.3299999999999,5783.4099999999999,5780.8999999999996,5786.5,5723.04,5810.1800000000003,0.0060621592091660848,0.016237207222333093,0.0018656909080270179,0.11490220470062711,True
CSI1000,000852.SH,2019-04-23,6175.1300000000001,6161.6800000000003,6128.9700000000003,6160.6099999999997,6126.04,6078.2700000000004,6192.1400000000003,-0.010089125134886689,0.015843221087044008,-0.0027470309133837967,-0.17338840998881316,True
CSI300,000300.SH,2019-04-23,4021.6300000000001,4023.5100000000002,4013.79,4032.8000000000002,4023.6900000000001,4019.0100000000002,4025.6100000000001,-0.023054838968016744,0.016415376045106282,-0.00098867004006841785,-0.060228290680136937,True
CSI500,000905.SH,2019-04-23,5710.7299999999996,5703.9099999999999,5673.1800000000003,5693.9300000000003,5659.1400000000003,5628.0600000000004,5723.04,-0.014997814181316294,0.016645433220285579,-0.0021509547373425031,-0.12922191383527115,True
CSI1000,000852.SH,2019-04-24,6081.96,6087.0900000000001,6060.79,6072.3699999999999,6067.8000000000002,6153.3900000000003,6078.2700000000004,-0.018389442099177367,0.016310923589498746,0.0006070806331406331,0.037219267799861566,True
CSI300,000300.SH,2019-04-24,4033.6300000000001,4033.8800000000001,4026.48,4030.7800000000002,4010.4899999999998,4030.0900000000001,4019.0100000000002,-0.0016395030815204992,0.015254833324415231,0.0036377117747903309,0.23846289876980853,True
CSI500,000905.SH,2019-04-24,5636.3999999999996,5627.3299999999999,5613.21,5617.6000000000004,5610.9399999999996,5679.7299999999996,5628.0600000000004,-0.016596074813385764,0.016828063496408134,0.001481860534535695,0.088058886564814226,True
CSI1000,000852.SH,2019-04-25,6130.0100000000002,6105.0799999999999,6127.5299999999997,6121.1400000000003,6111.79,5899.9099999999999,6153.3900000000003,0.012358779718571133,0.014847008228083956,-0.0037995316402829049,-0.25591227417089157,True
CSI300,000300.SH,2019-04-25,4013.5999999999999,4001.25,4002.4200000000001,4008.27,4005.5999999999999,3941.8200000000002,4030.0900000000001,0.0027568978430010382,0.014845478866095208,-0.0040917200360289785,-0.27562061641365021,True
CSI500,000905.SH,2019-04-25,5652.0100000000002,5641.75,5652.7700000000004,5629.8400000000001,5620.6700000000001,5458.4200000000001,5679.7299999999996,0.0091807834315908998,0.015485443958186761,-0.0048805136863898646,-0.3151678246725152,True
CSI1000,000852.SH,2019-04-26,5861.79,5879.7399999999998,5853.6000000000004,5865.3800000000001,5857.5500000000002,5834.3800000000001,5899.9099999999999,-0.041193553472151145,0.017814977067150559,-0.0064611155085416705,-0.36267885634584779,True
CSI300,000300.SH,2019-04-26,3921.8899999999999,3937.46,3918.7199999999998,3919,3920.2399999999998,3889.27,3941.8200000000002,-0.021902736663449218,0.015844270467177245,-0.0050560401033026281,-0.31910841927223127,True
CSI500,000905.SH,2019-04-26,5427.6199999999999,5457.0200000000004,5435.6899999999996,5448.1899999999996,5435.2700000000004,5408.0299999999997,5458.4200000000001,-0.038964880372834521,0.017949174601784378,-0.0056426584982467443,-0.31436868956000863,True
CSI1000,000852.SH,2019-04-29,5831.2399999999998,5808.6300000000001,5739.3500000000004,5766.8500000000004,5657.0900000000001,5622.4799999999996,5834.3800000000001,-0.011106949089053852,0.017721747203705739,-0.00053818914777581384,-0.030368853679578207,True
CSI300,000300.SH,2019-04-29,3896.5799999999999,3889.6500000000001,3890.3699999999999,3913.5999999999999,3889.3899999999999,3900.3299999999999,3889.27,-0.013331405289942255,0.016185708128234853,0.0018795300917653357,0.11612282124911327,True
CSI500,000905.SH,2019-04-29,5405.1599999999999,5386.3100000000004,5345.2600000000002,5363.7200000000003,5279.8999999999996,5265.6000000000004,5408.0299999999997,-0.0092316091469692996,0.017768970534392293,-0.00053069232234281838,-0.029866239088845916,True
CSI1000,000852.SH,2019-04-30,5595.8100000000004,5631.8199999999997,5669.3000000000002,5678.21,5703.7299999999996,5682.2399999999998,5622.4799999999996,-0.036319197583976504,0.018331896461286544,-0.0047434584026976312,-0.2587543745250202,True
CSI300,000300.SH,2019-04-30,3887.1799999999998,3905.3499999999999,3900.3800000000001,3893.7600000000002,3916,3913.21,3900.3299999999999,0.0028437213153111873,0.013748350678282161,-0.0033715095902141501,-0.24523011298657216,True
CSI500,000905.SH,2019-04-30,5244.04,5289.8699999999999,5316.1000000000004,5322.0100000000002,5337.3299999999999,5307.5600000000004,5265.6000000000004,-0.026336762185120932,0.016987266807996986,-0.0040945001519295809,-0.24103348691750925,True
CSI1000,000852.SH,2019-05-06,5480.1300000000001,5481.96,5453.71,5477.54,5422.4099999999999,5246.8299999999999,5682.2399999999998,0.010628761685234966,0.01599616776342706,-0.035568719378273328,-2.2235775408405067,True
CSI300,000300.SH,2019-05-06,3775.0799999999999,3788.5799999999999,3753.9099999999999,3766,3736.52,3684.6199999999999,3913.21,0.0033022846784760418,0.012372093380365976,-0.03529838674643071,-2.8530650118150462,True
CSI500,000905.SH,2019-05-06,5122.4700000000003,5124.5,5082.1499999999996,5105.0100000000002,5060.6099999999997,4908.8000000000002,5307.5600000000004,0.007968702522029858,0.014360879148931064,-0.034872898280942644,-2.4283261434964705,True
CSI1000,000852.SH,2019-05-07,5273.2200000000003,5303.4200000000001,5300.0799999999999,5323.5900000000001,5330.0500000000002,5312.5,5246.8299999999999,-0.076626471250774375,0.022639789166086905,0.0050297036496322889,0.22216212406988728,True
CSI300,000300.SH,2019-05-07,3702.27,3712.4400000000001,3722.3400000000001,3726.9400000000001,3724.2399999999998,3720.6700000000001,3684.6199999999999,-0.058414958563430042,0.017878152032094138,0.0047901818912126082,0.26793495673453649,True
CSI500,000905.SH,2019-05-07,4933.04,4940.5900000000001,4940.8199999999997,4961.0500000000002,4968.5900000000001,4973.3999999999996,4908.8000000000002,-0.075130568472141612,0.021309416496836389,0.0049380704041721568,0.2317318451636283,True
CSI1000,000852.SH,2019-05-08,5198.8400000000001,5190.1099999999997,5226.6300000000001,5289.0799999999999,5326.1700000000001,5292.75,5312.5,0.012516128786333791,0.022748772540597685,-0.021394823529411688,-0.94048254652994023,True
CSI300,000300.SH,2019-05-08,3648.5500000000002,3660.2600000000002,3667.5500000000002,3684.0900000000001,3693.98,3667.46,3720.6700000000001,0.0097839125880010425,0.017744435540304335,-0.019383605640919455,-1.0923765704968154,True
CSI500,000905.SH,2019-05-08,4865.79,4883.1499999999996,4907.6000000000004,4946.5200000000004,4977.54,4947.7399999999998,4973.3999999999996,0.013160039113428779,0.021439237281278875,-0.0216371094221256,-1.009229439380267,True
CSI1000,000852.SH,2019-05-09,5243.7200000000003,5293.0900000000001,5265.2299999999996,5284.6400000000003,5272.0299999999997,5237.8199999999997,5292.75,-0.0037176470588234922,0.022612687489490434,-0.0092636153228472518,-0.40966450038955554,True
CSI300,000300.SH,2019-05-09,3637.3499999999999,3651.02,3640.8299999999999,3630.98,3614,3599.6999999999998,3667.46,-0.014301187689313988,0.017587375257999627,-0.0082100418273137743,-0.46681450227085092,True
CSI500,000905.SH,2019-05-09,4897.9799999999996,4943.21,4912.8699999999999,4925.5,4919.3999999999996,4888.4099999999999,4947.7399999999998,-0.0051594482647685513,0.021203699395828942,-0.010057116986745496,-0.47430954377347323,True
CSI1000,000852.SH,2019-05-10,5292.4499999999998,5319.1300000000001,5385.2799999999997,5391.2200000000003,5349.5100000000002,5445.5299999999997,5237.8199999999997,-0.010378347739832816,0.022603900915378859,0.010429911680813753,0.46142087243523644,True
CSI300,000300.SH,2019-05-10,3643.0599999999999,3661.7800000000002,3704.98,3704.8299999999999,3678.7800000000002,3730.4499999999998,3599.6999999999998,-0.018476002464921315,0.017816748408307378,0.012045448231797096,0.67607444162935415,True
CSI500,000905.SH,2019-05-10,4940.4799999999996,4963.4099999999999,5026.3900000000003,5028.3299999999999,4982.9700000000003,5064.3199999999997,4888.4099999999999,-0.011991333416873196,0.021194522343818429,0.010651725203082441,0.50256972203901118,True
CSI1000,000852.SH,2019-05-13,5385.7600000000002,5369.5,5430.4700000000003,5435.1700000000001,5411.5100000000002,5405.6099999999997,5445.5299999999997,0.03965581100534199,0.024951952075156703,-0.010975974790332521,-0.43988441294181146,True
CSI300,000300.SH,2019-05-13,3675.7600000000002,3659.1999999999998,3695.5,3697.0300000000002,3683.1100000000001,3668.73,3730.4499999999998,0.036322471317054239,0.020065445723012221,-0.014660429706871758,-0.73063065277729289,True
CSI500,000905.SH,2019-05-13,5009.4700000000003,4991.25,5029.9899999999998,5028.5799999999999,5011.0299999999997,5005.8999999999996,5064.3199999999997,0.035985115814753721,0.023354508560337515,-0.010830674207001012,-0.46375089328124525,True
CSI1000,000852.SH,2019-05-14,5333.8500000000004,5386.8500000000004,5356.8900000000003,5394.4799999999996,5418.8500000000004,5368.2299999999996,5405.6099999999997,-0.0073307832295479436,0.024924806365765807,-0.013275097537558067,-0.53260584426410618,True
CSI300,000300.SH,2019-05-14,3630.4400000000001,3665.5999999999999,3644.2199999999998,3660.0100000000002,3678.5500000000002,3645.1500000000001,3668.73,-0.016544920854052458,0.020180223651848263,-0.010436854170244203,-0.51718228451290305,True
CSI500,000905.SH,2019-05-14,4942.3900000000003,4995.6800000000003,4969.7200000000003,4997.25,5011.25,4965.6099999999997,5005.8999999999996,-0.011535605964867912,0.023334661421950714,-0.012687029305419428,-0.54369888107675091,True
CSI1000,000852.SH,2019-05-15,5412.9300000000003,5422.8299999999999,5422.1700000000001,5425.8100000000004,5417.7299999999996,5486.3900000000003,5368.2299999999996,-0.0069150382658016429,0.024711907638003253,0.0083267669231759101,0.33695362758521225,True
CSI300,000300.SH,2019-05-15,3674.9899999999998,3683.6799999999998,3691.1900000000001,3687.3800000000001,3682.0500000000002,3727.0900000000001,3645.1500000000001,-0.0064272922782543374,0.019811891504247434,0.0081862200458142631,0.41319729840329655,True
CSI500,000905.SH,2019-05-15,5002.6099999999997,5009.1000000000004,5014.2700000000004,5018.3199999999997,5014.1499999999996,5076.5600000000004,4965.6099999999997,-0.0080485027667352993,0.023115088573196718,0.0074512496954048935,0.32235436484742908,True
CSI1000,000852.SH,2019-05-16,5488.2700000000004,5489.5100000000002,5500.6899999999996,5478.9499999999998,5514,5527.2700000000004,5486.3900000000003,0.022010979410345799,0.025486305567206831,0.00034266612471944846,0.013445107758590015,True
CSI300,000300.SH,2019-05-16,3720.04,3721.96,3721.0999999999999,3709.54,3734.9299999999998,3743.96,3727.0900000000001,0.022479184670040953,0.020705641236408046,-0.0018915561470209674,-0.091354627727970289,True
CSI500,000905.SH,2019-05-16,5071.1099999999997,5067.8800000000001,5074.6400000000003,5061.1000000000004,5093.5,5108.3599999999997,5076.5600000000004,0.022343679829869956,0.024009377815729233,-0.0010735616244071933,-0.044714262595504338,True
CSI1000,000852.SH,2019-05-17,5527.3800000000001,5512.4099999999999,5513.2200000000003,5491.5500000000002,5472.5600000000004,5330.9899999999998,5527.2700000000004,0.0074511655204971827,0.025623352095972725,1.990132560925062e-05,0.00077668704448621113,True
CSI300,000300.SH,2019-05-17,3744.8800000000001,3728.5500000000002,3731.9000000000001,3717.6599999999999,3702.0999999999999,3648.7600000000002,3743.96,0.0045263194610272173,0.020777093573167617,0.0002457291210375967,0.011826924693400874,True
CSI500,000905.SH,2019-05-17,5112.2399999999998,5097.3199999999997,5097.71,5074.1800000000003,5060.6099999999997,4942.5799999999999,5108.3599999999997,0.0062640843405770141,0.024125833054574605,0.00075953926504790381,0.031482405740343306,True
CSI1000,000852.SH,2019-05-20,5326.1899999999996,5276.4700000000003,5206.29,5217.4300000000003,5278.6899999999996,5313.1499999999996,5330.9899999999998,-0.035511201732500997,0.025806462759539951,-0.00090039561132171375,-0.034890314868466887,True
CSI300,000300.SH,2019-05-20,3635.7399999999998,3625.7399999999998,3606.9099999999999,3592.9499999999998,3614.3499999999999,3617.79,3648.7600000000002,-0.025427622089979507,0.020054411736782581,-0.0035683355441301634,-0.17793269585591182,True
CSI500,000905.SH,2019-05-20,4937.1800000000003,4896.1300000000001,4847.6000000000004,4852.4899999999998,4893.5200000000004,4923.5600000000004,4942.5799999999999,-0.03245268540196844,0.024053458342187022,-0.0010925468075376754,-0.045421610148320045,True
CSI1000,000852.SH,2019-05-21,5305.4399999999996,5334.1899999999996,5347.0799999999999,5343.6499999999996,5376.6199999999999,5418.0500000000002,5313.1499999999996,-0.0033464703554124675,0.02555625433320324,-0.0014511165692667749,-0.056781269678532378,True
CSI300,000300.SH,2019-05-21,3619.4400000000001,3633.5100000000002,3642.3000000000002,3642.8600000000001,3658.1500000000001,3666.7800000000002,3617.79,-0.0084878150385336859,0.020017206080924582,0.00045607954027193642,0.022784375523143458,True
CSI500,000905.SH,2019-05-21,4917.3400000000001,4945.2700000000004,4953.3999999999996,4942.8900000000003,4969.3800000000001,5009.8699999999999,4923.5600000000004,-0.0038481926443273418,0.023883338289830851,-0.0012633135373592008,-0.05289518249201787,True
CSI1000,000852.SH,2019-05-22,5418.2399999999998,5421.5500000000002,5411.4399999999996,5443.8199999999997,5419.6400000000003,5395.4300000000003,5418.0500000000002,0.019743466681723776,0.026279679047544399,3.506796725760708e-05,0.0013344138333715254,True
CSI300,000300.SH,2019-05-22,3663.1500000000001,3659.21,3646.6399999999999,3666.3499999999999,3663.73,3649.3800000000001,3666.7800000000002,0.013541416168434406,0.02048234248951912,-0.00098996940094586705,-0.048332821377849604,True
CSI500,000905.SH,2019-05-22,5002.1599999999999,4998.7299999999996,4981.8800000000001,5013.04,4991.3400000000001,4976.3900000000003,5009.8699999999999,0.017529998618885489,0.02455357868738936,-0.0015389620888366373,-0.062677710179455157,True
CSI1000,000852.SH,2019-05-23,5380.4099999999999,5332.54,5337.2700000000004,5324.6099999999997,5360.5600000000004,5267.8299999999999,5395.4300000000003,-0.0041749337861407554,0.026054749467397813,-0.0027838374327904258,-0.10684568033455201,True
CSI300,000300.SH,2019-05-23,3629.5300000000002,3608.8200000000002,3601.7600000000002,3592.7199999999998,3614.8099999999999,3583.96,3649.3800000000001,-0.0047453078723022069,0.020092002027753176,-0.0054392800968930954,-0.27071867150818485,True
CSI500,000905.SH,2019-05-23,4955.25,4921.2799999999997,4925.1899999999996,4912.8599999999997,4939.6300000000001,4872.9200000000001,4976.3900000000003,-0.0066828081367379388,0.024367147283597668,-0.0042480593361855501,-0.17433552178859521,True
CSI1000,000852.SH,2019-05-24,5230.8999999999996,5254.2799999999997,5243.9499999999998,5242.7799999999997,5225.04,5200.7700000000004,5267.8299999999999,-0.023649644235955281,0.026313522206411394,-0.0070104767997448691,-0.26642107220586148,True
CSI300,000300.SH,2019-05-24,3584.9000000000001,3607.1999999999998,3607.8699999999999,3602.3099999999999,3589.1199999999999,3593.9099999999999,3583.96,-0.01792633269212851,0.019892738480245298,0.00026227971294323638,0.013184696174621514,True
CSI500,000905.SH,2019-05-24,4848.5799999999999,4874.6199999999999,4867.5900000000001,4865.7399999999998,4856.3999999999996,4841.7600000000002,4872.9200000000001,-0.020792180677157601,0.024496003231087676,-0.0049949516922092041,-0.20390884362189143,True
CSI1000,000852.SH,2019-05-27,5204.4200000000001,5187.1499999999996,5232.5299999999997,5226.9700000000003,5241.4399999999996,5354.6300000000001,5200.7700000000004,-0.012730099490682045,0.026222961618361292,0.00070181915370226555,0.026763535100125857,True
CSI300,000300.SH,2019-05-27,3592.5999999999999,3576.6900000000001,3581.8699999999999,3578.1300000000001,3580.5500000000002,3637.1999999999998,3593.9099999999999,0.0027762586636010944,0.019963429038634732,-0.00036450551071121051,-0.018258662377379758,True
CSI500,000905.SH,2019-05-27,4848.6400000000003,4833.6000000000004,4871.4200000000001,4859.3100000000004,4870.5500000000002,4962.9499999999998,4841.7600000000002,-0.0063945232016942022,0.024407435145787474,0.0014209708866197435,0.058218771375696622,True
CSI1000,000852.SH,2019-05-28,5353.8500000000004,5358.4799999999996,5382.6400000000003,5384.0299999999997,5373.7399999999998,5354.5299999999997,5354.6300000000001,0.029584080818801706,0.027172840678860916,-0.00014566832815710029,-0.0053608060297656995,True
CSI300,000300.SH,2019-05-28,3633.02,3634.4299999999998,3648.3600000000001,3656.23,3655.9400000000001,3672.2600000000002,3637.1999999999998,0.012045376762356286,0.020268463542324665,-0.0011492356757945021,-0.05670068051259361,True
CSI500,000905.SH,2019-05-28,4965.5900000000001,4962.46,4975.5900000000001,4972.0699999999997,4968.9200000000001,4955.4899999999998,4962.9499999999998,0.025030154324047427,0.02521157235088136,0.00053194168790748897,0.021099108001048299,True
CSI1000,000852.SH,2019-05-29,5336.8400000000001,5340.9799999999996,5377.2799999999997,5363.4700000000003,5373.5200000000004,5376.5100000000002,5354.5299999999997,-1.8675426686876051e-05,0.025943566236103922,-0.003303744679738374,-0.12734350588782101,True
CSI300,000300.SH,2019-05-29,3642.54,3643.6799999999998,3652.2600000000002,3646.3200000000002,3656,3663.9099999999999,3672.2600000000002,0.0096392829649181166,0.020103815496885006,-0.0080931088757332237,-0.40256581527955299,True
CSI500,000905.SH,2019-05-29,4943.5699999999997,4938.4200000000001,4966.1199999999999,4952.8000000000002,4959.6599999999999,4956.8599999999997,4955.4899999999998,-0.0015031382544655747,0.024029871012187485,-0.0024054129864049534,-0.10010095290086969,True
CSI1000,000852.SH,2019-05-30,5357.4899999999998,5332.1499999999996,5307.4099999999999,5320.3699999999999,5320.1800000000003,5341.9799999999996,5376.5100000000002,0.0041049354471822674,0.025963014783989109,-0.0035376108293299069,-0.13625577995323884,True
CSI300,000300.SH,2019-05-30,3648.8499999999999,3638.2399999999998,3628.1700000000001,3623.1999999999998,3624.0300000000002,3641.1799999999998,3663.9099999999999,-0.0022738041424082978,0.019966188034623886,-0.0041103629728895807,-0.20586618566156412,True
CSI500,000905.SH,2019-05-30,4933.5,4917.0699999999997,4900.3800000000001,4905.2200000000003,4899.6899999999996,4926.3999999999996,4956.8599999999997,0.00027646105632328499,0.024026247240283221,-0.0047126608377077162,-0.1961463557157736,True
CSI1000,000852.SH,2019-05-31,5336.6899999999996,5343.6800000000003,5351.0799999999999,5376.7299999999996,5364.5600000000004,5334.25,5341.9799999999996,-0.0064223818052976389,0.024824915236592249,-0.00099026952553171732,-0.03989014730137113,True
CSI300,000300.SH,2019-05-31,3641,3638.9299999999998,3647.54,3664.5999999999999,3651.4200000000001,3629.79,3641.1799999999998,-0.0062037550048991141,0.019934337403402044,-4.9434523972990974e-05,-0.0024798679270149381,True
CSI500,000905.SH,2019-05-31,4923.9200000000001,4929.04,4933.0699999999997,4956.75,4943.0299999999997,4912,4926.3999999999996,-0.0061450192258809544,0.023458693485497589,-0.00050341019811617205,-0.02145943031428351,True
CSI1000,000852.SH,2019-06-03,5341.2700000000004,5312.4700000000003,5341.96,5311.3699999999999,5251.2600000000002,5255.0699999999997,5334.25,-0.0014470290042267742,0.02464120462457825,0.0013160238084080067,0.053407446123609766,True
CSI300,000300.SH,2019-06-03,3640.6100000000001,3632.8800000000001,3663.48,3650.1100000000001,3626.5100000000002,3632.0100000000002,3629.79,-0.0031281068225135211,0.01987502247413124,0.0029808887015503327,0.14998165186631471,True
CSI500,000905.SH,2019-06-03,4921.71,4897.3999999999996,4928.9700000000003,4901.8699999999999,4859.4399999999996,4853.8199999999997,4912,-0.0029230269568041312,0.023315266675738605,0.0019767915309445439,0.084785285042506209,True
CSI1000,000852.SH,2019-06-04,5244.7299999999996,5227.3900000000003,5220.6700000000001,5213.3100000000004,5197.2299999999996,5160.9799999999996,5255.0699999999997,-0.014843698739279265,0.017841207278541219,-0.001967623647258776,-0.11028534204775285,True
CSI300,000300.SH,2019-06-04,3632.5599999999999,3627.9699999999998,3610.21,3604.02,3600.5999999999999,3598.4699999999998,3632.0100000000002,0.00061160563007778279,0.015113075590426701,0.00015143130112527103,0.010019886436695546,True
CSI500,000905.SH,2019-06-04,4847.6599999999999,4833.1000000000004,4831.6800000000003,4834.8500000000004,4819.3599999999997,4795.4099999999999,4853.8199999999997,-0.011844462540716694,0.016350816287354401,-0.0012691035102249115,-0.07761713469965574,True
CSI1000,000852.SH,2019-06-05,5206.1499999999996,5200.0200000000004,5191.5699999999997,5184.0200000000004,5159.3100000000004,5158.4700000000003,5160.9799999999996,-0.017904614020365139,0.018034251164608051,0.0087522137268503108,0.4853106262613443,True
CSI300,000300.SH,2019-06-05,3627.79,3620.4099999999999,3608.3499999999999,3608.1599999999999,3605.4299999999998,3597.1100000000001,3598.4699999999998,-0.0092345560722576492,0.01502266608122332,0.0081479073050492179,0.54237425374402792,True
CSI500,000905.SH,2019-06-05,4837.8999999999996,4829.8500000000004,4821.2299999999996,4812.8299999999999,4792.5900000000001,4783.8199999999997,4795.4099999999999,-0.012033820784454252,0.016218129238215188,0.0088605562402379601,0.54633651699849617,True
CSI1000,000852.SH,2019-06-06,5149.3800000000001,5112.6400000000003,5106.0200000000004,5108.5900000000001,5098.9300000000003,5030.8000000000002,5158.4700000000003,-0.00048634174129702501,0.01802584895713704,-0.0017621504050620018,-0.097756860675585949,True
CSI300,000300.SH,2019-06-06,3601.04,3584.77,3584.5900000000001,3586.8600000000001,3589.1199999999999,3564.6799999999998,3597.1100000000001,-0.00037793840159838776,0.014720813094792614,0.0010925437364994739,0.074217621639796089,True
CSI500,000905.SH,2019-06-06,4776.4899999999998,4746.8599999999997,4730.7600000000002,4731.9899999999998,4729.4200000000001,4678.7799999999997,4783.8199999999997,-0.0024168944886882038,0.016198889142694899,-0.0015322482869338794,-0.094589713741257797,True
CSI1000,000852.SH,2019-06-10,5043.3299999999999,5038.1400000000003,5055.29,5037.2600000000002,5054.1499999999996,5098.9399999999996,5030.8000000000002,-0.024749586602228923,0.018688171062386134,0.0024906575494949568,0.13327454790415139,True
CSI300,000300.SH,2019-06-10,3578.0100000000002,3581,3591.3600000000001,3584.3200000000002,3594.4899999999998,3610.7399999999998,3564.6799999999998,-0.0090155708332523288,0.01427025753014625,0.0037394660951335368,0.26204615349329385,True
CSI500,000905.SH,2019-06-10,4693.7600000000002,4686.0600000000004,4695.5699999999997,4679.1300000000001,4689.96,4725.2600000000002,4678.7799999999997,-0.021957347893524437,0.016682746259513392,0.0032016893292696746,0.19191620369121784,True
CSI1000,000852.SH,2019-06-11,5103.8500000000004,5108.0900000000001,5121.1000000000004,5151.0100000000002,5188.5,5289.6199999999999,5098.9399999999996,0.013544565476663717,0.016409126992283564,0.00096294523959894462,0.058683514366838177,True
CSI300,000300.SH,2019-06-11,3617.52,3629.7600000000002,3642.8400000000001,3655.6799999999998,3667.8400000000001,3719.2800000000002,3610.7399999999998,0.012921215929620589,0.01185670393456823,0.0018777314345537199,0.15836875449670229,True
CSI500,000905.SH,2019-06-11,4730.8100000000004,4740.3599999999997,4751.2799999999997,4784.6899999999996,4815,4901.4700000000003,4725.2600000000002,0.0099342136197899666,0.01441964647048251,0.001174538543910808,0.081454045791977431,True
CSI1000,000852.SH,2019-06-12,5276.6999999999998,5288.0699999999997,5300.1499999999996,5314.0500000000002,5288.5100000000002,5264.8900000000003,5289.6199999999999,0.037396007797699138,0.018698175270938477,-0.0024425195004555977,-0.13062876270348522,True
CSI300,000300.SH,2019-06-12,3706.8600000000001,3706.8800000000001,3703.5900000000001,3709.8200000000002,3696.1999999999998,3691.0999999999999,3719.2800000000002,0.030060320045198541,0.013254563329613453,-0.00333935600438795,-0.25194009952233837,True
CSI500,000905.SH,2019-06-12,4889.3599999999997,4900.5200000000004,4904.6899999999996,4913.7799999999997,4888.1000000000004,4863.4899999999998,4901.4700000000003,0.037291069697751977,0.01688515812757245,-0.0024706873652191597,-0.14632302206188258,True
CSI1000,000852.SH,2019-06-13,5256.9099999999999,5269.0500000000002,5259.0900000000001,5253.9300000000003,5252.1499999999996,5294.1099999999997,5264.8900000000003,-0.0046751940593084962,0.018667048953484366,-0.0015157011827408029,-0.081196614768500097,True
CSI300,000300.SH,2019-06-13,3689.5799999999999,3687.5799999999999,3671.5100000000002,3668.1999999999998,3663.0599999999999,3685.3899999999999,3691.0999999999999,-0.0075767352820976797,0.013289847784564176,-0.00041180136002816337,-0.030986160767504069,True
CSI500,000905.SH,2019-06-13,4855.54,4861.5600000000004,4851.1199999999999,4848.3800000000001,4844.7700000000004,4877.6499999999996,4863.4899999999998,-0.0077486957994234995,0.016878627039529383,-0.0016346286308802638,-0.096846066155262422,True
CSI1000,000852.SH,2019-06-14,5297.7399999999998,5303,5294.71,5265.3000000000002,5279.8299999999999,5173.0699999999997,5294.1099999999997,0.005549973503719885,0.017957469554128767,0.00068566765707545052,0.038182866188839079,True
CSI300,000300.SH,2019-06-14,3690.48,3701.2399999999998,3704.1599999999999,3681.9200000000001,3691.9200000000001,3654.8800000000001,3685.3899999999999,-0.001546964319579569,0.012264889938930715,0.0013811292699008604,0.11260837046054005,True
CSI500,000905.SH,2019-06-14,4880.2299999999996,4890.2600000000002,4884.2399999999998,4855.5299999999997,4867.6700000000001,4795.5299999999997,4877.6499999999996,0.0029114894859452178,0.016006757038089861,0.00052894324110996926,0.033044997175336009,True
CSI1000,000852.SH,2019-06-17,5168.3500000000004,5160.46,5168.1400000000003,5183.96,5142.7600000000002,5160.6700000000001,5173.0699999999997,-0.022863144135652602,0.018423980283295099,-0.00091241757795645917,-0.049523369213749224,True
CSI300,000300.SH,2019-06-17,3654.4400000000001,3655.2600000000002,3667.0900000000001,3680.5300000000002,3656.6399999999999,3654.8200000000002,3654.8800000000001,-0.0082786353683056424,0.012323266253201726,-0.00012038698944971671,-0.0097690812627243846,True
CSI500,000905.SH,2019-06-17,4796.1199999999999,4792.1000000000004,4804.1199999999999,4819.8500000000004,4785.2799999999997,4802.8199999999997,4795.5299999999997,-0.016835976341065817,0.01622052359007552,0.00012303123950840877,0.0075849117215726052,True
CSI1000,000852.SH,2019-06-18,5160.1099999999997,5161.5799999999999,5142.0299999999997,5146.8699999999999,5148.5,5160.8800000000001,5160.6700000000001,-0.0023970292302248897,0.016776516978154105,-0.00010851304191128452,-0.0064681508117916892,True
CSI300,000300.SH,2019-06-18,3661.1300000000001,3663.3200000000002,3644.8699999999999,3651.6100000000001,3655.4499999999998,3667.6199999999999,3654.8200000000002,-1.6416407652264375e-05,0.010916053845093662,0.0017264872141447007,0.15816037907514435,True
CSI500,000905.SH,2019-06-18,4804.3000000000002,4807.3500000000004,4792.7299999999996,4788.1199999999999,4785,4797.1499999999996,4802.8199999999997,0.0015201656542656039,0.014683184944530244,0.00030815229386083054,0.020986747427411717,True
CSI1000,000852.SH,2019-06-19,5268.9399999999996,5272.3800000000001,5258.75,5259.0699999999997,5265.2399999999998,5234.2799999999997,5160.8800000000001,4.0692390716801086e-05,0.016773878509047303,0.020938289594022663,1.2482676312892815,True
CSI300,000300.SH,2019-06-19,3761.3400000000001,3759.25,3743.4000000000001,3739.02,3741.4400000000001,3715.9400000000001,3667.6199999999999,0.003502224459754455,0.010745235042286643,0.025553356127406834,2.3781104858892825,True
CSI500,000905.SH,2019-06-19,4902.96,4918,4898.1000000000004,4896.29,4895.4399999999996,4858.9200000000001,4797.1499999999996,-0.001180556423101442,0.01467123283709789,0.022056846252462403,1.5034078251889742,True
CSI1000,000852.SH,2019-06-20,5228.4899999999998,5225.8400000000001,5209.3100000000004,5217.8100000000004,5250.71,5317.3100000000004,5234.2799999999997,0.014222380679263846,0.016451315094995721,-0.0011061693298791697,-0.067238960745190049,True
CSI300,000300.SH,2019-06-20,3718.9400000000001,3727.3200000000002,3734.52,3748.2600000000002,3787.0500000000002,3828.52,3715.9400000000001,0.013174756381522768,0.010722530793505514,0.00080733273411293105,0.075293114066123379,True
CSI500,000905.SH,2019-06-20,4853.21,4854.6300000000001,4846.04,4858.7600000000002,4903.96,4954.7299999999996,4858.9200000000001,0.01287639535974483,0.014392838091247096,-0.0011751582656228665,-0.081648821321594026,True
CSI1000,000852.SH,2019-06-21,5350.29,5371.5600000000004,5383.3800000000001,5377.4200000000001,5405.5600000000004,5406.04,5317.3100000000004,0.015862735658008553,0.016890280935527541,0.0062023842882961144,0.36721617076539126,True
CSI300,000300.SH,2019-06-21,3832.73,3849.1100000000001,3842.96,3828.48,3839.5599999999999,3833.9400000000001,3828.52,0.030296506402148538,0.012498337002182012,0.0010996416369772888,0.08798303620596154,True
CSI500,000905.SH,2019-06-21,4973.5900000000001,5015.5500000000002,5023.5699999999997,5013.96,5034.5100000000002,5021.3100000000004,4954.7299999999996,0.019718373630353891,0.015080104387227032,0.0038064637225441178,0.25241627145288348,True
CSI1000,000852.SH,2019-06-24,5412.5500000000002,5407.6899999999996,5410.3900000000003,5397.96,5397.4399999999996,5403.8000000000002,5406.04,0.016687009032762656,0.016393318295802997,0.0012042086259074214,0.073457283277158225,True
CSI300,000300.SH,2019-06-24,3836.3099999999999,3825.4699999999998,3842.6599999999999,3843.27,3840.3099999999999,3841.27,3833.9400000000001,0.001415690658531199,0.011549120173316683,0.00061816303854511645,0.053524686666031288,True
CSI500,000905.SH,2019-06-24,5032.3699999999999,5025.75,5025.7299999999996,5011.7299999999996,5016.3199999999997,5024.1999999999998,5021.3100000000004,0.013437664615428169,0.014542212976930481,0.0022026124656711055,0.15146336181193965,True
CSI1000,000852.SH,2019-06-25,5397.0600000000004,5368.8999999999996,5364.3299999999999,5353.5600000000004,5332.6300000000001,5351.6899999999996,5403.8000000000002,-0.00041435135515088817,0.016061666082344734,-0.0012472704393204914,-0.077655109558747021,True
CSI300,000300.SH,2019-06-25,3837.4299999999998,3825.9400000000001,3820.3400000000001,3811.7399999999998,3798.4699999999998,3801.3099999999999,3841.27,0.0019118713386228059,0.011553349539471985,-0.00099966938017903573,-0.086526368544781601,True
CSI500,000905.SH,2019-06-25,5020.1999999999998,4996.3100000000004,4987.7600000000002,4981.6000000000004,4955.4399999999996,4974.9899999999998,5024.1999999999998,0.00057554701860662583,0.014423559830363671,-0.00079614665021299214,-0.055197652977248289,True
CSI1000,000852.SH,2019-06-26,5323.6999999999998,5326.4799999999996,5355.0799999999999,5351.9499999999998,5376.3500000000004,5351.3900000000003,5351.6899999999996,-0.0096432140345683592,0.01487196396158303,-0.0052301235684428793,-0.35167672420086771,True
CSI300,000300.SH,2019-06-26,3779.5100000000002,3786.5999999999999,3797.71,3790.8600000000001,3804.98,3794.3299999999999,3801.3099999999999,-0.010402809487487175,0.011757486959523358,-0.0057348650859834205,-0.48776282769663465,True
CSI500,000905.SH,2019-06-26,4943.7700000000004,4951.6599999999999,4968.9300000000003,4965.9700000000003,4984.3900000000003,4962.5900000000001,4974.9899999999998,-0.0097945941642451073,0.013567154006082334,-0.006275389498270223,-0.46254280709549572,True
CSI1000,000852.SH,2019-06-27,5361.9799999999996,5375.3599999999997,5397.6400000000003,5404.8800000000001,5388.6000000000004,5397.5699999999997,5351.3900000000003,-5.605705861122523e-05,0.014871978987884539,0.001978925101702389,0.13306400602868795,True
CSI300,000300.SH,2019-06-27,3807.54,3813.9400000000001,3847.46,3850.5,3831.4899999999998,3834.8200000000002,3794.3299999999999,-0.0018362090963378597,0.011658724958720453,0.0034815105697185711,0.29861846660294383,True
CSI500,000905.SH,2019-06-27,4974.9899999999998,4986.1000000000004,5023.8400000000001,5023.4700000000003,4996.9899999999998,5007.4799999999996,4962.5900000000001,-0.002492467321542291,0.01357552183105349,0.0024986952377690219,0.18405887220138761,True
CSI1000,000852.SH,2019-06-28,5389.9799999999996,5377.3400000000001,5357.4099999999999,5365.6199999999999,5332.5500000000002,5321.4300000000003,5397.5699999999997,0.0086295336351862595,0.014970590340584398,-0.0014061883403087005,-0.093930052744587225,True
CSI300,000300.SH,2019-06-28,3832.0599999999999,3820.8600000000001,3813.71,3831.8200000000002,3822.6500000000001,3825.5900000000001,3834.8200000000002,0.010671185690227292,0.011785138766445286,-0.00071972087347005331,-0.061070207804361766,True
CSI500,000905.SH,2019-06-28,5005.1899999999996,4989.5900000000001,4969.71,4974.1999999999998,4953.8400000000001,4950.4799999999996,5007.4799999999996,0.0090456797760845031,0.013720375658238696,-0.00045731585548014486,-0.033331146819259257,True
CSI1000,000852.SH,2019-07-01,5418.21,5405.6300000000001,5419.8400000000001,5433.8100000000004,5440.4300000000003,5481.4099999999999,5321.4300000000003,-0.014106347856535306,0.015248255208876453,0.018186840755210376,1.1927161833324567,True
CSI300,000300.SH,2019-07-01,3899.3299999999999,3898.9299999999998,3906.8600000000001,3917.6300000000001,3919.75,3935.8099999999999,3825.5900000000001,-0.0024068926312056371,0.011670161635029271,0.019275458164622838,1.6516873345408889,True
CSI500,000905.SH,2019-07-01,5044.6599999999999,5031.1999999999998,5036.6599999999999,5051.7799999999997,5061.4700000000003,5100.2600000000002,4950.4799999999996,-0.01138297107527142,0.013904594748372273,0.019024417834230256,1.3682108812597598,True
CSI1000,000852.SH,2019-07-02,5482.4399999999996,5475.9700000000003,5483.5799999999999,5485.9200000000001,5499.75,5483.5200000000004,5481.4099999999999,0.030063347634000648,0.016662206113884089,0.0001879078558253422,0.011277489579772065,True
CSI300,000300.SH,2019-07-02,3931.0500000000002,3926.79,3933.1399999999999,3931.0999999999999,3935.48,3937.1700000000001,3935.8099999999999,0.028811242187479547,0.012967332516684138,-0.0012094079744702224,-0.0932657485966496,True
CSI500,000905.SH,2019-07-02,5092.8400000000001,5085.7799999999997,5087.1999999999998,5090.5200000000004,5100.4200000000001,5084.4099999999999,5100.2600000000002,0.030255651977182163,0.015394817136438387,-0.0014548277930929165,-0.094501141533500088,True
CSI1000,000852.SH,2019-07-03,5465.9499999999998,5444.5200000000004,5448.2299999999996,5427.25,5435.8699999999999,5428.5100000000002,5483.5200000000004,0.00038493745222489828,0.016218415010642983,-0.0032041462418301858,-0.19756223032445122,True
CSI300,000300.SH,2019-07-03,3927.4400000000001,3909.1700000000001,3912.54,3902.3200000000002,3907.6599999999999,3893.5300000000002,3937.1700000000001,0.00034554513556295241,0.012971272371220833,-0.0024713182311152382,-0.19052242219493554,True
CSI500,000905.SH,2019-07-03,5074.71,5055.8500000000004,5058.2600000000002,5042.1099999999997,5049.1400000000003,5040.7200000000003,5084.4099999999999,-0.0031076847062699864,0.015102659956713897,-0.0019077926445743021,-0.12632163142401889,True
CSI1000,000852.SH,2019-07-04,5435.4799999999996,5438.6400000000003,5437.8199999999997,5428.2299999999996,5435.3100000000004,5404.3800000000001,5428.5100000000002,-0.010031877334267025,0.015793357384727012,0.0012839618974633815,0.081297590258106789,True
CSI300,000300.SH,2019-07-04,3895.1999999999998,3899.5999999999999,3898.9699999999998,3893.48,3894.02,3873.0999999999999,3893.5300000000002,-0.011084103556615488,0.013077656890610082,0.00042891668999578414,0.032797671141208143,True
CSI500,000905.SH,2019-07-04,5046.8800000000001,5050.0900000000001,5057.3900000000003,5045.6700000000001,5052.8699999999999,5025.0200000000004,5040.7200000000003,-0.0085929340867474391,0.014948018971340387,0.0012220476439872563,0.081753150456275847,True
CSI1000,000852.SH,2019-07-05,5404.71,5406.3800000000001,5394.9899999999998,5391.1899999999996,5398.8000000000002,5424.25,5404.3800000000001,-0.0044450502992534613,0.015859374667288761,6.1061583382260309e-05,0.0038501885896046551,True
CSI300,000300.SH,2019-07-05,3875.3699999999999,3875.52,3866.7800000000002,3865.8200000000002,3879.3400000000001,3893.1999999999998,3873.0999999999999,-0.0052471664530645556,0.013208673523524962,0.00058609382665042453,0.044371891364153822,True
CSI500,000905.SH,2019-07-05,5026.3299999999999,5025.5600000000004,5015.1300000000001,5009.6499999999996,5016.6400000000003,5042.6599999999999,5025.0200000000004,-0.0031146344173054175,0.014961159437651833,0.00026069547981899532,0.017424817969850584,True
CSI1000,000852.SH,2019-07-08,5410.1999999999998,5371.96,5341.3699999999999,5305.9899999999998,5256.8000000000002,5244.2700000000004,5424.25,0.0036766474600231636,0.014509818901079517,-0.0025902198460616699,-0.17851496725909927,True
CSI300,000300.SH,2019-07-08,3875.75,3851.3400000000001,3843.7199999999998,3832.6700000000001,3802.6100000000001,3802.79,3893.1999999999998,0.0051896413725438517,0.012861493758900689,-0.0044821740470563087,-0.34849560487128162,True
CSI500,000905.SH,2019-07-08,5028.6300000000001,4997.46,4967.4099999999999,4933.8100000000004,4892.0299999999997,4870.7799999999997,5042.6599999999999,0.0035104337893181459,0.013802857719891731,-0.0027822617428102658,-0.20157142812539908,True
CSI1000,000852.SH,2019-07-09,5239.8599999999997,5260.4200000000001,5232.2700000000004,5247.3900000000003,5245.3900000000003,5260.3400000000001,5244.2700000000004,-0.033180624049407692,0.016496045553867227,-0.0008409178017151353,-0.050976932560543031,True
CSI300,000300.SH,2019-07-09,3798.0999999999999,3809.3000000000002,3794.0100000000002,3801.96,3799.77,3793.1300000000001,3802.79,-0.023222541867872204,0.014095352511322393,-0.0012333050207873342,-0.087497281092945745,True
CSI500,000905.SH,2019-07-09,4868.4799999999996,4886.1599999999999,4863.1300000000001,4874.3599999999997,4873.21,4881.6199999999999,4870.7799999999997,-0.03408518519987469,0.016098821144641406,-0.00047220363063005255,-0.029331565733136212,True
CSI1000,000852.SH,2019-07-10,5267.2700000000004,5264.3000000000002,5259.9700000000003,5249.54,5253.1199999999999,5214.6400000000003,5260.3400000000001,0.0030642968420770966,0.014193522798850637,0.0013174053388185225,0.092817361657755851,True
CSI300,000300.SH,2019-07-10,3807.9499999999998,3800.3400000000001,3799.9000000000001,3787.48,3792.4499999999998,3786.7399999999998,3793.1300000000001,-0.0025402401920694428,0.012565308780915765,0.0039070635596458736,0.31094051310381926,True
CSI500,000905.SH,2019-07-10,4891.9099999999999,4885.71,4881.8199999999997,4867.1899999999996,4869.5299999999997,4843.8599999999997,4881.6199999999999,0.0022255162417519347,0.013749941538528846,0.0021079068014306923,0.15330296463618451,True
CSI1000,000852.SH,2019-07-11,5236.6599999999999,5243.5100000000002,5259.4899999999998,5267.25,5245.6300000000001,5206.3999999999996,5214.6400000000003,-0.0086876513685426593,0.01428842280309138,0.0042227267845909022,0.29553484263338647,True
CSI300,000300.SH,2019-07-11,3806.1900000000001,3801.5799999999999,3818.9699999999998,3827.0100000000002,3808,3785.2199999999998,3786.7399999999998,-0.0016846245712645036,0.012420442038539991,0.0051363441905174501,0.41353956441965906,True
CSI500,000905.SH,2019-07-11,4867.6800000000003,4869.0100000000002,4890.0799999999999,4901.4700000000003,4879.3199999999997,4844.5500000000002,4843.8599999999997,-0.0077351371061246121,0.013749545574933148,0.0049175657430231556,0.35765296505423344,True
CSI1000,000852.SH,2019-07-12,5209.3000000000002,5211.04,5185.4200000000001,5216.3800000000001,5198.5799999999999,5219.1899999999996,5206.3999999999996,-0.0015801666078579801,0.014221414805645089,0.00055700676090975065,0.039166761431404899,True
CSI300,000300.SH,2019-07-12,3783.0700000000002,3789.5300000000002,3783.6199999999999,3805.04,3794.6199999999999,3808.73,3785.2199999999998,-0.00040140067709959482,0.012409002781755484,-0.00056799868964008127,-0.045773113249292646,True
CSI500,000905.SH,2019-07-12,4848.2200000000003,4848.5,4835.9700000000003,4862.6499999999996,4843.4399999999996,4861.5699999999997,4844.5500000000002,0.00014244837794663567,0.013731424766700138,0.00075755230103924376,0.055169242369981296,True
CSI1000,000852.SH,2019-07-15,5203.5799999999999,5156.4399999999996,5157.04,5175.1599999999999,5216.9799999999996,5273.8100000000004,5219.1899999999996,0.002456591886908388,0.013241458780218512,-0.002990885558870171,-0.22587281420520458,True
CSI300,000300.SH,2019-07-15,3792.6399999999999,3760.4099999999999,3757.5799999999999,3775.6799999999998,3797.4200000000001,3824.1900000000001,3808.73,0.0062109996248567167,0.012235344746884437,-0.0042245052812880379,-0.34527063754078124,True
CSI500,000905.SH,2019-07-15,4850.8900000000003,4813.9899999999998,4804.3400000000001,4825.7299999999996,4878.2200000000003,4925.3199999999997,4861.5699999999997,0.0035132262026400518,0.013180688188492834,-0.0021968211915079916,-0.16666968826604117,True
CSI1000,000852.SH,2019-07-16,5264.6499999999996,5281.1800000000003,5278.04,5275.79,5267.1700000000001,5285.2299999999996,5273.8100000000004,0.010465225446860682,0.013403313446743018,-0.0017368847190173398,-0.12958621955076338,True
CSI300,000300.SH,2019-07-16,3819.25,3828.0700000000002,3813.9099999999999,3813.3099999999999,3803.9699999999998,3806.8499999999999,3824.1900000000001,0.0040590958140902522,0.012231576512125102,-0.0012917768207123537,-0.10561000206570442,True
CSI500,000905.SH,2019-07-16,4917.79,4935.6099999999997,4928.9200000000001,4927.2200000000003,4920.0500000000002,4932.0500000000002,4925.3199999999997,0.013113047842569392,0.013467356327199094,-0.0015288346747013293,-0.11352151361835187,True
CSI1000,000852.SH,2019-07-17,5282.5600000000004,5280.5699999999997,5297.8800000000001,5300.3500000000004,5294.5799999999999,5289.4200000000001,5285.2299999999996,0.0021654174117002878,0.013402308326065336,-0.00050518142067590421,-0.037693612800520901,True
CSI300,000300.SH,2019-07-17,3800.1100000000001,3790.1199999999999,3812.8000000000002,3813.5799999999999,3808.6100000000001,3804.6399999999999,3806.8499999999999,-0.0045342935366705639,0.012322986140151294,-0.0017704926645388808,-0.14367399625405597,True
CSI500,000905.SH,2019-07-17,4930.6499999999996,4926.1000000000004,4944.1199999999999,4943.1999999999998,4936.3299999999999,4929.0799999999999,4932.0500000000002,0.001366408680045339,0.013454239457496506,-0.00028385762512561641,-0.021098006024224215,True
CSI1000,000852.SH,2019-07-18,5265.3699999999999,5250.3900000000003,5221.1499999999996,5217.1800000000003,5220.2799999999997,5194.6000000000004,5289.4200000000001,0.00079277533806476619,0.013051395744217185,-0.0045468123159061458,-0.34837747663277685,True
CSI300,000300.SH,2019-07-18,3793.1900000000001,3784.8299999999999,3782.6599999999999,3780.4699999999998,3778.4400000000001,3768.4000000000001,3804.6399999999999,-0.00058053246122125035,0.012043419809410627,-0.0030094831574077885,-0.24988609589580227,True
CSI500,000905.SH,2019-07-18,4909.7200000000003,4892.1199999999999,4870.9499999999998,4868.1800000000003,4867.7600000000002,4844.1099999999997,4929.0799999999999,-0.00060218367615905155,0.013187952863355648,-0.0039277106478287083,-0.29782565107146658,True
CSI1000,000852.SH,2019-07-19,5205.7299999999996,5225.4499999999998,5240.8999999999996,5256.7600000000002,5245.4499999999998,5220.0299999999997,5194.6000000000004,-0.01792635109331453,0.013158902891679633,0.0021426096330803279,0.16282585643481712,True
CSI300,000300.SH,2019-07-19,3787.5100000000002,3795.9000000000001,3802.2800000000002,3819.9400000000001,3813.7800000000002,3807.96,3768.4000000000001,-0.0095252113209133293,0.010127702525788552,0.0050711177157414244,0.50071748284753093,True
CSI500,000905.SH,2019-07-19,4861.21,4877.4399999999996,4888.1499999999996,4908.8900000000003,4902.4799999999996,4878.6899999999996,4844.1099999999997,-0.017238511040599924,0.012985210914406988,0.0035300602174599405,0.2718523588664522,True
CSI1000,000852.SH,2019-07-22,5222.0600000000004,5188.21,5084.8599999999997,5125.0900000000001,5114.3999999999996,5073.3299999999999,5220.0299999999997,0.004895468371000522,0.012571823281521824,0.00038888665390834909,0.030933194430114056,True
CSI300,000300.SH,2019-07-22,3813.5,3809.02,3775.77,3796.6300000000001,3794.2600000000002,3781.6799999999998,3807.96,0.01049782401019006,0.010428706169463328,0.0014548472147817293,0.13950409486478008,True
CSI500,000905.SH,2019-07-22,4885.4300000000003,4857.6199999999999,4785.5699999999997,4822.79,4806.4200000000001,4776.5699999999997,4878.6899999999996,0.0071385662175300624,0.01268836884531927,0.0013815183994065894,0.1088806935113831,True
CSI1000,000852.SH,2019-07-23,5072.7700000000004,5096.2200000000003,5080.6300000000001,5110.1400000000003,5102.8400000000001,5131.1000000000004,5073.3299999999999,-0.02810328676271967,0.013882131188831798,-0.00011038115005324034,-0.0079513115494861623,True
CSI300,000300.SH,2019-07-23,3783.54,3788.5599999999999,3776.0100000000002,3789.5300000000002,3782.71,3789.9099999999999,3781.6799999999998,-0.0069013329971954196,0.010516668094338853,0.00049184489433273804,0.046768129403788952,True
CSI500,000905.SH,2019-07-23,4778.0500000000002,4798.6099999999997,4783.6300000000001,4809.5,4802.3599999999997,4823.9200000000001,4776.5699999999997,-0.020931848508513484,0.013406505333240613,0.00030984576798842589,0.023111598458114373,True
CSI1000,000852.SH,2019-07-24,5141.9399999999996,5159.7399999999998,5185.9200000000001,5208.8500000000004,5205.96,5194.8299999999999,5131.1000000000004,0.011386998283178906,0.01415097286652159,0.0021126074331039302,0.14929061436489235,True
CSI300,000300.SH,2019-07-24,3803.5900000000001,3818.3899999999999,3825.3299999999999,3838.25,3833.9699999999998,3819.8299999999999,3789.9099999999999,0.002176281441052641,0.010281190126294013,0.0036095843964634167,0.35108624119613846,True
CSI500,000905.SH,2019-07-24,4837.7700000000004,4864.1400000000003,4873.9399999999996,4894.8400000000001,4890.1599999999999,4873.0299999999997,4823.9200000000001,0.0099129710231400381,0.013560730953062121,0.0028711089736148665,0.21172228720949202,True
CSI1000,000852.SH,2019-07-25,5193.6499999999996,5193.0900000000001,5185.3699999999999,5186.0699999999997,5203.9099999999999,5211.0900000000001,5194.8299999999999,0.012420338718793111,0.014511891230712918,-0.00022714891536401716,-0.015652605973457131,True
CSI300,000300.SH,2019-07-25,3821.3899999999999,3819.0599999999999,3815.3400000000001,3818.8899999999999,3833.0799999999999,3851.0700000000002,3819.8299999999999,0.0078946465747207206,0.010423967000619819,0.00040839513800361438,0.039178475716522394,True
CSI500,000905.SH,2019-07-25,4873.1700000000001,4868.8999999999996,4866.4700000000003,4869.1199999999999,4882.6899999999996,4891.6400000000003,4873.0299999999997,0.010180517089835694,0.013803513203609926,2.8729558406270783e-05,0.0020813221954797249,True
CSI1000,000852.SH,2019-07-26,5201.5600000000004,5198.1499999999996,5198.6099999999997,5202.9300000000003,5203.5900000000001,5216.6000000000004,5211.0900000000001,0.0031300350540826027,0.014363530772536673,-0.0018287920569400873,-0.1273219019683357,True
CSI300,000300.SH,2019-07-26,3835.23,3840.8899999999999,3841.23,3847.46,3848.1500000000001,3858.5700000000002,3851.0700000000002,0.0081783744302756922,0.010308785334309111,-0.0041131425811528066,-0.39899391128687883,True
CSI500,000905.SH,2019-07-26,4880.7200000000003,4881.6499999999996,4882.5,4881.5900000000001,4882.4200000000001,4898.1099999999997,4891.6400000000003,0.0038189791567055931,0.013655598660301655,-0.0022323801424470879,-0.16347728122216021,True
CSI1000,000852.SH,2019-07-29,5217.9300000000003,5216.3199999999997,5231.2600000000002,5218.7399999999998,5205.8400000000001,5218.9799999999996,5216.6000000000004,0.0010573603603085679,0.014069046137852962,0.00025495533489250377,0.018121721429752293,True
CSI300,000300.SH,2019-07-29,3857.9400000000001,3851.9899999999998,3861.6799999999998,3853.7800000000002,3844.4200000000001,3854.27,3858.5700000000002,0.0019475106918336316,0.010295430783610681,-0.00016327292235207569,-0.01585877519685628,True
CSI500,000905.SH,2019-07-29,4897.6499999999996,4896.8299999999999,4910.2799999999997,4895.6400000000003,4884.6000000000004,4897.0200000000004,4898.1099999999997,0.0013226647913582301,0.013445012721671581,-9.3913774904974545e-05,-0.0069850268533846729,True
CSI1000,000852.SH,2019-07-30,5217.0699999999997,5231.2799999999997,5236.9700000000003,5246.0500000000002,5264.9499999999998,5239.7200000000003,5218.9799999999996,0.00045623586243892511,0.012052773594453314,-0.00036597189489129267,-0.030364122583345705,True
CSI300,000300.SH,2019-07-30,3861.5700000000002,3871.9499999999998,3868.8200000000002,3873,3887.6900000000001,3870.3200000000002,3854.27,-0.0011144024858951163,0.0078438606490687131,0.0018940032742906787,0.24146314666050961,True
CSI500,000905.SH,2019-07-30,4902.8400000000001,4912.1599999999999,4925.5,4939.3299999999999,4955.9300000000003,4922.9200000000001,4897.0200000000004,-0.00022253481444867163,0.011345411802523693,0.0011884778906354754,0.10475405488332369,True
CSI1000,000852.SH,2019-07-31,5229.1400000000003,5217.0799999999999,5212.3500000000004,5201.54,5198.4099999999999,5200.0900000000001,5239.7200000000003,0.0039739565968830437,0.01212262449648191,-0.0020191918652141538,-0.16656392069226764,True
CSI300,000300.SH,2019-07-31,3856.75,3851.1399999999999,3847.3200000000002,3840.1799999999998,3832.6999999999998,3835.3600000000001,3870.3200000000002,0.004164212678406054,0.0079248264747201601,-0.0035061700324521272,-0.44242861892770169,True
CSI500,000905.SH,2019-07-31,4914.04,4906.8400000000001,4906.7200000000003,4900.0200000000004,4898.4899999999998,4903.1999999999998,4922.9200000000001,0.0052889308191512718,0.011455887344164183,-0.0018038074963639961,-0.15745681169629214,True
CSI1000,000852.SH,2019-08-01,5172.0799999999999,5180.1400000000003,5187.3800000000001,5197.8800000000001,5179.1700000000001,5173.2299999999996,5200.0900000000001,-0.0075633812493797192,0.012051050889116162,-0.0053864452346017444,-0.44696892280709577,True
CSI300,000300.SH,2019-08-01,3819.3200000000002,3826.3400000000001,3827.71,3829.5500000000002,3815.4400000000001,3803.4699999999998,3835.3600000000001,-0.0090328448293681696,0.0077973250725732147,-0.0041821367485711525,-0.53635531539933545,True
CSI500,000905.SH,2019-08-01,4877.5600000000004,4883.8800000000001,4889.7799999999997,4895.1599999999999,4877.1199999999999,4870.4700000000003,4903.1999999999998,-0.0040057526833667811,0.011352904807430014,-0.0052292380486211876,-0.46060793579444659,True
CSI1000,000852.SH,2019-08-02,5074,5075.1300000000001,5085.6999999999998,5092.1099999999997,5090.0699999999997,5091.0600000000004,5173.2299999999996,-0.0051652952160444743,0.0120595721288199,-0.019181439835460501,-1.5905572461912476,True
CSI300,000300.SH,2019-08-02,3729.1300000000001,3734.8800000000001,3735.5599999999999,3741.5100000000002,3739.71,3747.4400000000001,3803.4699999999998,-0.0083147344708189852,0.0079201983526599531,-0.019545309940659394,-2.4677803598309143,True
CSI500,000905.SH,2019-08-02,4773.4300000000003,4781.3500000000004,4791.6000000000004,4799.1099999999997,4797.2299999999996,4809.9200000000001,4870.4700000000003,-0.0066752325012235936,0.011410299303392173,-0.019924155163670076,-1.7461553491192658,True
CSI1000,000852.SH,2019-08-05,5076.1099999999997,5074.6599999999999,5082.1899999999996,5092.6700000000001,5112.1599999999999,5032.6400000000003,5091.0600000000004,-0.015883693553157108,0.012354848558655913,-0.0029365200960115301,-0.23768159375407147,True
CSI300,000300.SH,2019-08-05,3724.4099999999999,3719.8200000000002,3711.5700000000002,3714.3000000000002,3726.6799999999998,3675.6900000000001,3747.4400000000001,-0.014731284853041982,0.0083576910899911296,-0.0061455286809128928,-0.73531416927727289,True
CSI500,000905.SH,2019-08-05,4795.9099999999999,4794.1400000000003,4795.3900000000003,4810.2200000000003,4824.0900000000001,4751.9799999999996,4809.9200000000001,-0.012432065077908283,0.011597324135951584,-0.0029127303572616947,-0.25115538059613779,True
CSI1000,000852.SH,2019-08-06,4940.8699999999999,4903.0799999999999,4902.75,4908.9200000000001,4793.0900000000001,4899.8199999999997,5032.6400000000003,-0.011475016990567743,0.010365848410060845,-0.018234962166974067,-1.7591384173895162,True
CSI300,000300.SH,2019-08-06,3609.1100000000001,3590.1700000000001,3600.0799999999999,3607.0999999999999,3579.3000000000002,3636.3299999999999,3675.6900000000001,-0.019146403945093149,0.0078435476846238535,-0.018113605880800576,-2.3093639012751455,True
CSI500,000905.SH,2019-08-06,4665.8400000000001,4669.6099999999997,4662.1899999999996,4661.2799999999997,4566.46,4650.5600000000004,4751.9799999999996,-0.012045938393985822,0.0092214010899581804,-0.018127180669952225,-1.965772933322699,True
CSI1000,000852.SH,2019-08-07,4928.1400000000003,4929.1099999999997,4913.4200000000001,4928.1199999999999,4907.1099999999997,4885.4399999999996,4899.8199999999997,-0.026391714885229289,0.011623789989665239,0.0057798041560712665,0.49723921037889662,True
CSI300,000300.SH,2019-08-07,3654.6300000000001,3651.1999999999998,3640.4699999999998,3644.0799999999999,3637.1399999999999,3621.4299999999998,3636.3299999999999,-0.010708193563657487,0.0080997631274639815,0.0050325465510556722,0.62132021293212214,True
CSI500,000905.SH,2019-08-07,4678.4300000000003,4673.4099999999999,4658.0299999999997,4665.1000000000004,4647.54,4626.3599999999997,4650.5600000000004,-0.021342682418696857,0.010213991957194551,0.0059928266703364041,0.58672717733198965,True
CSI1000,000852.SH,2019-08-08,4901.8199999999997,4920.0100000000002,4908.7700000000004,4922.6000000000004,4921.3500000000004,4923.3299999999999,4885.4399999999996,-0.0029348016865925475,0.01155910784024829,0.0033528198074277427,0.29005870122202476,True
CSI300,000300.SH,2019-08-08,3651.3600000000001,3658.8499999999999,3654.6799999999998,3659.3099999999999,3652.5,3669.29,3621.4299999999998,-0.0040975379022256675,0.0081115676837669234,0.0082646910198458379,1.0188771569255779,True
CSI500,000905.SH,2019-08-08,4641.8699999999999,4658.1700000000001,4642.3599999999997,4647.4799999999996,4648.9099999999999,4656.1000000000004,4626.3599999999997,-0.0052036743962019516,0.010159569614924348,0.0033525276891552824,0.32998717625109225,True
CSI1000,000852.SH,2019-08-09,4948.5200000000004,4942.6099999999997,4959.7600000000002,4950.21,4941.21,4869.79,4923.3299999999999,0.0077556985655335975,0.011813300039774445,0.0051164557321976556,0.43310977584340993,True
CSI300,000300.SH,2019-08-09,3686.75,3680.4400000000001,3680.73,3672.1900000000001,3673.5300000000002,3633.5300000000002,3669.29,0.013215773879379222,0.0088115871915824245,0.0047584137530694015,0.54001777995399536,True
CSI500,000905.SH,2019-08-09,4677.25,4672.6899999999996,4688.0600000000004,4680.4899999999998,4670.8500000000004,4600.3500000000004,4656.1000000000004,0.0064283799790765261,0.010333068730224522,0.0045424282124524318,0.43960108376766127,True
CSI1000,000852.SH,2019-08-12,4873.8900000000003,4890.5200000000004,4866.46,4877.4200000000001,4892.8400000000001,4952.2200000000003,4869.79,-0.010874753469704457,0.01188149200322197,0.00084192542183547658,0.070860243949763799,True
CSI300,000300.SH,2019-08-12,3647.8699999999999,3656,3645.73,3658.8099999999999,3670.0500000000002,3699.0999999999999,3633.5300000000002,-0.0097457546282795349,0.0087974085771814862,0.00394657536885612,0.44860657933890391,True
CSI500,000905.SH,2019-08-12,4608.1199999999999,4618.1000000000004,4596.46,4610.4399999999996,4629.2799999999997,4685.04,4600.3500000000004,-0.011973540087197421,0.010482817911040984,0.001689001923766531,0.16112098274525943,True
CSI1000,000852.SH,2019-08-13,4917.8900000000003,4919.1099999999997,4923.6599999999999,4926.5500000000002,4933,4928.46,4952.2200000000003,0.016926807932169607,0.012356453971412842,-0.0069322445287164358,-0.56102216256819837,True
CSI300,000300.SH,2019-08-13,3675.5900000000001,3678.7399999999998,3672.9000000000001,3671.5500000000002,3673.9899999999998,3665.75,3699.0999999999999,0.018045812199156019,0.0098265056487999696,-0.006355600010813367,-0.64678129112860416,True
CSI500,000905.SH,2019-08-13,4649.3500000000004,4657.0100000000002,4655.2799999999997,4661,4664.6300000000001,4658.3900000000003,4685.04,0.0184094688447618,0.010959517281261813,-0.0076178645219676655,-0.69509124594314164,True
CSI1000,000852.SH,2019-08-14,4980.3900000000003,4969.9200000000001,4992.3900000000003,4987.6800000000003,4975.79,4961.75,4928.46,-0.0047978482377600828,0.012299205049054447,0.010536759961529585,0.85670252016325577,True
CSI300,000300.SH,2019-08-14,3712.0700000000002,3705.6799999999998,3714.3400000000001,3707.6599999999999,3694.6300000000001,3682.4000000000001,3665.75,-0.0090157065232083777,0.0099469187577893806,0.012635886244288352,1.2703317029098338,True
CSI500,000905.SH,2019-08-14,4713.5,4701.9200000000001,4729.3599999999997,4720.0200000000004,4703.2399999999998,4683.8400000000001,4658.3900000000003,-0.0056883185629150734,0.010944065290861468,0.011830267538784689,1.0809755995026107,True
CSI1000,000852.SH,2019-08-15,4848.8699999999999,4855.0699999999997,4876.9799999999996,4880.6099999999997,4896.4899999999998,4985.4200000000001,4961.75,0.0067546454673468315,0.012477537239273698,-0.022750037789086575,-1.8232794944085315,True
CSI300,000300.SH,2019-08-15,3618.0100000000002,3622.52,3642.77,3651.1799999999998,3652.1399999999999,3694,3682.4000000000001,0.0045420446020596472,0.010046501171926745,-0.017485878774712083,-1.7404943746558679,True
CSI500,000905.SH,2019-08-15,4585.0900000000001,4595.0900000000001,4611.8599999999997,4618.2299999999996,4628.5100000000002,4706.5500000000002,4683.8400000000001,0.0054632609120317532,0.011091026525158969,-0.021083128373300508,-1.9009176765987692,True
CSI1000,000852.SH,2019-08-16,4981.5600000000004,4995.0699999999997,4990.8900000000003,5008.4899999999998,5019.25,5013.5799999999999,4985.4200000000001,0.0047704942812516471,0.012085812329830995,-0.00077425773555683808,-0.064063359121154337,True
CSI300,000300.SH,2019-08-16,3697.9400000000001,3699.2600000000002,3691.8499999999999,3696.8899999999999,3715.9000000000001,3710.54,3694,0.0031501194872909366,0.0099181276866442819,0.0010665944775312131,0.10753990180702006,True
CSI500,000905.SH,2019-08-16,4702.1400000000003,4710.9399999999996,4706.6400000000003,4720.3100000000004,4724.1099999999997,4722.6599999999999,4706.5500000000002,0.0048485857757736284,0.010635449038513815,-0.00093699206425090775,-0.08810084659874802,True
CSI1000,000852.SH,2019-08-19,5054.4799999999996,5061.1300000000001,5060.7799999999997,5078.5799999999999,5087.5600000000004,5173.1800000000003,5013.5799999999999,0.0056484709412647494,0.012109518084824316,0.0081578432976037174,0.67367200250744508,True
CSI300,000300.SH,2019-08-19,3736.0300000000002,3733.0999999999999,3724.1999999999998,3724.52,3726.3899999999999,3791.0900000000001,3710.54,0.0044775311315647937,0.0096398617424993081,0.0068696200553020059,0.7126264088431763,True
CSI500,000905.SH,2019-08-19,4765.0600000000004,4776.0900000000001,4769.5699999999997,4783.0900000000001,4792.5600000000004,4875.04,4722.6599999999999,0.0034228893775694047,0.01051042994132584,0.0089779912168144183,0.85419828369855322,True
CSI1000,000852.SH,2019-08-20,5183.0100000000002,5196.6099999999997,5199.6800000000003,5219.2399999999998,5189.75,5185.2700000000004,5173.1800000000003,0.031833540105074665,0.012697561361098826,0.001900185185901071,0.14964961632102183,True
CSI300,000300.SH,2019-08-20,3786.0300000000002,3788.8600000000001,3787.4400000000001,3798.1199999999999,3784.1199999999999,3787.73,3791.0900000000001,0.021708430578837534,0.010809068448032436,-0.0013347084875325876,-0.12348043626049415,True
CSI500,000905.SH,2019-08-20,4878.6700000000001,4889.6000000000004,4890.4300000000003,4910.0500000000002,4886.2799999999997,4872.6099999999997,4875.04,0.032265714660805633,0.011981392720767427,0.00074460927500075158,0.062147138680306788,True
CSI1000,000852.SH,2019-08-21,5177.8800000000001,5180.29,5176.8299999999999,5190.0600000000004,5172.3500000000004,5186.6199999999999,5185.2700000000004,0.0023370538044298339,0.012469049122811363,-0.001425190973662005,-0.11429828847612006,True
CSI300,000300.SH,2019-08-21,3778.3099999999999,3778.9400000000001,3784.4299999999998,3786.6300000000001,3777.5500000000002,3781.7600000000002,3787.73,-0.00088628863994266727,0.010800984951889768,-0.0024869776884836048,-0.23025471283972826,True
CSI500,000905.SH,2019-08-21,4865.7200000000003,4867.3199999999997,4868.9099999999999,4877.3599999999997,4864.0600000000004,4882.7200000000003,4872.6099999999997,-0.00049845744855436802,0.011802657246418855,-0.0014140265689228659,-0.11980578096952767,True
CSI1000,000852.SH,2019-08-22,5200.0600000000004,5203.3900000000003,5181.7799999999997,5194.0699999999997,5196.9399999999996,5208.5500000000002,5186.6199999999999,0.00026035288422776581,0.012154794664759275,0.0025912829549881167,0.21319018761387171,True
CSI300,000300.SH,2019-08-22,3793.8600000000001,3794.6999999999998,3781.7199999999998,3783.8899999999999,3790.4099999999999,3793.5100000000002,3781.7600000000002,-0.0015761419108542007,0.010644349667201139,0.0031995684548993264,0.30058843940069774,True
CSI500,000905.SH,2019-08-22,4894.3599999999997,4885.6000000000004,4864.3800000000001,4876.5600000000004,4878.8699999999999,4887.9099999999999,4882.7200000000003,0.0020748633689133822,0.011592505935424869,0.002383917160926563,0.20564295366385696,True
CSI1000,000852.SH,2019-08-23,5210.4200000000001,5193.71,5208.6400000000003,5190.9499999999998,5192.5299999999997,5197.5500000000002,5208.5500000000002,0.0042281871430720486,0.012172189514488943,0.00035902506455731675,0.02949552043450834,True
CSI300,000300.SH,2019-08-23,3796.8800000000001,3788.8699999999999,3808.52,3802.8499999999999,3808.98,3820.8600000000001,3793.5100000000002,0.0031070189541377857,0.01048730990770708,0.00088835932948638785,0.084708026872891043,True
CSI500,000905.SH,2019-08-23,4888.5299999999997,4871.3100000000004,4887.4200000000001,4871.9200000000001,4872.0299999999997,4887.8999999999996,4887.9099999999999,0.0010629321361863564,0.011563100019259621,0.00012684357936221247,0.010969686256362089,True
CSI1000,000852.SH,2019-08-26,5096.1000000000004,5127.3199999999997,5155.7200000000003,5160.2600000000002,5159.1099999999997,5168.6800000000003,5197.5500000000002,-0.0021119121444548306,0.012178955321056357,-0.019518811747842646,-1.6026671609588972,True
CSI300,000300.SH,2019-08-26,3756.3600000000001,3773.73,3776.21,3772.5500000000002,3770.27,3765.9099999999999,3820.8600000000001,0.007209681798650891,0.010622381158163248,-0.016881016315698605,-1.5891932387236571,True
CSI500,000905.SH,2019-08-26,4799.4799999999996,4825.8400000000001,4843.5200000000004,4848.3699999999999,4845.1300000000001,4855.46,4887.8999999999996,-2.0458641832865609e-06,0.01155906877216124,-0.018089568117187316,-1.5649676002234776,True
CSI1000,000852.SH,2019-08-27,5196.1400000000003,5205.3900000000003,5236.1499999999996,5237.0500000000002,5272.46,5266.6599999999999,5168.6800000000003,-0.0055545401198641153,0.012238197714766995,0.0053127684437805911,0.43411363074891635,True
CSI300,000300.SH,2019-08-27,3791.46,3795.8400000000001,3813.5599999999999,3813.9400000000001,3841.96,3816.9499999999998,3765.9099999999999,-0.014381579016242485,0.011071643862395003,0.0067845487544844207,0.6127860360039431,True
CSI500,000905.SH,2019-08-27,4878.29,4887.8199999999997,4913.4499999999998,4917.6400000000003,4967.1700000000001,4936.1199999999999,4855.46,-0.0066367969884816302,0.011652965391410365,0.0047019231957425855,0.40349585172615954,True
CSI1000,000852.SH,2019-08-28,5261.6199999999999,5255.0299999999997,5254.3100000000004,5247.1700000000001,5241.1599999999999,5256.1800000000003,5266.6599999999999,0.018956484053955558,0.012958251829153786,-0.00095696323666227823,-0.073849717483440117,True
CSI300,000300.SH,2019-08-28,3818.8099999999999,3819.5300000000002,3812.9000000000001,3804.0900000000001,3792.23,3802.5799999999999,3816.9499999999998,0.013553165104848386,0.011497494524212493,0.00048730006942721005,0.042383152990506608,True
CSI500,000905.SH,2019-08-28,4929.8900000000003,4929,4927.7299999999996,4923.2700000000004,4914.0799999999999,4928.1899999999996,4936.1199999999999,0.016612226236031091,0.012204012156564664,-0.0012621249078222929,-0.10341885042644626,True
CSI1000,000852.SH,2019-08-29,5262.96,5258.4700000000003,5262.1199999999999,5256.2399999999998,5261.5100000000002,5260.9499999999998,5256.1800000000003,-0.0019898759365517549,0.012838811383035735,0.0012899101628938148,0.10046959367268278,True
CSI300,000300.SH,2019-08-29,3805.4899999999998,3804.02,3789.29,3778.3200000000002,3782.4699999999998,3790.1900000000001,3802.5799999999999,-0.0037647860202517647,0.011354342673710799,0.00076526989570235848,0.067398872633483306,True
CSI500,000905.SH,2019-08-29,4937.5900000000001,4933.4200000000001,4927.04,4916.7600000000002,4932.0299999999997,4934.1800000000003,4928.1899999999996,-0.0016065249629264589,0.012172202140822576,0.0019073939925207117,0.15670081472963557,True
CSI1000,000852.SH,2019-08-30,5280.5100000000002,5273.2200000000003,5274.0299999999997,5280.75,5270.2600000000002,5182.96,5260.9499999999998,0.00090750316769971917,0.012766528944610795,0.0037179596840875018,0.29122713779276588,True
CSI300,000300.SH,2019-08-30,3816.6799999999998,3817.1100000000001,3817.96,3819.7800000000002,3820.0300000000002,3799.5900000000001,3790.1900000000001,-0.0032583140920111608,0.011223624569878708,0.0069890955334692695,0.62271287585885449,True
CSI500,000905.SH,2019-08-30,4963.2799999999997,4960.6400000000003,4963.4799999999996,4965.1300000000001,4955.5699999999997,4886.4899999999998,4934.1800000000003,0.0012154563845956368,0.012060761698295407,0.0058976364867109332,0.48899369992066655,True
CSI1000,000852.SH,2019-09-02,5187.3999999999996,5205.5,5221.0900000000001,5243.1899999999996,5258.8000000000002,5317.5299999999997,5182.96,-0.014824318801737291,0.012695146207847384,0.00085665334094797707,0.06747880858736742,True
CSI300,000300.SH,2019-09-02,3803.6900000000001,3813.9000000000001,3819.6900000000001,3826.04,3835.8099999999999,3848.3200000000002,3799.5900000000001,0.002480086750268562,0.01069115842687081,0.0010790637937250214,0.10093048392332654,True
CSI500,000905.SH,2019-09-02,4894.0500000000002,4906.1000000000004,4923.4099999999999,4945.5699999999997,4951.5699999999997,5008.3000000000002,4886.4899999999998,-0.0096652331289091009,0.011916989713940297,0.0015471227813830257,0.12982496574392668,True
CSI1000,000852.SH,2019-09-03,5324.6899999999996,5332.3800000000001,5332.71,5336.8599999999997,5315.71,5357.0600000000004,5317.5299999999997,0.025963927948508214,0.013498168887641951,0.0013464898176409612,0.099753516854698715,True
CSI300,000300.SH,2019-09-03,3852.5799999999999,3852.2399999999998,3851.3299999999999,3850.5300000000002,3843.9400000000001,3853.6100000000001,3848.3200000000002,0.012825067967859649,0.0099229643311328462,0.0011069765508064933,0.11155704221705252,True
CSI500,000905.SH,2019-09-03,5019.3999999999996,5028.7600000000002,5027.1999999999998,5029.25,5005.9399999999996,5044.1800000000003,5008.3000000000002,0.024927913492097664,0.01265503002427802,0.002216320907293845,0.17513359534050477,True
CSI1000,000852.SH,2019-09-04,5345.9399999999996,5360.4499999999998,5369.0100000000002,5360.6400000000003,5366.5,5394.71,5357.0600000000004,0.0074339025825902461,0.011632527921804726,-0.0020757654385056279,-0.1784449134753148,True
CSI300,000300.SH,2019-09-04,3848.6500000000001,3863.96,3858.6199999999999,3866.8600000000001,3871.3899999999999,3886,3853.6100000000001,0.001374625810743435,0.0094426771537365409,-0.0012871048185987277,-0.13630719314483927,True
CSI500,000905.SH,2019-09-04,5036.5200000000004,5059.3000000000002,5067.9300000000003,5061.0500000000002,5064.3500000000004,5093.2700000000004,5044.1800000000003,0.0071641075814148358,0.01134104230607755,-0.0015185818111169702,-0.13390143252557815,True
CSI1000,000852.SH,2019-09-05,5423.96,5422.5,5442.8900000000003,5446.54,5484.3999999999996,5445.5699999999997,5394.71,0.0070281087014145704,0.011508495778426959,0.005421978197159838,0.47112831264390853,True
CSI300,000300.SH,2019-09-05,3909.21,3924.9400000000001,3932.48,3940.4000000000001,3968.0599999999999,3925.3200000000002,3886,0.0084051058617762298,0.0093652195775840129,0.0059727225939270046,0.63775574554844705,True
CSI500,000905.SH,2019-09-05,5119.5699999999997,5129.7200000000003,5141.8400000000001,5141.9399999999996,5190.9799999999996,5138.4099999999999,5093.2700000000004,0.009732007977510726,0.011184682151706843,0.0051636767734675182,0.46167398442158797,True
CSI1000,000852.SH,2019-09-06,5461.3299999999999,5476.46,5463.1499999999996,5471.1999999999998,5460.04,5468.46,5445.5699999999997,0.0094277542258989211,0.011535360658286642,0.0028940955675897939,0.2508890405182751,True
CSI300,000300.SH,2019-09-06,3946.6900000000001,3937.5999999999999,3927.6300000000001,3935.3299999999999,3933.9200000000001,3948.5100000000002,3925.3200000000002,0.010118373648996482,0.0092218857989460282,0.0054441421336348661,0.59035020085122702,True
CSI500,000905.SH,2019-09-06,5152.1899999999996,5164.5100000000002,5151.1199999999999,5158.1899999999996,5143.3299999999999,5154.6400000000003,5138.4099999999999,0.0088626756484535552,0.01121564605262154,0.0026817634248725852,0.23910913488980431,True
CSI1000,000852.SH,2019-09-09,5516.5299999999997,5498.8400000000001,5501.2799999999997,5514.21,5529.5900000000001,5602.2399999999998,5468.46,0.0042034167222164687,0.01091107937101456,0.0087904089999744084,0.80564064297124049,True
CSI300,000300.SH,2019-09-09,3980.96,3971.02,3959.0500000000002,3962.6500000000001,3964.8600000000001,3972.9499999999998,3948.5100000000002,0.0059077985998594595,0.0086950380772844952,0.0082182899372167384,0.94517009174310052,True
CSI500,000905.SH,2019-09-09,5202.71,5172.7600000000002,5177.4899999999998,5185.8699999999999,5194.0100000000002,5263.46,5154.6400000000003,0.0031585646143457158,0.010497813659958716,0.0093255785079073839,0.88833530580538589,True
CSI1000,000852.SH,2019-09-10,5608.7399999999998,5600.5,5598.21,5582.8000000000002,5578.6300000000001,5614.5799999999999,5602.2399999999998,0.024463925858468238,0.011430845742947473,0.0011602501856400327,0.10150169215220808,True
CSI300,000300.SH,2019-09-10,3976.8699999999999,3961.7600000000002,3955.4299999999998,3946.5,3941.9499999999998,3959.2600000000002,3972.9499999999998,0.0061896766121902758,0.0080841628624367529,0.00098667237191518709,0.12205003643602763,True
CSI500,000905.SH,2019-09-10,5264.3299999999999,5258.1499999999996,5245.3100000000004,5230.9099999999999,5216.6199999999999,5245.3100000000004,5263.46,0.021111076622227776,0.010684913176854299,0.00016529051232461178,0.01546952320423761,True
CSI1000,000852.SH,2019-09-11,5630.1999999999998,5623.3900000000003,5611.3299999999999,5614.6099999999997,5613.9200000000001,5566.4099999999999,5614.5799999999999,0.0022026903524305919,0.01117925323198247,0.0027820424680029543,0.24885763031504399,True
CSI300,000300.SH,2019-09-11,3969.6799999999998,3964.3099999999999,3947.5799999999999,3941.29,3940.9299999999998,3930.0999999999999,3959.2600000000002,-0.003445802237631912,0.0077138418657653335,0.0026318049332449966,0.34117952883182168,True
CSI500,000905.SH,2019-09-11,5262.4899999999998,5262.9099999999999,5255.3299999999999,5254.8400000000001,5252.0900000000001,5217.29,5245.3100000000004,-0.003448302067461273,0.010568249335303601,0.0032753068932054319,0.30991953248719789,True
CSI1000,000852.SH,2019-09-12,5580.6000000000004,5577.0900000000001,5576.1899999999996,5572.6800000000003,5549.7399999999998,5592.9200000000001,5566.4099999999999,-0.0085794485072793192,0.011682377821046771,0.0025492193352627535,0.21821065662421255,True
CSI300,000300.SH,2019-09-12,3944.6900000000001,3949.0700000000002,3943.9299999999998,3941.2199999999998,3936.6900000000001,3972.3800000000001,3930.0999999999999,-0.0073650126538797878,0.0081099308578576716,0.0037123737309483484,0.45775652049504811,True
CSI500,000905.SH,2019-09-12,5230.29,5226.0299999999997,5223.3599999999997,5223.2600000000002,5200.3699999999999,5242.6099999999997,5217.29,-0.0053419149678475275,0.010869206823145258,0.0024917150474672578,0.22924534310648273,True
CSI1000,000852.SH,2019-09-16,5613.5699999999997,5620.1800000000003,5605.6800000000003,5623.25,5636.8400000000001,5627.2399999999998,5592.9200000000001,0.0047624950371962793,0.011682416150986011,0.0036921679552004427,0.31604489238202826,True
CSI300,000300.SH,2019-09-16,3981.3600000000001,3969.0700000000002,3957.3800000000001,3960.0300000000002,3967.77,3957.7199999999998,3972.3800000000001,0.010757995979746138,0.0082796011901614223,0.002260609508657252,0.27303362284448124,True
CSI500,000905.SH,2019-09-16,5263.3000000000002,5254.75,5236.2799999999997,5253.8100000000004,5266.8500000000004,5250.3400000000001,5242.6099999999997,0.0048530942309128466,0.010869193456814896,0.0039465075601656796,0.36309111396772975,True
CSI1000,000852.SH,2019-09-17,5614.1599999999999,5599.1999999999998,5571.5500000000002,5564.8100000000004,5550.5,5492.2200000000003,5627.2399999999998,0.0061363295022993647,0.01168252674401077,-0.002324407702532616,-0.19896446663169506,True
CSI300,000300.SH,2019-09-17,3947.1599999999999,3937.8000000000002,3928.5599999999999,3926.6900000000001,3930.1900000000001,3891.2199999999998,3957.7199999999998,-0.0036904827836209408,0.0084377061677638372,-0.00266820290470271,-0.31622372854088587,True
CSI500,000905.SH,2019-09-17,5237.5600000000004,5225.5600000000004,5202.4200000000001,5198.1999999999998,5184.0900000000001,5140.4499999999998,5250.3400000000001,0.0014744564253301728,0.010897139648982304,-0.0024341280755150185,-0.22337311936186341,True
CSI1000,000852.SH,2019-09-18,5501.8400000000001,5508.6499999999996,5490.8000000000002,5503.9499999999998,5486.6300000000001,5485.8800000000001,5492.2200000000003,-0.023994000611312072,0.011817269355388245,0.0017515685824676108,0.14822109319772417,True
CSI300,000300.SH,2019-09-18,3902.9899999999998,3907.6199999999999,3903.8099999999999,3912.8099999999999,3913.3699999999999,3910.0799999999999,3891.2199999999998,-0.016802603519197934,0.0084010512117968852,0.0030247583020235336,0.36004521645768822,True
CSI500,000905.SH,2019-09-18,5148.0600000000004,5150.5,5135.04,5146.7299999999996,5137.0600000000004,5141.04,5140.4499999999998,-0.020930073100027924,0.010469460223137246,0.0014804151387526332,0.1414031962680323,True
CSI1000,000852.SH,2019-09-19,5497.2399999999998,5493.25,5495.3900000000003,5471.4899999999998,5503.9300000000003,5550.4099999999999,5485.8800000000001,-0.001154360167655355,0.011854286788254103,0.0020707707787992469,0.17468539573811254,True
CSI300,000300.SH,2019-09-19,3923.96,3917.6799999999998,3910.5599999999999,3898.75,3914.21,3924.3800000000001,3910.0799999999999,0.0048468089699373884,0.0084189567164359106,0.0035497994925934861,0.4216436325968263,True
CSI500,000905.SH,2019-09-19,5150.5,5145.3500000000004,5145.7200000000003,5127.3400000000001,5156.4899999999998,5191.6700000000001,5141.04,0.00011477594374031952,0.010460475585740639,0.0018400946112071548,0.17590926876360274,True
CSI1000,000852.SH,2019-09-20,5560.04,5562.0200000000004,5569.1599999999999,5564.6400000000003,5572.2700000000004,5556.4799999999996,5550.4099999999999,0.011762925911612987,0.011998234287387532,0.0017350069634496368,0.14460519122163376,True
CSI300,000300.SH,2019-09-20,3933.46,3932.52,3932.96,3929.1500000000001,3930.7800000000002,3935.6500000000001,3924.3800000000001,0.0036572141746460396,0.008395537258378067,0.0023137412788771794,0.27559180641694525,True
CSI500,000905.SH,2019-09-20,5198.7299999999996,5197.7600000000002,5203.7299999999996,5203.8400000000001,5211.46,5204.4799999999996,5191.6700000000001,0.0098482019202341675,0.010578339855556024,0.0013598707159736545,0.12855237537669148,True
CSI1000,000852.SH,2019-09-23,5538.7299999999996,5494.3000000000002,5492.7600000000002,5497.6300000000001,5490.5699999999997,5501.21,5556.4799999999996,0.0010936129042717901,0.012008187957792571,-0.0031944684404514589,-0.26602418713628201,True
CSI300,000300.SH,2019-09-23,3925.1900000000001,3897.2199999999998,3892.8200000000002,3887.3200000000002,3885.4499999999998,3890.6599999999999,3935.6500000000001,0.0028717912128795042,0.0083939015981024014,-0.0026577566602721259,-0.31662947548407783,True
CSI500,000905.SH,2019-09-23,5192.8800000000001,5147.8800000000001,5145.1400000000003,5149.1400000000003,5149.2799999999997,5171.4799999999996,5204.4799999999996,0.0024674141461225041,0.01056858539553537,-0.0022288489916378884,-0.21089378646450177,True
CSI1000,000852.SH,2019-09-24,5504.5,5513.5299999999997,5511.6599999999999,5508.2799999999997,5529.3400000000001,5528.8900000000003,5501.21,-0.0099469448283804329,0.012318073639714827,0.00059805024712744626,0.048550630936258277,True
CSI300,000300.SH,2019-09-24,3895.8699999999999,3896.5300000000002,3890.5599999999999,3895.3400000000001,3904.9699999999998,3901.0799999999999,3890.6599999999999,-0.011431402690788128,0.0087956336731540123,0.0013391044193016288,0.15224649741710328,True
CSI500,000905.SH,2019-09-24,5168.1199999999999,5172.5699999999997,5173.7399999999998,5171.5200000000004,5190.29,5180.7399999999998,5171.4799999999996,-0.0063406910969011632,0.010762780291771454,-0.00064971729562901537,-0.060367049964380338,True
CSI1000,000852.SH,2019-09-25,5502.1599999999999,5489.6199999999999,5484.9799999999996,5466.3599999999997,5463.1800000000003,5421.6199999999999,5528.8900000000003,0.0050316203162577011,0.012161431472858916,-0.0048346051377402555,-0.39753586150855758,True
CSI300,000300.SH,2019-09-25,3887.5500000000002,3880.25,3879.23,3877.3800000000001,3881.23,3870.98,3901.0799999999999,0.0026782088386032576,0.0080247564595192951,-0.0034682703251406322,-0.43219633426088933,True
CSI500,000905.SH,2019-09-25,5162.1499999999996,5146.9099999999999,5138.1300000000001,5116.6700000000001,5119.2399999999998,5087.0100000000002,5180.7399999999998,0.0017905899278349846,0.010533157995014765,-0.0035882904758779421,-0.34066615895975766,True
CSI1000,000852.SH,2019-09-26,5428.6099999999997,5426.8699999999999,5388.6599999999999,5391.1099999999997,5308.5100000000002,5244.0799999999999,5421.6199999999999,-0.01940172439675969,0.012602949316012878,0.0012892825391672691,0.10230006539256258,True
CSI300,000300.SH,2019-09-26,3884.6999999999998,3883.7600000000002,3877.3200000000002,3888.0599999999999,3865.8499999999999,3841.1399999999999,3870.98,-0.0077158120315399259,0.0077904672607532173,0.0035443221096465027,0.45495629350784561,True
CSI500,000905.SH,2019-09-26,5099.5200000000004,5095.6700000000001,5070.21,5085.3599999999997,5044.7799999999997,4970.2399999999998,5087.0100000000002,-0.018092010021734217,0.011069597615406684,0.0024592049160510054,0.22215847418232076,True
CSI1000,000852.SH,2019-09-27,5241.5100000000002,5247.7399999999998,5272.6899999999996,5279.2200000000003,5294,5291.4399999999996,5244.0799999999999,-0.032746669814557317,0.014748471789657725,-0.00049007642903997617,-0.03322896338206642,True
CSI300,000300.SH,2019-09-27,3843.46,3840.4000000000001,3841.0300000000002,3837.4000000000001,3846.6599999999999,3852.6500000000001,3841.1399999999999,-0.007708642255966236,0.0079583828803105241,0.00060398735791977742,0.075893226928560487,True
CSI500,000905.SH,2019-09-27,4974.0299999999997,4980,5003,5001.3000000000002,5015.9700000000003,5005.6300000000001,4970.2399999999998,-0.022954545007774829,0.012347036786727578,0.00076253862992525789,0.061758836804061946,True
CSI1000,000852.SH,2019-09-30,5297.0200000000004,5300.1099999999997,5288.1999999999998,5262.6499999999996,5268.3999999999996,5232.3900000000003,5291.4399999999996,0.0090311360619974579,0.014886333198656196,0.0010545333595393114,0.070839027009989619,True
CSI300,000300.SH,2019-09-30,3842.0700000000002,3843,3853.4299999999998,3847.6399999999999,3846.3499999999999,3814.5300000000002,3852.6500000000001,0.002996506245541708,0.0079243072812235325,-0.0027461617328332633,-0.34654912226084816,True
CSI500,000905.SH,2019-09-30,5009.1400000000003,5008.2399999999998,4997.2799999999997,4969.5100000000002,4979.4700000000003,4940.8999999999996,5005.6300000000001,0.0071203805047643787,0.012435395464369026,0.00070121043704785002,0.056388270003717933,True
CSI1000,000852.SH,2019-10-08,5242.0200000000004,5253.21,5244.5500000000002,5275.3800000000001,5269.0900000000001,5237.1800000000003,5232.3900000000003,-0.011159533132757637,0.014710657619439163,0.0018404591400871251,0.12511059584821549,True
CSI300,000300.SH,2019-10-08,3818.5900000000001,3828.0300000000002,3828.9899999999998,3845.0799999999999,3844.8600000000001,3837.6799999999998,3814.5300000000002,-0.0098944882094142983,0.0082658655169622793,0.0010643513093355761,0.12876465352012251,True
CSI500,000905.SH,2019-10-08,4955.0799999999999,4965.6999999999998,4960.8199999999997,4988.6199999999999,4982.0799999999999,4941.7600000000002,4940.8999999999996,-0.012931439199461492,0.012600317205215938,0.0028699224837580584,0.22776589168485739,True
CSI1000,000852.SH,2019-10-09,5220.1999999999998,5205.0500000000002,5225.2200000000003,5240.5,5242.3800000000001,5285.1499999999996,5237.1800000000003,0.00091545163873485436,0.013447677630605849,-0.0032422028649006229,-0.24109760465417657,True
CSI300,000300.SH,2019-10-09,3822.6100000000001,3811.3699999999999,3814.96,3824.79,3842.4299999999998,3843.2399999999998,3837.6799999999998,0.0060688997071722817,0.0078516639368498634,-0.0039268516395321029,-0.50012986688113148,True
CSI500,000905.SH,2019-10-09,4926.21,4918.1700000000001,4934.4700000000003,4946.4799999999996,4950.4799999999996,4982.9499999999998,4941.7600000000002,0.00017405735797138,0.011229049592517032,-0.0031466522048825274,-0.28022426822118918,True
CSI1000,000852.SH,2019-10-10,5291.5500000000002,5290.21,5309.7799999999997,5317.1199999999999,5322.6999999999998,5366.9300000000003,5285.1499999999996,0.0091595095070247101,0.013507840189807017,0.0012109400868471898,0.089647202649092803,True
CSI300,000300.SH,2019-10-10,3838.4899999999998,3833.21,3839.3699999999999,3845.3499999999999,3849.6900000000001,3874.6399999999999,3843.2399999999998,0.0014487919784869074,0.0078524190353915155,-0.0012359363453752215,-0.15739561780958861,True
CSI500,000905.SH,2019-10-10,4988.1400000000003,4987.9399999999996,5002.4700000000003,5007.0500000000002,5011.9200000000001,5046.3599999999997,4982.9499999999998,0.0083350870944762789,0.011274668901371538,0.0010415516912674061,0.092379802935118008,True
CSI1000,000852.SH,2019-10-11,5371.3999999999996,5366.8199999999997,5364.2600000000002,5357.9899999999998,5344.3699999999999,5370.6499999999996,5366.9300000000003,0.015473543797243305,0.013885202503633596,0.00083287838671264325,0.059983164559154874,True
CSI300,000300.SH,2019-10-11,3885.52,3885.6100000000001,3880.1300000000001,3880.3800000000001,3879.0999999999999,3911.73,3874.6399999999999,0.0081701897357437936,0.0078391834542292441,0.0028080028080028629,0.35820093054308405,True
CSI500,000905.SH,2019-10-11,5057.8100000000004,5050.8500000000004,5039.1400000000003,5035.3500000000004,5026.7799999999997,5055.5200000000004,5046.3599999999997,0.012725393592149192,0.011437041315848752,0.0022689621826426087,0.19838716325160247,True
CSI1000,000852.SH,2019-10-14,5411.6499999999996,5410.4099999999999,5433.5799999999999,5433.71,5451.3500000000004,5455.6099999999997,5370.6499999999996,0.00069313369095547195,0.013703750821442347,0.0076340852596985531,0.55707998190929242,True
CSI300,000300.SH,2019-10-14,3944.8600000000001,3945.48,3950.48,3955.9499999999998,3972.4099999999999,3953.2399999999998,3911.73,0.0095725022195611853,0.0078025357532500728,0.0084693984503021458,1.0854674324016136,True
CSI500,000905.SH,2019-10-14,5095.2200000000003,5094,5123.5600000000004,5121.96,5137.1000000000004,5131.1300000000001,5055.5200000000004,0.0018151697461141758,0.011243563203174038,0.007852802481248089,0.69842649873051421,True
CSI1000,000852.SH,2019-10-15,5429.9399999999996,5403.1099999999997,5396.1400000000003,5391.0600000000004,5388.5900000000001,5375.5299999999997,5455.6099999999997,0.015819314235707038,0.014156826502144046,-0.0047052483590286354,-0.33236603968523787,True
CSI300,000300.SH,2019-10-15,3953.1599999999999,3941.3899999999999,3940.0799999999999,3943.0300000000002,3943.23,3936.25,3953.2399999999998,0.010611673096047047,0.0080611783563437692,-2.0236565450137967e-05,-0.002510373118616429,True
CSI500,000905.SH,2019-10-15,5115.25,5093.1499999999996,5086.6199999999999,5081.0299999999997,5084.9499999999998,5061,5131.1300000000001,0.014955929360382259,0.011757275091403703,-0.0030948348609370901,-0.26322722202867138,True
CSI1000,000852.SH,2019-10-16,5377.75,5385.9099999999999,5377.0299999999997,5382.96,5377.8699999999999,5353.0200000000004,5375.5299999999997,-0.014678468585547666,0.01327156818807956,0.00041298253381527594,0.031117839878652343,True
CSI300,000300.SH,2019-10-16,3939.2800000000002,3949,3960.2199999999998,3945.9499999999998,3935.6799999999998,3922.6900000000001,3936.25,-0.0042977405874674579,0.007984303822060463,0.00076976818037466366,0.096410181467269623,True
CSI500,000905.SH,2019-10-16,5064.3299999999999,5076.0799999999999,5067.25,5075.8400000000001,5066.9899999999998,5038.3599999999997,5061,-0.013667554710171115,0.010992267541908523,0.00065797273266143819,0.059857780039731294,True
CSI1000,000852.SH,2019-10-17,5354.4099999999999,5352.21,5363.8599999999997,5370.6099999999997,5357.1800000000003,5347.2700000000004,5353.0200000000004,-0.0041874940703520158,0.013242486453427712,0.00025966650600950381,0.019608591401827805,True
CSI300,000300.SH,2019-10-17,3929.3899999999999,3924.4200000000001,3922.4899999999998,3932.8099999999999,3929.1999999999998,3925.2199999999998,3922.6900000000001,-0.0034449031438551492,0.0079842859719190477,0.0017080115940846241,0.2139216456038458,True
CSI500,000905.SH,2019-10-17,5039.2700000000004,5034.4399999999996,5045.1199999999999,5047.4499999999998,5039.29,5029.8500000000004,5038.3599999999997,-0.0044734242244616196,0.011002244793408309,0.00018061432688432077,0.016416134186773491,True
CSI1000,000852.SH,2019-10-18,5350.6400000000003,5356.7200000000003,5352.25,5359.9499999999998,5368.04,5280.5299999999997,5347.2700000000004,-0.0010741600068746582,0.013161221761427411,0.0006302281351044936,0.047885230302216385,True
CSI300,000300.SH,2019-10-18,3935.4200000000001,3940.1399999999999,3929.3099999999999,3931.8299999999999,3930.6999999999998,3869.3800000000001,3925.2199999999998,0.00064496557209459127,0.0078174476417045852,0.002598580461732114,0.33240778586980041,True
CSI500,000905.SH,2019-10-18,5033.8199999999997,5035.5600000000004,5037.0100000000002,5043.5100000000002,5050.8000000000002,4961.8100000000004,5029.8500000000004,-0.0016890416722900037,0.010973305206601345,0.00078928795093280435,0.071928004923984323,True
CSI1000,000852.SH,2019-10-21,5273.6400000000003,5237.4700000000003,5224.9399999999996,5218.1800000000003,5227.5600000000004,5247.3000000000002,5280.5299999999997,-0.012481135233493146,0.013264597237960836,-0.0013047932688573516,-0.098366595340209306,True
CSI300,000300.SH,2019-10-21,3865.3400000000001,3861.8499999999999,3865.3400000000001,3872.23,3875.4000000000001,3880.8400000000001,3869.3800000000001,-0.014225954214031278,0.0079964479411194292,-0.0010440949195995586,-0.13056983891942839,True
CSI500,000905.SH,2019-10-21,4956.79,4923.7799999999997,4924.25,4926.8100000000004,4936.4399999999996,4951.04,4961.8100000000004,-0.013527242363092329,0.011157539050180253,-0.001011727575219612,-0.090676588329150168,True
CSI1000,000852.SH,2019-10-22,5252.1899999999996,5259.6099999999997,5271.9300000000003,5284.7399999999998,5277.2799999999997,5312.46,5247.3000000000002,-0.0062929289294824109,0.0131149222848719,0.00093190783831675894,0.071057061420159329,True
CSI300,000300.SH,2019-10-22,3896.3099999999999,3886.98,3877.8600000000001,3880.6100000000001,3878.79,3895.8800000000001,3880.8400000000001,0.0029617147966858326,0.0080292856462567657,0.0039862503993979281,0.49646389168584493,True
CSI500,000905.SH,2019-10-22,4954.1099999999997,4960.9899999999998,4971.6800000000003,4983.4200000000001,4980.3900000000003,5005.5500000000002,4951.04,-0.0021705788814969651,0.011115639263063868,0.00062007174250244823,0.055783723079506839,True
CSI1000,000852.SH,2019-10-23,5311.7700000000004,5307.4300000000003,5306.5799999999999,5303.4200000000001,5305.6199999999999,5269.7200000000003,5312.46,0.012417814876221955,0.01262479057098391,-0.00012988333088614912,-0.010287959246204485,True
CSI300,000300.SH,2019-10-23,3892.6799999999998,3895.8699999999999,3892.25,3887.0300000000002,3887.96,3871.0799999999999,3895.8800000000001,0.0038754496449222575,0.0071653552464920351,-0.00082138053533487021,-0.11463221390690936,True
CSI500,000905.SH,2019-10-23,5009.3599999999997,5001.9799999999996,4998.7600000000002,4995.5100000000002,4995.3800000000001,4967.1899999999996,5005.5500000000002,0.011009808040330915,0.010670078337973909,0.00076115511781904566,0.071335476058330224,True
CSI1000,000852.SH,2019-10-24,5262.9200000000001,5251.6499999999996,5253.2200000000003,5264.6000000000004,5259.8500000000004,5259.4499999999998,5269.7200000000003,-0.0080452370464906275,0.012706150463505404,-0.0012903911403262525,-0.10155641899822554,True
CSI300,000300.SH,2019-10-24,3877.9200000000001,3864.2800000000002,3873.46,3880.8800000000001,3881.02,3870.6700000000001,3871.0799999999999,-0.0063656991488444392,0.0072116087931319026,0.0017669487584859311,0.24501450496991942,True
CSI500,000905.SH,2019-10-24,4961.6899999999996,4950.0600000000004,4945.1099999999997,4956.1999999999998,4958.54,4958.25,4967.1899999999996,-0.0076634935221905343,0.010758167418690281,-0.0011072658786960288,-0.10292328010924646,True
CSI1000,000852.SH,2019-10-25,5254.3699999999999,5245.5799999999999,5246.71,5244.8800000000001,5238.5200000000004,5300.0900000000001,5259.4499999999998,-0.0019488701486987114,0.012291546394132409,-0.00096588046278600626,-0.0785808743517485,True
CSI300,000300.SH,2019-10-25,3871.77,3864.2600000000002,3857.1300000000001,3856.0500000000002,3853.0700000000002,3896.79,3870.6700000000001,-0.00010591359517242438,0.0071468861082158398,0.00028418852550071705,0.039763964501130455,True
CSI500,000905.SH,2019-10-25,4953.3299999999999,4943.25,4944.2299999999996,4941.6800000000003,4932.0500000000002,4994.5699999999997,4958.25,-0.0017998103555530998,0.010411893478338874,-0.00099228558463171357,-0.095303086484325422,True
CSI1000,000852.SH,2019-10-28,5343.5,5351.7700000000004,5356.9700000000003,5377.9700000000003,5381.8299999999999,5425.75,5300.0900000000001,0.0077270437022882721,0.012484901773182736,0.0081904269550139297,0.65602654340515254,True
CSI300,000300.SH,2019-10-28,3904.98,3920.04,3902.4899999999998,3907.3499999999999,3908.3400000000001,3926.5799999999999,3896.79,0.0067481857146178825,0.0072987843937566228,0.0021017298853671651,0.28795615433783522,True
CSI500,000905.SH,2019-10-28,5026.0600000000004,5043.1199999999999,5035.6599999999999,5053.8699999999999,5046.6000000000004,5084.4700000000003,4994.5699999999997,0.0073251651288255282,0.010582886109148445,0.006304847063911545,0.59575875606005801,True
CSI1000,000852.SH,2019-10-29,5434.3100000000004,5419.1899999999996,5423.1999999999998,5417.5600000000004,5408.3800000000001,5366.75,5425.75,0.023709031356071275,0.013614838121951581,0.0015776620743677139,0.11587813679723488,True
CSI300,000300.SH,2019-10-29,3929.71,3921.6799999999998,3925.3699999999999,3922.0700000000002,3922.8400000000001,3910.23,3926.5799999999999,0.0076447537588630876,0.0070326322229027557,0.00079713134585324141,0.11334750923804476,True
CSI500,000905.SH,2019-10-29,5080.9300000000003,5065.8400000000001,5058.6499999999996,5051,5039.5,5007.71,5084.4700000000003,0.017999547508594338,0.011423917230257589,-0.0006962377592945046,-0.060945623577387004,True
CSI1000,000852.SH,2019-10-30,5349.0799999999999,5337.46,5321.5699999999997,5337.4200000000001,5347.8000000000002,5313.4200000000001,5366.75,-0.010874072708842109,0.013732487340348353,-0.0032924954581450283,-0.23975958444695769,True
CSI300,000300.SH,2019-10-30,3904.7199999999998,3903.7199999999998,3889.2800000000002,3890.4699999999998,3904.9499999999998,3891.23,3910.23,-0.0041639289152392012,0.0070864455753880664,-0.0014091242714623364,-0.19884782243391042,True
CSI500,000905.SH,2019-10-30,4975.6700000000001,4966.6800000000003,4959.54,4970.6000000000004,4980.3000000000002,4947.8999999999996,5007.71,-0.01509695209136841,0.011839986332850983,-0.0063981340772528705,-0.54038356948949673,True
CSI1000,000852.SH,2019-10-31,5310.6599999999999,5317.21,5326.5,5318.8599999999997,5304.75,5253.8800000000001,5313.4200000000001,-0.0099371127777518886,0.013233393821530385,-0.00051943945707288997,-0.039252172502247731,True
CSI300,000300.SH,2019-10-31,3906.8600000000001,3896.9699999999998,3904.6700000000001,3901.5999999999999,3896.4099999999999,3886.75,3891.23,-0.004859049211938915,0.0069471663737668875,0.0040167247888200919,0.57818174673167444,True
CSI500,000905.SH,2019-10-31,4950.0299999999997,4962.5600000000004,4964.3299999999999,4960.4799999999996,4953.0200000000004,4917.4200000000001,4947.8999999999996,-0.01194358299502174,0.011463915304430576,0.00043048566058323523,0.037551364359509967,True
CSI1000,000852.SH,2019-11-01,5234.75,5228.3800000000001,5243.1300000000001,5265.6000000000004,5268.5699999999997,5303.9899999999998,5253.8800000000001,-0.011205588867433725,0.011232375052945318,-0.0036411185638043353,-0.32416283703503762,True
CSI300,000300.SH,2019-11-01,3883.8099999999999,3878.3200000000002,3887.5900000000001,3900.1399999999999,3911.0799999999999,3952.3899999999999,3886.75,-0.0011513069132382814,0.0067004669792779456,-0.0007564160288158206,-0.11289004649304807,True
CSI500,000905.SH,2019-11-01,4908.6499999999996,4897.4700000000003,4908.6599999999999,4930.21,4932.9499999999998,4962.3500000000004,4917.4200000000001,-0.0061601891711634549,0.010357740666949005,-0.0017834555518951856,-0.17218576997067483,True
CSI1000,000852.SH,2019-11-04,5316.6000000000004,5319.4700000000003,5335.6800000000003,5350.6000000000004,5348.9700000000003,5337.0799999999999,5303.9899999999998,0.0095377130806184596,0.011253998999544264,0.0023774554627744582,0.21125428062244667,True
CSI300,000300.SH,2019-11-04,3964.0100000000002,3972.25,3974.4200000000001,3975.1799999999998,3969.9299999999998,3978.1199999999999,3952.3899999999999,0.016888145622949713,0.0076178961566298574,0.0029399932698950249,0.38593244242852376,True
CSI500,000905.SH,2019-11-04,4974.3599999999997,4983.4899999999998,4991.3699999999999,5003.6199999999999,5003.79,4987.8400000000001,4962.3500000000004,0.0091369051250453914,0.010445098226940586,0.0024202242888953229,0.23170909802005921,True
CSI1000,000852.SH,2019-11-05,5341.1700000000001,5334.8400000000001,5335.1800000000003,5328.5100000000002,5337.3599999999997,5352.0600000000004,5337.0799999999999,0.0062386995450594007,0.011001055053149808,0.00076633664850445093,0.069660286654509046,True
CSI300,000300.SH,2019-11-05,3982.1199999999999,3974.0799999999999,3976.8200000000002,3977.8800000000001,3993.9099999999999,4002.8099999999999,3978.1199999999999,0.00650998509762446,0.0072212382950787449,0.0010055000854674034,0.13924205854730609,True
CSI500,000905.SH,2019-11-05,4995.46,4988.8199999999997,4992.6800000000003,4987.7799999999997,5002.4399999999996,5025.3000000000002,4987.8400000000001,0.005136679194333249,0.01007748219108039,0.0015277154038622065,0.15159693412451694,True
CSI1000,000852.SH,2019-11-06,5348.4499999999998,5344.6899999999996,5355.6099999999997,5342.6599999999999,5337.2299999999996,5304.8400000000001,5352.0600000000004,0.0028067782382876771,0.011007979735293837,-0.00067450663856549742,-0.061274335053769315,True
CSI300,000300.SH,2019-11-06,4006.3299999999999,3999.0700000000002,4001.2399999999998,3995.71,3997.7600000000002,3984.8800000000001,4002.8099999999999,0.0062064492775482094,0.0072252549835300217,0.00087938223398054127,0.12170950865887699,True
CSI500,000905.SH,2019-11-06,5022.1099999999997,5015.8599999999997,5026.3400000000001,5020.0500000000002,5010.5799999999999,4974.7299999999996,5025.3000000000002,0.0075102649643934427,0.010196992291089512,-0.00063478797285743127,-0.062252471585384168,True
CSI1000,000852.SH,2019-11-07,5300.6700000000001,5298.5100000000002,5308.7200000000003,5322.5100000000002,5340.1599999999999,5340.1700000000001,5304.8400000000001,-0.0088227710451677099,0.011053021295316165,-0.00078607460356960868,-0.071118527918037772,True
CSI300,000300.SH,2019-11-07,3984.5500000000002,3983.3200000000002,3981.02,3983.3400000000001,4000.6199999999999,3991.8800000000001,3984.8800000000001,-0.0044793532543387915,0.0073748674862890032,-8.2813033265738412e-05,-0.011229087630347311,True
CSI500,000905.SH,2019-11-07,4970.5299999999997,4966.3400000000001,4981.8000000000002,4995.6999999999998,5013.5699999999997,5007.0699999999997,4974.7299999999996,-0.01006308081109597,0.010318948555819196,-0.0008442669250391388,-0.081817146434268129,True
CSI1000,000852.SH,2019-11-08,5361.2700000000004,5360.1199999999999,5362.4799999999996,5357.6300000000001,5357.4300000000003,5321.7799999999997,5340.1700000000001,0.0066599558139359694,0.010579408082311746,0.0039511850746325461,0.37347884152788613,True
CSI300,000300.SH,2019-11-08,4017.6700000000001,4010.0300000000002,4007.0500000000002,4000.29,4006.3299999999999,3973.0100000000002,3991.8800000000001,0.0017566400995763232,0.0072228632938889405,0.0064606150485484459,0.89446730274053354,True
CSI500,000905.SH,2019-11-08,5036.6599999999999,5035.9499999999998,5032.8000000000002,5026.8999999999996,5029.04,4988.29,5007.0699999999997,0.0065008553228014243,0.010002955077491282,0.0059096437637180532,0.59078979340974691,True
CSI1000,000852.SH,2019-11-11,5289.6300000000001,5249.5100000000002,5255.96,5245.4799999999996,5239.21,5183.5699999999997,5321.7799999999997,-0.0034437105934830292,0.010601507912328403,-0.0060412117750074934,-0.56984457541009048,True
CSI300,000300.SH,2019-11-11,3948.6199999999999,3928.9400000000001,3937.6300000000001,3935.6500000000001,3933.4499999999998,3902.98,3973.0100000000002,-0.0047270960048898525,0.0070899479762770523,-0.0061389223787506886,-0.86586282428185746,True
CSI500,000905.SH,2019-11-11,4961.1899999999996,4926.0600000000004,4937.4700000000003,4929.9899999999998,4923.7799999999997,4876.1599999999999,4988.29,-0.003750696515127605,0.010017159687497884,-0.0054327234382925971,-0.54234170241620638,True
CSI1000,000852.SH,2019-11-12,5183.4799999999996,5187.1499999999996,5169.4099999999999,5150.3500000000004,5151.5600000000004,5196.7200000000003,5183.5699999999997,-0.025970633885654792,0.011329059858342306,-1.7362551291921768e-05,-0.0015325677072079921,True
CSI300,000300.SH,2019-11-12,3905.96,3902.3899999999999,3902.1999999999998,3901,3896.2399999999998,3903.6900000000001,3902.98,-0.017626434365883847,0.007808737331428655,0.00076351915715688889,0.09777754389097866,True
CSI500,000905.SH,2019-11-12,4878.9700000000003,4878.25,4862.8400000000001,4850.5100000000002,4845.29,4881.6099999999997,4876.1599999999999,-0.022478644986558494,0.010441656314639124,0.00057627313295727234,0.055189820043142171,True
CSI1000,000852.SH,2019-11-13,5188.8800000000001,5180.1099999999997,5173.8599999999997,5174.8500000000004,5168.1499999999996,5181.4899999999998,5196.7200000000003,0.0025368616609788841,0.011003847875636191,-0.0015086439138534136,-0.13710148767084721,True
CSI300,000300.SH,2019-11-13,3905.2800000000002,3890.3600000000001,3886.6399999999999,3887.3400000000001,3891.0900000000001,3899.98,3903.6900000000001,0.00018191228240982404,0.0077615126485436484,0.00040730693267132523,0.052477777350237433,True
CSI500,000905.SH,2019-11-13,4878.9700000000003,4871.1099999999997,4864.4700000000003,4866.7299999999996,4858.9200000000001,4875.54,4881.6099999999997,0.0011176827667671585,0.010127552911889662,-0.0005408051851744089,-0.053399393701464459,True
CSI1000,000852.SH,2019-11-14,5180.3100000000004,5187.8000000000002,5197.0600000000004,5179.3599999999997,5192.54,5216.6400000000003,5181.4899999999998,-0.0029306947459167842,0.010992071324392364,-0.00022773372138118475,-0.020717998879412634,True
CSI300,000300.SH,2019-11-14,3905.9299999999998,3907.3600000000001,3910.8899999999999,3896.02,3905.8499999999999,3905.8600000000001,3899.98,-0.0009503828428999439,0.0077297574490706299,0.0015256488494812537,0.19737344406126051,True
CSI500,000905.SH,2019-11-14,4875.25,4882.3800000000001,4886.4399999999996,4874.4099999999999,4883.8800000000001,4912.1099999999997,4875.54,-0.0012434422250036103,0.01010763895217697,-5.9480590867910799e-05,-0.0058847166137745701,True
CSI1000,000852.SH,2019-11-15,5208.3699999999999,5201.0600000000004,5184.5100000000002,5180.0699999999997,5180.5900000000001,5152.5600000000004,5216.6400000000003,0.0067837629716549497,0.011150014567363413,-0.0015853116182064086,-0.14218022843187003,True
CSI300,000300.SH,2019-11-15,3908.4899999999998,3903.1500000000001,3893.4200000000001,3887.9000000000001,3886.3699999999999,3877.0900000000001,3905.8600000000001,0.001507700039487414,0.0077374877751282206,0.0006733472269870866,0.087024011740804111,True
CSI500,000905.SH,2019-11-15,4910.21,4911.4399999999996,4890.6800000000003,4889.0799999999999,4888.9200000000001,4868.4399999999996,4912.1099999999997,0.0075007076139257389,0.010309876022211539,-0.0003867991555562833,-0.037517343052716187,True
CSI1000,000852.SH,2019-11-18,5147.0299999999997,5140.8000000000002,5154.9799999999996,5169.1499999999996,5147.3900000000003,5189.3500000000004,5152.5600000000004,-0.012283768862716204,0.01113956549493033,-0.0010732529072927655,-0.096346029634747241,True
CSI300,000300.SH,2019-11-18,3874.4400000000001,3869.9299999999998,3883.48,3890.8600000000001,3881.5900000000001,3907.9299999999998,3877.0900000000001,-0.0073658554070038518,0.0072185118793440129,-0.00068350231745972767,-0.094687427115772979,True
CSI500,000905.SH,2019-11-18,4862.2799999999997,4857.3000000000002,4866.3100000000004,4878.8999999999996,4862.5600000000004,4892.46,4868.4399999999996,-0.0088902732227087444,0.01006573223678334,-0.0012652923729161714,-0.12570296359487851,True
CSI1000,000852.SH,2019-11-19,5192.6800000000003,5193.2299999999996,5216.8599999999997,5226.5100000000002,5255.3500000000004,5286.1499999999996,5189.3500000000004,0.0071401400468893428,0.011218913726059163,0.00064169886401965748,0.057197949791620802,True
CSI300,000300.SH,2019-11-19,3904.0999999999999,3909.5300000000002,3917.3400000000001,3920.9899999999998,3938.9899999999998,3947.04,3907.9299999999998,0.007954419422814496,0.0074057051100623649,-0.00098005849644178245,-0.13233830970533056,True
CSI500,000905.SH,2019-11-19,4892.3400000000001,4896.2799999999997,4914.0200000000004,4922.6099999999997,4948.0200000000004,4975.1099999999997,4892.46,0.0049338186359491054,0.010143632230199488,-2.4527538293628304e-05,-0.0024180232225499304,True
CSI1000,000852.SH,2019-11-20,5281.8500000000004,5280.25,5289.6800000000003,5290.8500000000004,5299.3500000000004,5259.4700000000003,5286.1499999999996,0.018653588599728099,0.011674089162689808,-0.00081344645914305236,-0.069679651046594154,True
CSI300,000300.SH,2019-11-20,3940.1300000000001,3941.4299999999998,3937.1999999999998,3932.3800000000001,3935.25,3907.8600000000001,3947.04,0.010007855821368317,0.007680174233687726,-0.0017506789898252828,-0.22794782208797282,True
CSI500,000905.SH,2019-11-20,4975.7600000000002,4974.7799999999997,4974.71,4978.4799999999996,4986.6199999999999,4946.2799999999997,4975.1099999999997,0.016893341999730138,0.010572642518522204,0.00013065037757975517,0.012357400465481443,True
CSI1000,000852.SH,2019-11-21,5238.6000000000004,5236.6199999999999,5240.5299999999997,5246.8199999999997,5261.4399999999996,5250.6700000000001,5259.4700000000003,-0.0050471515185909199,0.011586746590661764,-0.0039680804339600195,-0.34246718031773116,True
CSI300,000300.SH,2019-11-21,3894.54,3889.9000000000001,3882.1599999999999,3881.1399999999999,3895.6700000000001,3889.5999999999999,3907.8600000000001,-0.0099264258786330162,0.0078905033866514887,-0.003408515146397284,-0.43197689416920249,True
CSI500,000905.SH,2019-11-21,4929.8500000000004,4928.0500000000002,4930.3999999999996,4935.5699999999997,4950.96,4945.7200000000003,4946.2799999999997,-0.005794846747107063,0.010511777983382164,-0.0033216882182164342,-0.31599680125166429,True
CSI1000,000852.SH,2019-11-22,5255.4300000000003,5261.6000000000004,5283,5291.0900000000001,5271.79,5181.1099999999997,5250.6700000000001,-0.001673172391895017,0.011584511753814898,0.00090655097349490177,0.078255432145974149,True
CSI300,000300.SH,2019-11-22,3894.1700000000001,3893.1500000000001,3904.3699999999999,3913.6799999999998,3898.9699999999998,3849.9899999999998,3889.5999999999999,-0.0046726341271182692,0.0079746640478773993,0.0011749280131634343,0.14733260311776553,True
CSI500,000905.SH,2019-11-22,4954.3100000000004,4960.0799999999999,4989.7700000000004,5008.9799999999996,4988.3500000000004,4904.0799999999999,4945.7200000000003,-0.00011321639696892927,0.010504679133602752,0.0017368553011491983,0.16534110933415205,True
CSI1000,000852.SH,2019-11-25,5179.1499999999996,5158.7200000000003,5116.8900000000003,5137.5600000000004,5167.6000000000004,5151.3699999999999,5181.1099999999997,-0.01324783313367639,0.01179381912604141,-0.0003782973146680968,-0.032075895909985191,True
CSI300,000300.SH,2019-11-25,3850.9699999999998,3848.3099999999999,3843.9899999999998,3858.79,3874.6199999999999,3878.21,3849.9899999999998,-0.010183566433566438,0.0081480625152353919,0.00025454611570419061,0.031240078881112628,True
CSI500,000905.SH,2019-11-25,4905,4889.5299999999997,4860.5200000000004,4885.6899999999996,4913.2200000000003,4901.5,4904.0799999999999,-0.008419401017445427,0.010510949087141112,0.00018759889724484502,0.017847950331559479,True
CSI1000,000852.SH,2019-11-26,5154.9200000000001,5156.5799999999999,5166.1599999999999,5152.5500000000002,5144.9799999999996,5147.7299999999996,5151.3699999999999,-0.0057400827235861707,0.010278553021801303,0.00068913706450901557,0.06704611661265189,True
CSI300,000300.SH,2019-11-26,3893.4299999999998,3892.1300000000001,3895.8600000000001,3886.1799999999998,3878.8000000000002,3891.6500000000001,3878.21,0.0073298891685433798,0.008131637784471131,0.003924490937829539,0.48261998896754621,True
CSI500,000905.SH,2019-11-26,4906.4300000000003,4907.8000000000002,4916.9099999999999,4905.2299999999996,4895.9700000000003,4882.1599999999999,4901.5,-0.00052609255966462598,0.0095320636965143014,0.0010058145465674517,0.1055190752591445,True
CSI1000,000852.SH,2019-11-27,5138.0600000000004,5124.6099999999997,5131.9700000000003,5129.75,5152.5699999999997,5145.9700000000003,5147.7299999999996,-0.00070660814501777303,0.010094499534673866,-0.0018784979010163516,-0.18609123657531004,True
CSI300,000300.SH,2019-11-27,3883.4299999999998,3869.75,3866.9000000000001,3867.8699999999999,3878.71,3875.6199999999999,3891.6500000000001,0.0034655163077812468,0.0081340180720333496,-0.0021122146133388808,-0.25967665606757956,True
CSI500,000905.SH,2019-11-27,4881.3999999999996,4876.5299999999997,4882.6099999999997,4883.2799999999997,4915.7799999999997,4904.2600000000002,4882.1599999999999,-0.0039457308987045359,0.009025238497515263,-0.00015566880233341962,-0.017248164951682635,True
CSI1000,000852.SH,2019-11-28,5142.3800000000001,5138.1099999999997,5161.3400000000001,5152.8699999999999,5150.5200000000004,5131.1300000000001,5145.9700000000003,-0.00034189827360786573,0.0099256522602112589,-0.00069763329362593218,-0.070285889061670964,True
CSI300,000300.SH,2019-11-28,3877.9000000000001,3872.1100000000001,3884.79,3878.0999999999999,3875.6599999999999,3862.3000000000002,3875.6199999999999,-0.0041190754564259802,0.0081133991518534832,0.00058829296989904023,0.072508816451443331,True
CSI500,000905.SH,2019-11-28,4897.6499999999996,4894.6499999999996,4912.4499999999998,4904.2200000000003,4900.8699999999999,4889.2600000000002,4904.2600000000002,0.0045266849099578899,0.0087432289604485285,-0.0013478078242182834,-0.15415446974056377,True
CSI1000,000852.SH,2019-11-29,5130.2799999999997,5127.3400000000001,5118.7600000000002,5127.8199999999997,5115.54,5126.6099999999997,5131.1300000000001,-0.0028838100494172902,0.0096708620484215486,-0.00016565551837521841,-0.017129343542053341,True
CSI300,000300.SH,2019-11-29,3857.1900000000001,3856.8099999999999,3842.5,3851.1199999999999,3838.3899999999999,3828.6700000000001,3862.3000000000002,-0.003436869455725744,0.0081439916886619501,-0.0013230458535070655,-0.16245668022341028,True
CSI500,000905.SH,2019-11-29,4888.3500000000004,4885.6899999999996,4888.8500000000004,4897.2299999999996,4886.6199999999999,4894.9399999999996,4889.2600000000002,-0.0030585654104798854,0.0086629401157660418,-0.00018612223526670579,-0.021484880742506145,True
CSI1000,000852.SH,2019-12-02,5131.8900000000003,5130.5900000000001,5139.7700000000004,5141.6700000000001,5156.3100000000004,5137.7799999999997,5126.6099999999997,-0.0008808975800652652,0.0093405741632357608,0.0010299203567269988,0.11026306720851664,True
CSI300,000300.SH,2019-12-02,3835.5100000000002,3845.3899999999999,3848.8200000000002,3846.8299999999999,3854.3200000000002,3836.0599999999999,3828.6700000000001,-0.0087072469771898309,0.0072673813741198547,0.0017865211679251036,0.24582735870820696,True
CSI500,000905.SH,2019-12-02,4897.6300000000001,4901.8100000000004,4917.3800000000001,4912.9399999999996,4924.5799999999999,4905.4200000000001,4894.9399999999996,0.0011617299959501004,0.0083872125327505934,0.00054954708331478308,0.065522017138459065,True
CSI1000,000852.SH,2019-12-03,5119.75,5107.6099999999997,5110.8900000000003,5107.6199999999999,5113.2299999999996,5171.3599999999997,5137.7799999999997,0.00217882772436373,0.0092030377868249028,-0.0035092977900960109,-0.38131950247123103,True
CSI300,000300.SH,2019-12-03,3829.21,3821.0799999999999,3820.8800000000001,3822.46,3826.79,3851.0900000000001,3836.0599999999999,0.00193017418581376,0.0070690413955681909,-0.0017856863552707658,-0.25260657780137913,True
CSI500,000905.SH,2019-12-03,4889.4099999999999,4885.0699999999997,4885.1199999999999,4878.46,4881.3599999999997,4926.4499999999998,4905.4200000000001,0.0021409864063708373,0.0083047732657724055,-0.003263736846182419,-0.39299529821406476,True
CSI1000,000852.SH,2019-12-04,5148.4099999999999,5154.25,5172.4799999999996,5171.3999999999996,5185.9899999999998,5179.6899999999996,5171.3599999999997,0.0065358968270341489,0.0093393452536174228,-0.0044379041490052451,-0.47518364815630998,True
CSI300,000300.SH,2019-12-04,3841.6599999999999,3839.8600000000001,3842.3800000000001,3839.21,3850.8499999999999,3849.8200000000002,3851.0900000000001,0.0039180826160174487,0.0069502756811493302,-0.0024486573931017386,-0.35231082987730022,True
CSI500,000905.SH,2019-12-04,4902.4899999999998,4915.1199999999999,4924.3199999999997,4919.7399999999998,4933.5799999999999,4920.6700000000001,4926.4499999999998,0.0042870946830240175,0.0081651221640778923,-0.0048635427133127962,-0.59564849313703416,True
CSI1000,000852.SH,2019-12-05,5190.0799999999999,5194.96,5209.8400000000001,5220.7700000000004,5220.1099999999997,5238.1300000000001,5179.6899999999996,0.0016107948392685145,0.0092095207689653243,0.0020059115506914083,0.21780846159237985,True
CSI300,000300.SH,2019-12-05,3863.6100000000001,3866.52,3872.1799999999998,3879.8499999999999,3875.6100000000001,3879.3600000000001,3849.8200000000002,-0.00032977676450041127,0.006931359450065175,0.0035819856512770976,0.51677967029157845,True
CSI500,000905.SH,2019-12-05,4927.7799999999997,4930.9300000000003,4942.3500000000004,4952.3599999999997,4953.2799999999997,4967.6000000000004,4920.6700000000001,-0.0011732586345136742,0.0078805619572198064,0.0014449251829526943,0.18335306426071821,True
CSI1000,000852.SH,2019-12-06,5241.0900000000001,5236.7200000000003,5245.04,5247.8199999999997,5244,5275.5100000000002,5238.1300000000001,0.011282528491087351,0.0094702232571337568,0.00056508715896708139,0.059669887776025866,True
CSI300,000300.SH,2019-12-06,3885.0599999999999,3883.8499999999999,3891.71,3894.1300000000001,3890.9200000000001,3902.3899999999999,3879.3600000000001,0.007673086014410968,0.007207391155263693,0.0014693145261073237,0.20386218736501566,True
CSI500,000905.SH,2019-12-06,4968.04,4964.04,4970.3100000000004,4973.8100000000004,4972.1199999999999,5010.5100000000002,4967.6000000000004,0.0095373191049186179,0.0080502934246106835,8.8573959255988655e-05,0.011002575258338754,True
CSI1000,000852.SH,2019-12-09,5286.1999999999998,5288.0600000000004,5285.2299999999996,5286.96,5300.2299999999996,5294.2799999999997,5275.5100000000002,0.0071361344601985621,0.0096162758129568846,0.0020263443723924635,0.21072028421462133,True
CSI300,000300.SH,2019-12-09,3909.5300000000002,3908.4400000000001,3896.8600000000001,3896.4099999999999,3907.6199999999999,3895.4499999999998,3902.3899999999999,0.0059365462344302955,0.007341786522180007,0.0018296479849528868,0.24921018602562239,True
CSI500,000905.SH,2019-12-09,5020.2200000000003,5024.6800000000003,5020.6899999999996,5018.7799999999997,5037.1800000000003,5024.6000000000004,5010.5100000000002,0.0086379740719864095,0.0082501912721443874,0.0019379264785421846,0.23489473329973831,True
CSI1000,000852.SH,2019-12-10,5286.04,5280.1999999999998,5283.9399999999996,5280.6700000000001,5287.3299999999999,5326.3599999999997,5294.2799999999997,0.0035579498475029059,0.0075210051413136282,-0.0015563967149451186,-0.2069399881666982,True
CSI300,000300.SH,2019-12-10,3886.4400000000001,3885.6399999999999,3888.8899999999999,3888.1900000000001,3892.77,3900.3800000000001,3895.4499999999998,-0.0017783973411166221,0.0062054499592346943,-0.0023129548575901993,-0.37272959620730733,True
CSI500,000905.SH,2019-12-10,5012.4700000000003,5006.0900000000001,5009.4200000000001,5005.4799999999996,5009.1800000000003,5049.0500000000002,5024.6000000000004,0.0028120889889453604,0.0062870041440377875,-0.0024141225172152891,-0.38398615014508874,True
CSI1000,000852.SH,2019-12-11,5323.8599999999997,5323.7700000000004,5321.9700000000003,5325.1000000000004,5321.8400000000001,5304.8800000000001,5326.3599999999997,0.0060593697348836351,0.0075976718806692704,-0.0004693636930286349,-0.061777304995604673,True
CSI300,000300.SH,2019-12-11,3907.1599999999999,3904.5700000000002,3901.4099999999999,3898.2199999999998,3903.23,3902.75,3900.3800000000001,0.0012655790730211613,0.006212568142077048,0.0017382921664041984,0.2798025110792644,True
CSI500,000905.SH,2019-12-11,5044.9399999999996,5047.54,5038.3299999999999,5043.9499999999998,5038.1400000000003,5027.2799999999997,5049.0500000000002,0.0048660589897702167,0.0063301264149370649,-0.00081401451758267296,-0.12859372218252391,True
CSI1000,000852.SH,2019-12-12,5302.7200000000003,5299.1400000000003,5299.0600000000004,5310,5312.2600000000002,5304.4200000000001,5304.8800000000001,-0.0040327728505019644,0.0076335784335371517,-0.00040717226402853246,-0.053339631939808611,True
CSI300,000300.SH,2019-12-12,3908.4499999999998,3898.3400000000001,3897.79,3899.79,3898.27,3891.02,3902.75,0.00060763310241562785,0.0062101092256092163,0.0014605086157195579,0.23518243603457409,True
CSI500,000905.SH,2019-12-12,5025.4899999999998,5026.1099999999997,5018.5299999999997,5027.3299999999999,5024,5012,5027.2799999999997,-0.0043117022014043105,0.0064415849210658306,-0.00035605735109245362,-0.055274805107054313,True
CSI1000,000852.SH,2019-12-13,5334.5799999999999,5330.8299999999999,5341.3599999999997,5335.96,5348.9300000000003,5375.9799999999996,5304.4200000000001,-8.6712611783834603e-05,0.007523105858624978,0.0056858242748500931,0.75578150589646353,True
CSI300,000300.SH,2019-12-13,3928,3928.2399999999998,3941.0999999999999,3940.48,3945.7199999999998,3968.2199999999998,3891.02,-0.0030055729934020947,0.0062364438990217931,0.0095039347009266972,1.5239349306769874,True
CSI500,000905.SH,2019-12-13,5047.8999999999996,5046.3599999999997,5046.4399999999996,5038.3599999999997,5050.4899999999998,5073.6899999999996,5012,-0.0030394169411689376,0.0063600382280745065,0.007162809257781344,1.1262211013391779,True
CSI1000,000852.SH,2019-12-16,5391.4700000000003,5389.6800000000003,5395.4499999999998,5412.1400000000003,5419.4099999999999,5476.9899999999998,5375.9799999999996,0.013490636111016752,0.0073585787914120767,0.0028813351240146723,0.39156136064988134,True
CSI300,000300.SH,2019-12-16,3970.71,3962.8299999999999,3965.5500000000002,3965.3400000000001,3962.04,3987.5500000000002,3968.2199999999998,0.019840555946769589,0.0074364099721220727,0.00062748537127488291,0.084380147628657712,True
CSI500,000905.SH,2019-12-16,5095.3500000000004,5091.1899999999996,5094.0100000000002,5109.3999999999996,5109.7399999999998,5166.04,5073.6899999999996,0.01230845969672778,0.0063868038671797854,0.0042690822655702121,0.66842232114062183,True
CSI1000,000852.SH,2019-12-17,5479.8999999999996,5483.0200000000004,5494.0799999999999,5511.5299999999997,5504.7299999999996,5545.6199999999999,5476.9899999999998,0.018789132400046205,0.0081885462144790418,0.00053131373254289294,0.064884989182013825,True
CSI300,000300.SH,2019-12-17,3987.7399999999998,3990.2600000000002,3984.7800000000002,3993.1799999999998,3996.9499999999998,4041.8000000000002,3987.5500000000002,0.0048712016974865602,0.0073198105980020606,4.7648305350200815e-05,0.0065094997626313445,True
CSI500,000905.SH,2019-12-17,5167.2299999999996,5169.7799999999997,5171.7299999999996,5185.8999999999996,5181.6099999999997,5236.0600000000004,5166.04,0.018201742715853841,0.0073191702044093929,0.00023035051993391953,0.031472217956503616,True
CSI1000,000852.SH,2019-12-18,5546.2799999999997,5550.6400000000003,5552.6300000000001,5568.29,5551.8199999999997,5543.79,5545.6199999999999,0.01253060531423289,0.0076593360727108296,0.00011901284256765621,0.015538271390347101,True
CSI300,000300.SH,2019-12-18,4039.7199999999998,4047.9099999999999,4043.0500000000002,4051.9899999999998,4047.75,4032.7800000000002,4041.8000000000002,0.013604845080312566,0.0075910601854135076,-0.00051462219803066755,-0.067793191657145924,True
CSI500,000905.SH,2019-12-18,5235.4799999999996,5243.2200000000003,5242.1700000000001,5258.0799999999999,5241.8199999999997,5235.1300000000001,5236.0600000000004,0.013553902021664621,0.0070111357229527523,-0.00011077031202866294,-0.015799196650269926,True
CSI1000,000852.SH,2019-12-19,5544.6599999999999,5544.71,5549.0500000000002,5541.79,5545.46,5568.1099999999997,5543.79,-0.00032999015439205692,0.0074877897134154455,0.0001569323513337384,0.020958434643613411,True
CSI300,000300.SH,2019-12-19,4034.6199999999999,4031.4299999999998,4035.6599999999999,4030.6900000000001,4027.0599999999999,4027.1500000000001,4032.7800000000002,-0.0022316789549210458,0.0071806030065180836,0.00045626094158368602,0.063540755723373379,True
CSI500,000905.SH,2019-12-19,5236.9200000000001,5229.8500000000004,5229.3400000000001,5223.8400000000001,5226.0799999999999,5241.7399999999998,5235.1300000000001,-0.00017761446583886009,0.0067661077579432623,0.00034192083100137438,0.05053434607215157,True
CSI1000,000852.SH,2019-12-20,5571.6300000000001,5568.3800000000001,5565.5500000000002,5555.4799999999996,5537.8999999999996,5501.1599999999999,5568.1099999999997,0.0043868905568211769,0.0074254657955377182,0.00063217141902738305,0.085135591009964928,True
CSI300,000300.SH,2019-12-20,4032.1500000000001,4032.73,4038.0700000000002,4038.0100000000002,4025.0799999999999,4017.25,4027.1500000000001,-0.0013960592940850391,0.0070664547785844389,0.0012415728244539181,0.17569953581485051,True
CSI500,000905.SH,2019-12-20,5244.21,5245.1000000000004,5243.4799999999996,5230.1700000000001,5218.1000000000004,5184.6800000000003,5241.7399999999998,0.0012626238507924548,0.0067411990126208529,0.00047121757279078302,0.069901151398819542,True
CSI1000,000852.SH,2019-12-23,5478.5699999999997,5445.1099999999997,5468.21,5479.5500000000002,5463.4300000000003,5377.0900000000001,5501.1599999999999,-0.012023828552237603,0.0072885866734690077,-0.0041064066487795925,-0.56340232101886301,True
CSI300,000300.SH,2019-12-23,4014.6900000000001,4004.1599999999999,4022.4899999999998,4028.8000000000002,4018.6199999999999,3967.0999999999999,4017.25,-0.0024583141924189311,0.0065729906427374812,-0.00063725185139085205,-0.096950062160053987,True
CSI500,000905.SH,2019-12-23,5161.2799999999997,5137.3299999999999,5169.5699999999997,5183.3400000000001,5174.25,5084.3500000000004,5184.6800000000003,-0.010885698260501231,0.0069781730072037921,-0.0045132968669234774,-0.64677342654936421,True
CSI1000,000852.SH,2019-12-24,5388.21,5399.1800000000003,5391.4099999999999,5388.8500000000004,5411.1700000000001,5471.7399999999998,5377.0900000000001,-0.022553425095797941,0.0090979906113248764,0.0020680330810902703,0.22730657454361972,True
CSI300,000300.SH,2019-12-24,3971.5599999999999,3976.4400000000001,3965.75,3965.4200000000001,3977.0799999999999,3992.96,3967.0999999999999,-0.012483664198145505,0.0072130165662079564,0.0011242469310075442,0.15586362802416048,True
CSI500,000905.SH,2019-12-24,5098.8100000000004,5103.3599999999997,5100,5094.8999999999996,5110.7799999999997,5162.0699999999997,5084.3500000000004,-0.019351242506769895,0.0085453422282038109,0.0028440213596625519,0.33281538453496801,True
CSI1000,000852.SH,2019-12-25,5467.75,5465.9300000000003,5479.7299999999996,5492.8100000000004,5489.79,5504.4200000000001,5471.7399999999998,0.017602457834999807,0.0096932865550956107,-0.00072920131438991564,-0.075227458741182654,True
CSI300,000300.SH,2019-12-25,3988.6599999999999,3986.9200000000001,3986.0900000000001,3990.52,3988,3990.8699999999999,3992.96,0.0065186156134204865,0.0072962428865539514,-0.0010768953357910283,-0.14759587263406615,True
CSI500,000905.SH,2019-12-25,5157.3699999999999,5160.7799999999997,5169.9200000000001,5179.5100000000002,5174.3800000000001,5183.1000000000004,5162.0699999999997,0.015286123103248173,0.008930139905616653,-0.00091048745948807408,-0.10195668479005786,True
CSI1000,000852.SH,2019-12-26,5503.29,5503.7700000000004,5515.6800000000003,5510.4300000000003,5513.71,5543.6599999999999,5504.4200000000001,0.0059725060035746846,0.0096780536110402642,-0.00020528956729326531,-0.021211865065417772,True
CSI300,000300.SH,2019-12-26,3993.6700000000001,3997.02,4008.0500000000002,4002.9099999999999,4010.4000000000001,4025.9899999999998,3990.8699999999999,-0.00052342122134962921,0.0071990537062906106,0.00070160140520747483,0.097457448413589137,True
CSI500,000905.SH,2019-12-26,5181.3800000000001,5185.3800000000001,5202.4499999999998,5195.5299999999997,5198.4399999999996,5219.1400000000003,5183.1000000000004,0.0040739470793693666,0.0089261836191336288,-0.00033184773591099503,-0.037176888810540064,True
CSI1000,000852.SH,2019-12-27,5548.3500000000004,5548.6899999999996,5568.9899999999998,5558.1599999999999,5558.5200000000004,5498.9300000000003,5543.6599999999999,0.0071288164783935848,0.0095935618650436379,0.000846011479780584,0.088185336341366868,True
CSI300,000300.SH,2019-12-27,4029.25,4036.0300000000002,4048.9200000000001,4049.6999999999998,4049.0599999999999,4022.0300000000002,4025.9899999999998,0.0088000861967441057,0.0072777907639211235,0.0008097387226495556,0.11126161068874768,True
CSI500,000905.SH,2019-12-27,5223.4700000000003,5224.0200000000004,5243.5600000000004,5233.9899999999998,5233.5,5179.1899999999996,5219.1400000000003,0.0069533676757151941,0.0088604423964585757,0.00082963859946283414,0.093633992789618703,True
CSI1000,000852.SH,2019-12-30,5478,5456.5500000000002,5452.5600000000004,5466.7200000000003,5461.2700000000004,5530,5498.9300000000003,-0.0080686766504438623,0.0099121305137195945,-0.00380619502339552,-0.3839936346809884,True
CSI300,000300.SH,2019-12-30,4015.52,4010.73,4022.9099999999999,4030.3400000000001,4027.8600000000001,4081.6300000000001,4022.0300000000002,-0.00098360900051897016,0.0068673425616359056,-0.0016185856395900533,-0.23569315569492744,True
CSI500,000905.SH,2019-12-30,5160.3100000000004,5152.2200000000003,5159.9700000000003,5170.3800000000001,5164.9200000000001,5241.9399999999996,5179.1899999999996,-0.0076545177941195197,0.0091861213448416815,-0.0036453576717593306,-0.39683317201185486,True
CSI1000,000852.SH,2019-12-31,5524.4300000000003,5541.3000000000002,5556.4700000000003,5559.0299999999997,5550.5900000000001,5567.0299999999997,5530,0.0056501901278975808,0.009917094337342185,-0.001007233273055963,-0.10156536166680299,True
CSI300,000300.SH,2019-12-31,4077.75,4084.02,4088,4089.0300000000002,4084.0999999999999,4096.5799999999999,4081.6300000000001,0.01481838772957933,0.007396474855082354,-0.00095060061789042916,-0.12852076651585467,True
CSI500,000905.SH,2019-12-31,5239.9099999999999,5251.6599999999999,5258.3199999999997,5256.7399999999998,5247.8800000000001,5267.6599999999999,5241.9399999999996,0.012115794168586103,0.0094126501469951121,-0.00038726120482102111,-0.041142632390799114,True
