index_name,symbol,trading_day,open_0931,close_0935,close_0950,close_1005,close_1035,close_1500,prev_close_1500,r1,rvol20,gap,gap_rvol,required_clocks_complete
CSI1000,000852.SH,2017-01-03,8503.6599999999999,8513.2900000000009,8539.4799999999996,8533.3600000000006,8560.4500000000007,8565.1299999999992,8490.8600000000006,0.00030277005144729863,0.013779376990813445,0.0015075033624389889,0.10940286802836038,True
CSI300,000300.SH,2017-01-03,3313.9499999999998,3317.1399999999999,3335.3400000000001,3335.3200000000002,3343.8499999999999,3342.2199999999998,3310.0799999999999,0.0037358691960602819,0.0079923449451381346,0.0011691560324824657,0.14628448102627017,True
CSI500,000905.SH,2017-01-03,6273.8100000000004,6281.1400000000003,6300.2700000000004,6296.6999999999998,6315.5299999999997,6320.7600000000002,6263.6199999999999,0.00176246681380543,0.010408540672693662,0.0016268547581113069,0.15629998568188211,True
CSI1000,000852.SH,2017-01-04,8567.2199999999993,8563.9899999999998,8569.6299999999992,8554.6399999999994,8589.7199999999993,8669.9400000000005,8565.1299999999992,0.0087470527131525699,0.013970087777744758,0.00024401264195650363,0.017466793755242637,True
CSI300,000300.SH,2017-01-04,3340.5500000000002,3341.5999999999999,3347.5900000000001,3342.25,3347.4699999999998,3368.3099999999999,3342.2199999999998,0.0097097351121422371,0.0078007325927484565,-0.00049966788541733198,-0.064053969223585763,True
CSI500,000905.SH,2017-01-04,6321.7399999999998,6320.9799999999996,6328.1199999999999,6322.5799999999999,6341.5699999999997,6394.6599999999999,6320.7600000000002,0.0091225202039715292,0.010660169457085951,0.00015504464652971173,0.014544294736952006,True
CSI1000,000852.SH,2017-01-05,8665.2199999999993,8661.1900000000005,8667.3600000000006,8672.4799999999996,8673.7600000000002,8670.7600000000002,8669.9400000000005,0.012236825360502523,0.014287441342024759,-0.00054440976523495443,-0.038104077014380441,True
CSI300,000300.SH,2017-01-05,3368.3400000000001,3366.5500000000002,3369.4699999999998,3367.8600000000001,3368.8899999999999,3367.7800000000002,3368.3099999999999,0.0078061887009233111,0.0080854607920152165,8.9065436377211427e-06,0.0011015505321003826,True
CSI500,000905.SH,2017-01-05,6391.5799999999999,6389.8699999999999,6397.1999999999998,6399.7399999999998,6398.8199999999997,6399.2799999999997,6394.6599999999999,0.011691632018934417,0.01104130911167964,-0.00048165187828597134,-0.043622714789904191,True
CSI1000,000852.SH,2017-01-06,8661.6900000000005,8664.3500000000004,8642.1200000000008,8649.3500000000004,8627.0100000000002,8609.8899999999994,8670.7600000000002,9.4579662604399317e-05,0.014009687088311792,-0.001046044406718627,-0.074665793755760351,True
CSI300,000300.SH,2017-01-06,3366.8499999999999,3367.3400000000001,3361.77,3366.2800000000002,3356.7800000000002,3347.6599999999999,3367.7800000000002,-0.00015734893759766777,0.0079639060842290523,-0.00027614630409356078,-0.034674731365857532,True
CSI500,000905.SH,2017-01-06,6398.8599999999997,6398.5799999999999,6387.2299999999996,6393.7799999999997,6378.75,6371.6099999999997,6399.2799999999997,0.00072247781742884598,0.010740982302986821,-6.5632383643210446e-05,-0.0061104638097168804,True
CSI1000,000852.SH,2017-01-09,8595.9099999999999,8597.8500000000004,8593.6800000000003,8584.2299999999996,8596.75,8653.8400000000001,8609.8899999999994,-0.007020145869566341,0.014026933527143189,-0.0016237141241061126,-0.11575688449397023,True
CSI300,000300.SH,2017-01-09,3345.7399999999998,3349.4099999999999,3350.4000000000001,3346.1199999999999,3348.6199999999999,3363.9000000000001,3347.6599999999999,-0.0059742619767325644,0.0080253042293386007,-0.00057353494679868167,-0.071465819912717388,True
CSI500,000905.SH,2017-01-09,6365.3800000000001,6368.9300000000003,6365.5,6360.1700000000001,6368.8599999999997,6415.4099999999999,6371.6099999999997,-0.0043239239414434305,0.010735416341689194,-0.00097777484811523152,-0.091079359849157077,True
CSI1000,000852.SH,2017-01-10,8646.0799999999999,8641.7000000000007,8648.9799999999996,8638.3799999999992,8645.6200000000008,8609.5499999999993,8653.8400000000001,0.0051045948322221424,0.014096701416893264,-0.00089671174877281601,-0.063611459323257763,True
CSI300,000300.SH,2017-01-10,3361.6300000000001,3362.2800000000002,3365.4899999999998,3360.5,3359.9899999999998,3358.27,3363.9000000000001,0.0048511497583387797,0.0079276868973559098,-0.00067481197419660965,-0.08512091647081535,True
CSI500,000905.SH,2017-01-10,6412.7600000000002,6411.1700000000001,6417.9700000000003,6409.9300000000003,6412.9399999999996,6393.9200000000001,6415.4099999999999,0.0068742437154816205,0.010880451183625045,-0.00041306790992312603,-0.037964226202750535,True
CSI1000,000852.SH,2017-01-11,8592.7399999999998,8585.0799999999999,8608.8899999999994,8608.4799999999996,8578.4500000000007,8519.8400000000001,8609.5499999999993,-0.0051179591949933601,0.0066105465508774679,-0.0019524829985306802,-0.29535878516300779,True
CSI300,000300.SH,2017-01-11,3355.8000000000002,3353.8800000000001,3361.3499999999999,3362.6500000000001,3354.1300000000001,3334.4899999999998,3358.27,-0.0016736526056065903,0.0059382439789665139,-0.00073549774139658464,-0.12385778422067965,True
CSI500,000905.SH,2017-01-11,6381.6999999999998,6376.54,6394.25,6396.1999999999998,6373.46,6331.96,6393.9200000000001,-0.0033497469374521582,0.0055745400652293916,-0.0019111906310995685,-0.34284274733630843,True
CSI1000,000852.SH,2017-01-12,8509.5300000000007,8526.3500000000004,8534.1100000000006,8520.5799999999999,8501.8600000000006,8443.2600000000002,8519.8400000000001,-0.010419824497215235,0.0070594821432252422,-0.0012101166219082859,-0.17141719425830632,True
CSI300,000300.SH,2017-01-12,3332.6799999999998,3337.5999999999999,3341.29,3337.1900000000001,3332.3400000000001,3317.6199999999999,3334.4899999999998,-0.0070810268382233144,0.0061057012582886091,-0.00054281164435943108,-0.088902424373048655,True
CSI500,000905.SH,2017-01-12,6325.6199999999999,6334.3800000000001,6338.5799999999999,6328.2299999999996,6316.2700000000004,6272.8500000000004,6331.96,-0.0096904559331364437,0.0060073666445824847,-0.0010012697490192624,-0.16667365390827601,True
CSI1000,000852.SH,2017-01-13,8433.9899999999998,8437.2399999999998,8438.2999999999993,8399.8799999999992,8378.8500000000004,8286.2399999999998,8443.2600000000002,-0.0089884317076377451,0.0072059877181176821,-0.0010979171552221167,-0.15236178552756541,True
CSI300,000300.SH,2017-01-13,3317.96,3321.4000000000001,3324.6999999999998,3315.27,3312.5300000000002,3319.9099999999999,3317.6199999999999,-0.0050592444421785343,0.0059833721935997775,0.00010248310535865279,0.017127984361105884,True
CSI500,000905.SH,2017-01-13,6272.79,6276.0200000000004,6277.9200000000001,6253.8599999999997,6239.4399999999996,6194.6499999999996,6272.8500000000004,-0.0093351821552883907,0.0062288862198237012,-9.5650302495142725e-06,-0.0015355923855332511,True
CSI1000,000852.SH,2017-01-16,8263.1900000000005,8238.1399999999994,8151.3599999999997,8182.4499999999998,8164.7700000000004,7931.9499999999998,8286.2399999999998,-0.018597082169683365,0.0079445258417890855,-0.0027817200563825528,-0.35014299302173546,True
CSI300,000300.SH,2017-01-16,3314.1500000000001,3309.3200000000002,3289.4499999999998,3299.5599999999999,3298.54,3319.4400000000001,3319.9099999999999,0.00069025385668042283,0.0054541547584418823,-0.0017349867918105,-0.31810369684232115,True
CSI500,000905.SH,2017-01-16,6184.1199999999999,6172.3299999999999,6116.1999999999998,6139.3500000000004,6128.3400000000001,6031.2399999999998,6194.6499999999996,-0.012466422758395379,0.0066585089653696241,-0.001699853906193205,-0.25529047344292993,True
CSI1000,000852.SH,2017-01-17,7900.9200000000001,7919.8299999999999,7935.9799999999996,7907.3299999999999,7950.71,8028.6499999999996,7931.9499999999998,-0.042756425109579221,0.011813522120213813,-0.003912026676920477,-0.33114820771586057,True
CSI300,000300.SH,2017-01-17,3305.5999999999999,3312.8200000000002,3310.5599999999999,3305.9499999999998,3318.7800000000002,3326.3499999999999,3319.4400000000001,-0.0001415701028039118,0.0054347028872384776,-0.0041693779673680487,-0.76717679951895668,True
CSI500,000905.SH,2017-01-17,6006.0799999999999,6022.9200000000001,6027.04,6011.2799999999997,6039.96,6082.0600000000004,6031.2399999999998,-0.026379214322035938,0.0086008137474858255,-0.0041716131342808271,-0.48502540070702793,True
CSI1000,000852.SH,2017-01-18,8009.5,7987.1999999999998,8013.9399999999996,8024.6800000000003,8004.1400000000003,7989.1400000000003,8028.6499999999996,0.012191201406968055,0.01233128318727417,-0.0023852079739432597,-0.19342739419079952,True
CSI300,000300.SH,2017-01-18,3323.3299999999999,3322.73,3335.8000000000002,3343.7800000000002,3337.5700000000002,3339.3600000000001,3326.3499999999999,0.0020816764273492439,0.005343469406704866,-0.00090790205480484332,-0.16990872141340008,True
CSI500,000905.SH,2017-01-18,6067.1599999999999,6056.9399999999996,6078.8100000000004,6090.29,6076.6000000000004,6068.5900000000001,6082.0600000000004,0.0084261279604194161,0.0089150604112164748,-0.0024498278543784169,-0.27479655115922358,True
CSI1000,000852.SH,2017-01-19,7966.4700000000003,7962.4099999999999,7950.5600000000004,7951.5200000000004,7969.3900000000003,7955.3900000000003,7989.1400000000003,-0.004921126216736238,0.012323486841985887,-0.0028376020447757888,-0.23025967253911711,True
CSI300,000300.SH,2017-01-19,3330.9499999999998,3334.5700000000002,3337.96,3341.0300000000002,3342.1500000000001,3329.2800000000002,3339.3600000000001,0.0039111939513281069,0.0052194492435547486,-0.0025184466484596824,-0.48251195307044958,True
CSI500,000905.SH,2017-01-19,6054.7200000000003,6050.9499999999998,6047.9300000000003,6049.7399999999998,6058.8000000000002,6043.6700000000001,6068.5900000000001,-0.0022147101475487041,0.0089102904190147061,-0.0022855391450072871,-0.2565055724928908,True
CSI1000,000852.SH,2017-01-20,7945.1800000000003,7962.3100000000004,7974.4799999999996,8012.6599999999999,8067.4499999999998,8087.7700000000004,7955.3900000000003,-0.0042244847380318307,0.012064294059658609,-0.0012834065960311003,-0.10638057972431564,True
CSI300,000300.SH,2017-01-20,3326.9699999999998,3333.9000000000001,3334.77,3341.9400000000001,3346.73,3354.8800000000001,3329.2800000000002,-0.0030185424752048329,0.0048746288230147785,-0.00069384371395631028,-0.1423377531188505,True
CSI500,000905.SH,2017-01-20,6037.5600000000004,6045.7600000000002,6055.5299999999997,6080.5699999999997,6103.3699999999999,6121.9899999999998,6043.6700000000001,-0.0041063904465452605,0.008646917673552466,-0.0010109751194223859,-0.11691739849849188,True
CSI1000,000852.SH,2017-01-23,8100.0299999999997,8128.4700000000003,8153.5,8170.5799999999999,8174.6899999999996,8169.1000000000004,8087.7700000000004,0.016640290419451587,0.012892918857512124,0.0015158690219922999,0.11757376578144453,True
CSI300,000300.SH,2017-01-23,3359.0500000000002,3365.9699999999998,3371.75,3375.5100000000002,3374.3000000000002,3364.0799999999999,3354.8800000000001,0.0076893502499038036,0.0051727869406182746,0.0012429654711942906,0.24028932284725529,True
CSI500,000905.SH,2017-01-23,6130.4399999999996,6148.7799999999997,6161.8100000000004,6177.46,6180.1599999999999,6172.1599999999999,6121.9899999999998,0.012959013314757462,0.0093050341162713209,0.0013802701409182383,0.14833584957035439,True
CSI1000,000852.SH,2017-01-24,8160.7799999999997,8153.1300000000001,8147.1400000000003,8142.0299999999997,8125.0699999999997,8123.5799999999999,8169.1000000000004,0.010055923944424672,0.013049640773486927,-0.0010184720471043684,-0.078045983393934287,True
CSI300,000300.SH,2017-01-24,3363.1300000000001,3361.27,3360.0500000000002,3359.3899999999999,3358.6500000000001,3364.4499999999998,3364.0799999999999,0.0027422739412437114,0.0047690424056800853,-0.00028239518679695763,-0.059214232706468646,True
CSI500,000905.SH,2017-01-24,6167.8400000000001,6160.2600000000002,6164.4399999999996,6165.5,6158.8800000000001,6165.2600000000002,6172.1599999999999,0.0081950476887417967,0.009370956014877467,-0.00069991704686844791,-0.074690036508254801,True
CSI1000,000852.SH,2017-01-25,8107.6599999999999,8109.8299999999999,8126.79,8123.3800000000001,8138.3800000000001,8150.5900000000001,8123.5799999999999,-0.0055722172577150619,0.012983397449280534,-0.0019597271153850571,-0.15094100931907112,True
CSI300,000300.SH,2017-01-25,3361.6500000000001,3362.1500000000001,3365.21,3364.7399999999998,3369.27,3375.9000000000001,3364.4499999999998,0.00010998549380514255,0.0046939765190494318,-0.00083223112247166053,-0.17729767481670192,True
CSI500,000905.SH,2017-01-25,6156.7700000000004,6160.71,6170.46,6166.1899999999996,6173.9200000000001,6179.5600000000004,6165.2600000000002,-0.0011179230609704716,0.0093466061991995669,-0.001377070877789377,-0.14733378602249314,True
CSI1000,000852.SH,2017-01-26,8157.0100000000002,8168.04,8179.4499999999998,8188.5799999999999,8183.0200000000004,8205.8700000000008,8150.5900000000001,0.0033248887805623628,0.013025749984547407,0.00078767303962035129,0.060470455870470154,True
CSI300,000300.SH,2017-01-26,3378.2600000000002,3381.73,3386.3899999999999,3390.6199999999999,3387.8099999999999,3387.96,3375.9000000000001,0.0034032308401077405,0.0046954826505250851,0.00069907283983527968,0.14888199826637713,True
CSI500,000905.SH,2017-01-26,6183.1499999999996,6194.46,6202.0600000000004,6208.1800000000003,6204.6199999999999,6223.6999999999998,6179.5600000000004,0.0023194480038148946,0.0093760246303678206,0.00058094751082582441,0.061960962532479388,True
CSI1000,000852.SH,2017-02-03,8212.3999999999996,8191.8400000000001,8194.75,8184.5799999999999,8177.9399999999996,8182.2700000000004,8205.8700000000008,0.0067823310950496651,0.013175390686615206,0.00079577180725487473,0.060398346142653221,True
CSI300,000300.SH,2017-02-03,3390.9299999999998,3383.6599999999999,3382.8899999999999,3377.0599999999999,3369.6100000000001,3364.4899999999998,3387.96,0.0035723806984804263,0.0045600594690065532,0.00087663372649027238,0.19224173115471546,True
CSI500,000905.SH,2017-02-03,6227.46,6218.2600000000002,6222.0799999999999,6212.0200000000004,6204.0799999999999,6207.0900000000001,6223.6999999999998,0.0071429033782339779,0.0095264008044732857,0.0006041422305060884,0.063417679237514651,True
CSI1000,000852.SH,2017-02-06,8181.8999999999996,8200.4099999999999,8193.6499999999996,8180.0500000000002,8212.7299999999996,8280,8182.2700000000004,-0.0028759899925298038,0.013168946362910675,-4.5219725088641027e-05,-0.0034338149645744558,True
CSI300,000300.SH,2017-02-06,3368.0999999999999,3373.5700000000002,3367.98,3361.7199999999998,3369.7399999999998,3373.1999999999998,3364.4899999999998,-0.0069274725793693204,0.0048917085307816858,0.0010729709406180898,0.21934482274777542,True
CSI500,000905.SH,2017-02-06,6206.5299999999997,6219.1899999999996,6210.9200000000001,6200.2600000000002,6220.6199999999999,6259.2399999999998,6207.0900000000001,-0.0026688304384850925,0.0095244945205184561,-9.0219410384007048e-05,-0.0094723567943315948,True
CSI1000,000852.SH,2017-02-07,8271.7600000000002,8271.5,8270.5200000000004,8282.5900000000001,8290.3700000000008,8282.3700000000008,8280,0.011944118197028342,0.013517155136296624,-0.00099516908212560207,-0.07362267223325325,True
CSI300,000300.SH,2017-02-07,3371.77,3373.0500000000002,3373.1399999999999,3373.6599999999999,3373.2600000000002,3365.6799999999998,3373.1999999999998,0.0025888024633748952,0.0048647602291802096,-0.00042392979959682275,-0.087142999783210634,True
CSI500,000905.SH,2017-02-07,6254.1999999999998,6251.7799999999997,6254.0600000000004,6258.8199999999997,6265,6255.9200000000001,6259.2399999999998,0.0084016825920036897,0.0097147623773645806,-0.00080520957815966021,-0.082885154250998502,True
CSI1000,000852.SH,2017-02-08,8267.7900000000009,8252.75,8252.8600000000006,8241.5200000000004,8256.5499999999993,8342.4300000000003,8282.3700000000008,0.00028623188405796363,0.013321477258180409,-0.0017603656924286559,-0.13214493094958041,True
CSI300,000300.SH,2017-02-08,3361.7800000000002,3359.6399999999999,3357.96,3352.7399999999998,3352.8200000000002,3383.2800000000002,3365.6799999999998,-0.0022293371279497043,0.0044488145938256273,-0.0011587554372369802,-0.26046386353011453,True
CSI500,000905.SH,2017-02-08,6248.4700000000003,6237.5100000000002,6237.9499999999998,6230.5600000000004,6237.8299999999999,6291.5900000000001,6255.9200000000001,-0.00053041583323210073,0.0094750443294895088,-0.001190872006035848,-0.12568511181836434,True
CSI1000,000852.SH,2017-02-09,8338,8343.75,8368.5499999999993,8372.3299999999999,8380.6200000000008,8410.2600000000002,8342.4300000000003,0.0072515475642840332,0.013093803842132131,-0.00053102033819885097,-0.040555085794868773,True
CSI300,000300.SH,2017-02-09,3381.8899999999999,3383.7199999999998,3393.21,3396.3299999999999,3401.8800000000001,3396.29,3383.2800000000002,0.0052292553065058645,0.0042548724438460908,-0.00041084391478096727,-0.09655845626469467,True
CSI500,000905.SH,2017-02-09,6288.8800000000001,6293.4799999999996,6306.2600000000002,6309.8800000000001,6317.8500000000004,6331.1700000000001,6291.5900000000001,0.0057017992557448771,0.0091597357222513477,-0.00043073372549706779,-0.047024689200443316,True
CSI1000,000852.SH,2017-02-10,8404.5,8411.4699999999993,8404.9500000000007,8385.7800000000007,8405.7900000000009,8380.7800000000007,8410.2600000000002,0.0081307245011346119,0.013278325230556106,-0.00068487775645464932,-0.051578624906596461,True
CSI300,000300.SH,2017-02-10,3398.3099999999999,3400.8299999999999,3406.1100000000001,3398.3699999999999,3406.8099999999999,3413.48,3396.29,0.0038453808138847467,0.0043291658210317932,0.00059476664242441579,0.13738596926339539,True
CSI500,000905.SH,2017-02-10,6329.6800000000003,6333.8199999999997,6333.6599999999999,6322.2399999999998,6338.2200000000003,6337.1000000000004,6331.1700000000001,0.0062909375849347082,0.0092912406702860897,-0.0002353435462955078,-0.025329614703464703,True
CSI1000,000852.SH,2017-02-13,8373.75,8375.1800000000003,8375.9300000000003,8376.4699999999993,8381.9500000000007,8432.9500000000007,8380.7800000000007,-0.0035052424062989029,0.013223717893210118,-0.00083882407126789627,-0.063433300531811926,True
CSI300,000300.SH,2017-02-13,3416.9099999999999,3420.8899999999999,3427.3099999999999,3427.02,3427.1100000000001,3436.27,3413.48,0.0050614052392463638,0.0041702395464997379,0.0010048396357968947,0.24095489589807856,True
CSI500,000905.SH,2017-02-13,6341.7200000000003,6338.7600000000002,6344.6599999999999,6345.5299999999997,6340.0200000000004,6369.6499999999996,6337.1000000000004,0.00093663572451863075,0.0092514762280551319,0.00072904009720531349,0.078802569366659234,True
CSI1000,000852.SH,2017-02-14,8427.6900000000005,8424.2399999999998,8416.1700000000001,8419.6000000000004,8427.4400000000005,8423.8299999999999,8432.9500000000007,0.006224957581513868,0.013254450780004208,-0.00062374376700924383,-0.047059193727606558,True
CSI300,000300.SH,2017-02-14,3438.5100000000002,3437.8299999999999,3431.6999999999998,3431.79,3434.5999999999999,3435.8000000000002,3436.27,0.0066764709328896998,0.004277949253452506,0.00065186961443663982,0.15237899652749515,True
CSI500,000905.SH,2017-02-14,6366.9300000000003,6366.4200000000001,6359.4300000000003,6365.0799999999999,6368.7200000000003,6374.8800000000001,6369.6499999999996,0.0051364188666738197,0.0091891859103139586,-0.00042702503277247672,-0.046470387794982256,True
CSI1000,000852.SH,2017-02-15,8415.5699999999997,8415.2399999999998,8429.3899999999994,8419.8299999999999,8389.5,8344.0699999999997,8423.8299999999999,-0.0010814720827232449,0.013222462923025849,-0.00098055160182486389,-0.07415801485193145,True
CSI300,000300.SH,2017-02-15,3435.3800000000001,3434.9499999999998,3443.1700000000001,3440.04,3431.6300000000001,3421.71,3435.8000000000002,-0.00013677621374330595,0.0042396365472428766,-0.00012224227254209463,-0.028833196237444295,True
CSI500,000905.SH,2017-02-15,6367.6400000000003,6365.7399999999998,6375.1400000000003,6368.0100000000002,6346.9399999999996,6311.6899999999996,6374.8800000000001,0.00082108122110335913,0.0091640411972948952,-0.001135707652536122,-0.1239308759187342,True
CSI1000,000852.SH,2017-02-16,8333.8099999999995,8352.5499999999993,8340.8600000000006,8362.0400000000009,8372.7999999999993,8397.5599999999995,8344.0699999999997,-0.0094683772108411501,0.013188476866893444,-0.0012296157630509175,-0.093234099393052536,True
CSI300,000300.SH,2017-02-16,3421.8299999999999,3429.6900000000001,3421.2800000000002,3426.0999999999999,3426.9299999999998,3440.9299999999998,3421.71,-0.0041009371907562153,0.0039795003854446584,3.5070184206009714e-05,0.0088127103428062795,True
CSI500,000905.SH,2017-02-16,6308.3100000000004,6320.9499999999998,6313.1400000000003,6328.75,6335.7200000000003,6359.3299999999999,6311.6899999999996,-0.0099123434480336003,0.0091763775329294708,-0.00053551426004749825,-0.058357914997045728,True
CSI1000,000852.SH,2017-02-17,8390.1200000000008,8393.2700000000004,8388.3799999999992,8395.1100000000006,8389.3199999999997,8324.4099999999999,8397.5599999999995,0.0064105406594143766,0.013144403563174914,-0.00088597163938075596,-0.067402954810583837,True
CSI300,000300.SH,2017-02-17,3443.6100000000001,3444.8499999999999,3446.5999999999999,3455.5999999999999,3451.5,3421.4400000000001,3440.9299999999998,0.0056170745036838721,0.003793367081561248,0.00077885920376186135,0.20532133774970807,True
CSI500,000905.SH,2017-02-17,6356.0900000000001,6356.1199999999999,6353.1099999999997,6358.8500000000004,6357.8299999999999,6307.1599999999999,6359.3299999999999,0.0075478992155826319,0.0090598534067945543,-0.00050948763470359815,-0.056235748176841502,True
CSI1000,000852.SH,2017-02-20,8318.2700000000004,8335.5400000000009,8341.8400000000001,8335.6499999999996,8330.75,8397.2399999999998,8324.4099999999999,-0.0087108636318168342,0.012589864873054588,-0.00073758981116978095,-0.058585999024374349,True
CSI300,000300.SH,2017-02-20,3421.6399999999999,3429.4899999999998,3438.1599999999999,3441.6900000000001,3448.6799999999998,3471.3899999999999,3421.4400000000001,-0.0056641663736256564,0.0041440404212849339,5.845491956590898e-05,0.014105779293480922,True
CSI500,000905.SH,2017-02-20,6307.2299999999996,6323.9099999999999,6332.8599999999997,6331.6199999999999,6336.8500000000004,6385.0500000000002,6307.1599999999999,-0.0082036944143486501,0.0087789961475677296,1.1098497580519506e-05,0.001264210325869024,True
CSI1000,000852.SH,2017-02-21,8399.0400000000009,8398.6499999999996,8412.8799999999992,8413.5499999999993,8438.5599999999995,8479.6000000000004,8397.2399999999998,0.0087489683953576591,0.0075944108944210184,0.00021435614559073279,0.02822551328480296,True
CSI300,000300.SH,2017-02-21,3475.0500000000002,3476.1799999999998,3489.1700000000001,3489.1399999999999,3484.6799999999998,3482.8200000000002,3471.3899999999999,0.014599116161616132,0.0050464138475101016,0.0010543327024621352,0.20892711821134971,True
CSI500,000905.SH,2017-02-21,6390.5,6393.9499999999998,6405.4499999999998,6404.29,6414.0799999999999,6434.4300000000003,6385.0500000000002,0.012349456807818404,0.0063800536457409331,0.00085355635429640309,0.13378513750683005,True
CSI1000,000852.SH,2017-02-22,8477.7399999999998,8473.7700000000004,8489.9400000000005,8496.25,8471.4200000000001,8510.2999999999993,8479.6000000000004,0.0098079845282499356,0.0074581237455378351,-0.00021934996933825612,-0.029410878234554946,True
CSI300,000300.SH,2017-02-22,3483.1999999999998,3479.7600000000002,3482.6100000000001,3486.6700000000001,3480.5700000000002,3489.75,3482.8200000000002,0.0032926291773613947,0.0050515181936960562,0.00010910698801525065,0.021598850846743182,True
CSI500,000905.SH,2017-02-22,6432.75,6432.6700000000001,6448.3100000000004,6457.9399999999996,6442.5500000000002,6474.2200000000003,6434.4300000000003,0.0077336904174596377,0.0063501458458249688,-0.00026109538840279889,-0.041116439644368376,True
CSI1000,000852.SH,2017-02-23,8507.9500000000007,8505.5599999999995,8490.3400000000001,8483.7999999999993,8465.8199999999997,8512.7000000000007,8510.2999999999993,0.0036204537949902083,0.0072362381585016344,-0.00027613597640485654,-0.038160155920301329,True
CSI300,000300.SH,2017-02-23,3487.5700000000002,3487.3299999999999,3486.3400000000001,3482.4200000000001,3473.6900000000001,3473.3200000000002,3489.75,0.0019897669130186646,0.0050377772876589481,-0.00062468658213332695,-0.12400043639555539,True
CSI500,000905.SH,2017-02-23,6470.6099999999997,6472.1400000000003,6468.5600000000004,6463.1199999999999,6448.0699999999997,6473.9899999999998,6474.2200000000003,0.0061839199431805714,0.0062756124203526172,-0.00055759612741002051,-0.088851269017453119,True
CSI1000,000852.SH,2017-02-24,8500.6900000000005,8494.6100000000006,8511.2299999999996,8499.2999999999993,8508.3799999999992,8543.4400000000005,8512.7000000000007,0.0002820112099457539,0.0070612749169832534,-0.0014108332256511646,-0.19979865424272514,True
CSI300,000300.SH,2017-02-24,3468.9499999999998,3467.5100000000002,3472.25,3465.52,3461.4499999999998,3473.8499999999999,3473.3200000000002,-0.0047080736442438598,0.0051432520724628292,-0.0012581622194327569,-0.24462386865481592,True
CSI500,000905.SH,2017-02-24,6466.1800000000003,6461.8199999999997,6467.7200000000003,6455.9099999999999,6455.5699999999997,6476.1599999999999,6473.9899999999998,-3.552551504282242e-05,0.0060873427860429425,-0.0012063657806081762,-0.19817608815690999,True
CSI1000,000852.SH,2017-02-27,8534.7199999999993,8536.5699999999997,8543.3999999999996,8536.2299999999996,8537.1299999999992,8476.8999999999996,8543.4400000000005,0.0036110752170286364,0.0063412120111194167,-0.0010206661485304691,-0.1609575814119942,True
CSI300,000300.SH,2017-02-27,3471.1300000000001,3471.1799999999998,3472.1599999999999,3466.98,3466.9699999999998,3446.2199999999998,3473.8499999999999,0.0001525917565901036,0.0049884571092517456,-0.00078299293291295147,-0.15696094318637896,True
CSI500,000905.SH,2017-02-27,6476.3699999999999,6472.9399999999996,6479.6599999999999,6472.7200000000003,6475.9200000000001,6424.25,6476.1599999999999,0.00033518741919591477,0.0056925107217865338,3.2426623184145242e-05,0.0056963657635357937,True
CSI1000,000852.SH,2017-02-28,8470.4300000000003,8491.3999999999996,8503.7700000000004,8485.3099999999995,8475.7000000000007,8508.0799999999999,8476.8999999999996,-0.0077884318260561525,0.0065141421064872484,-0.00076325071665339639,-0.11716826316903599,True
CSI300,000300.SH,2017-02-28,3445.02,3452.8899999999999,3460,3453.8000000000002,3448.1700000000001,3452.8099999999999,3446.2199999999998,-0.0079537113001425519,0.0054308480014186762,-0.000348207601371886,-0.064116617014677135,True
CSI500,000905.SH,2017-02-28,6424.9899999999998,6437.9899999999998,6446.8000000000002,6430.7700000000004,6425.29,6450.9700000000003,6424.25,-0.0080155524261290578,0.0060325274363557894,0.00011518854340963891,0.019094574309839123,True
CSI1000,000852.SH,2017-03-01,8497.8899999999994,8495.2900000000009,8501.9300000000003,8512.8400000000001,8523.8999999999996,8526.4699999999993,8508.0799999999999,0.0036782314289423024,0.006282096391260851,-0.0011976850241183223,-0.19065053280373823,True
CSI300,000300.SH,2017-03-01,3452.1999999999998,3450.7399999999998,3453.7399999999998,3460.4400000000001,3466.5799999999999,3458.4299999999998,3452.8099999999999,0.0019122400775342108,0.0054263953989497947,-0.00017666769964175266,-0.032557100368311588,True
CSI500,000905.SH,2017-03-01,6446.4300000000003,6444.6999999999998,6449.9499999999998,6458.1199999999999,6467.0500000000002,6467.6300000000001,6450.9700000000003,0.0041592403782542142,0.0060033537605051713,-0.00070377013069355954,-0.11722949517376743,True
CSI1000,000852.SH,2017-03-02,8529.5799999999999,8530.4400000000005,8532.7700000000004,8509.5400000000009,8506.6399999999994,8471.4400000000005,8526.4699999999993,0.0021614747393066125,0.0062778200193345669,0.00036474648946160926,0.058100819765182034,True
CSI300,000300.SH,2017-03-02,3463.48,3462.7800000000002,3467.1700000000001,3458.4499999999998,3454.4899999999998,3435.0900000000001,3458.4299999999998,0.0016276597901418999,0.0054048455910273938,0.0014602001486223593,0.27016500731240933,True
CSI500,000905.SH,2017-03-02,6476.1000000000004,6477.4499999999998,6475.3100000000004,6457.96,6455.21,6434.6199999999999,6467.6300000000001,0.0025825573518400979,0.0060037221917804799,0.0013095987247260243,0.21813113313586655,True
CSI1000,000852.SH,2017-03-03,8450.9699999999993,8447.1700000000001,8438.8600000000006,8444.4699999999993,8465.2000000000007,8505.4500000000007,8471.4400000000005,-0.0064540190723709756,0.0064723816097539055,-0.0024163542443789154,-0.37333309283517208,True
CSI300,000300.SH,2017-03-03,3424.6599999999999,3424.8099999999999,3419.4499999999998,3418.0500000000002,3422.4200000000001,3427.8600000000001,3435.0900000000001,-0.0067487270235336849,0.0056555568178620046,-0.0030363105479042085,-0.53687207921147517,True
CSI500,000905.SH,2017-03-03,6417.3800000000001,6416.2299999999996,6410.5299999999997,6412.8400000000001,6427.9799999999996,6452.8299999999999,6434.6199999999999,-0.0051038788551602821,0.0061072038821435911,-0.002679256894735027,-0.43870434759329247,True
CSI1000,000852.SH,2017-03-06,8513.2000000000007,8523.6299999999992,8552.8299999999999,8564.5799999999999,8577.2800000000007,8608.1499999999996,8505.4500000000007,0.0040146657474997571,0.0064038478011141072,0.00091118047839922056,0.14228640447087113,True
CSI300,000300.SH,2017-03-06,3427.25,3427.3400000000001,3435.46,3437.9200000000001,3443.8000000000002,3446.48,3427.8600000000001,-0.0021047483472048656,0.0054104531643124499,-0.00017795359203709449,-0.032890700026918816,True
CSI500,000905.SH,2017-03-06,6457.5900000000001,6460.6700000000001,6482.1899999999996,6489.3299999999999,6501.2600000000002,6517.3199999999997,6452.8299999999999,0.002830003947396964,0.006024068115117371,0.00073766084028248358,0.12245227414200831,True
CSI1000,000852.SH,2017-03-07,8614.8500000000004,8618.1900000000005,8623.6700000000001,8612.6000000000004,8606.1800000000003,8624.4599999999991,8608.1499999999996,0.012074610984721401,0.0064146149596638769,0.00077833216196276922,0.12133731593510229,True
CSI300,000300.SH,2017-03-07,3446.1599999999999,3447.0900000000001,3449.1199999999999,3445.3600000000001,3446.2399999999998,3453.9499999999998,3446.48,0.005431960465129837,0.00549258141355963,-9.2848355423558182e-05,-0.016904320288151187,True
CSI500,000905.SH,2017-03-07,6517.8400000000001,6518.7799999999997,6519.5900000000001,6513.0799999999999,6510.4499999999998,6523.1800000000003,6517.3199999999997,0.0099940646197094196,0.0061233858153220896,7.9787397273767269e-05,0.013029947757680276,True
CSI1000,000852.SH,2017-03-08,8622.1100000000006,8618.1900000000005,8606.5300000000007,8614.7999999999993,8613.5300000000007,8589.8700000000008,8624.4599999999991,0.0018947160539719565,0.0064025345539412831,-0.00027248082778497107,-0.042558275240738352,True
CSI300,000300.SH,2017-03-08,3452.1999999999998,3449.54,3447.3699999999999,3451.0500000000002,3451.71,3448.73,3453.9499999999998,0.0021674287969173367,0.0054404994031787401,-0.00050666628063522623,-0.093128634540276672,True
CSI500,000905.SH,2017-03-08,6519.9700000000003,6515.5100000000002,6512.9499999999998,6518.4499999999998,6515.1599999999999,6497.0799999999999,6523.1800000000003,0.00089914259235390759,0.0061001007210354768,-0.00049209128063310015,-0.080669369759122422,True
CSI1000,000852.SH,2017-03-09,8578.8799999999992,8562.5,8528.4699999999993,8528.7299999999996,8543.8199999999997,8535.5499999999993,8589.8700000000008,-0.0040106858864205064,0.0064157775486582518,-0.0012794140074298133,-0.19941682792561605,True
CSI300,000300.SH,2017-03-09,3442.8899999999999,3438.8200000000002,3429.23,3424,3425.7600000000002,3426.9400000000001,3448.73,-0.0015113131342375796,0.0053934637786983994,-0.001693376982251471,-0.31396836091483543,True
CSI500,000905.SH,2017-03-09,6484.5799999999999,6471.8999999999996,6447.1499999999996,6440.5600000000004,6447.29,6439.3800000000001,6497.0799999999999,-0.0040011160201006701,0.0061847897242027746,-0.0019239412166696113,-0.31107625359366753,True
CSI1000,000852.SH,2017-03-10,8526.5300000000007,8543.1299999999992,8539.0499999999993,8529.2199999999993,8539.7800000000007,8537.7800000000007,8535.5499999999993,-0.0063237278329010271,0.0064414816510126134,-0.001056756740924536,-0.16405491751395609,True
CSI300,000300.SH,2017-03-10,3423.9699999999998,3428.77,3431.1399999999999,3428.6199999999999,3431.77,3427.8899999999999,3426.9400000000001,-0.0063182678841195994,0.0055839602884399479,-0.00086666238685251251,-0.15520568594420314,True
CSI500,000905.SH,2017-03-10,6436.75,6451.1400000000003,6451.3100000000004,6443.6000000000004,6451.7200000000003,6447.9099999999999,6439.3800000000001,-0.0088809126561469887,0.0065047250088618889,-0.00040842441353050596,-0.062788882385354933,True
CSI1000,000852.SH,2017-03-13,8529.1700000000001,8514.4300000000003,8496.2600000000002,8508.0799999999999,8549.8400000000001,8598.5100000000002,8537.7800000000007,0.00026126025856587631,0.006364842157243345,-0.0010084588733839661,-0.15844208677450319,True
CSI300,000300.SH,2017-03-13,3425.6700000000001,3421.0500000000002,3416.5900000000001,3424.5300000000002,3441.1199999999999,3458.0900000000001,3427.8899999999999,0.00027721524158574873,0.0054781227278280107,-0.00064762871620727136,-0.11822092136005247,True
CSI500,000905.SH,2017-03-13,6444.5500000000002,6436,6425.79,6437.8100000000004,6472.6700000000001,6507.8900000000003,6447.9099999999999,0.0013246616910322917,0.0065055197079511105,-0.00052109908481967615,-0.080101069278567194,True
CSI1000,000852.SH,2017-03-14,8604.7600000000002,8611.2800000000007,8609.6299999999992,8616.8500000000004,8616.1000000000004,8581.7099999999991,8598.5100000000002,0.0071130902881075819,0.0064065603899216726,0.00072687012052097266,0.11345715583426498,True
CSI300,000300.SH,2017-03-14,3456.6500000000001,3458.7199999999998,3459.4299999999998,3461.4499999999998,3460.3299999999999,3456.6900000000001,3458.0900000000001,0.0088100843375955584,0.0056290686905747676,-0.00041641484171894838,-0.073975796816298844,True
CSI500,000905.SH,2017-03-14,6508.3599999999997,6511.4399999999996,6511.6300000000001,6517.5299999999997,6511.9499999999998,6493.4799999999996,6507.8900000000003,0.0093022390200856453,0.0067121380198284161,7.222002830409302e-05,0.010759616100078228,True
CSI1000,000852.SH,2017-03-15,8563.4599999999991,8557.4500000000007,8553.8899999999994,8570.2000000000007,8553.8799999999992,8574.0200000000004,8581.7099999999991,-0.0019538268839602857,0.0064243656059034043,-0.0021266157910253547,-0.33102346931675081,True
CSI300,000300.SH,2017-03-15,3452.21,3450.54,3450.8000000000002,3455.3600000000001,3451.0799999999999,3463.6399999999999,3456.6900000000001,-0.00040484776278237877,0.0056305614961743482,-0.0012960375388015866,-0.23017909309438706,True
CSI500,000905.SH,2017-03-15,6486.3000000000002,6482.1300000000001,6483.3100000000004,6492.3500000000004,6480.8599999999997,6486.0600000000004,6493.4799999999996,-0.0022142353358770572,0.0067528612296837579,-0.0011057245113559322,-0.16374163095421912,True
CSI1000,000852.SH,2017-03-16,8582.9500000000007,8609.4400000000005,8623.8099999999995,8624.4500000000007,8631.2999999999993,8664.9799999999996,8574.0200000000004,-0.00089609180454697235,0.0059621380278215563,0.0010415184475893735,0.17468875137228634,True
CSI300,000300.SH,2017-03-16,3472.2600000000002,3481.4699999999998,3488.0300000000002,3483.29,3482.6900000000001,3481.5,3463.6399999999999,0.0020105939497032654,0.0055432735070656148,0.0024887112979410375,0.44896058164347385,True
CSI500,000905.SH,2017-03-16,6499.8299999999999,6517.7299999999996,6526.9799999999996,6521.6199999999999,6524.3900000000003,6543.3400000000001,6486.0600000000004,-0.0011426846621532816,0.0062789323224504527,0.0021230145882091822,0.33811713189172299,True
CSI1000,000852.SH,2017-03-17,8671.5200000000004,8669.4200000000001,8683.0699999999997,8688.0599999999995,8700.4799999999996,8603.8600000000006,8664.9799999999996,0.010608792608368001,0.0062171338022742068,0.00075476227296555898,0.1214003585847661,True
CSI300,000300.SH,2017-03-17,3485.3099999999999,3483.6500000000001,3483.6300000000001,3480.8400000000001,3480.8600000000001,3445.8000000000002,3481.5,0.0051564250326245897,0.0055223515347523266,0.0010943558810856402,0.19816845671609734,True
CSI500,000905.SH,2017-03-17,6543.5500000000002,6542.3699999999999,6550.5299999999997,6549.4099999999999,6551.9300000000003,6483.2399999999998,6543.3400000000001,0.0088312473211780151,0.0063513980295300141,3.2093701381796791e-05,0.0050530137195907458,True
CSI1000,000852.SH,2017-03-20,8594.7099999999991,8609.4899999999998,8600.7800000000007,8595.3400000000001,8618.5200000000004,8634.8400000000001,8603.8600000000006,-0.0070536804470406889,0.0060822450998865964,-0.0010634761607001275,-0.17484927740250983,True
CSI300,000300.SH,2017-03-20,3449.0500000000002,3452.25,3446.1700000000001,3443.1300000000001,3451.0500000000002,3449.6100000000001,3445.8000000000002,-0.010254200775527744,0.005880197796440112,0.00094317720123049398,0.16039889028928517,True
CSI500,000905.SH,2017-03-20,6484.54,6491.9099999999999,6485.25,6478.9099999999999,6494.3299999999999,6498.3400000000001,6483.2399999999998,-0.0091849116811903997,0.0064331263974575885,0.00020051702543799621,0.031169452152726516,True
CSI1000,000852.SH,2017-03-21,8629.0599999999995,8621.9099999999999,8632.5400000000009,8621.4899999999998,8617.4699999999993,8639.5599999999995,8634.8400000000001,0.003600709449014694,0.0058721887336118548,-0.00066938125083970679,-0.11399178078324214,True
CSI300,000300.SH,2017-03-21,3449.77,3446.2199999999998,3454.0900000000001,3455.5500000000002,3453.4499999999998,3466.3400000000001,3449.6100000000001,0.0011056938882116896,0.0048447465671720303,4.6382054782911908e-05,0.009573680302948433,True
CSI500,000905.SH,2017-03-21,6494.7700000000004,6488.3299999999999,6497.2299999999996,6492.6300000000001,6493.1700000000001,6515.9399999999996,6498.3400000000001,0.0023290823723940424,0.0059036824801023341,-0.00054937107015018416,-0.093055660090422307,True
CSI1000,000852.SH,2017-03-22,8604.6000000000004,8601.3099999999995,8610.7700000000004,8619.0699999999997,8591.9400000000005,8592.5,8639.5599999999995,0.00054662275155070716,0.0055305137613479941,-0.0040465023681760526,-0.73166843855565555,True
CSI300,000300.SH,2017-03-22,3450.75,3451.71,3457.6399999999999,3462.5100000000002,3450.8800000000001,3450.0500000000002,3466.3400000000001,0.0048498236032479269,0.004917547050370139,-0.0044975391911931117,-0.91458996632367484,True
CSI500,000905.SH,2017-03-22,6486.3000000000002,6489.6499999999996,6502.79,6511.6700000000001,6493.4200000000001,6499.79,6515.9399999999996,0.0027083839872952264,0.005700817280418072,-0.0045488448328252495,-0.79792854411423231,True
CSI1000,000852.SH,2017-03-23,8592.3299999999999,8602.6100000000006,8607.4699999999993,8611.75,8622.8799999999992,8590.9599999999991,8592.5,-0.0054470366546444104,0.0056699266300714972,-1.9784695955760156e-05,-0.0034894095191335258,True
CSI300,000300.SH,2017-03-23,3452.4000000000001,3458.96,3464.9899999999998,3466.0900000000001,3469.9299999999998,3461.9699999999998,3450.0500000000002,-0.0046994812972760425,0.0049859449850493329,0.00068114954855724719,0.13661393188246493,True
CSI500,000905.SH,2017-03-23,6502.1199999999999,6509.4099999999999,6517.8400000000001,6523.6999999999998,6532.5799999999999,6512.1800000000003,6499.79,-0.0024785372486547663,0.0055857561779703207,0.00035847311990089281,0.06417629206850739,True
CSI1000,000852.SH,2017-03-24,8583.9500000000007,8584.4699999999993,8575.3199999999997,8569.0400000000009,8589.4599999999991,8602.2900000000009,8590.9599999999991,-0.00017922606924658524,0.0056717804816751082,-0.00081597400057720204,-0.14386558210662828,True
CSI300,000300.SH,2017-03-24,3464.1900000000001,3465.7600000000002,3466.3099999999999,3465.8899999999999,3473.9899999999998,3489.5999999999999,3461.9699999999998,0.0034550223909797229,0.0049625796233648172,0.00064125339041076757,0.12921775348280931,True
CSI500,000905.SH,2017-03-24,6509.2299999999996,6511.6499999999996,6511.7700000000004,6507.8000000000002,6533.8900000000003,6546.6199999999999,6512.1800000000003,0.0019062154315754309,0.0055980901273946539,-0.00045299730658565629,-0.080919973826230771,True
CSI1000,000852.SH,2017-03-27,8603.2199999999993,8610.2900000000009,8605.9500000000007,8594.2600000000002,8590.5100000000002,8586.9099999999999,8602.2900000000009,0.0013188281635581056,0.0056280202822329402,0.00010811074725425307,0.019209374137393778,True
CSI300,000300.SH,2017-03-27,3488.7600000000002,3494.3400000000001,3499.3899999999999,3498.1199999999999,3497.02,3478.0300000000002,3489.5999999999999,0.0079810050347057793,0.0052860511436645724,-0.00024071526822544431,-0.045537824300838615,True
CSI500,000905.SH,2017-03-27,6545.4399999999996,6555.1800000000003,6549.2799999999997,6539.9899999999998,6535.3599999999997,6516.0299999999997,6546.6199999999999,0.0052885516063745364,0.0057078063271266168,-0.00018024568403240959,-0.031578801680040111,True
CSI1000,000852.SH,2017-03-28,8579.0499999999993,8576.6599999999999,8581.5799999999999,8584.8600000000006,8566.7000000000007,8558.0699999999997,8586.9099999999999,-0.0017878960137359678,0.0053225145641025663,-0.00091534673124560317,-0.17197636948128117,True
CSI300,000300.SH,2017-03-28,3480.2399999999998,3477.6300000000001,3476.3299999999999,3478.73,3468.5599999999999,3469.8000000000002,3478.0300000000002,-0.0033155662540118591,0.0050017819434038033,0.00063541717581494517,0.12703816020066885,True
CSI500,000905.SH,2017-03-28,6509.0299999999997,6508.6199999999999,6509.5600000000004,6511.1599999999999,6498.04,6498.6899999999996,6516.0299999999997,-0.004672640232669667,0.0054882932320366486,-0.0010742737525762935,-0.19573913184985595,True
CSI1000,000852.SH,2017-03-29,8555.9799999999996,8561.8899999999994,8540.3700000000008,8529.1100000000006,8511.7199999999993,8488.2099999999991,8558.0699999999997,-0.0033586004744431408,0.0053449153855593965,-0.00024421394076001857,-0.045690889966157854,True
CSI300,000300.SH,2017-03-29,3472.96,3476.5900000000001,3470.3600000000001,3469.3099999999999,3463.5900000000001,3465.1900000000001,3469.8000000000002,-0.0023662820619718694,0.0050283394842277262,0.00091071531500364067,0.18111651328639602,True
CSI500,000905.SH,2017-03-29,6504.2399999999998,6507.2299999999996,6498.1099999999997,6493.7600000000002,6481.8699999999999,6480.54,6498.6899999999996,-0.0026611295528105039,0.005475475646881181,0.00085401827137476793,0.15597152219300162,True
CSI1000,000852.SH,2017-03-30,8471.2399999999998,8472.6399999999994,8440.0699999999997,8412.3500000000004,8387.7399999999998,8315.0400000000009,8488.2099999999991,-0.0081630554552604151,0.0056464097139107281,-0.0019992436567897176,-0.35407343038963296,True
CSI300,000300.SH,2017-03-30,3461.6100000000001,3466.6999999999998,3460.9699999999998,3455.3200000000002,3445.4699999999998,3436.75,3465.1900000000001,-0.0013286068361288983,0.0050293927043196934,-0.0010331323823512539,-0.20541891299597806,True
CSI500,000905.SH,2017-03-30,6467.0600000000004,6471.0600000000004,6459.6700000000001,6445.3400000000001,6425.3299999999999,6375.7399999999998,6480.54,-0.0027928705631442563,0.0054937145099921451,-0.0020800735741156595,-0.37862789745123354,True
CSI1000,000852.SH,2017-03-31,8314.0799999999999,8342.0599999999995,8350.0900000000001,8337.2399999999998,8334.9699999999993,8339.1399999999994,8315.0400000000009,-0.020401238894890428,0.007125700771508702,-0.0001154534433990273,-0.016202398486988769,True
CSI300,000300.SH,2017-03-31,3434.8200000000002,3440,3446.1300000000001,3440.0300000000002,3439.0500000000002,3456.04,3436.75,-0.0082073421659418777,0.0051433641700309191,-0.00056157707136095247,-0.10918477727731586,True
CSI500,000905.SH,2017-03-31,6374.5600000000004,6390.4499999999998,6395.8000000000002,6386.25,6385.3699999999999,6401.6400000000003,6375.7399999999998,-0.016171491881849409,0.0065103327360139908,-0.00018507655581934124,-0.02842812546208752,True
CSI1000,000852.SH,2017-04-05,8369.3899999999994,8394.1399999999994,8396.9300000000003,8422.8899999999994,8459.2399999999998,8522.0100000000002,8339.1399999999994,0.0028983624853275991,0.0070893994396538937,0.003627472377247587,0.51167555279191335,True
CSI300,000300.SH,2017-04-05,3476.4200000000001,3480.0300000000002,3476.9000000000001,3484.5500000000002,3496.3000000000002,3503.8899999999999,3456.04,0.0056128609878518532,0.0052623735900877398,0.0058969224893230532,1.1205822597678272,True
CSI500,000905.SH,2017-04-05,6450.8900000000003,6461.5100000000002,6462.3299999999999,6480.0799999999999,6510.6999999999998,6539.96,6401.6400000000003,0.0040622735556972156,0.006548620672726998,0.0076933410813480041,1.1748032854290089,True
CSI1000,000852.SH,2017-04-06,8531.1900000000005,8515.6800000000003,8537.0200000000004,8522.6499999999996,8525.2299999999996,8543.6599999999999,8522.0100000000002,0.021929119789330986,0.0082848767940529242,0.0010772106580489993,0.13002132497881513,True
CSI300,000300.SH,2017-04-06,3507.98,3503.0500000000002,3507,3500.7800000000002,3497.1900000000001,3514.04,3503.8899999999999,0.013845325864283886,0.005972284270652977,0.0011672740868007292,0.19544851415338035,True
CSI500,000905.SH,2017-04-06,6554.7399999999998,6543.4799999999996,6555.1400000000003,6540.0900000000001,6540.6099999999997,6559.6499999999996,6539.96,0.021606963215675901,0.0078934147823562107,0.002259952660260911,0.28630861579863759,True
CSI1000,000852.SH,2017-04-07,8539.1399999999994,8535.8600000000006,8540.4300000000003,8526.7099999999991,8539.2900000000009,8544.7399999999998,8543.6599999999999,0.0025404804735031927,0.0082958295693440331,-0.00052904727013958208,-0.063772678273743139,True
CSI300,000300.SH,2017-04-07,3514.4499999999998,3512.96,3514.2399999999998,3508.6100000000001,3511.8400000000001,3517.46,3514.04,0.0028967804354589344,0.0059830123868818913,0.00011667482441857224,0.019501016690921233,True
CSI500,000905.SH,2017-04-07,6554.25,6551.0500000000002,6557.9099999999999,6547.04,6556.7399999999998,6578.7200000000003,6559.6499999999996,0.0030107217781147888,0.0079173030492134169,-0.00082321465322077181,-0.10397665064779327,True
CSI1000,000852.SH,2017-04-10,8522.9099999999999,8506.7700000000004,8501.7199999999993,8490.7700000000004,8503.1800000000003,8449.1499999999996,8544.7399999999998,0.00012640952472353639,0.0082535248045143735,-0.0025547880918553867,-0.30953903360876944,True
CSI300,000300.SH,2017-04-10,3519.46,3514.48,3522.1599999999999,3516.4299999999998,3520.4099999999999,3505.1300000000001,3517.46,0.00097323877929689218,0.0059564879875526125,0.00056859210907878044,0.095457610301066378,True
CSI500,000905.SH,2017-04-10,6575.4499999999998,6568.9399999999996,6581.1099999999997,6574.2299999999996,6592.4700000000003,6566.54,6578.7200000000003,0.0029071673031335621,0.0078699436821160675,-0.00049705717829617857,-0.06315892443115044,True
CSI1000,000852.SH,2017-04-11,8432.4599999999991,8440.9500000000007,8460.1900000000005,8471.3799999999992,8462.3199999999997,8514.4300000000003,8449.1499999999996,-0.011186999253341878,0.0085101253509551004,-0.0019753466325015401,-0.23211721931685117,True
CSI300,000300.SH,2017-04-11,3503.8200000000002,3506.6300000000001,3510,3513.25,3503.0100000000002,3517.3200000000002,3505.1300000000001,-0.0035053703524702273,0.0058057982631233608,-0.00037373792127537442,-0.0643732186922929,True
CSI500,000905.SH,2017-04-11,6566.8400000000001,6575.4300000000003,6595.0200000000004,6607.0600000000004,6603.7700000000004,6629.1599999999999,6566.54,-0.0018514239852129855,0.0075730738467037909,4.5686160443647594e-05,0.0060327102796617609,True
CSI1000,000852.SH,2017-04-12,8505.7000000000007,8485.7600000000002,8484.4699999999993,8504.5499999999993,8502.4300000000003,8444.3899999999994,8514.4300000000003,0.0077262209808088844,0.0087055400964121885,-0.0010253181951110912,-0.11777766614775059,True
CSI300,000300.SH,2017-04-12,3514.5700000000002,3507.8099999999999,3510.48,3521.5999999999999,3519.3699999999999,3509.4299999999998,3517.3200000000002,0.0034777597407229521,0.0058247094379702529,-0.00078184526855673564,-0.1342290593003703,True
CSI500,000905.SH,2017-04-12,6625.8699999999999,6609.8699999999999,6602.3999999999996,6617.5200000000004,6613.8000000000002,6576.4700000000003,6629.1599999999999,0.0095362245566157355,0.0078101802551736009,-0.00049629213957724794,-0.063544261894403181,True
CSI1000,000852.SH,2017-04-13,8429.7299999999996,8443.6200000000008,8445.8799999999992,8453.6299999999992,8471.2700000000004,8470.3099999999995,8444.3899999999994,-0.0082260350957140682,0.00871221860532655,-0.0017360638246219917,-0.19926770702936475,True
CSI300,000300.SH,2017-04-13,3500.2800000000002,3506.8800000000001,3505.1500000000001,3503.23,3511.3600000000001,3514.5599999999999,3509.4299999999998,-0.0022431851523320168,0.005594942828351733,-0.0026072610081978587,-0.46600315466779424,True
CSI500,000905.SH,2017-04-13,6569.2399999999998,6584.8599999999997,6589.7700000000004,6594.0900000000001,6607.8599999999997,6615.6999999999998,6576.4700000000003,-0.0079482166669683219,0.0078458664902547933,-0.0010993739802660496,-0.14012142338026803,True
CSI1000,000852.SH,2017-04-14,8460.6299999999992,8451.0699999999997,8432.9200000000001,8408.2000000000007,8398.3799999999992,8345.6499999999996,8470.3099999999995,0.0030694934743658031,0.0087515848821956514,-0.0011428153160865095,-0.13058381212887157,True
CSI300,000300.SH,2017-04-14,3516.8099999999999,3512.5799999999999,3509.1500000000001,3499.04,3494.4400000000001,3486.5,3514.5599999999999,0.0014617758439405826,0.0055901965717185687,0.0006401939360829445,0.11452082728570895,True
CSI500,000905.SH,2017-04-14,6623.4499999999998,6611.0900000000001,6598.2399999999998,6580.8800000000001,6570.6000000000004,6528.1599999999999,6615.6999999999998,0.0059652062580684007,0.0079069486869892871,0.0011714557794337832,0.14815522723214181,True
CSI1000,000852.SH,2017-04-17,8309.7700000000004,8299.9500000000007,8267.6000000000004,8282.5699999999997,8277.1499999999996,8220.6499999999996,8345.6499999999996,-0.014717288977617149,0.0093031139728601813,-0.0042992457148334218,-0.4621297478860884,True
CSI300,000300.SH,2017-04-17,3475.73,3475.0599999999999,3470.2199999999998,3476.2199999999998,3474.0100000000002,3479.9400000000001,3486.5,-0.0079839297095510853,0.0059176755265889606,-0.0030890577943496478,-0.52200526718135698,True
CSI500,000905.SH,2017-04-17,6500.9399999999996,6501.1800000000003,6484.8599999999997,6496.0100000000002,6490.3999999999996,6456.5900000000001,6528.1599999999999,-0.013232159862146098,0.0085150747105994015,-0.0041696281953873537,-0.48967605536062775,True
CSI1000,000852.SH,2017-04-18,8216.2000000000007,8231.0499999999993,8238.3299999999999,8233.1299999999992,8223.0699999999997,8136.3999999999996,8220.6499999999996,-0.014977862718901447,0.0093373675032620718,-0.00054131972532567296,-0.057973483975709353,True
CSI300,000300.SH,2017-04-18,3474.8800000000001,3475.1999999999998,3476.7399999999998,3477.4099999999999,3481.77,3462.7399999999998,3479.9400000000001,-0.001881543094794158,0.0058250732552905041,-0.0014540480582998505,-0.24961884504701137,True
CSI500,000905.SH,2017-04-18,6452.9099999999999,6460.0299999999997,6470.3699999999999,6474.0200000000004,6472.8500000000004,6418.21,6456.5900000000001,-0.010963272958996018,0.0086279989076268378,-0.00056996030412337362,-0.0660593852903191,True
CSI1000,000852.SH,2017-04-19,8101.79,8097.3199999999997,8033.1999999999998,8030.5299999999997,7958.4799999999996,8033.5,8136.3999999999996,-0.010248581316562588,0.0094445182553007379,-0.0042537240057026748,-0.45039078656185255,True
CSI300,000300.SH,2017-04-19,3452.9899999999998,3459.3499999999999,3447.8699999999999,3449.5599999999999,3431.0799999999999,3445.8699999999999,3462.7399999999998,-0.0049426139531142388,0.0054417261436460274,-0.0028156893096218383,-0.51742576441659915,True
CSI500,000905.SH,2017-04-19,6390.3299999999999,6399.8500000000004,6357.6800000000003,6351.5600000000004,6306.0100000000002,6350.6400000000003,6418.21,-0.005944314258765071,0.008488217557291464,-0.0043438902747027219,-0.51175529436934342,True
CSI1000,000852.SH,2017-04-20,8021.0600000000004,8033.9700000000003,8057.5600000000004,8045.1800000000003,8023.6000000000004,7987.6499999999996,8033.5,-0.012646870851973802,0.0095677593282690859,-0.0015485155909628068,-0.16184725575062625,True
CSI300,000300.SH,2017-04-20,3444.52,3448.27,3456.73,3456.4400000000001,3459.79,3461.54,3445.8699999999999,-0.004871864477263621,0.0055557500414702022,-0.00039177334025952693,-0.070516732634690868,True
CSI500,000905.SH,2017-04-20,6349.3999999999996,6359.8100000000004,6376.6499999999996,6372.5200000000004,6369.21,6347.7700000000004,6350.6400000000003,-0.010527857455583378,0.0087479729474055409,-0.00019525591121538621,-0.022320132033935347,True
CSI1000,000852.SH,2017-04-21,7984.4700000000003,7984.4799999999996,8011.6999999999998,8012.0200000000004,8002.6700000000001,7945.3900000000003,7987.6499999999996,-0.0057073504699073352,0.0095286238909255017,-0.0003981145893973137,-0.041780911278957555,True
CSI300,000300.SH,2017-04-21,3461.3800000000001,3458.6500000000001,3470.3400000000001,3473.9000000000001,3472.2600000000002,3466.7800000000002,3461.54,0.0045474727717529362,0.0055421400424726453,-4.6222201678935981e-05,-0.0083401359988575438,True
CSI500,000905.SH,2017-04-21,6345.7700000000004,6346.5699999999997,6358.8599999999997,6363.1099999999997,6354.4099999999999,6300.71,6347.7700000000004,-0.00045192295579654651,0.0087037521134607325,-0.00031507127699959003,-0.036199477293513284,True
CSI1000,000852.SH,2017-04-24,7921.4099999999999,7864.1199999999999,7756.1099999999997,7787.2700000000004,7781.5600000000004,7698.2799999999997,7945.3900000000003,-0.0052906674679035204,0.0095273275441835423,-0.003018102320968552,-0.3167837262833596,True
CSI300,000300.SH,2017-04-24,3458.2199999999998,3438,3417.1100000000001,3431.8899999999999,3429.4899999999998,3431.25,3466.7800000000002,0.0015137771049880122,0.005441300369842493,-0.0024691500470177541,-0.4537794055080307,True
CSI500,000905.SH,2017-04-24,6282.3299999999999,6239.54,6170.9799999999996,6195.4899999999998,6188.8999999999996,6138.5,6300.71,-0.0074136271478015825,0.0088091172181599207,-0.0029171315613637505,-0.33114913664108231,True
CSI1000,000852.SH,2017-04-25,7699.9799999999996,7736,7707.5799999999999,7753.0299999999997,7756.71,7724,7698.2799999999997,-0.031101053566911174,0.011250947237516287,0.00022082854871485758,0.019627551712135375,True
CSI300,000300.SH,2017-04-25,3427.73,3438.2199999999998,3429.1199999999999,3436.1399999999999,3436.9200000000001,3440.9699999999998,3431.25,-0.010248703407773285,0.0058636746512579817,-0.0010258652094717879,-0.17495261427093345,True
CSI500,000905.SH,2017-04-25,6139.4799999999996,6165.96,6147.7600000000002,6176.4799999999996,6181.5,6160.46,6138.5,-0.025744717658803484,0.010289045134627271,0.00015964812250546245,0.015516320554195511,True
CSI1000,000852.SH,2017-04-26,7721.6599999999999,7736.1899999999996,7744.3699999999999,7729.8199999999997,7741.75,7751.9399999999996,7724,0.0033410060429082122,0.011323454713973608,-0.00030295183842565798,-0.026754364818698216,True
CSI300,000300.SH,2017-04-26,3440.25,3446.3099999999999,3452.0900000000001,3446.27,3455.2600000000002,3445.1799999999998,3440.9699999999998,0.0028327868852457971,0.0055812383537862734,-0.00020924332383009947,-0.037490483395705584,True
CSI500,000905.SH,2017-04-26,6159.8900000000003,6173.1300000000001,6182.4399999999996,6171.25,6182.2700000000004,6176.3900000000003,6160.46,0.00357742119410287,0.010224282257066224,-9.2525558156308918e-05,-0.0090495895780227011,True
CSI1000,000852.SH,2017-04-27,7737.0600000000004,7711.2200000000003,7677.1400000000003,7634.2200000000003,7596.9700000000003,7799.1199999999999,7751.9399999999996,0.0036172967374417109,0.011475403909214213,-0.0019195195009248378,-0.16727250004538433,True
CSI300,000300.SH,2017-04-27,3435.0999999999999,3426.1300000000001,3420.8499999999999,3410.5900000000001,3401.8200000000002,3446.7199999999998,3445.1799999999998,0.0012234922129514825,0.0055609616910464871,-0.0029258268073075744,-0.52613683924820909,True
CSI500,000905.SH,2017-04-27,6157.5100000000002,6139.3800000000001,6112.8000000000002,6088.6999999999998,6057.6400000000003,6192.3000000000002,6176.3900000000003,0.002585845862159708,0.010289856875447666,-0.0030568017887471211,-0.29706941755826249,True
CSI1000,000852.SH,2017-04-28,7777.75,7786.0299999999997,7808.8199999999997,7801.8999999999996,7825.0600000000004,7842.0799999999999,7799.1199999999999,0.0060862184175831668,0.011739490001569066,-0.0027400527238969907,-0.23340474957010596,True
CSI300,000300.SH,2017-04-28,3439.5700000000002,3439.1300000000001,3436.3099999999999,3428.1500000000001,3430.8299999999999,3439.75,3446.7199999999998,0.00044700131778308005,0.0055457569157286637,-0.0020744359855165984,-0.37405822451993204,True
CSI500,000905.SH,2017-04-28,6174.1400000000003,6182.5600000000004,6201.25,6193.71,6205.6599999999999,6211.8500000000004,6192.3000000000002,0.0025759383717673945,0.010355251603546589,-0.0029326744505272506,-0.28320648911348845,True
CSI1000,000852.SH,2017-05-02,7831.4399999999996,7838.3999999999996,7821.6700000000001,7843.6499999999996,7848.1499999999996,7845.46,7842.0799999999999,0.0055083137584752695,0.0119157602505291,-0.0013567828943341631,-0.11386456808527323,True
CSI300,000300.SH,2017-05-02,3427.9099999999999,3429.1300000000001,3421.4299999999998,3434.2600000000002,3431.6500000000001,3426.5700000000002,3439.75,-0.0020222124222448734,0.0055545642029914619,-0.0034421106185043016,-0.61969049104707818,True
CSI500,000905.SH,2017-05-02,6205.1000000000004,6209.9300000000003,6196.1700000000001,6212.9700000000003,6212.0799999999999,6216.1099999999997,6211.8500000000004,0.0031571467790643126,0.010427401335092831,-0.0010866328066517772,-0.10420935875890533,True
CSI1000,000852.SH,2017-05-03,7832.0100000000002,7825.8599999999997,7857.54,7843.3199999999997,7833.6199999999999,7830.6300000000001,7845.46,0.00043100809989193856,0.011289918576678947,-0.0017143672901269724,-0.15184939364117825,True
CSI300,000300.SH,2017-05-03,3421.75,3419.6199999999999,3430.9099999999999,3427.3400000000001,3422.7199999999998,3413.1199999999999,3426.5700000000002,-0.0038316738135037998,0.0053097228827840501,-0.0014066544678790205,-0.2649205050681418,True
CSI500,000905.SH,2017-05-03,6205.6800000000003,6197.9200000000001,6220.75,6211.6099999999997,6207.9099999999999,6197.4700000000003,6216.1099999999997,0.00068578603797564419,0.0098946771141896501,-0.0016778982353914396,-0.16957584527798464,True
CSI1000,000852.SH,2017-05-04,7804.7700000000004,7795.0100000000002,7794.9099999999999,7791.3100000000004,7809,7804.5799999999999,7830.6300000000001,-0.0018902651979616492,0.011212295484681566,-0.0033024162806823965,-0.29453525241055367,True
CSI300,000300.SH,2017-05-04,3404.9299999999998,3402.4299999999998,3402.71,3402.0999999999999,3402.3800000000001,3404.3800000000001,3413.1199999999999,-0.003925208006840708,0.0051933669172053443,-0.0023995640352522107,-0.46204400218721009,True
CSI500,000905.SH,2017-05-04,6180.0200000000004,6176.3999999999996,6178.1000000000004,6172.6199999999999,6183.0500000000002,6176.3000000000002,6197.4700000000003,-0.0029986599336240261,0.0098219722338059832,-0.0028156651020496692,-0.28667003276170006,True
CSI1000,000852.SH,2017-05-05,7780.1400000000003,7782.9700000000003,7768.7200000000003,7769.2299999999996,7765.54,7700.2600000000002,7804.5799999999999,-0.0033266799733865371,0.0095456351933308897,-0.0031314945839493458,-0.3280551289176839,True
CSI300,000300.SH,2017-05-05,3393.48,3392.73,3386,3383.2800000000002,3382.0799999999999,3382.5500000000002,3404.3800000000001,-0.0025607069191824205,0.003932191884855522,-0.0032017577356229232,-0.81424249613916366,True
CSI500,000905.SH,2017-05-05,6155.1899999999996,6158.3999999999996,6149.7799999999997,6150.2700000000004,6145.7600000000002,6089.6800000000003,6176.3000000000002,-0.0034159100407101795,0.0081683298865075846,-0.0034179039230608499,-0.41843362970765058,True
CSI1000,000852.SH,2017-05-08,7679.1599999999999,7678.3599999999997,7658.6000000000004,7638.0100000000002,7670.2200000000003,7555.2799999999997,7700.2600000000002,-0.01336651043361714,0.0096043649172254959,-0.0027401672151330381,-0.28530436304211315,True
CSI300,000300.SH,2017-05-08,3369.0999999999999,3372.3899999999999,3366.9000000000001,3360.0999999999999,3363.5900000000001,3358.8099999999999,3382.5500000000002,-0.0064123276484998604,0.0039437502328450334,-0.003976290077012945,-1.0082509901101007,True
CSI500,000905.SH,2017-05-08,6076.4499999999998,6078.25,6060.5100000000002,6048.4200000000001,6061.6000000000004,5975.54,6089.6800000000003,-0.014024577821673101,0.008412370101017027,-0.0021725279489235305,-0.25825396681737522,True
CSI1000,000852.SH,2017-05-09,7522.21,7541.0200000000004,7527.79,7490.7600000000002,7478.4499999999998,7602.96,7555.2799999999997,-0.018827935680093999,0.0099850714106604274,-0.0043770713990745058,-0.43836155186645781,True
CSI300,000300.SH,2017-05-09,3342.5900000000001,3346.1199999999999,3340.6700000000001,3333.1799999999998,3327.8699999999999,3352.5300000000002,3358.8099999999999,-0.0070183737121403134,0.0040412181545059845,-0.0048290912555338794,-1.1949593095214153,True
CSI500,000905.SH,2017-05-09,5953.8299999999999,5968.1300000000001,5958.6899999999996,5936.3299999999999,5922.4499999999998,6012,5975.54,-0.018743185191997025,0.008899508285723284,-0.0036331444522168521,-0.40824103260235101,True
CSI1000,000852.SH,2017-05-10,7597.7600000000002,7615.71,7627.21,7630.5,7623.1199999999999,7451.7700000000004,7602.96,0.0063108183945532748,0.010276977464176381,-0.00068394414806860482,-0.066551099333700597,True
CSI300,000300.SH,2017-05-10,3350.6500000000001,3357.6900000000001,3362.6599999999999,3364.0999999999999,3360.9899999999998,3337.6999999999998,3352.5300000000002,-0.0018697098079378804,0.0040320210714645914,-0.00056077052256064963,-0.13907926387819083,True
CSI500,000905.SH,2017-05-10,6010.7299999999996,6021.5600000000004,6029.4300000000003,6031.8400000000001,6026.0299999999997,5885.8400000000001,6012,0.0061015406139026673,0.0092085646852571208,-0.00021124417831008824,-0.022939967902738351,True
CSI1000,000852.SH,2017-05-11,7400.4099999999999,7396.5299999999997,7401.4499999999998,7403.3699999999999,7369.9799999999996,7387.1499999999996,7451.7700000000004,-0.01988567610509584,0.010302060233411394,-0.0068923222267999185,-0.6690236778510481,True
CSI300,000300.SH,2017-05-11,3322.9400000000001,3328.8000000000002,3335.9499999999998,3339.0700000000002,3338.54,3356.6399999999999,3337.6999999999998,-0.0044235249199858773,0.0038266993351035775,-0.0044222069089492333,-1.1556191175990411,True
CSI500,000905.SH,2017-05-11,5856.4099999999999,5855.7399999999998,5861.75,5863.8100000000004,5843.8599999999997,5872.6300000000001,5885.8400000000001,-0.020984697272122377,0.0093126502120322325,-0.0050001359194270512,-0.53691868647302143,True
CSI1000,000852.SH,2017-05-12,7368.0699999999997,7373.6599999999999,7366.4399999999996,7355.25,7307.3400000000001,7371.3000000000002,7387.1499999999996,-0.0086717652316161686,0.010306261486185062,-0.0025828634859180744,-0.25061109592263414,True
CSI300,000300.SH,2017-05-12,3350.9299999999998,3357.6799999999998,3356.3800000000001,3361.1300000000001,3362.0100000000002,3385.3699999999999,3356.6399999999999,0.005674566318123242,0.0042525609326295889,-0.0017011058677725011,-0.40001916368088702,True
CSI500,000905.SH,2017-05-12,5859.3299999999999,5863.9300000000003,5856.6300000000001,5851.5900000000001,5821.1400000000003,5863.7799999999997,5872.6300000000001,-0.0022443695377379891,0.0093335261274521061,-0.0022647433943565609,-0.24264606574522948,True
CSI1000,000852.SH,2017-05-15,7386.1999999999998,7405.2200000000003,7411.2600000000002,7389.4700000000003,7410.4099999999999,7391.6000000000004,7371.3000000000002,-0.0021456177280817501,0.010112500160287091,0.0020213530856156847,0.19988658131781914,True
CSI300,000300.SH,2017-05-15,3391.5799999999999,3397.9000000000001,3402.9699999999998,3398.75,3404.48,3399.1900000000001,3385.3699999999999,0.0085591543924876667,0.0048321308332675309,0.0018343637475373153,0.37961798031385291,True
CSI500,000905.SH,2017-05-15,5880.6899999999996,5897.3699999999999,5900.3699999999999,5887.0699999999997,5903.6599999999999,5893.5,5863.7799999999997,-0.0015069909052674024,0.0089893397470018604,0.002883805326939326,0.32080279621216201,True
CSI1000,000852.SH,2017-05-16,7377.7600000000002,7352.2700000000004,7349.1199999999999,7339.9300000000003,7350.6800000000003,7549.7600000000002,7391.6000000000004,0.0027539240025504785,0.010153971435791153,-0.0018723956924076024,-0.18440033087031366,True
CSI300,000300.SH,2017-05-16,3390.9200000000001,3386.8000000000002,3382.0900000000001,3378.1599999999999,3378.4899999999998,3428.6399999999999,3399.1900000000001,0.0040822716571600193,0.0047802313656549267,-0.0024329325515785039,-0.50895707037501814,True
CSI500,000905.SH,2017-05-16,5882.3299999999999,5859.3100000000004,5857.6700000000001,5853.0299999999997,5860.3900000000003,6014.7299999999996,5893.5,0.0050684029755549975,0.0091419341278144734,-0.0018953083905998147,-0.20732028519362333,True
CSI1000,000852.SH,2017-05-17,7545.21,7560.3500000000004,7564.6400000000003,7584.1300000000001,7592.5100000000002,7570.4300000000003,7549.7600000000002,0.021397261756588515,0.011614304181360195,-0.00060266816428600212,-0.051890165340531091,True
CSI300,000300.SH,2017-05-17,3423.1900000000001,3426.5700000000002,3423.8899999999999,3425.4000000000001,3421.98,3409.96,3428.6399999999999,0.0086638287356692878,0.0052646859926657975,-0.0015895515423024476,-0.3019271319347141,True
CSI500,000905.SH,2017-05-17,6006.46,6020.6999999999998,6028.6999999999998,6043.3699999999999,6037.3500000000004,6027.6499999999996,6014.7299999999996,0.020570119623313676,0.010663017242317087,-0.0013749578119049977,-0.12894641175748653,True
CSI1000,000852.SH,2017-05-18,7509.3999999999996,7519.4399999999996,7549.1300000000001,7552.79,7540.0799999999999,7519.1899999999996,7570.4300000000003,0.0027378353748992446,0.011620371327499041,-0.0080616292601609629,-0.69374971186019774,True
CSI300,000300.SH,2017-05-18,3387.6599999999999,3396.6599999999999,3403.98,3402.1700000000001,3399.1399999999999,3398.1100000000001,3409.96,-0.0054482243688459553,0.0052871496529637782,-0.0065396661544417922,-1.2368982502274926,True
CSI500,000905.SH,2017-05-18,5983.3500000000004,5990.1599999999999,6014.1499999999996,6010.8299999999999,6001.9499999999998,5976.3000000000002,6027.6499999999996,0.0021480598464103107,0.010718135918370009,-0.0073494645508612733,-0.68570361552001702,True
CSI1000,000852.SH,2017-05-19,7517.1300000000001,7539.2799999999997,7519.4899999999998,7519.6999999999998,7529.9200000000001,7510.1000000000004,7519.1899999999996,-0.0067684398376315347,0.011450844649142174,-0.000273965679813859,-0.023925368670020583,True
CSI300,000300.SH,2017-05-19,3395.23,3404.04,3400.0700000000002,3401.0999999999999,3403.8600000000001,3403.8400000000001,3398.1100000000001,-0.0034751140775844958,0.0052389047080854774,-0.00084752995047254753,-0.16177617225304938,True
CSI500,000905.SH,2017-05-19,5973.7600000000002,5989.4099999999999,5973.3299999999999,5973.6000000000004,5979.4899999999998,5974.9700000000003,5976.3000000000002,-0.0085190745978945825,0.010653881783190372,-0.0004250121312517896,-0.039892702012366145,True
CSI1000,000852.SH,2017-05-22,7500.5,7497.3999999999996,7513.3000000000002,7509.6499999999996,7491.0900000000001,7372.79,7510.1000000000004,-0.0012089068104409462,0.011444005481378366,-0.0012782785848390876,-0.11169852958556309,True
CSI300,000300.SH,2017-05-22,3400.5799999999999,3400.6799999999998,3409.8099999999999,3413.0799999999999,3417.23,3411.23,3403.8400000000001,0.0016862314639609632,0.0051263684348390242,-0.00095774184450514444,-0.18682657258816768,True
CSI500,000905.SH,2017-05-22,5962.2799999999997,5960.4799999999996,5979.2700000000004,5976.3000000000002,5965.1000000000004,5888.8100000000004,5974.9700000000003,-0.00022254572226965141,0.010656868250010965,-0.0021238600361174198,-0.19929495103922623,True
CSI1000,000852.SH,2017-05-23,7352.25,7359.6999999999998,7300.5100000000002,7311.9499999999998,7305.1800000000003,7138.2299999999996,7372.79,-0.018283378383776583,0.01193809552539337,-0.0027859195772563794,-0.23336382016130508,True
CSI300,000300.SH,2017-05-23,3405.02,3410.0799999999999,3405.2199999999998,3410.8200000000002,3415.2600000000002,3424.1900000000001,3411.23,0.0021710773714391784,0.0051442449923611395,-0.0018204577234605113,-0.35388239210297517,True
CSI500,000905.SH,2017-05-23,5879.5500000000002,5889.1800000000003,5859.5699999999997,5867.9700000000003,5863.7600000000002,5764.8699999999999,5888.8100000000004,-0.014420156084465674,0.010922574461630698,-0.0015724738954050466,-0.14396550016014104,True
CSI1000,000852.SH,2017-05-24,7099.2700000000004,7085.25,7043.46,7092.75,7157.4300000000003,7172.1400000000003,7138.2299999999996,-0.031814279261989098,0.012025114848791395,-0.0054579356507143961,-0.45387804768142864,True
CSI300,000300.SH,2017-05-24,3409.71,3413.4000000000001,3396.3499999999999,3396.5900000000001,3404.4099999999999,3424.1599999999999,3424.1900000000001,0.003799216118526072,0.0047276481290762576,-0.0042287373072171786,-0.89446955267447914,True
CSI500,000905.SH,2017-05-24,5740.4399999999996,5736.3199999999997,5708.1000000000004,5739.8199999999997,5786.0200000000004,5799.25,5764.8699999999999,-0.021046697040658535,0.010455401430900697,-0.0042377364970936915,-0.40531552280423777,True
CSI1000,000852.SH,2017-05-25,7160.1599999999999,7158.4899999999998,7154.29,7155.0900000000001,7124.4200000000001,7232.6300000000001,7172.1400000000003,0.004750477359233507,0.012072588873350644,-0.0016703522240224533,-0.13835907455687765,True
CSI300,000300.SH,2017-05-25,3414.3899999999999,3418.6100000000001,3428,3436.8499999999999,3439.8600000000001,3485.6500000000001,3424.1599999999999,-8.761196078510558e-06,0.0046775454296457868,-0.0028532545208167504,-0.60998969731712827,True
CSI500,000905.SH,2017-05-25,5788.5500000000002,5792.6700000000001,5790.3800000000001,5792.9399999999996,5772.4899999999998,5850.8000000000002,5799.25,0.0059637077679115524,0.010548607153404091,-0.0018450661723498074,-0.17491088117300821,True
CSI1000,000852.SH,2017-05-26,7224.8100000000004,7232.5600000000004,7245.7700000000004,7233.5100000000002,7252.25,7233.3299999999999,7232.6300000000001,0.00843402387571901,0.012271181852788238,-0.0010812111223718057,-0.088109779102176267,True
CSI300,000300.SH,2017-05-26,3479.6199999999999,3483.3299999999999,3491.0700000000002,3485.6399999999999,3488.3600000000001,3480.4299999999998,3485.6500000000001,0.017957688893042389,0.0062007463228751763,-0.0017299499376013383,-0.27899060008621529,True
CSI500,000905.SH,2017-05-26,5843.5200000000004,5849.3900000000003,5857.9200000000001,5851.4399999999996,5858.8400000000001,5836.9300000000003,5850.8000000000002,0.0088890804845453975,0.01081395596907863,-0.0012442742872769141,-0.1150618969445396,True
CSI1000,000852.SH,2017-05-31,7303.5799999999999,7301.8800000000001,7303.71,7294.21,7278.5600000000004,7212.6899999999996,7233.3299999999999,9.6783604304429005e-05,0.012099660041794084,0.0097119860423899862,0.80266602605720283,True
CSI300,000300.SH,2017-05-31,3495.0700000000002,3495.6300000000001,3508.98,3507.9000000000001,3493.1300000000001,3492.8800000000001,3480.4299999999998,-0.0014975686026996726,0.0062185289825285846,0.0042063767982691846,0.67642633974808353,True
CSI500,000905.SH,2017-05-31,5887.9399999999996,5893.9300000000003,5887.6599999999999,5879.8199999999997,5867.6400000000003,5824.1000000000004,5836.9300000000003,-0.0023706159841389018,0.010744525453327937,0.008739183097963954,0.81336147751943177,True
CSI1000,000852.SH,2017-06-01,7191.6800000000003,7175.4200000000001,7189.46,7164.1999999999998,7180.1899999999996,7016.3000000000002,7212.6899999999996,-0.0028534575361556236,0.011908100891941645,-0.0029129215313564716,-0.24461679975584358,True
CSI300,000300.SH,2017-06-01,3485.2199999999998,3482.0799999999999,3493.1999999999998,3484.1300000000001,3490.9899999999998,3497.73,3492.8800000000001,0.0035771442034462364,0.0062248027938271236,-0.0021930326836308023,-0.35230556794595019,True
CSI500,000905.SH,2017-06-01,5810.4099999999999,5796.6700000000001,5805.4399999999996,5791.7200000000003,5807.8000000000002,5710,5824.1000000000004,-0.0021980733022325394,0.010652075957364048,-0.0023505777716729126,-0.22066851391985232,True
CSI1000,000852.SH,2017-06-02,6989.4399999999996,6985.9899999999998,6970.8900000000003,6978.5799999999999,6956.46,7094.4200000000001,7016.3000000000002,-0.027228398835940415,0.012916805454795989,-0.0038282285535111704,-0.29637580026335036,True
CSI300,000300.SH,2017-06-02,3491.5799999999999,3495.1399999999999,3492.6799999999998,3488.2199999999998,3478.8600000000001,3486.5,3497.73,0.0013885389707060103,0.0061297517980069332,-0.0017582832294088524,-0.28684411495756679,True
CSI500,000905.SH,2017-06-02,5696.8199999999997,5696.5699999999997,5689.5100000000002,5692.3800000000001,5677.75,5772.5100000000002,5710,-0.019591009769749923,0.011216432243393247,-0.002308231173380082,-0.20579014104415302,True
CSI1000,000852.SH,2017-06-05,7102.4899999999998,7114.5799999999999,7139.3999999999996,7148.1099999999997,7157.75,7160.5200000000004,7094.4200000000001,0.01113407351453044,0.013426095326028353,0.0011375137079563391,0.084724089940811806,True
CSI300,000300.SH,2017-06-05,3480.1599999999999,3483.29,3476.8600000000001,3472.29,3471.02,3468.75,3486.5,-0.003210653766871685,0.0061012679167353669,-0.0018184425641761814,-0.29804338852065748,True
CSI500,000905.SH,2017-06-05,5778.1800000000003,5801.5200000000004,5817.2799999999997,5819.0600000000004,5823.8400000000001,5815.79,5772.5100000000002,0.010947460595446712,0.011715942095328221,0.00098224169382121751,0.083838046128009658,True
CSI1000,000852.SH,2017-06-06,7147.1700000000001,7137.46,7165.1300000000001,7149.1899999999996,7179.1499999999996,7197.6099999999997,7160.5200000000004,0.0093171816723567336,0.013793667102401935,-0.0018643897370582696,-0.13516273252191344,True
CSI300,000300.SH,2017-06-06,3464.3699999999999,3461.8200000000002,3480.77,3474.3299999999999,3478.4200000000001,3492.8800000000001,3468.75,-0.0050910655385056902,0.0062061085981039849,-0.0012627027027027893,-0.20346126445298668,True
CSI500,000905.SH,2017-06-06,5808.9700000000003,5803.3100000000004,5816.2700000000004,5810.6899999999996,5831.5200000000004,5841.5200000000004,5815.79,0.0074976050279687012,0.011970469447469675,-0.0011726695771339113,-0.097963541219495853,True
CSI1000,000852.SH,2017-06-07,7194.6899999999996,7201.1300000000001,7223.1599999999999,7242.1700000000001,7271.6499999999996,7347.5900000000001,7197.6099999999997,0.005179791411796808,0.013768811701494358,-0.0004056902221709624,-0.02946443244095872,True
CSI300,000300.SH,2017-06-07,3493.8800000000001,3493.6700000000001,3509.6300000000001,3517.71,3525.4099999999999,3533.8699999999999,3492.8800000000001,0.006956396396396336,0.0060896682250321816,0.00028629669499102839,0.047013512791087307,True
CSI500,000905.SH,2017-06-07,5838.8800000000001,5844.1800000000003,5861.04,5877.2299999999996,5900.3900000000003,5955.0200000000004,5841.5200000000004,0.0044241624955509984,0.011780192059683824,-0.00045193716703872955,-0.038364159493241692,True
CSI1000,000852.SH,2017-06-08,7349.9200000000001,7358.2799999999997,7367.4099999999999,7354.79,7360.1000000000004,7342.4799999999996,7347.5900000000001,0.020837472438767879,0.014259205395978705,0.00031711078054152964,0.022239021862393488,True
CSI300,000300.SH,2017-06-08,3531.2399999999998,3533.1900000000001,3537.3600000000001,3533.6799999999998,3537.3200000000002,3560.9699999999998,3533.8699999999999,0.011735301527679098,0.0061326254636315759,-0.00074422658445272294,-0.12135529698759917,True
CSI500,000905.SH,2017-06-08,5947.9700000000003,5955.3999999999996,5961.21,5954.5100000000002,5959.9200000000001,5958.9700000000003,5955.0200000000004,0.019429874416247772,0.012016737170850153,-0.0011838751171281414,-0.098518849193102997,True
CSI1000,000852.SH,2017-06-09,7331.5,7334.0200000000004,7329.0200000000004,7306.3000000000002,7302.3599999999997,7348.5200000000004,7342.4799999999996,-0.00069546613243265387,0.014148132103506685,-0.0014954075462241256,-0.1056964647547701,True
CSI300,000300.SH,2017-06-09,3561.2399999999998,3568.6399999999999,3577.3899999999999,3579.02,3583.27,3576.1700000000001,3560.9699999999998,0.0076686465546269567,0.006140779044295371,7.5822037253869823e-05,0.012347299374711518,True
CSI500,000905.SH,2017-06-09,5952.3999999999996,5953.4499999999998,5949.9899999999998,5936.1499999999996,5934.4399999999996,5969.2700000000004,5958.9700000000003,0.00066330591668872785,0.011930163805662908,-0.0011025395328387866,-0.092416126953382027,True
CSI1000,000852.SH,2017-06-12,7314.6599999999999,7305.0100000000002,7290.8900000000003,7321.0200000000004,7288.5900000000001,7246.71,7348.5200000000004,0.00082261034418906753,0.013485240806723843,-0.0046077305362168808,-0.34168693034531733,True
CSI300,000300.SH,2017-06-12,3570.21,3578.0100000000002,3580.9299999999998,3599.7199999999998,3591.25,3574.3800000000001,3576.1700000000001,0.0042684998750341929,0.0058872382619089428,-0.0016665874385166646,-0.28308476137269023,True
CSI500,000905.SH,2017-06-12,5943.6400000000003,5935.5500000000002,5922.6800000000003,5948.1300000000001,5926.6400000000003,5902.8500000000004,5969.2700000000004,0.0017284866344351446,0.010901770801442317,-0.0042936573483860485,-0.39384953385903076,True
CSI1000,000852.SH,2017-06-13,7234.2700000000004,7255.4099999999999,7264.71,7277.9399999999996,7289.8100000000004,7352.9700000000003,7246.71,-0.013854490428004573,0.013696445601765398,-0.0017166410688436162,-0.12533478529804482,True
CSI300,000300.SH,2017-06-13,3569.1500000000001,3572.1900000000001,3561.4499999999998,3559.9299999999998,3565.0900000000001,3582.2600000000002,3574.3800000000001,-0.00050053548908468581,0.0059274813329625049,-0.0014631908191070631,-0.24684865913795678,True
CSI500,000905.SH,2017-06-13,5895.46,5915.1400000000003,5921.7399999999998,5928.9200000000001,5935.0200000000004,5980.0500000000002,5902.8500000000004,-0.011126988727264808,0.011207286815678404,-0.0012519376233515178,-0.11170746710971322,True
CSI1000,000852.SH,2017-06-14,7346.5200000000004,7344.1199999999999,7355.8299999999999,7357.9499999999998,7362.7600000000002,7362.8500000000004,7352.9700000000003,0.01466320578579805,0.014123088870628318,-0.00087719656138940394,-0.062110815093269225,True
CSI300,000300.SH,2017-06-14,3571.2399999999998,3564.1199999999999,3565.9699999999998,3563.5300000000002,3554,3535.29,3582.2600000000002,0.0022045781366279993,0.0057918306755179944,-0.0030762702874722603,-0.53113954116021067,True
CSI500,000905.SH,2017-06-14,5976.0100000000002,5977.1400000000003,5983.4099999999999,5982.6400000000003,5979.5500000000002,5966.4300000000003,5980.0500000000002,0.013078428216878324,0.011551646041540605,-0.00067557963562181467,-0.058483408614874319,True
CSI1000,000852.SH,2017-06-15,7350,7373.5900000000001,7382.4700000000003,7393.7200000000003,7414.3699999999999,7455.3800000000001,7362.8500000000004,0.0013436747327950638,0.014111978802256252,-0.0017452481036556167,-0.12367139492702348,True
CSI300,000300.SH,2017-06-15,3530.7399999999998,3536.1199999999999,3529.1199999999999,3521.79,3520.4499999999998,3528.79,3535.29,-0.013111834428545133,0.006788984448224282,-0.0012870231296443491,-0.18957520663948216,True
CSI500,000905.SH,2017-06-15,5959.4700000000003,5978.9899999999998,5983.9099999999999,5985.8500000000004,5992,6021.1599999999999,5966.4300000000003,-0.0022775729299921998,0.011533779887847172,-0.0011665267169814753,-0.10114001899850825,True
CSI1000,000852.SH,2017-06-16,7453.6000000000004,7461.8999999999996,7458.9700000000003,7451.4899999999998,7440.6700000000001,7442.9499999999998,7455.3800000000001,0.012567144516050233,0.01353016784376072,-0.00023875375903037455,-0.017646030839186748,True
CSI300,000300.SH,2017-06-16,3522.9699999999998,3528.3299999999999,3533.4000000000001,3527.6500000000001,3525.8499999999999,3518.7600000000002,3528.79,-0.0018386044709203242,0.0066500854686855834,-0.0016492905500186117,-0.24801042900650128,True
CSI500,000905.SH,2017-06-16,6016.9700000000003,6019.8000000000002,6021.0600000000004,6012.8599999999997,6008.3599999999997,6013,6021.1599999999999,0.0091729895431604813,0.010754474710583817,-0.0006958791993568747,-0.064706014759794636,True
CSI1000,000852.SH,2017-06-19,7435.25,7442.5100000000002,7461.1700000000001,7453.3100000000004,7446.8100000000004,7489.7600000000002,7442.9499999999998,-0.0016672523734538869,0.013509820441325097,-0.001034536037458289,-0.076576594185793462,True
CSI300,000300.SH,2017-06-19,3520.0599999999999,3521.4099999999999,3539.8400000000001,3537.9299999999998,3543.9200000000001,3553.6599999999999,3518.7600000000002,-0.0028423340578498379,0.0065320586424964019,0.00036944832838825548,0.056559248562878923,True
CSI500,000905.SH,2017-06-19,6010.9300000000003,6014.75,6028.25,6025.0200000000004,6022.1000000000004,6057.4099999999999,6013,-0.0013552205887237267,0.010748035252843246,-0.00034425411608174361,-0.032029492645241922,True
CSI1000,000852.SH,2017-06-20,7496.8800000000001,7504.8999999999996,7509.4899999999998,7517.3500000000004,7510.1199999999999,7503.8000000000002,7489.7600000000002,0.0062891729757690307,0.013519752070979744,0.0009506312618827728,0.070314252575926328,True
CSI300,000300.SH,2017-06-20,3560.7800000000002,3560.9499999999998,3554.29,3550.3499999999999,3544.9000000000001,3546.4899999999998,3553.6599999999999,0.0099182666621195903,0.0066703356377819378,0.0020035681522712068,0.30036991555906861,True
CSI500,000905.SH,2017-06-20,6061.1099999999997,6066.4300000000003,6069.0299999999997,6072.9300000000003,6064.6400000000003,6066.8999999999996,6057.4099999999999,0.0073856643938132738,0.010677892098024774,0.00061082211704333034,0.05720437249560912,True
CSI1000,000852.SH,2017-06-21,7510.0100000000002,7498.8900000000003,7488.9099999999999,7508.1999999999998,7501.7600000000002,7504.1899999999996,7503.8000000000002,0.001874559398431952,0.013524123615533195,0.000827580692449148,0.061192925765528081,True
CSI300,000300.SH,2017-06-21,3567.1199999999999,3553.9299999999998,3548.29,3562.2800000000002,3569.3299999999999,3587.9499999999998,3546.4899999999998,-0.0020176381533405507,0.0067382194060266474,0.0058170190808377598,0.86328727670028549,True
CSI500,000905.SH,2017-06-21,6074.6000000000004,6062.6899999999996,6052.79,6066.9300000000003,6066.1700000000001,6078.1899999999996,6066.8999999999996,0.0015666761866870438,0.01067699904062471,0.0012691819545402883,0.11887066297479301,True
CSI1000,000852.SH,2017-06-22,7495.9099999999999,7493.6400000000003,7497.9399999999996,7506.1199999999999,7496.6199999999999,7371.96,7504.1899999999996,5.1973666675531049e-05,0.012819338087198599,-0.0011033835763752942,-0.086071805647838701,True
CSI300,000300.SH,2017-06-22,3583.5500000000002,3588.5700000000002,3605.0799999999999,3612.0799999999999,3605.0500000000002,3590.3400000000001,3587.9499999999998,0.011690431948207847,0.0070731505581635174,-0.0012263270112459201,-0.17337776160165963,True
CSI500,000905.SH,2017-06-22,6074.3599999999997,6073.6400000000003,6078.25,6093.5699999999997,6083.1599999999999,5992.3299999999999,6078.1899999999996,0.0018609174372414827,0.010056677978251237,-0.00063012179612675911,-0.062657052109003838,True
CSI1000,000852.SH,2017-06-23,7355.75,7358.4300000000003,7368.6300000000001,7382.8900000000003,7368.96,7376.6599999999999,7371.96,-0.017620822500496347,0.01119991719586705,-0.0021988724843867713,-0.19632935189897571,True
CSI300,000300.SH,2017-06-23,3583.4299999999998,3588.7600000000002,3580.8499999999999,3586.0799999999999,3589.25,3622.8800000000001,3590.3400000000001,0.00066611853565423651,0.0070787736579146759,-0.0019246088114218685,-0.27188449644381424,True
CSI500,000905.SH,2017-06-23,5978.2299999999996,5986.1599999999999,5997.2200000000003,6006.8699999999999,5996.8400000000001,6010.3100000000004,5992.3299999999999,-0.01412591577426825,0.0093279176537872065,-0.0023530079284685979,-0.25225436327830986,True
CSI1000,000852.SH,2017-06-26,7370.6099999999997,7378.79,7378,7372.2600000000002,7399.3699999999999,7462.0900000000001,7376.6599999999999,0.00063755093625039727,0.011178157604068338,-0.00082015437881099995,-0.073371158992471291,True
CSI300,000300.SH,2017-06-26,3627.02,3643.1500000000001,3654.71,3654.04,3662.9299999999998,3668.0900000000001,3622.8800000000001,0.0090632084983595096,0.0072061090796412914,0.0011427372697963012,0.15857895809886696,True
CSI500,000905.SH,2017-06-26,6013.4700000000003,6020.7799999999997,6031.8400000000001,6031.8199999999997,6057.8699999999999,6111.6400000000003,6010.3100000000004,0.0030005023087849025,0.0092847140939029058,0.00052576323018271864,0.056626754993778138,True
CSI1000,000852.SH,2017-06-27,7461.3900000000003,7471.3999999999996,7482.6999999999998,7474.8100000000004,7479.0799999999999,7474.0299999999997,7462.0900000000001,0.01158112207964046,0.011302857419408797,-9.3807498971476555e-05,-0.0082994499081616487,True
CSI300,000300.SH,2017-06-27,3665.5700000000002,3665.8800000000001,3658.8200000000002,3653.98,3654.6799999999998,3674.71,3668.0900000000001,0.012479022214370916,0.0066869815548719546,-0.00068700604401750187,-0.10273784044117301,True
CSI500,000905.SH,2017-06-27,6109.3699999999999,6117.5100000000002,6121.3000000000002,6115.5799999999999,6115.9899999999998,6113.1599999999999,6111.6400000000003,0.016859363327349053,0.0097624076749461206,-0.00037142240053411602,-0.038046188286862945,True
CSI1000,000852.SH,2017-06-28,7457.3599999999997,7444.1199999999999,7434.1300000000001,7431.5699999999997,7436.96,7423.46,7474.0299999999997,0.0016000879110276145,0.01129716511596986,-0.0022303897629525338,-0.19742915501868852,True
CSI300,000300.SH,2017-06-28,3664.1599999999999,3657.4299999999998,3663.2399999999998,3659.8000000000002,3656.8099999999999,3646.1599999999999,3674.71,0.0018047539727759077,0.006621571472480047,-0.0028709748524373691,-0.43357907777171095,True
CSI500,000905.SH,2017-06-28,6102.2200000000003,6093.8299999999999,6091.5299999999997,6089.6899999999996,6096.0100000000002,6086.21,6113.1599999999999,0.00024870574837509984,0.0097149156439845872,-0.0017895818202041669,-0.18420971275363202,True
CSI1000,000852.SH,2017-06-29,7424.96,7439.7299999999996,7450.0900000000001,7449.1099999999997,7446.0699999999997,7456.6700000000001,7423.46,-0.0067660953996705464,0.011413427648366116,0.00020206211119888629,0.017703893819120357,True
CSI300,000300.SH,2017-06-29,3649.25,3650.4099999999999,3655.6700000000001,3656.0500000000002,3654.1300000000001,3668.8200000000002,3646.1599999999999,-0.0077693205722356717,0.007020182233192878,0.00084746692410653246,0.12071865030789843,True
CSI500,000905.SH,2017-06-29,6089.9200000000001,6104.4799999999996,6110.6199999999999,6109.3699999999999,6107.3800000000001,6116.9899999999998,6086.21,-0.0044085219428249278,0.009781836913558337,0.000609574759990128,0.062317002969576513,True
CSI1000,000852.SH,2017-06-30,7435.6999999999998,7435.4899999999998,7435.8800000000001,7440.1099999999997,7424.3900000000003,7465.7600000000002,7456.6700000000001,0.004473655141941979,0.0091998806906332161,-0.0028122472900101725,-0.30568301748450272,True
CSI300,000300.SH,2017-06-30,3654.73,3653.5999999999999,3653.29,3656.1399999999999,3649.79,3666.79,3668.8200000000002,0.0062147574434474606,0.0070745323837116654,-0.0038404718683391348,-0.54285875871900735,True
CSI500,000905.SH,2017-06-30,6101.3599999999997,6100.3999999999996,6104.3400000000001,6109.4200000000001,6097.9700000000003,6138.1499999999996,6116.9899999999998,0.0050573345316706764,0.0083304409670134395,-0.0025551782821289226,-0.30672785417324477,True
CSI1000,000852.SH,2017-07-03,7468.1499999999996,7477.5,7471.9200000000001,7479.4899999999998,7479.6099999999997,7537.1000000000004,7465.7600000000002,0.0012190428166996004,0.0090086673818178167,0.00032012815841908626,0.035535573115419994,True
CSI300,000300.SH,2017-07-03,3667.23,3665,3653.8899999999999,3653.8800000000001,3639.3000000000002,3650.8400000000001,3666.79,-0.00055331141893044666,0.006987749315901722,0.00011999596377210153,0.017172333801247257,True
CSI500,000905.SH,2017-07-03,6142.1700000000001,6149.2700000000004,6146.1599999999999,6148.4200000000001,6142.0600000000004,6177.3900000000003,6138.1499999999996,0.0034592176871304225,0.0081433953639780676,0.00065492045648940511,0.080423512210449147,True
CSI1000,000852.SH,2017-07-04,7533.9799999999996,7532.6599999999999,7531.5799999999999,7534.1800000000003,7536.1000000000004,7523.6899999999996,7537.1000000000004,0.0095556246115600096,0.0090181877387154902,-0.00041395231587759707,-0.045901940375501493,True
CSI300,000300.SH,2017-07-04,3646.8200000000002,3640.1199999999999,3624.6300000000001,3625.29,3629.4699999999998,3619.98,3650.8400000000001,-0.0043498536867395687,0.006946952568380506,-0.0011011164553911268,-0.15850352288324637,True
CSI500,000905.SH,2017-07-04,6169.0299999999997,6169.5699999999997,6164.3599999999997,6160.7299999999996,6162.1899999999996,6146.8500000000004,6177.3900000000003,0.0063928056499109598,0.0081157444165416825,-0.0013533223578243714,-0.16675270786817795,True
CSI1000,000852.SH,2017-07-05,7520.8599999999997,7520.8199999999997,7525.2700000000004,7524.3100000000004,7523.3199999999997,7588.0799999999999,7523.6899999999996,-0.0017791988961272098,0.0090478016737464105,-0.00037614521597784112,-0.041573105771016659,True
CSI300,000300.SH,2017-07-05,3611.8899999999999,3613.73,3616.52,3616.3000000000002,3618.1100000000001,3659.6700000000001,3619.98,-0.0084528492073057127,0.0072829103844817486,-0.0022348189769004767,-0.30685795360909224,True
CSI500,000905.SH,2017-07-05,6135.71,6136.96,6141.8400000000001,6140.0900000000001,6139.1899999999996,6193.96,6146.8500000000004,-0.0049438355033436521,0.0083005960711408817,-0.0018123103703523435,-0.21833496713004721,True
CSI1000,000852.SH,2017-07-06,7583.1400000000003,7585.1899999999996,7595.0100000000002,7591.8999999999996,7610.5900000000001,7601.7799999999997,7588.0799999999999,0.0085583005147740199,0.0080861064174186786,-0.0006510210751599077,-0.08051106942613459,True
CSI300,000300.SH,2017-07-06,3654.5500000000002,3653.9899999999998,3659.77,3652.5300000000002,3650.4699999999998,3660.0999999999999,3659.6700000000001,0.010964148973198862,0.0072294643836079524,-0.0013990332461669697,-0.19351824311343588,True
CSI500,000905.SH,2017-07-06,6187.4300000000003,6190.3900000000003,6199.9700000000003,6194.5,6208.8699999999999,6201.6499999999996,6193.96,0.0076640881101701641,0.0074133021062201699,-0.0010542528527791584,-0.14221096586561366,True
CSI1000,000852.SH,2017-07-07,7585.3299999999999,7585.8100000000004,7580.8199999999997,7586.6400000000003,7591.1499999999996,7623.3800000000001,7601.7799999999997,0.0018054633056057146,0.008067360689998606,-0.0021639668603932183,-0.26823727654522317,True
CSI300,000300.SH,2017-07-07,3647.6399999999999,3646.0100000000002,3636.8099999999999,3638.2600000000002,3636.3699999999999,3655.9200000000001,3660.0999999999999,0.00011749693278351181,0.0071015337440531153,-0.0034042785716237312,-0.47937230101518602,True
CSI500,000905.SH,2017-07-07,6182.4499999999998,6184.1599999999999,6181.2399999999998,6186.3999999999996,6187.6300000000001,6226.0100000000002,6201.6499999999996,0.0012415320731808954,0.0074089614190757649,-0.0030959502712987197,-0.41786562193826698,True
CSI1000,000852.SH,2017-07-10,7613.3100000000004,7615.3800000000001,7619.3800000000001,7623.0100000000002,7600.79,7577.8100000000004,7623.3800000000001,0.002841439768054288,0.0080675422861495923,-0.0013209363825494869,-0.16373467106795075,True
CSI300,000300.SH,2017-07-10,3647.9299999999998,3645.29,3650.7600000000002,3662.3200000000002,3660.4200000000001,3653.6799999999998,3655.9200000000001,-0.0011420452993087249,0.0070894640326246679,-0.0021854964003589217,-0.30827385403206642,True
CSI500,000905.SH,2017-07-10,6221.5200000000004,6225.0200000000004,6232.54,6231.4399999999996,6214.5299999999997,6206.5500000000002,6226.0100000000002,0.0039279869067103679,0.0074206600654267056,-0.00072116813175693295,-0.097183825346871491,True
CSI1000,000852.SH,2017-07-11,7566.3999999999996,7574.4700000000003,7557.46,7549.0699999999997,7560.7600000000002,7484.0500000000002,7577.8100000000004,-0.0059776634511200522,0.0074263538172136398,-0.001505712072485399,-0.20275253637865864,True
CSI300,000300.SH,2017-07-11,3646.8699999999999,3657.3499999999999,3662.5700000000002,3654.8299999999999,3673.02,3670.8000000000002,3653.6799999999998,-0.00061270487319209366,0.0070908637559200767,-0.0018638742309123879,-0.26285573874639206,True
CSI500,000905.SH,2017-07-11,6194.6099999999997,6201.4399999999996,6190.1499999999996,6186.46,6193.75,6128.9899999999998,6206.5500000000002,-0.0031255972926480524,0.0068628198273481562,-0.0019237740773860867,-0.28031831314001537,True
CSI1000,000852.SH,2017-07-12,7471.5600000000004,7490.21,7486.29,7450.4499999999998,7441.1300000000001,7474.3299999999999,7484.0500000000002,-0.012372967915532329,0.0075104777217679239,-0.0016688824900955579,-0.22220723526794678,True
CSI300,000300.SH,2017-07-12,3672.6300000000001,3677.4099999999999,3686.3099999999999,3676.9699999999998,3685.0500000000002,3658.8200000000002,3670.8000000000002,0.0046856867596505314,0.0071323895524737918,0.00049852893102309004,0.069896481025798804,True
CSI500,000905.SH,2017-07-12,6124.9499999999998,6139.9099999999999,6137.8500000000004,6110.4099999999999,6104.79,6132.9899999999998,6128.9899999999998,-0.012496475497659754,0.0071704544015788576,-0.00065916243948838105,-0.091927568682849514,True
CSI1000,000852.SH,2017-07-13,7463.2700000000004,7466.6400000000003,7473.9399999999996,7468.1700000000001,7469.3900000000003,7474.29,7474.3299999999999,-0.0012987620339255379,0.0075256878785242747,-0.0014797312936409845,-0.19662405849485584,True
CSI300,000300.SH,2017-07-13,3656.3499999999999,3661.96,3674.5700000000002,3675.6300000000001,3668.3400000000001,3686.9200000000001,3658.8200000000002,-0.0032635937670262294,0.0063903495172458061,-0.00067508103705571365,-0.10564070638606769,True
CSI500,000905.SH,2017-07-13,6134.75,6134.6000000000004,6143.25,6140.5200000000004,6145.1899999999996,6149.9300000000003,6132.9899999999998,0.00065263607870136298,0.0071242580918432349,0.00028697258596555031,0.040281048533897634,True
CSI1000,000852.SH,2017-07-14,7460.5200000000004,7445.5299999999997,7425.7200000000003,7458.21,7460.6700000000001,7433.1800000000003,7474.29,-5.3516502482864325e-06,0.0069955830794345532,-0.0018423154573878886,-0.26335409593002806,True
CSI300,000300.SH,2017-07-14,3682.6100000000001,3687.02,3677.0700000000002,3681.0799999999999,3682.3200000000002,3703.0900000000001,3686.9200000000001,0.0076800717171110477,0.0064639855367286123,-0.0011689974287480975,-0.18084777914582414,True
CSI500,000905.SH,2017-07-14,6143.3199999999997,6127.2799999999997,6112.9700000000003,6139.0699999999997,6138.7600000000002,6128.7399999999998,6149.9300000000003,0.0027621111399172005,0.0068967931912299928,-0.0010748089815657558,-0.15584184587881944,True
CSI1000,000852.SH,2017-07-17,7405.9099999999999,7379.0699999999997,7125.5900000000001,7178.71,7211.5200000000004,7048.5299999999997,7433.1800000000003,-0.005500187977720894,0.007099714863129063,-0.0036686855423924136,-0.51673702579873904,True
CSI300,000300.SH,2017-07-17,3700.6100000000001,3715.6100000000001,3642.9299999999998,3666.5900000000001,3682.3899999999999,3663.5500000000002,3703.0900000000001,0.0043857745760689237,0.0063677504016592546,-0.00066971097110790634,-0.10517230244034043,True
CSI500,000905.SH,2017-07-17,6108.4499999999998,6088.8000000000002,5916.4200000000001,5962.75,5991.1400000000003,5876.4499999999998,6128.7399999999998,-0.0034455676731280915,0.0069512829850776701,-0.0033106315490623039,-0.47626194418630946,True
CSI1000,000852.SH,2017-07-18,7013.3100000000004,7050.0299999999997,7066.4499999999998,7033.8500000000004,7033.79,7109.6000000000004,7048.5299999999997,-0.05174770421273267,0.013421772393679438,-0.0049967865640068165,-0.3722896214780021,True
CSI300,000300.SH,2017-07-18,3648.4899999999998,3651.27,3666.5300000000002,3662.4699999999998,3655.4000000000001,3667.1799999999998,3663.5500000000002,-0.010677569273228604,0.0067704139919900191,-0.0041107668791200425,-0.60716625068768804,True
CSI500,000905.SH,2017-07-18,5854.0699999999997,5884.6700000000001,5898.2200000000003,5871.6700000000001,5878.5500000000002,5938.4300000000003,5876.4499999999998,-0.04116506818693566,0.011550984648515479,-0.0038084217512274199,-0.3297053772568968,True
CSI1000,000852.SH,2017-07-19,7097.54,7087.2600000000002,7096.9200000000001,7106.9799999999996,7118.6300000000001,7202.8000000000002,7109.6000000000004,0.008664217929128526,0.013634236918576599,-0.0016962979633172726,-0.12441458758913546,True
CSI300,000300.SH,2017-07-19,3660.8600000000001,3665.1100000000001,3669.7800000000002,3680.79,3706.6300000000001,3729.7399999999998,3667.1799999999998,0.00099084221588330301,0.0067203147369054271,-0.0017233950883238647,-0.25644559158213687,True
CSI500,000905.SH,2017-07-19,5928,5923.5500000000002,5939.8500000000004,5951.04,5972.4700000000003,6059.3500000000004,5938.4300000000003,0.010547184099243712,0.011845262558481459,-0.0017563564780590513,-0.14827501453747538,True
CSI1000,000852.SH,2017-07-20,7199.6700000000001,7208.6800000000003,7231.1000000000004,7247.8100000000004,7266.2799999999997,7244.8999999999996,7202.8000000000002,0.013109035670079816,0.014073635711505456,-0.00043455322929975004,-0.030877112226551009,True
CSI300,000300.SH,2017-07-20,3725.1399999999999,3734.46,3727.9200000000001,3725.5999999999999,3727.9400000000001,3747.8800000000001,3729.7399999999998,0.017059429861637554,0.0072285777925142772,-0.0012333299372073725,-0.17061861580635906,True
CSI500,000905.SH,2017-07-20,6052.5100000000002,6065.6199999999999,6079.5799999999999,6087.7200000000003,6106.1800000000003,6099.2799999999997,6059.3500000000004,0.020362284307468448,0.012767165285227903,-0.0011288339508362943,-0.088416960665684996,True
CSI1000,000852.SH,2017-07-21,7232.8000000000002,7236.7200000000003,7256.1000000000004,7254.6400000000003,7245.5100000000002,7252.6999999999998,7244.8999999999996,0.0058449491864274172,0.013670918279557734,-0.00167014037460822,-0.12216738776835484,True
CSI300,000300.SH,2017-07-21,3738.1799999999998,3734.9499999999998,3738.8699999999999,3746,3739.5300000000002,3728.5900000000001,3747.8800000000001,0.0048636097958572044,0.007249800254912263,-0.0025881298227264926,-0.35699325936226284,True
CSI500,000905.SH,2017-07-21,6089.6499999999996,6091.1099999999997,6105.4499999999998,6111.4300000000003,6109.96,6126.1000000000004,6099.2799999999997,0.0065898157393118328,0.012402497877533033,-0.0015788748835928734,-0.12730297551213335,True
CSI1000,000852.SH,2017-07-24,7235.0100000000002,7235.6800000000003,7247.46,7241.9899999999998,7241.25,7292.6400000000003,7252.6999999999998,0.0010766194150368946,0.013673663126912112,-0.0024390916486273229,-0.1783788020802394,True
CSI300,000300.SH,2017-07-24,3724.3699999999999,3721.98,3742.0999999999999,3741.1900000000001,3741.5599999999999,3743.46,3728.5900000000001,-0.0051469097196281677,0.0072354440409945148,-0.0011317951289898653,-0.15642372777363084,True
CSI500,000905.SH,2017-07-24,6121.3199999999997,6126.3400000000001,6139.25,6142.0900000000001,6141.7299999999996,6167.1199999999999,6126.1000000000004,0.0043972403300063245,0.012418520272508015,-0.00078026803349617868,-0.062830998893123172,True
CSI1000,000852.SH,2017-07-25,7281.3900000000003,7287.4200000000001,7269.6700000000001,7279.2600000000002,7275.25,7278.8400000000001,7292.6400000000003,0.005506914666262297,0.013450861663146605,-0.0015426512209569809,-0.11468791067739696,True
CSI300,000300.SH,2017-07-25,3742.6399999999999,3748.6399999999999,3737.29,3740.3000000000002,3743.1199999999999,3719.5500000000002,3743.46,0.0039881027412507208,0.0067905304691759207,-0.00021904868757782747,-0.0322579640238932,True
CSI500,000905.SH,2017-07-25,6159.4099999999999,6163.3299999999999,6149.4799999999996,6160.1899999999996,6148.2799999999997,6153.5900000000001,6167.1199999999999,0.0066959403209219115,0.011935174717265998,-0.0012501783652660858,-0.1047473870204445,True
CSI1000,000852.SH,2017-07-26,7275.8699999999999,7281.7700000000004,7284.46,7267.9200000000001,7249.1800000000003,7289.8699999999999,7278.8400000000001,-0.0018923188310406847,0.013437178085243924,-0.00040803204906281199,-0.030365903203358864,True
CSI300,000300.SH,2017-07-26,3722.8699999999999,3725.2399999999998,3735.3800000000001,3723.9000000000001,3708.9299999999998,3705.3800000000001,3719.5500000000002,-0.0063871391707136516,0.0069861740300068897,0.00089258109179857215,0.12776393602059924,True
CSI500,000905.SH,2017-07-26,6151.8500000000004,6157.6499999999996,6155.9499999999998,6135.8100000000004,6120.6400000000003,6146.6999999999998,6153.5900000000001,-0.0021938927732879643,0.011950591680982404,-0.00028276176995867264,-0.023660901276431869,True
CSI1000,000852.SH,2017-07-27,7274.1400000000003,7265.5699999999997,7289.5500000000002,7286.4700000000003,7267.5500000000002,7383.1099999999997,7289.8699999999999,0.0015153513471926061,0.013385237761185781,-0.002157788822022777,-0.16120661138197229,True
CSI300,000300.SH,2017-07-27,3700.8499999999999,3689.3899999999999,3690.1799999999998,3686.5100000000002,3681.3600000000001,3712.1900000000001,3705.3800000000001,-0.0038096006237313684,0.0067889443843686592,-0.0012225466753748027,-0.18007905296583071,True
CSI500,000905.SH,2017-07-27,6136.96,6129.2399999999998,6148.21,6143.4399999999996,6120.4300000000003,6184.0200000000004,6146.6999999999998,-0.0011196716063306411,0.011903498704184858,-0.0015845901052596867,-0.133119694019255,True
CSI1000,000852.SH,2017-07-28,7366.5500000000002,7368.3699999999999,7378.4200000000001,7392.04,7375.6499999999996,7386.1999999999998,7383.1099999999997,0.012790351542619982,0.013684202696910994,-0.002242957236178178,-0.16390850719307837,True
CSI300,000300.SH,2017-07-28,3703.4899999999998,3697.4099999999999,3711.3899999999999,3718.9099999999999,3717.9099999999999,3721.8899999999999,3712.1900000000001,0.0018378681808612907,0.0066757530450669792,-0.0023436300404883204,-0.35106601827042366,True
CSI500,000905.SH,2017-07-28,6170.6499999999996,6169.8199999999997,6186.1000000000004,6196.8299999999999,6187.3100000000004,6215.46,6184.0200000000004,0.0060715505881205889,0.011925792469878365,-0.0021620240555497716,-0.18128976007343039,True
CSI1000,000852.SH,2017-07-31,7382.96,7378.71,7371.6199999999999,7395.96,7403.1599999999999,7444.9499999999998,7386.1999999999998,0.00041852281762033705,0.013680374632929076,-0.0004386558717608402,-0.032064609598115995,True
CSI300,000300.SH,2017-07-31,3722.4200000000001,3725.3699999999999,3716.8499999999999,3720.4699999999998,3722.0799999999999,3737.8699999999999,3721.8899999999999,0.0026130128037626932,0.006684280540761766,0.00014240076950167158,0.021303828981038407,True
CSI500,000905.SH,2017-07-31,6214.6499999999996,6211.9399999999996,6213.75,6236.71,6242.1000000000004,6298,6215.46,0.0050840715262887581,0.011951703669805962,-0.00013032020156200641,-0.010903901666441014,True
CSI1000,000852.SH,2017-08-01,7444.75,7445.4799999999996,7448.6499999999996,7421.5799999999999,7429.0200000000004,7452.9300000000003,7444.9499999999998,0.0079540223660339304,0.013623325977698702,-2.6863847305880206e-05,-0.0019719007935254688,True
CSI300,000300.SH,2017-08-01,3738.73,3738.21,3757.7199999999998,3757.1199999999999,3752.7199999999998,3770.3800000000001,3737.8699999999999,0.0042935175408194137,0.0066150864072574362,0.00023007755753945425,0.034780733519525202,True
CSI500,000905.SH,2017-08-01,6293.0500000000002,6291.9399999999996,6288.8199999999997,6271.2399999999998,6273.0699999999997,6286.5299999999997,6298,0.013279789428296551,0.012220694685837337,-0.00078596379803108629,-0.064314166930456593,True
CSI1000,000852.SH,2017-08-02,7445.2799999999997,7446.8000000000002,7433.5299999999997,7432.6899999999996,7416.5500000000002,7389.5100000000002,7452.9300000000003,0.0010718675075052086,0.013624421956720171,-0.0010264419496762711,-0.075338385212738085,True
CSI300,000300.SH,2017-08-02,3768.1900000000001,3770.6399999999999,3775.8600000000001,3776.9400000000001,3763.96,3760.8499999999999,3770.3800000000001,0.0086974667390786742,0.0064063203825727201,-0.00058084331022334457,-0.090667227915017759,True
CSI500,000905.SH,2017-08-02,6289.2399999999998,6294.0500000000002,6286.0500000000002,6284.6999999999998,6270.3999999999996,6251.8599999999997,6286.5299999999997,-0.0018212130835185691,0.012160027790531503,0.00043108042115447276,0.035450611510126379,True
CSI1000,000852.SH,2017-08-03,7374.4700000000003,7383.5,7375.0500000000002,7413.0299999999997,7435.46,7424.1000000000004,7389.5100000000002,-0.0085094050259427734,0.013569386198229243,-0.0020353176326982636,-0.14999334553274526,True
CSI300,000300.SH,2017-08-03,3755.0999999999999,3760.0500000000002,3754.4000000000001,3753.5999999999999,3748.0799999999999,3727.8200000000002,3760.8499999999999,-0.0025275966878670619,0.0061230982924937432,-0.0015289096879694819,-0.24969543439205605,True
CSI500,000905.SH,2017-08-03,6240.1499999999996,6251.8199999999997,6244.7600000000002,6271.1199999999999,6281.6899999999996,6261.96,6251.8599999999997,-0.0055149661259868976,0.012148122958409573,-0.0018730425825274066,-0.15418370302473663,True
CSI1000,000852.SH,2017-08-04,7417.3100000000004,7428.7299999999996,7411.7600000000002,7413.5600000000004,7428.5799999999999,7389.1400000000003,7424.1000000000004,0.0046809599012653802,0.013618445205378284,-0.00091458897374763204,-0.067158105051994973,True
CSI300,000300.SH,2017-08-04,3724.7199999999998,3733.1100000000001,3719.5300000000002,3717.3400000000001,3736.4200000000001,3707.5799999999999,3727.8200000000002,-0.0087825890423707254,0.0065297647995686287,-0.00083158521602444413,-0.12735301217578013,True
CSI500,000905.SH,2017-08-04,6258.8400000000001,6272.3299999999999,6269.8999999999996,6279.5500000000002,6289.2600000000002,6225.1099999999997,6261.96,0.0016155192214797331,0.012149553094140201,-0.00049824655539154605,-0.041009455370984237,True
CSI1000,000852.SH,2017-08-07,7379.0200000000004,7399.8500000000004,7402.3699999999999,7406.6400000000003,7417.79,7445.1800000000003,7389.1400000000003,-0.0047089882948775363,0.013608330695973146,-0.0013695775151100209,-0.10064258032142723,True
CSI300,000300.SH,2017-08-07,3701.21,3708.5100000000002,3698.2600000000002,3702.1700000000001,3713.0900000000001,3726.79,3707.5799999999999,-0.0054294467007527381,0.0066704820225089315,-0.0017181018346198451,-0.25756786823235078,True
CSI500,000905.SH,2017-08-07,6227.5100000000002,6237.7299999999996,6235.1199999999999,6235.8000000000002,6253.21,6303.4200000000001,6225.1099999999997,-0.0058847389635194869,0.012204191458011946,0.00038553535600183153,0.031590405421633314,True
CSI1000,000852.SH,2017-08-08,7446.2299999999996,7448.9300000000003,7452.9300000000003,7450.5200000000004,7438.04,7470.6899999999996,7445.1800000000003,0.0075841031567949191,0.013709355057175866,0.00014103084143024525,0.010287197380333781,True
CSI300,000300.SH,2017-08-08,3724.3200000000002,3727.3000000000002,3729.6399999999999,3733.04,3724.6500000000001,3732.21,3726.79,0.0051812772752037883,0.0067349282764566521,-0.00066276876346660352,-0.09840769437492751,True
CSI500,000905.SH,2017-08-08,6302.0200000000004,6307.5699999999997,6318.7399999999998,6321.2299999999996,6311.7399999999998,6303.71,6303.4200000000001,0.012579697386873478,0.01249004367718212,-0.00022210165275349247,-0.017782295922571252,True
CSI1000,000852.SH,2017-08-09,7469.2799999999997,7471.6800000000003,7472.96,7465.4099999999999,7485.3299999999999,7495.3800000000001,7470.6899999999996,0.0034263778713206072,0.013459771038774489,-0.00018873758648796368,-0.01402234747859041,True
CSI300,000300.SH,2017-08-09,3728.0300000000002,3724.3099999999999,3724.02,3720.7199999999998,3730.54,3731.04,3732.21,0.0014543346955422365,0.0066807164358412508,-0.001119979851080144,-0.167643674422639,True
CSI500,000905.SH,2017-08-09,6296.1099999999997,6301.1300000000001,6305.4799999999996,6297.6300000000001,6307.9099999999999,6340.0200000000004,6303.71,4.6006770927586871e-05,0.012093233519218663,-0.0012056392188093401,-0.099695355827978407,True
CSI1000,000852.SH,2017-08-10,7478.9200000000001,7481.6999999999998,7493.2799999999997,7486.3900000000003,7477.54,7441.2299999999996,7495.3800000000001,0.0033049156102047395,0.013475764261830237,-0.0021960194146261047,-0.16296065825715536,True
CSI300,000300.SH,2017-08-10,3724.96,3725.5999999999999,3737.9400000000001,3742.9000000000001,3736.5,3715.9200000000001,3731.04,-0.00031348718319712532,0.0066173544056713895,-0.001629572451648853,-0.24625739408066635,True
CSI500,000905.SH,2017-08-10,6322.8299999999999,6325.9700000000003,6336.2700000000004,6332.29,6328.8199999999997,6289.21,6340.0200000000004,0.0057601000046005879,0.012128785576915381,-0.0027113479137290675,-0.22354652875466394,True
CSI1000,000852.SH,2017-08-11,7389.7399999999998,7385.79,7404.4200000000001,7402.8999999999996,7419.29,7328.3999999999996,7441.2299999999996,-0.0072244502613610928,0.01357866850210622,-0.0069195549660472366,-0.50959009456442128,True
CSI300,000300.SH,2017-08-11,3687.9299999999998,3690.6100000000001,3698.6799999999998,3694,3693.5799999999999,3647.3499999999999,3715.9200000000001,-0.0040524893863372879,0.0065130871841475781,-0.0075324549505910721,-1.1565106895735355,True
CSI500,000905.SH,2017-08-11,6242.4799999999996,6243.5900000000001,6260.7799999999997,6253.54,6268.6899999999996,6161.1899999999996,6289.21,-0.0080141703023018929,0.012318510503600548,-0.0074301859852032859,-0.60317243574468959,True
CSI1000,000852.SH,2017-08-14,7331.6300000000001,7356.46,7369.5200000000004,7388.4499999999998,7416.6000000000004,7474.6400000000003,7328.3999999999996,-0.015162815824803166,0.013946644892420781,0.00044075105070695564,0.031602658137978343,True
CSI300,000300.SH,2017-08-14,3651.3699999999999,3659.6100000000001,3661.8699999999999,3669.29,3676.04,3694.6799999999998,3647.3499999999999,-0.018453034510969024,0.0076777197715200227,0.001102170068679964,0.14355434966100072,True
CSI500,000905.SH,2017-08-14,6165.1300000000001,6187.9399999999996,6201.4799999999996,6219.5,6246.8599999999997,6292.6400000000003,6161.1899999999996,-0.020355497749319884,0.013202290944338564,0.00063948685237757985,0.04843756701573116,True
CSI1000,000852.SH,2017-08-15,7477.2600000000002,7481.1700000000001,7473.7600000000002,7478.3699999999999,7480.8699999999999,7507.29,7474.6400000000003,0.01995524261776116,0.0081018739462431159,0.00035051855340184623,0.043263886321556956,True
CSI300,000300.SH,2017-08-15,3695.7800000000002,3704.3400000000001,3708.9000000000001,3713.4400000000001,3712.5,3706.0500000000002,3694.6799999999998,0.012976544614583085,0.0078838294187372204,0.00029772537811134647,0.037764056310471791,True
CSI500,000905.SH,2017-08-15,6291.1800000000003,6295.9099999999999,6297.5799999999999,6300.1300000000001,6300.8199999999997,6314.7600000000002,6292.6400000000003,0.021335164148484465,0.0098234993046395873,-0.00023201708662823339,-0.023618578210582549,True
CSI1000,000852.SH,2017-08-16,7502.5699999999997,7502.3199999999997,7501.3000000000002,7494.7600000000002,7507.21,7544.3800000000001,7507.29,0.0043681033467832808,0.0079992662950237898,-0.00062872221534004957,-0.07859748533826999,True
CSI300,000300.SH,2017-08-16,3701.1300000000001,3699.2399999999998,3689.4400000000001,3686.8699999999999,3691.8600000000001,3701.4200000000001,3706.0500000000002,0.0030773977719316115,0.0079051028662996126,-0.0013275589913789299,-0.16793696601197572,True
CSI500,000905.SH,2017-08-16,6307.1700000000001,6309.8299999999999,6301.75,6288.8599999999997,6290.6700000000001,6318.79,6314.7600000000002,0.0035152177782298288,0.0096817980531560127,-0.0012019459171844771,-0.12414490682262001,True
CSI1000,000852.SH,2017-08-17,7547.7799999999997,7557.3500000000004,7563.2399999999998,7567.7200000000003,7557,7614.21,7544.3800000000001,0.0049405311370680494,0.0076434315695915996,0.00045066658890458022,0.058961290462453901,True
CSI300,000300.SH,2017-08-17,3707.0599999999999,3711.52,3713.9499999999998,3711.29,3706.5900000000001,3721.27,3701.4200000000001,-0.0012493085630252976,0.0068881856592745731,0.0015237395377989404,0.22121057897841456,True
CSI500,000905.SH,2017-08-17,6327.0200000000004,6339.7200000000003,6340.1300000000001,6338.5,6320,6366.0299999999997,6318.79,0.00063818735787268821,0.0087973494742768533,0.0013024645541315216,0.1480519283609095,True
CSI1000,000852.SH,2017-08-18,7564.9799999999996,7565.9200000000001,7582.75,7586.46,7586.6300000000001,7576.2600000000002,7614.21,0.0092558964421198819,0.0077627113383174568,-0.0064655427155280165,-0.83289748049930745,True
CSI300,000300.SH,2017-08-18,3707.1900000000001,3708.6399999999999,3715.1799999999998,3714.4400000000001,3711.8899999999999,3725.0900000000001,3721.27,0.0053628067066153751,0.0069089770561429108,-0.0037836545050480286,-0.5476432291353327,True
CSI500,000905.SH,2017-08-18,6324.8999999999996,6330.3900000000003,6343.6899999999996,6349.4200000000001,6351.5699999999997,6347.5299999999997,6366.0299999999997,0.0074761148890847284,0.0088231641255539107,-0.0064608555096347109,-0.73226060602483733,True
CSI1000,000852.SH,2017-08-21,7583.0799999999999,7595.1400000000003,7591.5200000000004,7606.04,7600.7299999999996,7631.9499999999998,7576.2600000000002,-0.0049841020933228952,0.007938236682129755,0.0009001803000423525,0.11339801722828483,True
CSI300,000300.SH,2017-08-21,3731.8400000000001,3740.5500000000002,3739.1900000000001,3740.4299999999998,3735.71,3741.3400000000001,3725.0900000000001,0.0010265312648638503,0.0068199400730917185,0.0018120367561589301,0.26569687368784606,True
CSI500,000905.SH,2017-08-21,6354.1000000000004,6369.4799999999996,6364.8400000000001,6376.4399999999996,6376.8599999999997,6404.0500000000002,6347.5299999999997,-0.002906049767280372,0.0088775119455363986,0.0010350482786218862,0.11659215836282903,True
CSI1000,000852.SH,2017-08-22,7622.9899999999998,7621.8999999999996,7619.2200000000003,7587.0699999999997,7597.54,7585.5100000000002,7631.9499999999998,0.0073505925087047341,0.0079890244652327316,-0.0011740118842498148,-0.14695309663388473,True
CSI300,000300.SH,2017-08-22,3745.75,3745.6900000000001,3744,3735.1500000000001,3741.5,3752.5700000000002,3741.3400000000001,0.0043623107092713997,0.0068320314213003407,0.0011787220621488625,0.17252878235804664,True
CSI500,000905.SH,2017-08-22,6396.9300000000003,6394.3199999999997,6395.9099999999999,6366.1199999999999,6373.8400000000001,6376.5100000000002,6404.0500000000002,0.0089042509448558071,0.0089548194990552651,-0.0011117964413144277,-0.1241562090036234,True
CSI1000,000852.SH,2017-08-23,7572.0799999999999,7572.4099999999999,7571.4099999999999,7567.6800000000003,7550.0600000000004,7534.8599999999997,7585.5100000000002,-0.0060849455250623352,0.0081582218570091704,-0.0017704808246248316,-0.21701797961080399,True
CSI300,000300.SH,2017-08-23,3747.6100000000001,3749.1300000000001,3755.6300000000001,3756.25,3752.6700000000001,3755.8000000000002,3752.5700000000002,0.0030015983578075556,0.006691617808327833,-0.001321760819918083,-0.19752485240163134,True
CSI500,000905.SH,2017-08-23,6359.7799999999997,6362.5500000000002,6362.2299999999996,6357.2200000000003,6339.4300000000003,6323.5100000000002,6376.5100000000002,-0.0043004036508147436,0.0090179779568319556,-0.002623692270536826,-0.29094019558443646,True
CSI1000,000852.SH,2017-08-24,7531.8400000000001,7535.4899999999998,7524.4799999999996,7514.1800000000003,7515.79,7486.5699999999997,7534.8599999999997,-0.0066772043013588744,0.0083913153319807015,-0.00040080373092521437,-0.047764112665112768,True
CSI300,000300.SH,2017-08-24,3755.8899999999999,3759.2199999999998,3762.6500000000001,3754.7199999999998,3741.79,3734.9699999999998,3755.8000000000002,0.00086074343716435742,0.0066157164729801383,2.3962937323540601e-05,0.0036221227770884463,True
CSI500,000905.SH,2017-08-24,6322.6300000000001,6324.5,6311.0699999999997,6307.8000000000002,6300.2200000000003,6278.9799999999996,6323.5100000000002,-0.0083117567446769902,0.0092809118834778423,-0.00013916321789642083,-0.01499456299592321,True
CSI1000,000852.SH,2017-08-25,7483.8500000000004,7493.8699999999999,7508.6899999999996,7517.4099999999999,7515.4399999999996,7559.3199999999997,7486.5699999999997,-0.0064088782007893919,0.0081489940562934713,-0.0003633172467497614,-0.044584306264056156,True
CSI300,000300.SH,2017-08-25,3736.29,3741.27,3757.54,3762.1700000000001,3763.1999999999998,3795.8499999999999,3734.9699999999998,-0.0055460887161191685,0.0067532952701855244,0.00035341649330522529,0.052332450924438306,True
CSI500,000905.SH,2017-08-25,6274.3500000000004,6287.7799999999997,6299.7799999999997,6301.9399999999996,6302.9099999999999,6346.7600000000002,6278.9799999999996,-0.0070419751055981195,0.009400408828497929,-0.00073738091218622515,-0.078441366289390385,True
CSI1000,000852.SH,2017-08-28,7563.54,7571.46,7582.2700000000004,7600.4099999999999,7628.21,7642.8599999999997,7559.3199999999997,0.0097174006253866185,0.0083920860178145155,0.00055825127127850926,0.066521156967822667,True
CSI300,000300.SH,2017-08-28,3805.6599999999999,3814.8299999999999,3836.54,3838.75,3864.77,3843.0100000000002,3795.8499999999999,0.016299997054862514,0.0076332326311754056,0.0025844013857239112,0.33857233371465473,True
CSI500,000905.SH,2017-08-28,6348.8699999999999,6356.29,6373.6899999999996,6386.4799999999996,6416.79,6424.8900000000003,6346.7600000000002,0.010794746917493159,0.0096213839299695517,0.00033245309417706537,0.034553562834293575,True
CSI1000,000852.SH,2017-08-29,7639.0100000000002,7641.7200000000003,7641.4499999999998,7644.4499999999998,7639.3199999999997,7623.8500000000004,7642.8599999999997,0.01105125857881406,0.0085505080789616515,-0.0005037381294435983,-0.058913239399543467,True
CSI300,000300.SH,2017-08-29,3839.1799999999998,3834.4400000000001,3832.3899999999999,3839.6799999999998,3839.8899999999999,3834.8099999999999,3843.0100000000002,0.012424094735039581,0.0080237161871503457,-0.00099661463280098506,-0.12420860977074721,True
CSI500,000905.SH,2017-08-29,6420.5699999999997,6425.9099999999999,6432.3999999999996,6434.1099999999997,6427.3000000000002,6408.0799999999999,6424.8900000000003,0.01231021812704447,0.0095589701367716651,-0.00067238505250688529,-0.070340742034577464,True
CSI1000,000852.SH,2017-08-30,7618.3800000000001,7632.8100000000004,7630.9399999999996,7626.1700000000001,7641.3900000000003,7654.7600000000002,7623.8500000000004,-0.0024872887897985363,0.0085934723447277598,-0.00071748526007209268,-0.083491891436909313,True
CSI300,000300.SH,2017-08-30,3834.27,3844.8800000000001,3851.04,3844.23,3837.9899999999998,3834.1100000000001,3834.8099999999999,-0.0021337441224457132,0.0078706345746997908,-0.00014081532070686631,-0.017891228384496229,True
CSI500,000905.SH,2017-08-30,6405.8999999999996,6415.4700000000003,6417.7399999999998,6414.5100000000002,6425.4899999999998,6454.5600000000004,6408.0799999999999,-0.002616387206629267,0.0095731456849586678,-0.00034019550317732072,-0.035536438530527757,True
CSI1000,000852.SH,2017-08-31,7654.3400000000001,7662.6800000000003,7658.2399999999998,7662.3999999999996,7643.9799999999996,7680.3100000000004,7654.7600000000002,0.0040543819723630747,0.0083030110708496516,-5.4867820806880907e-05,-0.0066081835058021008,True
CSI300,000300.SH,2017-08-31,3835.8400000000001,3838.8200000000002,3828.4400000000001,3831.2600000000002,3816.77,3822.21,3834.1100000000001,-0.00018253837869408596,0.0078346306008403987,0.00045121292816330261,0.057592112653646013,True
CSI500,000905.SH,2017-08-31,6451.5200000000004,6457.96,6450.8800000000001,6457.3699999999999,6436.8100000000004,6470.7799999999997,6454.5600000000004,0.0072533426548981872,0.0095413997928084793,-0.0004709848541186723,-0.049362238701459914,True
CSI1000,000852.SH,2017-09-01,7687.8400000000001,7688.3599999999997,7677.5500000000002,7684.6599999999999,7700.9399999999996,7740.2700000000004,7680.3100000000004,0.0033377924324211605,0.008283871346787583,0.00098042917538476715,0.11835398382484169,True
CSI300,000300.SH,2017-09-01,3825.3400000000001,3830.9899999999998,3835.79,3838.0999999999999,3840.9499999999998,3830.3800000000001,3822.21,-0.0031037189856316649,0.0075597327903578933,0.00081889796740641785,0.10832366567914757,True
CSI500,000905.SH,2017-09-01,6472.9499999999998,6474.6599999999999,6470.6899999999996,6479.6099999999997,6496.7700000000004,6526.8299999999999,6470.7799999999997,0.002512952083488118,0.0095433892342147372,0.00033535369769954748,0.035139895216391805,True
CSI1000,000852.SH,2017-09-04,7739.8699999999999,7736.2600000000002,7749.8599999999997,7757.1700000000001,7764.9499999999998,7798.5100000000002,7740.2700000000004,0.0078069765413115721,0.008244470726799645,-5.1677783849957137e-05,-0.0062681748243671089,True
CSI300,000300.SH,2017-09-04,3828.54,3822.5,3830.0799999999999,3836.6399999999999,3832.6399999999999,3845.8299999999999,3830.3800000000001,0.002137506835050873,0.0073938977274304275,-0.00048037009382884133,-0.064968452572278471,True
CSI500,000905.SH,2017-09-04,6530.5100000000002,6527.1599999999999,6540.2600000000002,6549.6199999999999,6544.0699999999997,6564.96,6526.8299999999999,0.008662016016616203,0.0094903106511202671,0.00056382654366671225,0.059410757391820078,True
CSI1000,000852.SH,2017-09-05,7790.6999999999998,7789.3800000000001,7791.4200000000001,7789.9799999999996,7766.1199999999999,7800.8999999999996,7798.5100000000002,0.007524285328547986,0.00824248496224185,-0.0010014733583723068,-0.12150138738013772,True
CSI300,000300.SH,2017-09-05,3845.5500000000002,3850.8099999999999,3846.0599999999999,3843.96,3850.6500000000001,3857.4000000000001,3845.8299999999999,0.0040335423639430434,0.0073695148860492615,-7.2806130276048542e-05,-0.0098793653858916808,True
CSI500,000905.SH,2017-09-05,6561.6700000000001,6557.4899999999998,6565.3699999999999,6559.5900000000001,6539.7600000000002,6572.2399999999998,6564.96,0.0058420397038072558,0.0092263022904490351,-0.00050114547537227772,-0.054317044856752407,True
CSI1000,000852.SH,2017-09-06,7776.9899999999998,7777.6899999999996,7791.1400000000003,7794.2799999999997,7791.3900000000003,7858.3599999999997,7800.8999999999996,0.00030646879980911201,0.0082506246550726071,-0.003065030957966397,-0.37149077628709848,True
CSI300,000300.SH,2017-09-06,3846.75,3846.46,3842.7600000000002,3840.6199999999999,3836.71,3849.6799999999998,3857.4000000000001,0.0030084533117689105,0.0073760981119274701,-0.0027609270493078597,-0.37430725668403475,True
CSI500,000905.SH,2017-09-06,6550.0600000000004,6552.4899999999998,6563.0699999999997,6570.46,6569.1400000000003,6606.96,6572.2399999999998,0.0011089176476322127,0.0092170551301287672,-0.0033748006767858607,-0.36614738971825084,True
CSI1000,000852.SH,2017-09-07,7859.3999999999996,7866.5600000000004,7867.0299999999997,7879.7299999999996,7881.1800000000003,7823.4200000000001,7858.3599999999997,0.007365816764732358,0.008328916941340081,0.00013234313520893437,0.015889597187847694,True
CSI300,000300.SH,2017-09-07,3851.6900000000001,3852.4499999999998,3844.8800000000001,3854.6900000000001,3851.77,3830.5799999999999,3849.6799999999998,-0.0020013480582776744,0.0074096484706610705,0.00052212131917461768,0.070465059340127548,True
CSI500,000905.SH,2017-09-07,6601.3400000000001,6608.5100000000002,6602.2700000000004,6606.8500000000004,6599.8999999999996,6558.4700000000003,6606.96,0.0052828259467092575,0.00920777052381439,-0.00085061813602627101,-0.092380466457790897,True
CSI1000,000852.SH,2017-09-08,7816.21,7832,7847.0600000000004,7832.0799999999999,7831.71,7838.79,7823.4200000000001,-0.0044462203309595383,0.0081818143864781298,-0.00092159183579565429,-0.11263905440323176,True
CSI300,000300.SH,2017-09-08,3830.0700000000002,3834.75,3834.8899999999999,3828.0999999999999,3828.8800000000001,3826.3000000000002,3830.5799999999999,-0.004961451341410128,0.0074487791777964442,-0.00013313910687151598,-0.017873950038468214,True
CSI500,000905.SH,2017-09-08,6554.6000000000004,6568.29,6580.6300000000001,6570.1099999999997,6570.1999999999998,6574.6599999999999,6558.4700000000003,-0.0073392301451802311,0.0091698921308792734,-0.0005900766489744802,-0.0643493555379369,True
CSI1000,000852.SH,2017-09-11,7835.8199999999997,7838.9300000000003,7860.0299999999997,7859.7600000000002,7879.9200000000001,7920.8400000000001,7838.79,0.0019646139412174968,0.0070494576176947151,-0.0003788850064869731,-0.053746689041145629,True
CSI300,000300.SH,2017-09-11,3828.3400000000001,3825.2600000000002,3840.5300000000002,3834.7800000000002,3846.1900000000001,3826.3899999999999,3826.3000000000002,-0.0011173242694316743,0.0058321807058709764,0.00053315213130167294,0.09141557132565771,True
CSI500,000905.SH,2017-09-11,6579.8900000000003,6579.8999999999996,6595.0900000000001,6590.6499999999996,6608.79,6650.1199999999999,6574.6599999999999,0.0024685635521699556,0.0074894513235596125,0.00079547839736204828,0.10621317410258173,True
CSI1000,000852.SH,2017-09-12,7926.4700000000003,7923.2700000000004,7926.3999999999996,7925.6400000000003,7924.5799999999999,7899.4799999999996,7920.8400000000001,0.010467176694362257,0.006136539622231498,0.00071078319976169979,0.11582801440516566,True
CSI300,000300.SH,2017-09-12,3832.2399999999998,3832.6700000000001,3828.5100000000002,3829.3600000000001,3825.29,3838.0100000000002,3826.3899999999999,2.3521417557459401e-05,0.0052916275850003781,0.0015288561803683542,0.28891983719754627,True
CSI500,000905.SH,2017-09-12,6659.8000000000002,6666.6999999999998,6675.21,6675,6676.8900000000003,6644.71,6650.1199999999999,0.011477399591765858,0.0064973042509418807,0.001455612831046782,0.22403334903637448,True
CSI1000,000852.SH,2017-09-13,7888.8400000000001,7898.3599999999997,7908.3800000000001,7894.9200000000001,7886.9799999999996,7928.9499999999998,7899.4799999999996,-0.0026966836850638165,0.0062511297066811166,-0.0013469241013331912,-0.21546890954664055,True
CSI300,000300.SH,2017-09-13,3835.5500000000002,3835.98,3834.29,3829.6599999999999,3830.9200000000001,3843.8600000000001,3838.0100000000002,0.0030368049257918361,0.005291105934667085,-0.00064095716269629843,-0.12113859949330749,True
CSI500,000905.SH,2017-09-13,6635.1700000000001,6650.25,6659.54,6653.9300000000003,6647.3199999999997,6684.8599999999997,6644.71,-0.00081351915454153101,0.0065436869013654666,-0.0014357285720520974,-0.21940667298010619,True
CSI1000,000852.SH,2017-09-14,7930.8299999999999,7934.25,7939.3299999999999,7934.3800000000001,7944.3199999999997,7917.0799999999999,7928.9499999999998,0.0037306253069822048,0.0062327875479394656,0.00023710579584945712,0.038041693869036712,True
CSI300,000300.SH,2017-09-14,3843.5700000000002,3844.75,3848.1700000000001,3850.48,3851.25,3830.27,3843.8600000000001,0.0015242273990947464,0.005244106531861358,-7.5444995395246295e-05,-0.014386625240518834,True
CSI500,000905.SH,2017-09-14,6683.4700000000003,6686.6499999999996,6696.5,6690.29,6698.1899999999996,6671.1099999999997,6684.8599999999997,0.0060424006465293889,0.0065712335586970098,-0.00020793255206530414,-0.031642849125352722,True
CSI1000,000852.SH,2017-09-15,7902.1999999999998,7903.0200000000004,7894.0200000000004,7881.5100000000002,7868,7880.5299999999997,7917.0799999999999,-0.001497045636559724,0.0060819717388967548,-0.0018794808186857193,-0.30902491813068661,True
CSI300,000300.SH,2017-09-15,3826.1399999999999,3826.0300000000002,3826.9299999999998,3825.3299999999999,3828.79,3831.6100000000001,3830.27,-0.0035355085773155492,0.0053121355553444674,-0.0010782529691119036,-0.20297918941979709,True
CSI500,000905.SH,2017-09-15,6661.5200000000004,6661.5600000000004,6652.7600000000002,6637.5100000000002,6625.0900000000001,6622.1899999999996,6671.1099999999997,-0.0020568867560427639,0.0065630115709834,-0.0014375418783380001,-0.21903692577561601,True
CSI1000,000852.SH,2017-09-18,7870.6400000000003,7887.71,7871.2200000000003,7887.79,7910.7799999999997,7941.9399999999996,7880.5299999999997,-0.0046166010700915416,0.0060603735870835337,-0.0012549917327894233,-0.20708157917264136,True
CSI300,000300.SH,2017-09-18,3832.96,3848.4099999999999,3846.1300000000001,3851.77,3859.4499999999998,3843.6999999999998,3831.6100000000001,0.00034984478900978999,0.0053171801228137985,0.00035233230939479832,0.066263000548559103,True
CSI500,000905.SH,2017-09-18,6616.1300000000001,6629.1899999999996,6618.9200000000001,6633.6300000000001,6656.8900000000003,6669.4399999999996,6622.1899999999996,-0.0073331124805317005,0.0068197353918486164,-0.00091510512383352616,-0.13418484314322784,True
CSI1000,000852.SH,2017-09-19,7941.0699999999997,7942.8800000000001,7944.3999999999996,7931.8800000000001,7934.6099999999997,7905.9700000000003,7941.9399999999996,0.0077926230849956202,0.0060817276025475356,-0.00010954502300442037,-0.018012155453745373,True
CSI300,000300.SH,2017-09-19,3849.8800000000001,3854.29,3854.27,3848.0999999999999,3843.0500000000002,3832.0500000000002,3843.6999999999998,0.0031553315708017227,0.0052888502150766868,0.0016078257928560102,0.30400289807275194,True
CSI500,000905.SH,2017-09-19,6670.9700000000003,6675.3800000000001,6678.5100000000002,6663.1099999999997,6663.9700000000003,6635.8400000000001,6669.4399999999996,0.0071351018318712711,0.0067384001374225858,0.00022940456770004225,0.034044367063631918,True
CSI1000,000852.SH,2017-09-20,7896.8199999999997,7899.5699999999997,7906.1300000000001,7905.6999999999998,7900.3800000000001,7975.6099999999997,7905.9700000000003,-0.0045291200890461569,0.0059818629933441414,-0.001157353240652359,-0.19347705588377984,True
CSI300,000300.SH,2017-09-20,3830.1500000000001,3829.9699999999998,3835.8699999999999,3834.21,3833.1999999999998,3842.8099999999999,3832.0500000000002,-0.0030309337357232735,0.0053620365528438338,-0.00049581816521182542,-0.092468255358845147,True
CSI500,000905.SH,2017-09-20,6627.6899999999996,6636.25,6639.8999999999996,6637.7600000000002,6631.7299999999996,6692.71,6635.8400000000001,-0.005037904231839474,0.0067769110872011127,-0.0012281791001592657,-0.18122992678460945,True
CSI1000,000852.SH,2017-09-21,7974.71,7974.0299999999997,7966.6400000000003,7962.5699999999997,7980.1999999999998,7886.96,7975.6099999999997,0.0088085332982543729,0.0057866306220261251,-0.00011284403324629544,-0.019500818458459742,True
CSI300,000300.SH,2017-09-21,3843.2600000000002,3841.2800000000002,3842.3600000000001,3838.9000000000001,3848.4499999999998,3838.1199999999999,3842.8099999999999,0.0028078965566733505,0.0053758479837077667,0.00011710180831214778,0.021782946368096832,True
CSI500,000905.SH,2017-09-21,6684.6499999999996,6682.8199999999997,6676.9399999999996,6672.3500000000004,6685.2299999999996,6612.3500000000004,6692.71,0.0085701282731349693,0.0064669798659209941,-0.0012042954199420475,-0.18622223122857023,True
CSI1000,000852.SH,2017-09-22,7860.8599999999997,7858.9700000000003,7830.25,7828,7839.4300000000003,7849.7299999999996,7886.96,-0.011115137274766429,0.0062598276559598619,-0.003309259841561274,-0.52865031170795751,True
CSI300,000300.SH,2017-09-22,3826.46,3831.7399999999998,3832.5599999999999,3830.1300000000001,3823.7199999999998,3837.79,3838.1199999999999,-0.001220461068853318,0.0051751402324871016,-0.003037945660896435,-0.58702673249811432,True
CSI500,000905.SH,2017-09-22,6591.1499999999996,6588.8500000000004,6566.0200000000004,6566.5200000000004,6568.5299999999997,6572,6612.3500000000004,-0.012007094286170972,0.0069447983098221248,-0.003206121878001178,-0.46165802590216554,True
CSI1000,000852.SH,2017-09-25,7835.1999999999998,7841.8699999999999,7832.7600000000002,7842.1899999999996,7816.46,7732.2799999999997,7849.7299999999996,-0.004720449957905215,0.0062315490156429646,-0.0018510190796371395,-0.29703996149120449,True
CSI300,000300.SH,2017-09-25,3829.2199999999998,3830.3800000000001,3823.0599999999999,3834.1500000000001,3828.5599999999999,3817.73,3837.79,-8.5979594176333052e-05,0.0038032992638059255,-0.0022330560035854763,-0.58713654874238808,True
CSI500,000905.SH,2017-09-25,6560.1400000000003,6567.5600000000004,6559.5299999999997,6566.04,6551.8400000000001,6489.9399999999996,6572,-0.0061022178196858956,0.0069248105943634577,-0.0018046256847230602,-0.26060289449533242,True
CSI1000,000852.SH,2017-09-26,7723.1099999999997,7748.5600000000004,7720.5,7709.1199999999999,7730.6999999999998,7746.75,7732.2799999999997,-0.014962298066302893,0.0069009286912695153,-0.0011859373949210106,-0.17185185472519959,True
CSI300,000300.SH,2017-09-26,3810.3299999999999,3819.6199999999999,3811.2399999999998,3809.3200000000002,3819.9200000000001,3820.6300000000001,3817.73,-0.0052269665614845806,0.0028271629222395771,-0.0019383246065070026,-0.6856076780221535,True
CSI500,000905.SH,2017-09-26,6484.3400000000001,6506.3000000000002,6487.3100000000004,6483.9799999999996,6507.3800000000001,6520.3999999999996,6489.9399999999996,-0.012486305538648823,0.0071539809002692288,-0.00086287392487438552,-0.12061451336023453,True
CSI1000,000852.SH,2017-09-27,7745.5900000000001,7750.25,7763.1400000000003,7774.54,7783.3199999999997,7810.6300000000001,7746.75,0.001871375583915702,0.0068668927824191671,-0.00014974021363800549,-0.021806109165032408,True
CSI300,000300.SH,2017-09-27,3818.96,3822.4499999999998,3821.5100000000002,3823.0999999999999,3824.3099999999999,3821.54,3820.6300000000001,0.00075961369714461213,0.0028037289006105684,-0.00043710068758295861,-0.15589976887129534,True
CSI500,000905.SH,2017-09-27,6523.5,6533.0500000000002,6546.9200000000001,6555.2200000000003,6563.3100000000004,6583.6199999999999,6520.3999999999996,0.0046934178127995274,0.0071715779250789771,0.00047543095515623079,0.066293772461657394,True
CSI1000,000852.SH,2017-09-28,7800.1300000000001,7804.75,7805.5799999999999,7797.3000000000002,7806.6599999999999,7768.8299999999999,7810.6300000000001,0.0082460386613740777,0.0070326931614800589,-0.001344321776860502,-0.19115319636348019,True
CSI300,000300.SH,2017-09-28,3821.5900000000001,3823.52,3820.5900000000001,3816.6300000000001,3819.96,3822.6900000000001,3821.54,0.00023818061419178527,0.0028052983533715216,1.3083730642682312e-05,0.004663935522921386,True
CSI500,000905.SH,2017-09-28,6577.4300000000003,6576.8299999999999,6583.04,6576.8699999999999,6583.54,6568.4499999999998,6583.6199999999999,0.0096957241887001278,0.0073051231733158688,-0.00094021222367024482,-0.1287058686573074,True
CSI1000,000852.SH,2017-09-29,7779.8800000000001,7795.8199999999997,7804.7700000000004,7816.2700000000004,7810.4899999999998,7842.96,7768.8299999999999,-0.0053516809783590302,0.0071501747388672586,0.0014223505984813922,0.19892529209806739,True
CSI300,000300.SH,2017-09-29,3825.1999999999998,3833.3899999999999,3840.4000000000001,3851.4099999999999,3842.1399999999999,3836.8600000000001,3822.6900000000001,0.00030092580478036091,0.0027192748107921706,0.00065660568866410252,0.24146352772371035,True
CSI500,000905.SH,2017-09-29,6572.4499999999998,6587.5,6602.6999999999998,6611.3000000000002,6599.2299999999996,6603.0900000000001,6568.4499999999998,-0.0023042034625327945,0.0073325230775798536,0.00060897167520490569,0.083050768304693934,True
CSI1000,000852.SH,2017-10-09,7921.7299999999996,7908.5799999999999,7897.2700000000004,7908.1400000000003,7912.4300000000003,7941.6199999999999,7842.96,0.0095419773633866889,0.0072520476637444771,0.010043401980884603,1.3849056772054991,True
CSI300,000300.SH,2017-10-09,3910.1199999999999,3901.04,3897.4899999999998,3904.3899999999999,3902.2600000000002,3882.2800000000002,3836.8600000000001,0.0037068137881963725,0.0028051861017266504,0.019093738108765912,6.806585166315104,True
CSI500,000905.SH,2017-10-09,6682.5799999999999,6674.8100000000004,6660.3199999999997,6669.6499999999996,6667.8400000000001,6678.54,6603.0900000000001,0.0052736947072749008,0.0071782219556914802,0.012038303279222173,1.677059215155255,True
CSI1000,000852.SH,2017-10-10,7934.3699999999999,7939.2399999999998,7928.6400000000003,7934.8400000000001,7931.3400000000001,7994.7399999999998,7941.6199999999999,0.01257943429521502,0.0075835128146818616,-0.00091291197513854172,-0.1203811475561988,True
CSI300,000300.SH,2017-10-10,3883,3892.04,3885.04,3875.8099999999999,3859.1700000000001,3890.5799999999999,3882.2800000000002,0.011837804871692059,0.0037623729324884445,0.00018545802981750903,0.049292835437992198,True
CSI500,000905.SH,2017-10-10,6677.3699999999999,6678.6599999999999,6669.0500000000002,6668.9399999999996,6661.1300000000001,6705.7200000000003,6678.54,0.011426468517012456,0.0074942904687022235,-0.00017518799018945153,-0.023376194306996029,True
CSI1000,000852.SH,2017-10-11,7991.2200000000003,7985.3999999999996,7981.1499999999996,7996.3599999999997,7978.3699999999999,7961.7700000000004,7994.7399999999998,0.0066888116026704303,0.007689134749986979,-0.00044028949033980691,-0.057261253009066135,True
CSI300,000300.SH,2017-10-11,3886.8200000000002,3889.1500000000001,3889.8600000000001,3897.3200000000002,3896.48,3903.1399999999999,3890.5799999999999,0.002137918954840945,0.0037365099062902076,-0.00096643688087627577,-0.25864694731555049,True
CSI500,000905.SH,2017-10-11,6702.6899999999996,6697.3999999999996,6689.7600000000002,6699.8500000000004,6684.4899999999998,6666.5299999999997,6705.7200000000003,0.0040697517720940102,0.007528120291236718,-0.00045185304486328182,-0.060022027728392144,True
CSI1000,000852.SH,2017-10-12,7951.6700000000001,7951.9799999999996,7949.4300000000003,7940.9899999999998,7961.8400000000001,7940.4899999999998,7961.7700000000004,-0.0041239615046892997,0.0076376784211395453,-0.001268562141332974,-0.16609263592741103,True
CSI300,000300.SH,2017-10-12,3902.02,3904.9499999999998,3903.5100000000002,3899.3899999999999,3908.48,3914.4299999999998,3903.1399999999999,0.0032283104318635569,0.0037400289447363953,-0.00028694845688337356,-0.076723592550591413,True
CSI500,000905.SH,2017-10-12,6658.1300000000001,6658.5100000000002,6656.4799999999996,6653.6199999999999,6673.4399999999996,6659.4899999999998,6666.5299999999997,-0.0058442642997322825,0.0076082326733494824,-0.001260025830529421,-0.16561347222504191,True
CSI1000,000852.SH,2017-10-13,7934.4300000000003,7930.1800000000003,7937.8199999999997,7929.1499999999996,7934.6800000000003,7972.6700000000001,7940.4899999999998,-0.0026727725116401091,0.0075851257401325723,-0.00076317708353002001,-0.10061495480451735,True
CSI300,000300.SH,2017-10-13,3912.98,3912.5799999999999,3919.02,3913.8400000000001,3912.27,3921.8899999999999,3914.4299999999998,0.0028925429269768266,0.0035205828380856191,-0.00037042430187783637,-0.10521675498459832,True
CSI500,000905.SH,2017-10-13,6660.0299999999997,6664.0600000000004,6670.8900000000003,6664.4799999999996,6671.7200000000003,6709.7600000000002,6659.4899999999998,-0.0010560216484437612,0.0073952660702895677,8.1087290468184747e-05,0.01096475633161495,True
CSI1000,000852.SH,2017-10-16,7963.5200000000004,7953.29,7949.6400000000003,7932.8699999999999,7918.5900000000001,7819.8400000000001,7972.6700000000001,0.0040526466250823123,0.0076167338278495256,-0.0011476707301317779,-0.15067754185337026,True
CSI300,000300.SH,2017-10-16,3926.2800000000002,3921.77,3935.5,3934.0599999999999,3939.4099999999999,3913.8099999999999,3921.8899999999999,0.001905769166902882,0.003485587484779703,0.0011193582685899983,0.32113905431375056,True
CSI500,000905.SH,2017-10-16,6709.8699999999999,6700.6199999999999,6702.0600000000004,6689.8500000000004,6679.0100000000002,6619.3999999999996,6709.7600000000002,0.0075486260959924945,0.0075417249682737039,1.6394028996558063e-05,0.0021737770954952558,True
CSI1000,000852.SH,2017-10-17,7799.7799999999997,7794.2299999999996,7785.0299999999997,7789.1999999999998,7785.0500000000002,7805.71,7819.8400000000001,-0.019169236905578702,0.0084856054294330744,-0.0025652698776446048,-0.30230840910263618,True
CSI300,000300.SH,2017-10-17,3910.79,3915.1500000000001,3906.8099999999999,3904.0500000000002,3905.4099999999999,3913.8800000000001,3913.8099999999999,-0.00206023116405607,0.0035543366053478317,-0.0007716266246956538,-0.2170944146186575,True
CSI500,000905.SH,2017-10-17,6604.3299999999999,6600.6999999999998,6597.2799999999997,6604.9099999999999,6602.6700000000001,6613.4200000000001,6619.3999999999996,-0.013466949637543024,0.0077842736064512299,-0.002276641387436884,-0.29246677372055802,True
CSI1000,000852.SH,2017-10-18,7806.8800000000001,7818.8699999999999,7821.75,7809.0799999999999,7807.9300000000003,7730.3800000000001,7805.71,-0.0018069423415313368,0.0084764014592921544,0.00014989027263379029,0.017683243691752573,True
CSI300,000300.SH,2017-10-18,3914.8200000000002,3919.27,3922.4299999999998,3919.5700000000002,3920.54,3944,3913.8800000000001,1.7885385340754567e-05,0.0035334109626378859,0.00024017087902539203,0.067971396920694233,True
CSI500,000905.SH,2017-10-18,6612.4899999999998,6620.9200000000001,6621.6999999999998,6611.9399999999996,6615.6199999999999,6563.6999999999998,6613.4200000000001,-0.00090340514246001202,0.0077846707911516993,-0.00014062315715623885,-0.01806411098540937,True
CSI1000,000852.SH,2017-10-19,7718.8000000000002,7730.8699999999999,7726.8900000000003,7706.1800000000003,7657.1499999999996,7656.2200000000003,7730.3800000000001,-0.0096506275534191666,0.0086460950646604744,-0.0014979858687412806,-0.17325577125147021,True
CSI300,000300.SH,2017-10-19,3940.5799999999999,3941.52,3941.46,3940.73,3935.5,3931.1999999999998,3944,0.0076956881662186838,0.0038392107763816907,-0.00086713995943210609,-0.22586411893992242,True
CSI500,000905.SH,2017-10-19,6553.8699999999999,6561.7700000000004,6559.4899999999998,6547.2799999999997,6519.1999999999998,6502.1199999999999,6563.6999999999998,-0.0075180466385017519,0.0078022225486438397,-0.0014976309093955864,-0.1919492683089257,True
CSI1000,000852.SH,2017-10-20,7650.0799999999999,7656.5600000000004,7667.5699999999997,7694.9499999999998,7693.0799999999999,7751.2299999999996,7656.2200000000003,-0.0095933188277936843,0.0088463869096183177,-0.00080196232605644902,-0.090654222367835602,True
CSI300,000300.SH,2017-10-20,3918.5300000000002,3921.5500000000002,3913.6999999999998,3920.1599999999999,3913.8000000000002,3927.4400000000001,3931.1999999999998,-0.0032454361054766734,0.003820509261901299,-0.0032229344729344245,-0.84358766122464834,True
CSI500,000905.SH,2017-10-20,6489.79,6497.5200000000004,6509.6199999999999,6526.4799999999996,6523.5900000000001,6571.4399999999996,6502.1199999999999,-0.0093819034995505923,0.0080287560530702216,-0.001896304589887543,-0.23618909048337447,True
CSI1000,000852.SH,2017-10-23,7753.6899999999996,7751,7756.7200000000003,7764.0900000000001,7769.1999999999998,7793.8100000000004,7751.2299999999996,0.01240951801280521,0.0093494414463718371,0.00031736898530954072,0.03394523481749806,True
CSI300,000300.SH,2017-10-23,3930.8899999999999,3932.3000000000002,3930.29,3931.3299999999999,3927.6999999999998,3932.0100000000002,3927.4400000000001,-0.00095645095645091605,0.003848817152070391,0.00087843480740623647,0.22823500641845268,True
CSI500,000905.SH,2017-10-23,6569.79,6566.79,6571.0600000000004,6577.9300000000003,6584.0200000000004,6613.0299999999997,6571.4399999999996,0.01066113821338277,0.0083145090879612141,-0.00025108651984950825,-0.030198598280812838,True
CSI1000,000852.SH,2017-10-24,7786.3000000000002,7777.4700000000003,7775.2299999999996,7770.6700000000001,7752.71,7753.3599999999997,7793.8100000000004,0.0054933217050714411,0.0092520420600143982,-0.00096358520415562587,-0.10414838128763612,True
CSI300,000300.SH,2017-10-24,3926.23,3926.48,3942.4499999999998,3944.5900000000001,3950.8499999999999,3959.48,3932.0100000000002,0.001163607846332404,0.0038224066878547922,-0.0014699860885399874,-0.3845708237196947,True
CSI500,000905.SH,2017-10-24,6605.5200000000004,6601.0200000000004,6603.6999999999998,6598.6800000000003,6587.46,6602.9300000000003,6613.0299999999997,0.0063289020366921189,0.0082781764097626474,-0.0011356367655974697,-0.13718441228894165,True
CSI1000,000852.SH,2017-10-25,7745.3199999999997,7748.1300000000001,7759.7299999999996,7755.9099999999999,7771.3900000000003,7799.8699999999999,7753.3599999999997,-0.0051900161795066513,0.0092668537593016322,-0.001036969778263841,-0.11190095421792746,True
CSI300,000300.SH,2017-10-25,3958.1700000000001,3958.5,3960.6700000000001,3962.4200000000001,3964.4200000000001,3978.0900000000001,3959.48,0.0069862487633551851,0.0039021127252267386,-0.00033085152595790923,-0.084787792986858054,True
CSI500,000905.SH,2017-10-25,6596.79,6599.71,6605.2600000000002,6601.1499999999996,6616.6000000000004,6648.3900000000003,6602.9300000000003,-0.0015272877939460638,0.0082114306808633662,-0.00092989021540446082,-0.11324338614604128,True
CSI1000,000852.SH,2017-10-26,7791.7399999999998,7788.3699999999999,7795.4499999999998,7790.7200000000003,7797.3000000000002,7830.25,7799.8699999999999,0.0059986896003796364,0.0091317022609405159,-0.0010423250643920579,-0.11414356651228617,True
CSI300,000300.SH,2017-10-26,3980.0500000000002,3977.25,3993.5599999999999,4001.75,4000.0500000000002,3994.1199999999999,3978.0900000000001,0.004700112135937129,0.0039544021856148135,0.0004926987574438435,0.12459500433116436,True
CSI500,000905.SH,2017-10-26,6639.8900000000003,6634.0799999999999,6647.3999999999996,6642.7399999999998,6648.4499999999998,6671.8100000000004,6648.3900000000003,0.0068848223440201028,0.0081247064339415621,-0.0012785050215164961,-0.15736014979882187,True
CSI1000,000852.SH,2017-10-27,7821.5600000000004,7823.5100000000002,7825.0299999999997,7824.1999999999998,7811.2600000000002,7771.1700000000001,7830.25,0.0038949367104836874,0.0088762380996832754,-0.0011097985377221953,-0.12503028031230881,True
CSI300,000300.SH,2017-10-27,3992.5500000000002,4000.3000000000002,4003.3499999999999,4011.54,4007.0100000000002,4022.0900000000001,3994.1199999999999,0.0040295719805232277,0.0039217407395023187,-0.00039307782440178851,-0.10023044625118981,True
CSI500,000905.SH,2017-10-27,6664.4300000000003,6663.29,6665.4300000000003,6669.8000000000002,6658.1099999999997,6631.4799999999996,6671.8100000000004,0.0035226573651665483,0.0076767858042905233,-0.001106146607891989,-0.14408980999232365,True
CSI1000,000852.SH,2017-10-30,7753.6800000000003,7752.1099999999997,7694.1000000000004,7572.2200000000003,7592.3000000000002,7575.25,7771.1700000000001,-0.0075450975383927199,0.0089718429771745919,-0.0022506263535606585,-0.25085440742626824,True
CSI300,000300.SH,2017-10-30,4022.1599999999999,4030.5900000000001,4014.3299999999999,3976.04,3986.75,4010.0900000000001,4022.0900000000001,0.0070027941073378397,0.0040416690091743188,1.7403887033751175e-05,0.0043061138837063384,True
CSI500,000905.SH,2017-10-30,6621.7799999999997,6626.5100000000002,6585.9399999999996,6493.04,6515.8400000000001,6512.1899999999996,6631.4799999999996,-0.0060448364087107853,0.0076742083067371835,-0.0014627202374130066,-0.19060210238610351,True
CSI1000,000852.SH,2017-10-31,7563.6499999999996,7584.0500000000002,7586.7399999999998,7589.1300000000001,7579.5200000000004,7631.9200000000001,7575.25,-0.025211132943945391,0.010069087508472142,-0.0015313025972740757,-0.15207957980160922,True
CSI300,000300.SH,2017-10-31,3995.3899999999999,4000.0100000000002,3996.5700000000002,3990.6599999999999,3985.9200000000001,4007.8099999999999,4010.0900000000001,-0.0029835234915180919,0.0038465661020976013,-0.0036657531377102259,-0.95299366770565186,True
CSI500,000905.SH,2017-10-31,6496.6899999999996,6516.79,6519.5100000000002,6517.6499999999996,6508.8299999999999,6560.21,6512.1899999999996,-0.0179884430021654,0.008241120273198831,-0.0023801516847634652,-0.28881409394108959,True
CSI1000,000852.SH,2017-11-01,7630.4200000000001,7630.6999999999998,7645.1400000000003,7649.3299999999999,7656.1300000000001,7635.8500000000004,7631.9200000000001,0.0074809412230618655,0.010229454391111921,-0.00019654294070170497,-0.019213433403884716,True
CSI300,000300.SH,2017-11-01,4007.9099999999999,4007.0799999999999,4022.5999999999999,4032.1999999999998,4019.6999999999998,3996.9400000000001,4007.8099999999999,-0.00056856579278774522,0.0038888439878361314,2.4951282620699899e-05,0.0064161181828699529,True
CSI500,000905.SH,2017-11-01,6559.5200000000004,6561.9499999999998,6567.6800000000003,6576.7200000000003,6580.8599999999997,6553.1899999999996,6560.21,0.0073738634775706302,0.0083391933134281341,-0.00010517955980060556,-0.01261267797105037,True
CSI1000,000852.SH,2017-11-02,7622.8400000000001,7605.96,7582.1499999999996,7581.2700000000004,7573.6999999999998,7542.6300000000001,7635.8500000000004,0.00051494250463846036,0.01001762733282785,-0.001703805077365339,-0.17008070082443127,True
CSI300,000300.SH,2017-11-02,3994.0900000000001,3988.2800000000002,3980.1100000000001,3981.2800000000002,3981.2800000000002,3997.1300000000001,3996.9400000000001,-0.0027122044208682805,0.0040286723528838901,-0.00071304547979200716,-0.17699267086874904,True
CSI500,000905.SH,2017-11-02,6541.6099999999997,6525.0600000000004,6511.1499999999996,6514.2399999999998,6508.1199999999999,6484.96,6553.1899999999996,-0.0010700876953634308,0.0080456293277485214,-0.0017670783236866106,-0.21963208242668414,True
CSI1000,000852.SH,2017-11-03,7534.4399999999996,7547.0299999999997,7539.7200000000003,7529.2600000000002,7542.6199999999999,7477.3400000000001,7542.6300000000001,-0.012208202099307952,0.010285151476553718,-0.0010858281527796887,-0.10557240262867972,True
CSI300,000300.SH,2017-11-03,3992.3499999999999,3997.2800000000002,3992.5799999999999,3990.8099999999999,3996.98,3991.9400000000001,3997.1300000000001,4.7536365319400531e-05,0.0040355302245905812,-0.001195858028135266,-0.29633231857570586,True
CSI500,000905.SH,2017-11-03,6477.8199999999997,6490.1300000000001,6484.9700000000003,6479.1199999999999,6486.3900000000003,6427.2299999999996,6484.96,-0.010411723145521412,0.0083554687772005136,-0.0011010091041425696,-0.13177107514863587,True
CSI1000,000852.SH,2017-11-06,7476.1899999999996,7473.2600000000002,7470.5799999999999,7466.8699999999999,7472.71,7551.8900000000003,7477.3400000000001,-0.0086561318797289122,0.010066435409665916,-0.00015379800838277724,-0.015278298834073726,True
CSI300,000300.SH,2017-11-06,3989.1799999999998,3983.73,3983.6199999999999,3981.77,3985.21,4021.6399999999999,3991.9400000000001,-0.0012984316246906769,0.0040946307685761083,-0.00069139315721178374,-0.16885360275163785,True
CSI500,000905.SH,2017-11-06,6432.0699999999997,6428.2799999999997,6423.6099999999997,6423.2399999999998,6423.6999999999998,6512.1300000000001,6427.2299999999996,-0.0089021366361551335,0.0084313523891927956,0.00075304602449266511,0.089314974600979827,True
CSI1000,000852.SH,2017-11-07,7548.3800000000001,7549.1899999999996,7533.2299999999996,7541.8900000000003,7537.1300000000001,7596.4200000000001,7551.8900000000003,0.0099701230651541017,0.0098781014813160602,-0.00046478431227148231,-0.047051987990870396,True
CSI300,000300.SH,2017-11-07,4022.4000000000001,4037.02,4040.5300000000002,4054.3899999999999,4048.7600000000002,4055.5500000000002,4021.6399999999999,0.0074399915830398733,0.003629697270301067,0.00018897763101621834,0.052064295433801699,True
CSI500,000905.SH,2017-11-07,6508.21,6512.3199999999997,6504.75,6514.75,6515.0100000000002,6552.2600000000002,6512.1300000000001,0.013209423032939593,0.0085812557564077935,-0.00060195358507897367,-0.070147493812835374,True
CSI1000,000852.SH,2017-11-08,7585.9099999999999,7588,7593.8400000000001,7609.5600000000004,7622.5100000000002,7617.9499999999998,7596.4200000000001,0.0058965371582477832,0.0098409741652560386,-0.001383546460043017,-0.1405903965206701,True
CSI300,000300.SH,2017-11-08,4051.4899999999998,4056.2800000000002,4051.1100000000001,4067.4299999999998,4067.8400000000001,4047.8899999999999,4055.5500000000002,0.0084318835102097367,0.0039240782400160098,-0.0010010972617772174,-0.25511653961648151,True
CSI500,000905.SH,2017-11-08,6544.5900000000001,6545.4799999999996,6553.3999999999996,6568.7200000000003,6574.4200000000001,6562.3999999999996,6552.2600000000002,0.006162346267657437,0.0086616028947135194,-0.001170588468711542,-0.13514686403205961,True
CSI1000,000852.SH,2017-11-09,7610.8900000000003,7612.5500000000002,7624.3999999999996,7628.8800000000001,7631.6499999999996,7657.25,7617.9499999999998,0.0028342298082517647,0.0099035537953347935,-0.0009267585111479848,-0.093578379064750195,True
CSI300,000300.SH,2017-11-09,4043.0700000000002,4046.9899999999998,4049.4000000000001,4045.8800000000001,4044.5100000000002,4076.5599999999999,4047.8899999999999,-0.0018887697106435564,0.0040115138352120787,-0.0011907438196194775,-0.29683153755258729,True
CSI500,000905.SH,2017-11-09,6562.3599999999997,6564.4200000000001,6575.8100000000004,6574.8599999999997,6571.7299999999996,6611.3900000000003,6562.3999999999996,0.0015475576366015265,0.0086069935184144766,-6.0953309765077179e-06,-0.0007081835211641428,True
CSI1000,000852.SH,2017-11-10,7649.4700000000003,7651.3599999999997,7635.5799999999999,7650.1599999999999,7651.3400000000001,7670.0299999999997,7657.25,0.0051588681994501062,0.010036066885020714,-0.0010160305592739061,-0.10123792227714004,True
CSI300,000300.SH,2017-11-10,4070.2800000000002,4076.0900000000001,4069.8899999999999,4075.0799999999999,4075.5900000000001,4112.3699999999999,4076.5599999999999,0.0070827023461605965,0.00417597531372642,-0.0015405145514845175,-0.36889934344699077,True
CSI500,000905.SH,2017-11-10,6599.6499999999996,6605.6099999999997,6597.1999999999998,6608.2399999999998,6614.3400000000001,6641.9300000000003,6611.3900000000003,0.0074652566134341125,0.008799878707319797,-0.0017757234106595687,-0.20178953252872797,True
CSI1000,000852.SH,2017-11-13,7673.5200000000004,7672.29,7653.7399999999998,7660.9799999999996,7660.9899999999998,7682.0600000000004,7670.0299999999997,0.0016690064971105478,0.0099773091175227781,0.00045501777698397916,0.045605260058029909,True
CSI300,000300.SH,2017-11-13,4115.5500000000002,4126.4700000000003,4123.5699999999997,4130.7299999999996,4132.8299999999999,4128.9899999999998,4112.3699999999999,0.0087843672115706095,0.0044393343402628974,0.00077327672364124744,0.17418753902537876,True
CSI500,000905.SH,2017-11-13,6644.6899999999996,6649.1700000000001,6629.9099999999999,6639.6800000000003,6649.7399999999998,6671.25,6641.9300000000003,0.0046193009336916724,0.0086855582520828124,0.00041554186810155436,0.047842850861302633,True
CSI1000,000852.SH,2017-11-14,7676.6999999999998,7669.9799999999996,7671.3400000000001,7657.5799999999999,7644.6300000000001,7628.3299999999999,7682.0600000000004,0.001568442365936118,0.0091279962352063537,-0.00069772951526025917,-0.076438409622600581,True
CSI300,000300.SH,2017-11-14,4129.2700000000004,4126.3699999999999,4123.6800000000003,4112.5600000000004,4102.29,4099.6199999999999,4128.9899999999998,0.0040414651405393798,0.0043260983511499264,6.7813194025712065e-05,0.015675370396441991,True
CSI500,000905.SH,2017-11-14,6664.6099999999997,6659.8999999999996,6662.6199999999999,6653.8299999999999,6639.21,6615.6199999999999,6671.25,0.0044143795553399645,0.0081832936735044479,-0.00099531572044220251,-0.12162776507273561,True
CSI1000,000852.SH,2017-11-15,7609.7200000000003,7608.79,7617.5799999999999,7600.2200000000003,7587.6000000000004,7556.8500000000004,7628.3299999999999,-0.006994217696815741,0.0092297882768157119,-0.0024395903166223309,-0.26431703994232819,True
CSI300,000300.SH,2017-11-15,4084.21,4090.5999999999999,4102.0100000000002,4081.5300000000002,4070.48,4073.71,4099.6199999999999,-0.0071131196733341673,0.0048231064076607608,-0.0037588849698264593,-0.77934937613154254,True
CSI500,000905.SH,2017-11-15,6592.7600000000002,6589.5100000000002,6601.5,6577.0900000000001,6561.1999999999998,6537.5500000000002,6615.6199999999999,-0.0083387670976203809,0.0084123688516014889,-0.0034554584453156956,-0.41075926487197112,True
CSI1000,000852.SH,2017-11-16,7543.0100000000002,7547.5900000000001,7524.3199999999997,7556.8599999999997,7552.04,7535.8400000000001,7556.8500000000004,-0.0093703340049525741,0.0092163372327503205,-0.0018314509352441721,-0.1987178733799039,True
CSI300,000300.SH,2017-11-16,4063.4899999999998,4069.9099999999999,4065.7199999999998,4080.7600000000002,4075.04,4105.71,4073.71,-0.0063200979602987539,0.0050170841909261922,-0.0025087696473240495,-0.50004535540012762,True
CSI500,000905.SH,2017-11-16,6529.3100000000004,6531.9399999999996,6514.4700000000003,6545.5200000000004,6544.8999999999996,6558.2700000000004,6537.5500000000002,-0.011800859178731526,0.00866585617316298,-0.0012604110102407695,-0.14544564149865505,True
CSI1000,000852.SH,2017-11-17,7528.8000000000002,7524.9899999999998,7457.8299999999999,7463.8900000000003,7422.79,7274.04,7535.8400000000001,-0.0027802589703381786,0.0090092349520653654,-0.00093420242467989745,-0.10369386853050511,True
CSI300,000300.SH,2017-11-17,4094.0799999999999,4109.2700000000004,4095.73,4107.8500000000004,4086.4299999999998,4120.2600000000002,4105.71,0.00785524742802024,0.0050630125396843367,-0.0028326403959364477,-0.55947726254556229,True
CSI500,000905.SH,2017-11-17,6549.2200000000003,6550.9200000000001,6503.6199999999999,6517.3999999999996,6485.29,6362.71,6558.2700000000004,0.0031693830257513156,0.0084139753312108649,-0.0013799370870671845,-0.16400536402197843,True
CSI1000,000852.SH,2017-11-20,7234.3299999999999,7206.0299999999997,7128.6000000000004,7110.54,7172.1300000000001,7292.5100000000002,7274.04,-0.034740652667784921,0.01126915722830087,-0.0054591396252976487,-0.48443193352452335,True
CSI300,000300.SH,2017-11-20,4093.73,4093.3699999999999,4094.46,4078.4699999999998,4091.73,4144.5100000000002,4120.2600000000002,0.0035438450353288964,0.0050157749634996028,-0.0064389140491134533,-1.2837326427063025,True
CSI500,000905.SH,2017-11-20,6330.8999999999996,6320.8599999999997,6277.2799999999997,6261.5699999999997,6317.1800000000003,6433.7600000000002,6362.71,-0.029818839419542109,0.010453458897731787,-0.0049994420616372715,-0.47825720754706946,True
CSI1000,000852.SH,2017-11-21,7283.6099999999997,7294.7399999999998,7314.3299999999999,7330.5200000000004,7301.1899999999996,7289.7600000000002,7292.5100000000002,0.0025391666804142066,0.011169363757374467,-0.0012204302770926212,-0.10926587257818009,True
CSI300,000300.SH,2017-11-21,4131.8500000000004,4144.4499999999998,4169,4195.0100000000002,4202.3100000000004,4217.9399999999996,4144.5100000000002,0.0058855509118356242,0.0050648502339242776,-0.0030546433715927801,-0.60310635665647772,True
CSI500,000905.SH,2017-11-21,6420.3900000000003,6436.5,6450.1099999999997,6469.6599999999999,6446.5699999999997,6456.3599999999997,6433.7600000000002,0.011166625541632502,0.010698710598597746,-0.0020781005197582081,-0.19423840850789811,True
CSI1000,000852.SH,2017-11-22,7290.6400000000003,7293.0799999999999,7277.9799999999996,7276.4499999999998,7330.6300000000001,7297.7700000000004,7289.7600000000002,-0.00037709924292184116,0.01117740350305751,0.00012071728012985616,0.01080011830089472,True
CSI300,000300.SH,2017-11-22,4228.3699999999999,4243.8500000000004,4239.3999999999996,4235.4499999999998,4253.6000000000004,4228.3299999999999,4217.9399999999996,0.017717414121331432,0.0060259298025301502,0.0024727710683414283,0.41035510690867461,True
CSI500,000905.SH,2017-11-22,6456.3199999999997,6462.0500000000002,6443.3000000000002,6441.6999999999998,6481.2399999999998,6439.3400000000001,6456.3599999999997,0.0035127203998905898,0.010752751047758306,-6.195441394241108e-06,-0.00057617268052836685,True
CSI1000,000852.SH,2017-11-23,7283.75,7270.6000000000004,7267.6400000000003,7264.2200000000003,7274.2600000000002,7129.2700000000004,7297.7700000000004,0.0010988016066373341,0.011021989748059494,-0.0019211348124154037,-0.17430018139452855,True
CSI300,000300.SH,2017-11-23,4213.3800000000001,4211.0600000000004,4205.4399999999996,4198.8900000000003,4208.3900000000003,4103.7299999999996,4228.3299999999999,0.0024632877660659691,0.0060170587834992208,-0.0035356748408945649,-0.58760849247319347,True
CSI500,000905.SH,2017-11-23,6427.5799999999999,6413.4099999999999,6410.46,6414.71,6416.5299999999997,6274.6999999999998,6439.3400000000001,-0.0026361603132414313,0.010591758997906977,-0.0018262741212609068,-0.1724240630495647,True
CSI1000,000852.SH,2017-11-24,7102.2600000000002,7114.8999999999996,7142.5600000000004,7116.9099999999999,7128.2799999999997,7139.7399999999998,7129.2700000000004,-0.023089245070754494,0.011728609366146586,-0.0037886066876412494,-0.32302266785154166,True
CSI300,000300.SH,2017-11-24,4089.4699999999998,4095.8899999999999,4104.04,4068.5300000000002,4070.7800000000002,4104.3000000000002,4103.7299999999996,-0.029467898673944615,0.0094304158841987465,-0.003474887480414135,-0.36847658927073695,True
CSI500,000905.SH,2017-11-24,6250.0600000000004,6262.1400000000003,6284.8699999999999,6258.5,6268.9499999999998,6278.5299999999997,6274.6999999999998,-0.025567837697652251,0.011789323523561634,-0.0039268809664205762,-0.33308789588923243,True
CSI1000,000852.SH,2017-11-27,7130.1000000000004,7113.5900000000001,7111.8800000000001,7106.8400000000001,7128.3299999999999,7066.2600000000002,7139.7399999999998,0.0014685935586671306,0.011783026786126619,-0.0013501892225766809,-0.11458763924447656,True
CSI300,000300.SH,2017-11-27,4088.9299999999998,4063.8099999999999,4063.3600000000001,4042.96,4049.6500000000001,4050.6700000000001,4104.3000000000002,0.00013889802691702258,0.0093401418770944662,-0.0037448529590917712,-0.40094176388000663,True
CSI500,000905.SH,2017-11-27,6269.2299999999996,6257.9399999999996,6253.3199999999997,6238.2799999999997,6258.6000000000004,6194.96,6278.5299999999997,0.00061038774762134373,0.011792690414324561,-0.001481238442756494,-0.12560648933488802,True
CSI1000,000852.SH,2017-11-28,7057.5299999999997,7080.8699999999999,7100.7200000000003,7105.7700000000004,7081.9499999999998,7177.1000000000004,7066.2600000000002,-0.010291691294080696,0.010812550816187143,-0.0012354484550526346,-0.11426059179329655,True
CSI300,000300.SH,2017-11-28,4034.21,4041.0500000000002,4044.71,4042.6300000000001,4031.8400000000001,4055.27,4050.6700000000001,-0.013066783617182054,0.0098288984692748091,-0.004063525293346526,-0.41342631690103715,True
CSI500,000905.SH,2017-11-28,6188.0900000000001,6214.5600000000004,6231.3199999999997,6239.5100000000002,6212.9399999999996,6299.0500000000002,6194.96,-0.013310440501200116,0.011515890719807203,-0.0011089659981662336,-0.096298760134882547,True
CSI1000,000852.SH,2017-11-29,7176.1599999999999,7176.6700000000001,7170.3299999999999,7169.4200000000001,7155.29,7192.9899999999998,7177.1000000000004,0.015685808334253259,0.011388068343581777,-0.00013097211965840128,-0.011500819604074126,True
CSI300,000300.SH,2017-11-29,4061.3499999999999,4068.7600000000002,4047.8400000000001,4042.8000000000002,4034.8200000000002,4053.7600000000002,4055.27,0.0011356146020287117,0.0098260792315767211,0.0014992836481910743,0.15258208415143168,True
CSI500,000905.SH,2017-11-29,6293.25,6302.5900000000001,6294.9899999999998,6299.1000000000004,6288.6800000000003,6318.2200000000003,6299.0500000000002,0.016802368376874099,0.012115730853979049,-0.0009207737674729044,-0.075998202549250576,True
CSI1000,000852.SH,2017-11-30,7176.1499999999996,7170.9700000000003,7179.3599999999997,7193.0900000000001,7183.8299999999999,7153.6800000000003,7192.9899999999998,0.0022139861503949199,0.011421996226161574,-0.0023411682763356811,-0.2049701496988188,True
CSI300,000300.SH,2017-11-30,4034.0100000000002,4018.6999999999998,4027.3600000000001,4049.6500000000001,4040.6700000000001,4006.6799999999998,4053.7600000000002,-0.0003723549849947716,0.0097980179346060133,-0.0048720200505210087,-0.49724547179213924,True
CSI500,000905.SH,2017-11-30,6303.9200000000001,6289.4700000000003,6302.0900000000001,6312.8599999999997,6307.4099999999999,6263.3299999999999,6318.2200000000003,0.0030433160555956018,0.012166419602358178,-0.0022632956750477939,-0.18602807966684845,True
CSI1000,000852.SH,2017-12-01,7144.4799999999996,7157.1199999999999,7148.5799999999999,7177.04,7211.4300000000003,7215.9200000000001,7153.6800000000003,-0.0054650430488571988,0.011231332754012481,-0.0012860513749567426,-0.11450567827734343,True
CSI300,000300.SH,2017-12-01,4003.5599999999999,4005.1799999999998,3987.9299999999998,4001.23,4026.1799999999998,3998.4099999999999,4006.6799999999998,-0.011613909062204053,0.01018162000223523,-0.00077869957171516901,-0.076480910851536063,True
CSI500,000905.SH,2017-12-01,6259.96,6275.1400000000003,6257.1800000000003,6286.4200000000001,6319.79,6317.0299999999997,6263.3299999999999,-0.0086875733988370785,0.012107806045985473,-0.00053805244175220146,-0.044438475452008165,True
CSI1000,000852.SH,2017-12-04,7209.7799999999997,7207.29,7190.6700000000001,7191.1099999999997,7186.2799999999997,7140.2799999999997,7215.9200000000001,0.0087004171279676523,0.011406567549901814,-0.00085089635140078723,-0.074597055396223175,True
CSI300,000300.SH,2017-12-04,3989.0500000000002,3983.3200000000002,3995.4400000000001,4008.96,4005.5,4019.4400000000001,3998.4099999999999,-0.0020640530314375294,0.010188864171378213,-0.0023409305198816011,-0.22975382540259651,True
CSI500,000905.SH,2017-12-04,6311.2200000000003,6315.0100000000002,6305.9499999999998,6315.6899999999996,6313.1700000000001,6279.9899999999998,6317.0299999999997,0.0085737139828174769,0.012188506973514819,-0.00091973601518424708,-0.075459284486836642,True
CSI1000,000852.SH,2017-12-05,7124.9799999999996,7123.6899999999996,7129.3199999999997,7112.46,7080.6099999999997,6946.8599999999997,7140.2799999999997,-0.010482377853413105,0.011219077095288956,-0.0021427731125390759,-0.19099370601872909,True
CSI300,000300.SH,2017-12-05,4007.9400000000001,4021.77,4027.5900000000001,4028.4200000000001,4034.71,4039.6399999999999,4019.4400000000001,0.00525959068729831,0.010117956994240141,-0.0028610950779213162,-0.28277399079182236,True
CSI500,000905.SH,2017-12-05,6265.79,6265.7600000000002,6268.5200000000004,6253.6700000000001,6231.5799999999999,6132.9399999999996,6279.9899999999998,-0.005863514974600359,0.011774371615194641,-0.0022611500973727106,-0.19203998066909422,True
CSI1000,000852.SH,2017-12-06,6925.46,6937.9200000000001,6958.3999999999996,6957.6300000000001,6943.5900000000001,7016.8699999999999,6946.8599999999997,-0.027088573557339513,0.012259239567188111,-0.0030805284689773282,-0.25128218207125763,True
CSI300,000300.SH,2017-12-06,4027.1199999999999,4021.8200000000002,4022.46,4023.96,4014.0700000000002,4015.9400000000001,4039.6399999999999,0.0050255757020878367,0.0099968812985519236,-0.0030992860749967654,-0.3100252951333638,True
CSI500,000905.SH,2017-12-06,6116.1599999999999,6124.1599999999999,6142.8199999999997,6137.6999999999998,6123.8900000000003,6173.29,6132.9399999999996,-0.023415642381596213,0.01256000354947767,-0.0027360450289746208,-0.21783791845253134,True
CSI1000,000852.SH,2017-12-07,7002.46,7003.4399999999996,7018.8299999999999,7017.4700000000003,7024.6300000000001,7012.9399999999996,7016.8699999999999,0.010077934491266483,0.012586451198513059,-0.0020536221990716808,-0.16316133647856929,True
CSI300,000300.SH,2017-12-07,4003.5799999999999,4008.8699999999999,4011.6700000000001,4004.8299999999999,3990.4499999999998,3971.1399999999999,4015.9400000000001,-0.0058668594231168214,0.010072614124195398,-0.0030777352251278867,-0.30555476335928206,True
CSI500,000905.SH,2017-12-07,6156.3500000000004,6156.9799999999996,6162.3100000000004,6158.4399999999996,6159.1700000000001,6135.2799999999997,6173.29,0.0065792262764678977,0.012710143307357938,-0.0027440797370607006,-0.21589683693590969,True
CSI1000,000852.SH,2017-12-08,7004.1199999999999,7014.0500000000002,7021.4499999999998,7054.3000000000002,7046.0699999999997,7078.0600000000004,7012.9399999999996,-0.00056007878156505431,0.012430827816385106,-0.001257675097747879,-0.10117388128328303,True
CSI300,000300.SH,2017-12-08,3962.8299999999999,3969.6799999999998,3967.75,3988.77,3971.6999999999998,4003.77,3971.1399999999999,-0.011155545152567115,0.010189429591415012,-0.0020925980952573031,-0.20536950341365504,True
CSI500,000905.SH,2017-12-08,6128.1199999999999,6145.1099999999997,6149.6700000000001,6182.3500000000004,6171.8100000000004,6203.2700000000004,6135.2799999999997,-0.0061571706496860168,0.012484261793590268,-0.0011670209020614442,-0.093479367971971067,True
CSI1000,000852.SH,2017-12-11,7089.9499999999998,7095.25,7103.5200000000004,7123.3400000000001,7129.5900000000001,7160.8299999999999,7078.0600000000004,0.0092856918781567543,0.012736584299401318,0.0016798388258929542,0.13189084187759154,True
CSI300,000300.SH,2017-12-11,4006.8800000000001,4005.48,4013.9499999999998,4025.9200000000001,4031.8699999999999,4069.4499999999998,4003.77,0.0082167840972617867,0.010160733578235357,0.00077676789625780174,0.076448013352270694,True
CSI500,000905.SH,2017-12-11,6214.6400000000003,6216.2700000000004,6228.3699999999999,6246.6800000000003,6257.4499999999998,6286.5,6203.2700000000004,0.011081808817201555,0.012789600658521597,0.0018329042585603084,0.14331207889114667,True
CSI1000,000852.SH,2017-12-12,7157.7299999999996,7146.6400000000003,7148.5900000000001,7140.8100000000004,7155.4300000000003,7095.2299999999996,7160.8299999999999,0.011693882221964769,0.01316082374735905,-0.00043291071007134363,-0.032893891627278633,True
CSI300,000300.SH,2017-12-12,4068.5100000000002,4069.6999999999998,4060.4699999999998,4053.7600000000002,4066.8400000000001,4015.73,4069.4499999999998,0.016404538722254225,0.010854411666356829,-0.00023098944574806435,-0.021280696996596737,True
CSI500,000905.SH,2017-12-12,6281.1400000000003,6276.1199999999999,6276.2200000000003,6272.7600000000002,6287.5600000000004,6233.8800000000001,6286.5,0.013417117101141685,0.01322752406996495,-0.00085262069514036032,-0.064458071717016313,True
CSI1000,000852.SH,2017-12-13,7080.6199999999999,7098.5200000000004,7098.6000000000004,7086.54,7109.0699999999997,7140.0100000000002,7095.2299999999996,-0.0091609492195737774,0.013200619540172072,-0.0020591298661212232,-0.15598736558196283,True
CSI300,000300.SH,2017-12-13,4013.8299999999999,4024.3099999999999,4017.3600000000001,4005.04,4023.8600000000001,4050.4099999999999,4015.73,-0.01320080109105648,0.011126555425159185,-0.0004731393793905303,-0.042523437066666225,True
CSI500,000905.SH,2017-12-13,6224.7799999999997,6240.5500000000002,6241.8500000000004,6229.1300000000001,6244.96,6277.6400000000003,6233.8800000000001,-0.0083703173466952441,0.013228210957013308,-0.0014597650259550177,-0.11035241505436397,True
CSI1000,000852.SH,2017-12-14,7131.2700000000004,7132.5200000000004,7130,7119.7299999999996,7126.3999999999996,7146.6700000000001,7140.0100000000002,0.0063112823685773645,0.013300934569787282,-0.0012240879214454603,-0.092030219006260156,True
CSI300,000300.SH,2017-12-14,4050.9000000000001,4046.5999999999999,4042.2600000000002,4032.54,4037.75,4027.0599999999999,4050.4099999999999,0.0086360387775075154,0.011250251886810768,0.0001209754074280589,0.010753128787266036,True
CSI500,000905.SH,2017-12-14,6273.6099999999997,6274.8500000000004,6271.8599999999997,6263.4899999999998,6270.6899999999996,6284.3800000000001,6277.6400000000003,0.0070197052237130908,0.013229895197942647,-0.00064196099171032195,-0.048523513006373017,True
CSI1000,000852.SH,2017-12-15,7137.04,7125.8000000000002,7136.1300000000001,7138.5799999999999,7133.5900000000001,7122.6999999999998,7146.6700000000001,0.00093277180284068173,0.013326349461040237,-0.0013474807147945134,-0.10111401616278273,True
CSI300,000300.SH,2017-12-15,4018.73,4012,4012.6300000000001,4012.25,3996.1100000000001,3980.8800000000001,4027.0599999999999,-0.0057648484968187974,0.011147065200488861,-0.0020685065531678148,-0.18556512552533552,True
CSI500,000905.SH,2017-12-15,6274.1000000000004,6265.6499999999996,6271.0200000000004,6268.9200000000001,6260.5699999999997,6235.6899999999996,6284.3800000000001,0.0010736518819174368,0.013195530335941917,-0.0016358017815599757,-0.12396635375119311,True
CSI1000,000852.SH,2017-12-18,7113.7799999999997,7104.7700000000004,7113.5299999999997,7109.4300000000003,7084,7076.46,7122.6999999999998,-0.0033540096296597044,0.010978852588414158,-0.0012523340867929278,-0.11406784786549551,True
CSI300,000300.SH,2017-12-18,3983.3000000000002,3988.29,4000.3400000000001,3998.6700000000001,3991.4499999999998,3985.7600000000002,3980.8800000000001,-0.01146742288418845,0.01133536829095848,0.00060790578967462316,0.053629116767164232,True
CSI500,000905.SH,2017-12-18,6229.7399999999998,6225.6700000000001,6238.0600000000004,6234.4200000000001,6210.8599999999997,6199.8500000000004,6235.6899999999996,-0.0077477810062409613,0.011574019873872538,-0.00095418470129204902,-0.082441944258800498,True
CSI1000,000852.SH,2017-12-19,7070.2200000000003,7082.79,7091.8000000000002,7111.5299999999997,7105.7600000000002,7116.0900000000001,7076.46,-0.0064919201988009601,0.011011601809442757,-0.00088179683061861969,-0.080078888237899618,True
CSI300,000300.SH,2017-12-19,3985.8200000000002,3993.29,3996.1500000000001,4010.3800000000001,4010.54,4035.6199999999999,3985.7600000000002,0.001225859608930735,0.011219456957277853,1.5053590783242754e-05,0.0013417396974349787,True
CSI500,000905.SH,2017-12-19,6200.9300000000003,6215.7700000000004,6216.1999999999998,6234.0799999999999,6233.4499999999998,6251.3900000000003,6199.8500000000004,-0.0057475596124886286,0.011256133637886872,0.00017419776284910427,0.01547580798639191,True
CSI1000,000852.SH,2017-12-20,7106.6599999999999,7109.1300000000001,7093.54,7098.4200000000001,7076.0200000000004,7041.9899999999998,7116.0900000000001,0.005600257755996596,0.011122655940658414,-0.0013251659267941029,-0.11914114163596601,True
CSI300,000300.SH,2017-12-20,4036.02,4036.1399999999999,4025.9699999999998,4034.25,4032.98,4030.7600000000002,4035.6199999999999,0.012509533940829209,0.010792734091826711,9.9117359910083636e-05,0.0091837118441697521,True
CSI500,000905.SH,2017-12-20,6244.0600000000004,6245.5699999999997,6230.8999999999996,6238.5200000000004,6218.5,6199.5500000000002,6251.3900000000003,0.0083131043492987722,0.011425058391052434,-0.0011725392272758928,-0.10262872951215463,True
CSI1000,000852.SH,2017-12-21,7029.0200000000004,7024.1099999999997,7013.0900000000001,6985.8800000000001,6987.8900000000003,7051.9099999999999,7041.9899999999998,-0.010413021757734953,0.011296890253156023,-0.0018418089204896848,-0.16303680740592633,True
CSI300,000300.SH,2017-12-21,4023.0799999999999,4022.3699999999999,4023.75,4023.9299999999998,4022.6100000000001,4068.0100000000002,4030.7600000000002,-0.0012042759229063948,0.010741237345027363,-0.0019053478748425334,-0.17738625575801198,True
CSI500,000905.SH,2017-12-21,6191.7799999999997,6190.3400000000001,6188.0799999999999,6167.5600000000004,6170.2299999999996,6239.0299999999997,6199.5500000000002,-0.00829255573560439,0.011522964901827717,-0.001253316772991675,-0.10876686544388241,True
CSI1000,000852.SH,2017-12-22,7043.3900000000003,7047.3000000000002,7056.3000000000002,7049.25,7056.8800000000001,7037.6099999999997,7051.9099999999999,0.0014086927132812566,0.010125465255092184,-0.0012081833148749332,-0.11932126420238591,True
CSI300,000300.SH,2017-12-22,4064.9099999999999,4071,4075.71,4065.1399999999999,4067.3400000000001,4054.9400000000001,4068.0100000000002,0.0092414333773283008,0.0089294859827548419,-0.00076204335780893917,-0.085340114680805018,True
CSI500,000905.SH,2017-12-22,6236.2299999999996,6244.6599999999999,6258.9399999999996,6252.3100000000004,6262.0900000000001,6243.04,6239.0299999999997,0.0063682041438490877,0.010197194252016211,-0.00044878771219247771,-0.044010901538307209,True
CSI1000,000852.SH,2017-12-25,7031.0299999999997,7033.4700000000003,7013.0900000000001,7004.5900000000001,6982.6700000000001,6941.1199999999999,7037.6099999999997,-0.0020278194134638605,0.010119934900083194,-0.00093497650480778294,-0.092389577012011864,True
CSI300,000300.SH,2017-12-25,4057.4200000000001,4072.6900000000001,4077.5300000000002,4081.6700000000001,4074,4042,4054.9400000000001,-0.003212873124697424,0.0089502852254155479,0.00061159967841684093,0.068332981912142945,True
CSI500,000905.SH,2017-12-25,6244.8599999999997,6256.25,6241.2600000000002,6237.9200000000001,6222.3900000000003,6185.79,6243.04,0.00064272811638987903,0.010197338011113751,0.00029152464184112326,0.028588308196060574,True
CSI1000,000852.SH,2017-12-26,6935.04,6934.1800000000003,6943.9700000000003,6938.5299999999997,6908.7200000000003,6970.9700000000003,6941.1199999999999,-0.01371062050895111,0.010317936569697438,-0.00087593932967588994,-0.084894816299648554,True
CSI300,000300.SH,2017-12-26,4040.6199999999999,4043.71,4048.5500000000002,4046.9099999999999,4029.5999999999999,4053.9200000000001,4042,-0.0031911692898045629,0.0084846753970263897,-0.00034141514101937442,-0.040239033910363813,True
CSI500,000905.SH,2017-12-26,6179.5600000000004,6180.9300000000003,6191.9799999999996,6184.8400000000001,6159.3900000000003,6220.5,6185.79,-0.0091702119480253641,0.0099570997466663577,-0.0010071470256829418,-0.10114863276529244,True
CSI1000,000852.SH,2017-12-27,6963.0600000000004,6960.9399999999996,6974.5100000000002,6968.8500000000004,6968.3500000000004,6942.8299999999999,6970.9700000000003,0.0043004587155963669,0.0096505451438142539,-0.0011347057869994792,-0.1175794496673378,True
CSI300,000300.SH,2017-12-27,4045.2800000000002,4047.1500000000001,4041.3800000000001,4030.3499999999999,4035.6399999999999,3991.3400000000001,4053.9200000000001,0.0029490351311232121,0.0085079281361328269,-0.0021312704740102939,-0.25050405220971184,True
CSI500,000905.SH,2017-12-27,6213.2399999999998,6212.0500000000002,6221.7799999999997,6215.6800000000003,6214.9799999999996,6173.2799999999997,6220.5,0.0056112477145198181,0.0092509912390599022,-0.0011671087533157154,-0.12616039980536384,True
CSI1000,000852.SH,2017-12-28,6929.54,6931.9499999999998,6945.3000000000002,6944.4499999999998,6970.1899999999996,6956.6599999999999,6942.8299999999999,-0.0040367409413611943,0.0096281445210688477,-0.0019142050143817757,-0.19881348999207527,True
CSI300,000300.SH,2017-12-28,3993,3991.46,3990.1999999999998,3992.8800000000001,4015.4499999999998,4019.0100000000002,3991.3400000000001,-0.015436910447172103,0.0091842491026312093,0.00041590042441885799,0.045284096693294834,True
CSI500,000905.SH,2017-12-28,6163.96,6166.1400000000003,6179.7700000000004,6182.1400000000003,6204.0799999999999,6204.9200000000001,6173.2799999999997,-0.007591029659995252,0.0093366029449021472,-0.0015097322655054368,-0.16170038229265835,True
CSI1000,000852.SH,2017-12-29,6957.0200000000004,6962.3699999999999,6979.0699999999997,6976.8599999999997,6970.5699999999997,7018.0600000000004,6956.6599999999999,0.0019919830962302765,0.0096200305343847811,5.1748971489296025e-05,0.0053792938914622133,True
CSI300,000300.SH,2017-12-29,4022.8800000000001,4029.6399999999999,4041.4299999999998,4034.6199999999999,4021.75,4031.3699999999999,4019.0100000000002,0.006932508881728916,0.0089616692845077492,0.0009629237050914341,0.1074491453010951,True
CSI500,000905.SH,2017-12-29,6201.46,6210.3699999999999,6218.6899999999996,6218.1199999999999,6211.7399999999998,6250.3000000000002,6204.9200000000001,0.0051253142575746757,0.0092577580840444307,-0.00055762201607756356,-0.060232943118119976,True
