index_name,symbol,trading_day,open_0931,close_0935,close_0950,close_1005,close_1035,close_1500,prev_close_1500,r1,rvol20,gap,gap_rvol,required_clocks_complete
CSI1000,000852.SH,2018-01-02,7027.6300000000001,7033.3599999999997,7032.8800000000001,7027.8000000000002,7043.9099999999999,7092.2200000000003,7018.0600000000004,0.0088260745817678732,0.0096269792711785856,0.001363624705402966,0.14164616615363543,True
CSI300,000300.SH,2018-01-02,4045.21,4059.5999999999999,4066.5100000000002,4062.8499999999999,4073.1700000000001,4087.75,4031.3699999999999,0.0030753842364164008,0.0089672627793551864,0.0034330761006804433,0.38284548865727647,True
CSI500,000905.SH,2018-01-02,6263.1499999999996,6266.6099999999997,6272.79,6266.2600000000002,6284.6599999999999,6332.6099999999997,6250.3000000000002,0.0073135511819653054,0.0091973629936209587,0.0020559013167367191,0.22353160554418006,True
CSI1000,000852.SH,2018-01-03,7090.8699999999999,7089.9200000000001,7101.9399999999996,7105.2700000000004,7125.9499999999998,7160.3000000000002,7092.2200000000003,0.01056702279547328,0.0097255509269150633,-0.00019034942514484232,-0.019572096899730183,True
CSI300,000300.SH,2018-01-03,4091.46,4093.8899999999999,4107.29,4111,4131.21,4112.1999999999998,4087.75,0.013985320126904677,0.009414745865515637,0.00090758974986249186,0.096400876117837084,True
CSI500,000905.SH,2018-01-03,6331.7200000000003,6331.0799999999999,6341.0100000000002,6345,6365.6800000000003,6388.6099999999997,6332.6099999999997,0.01316896788954125,0.0095884757421052479,-0.00014054236720706381,-0.014657425328815223,True
CSI1000,000852.SH,2018-01-04,7149.6800000000003,7143.1700000000001,7161.7200000000003,7155.3699999999999,7156.9700000000003,7175.3500000000004,7160.3000000000002,0.0095992510102620443,0.0076421591273946911,-0.0014831780791307869,-0.19407840826214529,True
CSI300,000300.SH,2018-01-04,4114.1199999999999,4110.29,4116.0799999999999,4113.8900000000003,4119.7600000000002,4129.4099999999999,4112.1999999999998,0.0059812855482843652,0.0094392610098314421,0.0004669033607314077,0.049463973953586565,True
CSI500,000905.SH,2018-01-04,6380.2700000000004,6380.1300000000001,6394.5299999999997,6391.6099999999997,6395.8999999999996,6418.0799999999999,6388.6099999999997,0.0088431152400036961,0.0079305050539445979,-0.0013054482900034525,-0.16461099023625594,True
CSI1000,000852.SH,2018-01-05,7172,7168.8000000000002,7179.8100000000004,7171.3000000000002,7175.9099999999999,7177.0900000000001,7175.3500000000004,0.0021018672401995619,0.0073767766164456522,-0.00046687618025609279,-0.063289998400554451,True
CSI300,000300.SH,2018-01-05,4133.3400000000001,4124.3500000000004,4140.9200000000001,4131.1800000000003,4132.9300000000003,4139.1400000000003,4129.4099999999999,0.0041851077282233362,0.0093250718440340934,0.00095170980842307351,0.10205924676408251,True
CSI500,000905.SH,2018-01-05,6414.7700000000004,6407.8299999999999,6415.8299999999999,6406.3900000000003,6408.0600000000004,6416.9499999999998,6418.0799999999999,0.0046128970151566584,0.0078837645596367342,-0.0005157305611646068,-0.065416788802273737,True
CSI1000,000852.SH,2018-01-08,7172.04,7163.6999999999998,7140.8800000000001,7140.5299999999997,7145.9300000000003,7188.54,7177.0900000000001,0.00024249688168520578,0.0073692023662025284,-0.0007036277934372448,-0.09548221889852046,True
CSI300,000300.SH,2018-01-08,4140.8500000000004,4144.7200000000003,4129.0200000000004,4133.6899999999996,4142.4899999999998,4160.46,4139.1400000000003,0.0023562688132203746,0.0088417926483354056,0.00041312929739034665,0.04672460821258053,True
CSI500,000905.SH,2018-01-08,6413.8699999999999,6417.2299999999996,6397.8400000000001,6403.0600000000004,6411.6400000000003,6446.79,6416.9499999999998,-0.0001760651160471749,0.0076695518473568723,-0.00047997880613059873,-0.062582379737873728,True
CSI1000,000852.SH,2018-01-09,7179.9300000000003,7180.8000000000002,7175.0500000000002,7177.6899999999996,7163.7799999999997,7177.2299999999996,7188.54,0.0015953541059119392,0.0071206231150906275,-0.0011977397357459951,-0.16820715215324958,True
CSI300,000300.SH,2018-01-09,4157.54,4165.6300000000001,4163.1300000000001,4169.8599999999997,4166.96,4189.7399999999998,4160.46,0.0051508284329593312,0.0087565279267923617,-0.00070184546901064238,-0.080151114103479845,True
CSI500,000905.SH,2018-01-09,6441.6800000000003,6443.5100000000002,6443.8000000000002,6447.8199999999997,6429,6446.6700000000001,6446.79,0.0046501842775774627,0.007411332618860126,-0.00079264253993072131,-0.10695006966947207,True
CSI1000,000852.SH,2018-01-10,7172.7299999999996,7172.5699999999997,7153.3299999999999,7163.8500000000004,7160.4099999999999,7139.0600000000004,7177.2299999999996,-0.0015733375622867252,0.0066549778655720345,-0.00062698283321005466,-0.094212609850079759,True
CSI300,000300.SH,2018-01-10,4187.1999999999998,4193.7700000000004,4183.3599999999997,4196.4899999999998,4197.5200000000004,4208.3199999999997,4189.7399999999998,0.0070376833330929589,0.0081743109050588566,-0.00060624286948596229,-0.074164400709394993,True
CSI500,000905.SH,2018-01-10,6443.46,6442.6999999999998,6419.46,6426.8900000000003,6423.4099999999999,6406.21,6446.6700000000001,-1.8613914832044109e-05,0.0069094528841611453,-0.00049793149021126748,-0.072065255897858227,True
CSI1000,000852.SH,2018-01-11,7121.46,7103.6499999999996,7119.1499999999996,7093.9700000000003,7111.9200000000001,7175.8500000000004,7139.0600000000004,-0.0053182077208058232,0.0064239144171962326,-0.00246531055909327,-0.3837707663872138,True
CSI300,000300.SH,2018-01-11,4197.1099999999997,4188.0799999999999,4208.6999999999998,4195.1400000000003,4190.1599999999999,4205.8400000000001,4208.3199999999997,0.0044346427224601914,0.0074229014147286802,-0.002663770815907518,-0.35885843918417221,True
CSI500,000905.SH,2018-01-11,6391.8999999999996,6379.3500000000004,6397.1999999999998,6372.1999999999998,6388.3800000000001,6426.3999999999996,6406.21,-0.0062761084404816536,0.0067699457049126719,-0.0022337700450032472,-0.32995390840170136,True
CSI1000,000852.SH,2018-01-12,7166.75,7159.8000000000002,7170.6099999999997,7164.5200000000004,7157.29,7127.9200000000001,7175.8500000000004,0.0051533395152862926,0.0063721561206023687,-0.0012681424500233796,-0.19901308537046647,True
CSI300,000300.SH,2018-01-12,4205.1400000000003,4199.9300000000003,4217.1899999999996,4218.8900000000003,4211.2700000000004,4225.1499999999996,4205.8400000000001,-0.00058930879780993983,0.0072987034645047673,-0.00016643524242476726,-0.022803398334262953,True
CSI500,000905.SH,2018-01-12,6418.8299999999999,6413.7600000000002,6430.4799999999996,6425.5100000000002,6417.1800000000003,6399.5200000000004,6426.3999999999996,0.0031516294345641516,0.0066548079432029589,-0.0011779534420515159,-0.17700787943168905,True
CSI1000,000852.SH,2018-01-15,7103.6099999999997,7088.0600000000004,7019.8000000000002,7046.0900000000001,7016.3400000000001,6929.3100000000004,7127.9200000000001,-0.0066793480911669922,0.0065551723399821333,-0.0034105321047375181,-0.52028107391404055,True
CSI300,000300.SH,2018-01-15,4229.8400000000001,4238.8400000000001,4225.5799999999999,4245.5799999999999,4241.5799999999999,4225.1899999999996,4225.1499999999996,0.0045912350446044581,0.0070899322873248551,0.0011100197626121577,0.15656281578268583,True
CSI500,000905.SH,2018-01-15,6391.3699999999999,6378.0299999999997,6331.2399999999998,6356.0600000000004,6334.7799999999997,6253.6700000000001,6399.5200000000004,-0.0041827461720401748,0.0067626801824081286,-0.0012735330149762358,-0.18831779422145353,True
CSI1000,000852.SH,2018-01-16,6916.1599999999999,6929.4300000000003,6930.5,6939.9399999999996,6939.5299999999997,6960.7299999999996,6929.3100000000004,-0.027863668503574579,0.0090207278180728587,-0.0018977358496012897,-0.21037502603716871,True
CSI300,000300.SH,2018-01-16,4215.6199999999999,4223.7799999999997,4227.4300000000003,4235.5100000000002,4233.5100000000002,4259.5600000000004,4225.1899999999996,9.4671195105533457e-06,0.00632980803726614,-0.0022649868999973233,-0.35782868716751431,True
CSI500,000905.SH,2018-01-16,6245.1499999999996,6264.29,6275.1800000000003,6277.1400000000003,6279.21,6301.3999999999996,6253.6700000000001,-0.02279077180788569,0.008413638601108029,-0.0013623999987207869,-0.16192756348500237,True
CSI1000,000852.SH,2018-01-17,6938.7200000000003,6919.6899999999996,6869.4899999999998,6884.9099999999999,6855.8100000000004,6943.0900000000001,6960.7299999999996,0.0045343620071838231,0.0090259988940253819,-0.0031620246726994372,-0.35032407047961084,True
CSI300,000300.SH,2018-01-17,4261.7799999999997,4276.5200000000004,4252.4200000000001,4270.9099999999999,4264.6700000000001,4248.6800000000003,4259.5600000000004,0.0081345454287264918,0.0064157329469869823,0.00052118059142247652,0.081234770170294929,True
CSI500,000905.SH,2018-01-17,6288.0200000000004,6268.8100000000004,6218.0699999999997,6236.6899999999996,6211.5799999999999,6267.5900000000001,6301.3999999999996,0.007632318302692509,0.0084495619237294501,-0.0021233376709935969,-0.25129559261888962,True
CSI1000,000852.SH,2018-01-18,6928.0900000000001,6939.71,6935.5,6952.6199999999999,6959.9200000000001,6955.1700000000001,6943.0900000000001,-0.0025342169571294093,0.0089055952820875726,-0.0021604213685837426,-0.24259146077850005,True
CSI300,000300.SH,2018-01-18,4259.3800000000001,4274.3299999999999,4277.0799999999999,4289.1700000000001,4268.1400000000003,4272.71,4248.6800000000003,-0.0025542544300350967,0.0061626953138758595,0.0025184292533209085,0.40865710943885863,True
CSI500,000905.SH,2018-01-18,6253.0600000000004,6269.6000000000004,6268.1899999999996,6283.6099999999997,6290.0100000000002,6285.2399999999998,6267.5900000000001,-0.0053654743390356696,0.0083665913427757362,-0.0023182754455859378,-0.27708720918796742,True
CSI1000,000852.SH,2018-01-19,6953.3400000000001,6951.5900000000001,6941.6499999999996,6973.3000000000002,6977.9899999999998,6938.3999999999996,6955.1700000000001,0.001739859342166028,0.0086543633194541558,-0.00026311362626652013,-0.030402424367262999,True
CSI300,000300.SH,2018-01-19,4281.9399999999996,4292.5200000000004,4282.9700000000003,4299.3100000000004,4300.6099999999997,4286.3500000000004,4272.71,0.0056558742950751917,0.0061310054294388718,0.0021602214987677115,0.35234375888742631,True
CSI500,000905.SH,2018-01-19,6284.6000000000004,6286.3599999999997,6276.4799999999996,6304,6309.8999999999996,6272.3299999999999,6285.2399999999998,0.0028160744400957949,0.0081414251302369071,-0.00010182586504248192,-0.012507130313623469,True
CSI1000,000852.SH,2018-01-22,6928.8000000000002,6929.2600000000002,6922.9799999999996,6907.8100000000004,6947.04,7014.8299999999999,6938.3999999999996,-0.0024111560177537683,0.008650217447871613,-0.0013836042891731681,-0.15995023217752799,True
CSI300,000300.SH,2018-01-22,4276.4799999999996,4289.6700000000001,4303.7600000000002,4309.04,4304.1400000000003,4338.4799999999996,4286.3500000000004,0.0031923533307900431,0.0059501557871750798,-0.0023026584389983507,-0.38699128583515124,True
CSI500,000905.SH,2018-01-22,6264.75,6266.3000000000002,6264.6800000000003,6256.0600000000004,6285.6899999999996,6347.8100000000004,6272.3299999999999,-0.0020540186214050848,0.008051120343501068,-0.001208482334315919,-0.15010113906587125,True
CSI1000,000852.SH,2018-01-23,7008.9700000000003,7009.5299999999997,7020.9499999999998,7018.9700000000003,7007.6199999999999,7020.4899999999998,7014.8299999999999,0.011015507898074484,0.0090339798602984585,-0.00083537305964642705,-0.09247010426906449,True
CSI300,000300.SH,2018-01-23,4346.8900000000003,4358.3999999999996,4366.9499999999998,4369.0299999999997,4356.4899999999998,4383.5699999999997,4338.4799999999996,0.012161862657039002,0.0061449467517526784,0.0019384669285096301,0.31545707502782433,True
CSI500,000905.SH,2018-01-23,6342.6899999999996,6342,6354.9700000000003,6353.7200000000003,6341.6899999999996,6354.2700000000004,6347.8100000000004,0.012033805619283466,0.0084689279733010606,-0.00080657738653189259,-0.095239608729072806,True
CSI1000,000852.SH,2018-01-24,7008.4700000000003,7003.8699999999999,6984.0799999999999,6979.8599999999997,7024.8800000000001,7072.8699999999999,7020.4899999999998,0.00080686203372004606,0.00844906095613745,-0.0017121312045169645,-0.20264159690708136,True
CSI300,000300.SH,2018-01-24,4389.4499999999998,4396.04,4385.8699999999999,4376.1899999999996,4379.0799999999999,4390.7799999999997,4383.5699999999997,0.010393040880677162,0.0061284312194142092,0.0013413724430089147,0.21887696785428404,True
CSI500,000905.SH,2018-01-24,6353.3000000000002,6353.9099999999999,6334.8900000000003,6332.3500000000004,6363.46,6394.3999999999996,6354.2700000000004,0.0010176738119132001,0.0081331859283844121,-0.0001526532552126314,-0.018769183018413384,True
CSI1000,000852.SH,2018-01-25,7065.3000000000002,7067.0799999999999,7080.1899999999996,7095.04,7096.9399999999996,7062.6800000000003,7072.8699999999999,0.0074610176782532456,0.0085508031187140031,-0.0010702868849561398,-0.12516799534464143,True
CSI300,000300.SH,2018-01-25,4381.9799999999996,4382.29,4363.0200000000004,4358.3999999999996,4348.3000000000002,4364.8299999999999,4390.7799999999997,0.0016447781146418095,0.0061480329779572259,-0.0020041997093910302,-0.32599039669708391,True
CSI500,000905.SH,2018-01-25,6386.8000000000002,6393.9399999999996,6400.6499999999996,6406.46,6406.0799999999999,6382.8699999999999,6394.3999999999996,0.0063154382800856279,0.0081539830411568089,-0.0011885399724758106,-0.14576188918675895,True
CSI1000,000852.SH,2018-01-26,7043.2700000000004,7048.5799999999999,7058.29,7053.8599999999997,7059.6899999999996,7056.4399999999996,7062.6800000000003,-0.001440716427701827,0.0084936544455261297,-0.0027482485402141599,-0.32356491046816099,True
CSI300,000300.SH,2018-01-26,4352.2200000000003,4358.6099999999997,4374.3800000000001,4369.1000000000004,4368.5699999999997,4382.1499999999996,4364.8299999999999,-0.0059101116430337886,0.0047778059687080491,-0.0028890014044073986,-0.60467114473227634,True
CSI500,000905.SH,2018-01-26,6374.1000000000004,6381.8000000000002,6388.2700000000004,6382.6300000000001,6388.6400000000003,6383.7600000000002,6382.8699999999999,-0.0018031402477166614,0.007916927138062347,-0.0013739900702974817,-0.17355093034666519,True
CSI1000,000852.SH,2018-01-29,7052.3100000000004,7051.1599999999999,7058.7299999999996,7045.0100000000002,7035.2700000000004,6972.6400000000003,7056.4399999999996,-0.00088351730504576675,0.0084983677942868895,-0.0005852809632050926,-0.068869808576483754,True
CSI300,000300.SH,2018-01-29,4387.0600000000004,4392.9899999999998,4383.8000000000002,4382.6700000000001,4375.6400000000003,4302.1300000000001,4382.1499999999996,0.0039680812311131408,0.0047440191457600398,0.0011204545713863201,0.23618255680686381,True
CSI500,000905.SH,2018-01-29,6385.04,6388.8199999999997,6396.21,6382.1899999999996,6378.1099999999997,6310.1300000000001,6383.7600000000002,0.00013943570838836905,0.0078818365496403676,0.00020050879105726338,0.025439349039331725,True
CSI1000,000852.SH,2018-01-30,6955.6800000000003,6962.6099999999997,6975.7799999999997,6963.7799999999997,6967.1000000000004,6955.3800000000001,6972.6400000000003,-0.011875676686827763,0.0087203719609161012,-0.0024323642121205635,-0.27892895200138185,True
CSI300,000300.SH,2018-01-30,4286.6800000000003,4292.8400000000001,4304.5600000000004,4295.5299999999997,4294.0200000000004,4256,4302.1300000000001,-0.018260442933263232,0.0069367465426531773,-0.0035912443371073355,-0.51771306837077413,True
CSI500,000905.SH,2018-01-30,6301.3500000000004,6316.8299999999999,6326.9799999999996,6315.0699999999997,6321.3900000000003,6313.9200000000001,6310.1300000000001,-0.01153395491058562,0.0082616332315207704,-0.0013914134891039875,-0.16841869520366753,True
CSI1000,000852.SH,2018-01-31,6913.3599999999997,6902.0699999999997,6877.3400000000001,6855.4899999999998,6816.2399999999998,6791.1499999999996,6955.3800000000001,-0.002475389522476501,0.0083454904121423919,-0.0060413665392833327,-0.72390791204952543,True
CSI300,000300.SH,2018-01-31,4234.1099999999997,4249.4799999999996,4256.0500000000002,4259.04,4239.0600000000004,4276.3599999999997,4256,-0.010722595551505898,0.0071271051084659106,-0.0051433270676692899,-0.72165724924693531,True
CSI500,000905.SH,2018-01-31,6277.7399999999998,6264.5600000000004,6242.3299999999999,6228.0200000000004,6200.1899999999996,6190.3500000000004,6313.9200000000001,0.00060062154028517334,0.0077073899702466636,-0.00573019613805692,-0.74346778353989706,True
CSI1000,000852.SH,2018-02-01,6775.3599999999997,6792.2399999999998,6777.6000000000004,6737.54,6705.4899999999998,6506.1800000000003,6791.1499999999996,-0.023611937809293049,0.0093782254368220651,-0.0023250848530808055,-0.24792375367217565,True
CSI300,000300.SH,2018-02-01,4276.3400000000001,4285.3000000000002,4277.7600000000002,4268.8999999999996,4262.1499999999996,4245.7399999999998,4276.3599999999997,0.0047838345864661402,0.0070972468528574684,-4.6768747251624276e-06,-0.00065897027708419656,True
CSI500,000905.SH,2018-02-01,6181,6196.4899999999998,6183.0200000000004,6149.0900000000001,6133.6300000000001,5984.5900000000001,6190.3500000000004,-0.019571043028736468,0.0085419882845324292,-0.0015104154046218232,-0.17682246267614732,True
CSI1000,000852.SH,2018-02-02,6454.4399999999996,6383.5299999999997,6401.0200000000004,6439.8500000000004,6491.6800000000003,6488.3800000000001,6506.1800000000003,-0.041961965204714846,0.012775746112625722,-0.0079524390656269262,-0.62246376810571336,True
CSI300,000300.SH,2018-02-02,4213.9399999999996,4191.2299999999996,4200.1599999999999,4223.4899999999998,4250.8599999999997,4271.7600000000002,4245.7399999999998,-0.0071602952043325896,0.0073605108679697271,-0.0074898604248022638,-1.0175734482500962,True
CSI500,000905.SH,2018-02-02,5937.6199999999999,5889.46,5920.4700000000003,5956.8000000000002,5999.2399999999998,6005.6599999999999,5984.5900000000001,-0.033238831406947944,0.010958435307486221,-0.0078484908740615866,-0.71620543023144134,True
CSI1000,000852.SH,2018-02-05,6403.0799999999999,6421.4499999999998,6439.7299999999996,6456.8699999999999,6437.9899999999998,6462.46,6488.3800000000001,-0.002735860366605336,0.012731106797196669,-0.013146578961158228,-1.0326344103918008,True
CSI300,000300.SH,2018-02-05,4204.46,4236.3199999999997,4248.8400000000001,4251.9399999999996,4216.1800000000003,4273.9099999999999,4271.7600000000002,0.0061284958570237968,0.0074338424548556145,-0.015754630409948178,-2.1193118505837605,True
CSI500,000905.SH,2018-02-05,5927.7399999999998,5949.0100000000002,5967.8599999999997,5983.8000000000002,5958.2299999999996,5997.9200000000001,6005.6599999999999,0.0035207090210023217,0.011047075225801383,-0.012974427456765802,-1.1744671953045929,True
CSI1000,000852.SH,2018-02-06,6353.1999999999998,6355.7299999999996,6378.1499999999996,6370.1000000000004,6362.1700000000001,6142.5799999999999,6462.46,-0.0039948338414211859,0.012640819188487525,-0.016906874471950384,-1.3374825017154044,True
CSI300,000300.SH,2018-02-06,4182.3299999999999,4197.3800000000001,4204.1099999999997,4190.1499999999996,4173.8800000000001,4148.3299999999999,4273.9099999999999,0.00050330542914389653,0.007389659692879553,-0.021427685655523887,-2.8996850391055138,True
CSI500,000905.SH,2018-02-06,5886.3500000000004,5894.9899999999998,5919.54,5905.29,5887.21,5704.4499999999998,5997.9200000000001,-0.0012887842468604083,0.010902474579189306,-0.0186014485021474,-1.7061675647154391,True
CSI1000,000852.SH,2018-02-07,6236.46,6242.1899999999996,6246.2700000000004,6236.3000000000002,6185.9700000000003,6158.8299999999999,6142.5799999999999,-0.049498178712131358,0.016005332266252108,0.015283480231433666,0.95489927838983413,True
CSI300,000300.SH,2018-02-07,4205.7399999999998,4193.2299999999996,4197.8299999999999,4204.5900000000001,4178.7700000000004,4050.0700000000002,4148.3299999999999,-0.029382930384589279,0.0099604085700808302,0.013839304009083175,1.389431358333413,True
CSI500,000905.SH,2018-02-07,5805.96,5808.6400000000003,5815.4700000000003,5807.9099999999999,5764.0500000000002,5712.4499999999998,5704.4499999999998,-0.048928628591245027,0.014843152932888659,0.017794879436229705,1.1988611527946174,True
CSI1000,000852.SH,2018-02-08,6141.7799999999997,6143.5699999999997,6210.9899999999998,6225.5500000000002,6219.6199999999999,6238.7200000000003,6158.8299999999999,0.0026454681908905098,0.016164111464997247,-0.0027683829558536877,-0.17126725226119066,True
CSI300,000300.SH,2018-02-08,4022.8800000000001,4021.8600000000001,4054.5799999999999,4062.3699999999999,4042.2800000000002,4011.8099999999999,4050.0700000000002,-0.023686640166042716,0.011148724501743975,-0.0067134642117296917,-0.60217329889885762,True
CSI500,000905.SH,2018-02-08,5695.6700000000001,5704.3900000000003,5759.8900000000003,5774.9799999999996,5768.1999999999998,5767.3500000000004,5712.4499999999998,0.0014024139049337858,0.014934395096433834,-0.0029374436537736859,-0.1966898314130657,True
CSI1000,000852.SH,2018-02-09,6100.3500000000004,6084.5,6123.8699999999999,6108.7299999999996,6115.9700000000003,6053.4799999999996,6238.7200000000003,0.01297161960956883,0.016568837916464494,-0.022179229072630258,-1.3386110229608019,True
CSI300,000300.SH,2018-02-09,3896.1700000000001,3882.9000000000001,3893.3800000000001,3847.2199999999998,3834.9000000000001,3841.2800000000002,4011.8099999999999,-0.009446750303081286,0.011271055964208897,-0.028824894498991727,-2.557426259839791,True
CSI500,000905.SH,2018-02-09,5631.96,5620.2200000000003,5650.96,5623.4200000000001,5617.5299999999997,5555.5500000000002,5767.3500000000004,0.009610587401202686,0.015201201875536993,-0.023475252932456003,-1.544302425865042,True
CSI1000,000852.SH,2018-02-12,6074.46,6097.21,6145.3800000000001,6129.0600000000004,6137.2799999999997,6204.0100000000002,6053.4799999999996,-0.02969198810012319,0.017338319018941603,0.0034657750583135805,0.19989106524844324,True
CSI300,000300.SH,2018-02-12,3846.27,3838.8299999999999,3880.8899999999999,3859.8699999999999,3850.0799999999999,3890.0799999999999,3841.2800000000002,-0.042506998088144732,0.014275670464070439,0.0012990461512829565,0.090997207770552438,True
CSI500,000905.SH,2018-02-12,5581.71,5593.4799999999996,5638.6999999999998,5626.7700000000004,5630.4200000000001,5698.9099999999999,5555.5500000000002,-0.036723972014876871,0.016740755131994006,0.004708804708804637,0.2812779155825193,True
CSI1000,000852.SH,2018-02-13,6229.3800000000001,6237.5200000000004,6242.5500000000002,6259.8000000000002,6261.8100000000004,6216.75,6204.0100000000002,0.024866688252046965,0.018147533986131895,0.0040892906362175463,0.22533588526917916,True
CSI300,000300.SH,2018-02-13,3925.5999999999999,3941.6399999999999,3941.3899999999999,3955.0799999999999,3970.2199999999998,3936.3000000000002,3890.0799999999999,0.012704098633788741,0.0147676162446708,0.009130917616090084,0.61830680489040768,True
CSI500,000905.SH,2018-02-13,5731.1499999999996,5741.9499999999998,5751.1499999999996,5772.6199999999999,5782.6300000000001,5737.1800000000003,5698.9099999999999,0.025804825804825793,0.017807206465831286,0.0056572221705553094,0.31769284988133684,True
CSI1000,000852.SH,2018-02-14,6216.3800000000001,6208.8599999999997,6211.3599999999997,6190.5299999999997,6207.1499999999996,6230.4499999999998,6216.75,0.0020535105520460561,0.018084759590678855,-5.9516628463374133e-05,-0.0032909825626905131,True
CSI300,000300.SH,2018-02-14,3945.0900000000001,3940.9099999999999,3947.5599999999999,3933.6900000000001,3937.7399999999998,3967.1199999999999,3936.3000000000002,0.011881503722288578,0.014952513351857898,0.0022330615044585667,0.14934355528805474,True
CSI500,000905.SH,2018-02-14,5741.8800000000001,5736.5100000000002,5739.0100000000002,5721.5600000000004,5733.2399999999998,5755.1599999999999,5737.1800000000003,0.0067153192452593657,0.017775528766386127,0.00081921780386884357,0.046086831769415519,True
CSI1000,000852.SH,2018-02-22,6269.3699999999999,6274.8800000000001,6275.25,6302.5,6313.2299999999996,6347.1499999999996,6230.4499999999998,0.0022037238106726864,0.018156237528772382,0.0062467398021008869,0.34405475210387682,True
CSI300,000300.SH,2018-02-22,4020.9699999999998,4019.5500000000002,4010.3800000000001,4031.1199999999999,4032.1700000000001,4053.02,3967.1199999999999,0.0078296877778623042,0.015177752510556477,0.013574078928794586,0.89434051051718633,True
CSI500,000905.SH,2018-02-22,5800.9499999999998,5801.0600000000004,5803.79,5836.1800000000003,5846.6000000000004,5875.7600000000002,5755.1599999999999,0.0031339438539490505,0.017855835480409477,0.0079563383120537789,0.44558756832090396,True
CSI1000,000852.SH,2018-02-23,6346.8199999999997,6338.1599999999999,6358.6499999999996,6360.0200000000004,6359.6899999999996,6365.9899999999998,6347.1499999999996,0.018730589283278087,0.018883013185788108,-5.1991838856846329e-05,-0.002753365596120902,True
CSI300,000300.SH,2018-02-23,4061.75,4047.8600000000001,4065.6500000000001,4077.9899999999998,4079.1500000000001,4071.3000000000002,4053.02,0.02165298755772449,0.016070462388549915,0.0021539494006939108,0.13403157598182014,True
CSI500,000905.SH,2018-02-23,5877.7200000000003,5874.1000000000004,5893.0200000000004,5893.9499999999998,5894.1999999999998,5897.8599999999997,5875.7600000000002,0.020955108111677223,0.018667899080264963,0.00033357386959309565,0.01786884898824732,True
CSI1000,000852.SH,2018-02-26,6396.5100000000002,6400.2200000000003,6392.7799999999997,6399,6417.5100000000002,6507.3599999999997,6365.9899999999998,0.0029682613456434304,0.018950893527248332,0.0047942268209657524,0.25298157124213833,True
CSI300,000300.SH,2018-02-26,4093.4000000000001,4101.96,4089.0700000000002,4066.9499999999998,4070.8600000000001,4118.79,4071.3000000000002,0.0045102170727013835,0.016097759824880469,0.0054282415935942296,0.33720478207187665,True
CSI500,000905.SH,2018-02-26,5926.4200000000001,5936.4200000000001,5930.3400000000001,5930.8900000000003,5946.6000000000004,6030.0500000000002,5897.8599999999997,0.0037612155704112027,0.018731777879024268,0.004842434374501936,0.25851440294540673,True
CSI1000,000852.SH,2018-02-27,6506.3999999999996,6497.8800000000001,6521.2600000000002,6532.5699999999997,6537.6499999999996,6529.8299999999999,6507.3599999999997,0.022207072269984751,0.01957631748222418,-0.00014752526370143126,-0.0075359047397646753,True
CSI300,000300.SH,2018-02-27,4120.8699999999999,4103.6300000000001,4094.0799999999999,4097.3199999999997,4085.0999999999999,4058.5900000000001,4118.79,0.011664578881438237,0.016074376850793163,0.00050500268282682725,0.031416625820982216,True
CSI500,000905.SH,2018-02-27,6025.8800000000001,6016.9899999999998,6029.4899999999998,6038.3000000000002,6035.6199999999999,6009.9099999999999,6030.0500000000002,0.022413214284503269,0.019302501060136326,-0.00069153655442322215,-0.035826266879549033,True
CSI1000,000852.SH,2018-02-28,6488.25,6475.5,6493.5200000000004,6521.1899999999996,6559.0799999999999,6564.1499999999996,6529.8299999999999,0.0034530132035111016,0.019616305384389517,-0.0063677002310933428,-0.32461261722407231,True
CSI300,000300.SH,2018-02-28,4016.79,4001.8000000000002,4011.5799999999999,4028.4099999999999,4032.23,4023.5799999999999,4058.5900000000001,-0.014615943031812684,0.015993566933811664,-0.010299143298534763,-0.64395536912791862,True
CSI500,000905.SH,2018-02-28,5967.8999999999996,5954.8100000000004,5972.6499999999996,5995.8900000000003,6019.21,6023.6499999999996,6009.9099999999999,-0.0033399391381497834,0.019286659712308165,-0.006990121316292619,-0.36243296768655769,True
CSI1000,000852.SH,2018-03-01,6530.2200000000003,6548.04,6574.1499999999996,6584.4099999999999,6588.6400000000003,6658.9399999999996,6564.1499999999996,0.0052558795558230731,0.019557976433098333,-0.0051689860834989165,-0.26429043419601139,True
CSI300,000300.SH,2018-03-01,3994.8699999999999,4006.8899999999999,4025.4899999999998,4036.3400000000001,4039.0100000000002,4049.3099999999999,4023.5799999999999,-0.0086261484899928798,0.015977093179796929,-0.0071354366012357229,-0.44660418018081655,True
CSI500,000905.SH,2018-03-01,5987.3599999999997,6002.79,6020.5600000000004,6031,6033.6400000000003,6091,6023.6499999999996,0.0022862239201584256,0.019209490094323389,-0.0060245864218538836,-0.3136255253143973,True
CSI1000,000852.SH,2018-03-02,6621.5299999999997,6640.6700000000001,6661.54,6647.29,6660.4499999999998,6632.3299999999999,6658.9399999999996,0.014440559706892842,0.01996586534678722,-0.0056180112750677802,-0.28138080556432254,True
CSI300,000300.SH,2018-03-02,4014.9499999999998,4020.1599999999999,4016.1199999999999,4011.1500000000001,4029.1300000000001,4016.5100000000002,4049.3099999999999,0.0063948026384463841,0.016145211150013279,-0.0084853962773905334,-0.5255673771342132,True
CSI500,000905.SH,2018-03-02,6053.4799999999996,6069.4399999999996,6078.7200000000003,6070.0299999999997,6083.8900000000003,6056.8000000000002,6091,0.011180928506802523,0.019462837675609902,-0.0061599080610738044,-0.3164958863523365,True
CSI1000,000852.SH,2018-03-05,6648.2600000000002,6652.7600000000002,6657.5699999999997,6648.4200000000001,6648.8500000000004,6674.4099999999999,6632.3299999999999,-0.0039961315164275257,0.019962709097918495,0.0024018708357396168,0.12031787990088275,True
CSI300,000300.SH,2018-03-05,4021.6599999999999,4036.5,4037.9200000000001,4018.8499999999999,4011.4200000000001,4018.5599999999999,4016.5100000000002,-0.0081001454568802034,0.016072066560561551,0.001282207687768544,0.079778644702411194,True
CSI500,000905.SH,2018-03-05,6066.6800000000003,6069.6899999999996,6075.5500000000002,6063.4300000000003,6057.8800000000001,6064.6099999999997,6056.8000000000002,-0.005614841569528739,0.019469664787069484,0.0016312244089289329,0.083782870777122403,True
CSI1000,000852.SH,2018-03-06,6679.2700000000004,6686.0600000000004,6690.7399999999998,6687.2700000000004,6696.6400000000003,6735.96,6674.4099999999999,0.0063446782654059675,0.019947392145343405,0.00072815424883998503,0.03650373159230081,True
CSI300,000300.SH,2018-03-06,4034.9899999999998,4036.96,4023.4400000000001,4017.8899999999999,4011.46,4067.5300000000002,4018.5599999999999,0.00051039335144187348,0.015754104667942134,0.0040885292243988403,0.25952152220484775,True
CSI500,000905.SH,2018-03-06,6077.3699999999999,6081.1999999999998,6084.6700000000001,6083.2700000000004,6085.6199999999999,6145.8500000000004,6064.6099999999997,0.0012894597807422414,0.019365387363891203,0.0021040099858029571,0.10864796795782689,True
CSI1000,000852.SH,2018-03-07,6726.8000000000002,6731.4099999999999,6728.1199999999999,6739.5900000000001,6722.4899999999998,6688.7299999999996,6735.96,0.0092217888922017099,0.020103321961830532,-0.0013598655573964225,-0.067643823243658502,True
CSI300,000300.SH,2018-03-07,4063.5,4069.4699999999998,4072.4000000000001,4086.27,4074.4099999999999,4036.0700000000002,4067.5300000000002,0.012185957158783234,0.016015455772457866,-0.00099077327026475537,-0.06186357006265223,True
CSI500,000905.SH,2018-03-07,6133.9499999999998,6141.75,6139.21,6147.4700000000003,6132.75,6086.8400000000001,6145.8500000000004,0.013395750097698,0.019658062044930421,-0.0019362659355500744,-0.098497294958401774,True
CSI1000,000852.SH,2018-03-08,6679.04,6690.6499999999996,6690.3800000000001,6688.0500000000002,6712.4799999999996,6725.4200000000001,6688.7299999999996,-0.007011621209152108,0.019471006332899173,-0.001448705509117465,-0.074403216985742579,True
CSI300,000300.SH,2018-03-08,4038.9499999999998,4037.1700000000001,4038.3699999999999,4039.6700000000001,4060.96,4078.23,4036.0700000000002,-0.0077344235936797068,0.015975234875518319,0.00071356542379086285,0.044666975437361832,True
CSI500,000905.SH,2018-03-08,6073.6700000000001,6086.1599999999999,6085.6300000000001,6083.8299999999999,6115.25,6131.6999999999998,6086.8400000000001,-0.0096016010804038654,0.019289633878390541,-0.0021636842762419173,-0.11216823968161532,True
CSI1000,000852.SH,2018-03-09,6725.4300000000003,6731.9700000000003,6733.3100000000004,6738.6300000000001,6740.9899999999998,6837.3100000000004,6725.4200000000001,0.0054853462465969116,0.016881471868902254,1.4868959856695341e-06,8.8078574973582681e-05,True
CSI300,000300.SH,2018-03-09,4088.0700000000002,4096.0900000000001,4087.77,4079.29,4081.5700000000002,4109.2200000000003,4078.23,0.010445804953828741,0.016203723316864652,0.0024128114402572898,0.1489047543626015,True
CSI500,000905.SH,2018-03-09,6131.1300000000001,6141.2700000000004,6138.6099999999997,6133.6099999999997,6136.1000000000004,6206.9899999999998,6131.6999999999998,0.0073699982256802965,0.017756582113478261,-9.2959538137815656e-05,-0.0052352157382390642,True
CSI1000,000852.SH,2018-03-12,6865.4399999999996,6881.3599999999997,6908.79,6920.5,6920.8000000000002,6947.6499999999996,6837.3100000000004,0.016636879183753672,0.017161228247892634,0.0041141911073212523,0.23973756702562748,True
CSI300,000300.SH,2018-03-12,4130.71,4130.9200000000001,4122.5900000000001,4116.7299999999996,4124.1899999999996,4127.6300000000001,4109.2200000000003,0.0075988848103221152,0.016245275341324156,0.0052297029606591661,0.32192147259923831,True
CSI500,000905.SH,2018-03-12,6230.8100000000004,6241.4200000000001,6260.4799999999996,6269.1800000000003,6270.4499999999998,6295.6999999999998,6206.9899999999998,0.012278813379650089,0.017919733692396377,0.003837608889332822,0.21415546431703833,True
CSI1000,000852.SH,2018-03-13,6937.1199999999999,6924.5799999999999,6932.3999999999996,6913.25,6927.6199999999999,6911.8599999999997,6947.6499999999996,0.016137925587694557,0.017333472609775389,-0.0015156203896281584,-0.087438935275635926,True
CSI300,000300.SH,2018-03-13,4124.3299999999999,4113.0100000000002,4123.5200000000004,4118.8400000000001,4116.9899999999998,4092.4200000000001,4127.6300000000001,0.0044801689858415816,0.016299340608221819,-0.00079949026438908,-0.049050466740095972,True
CSI500,000905.SH,2018-03-13,6285.8000000000002,6273.79,6280.4200000000001,6266.3100000000004,6279.5799999999999,6254.5699999999997,6295.6999999999998,0.014291951493397015,0.018115760355086438,-0.0015725018663531598,-0.086802973517567092,True
CSI1000,000852.SH,2018-03-14,6886.0200000000004,6889.8500000000004,6889.4700000000003,6892.4899999999998,6890.8599999999997,6835.3800000000001,6911.8599999999997,-0.0051513821220124933,0.012252143136853372,-0.003738501647892023,-0.30513042543936153,True
CSI300,000300.SH,2018-03-14,4076.0599999999999,4077.3299999999999,4073.6300000000001,4079.9099999999999,4078.0100000000002,4073.2199999999998,4092.4200000000001,-0.0085303188512536599,0.015048343913198469,-0.0039976346513799221,-0.26565279704125527,True
CSI500,000905.SH,2018-03-14,6234.2399999999998,6237.6800000000003,6234.7700000000004,6234.8900000000003,6233.9799999999996,6189.3100000000004,6254.5699999999997,-0.0065330304811220818,0.013717317954787219,-0.0032504232904899677,-0.23695764005788023,True
CSI1000,000852.SH,2018-03-15,6809.8500000000004,6817.9399999999996,6805.1999999999998,6828.7399999999998,6801.1099999999997,6824.3599999999997,6835.3800000000001,-0.011065038933080196,0.012819467565543117,-0.0037349788892496738,-0.29135210726604271,True
CSI300,000300.SH,2018-03-15,4058.71,4070.3400000000001,4084.6500000000001,4086.9699999999998,4081.5700000000002,4096.5,4073.2199999999998,-0.0046916005688566464,0.014080868208742632,-0.0035622922405369462,-0.25298811037270869,True
CSI500,000905.SH,2018-03-15,6172.8500000000004,6177.2299999999996,6171.5299999999997,6192.8699999999999,6165.5900000000001,6179.8000000000002,6189.3100000000004,-0.010433970680638227,0.014116768330277425,-0.0026594240715039907,-0.18838759759201398,True
CSI1000,000852.SH,2018-03-16,6821.2299999999996,6830.3199999999997,6840.0500000000002,6837.0600000000004,6851.8500000000004,6806.5299999999997,6824.3599999999997,-0.001612200053252355,0.012775008710526857,-0.0004586510676458655,-0.035902211735317879,True
CSI300,000300.SH,2018-03-16,4096.8900000000003,4096.96,4104.0100000000002,4101.1499999999996,4098.9300000000003,4056.79,4096.5,0.0057153799696554319,0.013931302586949064,9.5203222262973952e-05,0.0068337631509174856,True
CSI500,000905.SH,2018-03-16,6181.3800000000001,6189.0299999999997,6194.0100000000002,6192.7299999999996,6198.04,6146.4700000000003,6179.8000000000002,-0.0015365202260025912,0.014108299561071121,0.00025567170458584698,0.01812207796404601,True
CSI1000,000852.SH,2018-03-19,6796.3500000000004,6780.2700000000004,6791.25,6813.2700000000004,6817.3999999999996,6820.6700000000001,6806.5299999999997,-0.0026126992128199245,0.010109008586109327,-0.0014956225859578121,-0.14794948220866386,True
CSI300,000300.SH,2018-03-19,4054.6199999999999,4044.25,4041.1700000000001,4065.8200000000002,4060.8600000000001,4074.3499999999999,4056.79,-0.0096936409129745327,0.0098571807842617251,-0.00053490567665570588,-0.054265584487377221,True
CSI500,000905.SH,2018-03-19,6142.5200000000004,6127.7700000000004,6130.3000000000002,6149.9399999999996,6151.21,6154.7200000000003,6146.4700000000003,-0.0053933784264862394,0.010737190937333396,-0.00064264529071156318,-0.059852273696379431,True
CSI1000,000852.SH,2018-03-20,6768.71,6767.4700000000003,6770.46,6778.9499999999998,6770.8199999999997,6822.2700000000004,6820.6700000000001,0.0020774168335406795,0.0090954800121757062,-0.0076180199305933005,-0.83756106553974097,True
CSI300,000300.SH,2018-03-20,4045.7399999999998,4054.3299999999999,4057.9000000000001,4058.5999999999999,4051.6599999999999,4077.4099999999999,4074.3499999999999,0.0043285454756101238,0.0095875581134530641,-0.0070219789659700105,-0.73240536149834801,True
CSI500,000905.SH,2018-03-20,6109.6099999999997,6111.9499999999998,6123.1899999999996,6129.9499999999998,6122.79,6172.7399999999998,6154.7200000000003,0.0013422338350304042,0.0095889303199760776,-0.0073293342345387424,-0.76435368596536302,True
CSI1000,000852.SH,2018-03-21,6826.2200000000003,6843.2200000000003,6852.1400000000003,6869.2200000000003,6858.7299999999996,6771.1599999999999,6822.2700000000004,0.00023458106021845282,0.0091332807269214021,0.00057898617322393875,0.063393011836076596,True
CSI300,000300.SH,2018-03-21,4097.0200000000004,4096.9899999999998,4094.7399999999998,4102.5600000000004,4101.8599999999997,4062.1500000000001,4077.4099999999999,0.00075104004319714868,0.0093252541853774216,0.0048094255912456418,0.51574203722908918,True
CSI500,000905.SH,2018-03-21,6182.1099999999997,6197.4700000000003,6197.6000000000004,6211.1599999999999,6206.2600000000002,6129.5500000000002,6172.7399999999998,0.0029278342475367314,0.0095677394445034068,0.0015179644695872963,0.15865445316441548,True
CSI1000,000852.SH,2018-03-22,6767.2700000000004,6786.4300000000003,6766.9399999999996,6773.1599999999999,6748.3699999999999,6765.1099999999997,6771.1599999999999,-0.0074916413451828756,0.0095216496946233173,-0.00057449535973153054,-0.060335695825476168,True
CSI300,000300.SH,2018-03-22,4062.0700000000002,4065.2199999999998,4055.8000000000002,4046.1399999999999,4024.3099999999999,4020.5599999999999,4062.1500000000001,-0.0037425718777360784,0.0092906355462651531,-1.9694004406489718e-05,-0.0021197693428418609,True
CSI500,000905.SH,2018-03-22,6130.0500000000002,6148.4300000000003,6121.4300000000003,6126.2700000000004,6099.7399999999998,6101.8500000000004,6129.5500000000002,-0.0069968927899116684,0.0098633777417520864,8.1572056676249005e-05,0.0082701949384895914,True
CSI1000,000852.SH,2018-03-23,6565.9799999999996,6540.8500000000004,6590.8599999999997,6617.54,6601.9200000000001,6402.4499999999998,6765.1099999999997,-0.00089349535382421408,0.0089402163913387747,-0.029434850283291736,-3.2924091537435305,True
CSI300,000300.SH,2018-03-23,3896.7399999999998,3887.6300000000001,3911.8000000000002,3926.5100000000002,3912.6300000000001,3905.46,4020.5599999999999,-0.010238420540846671,0.0082820959793410108,-0.030796704936625785,-3.7184675248204759,True
CSI500,000905.SH,2018-03-23,5913.3699999999999,5900.3000000000002,5944.5500000000002,5966.9200000000001,5954.7799999999997,5787.5699999999997,6101.8500000000004,-0.0045190919398651053,0.0090624743126094792,-0.030888992682547189,-3.4084502330195194,True
CSI1000,000852.SH,2018-03-26,6313.8999999999996,6318.25,6334.5900000000001,6373.7299999999996,6435,6515.3299999999999,6402.4499999999998,-0.053607406235818722,0.015541403113036679,-0.0138306429569931,-0.88992241282201001,True
CSI300,000300.SH,2018-03-26,3862.6900000000001,3857.9099999999999,3866.3600000000001,3872.3200000000002,3879.0599999999999,3880.2399999999998,3905.46,-0.028627852836420775,0.010318848182013085,-0.010951334797949519,-1.0612943038583442,True
CSI500,000905.SH,2018-03-26,5715.3500000000004,5726.21,5742.0799999999999,5775.2299999999996,5827.9399999999996,5902.2700000000004,5787.5699999999997,-0.051505690897023171,0.014972894202701736,-0.012478466783123032,-0.83340379048904223,True
CSI1000,000852.SH,2018-03-27,6570.4200000000001,6589.8500000000004,6615.9700000000003,,6636.3299999999999,6680.8800000000001,6515.3299999999999,0.017630750728236944,0.015234131920623745,0.0084554427788001707,0.55503279234134217,False
CSI300,000300.SH,2018-03-27,3927.4899999999998,3928.6799999999998,3926.4299999999998,,3907.0900000000001,3913.4200000000001,3880.2399999999998,-0.0064576259902803246,0.0098378179717608528,0.01217708182999,1.2377827954271903,False
CSI500,000905.SH,2018-03-27,5956.2399999999998,5969.2799999999997,5985.4099999999999,,5999.1899999999996,6034.4399999999996,5902.2700000000004,0.019818334810637328,0.014770718068827179,0.0091439395351278208,0.61905856523154568,False
CSI1000,000852.SH,2018-03-28,6602.6300000000001,6616.1000000000004,6665.4300000000003,6678.5500000000002,6670.5,6636.0600000000004,6680.8800000000001,0.025409303903255909,0.016240734318884637,-0.011712528888409901,-0.72118222356427786,True
CSI300,000300.SH,2018-03-28,3865.0500000000002,3869.6100000000001,3885.9899999999998,3900.98,3885.3699999999999,3842.6799999999998,3913.4200000000001,0.0085510174628373736,0.0097532672571002104,-0.01236003291238863,-1.2672710166319638,True
CSI500,000905.SH,2018-03-28,5962.5600000000004,5976.8199999999997,6015.8699999999999,6028.8500000000004,6019.3800000000001,5973.3000000000002,6034.4399999999996,0.022393079272889693,0.015647668976133584,-0.011911627259530211,-0.76123972699692688,True
CSI1000,000852.SH,2018-03-29,6648.8900000000003,6680.25,6655.6499999999996,6675.0500000000002,6651.4099999999999,6684.5500000000002,6636.0600000000004,-0.0067086970578725813,0.016306476697566501,0.0019333761298119256,0.11856492151369849,True
CSI300,000300.SH,2018-03-29,3854.5900000000001,3857.29,3824.8800000000001,3817.7800000000002,3805.7800000000002,3894.4400000000001,3842.6799999999998,-0.018076260662029719,0.01031540503975042,0.0030993993775179085,0.30046317770115388,True
CSI500,000905.SH,2018-03-29,5993.9700000000003,6017.5699999999997,5985.4700000000003,5999.2700000000004,5973.0600000000004,6034.8900000000003,5973.3000000000002,-0.010131843219917558,0.015811147094513152,0.0034603987745467357,0.21885817353173428,True
CSI1000,000852.SH,2018-03-30,6699.46,6714.1999999999998,6711.1400000000003,6718.3299999999999,6737.4099999999999,6799.0200000000004,6684.5500000000002,0.0073070466511755416,0.016065735603180906,0.002230516639115443,0.13883688205809985,True
CSI300,000300.SH,2018-03-30,3893.75,3900.79,3891.77,3883.1100000000001,3888.8899999999999,3898.77,3894.4400000000001,0.01346976589255422,0.010739917674916695,-0.00017717566582098332,-0.016496929602615187,True
CSI500,000905.SH,2018-03-30,6052.1800000000003,6061.3999999999996,6058.5299999999997,6059.5500000000002,6072.1300000000001,6114.8199999999997,6034.8900000000003,0.010310883431269069,0.015779063790310077,0.0028650066529796181,0.18157012932155192,True
CSI1000,000852.SH,2018-04-02,6818.1199999999999,6807.04,6834.5299999999997,6823.6000000000004,6845.4700000000003,6836.25,6799.0200000000004,0.017124563358789979,0.016456715075339412,0.0028092283887970471,0.17070407890859762,True
CSI300,000300.SH,2018-04-02,3897.0100000000002,3884.0999999999999,3916.1700000000001,3936.6900000000001,3917.7600000000002,3887.6799999999998,3898.77,0.0011118414971087454,0.010656908829375311,-0.00045142442360024404,-0.042359790332062525,True
CSI500,000905.SH,2018-04-02,6127.2299999999996,6116.6300000000001,6143.1800000000003,6144,6152.5,6121.2200000000003,6114.8199999999997,0.01324464903254241,0.016009248076870933,0.0020294955534259085,0.12677019830543976,True
CSI1000,000852.SH,2018-04-03,6745.21,6748.6099999999997,6745.6999999999998,6747.1899999999996,6727.6499999999996,6769.79,6836.25,0.0054757891578491869,0.016444040925282326,-0.013317242640336402,-0.80985219514149065,True
CSI300,000300.SH,2018-04-03,3850.1500000000001,3852.96,3856.7600000000002,3852.4699999999998,3844.2800000000002,3862.7800000000002,3887.6799999999998,-0.0028444868509812649,0.01065112438447932,-0.0096535723104781423,-0.90634302652076837,True
CSI500,000905.SH,2018-04-03,6039.0699999999997,6043.1400000000003,6044.8299999999999,6040.2200000000003,6023.2200000000003,6059.79,6121.2200000000003,0.0010466375134510209,0.016008790191016614,-0.013420527280509575,-0.83832239165958644,True
CSI1000,000852.SH,2018-04-04,6783.3400000000001,6797.3400000000001,6785.6599999999999,6781.4399999999996,6772.3100000000004,6709.0200000000004,6769.79,-0.0097217041506674207,0.016510946870742088,0.002001539191023749,0.12122497920276994,True
CSI300,000300.SH,2018-04-04,3873.6300000000001,3877.4499999999998,3875.73,3894.5599999999999,3885.8499999999999,3855.1500000000001,3862.7800000000002,-0.0064048481356488995,0.010185742999773022,0.0028088578692029298,0.27576366979468481,True
CSI500,000905.SH,2018-04-04,6077.6499999999996,6094.6999999999998,6086.21,6080.8400000000001,6073.4399999999996,6017.9099999999999,6059.79,-0.010035581142321393,0.015879042195660366,0.0029472968535213528,0.18560923368078391,True
CSI1000,000852.SH,2018-04-09,6680.3999999999996,6717.0900000000001,6654.9200000000001,6681.1800000000003,6685.96,6719.1599999999999,6709.0200000000004,-0.008976644770369524,0.016563025128408026,-0.0042658987452713903,-0.25755553180649021,True
CSI300,000300.SH,2018-04-09,3851.9499999999998,3865.3499999999999,3850.5900000000001,3848.5599999999999,3846.5700000000002,3853.6999999999998,3855.1500000000001,-0.001975261340278256,0.010111991767733825,-0.00083005849318451563,-0.082086547561592615,True
CSI500,000905.SH,2018-04-09,5994.3500000000004,6030.4799999999996,5986.7399999999998,6002.7299999999996,6004.7399999999998,6026.4399999999996,6017.9099999999999,-0.0069111305837331605,0.01580986473647954,-0.0039149804500232532,-0.24762896554009486,True
CSI1000,000852.SH,2018-04-10,6721.9099999999999,6724.6400000000003,6711.8400000000001,6686.79,6694.4200000000001,6720.8800000000001,6719.1599999999999,0.0015113980879470912,0.016521126184320205,0.00040927735014495426,0.024772969201905214,True
CSI300,000300.SH,2018-04-10,3860.7199999999998,3856.04,3872.3899999999999,3864.0300000000002,3882.52,3927.4200000000001,3853.6999999999998,-0.0003761202547242215,0.0096775674641688698,0.0018216259698471404,0.18823180273262868,True
CSI500,000905.SH,2018-04-10,6032.4899999999998,6030.71,6031.1599999999999,6014.6499999999996,6025.3900000000003,6064.3900000000003,6026.4399999999996,0.0014174356213370043,0.015710647029596573,0.001003909439071915,0.063899942324507436,True
CSI1000,000852.SH,2018-04-11,6736.2200000000003,6740.8000000000002,6748.3100000000004,6767.3100000000004,6765.54,6760.0299999999997,6720.8800000000001,0.0002559843789997629,0.01605690573887501,0.0022824392043898634,0.14214688941368708,True
CSI300,000300.SH,2018-04-11,3934.1700000000001,3943.3000000000002,3930.0500000000002,3932.77,3942.0799999999999,3938.5500000000002,3927.4200000000001,0.019129667592184152,0.010625628515265172,0.0017186855492918873,0.161749071767638,True
CSI500,000905.SH,2018-04-11,6082.0299999999997,6086.3699999999999,6093.71,6103.3599999999997,6101.1000000000004,6086.4200000000001,6064.3900000000003,0.0062972501178142348,0.015505234546433449,0.0029087839007715388,0.18760012253027314,True
CSI1000,000852.SH,2018-04-12,6748.4700000000003,6754.2299999999996,6751.9300000000003,6759.6000000000004,6769.54,6727.9099999999999,6760.0299999999997,0.0058251300424942976,0.015646938179502277,-0.0017100515826112828,-0.10928985357988287,True
CSI300,000300.SH,2018-04-12,3935.6700000000001,3934.5300000000002,3925.2399999999998,3926.3400000000001,3929.3000000000002,3898.6799999999998,3938.5500000000002,0.0028339215057213707,0.010577373645917954,-0.00073123357580839876,-0.069131865838037987,True
CSI500,000905.SH,2018-04-12,6073.7700000000004,6081.5,6075.3400000000001,6082.0500000000002,6088.3400000000001,6051.1800000000003,6086.4200000000001,0.0036326819350338546,0.015128926636429466,-0.002078397481606542,-0.13737904423449954,True
CSI1000,000852.SH,2018-04-13,6753.3500000000004,6770.6300000000001,6758.3299999999999,6764.7399999999998,6741.6899999999996,6722.3999999999996,6727.9099999999999,-0.0047514582035877995,0.01564194395222774,0.0037812634235594444,0.24173871451706061,True
CSI300,000300.SH,2018-04-13,3920.7399999999998,3928.0700000000002,3911.1500000000001,3915.8899999999999,3896.6599999999999,3871.46,3898.6799999999998,-0.010123014815097031,0.010632692047022633,0.0056583253819242341,0.53216300790999382,True
CSI500,000905.SH,2018-04-13,6073.8400000000001,6092.3800000000001,6075.0699999999997,6077.5799999999999,6054.6400000000003,6027.5600000000004,6051.1800000000003,-0.0057899389131870205,0.015117025865587091,0.0037447241695007794,0.24771566859757752,True
CSI1000,000852.SH,2018-04-16,6704.3400000000001,6709.6599999999999,6710.6499999999996,6722.8800000000001,6746.6700000000001,6718.0600000000004,6722.3999999999996,-0.00081897647263418083,0.015469696033792068,-0.0026865405212422866,-0.1736647258856151,True
CSI300,000300.SH,2018-04-16,3862.4699999999998,3865.4400000000001,3848.7399999999998,3848.29,3840.4299999999998,3809.0900000000001,3871.46,-0.0069818502672699401,0.010671296412519325,-0.0023221213702324661,-0.21760442972122915,True
CSI500,000905.SH,2018-04-16,6018.1700000000001,6031.0600000000004,6024.8500000000004,6032.1899999999996,6048.9399999999996,6012.2399999999998,6027.5600000000004,-0.0039033709127805905,0.014984782373990544,-0.0015578443018402499,-0.10396175686503387,True
CSI1000,000852.SH,2018-04-17,6727.4200000000001,6736,6708.2700000000004,6694.4300000000003,6685.5900000000001,6564.7600000000002,6718.0600000000004,-0.00064560276091862878,0.015468262408927406,0.0013932593635661572,0.090072131357304019,True
CSI300,000300.SH,2018-04-17,3812.8699999999999,3821.9699999999998,3795.9299999999998,3787.6599999999999,3801.2199999999998,3749.2800000000002,3809.0900000000001,-0.016110201319398887,0.010902303694499956,0.00099236300533722677,0.091023239963298641,True
CSI500,000905.SH,2018-04-17,6024.5500000000002,6037.1300000000001,6011.3900000000003,5996.4399999999996,5991.3000000000002,5891.5699999999997,6012.2399999999998,-0.0025416586479438674,0.014987604084785527,0.0020474897875002451,0.13661221472875226,True
CSI1000,000852.SH,2018-04-18,6597.3299999999999,6571.9399999999996,6554.0200000000004,6551.8400000000001,6520.9200000000001,6661.5699999999997,6564.7600000000002,-0.02281908765328089,0.016242433961985905,0.0049613390283878012,0.30545539172265757,True
CSI300,000300.SH,2018-04-18,3785.3099999999999,3771.4099999999999,3749.5500000000002,3763.4499999999998,3729.5300000000002,3766.0900000000001,3749.2800000000002,-0.015701913055349181,0.01115955522546996,0.0096098450902573074,0.86113155014675868,True
CSI500,000905.SH,2018-04-18,5925.8400000000001,5908.3800000000001,5884.4499999999998,5892.5799999999999,5860.3900000000003,5970.9399999999996,5891.5699999999997,-0.020070722392985019,0.015549211009854036,0.0058167856785205085,0.37408879941459561,True
CSI1000,000852.SH,2018-04-19,6649.0500000000002,6651.5900000000001,6665.4700000000003,6676.6800000000003,6687.1999999999998,6677.3299999999999,6661.5699999999997,0.014746921441149308,0.016638880360636373,-0.001879436829456016,-0.11295452510748955,True
CSI300,000300.SH,2018-04-19,3774.7800000000002,3780.23,3802.3699999999999,3807.8499999999999,3809.2199999999998,3812.0599999999999,3766.0900000000001,0.0044835275039474265,0.011165603121422712,0.0023074329078700551,0.20665546525139647,True
CSI500,000905.SH,2018-04-19,5965.2399999999998,5975.8500000000004,5989.1599999999999,5999.6000000000004,6009.1800000000003,6004.1599999999999,5970.9399999999996,0.01347179105060281,0.015918543205170155,-0.0009546235601094466,-0.059969279085751774,True
CSI1000,000852.SH,2018-04-20,6649.9899999999998,6638.6099999999997,6656.4799999999996,6647.0500000000002,6642.3900000000003,6536,6677.3299999999999,0.0023658086607212248,0.016654328436561377,-0.0040944509257443418,-0.24584905607816415,True
CSI300,000300.SH,2018-04-20,3801.21,3798.6500000000001,3805.9699999999998,3799.3299999999999,3800.2199999999998,3760.77,3812.0599999999999,0.01220629352989433,0.01169614114820744,-0.0028462301222960118,-0.24334779191102934,True
CSI500,000905.SH,2018-04-20,5984.0600000000004,5976.3699999999999,5985.5900000000001,5976.3699999999999,5972.7799999999997,5881.29,6004.1599999999999,0.0055636130994449751,0.015967028470776332,-0.0033476789425996856,-0.20966198868667252,True
CSI1000,000852.SH,2018-04-23,6532.7200000000003,6521.1800000000003,6548.3199999999997,6518.5200000000004,6486.2700000000004,6466.8800000000001,6536,-0.021165645549942824,0.017208924950337864,-0.0005018359853120602,-0.029161379154146849,True
CSI300,000300.SH,2018-04-23,3754.6900000000001,3754.23,3778.8800000000001,3766.21,3740.8499999999999,3766.8299999999999,3760.77,-0.013454667555075184,0.011915319178398562,-0.0016166901990815052,-0.13568165274266628,True
CSI500,000905.SH,2018-04-23,5885.6099999999997,5872.8699999999999,5901.3100000000004,5871.5500000000002,5834.4200000000001,5824.9499999999998,5881.29,-0.020464144859564048,0.016496857723694084,0.00073453273006429676,0.044525614657469167,True
CSI1000,000852.SH,2018-04-24,6459.4799999999996,6484.0100000000002,6488.3100000000004,6509.8299999999999,6538.8900000000003,6606.5100000000002,6466.8800000000001,-0.010575275397796791,0.017323125594838552,-0.0011442921470632417,-0.066055755400410254,True
CSI300,000300.SH,2018-04-24,3769.8800000000001,3793.9299999999998,3815.3099999999999,3825.52,3841.6399999999999,3843.3200000000002,3766.8299999999999,0.0016113721392161384,0.011871772356905919,0.00080969940241537586,0.068203750718347139,True
CSI500,000905.SH,2018-04-24,5825.4499999999998,5850.6899999999996,5860.7200000000003,5880.5500000000002,5910.9499999999998,5957.8299999999999,5824.9499999999998,-0.0095795310212555274,0.01657720793082881,8.5837646675024359e-05,0.0051780521203085815,True
CSI1000,000852.SH,2018-04-25,6571.6599999999999,6583.8999999999996,6603.0799999999999,6602.04,6630.6899999999996,6632.1700000000001,6606.5100000000002,0.021591555742491053,0.01323530347790639,-0.0052750998636194035,-0.39856281893536444,True
CSI300,000300.SH,2018-04-25,3824.5900000000001,3829.0300000000002,3829.54,3818.1300000000001,3837.4000000000001,3829.02,3843.3200000000002,0.020306199111719936,0.011385102848237797,-0.0048733907142782806,-0.42804977515267606,True
CSI500,000905.SH,2018-04-25,5929.3999999999996,5935.4499999999998,5947.6400000000003,5940.7299999999996,5968.46,5958.8199999999997,5957.8299999999999,0.022812212980368951,0.012850808046012468,-0.0047718716378278847,-0.37132852819388029,True
CSI1000,000852.SH,2018-04-26,6621.46,6614.0100000000002,6604.0900000000001,6602.5299999999997,6573.3900000000003,6510.8199999999997,6632.1700000000001,0.0038840477044612687,0.012708335356273293,-0.0016148560727484718,-0.12707062156266757,True
CSI300,000300.SH,2018-04-26,3823.3899999999999,3814.0900000000001,3790.4200000000001,3794.5599999999999,3774.9699999999998,3756.25,3829.02,-0.0037207414422947283,0.011329074240524501,-0.0014703501156954069,-0.12978554862284442,True
CSI500,000905.SH,2018-04-26,5951.1899999999996,5940.54,5921.3199999999997,5919.9499999999998,5898.3199999999997,5848.5699999999997,5958.8199999999997,0.00016616788327294962,0.012108653959314633,-0.0012804548551559325,-0.10574708464361864,True
CSI1000,000852.SH,2018-04-27,6528.7299999999996,6547.5600000000004,6509.1199999999999,6477.5500000000002,6529.1099999999997,6517.3999999999996,6510.8199999999997,-0.018297178751449428,0.01202320531658633,0.0027508055820926192,0.22879136716544379,True
CSI300,000300.SH,2018-04-27,3771.04,3768.1900000000001,3750.0100000000002,3734.9400000000001,3758.3699999999999,3756.8400000000001,3756.25,-0.01900486286308245,0.011822059806246083,0.0039374376039933434,0.33305850829083372,True
CSI500,000905.SH,2018-04-27,5865.4399999999996,5881.7799999999997,5843.2600000000002,5822.8500000000004,5867.6000000000004,5860.8599999999997,5848.5699999999997,-0.018501985292390111,0.011670285589545087,0.0028844657753945846,0.24716325519734109,True
CSI1000,000852.SH,2018-05-02,6516.6000000000004,6514.9799999999996,6545.2200000000003,6528.3299999999999,6501.3900000000003,6487.0600000000004,6517.3999999999996,0.001010625389735953,0.011961464874983486,-0.00012274833522563089,-0.010261981831535524,True
CSI300,000300.SH,2018-05-02,3769.9299999999998,3760.73,3782.96,3769.8099999999999,3764.52,3764.1199999999999,3756.8400000000001,0.00015707154742106155,0.011202337789517233,0.0034843112828866207,0.3110342991216638,True
CSI500,000905.SH,2018-05-02,5861.8400000000001,5858.1199999999999,5888.3400000000001,5877.3900000000003,5851.6899999999996,5855.8500000000004,5860.8599999999997,0.0021013683686781359,0.011513501078132969,0.00016721095538896336,0.014523032937960024,True
CSI1000,000852.SH,2018-05-03,6471.1700000000001,6461.3100000000004,6430.1899999999996,6427.1899999999996,6404.6000000000004,6545.6000000000004,6487.0600000000004,-0.0046552306134346466,0.011831348379068284,-0.0024494917574371389,-0.20703403187507491,True
CSI300,000300.SH,2018-05-03,3756.1700000000001,3756.29,3745.46,3748.1199999999999,3740.6500000000001,3793.0599999999999,3764.1199999999999,0.0019377987883433256,0.010700126164518495,-0.0021120474373823583,-0.19738528358533614,True
CSI500,000905.SH,2018-05-03,5843.0900000000001,5835.5,5797.9300000000003,5807.4799999999996,5790.9200000000001,5910.5100000000002,5855.8500000000004,-0.00085482335356912298,0.011208633011764658,-0.0021790175636330344,-0.1944052911131913,True
CSI1000,000852.SH,2018-05-04,6524.0200000000004,6514.4499999999998,6539.6999999999998,6540.54,6555.8699999999999,6531.2700000000004,6545.6000000000004,0.0090241187841642034,0.011288892694818024,-0.0032968711806403705,-0.29204557699035827,True
CSI300,000300.SH,2018-05-04,3784.3200000000002,3783.5100000000002,3794.9400000000001,3786.9099999999999,3791.25,3774.3800000000001,3793.0599999999999,0.0076883840047607954,0.010888729008281259,-0.0023042082118394092,-0.21161406534104929,True
CSI500,000905.SH,2018-05-04,5891.1199999999999,5891.0799999999999,5912.0900000000001,5912.71,5926.6000000000004,5909.75,5910.5100000000002,0.0093342554881015172,0.010970481894841523,-0.0032805967674532921,-0.29903852892696314,True
CSI1000,000852.SH,2018-05-07,6538.1300000000001,6552.9399999999996,6567.0900000000001,6585.3000000000002,6598.8199999999997,6646.6800000000003,6531.2700000000004,-0.0021892569054020594,0.011156909417224659,0.0010503317119028299,0.094141815858186428,True
CSI300,000300.SH,2018-05-07,3782.54,3785.3400000000001,3781.1100000000001,3786.7600000000002,3796.9899999999998,3834.25,3774.3800000000001,-0.004924783683885825,0.010913993185430111,0.0021619444782983166,0.19808922743184912,True
CSI500,000905.SH,2018-05-07,5921.3100000000004,5930.5799999999999,5941.75,5963.0100000000002,5977.6099999999997,6019.2700000000004,5909.75,-0.00012858450455210946,0.010958472262261707,0.0019560895130927847,0.17850020206092757,True
CSI1000,000852.SH,2018-05-08,6647.3400000000001,6654.5699999999997,6654.8100000000004,6661.8100000000004,6638.5200000000004,6678.46,6646.6800000000003,0.017670376511765618,0.011847479025122027,9.9297694488020838e-05,0.0083813353269049651,True
CSI300,000300.SH,2018-05-08,3834.6100000000001,3844.8699999999999,3851.71,3862.02,3858.6599999999999,3878.8200000000002,3834.25,0.015862207832809672,0.011498920111483013,9.3890591380318966e-05,0.0081651659868963045,True
CSI500,000905.SH,2018-05-08,6023.5799999999999,6029.4300000000003,6026.46,6036.46,6015.1300000000001,6042.0600000000004,6019.2700000000004,0.018532086805702619,0.011654410257332094,0.00071603367185724132,0.061438859285631024,True
CSI1000,000852.SH,2018-05-09,6666.7700000000004,6668.6000000000004,6664.3699999999999,6665.5799999999999,6667.1599999999999,6675.1999999999998,6678.46,0.0047813344406530955,0.011749825176591669,-0.0017504035361445291,-0.14897273021829568,True
CSI300,000300.SH,2018-05-09,3876.1300000000001,3874.8200000000002,3868.0700000000002,3868.6500000000001,3865.6999999999998,3871.6500000000001,3878.8200000000002,0.011624176827280452,0.011793450104361454,-0.00069350988187133478,-0.058804664939809341,True
CSI500,000905.SH,2018-05-09,6034.46,6040.0500000000002,6031.3599999999997,6025.04,6025.6599999999999,6029.3800000000001,6042.0600000000004,0.003786173406409743,0.011578848266872846,-0.0012578491441661566,-0.10863335585499212,True
CSI1000,000852.SH,2018-05-10,6682.1199999999999,6689.0600000000004,6686.3400000000001,6687.1899999999996,6691.6700000000001,6703.6700000000001,6675.1999999999998,-0.00048813648655532393,0.011743337544752892,0.0010366730584852046,0.088277549251610035,True
CSI300,000300.SH,2018-05-10,3882.8400000000001,3893.1300000000001,3883.3899999999999,3879.6599999999999,3885.25,3893.5999999999999,3871.6500000000001,-0.0018485003171068159,0.011802958477182834,0.0028902405950952392,0.24487424917088166,True
CSI500,000905.SH,2018-05-10,6036.0100000000002,6041.5900000000001,6042.1099999999997,6037.5799999999999,6042.6300000000001,6041.0900000000001,6029.3800000000001,-0.0020986219931613537,0.011587103424873652,0.0010996155491940218,0.09489995116756389,True
CSI1000,000852.SH,2018-05-11,6705.3100000000004,6703.1700000000001,6695.1499999999996,6679.6099999999997,6690.1099999999997,6637.0100000000002,6703.6700000000001,0.0042650407478428409,0.011786789455871674,0.00024464211394659152,0.020755619234779941,True
CSI300,000300.SH,2018-05-11,3902.1500000000001,3899.3200000000002,3895.3000000000002,3885.77,3895.46,3872.77,3893.5999999999999,0.005669417431844348,0.011031204129585317,0.0021959112389562385,0.19906360295399472,True
CSI500,000905.SH,2018-05-11,6044.9799999999996,6050.7799999999997,6038.8000000000002,6024.5,6037.0200000000004,5991.3599999999997,6041.0900000000001,0.0019421565733126478,0.011504907316581816,0.00064392353035613858,0.055969466996753911,True
CSI1000,000852.SH,2018-05-14,6625.0299999999997,6636.9099999999999,6615.4799999999996,6626.5699999999997,6625.3800000000001,6592.0299999999997,6637.0100000000002,-0.0099438068998026763,0.011899131203002374,-0.0018050296745071304,-0.15169424084101935,True
CSI300,000300.SH,2018-05-14,3886.8699999999999,3907.6300000000001,3898.1799999999998,3897.27,3904.6900000000001,3909.1500000000001,3872.77,-0.0053498048078898242,0.011057678237000209,0.0036408049019176492,0.32925581879703419,True
CSI500,000905.SH,2018-05-14,5982.4700000000003,6002.29,5984.3699999999999,5994.1599999999999,5994.9099999999999,5968.21,5991.3599999999997,-0.0082319581400046582,0.01160614911512158,-0.0014838033434811937,-0.12784631050000517,True
CSI1000,000852.SH,2018-05-15,6592.6499999999996,6596.4200000000001,6608.6099999999997,6607.46,6596.9799999999996,6661.3999999999996,6592.0299999999997,-0.0067771481435164871,0.011942625321566806,9.4052970025959581e-05,0.0078754015548082486,True
CSI300,000300.SH,2018-05-15,3920.1399999999999,3911,3914.6100000000001,3916.0500000000002,3910.9200000000001,3924.3400000000001,3909.1500000000001,0.0093937930731751162,0.01105128183673643,0.002811352851642912,0.25439156227990445,True
CSI500,000905.SH,2018-05-15,5972.1599999999999,5973.9099999999999,5984.5900000000001,5984.1000000000004,5978.2600000000002,6021.0200000000004,5968.21,-0.0038638973455108472,0.011569825247271079,0.00066183998217228535,0.057203973960487473,True
CSI1000,000852.SH,2018-05-16,6638.6700000000001,6621.7299999999996,6631.7600000000002,6638.1000000000004,6646.5799999999999,6623.2200000000003,6661.3999999999996,0.010523313759190911,0.012215450439678028,-0.0034121956345511961,-0.27933440943510013,True
CSI300,000300.SH,2018-05-16,3909.8200000000002,3906.1199999999999,3909.0799999999999,3907.8499999999999,3909.8299999999999,3892.6599999999999,3924.3400000000001,0.0038857552153281905,0.010946657895250936,-0.0036999852204446793,-0.33800135674742054,True
CSI500,000905.SH,2018-05-16,6002.75,5991.6599999999999,6009.25,6010.8699999999999,6024.4499999999998,6004.8199999999997,6021.0200000000004,0.0088485492300036661,0.011729996854869569,-0.0030343695918632063,-0.25868460404603805,True
CSI1000,000852.SH,2018-05-17,6616.4399999999996,6623.6000000000004,6620.5500000000002,6618.1800000000003,6606.8100000000004,6591.54,6623.2200000000003,-0.005731527907046452,0.012273966715623643,-0.0010236712656382929,-0.0834018283865193,True
CSI300,000300.SH,2018-05-17,3895.4899999999998,3887.9099999999999,3878.8299999999999,3882.8800000000001,3882.9899999999998,3864.3800000000001,3892.6599999999999,-0.0080726950264249364,0.010431059930553514,0.00072700929441560369,0.069696588770056619,True
CSI500,000905.SH,2018-05-17,6000.7399999999998,6001.0100000000002,5997.8599999999997,5994.4399999999996,5981.7700000000004,5974.2200000000003,6004.8199999999997,-0.0026905740223418517,0.011731749682783137,-0.00067945417181525247,-0.057915842920888569,True
CSI1000,000852.SH,2018-05-18,6583.8699999999999,6590.9700000000003,6578.3999999999996,6579.71,6592.9700000000003,6621.0600000000004,6591.54,-0.0047831719314774812,0.011171643022593145,-0.0011636127521034156,-0.10415770981494535,True
CSI300,000300.SH,2018-05-18,3860.1599999999999,3865.4000000000001,3850.2600000000002,3848.1100000000001,3862.3899999999999,3902.8800000000001,3864.3800000000001,-0.0072649550692841514,0.0098697069329769412,-0.0010920251114021617,-0.11064412741106394,True
CSI500,000905.SH,2018-05-18,5968.5600000000004,5978.25,5961.0200000000004,5959.5200000000004,5968.4099999999999,5995.0200000000004,5974.2200000000003,-0.0050959062886146711,0.010826033575719533,-0.00094740401257398243,-0.087511645511501646,True
CSI1000,000852.SH,2018-05-21,6654.0500000000002,6667.4899999999998,6671.1099999999997,6665.7700000000004,6680.6300000000001,6697.4799999999996,6621.0600000000004,0.004478467854249546,0.01069682037942634,0.0049825858699361625,0.46580064852910746,True
CSI300,000300.SH,2018-05-21,3925.54,3935.6500000000001,3933.5100000000002,3919.3200000000002,3925.9099999999999,3921.4099999999999,3902.8800000000001,0.0099627883386208538,0.010029897764544679,0.0058059689255114399,0.57886621198027832,True
CSI500,000905.SH,2018-05-21,6034.4300000000003,6044.8299999999999,6052.7299999999996,6048.1300000000001,6061.9799999999996,6072.6800000000003,5995.0200000000004,0.0034816260532755106,0.010431563945697062,0.0065737895786837086,0.63018255104454834,True
CSI1000,000852.SH,2018-05-22,6691.8000000000002,6689.6999999999998,6698.5500000000002,6689.6099999999997,6680.2700000000004,6724.7399999999998,6697.4799999999996,0.011541958538360708,0.01100723644567767,-0.00084808017343829256,-0.077047511209892949,True
CSI300,000300.SH,2018-05-22,3918.8200000000002,3913.73,3911.9000000000001,3903.4299999999998,3895.1500000000001,3906.48,3921.4099999999999,0.0047477760013117098,0.0097589109836789516,-0.00066047671628310933,-0.067679346331543266,True
CSI500,000905.SH,2018-05-22,6066.25,6064.71,6075.54,6072.1099999999997,6060.6599999999999,6092.8500000000004,6072.6800000000003,0.012954085224069267,0.010755459675940408,-0.0010588405778009236,-0.098446799086561898,True
CSI1000,000852.SH,2018-05-23,6702.4899999999998,6697.9099999999999,6705.96,6699.7600000000002,6699.21,6652.5500000000002,6724.7399999999998,0.0040701875929454179,0.0098093832013269999,-0.0033086781050271075,-0.33729726294916423,True
CSI300,000300.SH,2018-05-23,3898.27,3891.54,3886.1199999999999,3881.0599999999999,3885.29,3854.6399999999999,3906.48,-0.003807304005446932,0.0092056292923417549,-0.002101636255657291,-0.22829903192013837,True
CSI500,000905.SH,2018-05-23,6080.7299999999996,6076.8599999999997,6074.5900000000001,6069.4099999999999,6066.7700000000004,6014.1700000000001,6092.8500000000004,0.0033214330410955561,0.0095484126677555549,-0.0019892168689530365,-0.20832958714389341,True
CSI1000,000852.SH,2018-05-24,6649.0100000000002,6660.7399999999998,6655.6000000000004,6653.5900000000001,6635.25,6628.8999999999996,6652.5500000000002,-0.010734987523681183,0.0098197646219013012,-0.00053212677845337897,-0.054189361857672376,True
CSI300,000300.SH,2018-05-24,3853.29,3858.5500000000002,3851.73,3850.3499999999999,3846.6300000000001,3827.8400000000001,3854.6399999999999,-0.013270258647170907,0.0098150755124264792,-0.00035022725857669634,-0.03568258421784809,True
CSI500,000905.SH,2018-05-24,6014.0200000000004,6026.2799999999997,6016.8999999999996,6015.0500000000002,5999.5100000000002,5993.1899999999996,6014.1700000000001,-0.012913496967757343,0.0097839479111308976,-2.4941097441444349e-05,-0.0025491854278035992,True
CSI1000,000852.SH,2018-05-25,6622.5100000000002,6629.2299999999996,6607.3999999999996,6596.8699999999999,6584.6999999999998,6541.8299999999999,6628.8999999999996,-0.0035550277713057854,0.0086465181638470667,-0.00096396083814798139,-0.11148543493246876,True
CSI300,000300.SH,2018-05-25,3823.7399999999998,3833.3699999999999,3829.3000000000002,3830.7199999999998,3830.8600000000001,3817.52,3827.8400000000001,-0.0069526596517442973,0.0088691285821817008,-0.0010711001504766227,-0.12076723666274153,True
CSI500,000905.SH,2018-05-25,5983.9399999999996,5992.0799999999999,5964.8199999999997,5956.9399999999996,5948.4399999999996,5917.6300000000001,5993.1899999999996,-0.0034884281621571089,0.0084682154758192549,-0.0015434184466035505,-0.18226017642214437,True
CSI1000,000852.SH,2018-05-28,6526.8400000000001,6515.3999999999996,6473.4300000000003,6487.75,6516.54,6491.0200000000004,6541.8299999999999,-0.013134909260963279,0.0090913741042112813,-0.0022914077559337276,-0.2520419608376151,True
CSI300,000300.SH,2018-05-28,3816.2600000000002,3815.48,3803.6900000000001,3810.6300000000001,3829.6999999999998,3833.3400000000001,3817.52,-0.0026960374519311436,0.0088504429128328822,-0.00033005720991630128,-0.037292733614238446,True
CSI500,000905.SH,2018-05-28,5910.4799999999996,5902.5699999999997,5868.0500000000002,5885.5699999999997,5908.3100000000004,5891.8599999999997,5917.6300000000001,-0.01260764300814754,0.008949270976562413,-0.0012082539800563064,-0.13501144207395763,True
CSI1000,000852.SH,2018-05-29,6481.8199999999997,6495.8100000000004,6517.5299999999997,6504.2200000000003,6517.25,6437.2200000000003,6491.0200000000004,-0.0077669398318206406,0.008284459695999058,-0.0014173427288778351,-0.17108451014160095,True
CSI300,000300.SH,2018-05-29,3824.1900000000001,3831.2399999999998,3833.02,3827.3800000000001,3833.0999999999999,3804.1300000000001,3833.3400000000001,0.0041440516356168189,0.0076869988741760584,-0.0023869523705176698,-0.31051811111049743,True
CSI500,000905.SH,2018-05-29,5884.5900000000001,5896.9700000000003,5913.5,5897.2399999999998,5910.1899999999996,5835.8999999999996,5891.8599999999997,-0.0043547839253215148,0.0079374788217387894,-0.0012339057615081694,-0.1554531091319333,True
CSI1000,000852.SH,2018-05-30,6345.9399999999996,6293.4399999999996,6334.3000000000002,6341.1999999999998,6303.7600000000002,6232.4700000000003,6437.2200000000003,-0.00828837378408942,0.0084764023340724998,-0.014180034238382544,-1.6728835748373125,True
CSI300,000300.SH,2018-05-30,3755.1799999999998,3741.75,3754.3200000000002,3762.8899999999999,3740.3299999999999,3723.0300000000002,3804.1300000000001,-0.007619986747849139,0.0079271944116240407,-0.012867593904519636,-1.6232216893345319,True
CSI500,000905.SH,2018-05-30,5759.4499999999998,5723.9300000000003,5762.9799999999996,5767.0799999999999,5732.2600000000002,5682.8800000000001,5835.8999999999996,-0.0094978495755160264,0.0082250650649793658,-0.013099950307578934,-1.5926865263784753,True
CSI1000,000852.SH,2018-05-31,6274.7600000000002,6292.54,6298.5200000000004,6288.9099999999999,6254.8000000000002,6315.5100000000002,6232.4700000000003,-0.031807208701893019,0.010970183589942362,0.0067854317790538854,0.61853402209921782,True
CSI300,000300.SH,2018-05-31,3749.3000000000002,3756.1599999999999,3758.6999999999998,3762.2800000000002,3752.1199999999999,3804.79,3723.0300000000002,-0.021318934947018087,0.0093136955934554223,0.0070560806654793584,0.75760267175121632,True
CSI500,000905.SH,2018-05-31,5722.9499999999998,5729.1800000000003,5732.8500000000004,5723.79,5692.0100000000002,5755.1499999999996,5682.8800000000001,-0.026220462996281557,0.010080714501166642,0.0070510023086884921,0.69945461781230678,True
CSI1000,000852.SH,2018-06-01,6285.0500000000002,6282.1000000000004,6293.6400000000003,6298.5100000000002,6316.0699999999997,6244.0500000000002,6315.5100000000002,0.013323770511530775,0.011235328958465556,-0.0048230467531521493,-0.42927508139564502,True
CSI300,000300.SH,2018-06-01,3789.6700000000001,3782.9200000000001,3782.9499999999998,3782.25,3794.5999999999999,3770.46,3804.79,0.021960607354762018,0.010451916555309908,-0.0039739381148499175,-0.38021142761908389,True
CSI500,000905.SH,2018-06-01,5729.9200000000001,5721.9399999999996,5733.2799999999997,5737.8699999999999,5753.2399999999998,5685.21,5755.1499999999996,0.012717143420237553,0.010297235505051898,-0.0043838996377156825,-0.42573559044705833,True
CSI1000,000852.SH,2018-06-04,6252.2600000000002,6254.8500000000004,6250.3699999999999,6228.8500000000004,6215.0299999999997,6215.7399999999998,6244.0500000000002,-0.011315000688780441,0.011438545910507102,0.0013148517388554826,0.11494920325910478,True
CSI300,000300.SH,2018-06-04,3785.1900000000001,3785.6100000000001,3806.3200000000002,3805.4000000000001,3797.6199999999999,3807.2199999999998,3770.46,-0.0090228370028305749,0.01059696413834367,0.0039066851259528246,0.36866078576382239,True
CSI500,000905.SH,2018-06-04,5692.9700000000003,5700.3299999999999,5697.2399999999998,5683.8100000000004,5675.4700000000003,5683.3400000000001,5685.21,-0.012152593763846253,0.010573741194592921,0.0013649451823241066,0.12908819661881801,True
CSI1000,000852.SH,2018-06-05,6210.9799999999996,6224.5,6235.5600000000004,6251.3699999999999,6232.8100000000004,6316.4799999999996,6215.7399999999998,-0.004533916288306572,0.010444486985320366,-0.00076579779720520325,-0.07332076704978667,True
CSI300,000300.SH,2018-06-05,3811.29,3809.6100000000001,3807.6300000000001,3811.1399999999999,3802.8400000000001,3845.54,3807.2199999999998,0.0097494735390375453,0.010195994855727948,0.0010690214907465023,0.10484719793144491,True
CSI500,000905.SH,2018-06-05,5681.2200000000003,5695.3699999999999,5709.0799999999999,5716.9200000000001,5700.3999999999996,5777.5600000000004,5683.3400000000001,-0.00032892364574044208,0.0094372708700044688,-0.0003730200902990477,-0.039526267226752926,True
CSI1000,000852.SH,2018-06-06,6308.79,6303.7200000000003,6316.9499999999998,6313.7200000000003,6327.1999999999998,6320.8400000000001,6316.4799999999996,0.016207241615640244,0.011194957071684903,-0.0012174502254419517,-0.1087498788647627,True
CSI300,000300.SH,2018-06-06,3839.6799999999998,3837.6300000000001,3841.4200000000001,3834.9499999999998,3845.9899999999998,3837.98,3845.54,0.010065086861279493,0.010105553388098321,-0.0015238432053755746,-0.15079265299516012,True
CSI500,000905.SH,2018-06-06,5770.71,5769.29,5770.5500000000002,5767.3900000000003,5781.8900000000003,5774.9099999999999,5777.5600000000004,0.016578279673572283,0.01030270681652542,-0.0011856216118916185,-0.11507865195095093,True
CSI1000,000852.SH,2018-06-07,6334.3999999999996,6330.0200000000004,6316.3699999999999,6318.9399999999996,6311.3500000000004,6274.9099999999999,6320.8400000000001,0.00069025786514020915,0.011210425924460841,0.0021452844875047283,0.19136511868151027,True
CSI300,000300.SH,2018-06-07,3846.9400000000001,3848.5300000000002,3843.9699999999998,3848.8299999999999,3855.0599999999999,3830.4299999999998,3837.98,-0.0019659137598360132,0.010106484071071693,0.0023345614099083978,0.23099639731197247,True
CSI500,000905.SH,2018-06-07,5786.46,5789.6099999999997,5774,5777,5773.1400000000003,5738.4499999999998,5774.9099999999999,-0.00045867113452746633,0.010309954748906223,0.0020000311693169071,0.19399029559553491,True
CSI1000,000852.SH,2018-06-08,6261.6800000000003,6244.4200000000001,6219.9499999999998,6217.3500000000004,6214.3599999999997,6206.3800000000001,6274.9099999999999,-0.0072664392707298964,0.011131583580832296,-0.0021083967738182441,-0.18940672353650886,True
CSI300,000300.SH,2018-06-08,3819.4499999999998,3811.9499999999998,3805.9299999999998,3803.3099999999999,3790.8800000000001,3779.4699999999998,3830.4299999999998,-0.0019671806523223756,0.010009371911237509,-0.0028665189025774973,-0.28638349418900705,True
CSI500,000905.SH,2018-06-08,5731.8400000000001,5713.71,5699.8199999999997,5694.8400000000001,5688.6899999999996,5668.8800000000001,5738.4499999999998,-0.0063135183059129796,0.010304735636672073,-0.0011518789917137617,-0.11178151796679787,True
CSI1000,000852.SH,2018-06-11,6187.6199999999999,6163.6899999999996,6169.1599999999999,6196.0299999999997,6170.6999999999998,6152.5,6206.3800000000001,-0.010921272177608854,0.011164661665608221,-0.0030226959999226644,-0.27073780562771727,True
CSI300,000300.SH,2018-06-11,3770.21,3758.3099999999999,3764.0700000000002,3778.75,3768.4899999999998,3779.48,3779.4699999999998,-0.013303989369339742,0.01035304793112808,-0.0024500789793276967,-0.23665291570428704,True
CSI500,000905.SH,2018-06-11,5657.6499999999996,5637.54,5645.6599999999999,5671.7799999999997,5650.9399999999996,5632.6599999999999,5668.8800000000001,-0.012123482822016363,0.01045400764854377,-0.0019809909541215198,-0.18949583936811729,True
CSI1000,000852.SH,2018-06-12,6152.0200000000004,6171.3599999999997,6150.1999999999998,6138.5200000000004,6113.0100000000002,6199.3199999999997,6152.5,-0.0086813891511637875,0.01120402411372372,-7.8017066233115884e-05,-0.0069633075974509379,True
CSI300,000300.SH,2018-06-12,3783.1900000000001,3793.5700000000002,3785.4499999999998,3785.29,3781.1300000000001,3826.46,3779.48,2.6458736277490402e-06,0.010057575996172598,0.00098161651867445521,0.097599711804117459,True
CSI500,000905.SH,2018-06-12,5638.3500000000004,5658.8800000000001,5643.4300000000003,5635.2399999999998,5621.1999999999998,5693.2799999999997,5632.6599999999999,-0.0063892691325271311,0.010483881381423277,0.0010101799149957458,0.096355526950706982,True
CSI1000,000852.SH,2018-06-13,6180.9799999999996,6156.8299999999999,6162.7700000000004,6157.96,6178.5200000000004,6092.7200000000003,6199.3199999999997,0.0076099146688337616,0.01103129498662884,-0.0029583889845983258,-0.26818147716874796,True
CSI300,000300.SH,2018-06-13,3814.6199999999999,3807.46,3810.3000000000002,3802.0999999999999,3815.1900000000001,3788.6900000000001,3826.46,0.012430281414374411,0.010477250797005466,-0.0030942437657783817,-0.29532974114380817,True
CSI500,000905.SH,2018-06-13,5678.8100000000004,5658.21,5667.8100000000004,5659.6400000000003,5679,5607.3699999999999,5693.2799999999997,0.010762233118988274,0.010604186174134863,-0.0025415928954837241,-0.23967826042917234,True
CSI1000,000852.SH,2018-06-14,6069.2600000000002,6086.9700000000003,6076.75,6118.3199999999997,6082.3400000000001,6060.6400000000003,6092.7200000000003,-0.017195434337959559,0.011441908423716783,-0.0038504969865675864,-0.33652576510630672,True
CSI300,000300.SH,2018-06-14,3774.6399999999999,3785.4699999999998,3781.5799999999999,3800.96,3782.2600000000002,3773.0300000000002,3788.6900000000001,-0.0098707421480951352,0.010546720908297752,-0.0037084058078122872,-0.35161694711146257,True
CSI500,000905.SH,2018-06-14,5590.5699999999997,5608.1099999999997,5601.4799999999996,5636.8400000000001,5603.7200000000003,5587.9399999999996,5607.3699999999999,-0.015089719810021607,0.010957638348440362,-0.0029960569750168142,-0.27342177937851481,True
CSI1000,000852.SH,2018-06-15,6054.8900000000003,6058.5900000000001,6042.25,6000.6599999999999,5995.1800000000003,5928.5100000000002,6060.6400000000003,-0.0052653002271563221,0.011443924325049266,-0.00094874468702976777,-0.082903788952281746,True
CSI300,000300.SH,2018-06-15,3763.04,3775.27,3775.3200000000002,3762.3400000000001,3771.8000000000002,3754.1300000000001,3773.0300000000002,-0.0041333548007358445,0.010476513537791806,-0.0026477393500714541,-0.25273096250200933,True
CSI500,000905.SH,2018-06-15,5582.8400000000001,5586.3299999999999,5567.0200000000004,5533.5900000000001,5532.75,5483.6899999999996,5587.9399999999996,-0.0034650825609867653,0.010950113844783503,-0.00091267980686970951,-0.083348887491658252,True
CSI1000,000852.SH,2018-06-19,5821.04,5796.5500000000002,5815.04,5805.5299999999997,5763.3599999999997,5522.54,5928.5100000000002,-0.021801327912563728,0.011903315588536096,-0.018127657708260636,-1.5229082664765361,True
CSI300,000300.SH,2018-06-19,3702.6700000000001,3695.1500000000001,3703.8699999999999,3697.3600000000001,3692.5300000000002,3620.0500000000002,3754.1300000000001,-0.0050092366082432616,0.010171634559125441,-0.013707570062837515,-1.3476270685068825,True
CSI500,000905.SH,2018-06-19,5396.6800000000003,5378.04,5394.7600000000002,5386.4899999999998,5347.0799999999999,5141.2200000000003,5483.6899999999996,-0.018656248993367819,0.011342570292634292,-0.01586705302451441,-1.3988939557040485,True
CSI1000,000852.SH,2018-06-20,5485.0600000000004,5533.2700000000004,5498.1700000000001,5544.9200000000001,5509.8999999999996,5588.3800000000001,5522.54,-0.068477576996580969,0.017854807396405964,-0.0067867321920709323,-0.38010671531730156,True
CSI300,000300.SH,2018-06-20,3602.5500000000002,3619.5999999999999,3602.4899999999998,3621.0300000000002,3606.0799999999999,3635.8200000000002,3620.0500000000002,-0.035715332180824788,0.012531759395045942,-0.0048341873731025942,-0.38575488251183998,True
CSI500,000905.SH,2018-06-20,5114.0600000000004,5152.1199999999999,5127.79,5164.2399999999998,5135.4099999999999,5198.1999999999998,5141.2200000000003,-0.062452472696304717,0.016592802142584823,-0.0052827928001524249,-0.31837858095073224,True
CSI1000,000852.SH,2018-06-21,5578.2399999999998,5581.1499999999996,5589.8199999999997,5612.4300000000003,5620.3299999999999,5457.5,5588.3800000000001,0.011922050360884784,0.018249517041883503,-0.0018144793303247475,-0.099426156109251096,True
CSI300,000300.SH,2018-06-21,3633.5599999999999,3632.6700000000001,3634.5599999999999,3655.71,3671.1999999999998,3593.04,3635.8200000000002,0.0043562934213616789,0.01266766850358674,-0.00062159292814278899,-0.049069244902232037,True
CSI500,000905.SH,2018-06-21,5196.1300000000001,5197.1199999999999,5203.1300000000001,5226.4200000000001,5240.3100000000004,5089.8999999999996,5198.1999999999998,0.011082972524031121,0.016962040621733329,-0.00039821476664991806,-0.023476819536659324,True
CSI1000,000852.SH,2018-06-22,5413.3800000000001,5386.6700000000001,5461.3500000000004,5476.0500000000002,5472.0500000000002,5541.8599999999997,5457.5,-0.023420025123560007,0.018529458505248592,-0.0080842876775080175,-0.43629378997870283,True
CSI300,000300.SH,2018-06-22,3567.8899999999999,3545.48,3577.3400000000001,3573.9400000000001,3569.8800000000001,3609.0799999999999,3593.04,-0.011766259055728923,0.012610996504320821,-0.006999643755705498,-0.55504287494705573,True
CSI500,000905.SH,2018-06-22,5052.4399999999996,5021.0100000000002,5090.0900000000001,5100.75,5099.2399999999998,5160.3199999999997,5089.8999999999996,-0.020834134892847578,0.017179557950506925,-0.0073596730780565167,-0.42839711587802243,True
CSI1000,000852.SH,2018-06-25,5579.4399999999996,5576.1899999999996,5579.5200000000004,5569.75,5574.7200000000003,5512.8599999999997,5541.8599999999997,0.015457627118643957,0.01933082212588751,0.0067811168091578278,0.35079298567838307,True
CSI300,000300.SH,2018-06-25,3625.8000000000002,3617.5,3618.4400000000001,3610.7199999999998,3607.9499999999998,3560.9200000000001,3609.0799999999999,0.00446418631576595,0.012701301418553182,0.0046327595952431189,0.36474684306569599,True
CSI500,000905.SH,2018-06-25,5196.6499999999996,5187.71,5193.8999999999996,5182.3100000000004,5185.1199999999999,5125.4300000000003,5160.3199999999997,0.013835242342678633,0.017851329238146266,0.0070402610690809553,0.39438301625386618,True
CSI1000,000852.SH,2018-06-26,5434.3900000000003,5432.0600000000004,5477.1599999999999,5474.1000000000004,5485.9200000000001,5559.2600000000002,5512.8599999999997,-0.0052329001454385349,0.019316870405870167,-0.014233991068156926,-0.73686838339151384,True
CSI300,000300.SH,2018-06-26,3521.5900000000001,3522.2199999999998,3526.8899999999999,3500.8000000000002,3496.8499999999999,3530.98,3560.9200000000001,-0.013344120939408288,0.012915393975334996,-0.011044898509373957,-0.85517317787338176,True
CSI500,000905.SH,2018-06-26,5059.3800000000001,5070.2799999999997,5108.1800000000003,5099.1499999999996,5101.9899999999998,5160.9200000000001,5125.4300000000003,-0.0067612086072180722,0.017807628770134976,-0.012886723650503473,-0.72366308938985124,True
CSI1000,000852.SH,2018-06-27,5557.5900000000001,5581.46,5561.4899999999998,5545.1400000000003,5575.8400000000001,5509.1300000000001,5559.2600000000002,0.0084166838991015513,0.019677651806085328,-0.00030039969348438778,-0.015266033592051311,True
CSI300,000300.SH,2018-06-27,3525.1300000000001,3537.29,3519.5,3508.1799999999998,3517.8800000000001,3458.5799999999999,3530.98,-0.0084079395212472985,0.012834572700257667,-0.0016567638445983413,-0.12908601503851236,True
CSI500,000905.SH,2018-06-27,5159.6199999999999,5179.1499999999996,5162.7299999999996,5154.3900000000003,5178.3599999999997,5109.6099999999997,5160.9200000000001,0.0069242970833667261,0.018072642061817128,-0.00025189307332806887,-0.013937811221318578,True
CSI1000,000852.SH,2018-06-28,5494.9499999999998,5505.8900000000003,5522.2799999999997,5543.5,5506.8900000000003,5443.96,5509.1300000000001,-0.009017387206210925,0.019679807721335655,-0.0025739091290276628,-0.13078934334491421,True
CSI300,000300.SH,2018-06-28,3434.9400000000001,3437.75,3444.4099999999999,3458.6100000000001,3439.9899999999998,3422.5999999999999,3458.5799999999999,-0.020504222623747514,0.013338204244068256,-0.0068351751296774621,-0.51245092702169337,True
CSI500,000905.SH,2018-06-28,5097.5100000000002,5106.0699999999997,5120.1199999999999,5145.0699999999997,5112.3900000000003,5055.6800000000003,5109.6099999999997,-0.0099420258403540851,0.018076867125316136,-0.0023680868011451972,-0.13100095191985781,True
CSI1000,000852.SH,2018-06-29,5441.96,5471.4799999999996,5437.1800000000003,5458.3199999999997,5505.0699999999997,5608.5100000000002,5443.96,-0.011829454015425345,0.018875161073711226,-0.00036737962806487889,-0.019463655257308216,True
CSI300,000300.SH,2018-06-29,3431.96,3444.3899999999999,3427.0599999999999,3436.6399999999999,3466.6900000000001,3511.48,3422.5999999999999,-0.010403113416488807,0.012834702998694264,0.0027347630456378003,0.21307567817627107,True
CSI500,000905.SH,2018-06-29,5061.0900000000001,5090.1899999999996,5055.5699999999997,5075.6099999999997,5127.5600000000004,5218.0900000000001,5055.6800000000003,-0.010554621585600388,0.017506157986425991,0.001070083549591816,0.061126122043542765,True
CSI1000,000852.SH,2018-07-02,5601.7399999999998,5596.3699999999999,5607.7399999999998,5618.8299999999999,5602.6199999999999,5538.3199999999997,5608.5100000000002,0.030226158899036681,0.020148076243207368,-0.0012070942193204148,-0.059911140138124562,True
CSI300,000300.SH,2018-07-02,3504.46,3495.8000000000002,3496.7600000000002,3496.75,3475.3699999999999,3407.98,3511.48,0.025968561911996701,0.013286671138082856,-0.001999157050588396,-0.15046335006052208,True
CSI500,000905.SH,2018-07-02,5216.8500000000004,5211.5699999999997,5217.5699999999997,5225.1800000000003,5203.8199999999997,5139.5600000000004,5218.0900000000001,0.032124264193936325,0.019049469930874731,-0.00023763484340055818,-0.012474617102883672,True
CSI1000,000852.SH,2018-07-03,5531.5799999999999,5525,5524.5900000000001,5505.7299999999996,5524.0100000000002,5601.8299999999999,5538.3199999999997,-0.012514910377266042,0.020167386434615298,-0.0012169755449304986,-0.060343741063129633,True
CSI300,000300.SH,2018-07-03,3410.48,3401.7399999999998,3385.2800000000002,3373.4200000000001,3374.6399999999999,3408.8600000000001,3407.98,-0.029474751386879605,0.014437369062116333,0.00073357238011961812,0.050810668963538003,True
CSI500,000905.SH,2018-07-03,5138.5500000000002,5136.2600000000002,5130.8699999999999,5112.0299999999997,5125.2399999999998,5196.9399999999996,5139.5600000000004,-0.015049567945359277,0.019119918484916055,-0.0001965148767598679,-0.010278018544634537,True
CSI1000,000852.SH,2018-07-04,5574.1800000000003,5554.0299999999997,5551.1999999999998,5553.6400000000003,5545.0900000000001,5500.9499999999998,5601.8299999999999,0.011467376388507811,0.020533550308790446,-0.0049358870226335894,-0.24038156813634554,True
CSI300,000300.SH,2018-07-04,3398.7800000000002,3389.1100000000001,3404.75,3400.54,3392.1700000000001,3364.9200000000001,3408.8600000000001,0.00025821747780208071,0.014080638813310776,-0.0029570002874861334,-0.2100046969950545,True
CSI500,000905.SH,2018-07-04,5171.1899999999996,5153.8900000000003,5150.3999999999996,5158.4200000000001,5150.8000000000002,5121.9499999999998,5196.9399999999996,0.011164379830179927,0.019433284166402033,-0.0049548388089913908,-0.25496662152235444,True
CSI1000,000852.SH,2018-07-05,5484.0699999999997,5490.5799999999999,5466.3400000000001,5462.46,5477.5600000000004,5352.9200000000001,5500.9499999999998,-0.018008400826158621,0.020095983187304881,-0.0030685608849381207,-0.15269523547753588,True
CSI300,000300.SH,2018-07-05,3365.5500000000002,3378.5599999999999,3374.9200000000001,3371.7399999999998,3370.8099999999999,3342.1399999999999,3364.9200000000001,-0.012889939745252099,0.013682240570696435,0.00018722584786567964,0.013683858787475604,True
CSI500,000905.SH,2018-07-05,5109.1400000000003,5116.4799999999996,5085.0600000000004,5079.5200000000004,5090.4700000000003,4982.9399999999996,5121.9499999999998,-0.014429645137330804,0.018911447542617119,-0.0025010005954761994,-0.13224797254891102,True
CSI1000,000852.SH,2018-07-06,5345.8800000000001,5330.1400000000003,5387.5,5339.7399999999998,5318.1999999999998,5374.6099999999997,5352.9200000000001,-0.026909897381361403,0.020505833128783429,-0.0013151700380352738,-0.064136386450409991,True
CSI300,000300.SH,2018-07-06,3347.0599999999999,3329.8200000000002,3356.8499999999999,3331.1199999999999,3321.6399999999999,3364.8600000000001,3342.1399999999999,-0.006769848911712617,0.01363937505440142,0.0014721106835740017,0.10793094828043109,True
CSI500,000905.SH,2018-07-06,4981.9799999999996,4966.96,5019.3599999999997,4981,4961.6499999999996,4996.1999999999998,4982.9399999999996,-0.027140054080965315,0.019446033849006096,-0.00019265734686746416,-0.0099072822953720739,True
CSI1000,000852.SH,2018-07-09,5378.8100000000004,5407.9099999999999,5425.4899999999998,5433.0500000000002,5437.8599999999997,5487.7799999999997,5374.6099999999997,0.0040519940518444209,0.020684641856193498,0.00078145204954416236,0.037779336716442888,True
CSI300,000300.SH,2018-07-09,3378.9099999999999,3398.46,3420.5900000000001,3431.0100000000002,3426.5100000000002,3459.3200000000002,3364.8600000000001,0.0067980395794311477,0.013940470343839072,0.0041755080449110693,0.29952418691213073,True
CSI500,000905.SH,2018-07-09,5007.21,5037.3999999999996,5052.71,5058.5699999999997,5064.9399999999996,5107.8800000000001,4996.1999999999998,0.0026610796036075079,0.019569878765613984,0.0022036747928426692,0.11260543916678327,True
CSI1000,000852.SH,2018-07-10,5487.3400000000001,5494.54,5488.9200000000001,5505.2399999999998,5502.5200000000004,5525.0200000000004,5487.7799999999997,0.021056411534976505,0.02162146048837179,-8.0178141251940893e-05,-0.0037082666684362694,True
CSI300,000300.SH,2018-07-10,3464.9099999999999,3465.0799999999999,3454.9400000000001,3463.3600000000001,3463.21,3467.5700000000002,3459.3200000000002,0.02807249038592996,0.015802479124997302,0.0016159245169569125,0.10225765869867513,True
CSI500,000905.SH,2018-07-10,5114.1199999999999,5116.5699999999997,5111.9799999999996,5128.0900000000001,5126.79,5137,5107.8800000000001,0.022352988271086005,0.020561847454006348,0.0012216418553294695,0.059413039517100405,True
CSI1000,000852.SH,2018-07-11,5441.2399999999998,5405.21,5410.1300000000001,5425.3400000000001,5435.3800000000001,5396.5799999999999,5525.0200000000004,0.0067859863186936487,0.02179295534572049,-0.015163746013589163,-0.69580952987025169,True
CSI300,000300.SH,2018-07-11,3398.9299999999998,3386.9299999999998,3399.3099999999999,3414.8299999999999,3421.0799999999999,3407.04,3467.5700000000002,0.0023848617647399539,0.01584551192624287,-0.019794841920999562,-1.2492396593521178,True
CSI500,000905.SH,2018-07-11,5060.0699999999997,5024.6800000000003,5035.6499999999996,5050.4499999999998,5063.3400000000001,5035.9700000000003,5137,0.0057009953248705614,0.020695919976673909,-0.014975666731555481,-0.72360478531200123,True
CSI1000,000852.SH,2018-07-12,5385.8100000000004,5423.9300000000003,5431.0299999999997,5459.21,5478.0299999999997,5541.4799999999996,5396.5799999999999,-0.023246974671584986,0.021935065849834751,-0.0019957083930932651,-0.090982557643349851,True
CSI300,000300.SH,2018-07-12,3403.3299999999999,3424.1599999999999,3430.3800000000001,3437.9200000000001,3453.29,3481.6199999999999,3407.04,-0.017456028284937308,0.015604230753279581,-0.0010889217619987068,-0.069783751548908965,True
CSI500,000905.SH,2018-07-12,5029.29,5066.4700000000003,5074.6999999999998,5100.9700000000003,5116.7600000000002,5172.5200000000004,5035.9700000000003,-0.019667120887677636,0.020641942994106027,-0.0013264574649968219,-0.064260300756356636,True
CSI1000,000852.SH,2018-07-13,5539.1400000000003,5541.9700000000003,5540.8999999999996,5549.6199999999999,5541.1099999999997,5561.8999999999996,5541.4799999999996,0.026850338547746766,0.023008257016674073,-0.00042226986292459578,-0.018352970527866455,True
CSI300,000300.SH,2018-07-13,3488.5,3484.0100000000002,3480.4299999999998,3483.5900000000001,3480.4499999999998,3493.2600000000002,3481.6199999999999,0.02188996900535356,0.016729977824706834,0.0019760915895474795,0.11811680865644586,True
CSI500,000905.SH,2018-07-13,5174.5100000000002,5180.3400000000001,5178.6999999999998,5183.8599999999997,5172.4200000000001,5203.8000000000002,5172.5200000000004,0.027114935156484332,0.021780007280968818,0.00038472543363776701,0.01766415541899,True
CSI1000,000852.SH,2018-07-16,5552.2200000000003,5567.6999999999998,5536.9399999999996,5547.9899999999998,5536.3299999999999,5567.3999999999996,5561.8999999999996,0.0036849361542403702,0.023078998429981311,-0.0017404124489831529,-0.075411090921615978,True
CSI300,000300.SH,2018-07-16,3488.9699999999998,3505.23,3476.9000000000001,3476.77,3464.6599999999999,3471.6999999999998,3493.2600000000002,0.003343271235804135,0.016812149538036607,-0.0012280792154034659,-0.073047126580988414,True
CSI500,000905.SH,2018-07-16,5201.5299999999997,5214.8400000000001,5176.8199999999997,5185.96,5175.9399999999996,5195.3299999999999,5203.8000000000002,0.0060473424945672871,0.021891275317278389,-0.00043621968561446955,-0.019926645629008612,True
CSI1000,000852.SH,2018-07-17,5557.9099999999999,5548.8100000000004,5544.9499999999998,5541.2700000000004,5520.0100000000002,5575.7700000000004,5567.3999999999996,0.00098887070964948087,0.022714966264682574,-0.0017045658655745477,-0.075041531900702022,True
CSI300,000300.SH,2018-07-17,3466.4200000000001,3461.8099999999999,3446.5599999999999,3436.96,3428.04,3449.73,3471.6999999999998,-0.0061718852876683217,0.016818886275824934,-0.0015208687386581987,-0.09042624545504295,True
CSI500,000905.SH,2018-07-17,5189.1499999999996,5182.3000000000002,5176.7600000000002,5170.6499999999996,5142.9799999999996,5195.2299999999996,5195.3299999999999,-0.0016276567124025032,0.021592675977432932,-0.001189529827749225,-0.055089504839160912,True
CSI1000,000852.SH,2018-07-18,5573.0200000000004,5576.0699999999997,5582.9499999999998,5578.3000000000002,5592.0200000000004,5544.6599999999999,5575.7700000000004,0.0015033947623668276,0.016663500521129932,-0.00049320542274877699,-0.029597948049593443,True
CSI300,000300.SH,2018-07-18,3456.6100000000001,3457.3400000000001,3465.1999999999998,3457.52,3465.0300000000002,3432.1900000000001,3449.73,-0.0063283117780913445,0.015074183713776331,0.0019943589788187222,0.13230295030808686,True
CSI500,000905.SH,2018-07-18,5198.8900000000003,5200.5900000000001,5199.1099999999997,5193.5200000000004,5203.8599999999997,5156.8699999999999,5195.2299999999996,-1.9248055465270753e-05,0.016338774477561411,0.00070449239013492537,0.043117823255497435,True
CSI1000,000852.SH,2018-07-19,5533.1199999999999,5530,5553.3599999999997,5524.0699999999997,5503.9499999999998,5481.2200000000003,5544.6599999999999,-0.0055794984369872402,0.01649698653971533,-0.0020812818098855379,-0.12616133285160894,True
CSI300,000300.SH,2018-07-19,3444.8000000000002,3439.29,3461.8800000000001,3449.0999999999999,3444.9400000000001,3428.9699999999998,3432.1900000000001,-0.0050844558849533206,0.015002452824832847,0.0036740390246461363,0.24489588919517707,True
CSI500,000905.SH,2018-07-19,5153.3800000000001,5145.8699999999999,5170.8400000000001,5143.6499999999996,5131.9799999999996,5112.2399999999998,5156.8699999999999,-0.0073836961982433058,0.016239599009061939,-0.00067676710873065815,-0.041673880515954366,True
CSI1000,000852.SH,2018-07-20,5469.79,5451.6599999999999,5454.6199999999999,5452.8000000000002,5501.5699999999997,5541.1499999999996,5481.2200000000003,-0.011441639343079624,0.015815402876030778,-0.0020853021772525571,-0.13185261188717246,True
CSI300,000300.SH,2018-07-20,3426.46,3413.9000000000001,3407.8899999999999,3405.21,3431.5100000000002,3493.0100000000002,3428.9699999999998,-0.00093817649955285631,0.01485541155599456,-0.00073199823853808965,-0.049274854202387183,True
CSI500,000905.SH,2018-07-20,5105.6499999999996,5085.9799999999996,5083.46,5089.3699999999999,5127.2600000000002,5175.1700000000001,5112.2399999999998,-0.0086544745165187953,0.015645525932437,-0.001289063111278077,-0.082391804330817289,True
CSI1000,000852.SH,2018-07-23,5509.2299999999996,5510.1099999999997,5528.5100000000002,5549.4200000000001,5559.1000000000004,5582.4099999999999,5541.1499999999996,0.010933697242584639,0.015618867761267322,-0.005760537072629357,-0.36881912060967115,True
CSI300,000300.SH,2018-07-23,3471.8600000000001,3475.79,3478.25,3489.5599999999999,3498.4299999999998,3525.7800000000002,3493.0100000000002,0.018676162229474214,0.015517610715870378,-0.0060549497424857712,-0.39019858490799569,True
CSI500,000905.SH,2018-07-23,5146.6199999999999,5146.5500000000002,5162.8500000000004,5180.46,5183.7200000000003,5214.1000000000004,5175.1700000000001,0.012309672472341049,0.015579822380400165,-0.0055167269867463231,-0.35409434408485391,True
CSI1000,000852.SH,2018-07-24,5578.7200000000003,5585.8400000000001,5599.2600000000002,5628.6099999999997,5648.5900000000001,5672.4899999999998,5582.4099999999999,0.0074461077574150547,0.015647910395957868,-0.00066100483482933736,-0.042242370904685564,True
CSI300,000300.SH,2018-07-24,3530.6599999999999,3553.9299999999998,3574.5500000000002,3582.4099999999999,3587.6999999999998,3581.8899999999999,3525.7800000000002,0.0093815935253549476,0.015437987882658637,0.0013840908961988418,0.089654876446274429,True
CSI500,000905.SH,2018-07-24,5213.3900000000003,5222.9099999999999,5244.2200000000003,5278.4399999999996,5296.9700000000003,5304.8999999999996,5214.1000000000004,0.0075224581994408624,0.01556847888116907,-0.0001361692334247433,-0.0087464699964649381,True
CSI1000,000852.SH,2018-07-25,5669.9899999999998,5669.9399999999996,5685.21,5692.0900000000001,5668.8900000000003,5685.9700000000003,5672.4899999999998,0.016136399870306795,0.015939645378116565,-0.00044072356231561471,-0.027649521169440899,True
CSI300,000300.SH,2018-07-25,3589.5100000000002,3578.8099999999999,3575.9699999999998,3580.6900000000001,3570.1700000000001,3578.1700000000001,3581.8899999999999,0.015914209054450179,0.015727796413871942,0.0021273685121543373,0.13526170203207835,True
CSI500,000905.SH,2018-07-25,5308.0200000000004,5306.04,5318.2200000000003,5318.8599999999997,5300.7399999999998,5309.0200000000004,5304.8999999999996,0.017414318866151302,0.015951532078850226,0.00058813549737046777,0.03687015732803893,True
CSI1000,000852.SH,2018-07-26,5681.0699999999997,5691.1499999999996,5666.3599999999997,5674.29,5688.1000000000004,5663.5699999999997,5685.9700000000003,0.0023763814480062262,0.015760519445360451,-0.00086177028721579063,-0.054679053580906994,True
CSI300,000300.SH,2018-07-26,3583.3200000000002,3590.1999999999998,3572.54,3567.3800000000001,3565.8299999999999,3536.6300000000001,3578.1700000000001,-0.0010385578563272269,0.014919388912951867,0.0014392832090146523,0.096470654221311791,True
CSI500,000905.SH,2018-07-26,5307.3000000000002,5312.1700000000001,5288.1899999999996,5296.2399999999998,5305.71,5273.9899999999998,5309.0200000000004,0.00077664046447645241,0.015725431328267123,-0.00032397692982888415,-0.020602101339282315,True
CSI1000,000852.SH,2018-07-27,5655.3100000000004,5656.5699999999997,5648.3800000000001,5630.3500000000004,5642.0699999999997,5630.75,5663.5699999999997,-0.0039395213129862494,0.015500677303285186,-0.0014584440556043576,-0.094089053469635003,True
CSI300,000300.SH,2018-07-27,3533.77,3532.0799999999999,3522.02,3516.8800000000001,3527.7800000000002,3521.54,3536.6300000000001,-0.011609286311159095,0.014973681021562775,-0.00080867944908014078,-0.054006723391235995,True
CSI500,000905.SH,2018-07-27,5270.2299999999996,5269.3599999999997,5263.71,5241.5799999999999,5251.3699999999999,5249.2700000000004,5273.9899999999998,-0.0065982045650611054,0.015582987094817485,-0.00071293271318306761,-0.045750709337375461,True
CSI1000,000852.SH,2018-07-30,5618.8999999999996,5633.6499999999996,5603.8699999999999,5620.6800000000003,5584.1800000000003,5549.5900000000001,5630.75,-0.0057949314654890394,0.014088150679845816,-0.0021045153842739195,-0.1493819474322198,True
CSI300,000300.SH,2018-07-30,3520.8499999999999,3535.54,3520.27,3543.4299999999998,3520.9099999999999,3515.5500000000002,3521.54,-0.0042667737365797986,0.013886271252654967,-0.00019593700483311327,-0.014110123680296923,True
CSI500,000905.SH,2018-07-30,5244.7700000000004,5253.5900000000001,5227.3599999999997,5248.0500000000002,5215.7399999999998,5186.1499999999996,5249.2700000000004,-0.0046871533696497547,0.013955300151667259,-0.00085726205739078409,-0.061429137895566213,True
CSI1000,000852.SH,2018-07-31,5536.71,5541.4300000000003,5545.4899999999998,5535.4200000000001,5538.6499999999996,5543.0500000000002,5549.5900000000001,-0.014413710429338922,0.014185065641781229,-0.0023208921740164312,-0.16361518745323164,True
CSI300,000300.SH,2018-07-31,3510.4699999999998,3507.7199999999998,3507.9099999999999,3500.8000000000002,3504.96,3517.8899999999999,3515.5500000000002,-0.001700960375290328,0.012022516275580842,-0.0014450086046281507,-0.12019186096367654,True
CSI500,000905.SH,2018-07-31,5182.8299999999999,5186.5500000000002,5192.29,5178.8999999999996,5183.6999999999998,5188.5699999999997,5186.1499999999996,-0.012024529125002292,0.013794617484698575,-0.00064016659757237804,-0.046406984338817008,True
CSI1000,000852.SH,2018-08-01,5553.7600000000002,5568.6300000000001,5551.4899999999998,5571.3999999999996,5563.5200000000004,5456.4300000000003,5543.0500000000002,-0.001178465436185383,0.013935923989430993,0.0019321492680022256,0.13864522147706659,True
CSI300,000300.SH,2018-08-01,3530.0300000000002,3535.8000000000002,3523.4099999999999,3536.5599999999999,3525.04,3446.7800000000002,3517.8899999999999,0.00066561419976940428,0.012020426748249019,0.0034509322349478566,0.2870889950267817,True
CSI500,000905.SH,2018-08-01,5198.46,5214.75,5199.5200000000004,5222.75,5210.6099999999997,5105.54,5188.5699999999997,0.00046662745967629427,0.013566559377404974,0.0019061128596127297,0.14050083050440554,True
CSI1000,000852.SH,2018-08-02,5431.1300000000001,5416.0799999999999,5360.0600000000004,5317.8999999999996,5320.3199999999997,5326.0299999999997,5456.4300000000003,-0.015626775872488952,0.013787239046100411,-0.0046367313426545209,-0.33630600928515675,True
CSI300,000300.SH,2018-08-02,3434.3499999999999,3426.4200000000001,3407.48,3381.6700000000001,3383.4499999999998,3369.6900000000001,3446.7800000000002,-0.020213821353140538,0.012584793755612339,-0.0036062643974956732,-0.28655729029229554,True
CSI500,000905.SH,2018-08-02,5094.3400000000001,5079.4300000000003,5028.0500000000002,4995.7299999999996,4994.46,4995.8199999999997,5105.54,-0.016002482379538052,0.013658892424084105,-0.0021936954758947635,-0.16060566316685532,True
CSI1000,000852.SH,2018-08-03,5313.0500000000002,5330.8900000000003,5321.25,5311.0600000000004,5278.4799999999996,5256.0600000000004,5326.0299999999997,-0.023898409766092588,0.013494855812404888,-0.0024370872864026838,-0.18059379961380825,True
CSI300,000300.SH,2018-08-03,3366.6599999999999,3372.8299999999999,3362.79,3361.3200000000002,3335.77,3315.1999999999998,3369.6900000000001,-0.022365802285031267,0.013555431845823253,-0.00089919250732273248,-0.066334478867952462,True
CSI500,000905.SH,2018-08-03,4982.8900000000003,4995.8299999999999,4988.3699999999999,4978.3100000000004,4951.9899999999998,4930.2299999999996,4995.8199999999997,-0.021490381037069572,0.013117308130895785,-0.0025881637048571493,-0.19730905754673331,True
CSI1000,000852.SH,2018-08-06,5234.6700000000001,5213.6899999999996,5241.2600000000002,5262.7200000000003,5241.4799999999996,5144.6400000000003,5256.0600000000004,-0.013137364979168176,0.013756965219758678,-0.0040695882467095545,-0.29582020319892488,True
CSI300,000300.SH,2018-08-06,3312.8200000000002,3297.9200000000001,3316.8699999999999,3340.7800000000002,3334.3800000000001,3273.27,3315.1999999999998,-0.016170626971620639,0.013960473402684975,-0.00071790540540528358,-0.051424144776294693,True
CSI500,000905.SH,2018-08-06,4919.5,4893.2200000000003,4918.7799999999997,4937.7299999999996,4917.8500000000004,4825.25,4930.2299999999996,-0.013128975823788691,0.013433432362604785,-0.0021763690537762725,-0.16201139031560716,True
CSI1000,000852.SH,2018-08-07,5149.3699999999999,5178.2399999999998,5164.5299999999997,5157.1599999999999,5147.9799999999996,5279.54,5144.6400000000003,-0.021198388146254077,0.013428079983058486,0.00091940349567698476,0.06846872351348432,True
CSI300,000300.SH,2018-08-07,3284.98,3301.8299999999999,3288.96,3288.4000000000001,3287.0900000000001,3368.8499999999999,3273.27,-0.012647804054053968,0.0124371959388886,0.0035774622930586641,0.28764219126536889,True
CSI500,000905.SH,2018-08-07,4836.3100000000004,4858.1999999999998,4852.2200000000003,4844.6800000000003,4837.3000000000002,4956.5799999999999,4825.25,-0.021293124255866269,0.013051807034133526,0.0022921092171390711,0.17561623544882865,True
CSI1000,000852.SH,2018-08-08,5263.1700000000001,5253.1199999999999,5276.29,5261.29,5255.3100000000004,5192.0200000000004,5279.54,0.026221465447533676,0.014815601389500829,-0.0031006489201710341,-0.20928269050005144,True
CSI300,000300.SH,2018-08-08,3362.1500000000001,3348.9000000000001,3368.0999999999999,3351.5999999999999,3343.8299999999999,3315.27,3368.8499999999999,0.029200157640524527,0.014316164023537473,-0.0019888092375736077,-0.13892054004856114,True
CSI500,000905.SH,2018-08-08,4940.7799999999997,4928.5,4951.5699999999997,4935.1300000000001,4934.0799999999999,4880.5299999999997,4956.5799999999999,0.027217242629915539,0.014582965223894019,-0.0031876818290030862,-0.21858941443404847,True
CSI1000,000852.SH,2018-08-09,5166.3800000000001,5175.2799999999997,5209.3800000000001,5234.2700000000004,5253.6599999999999,5308.3699999999999,5192.0200000000004,-0.016577201801671992,0.014384907759346956,-0.004938347695116807,-0.34330061601597628,True
CSI300,000300.SH,2018-08-09,3303.48,3321.0500000000002,3337.9200000000001,3349.1300000000001,3363.3800000000001,3398.1300000000001,3315.27,-0.015904537156596454,0.014228208390475245,-0.0035562714349057778,-0.24994513274675145,True
CSI500,000905.SH,2018-08-09,4862.1499999999996,4877.4799999999996,4910.6599999999999,4935.8299999999999,4958.6000000000004,5005.2200000000003,4880.5299999999997,-0.015343240702258454,0.014332249367608357,-0.0037659844320186986,-0.2627629714935063,True
CSI1000,000852.SH,2018-08-10,5299.4899999999998,5308.29,5325.4799999999996,5343.3199999999997,5315.0600000000004,5342.1499999999996,5308.3699999999999,0.022409389794338042,0.013946450728758154,-0.0016728298894010951,-0.11994663889298023,True
CSI300,000300.SH,2018-08-10,3398.4099999999999,3399.5,3413.54,3421.4299999999998,3401.2399999999998,3405.0999999999999,3398.1300000000001,0.024993439448370847,0.014508236451216459,8.2398260219607167e-05,0.0056794125527709054,True
CSI500,000905.SH,2018-08-10,5000.0500000000002,5006.5100000000002,5022.5500000000002,5036.2299999999996,5009.9799999999996,5030.6999999999998,5005.2200000000003,0.025548454778477003,0.014171194415246039,-0.0010329216298184951,-0.072888819357896137,True
CSI1000,000852.SH,2018-08-13,5278.1599999999999,5281.7600000000002,5302.7399999999998,5282.5500000000002,5296.8800000000001,5369.6000000000004,5342.1499999999996,0.0063635353225188762,0.014017148235894944,-0.011978323334238095,-0.85454781048574124,True
CSI300,000300.SH,2018-08-13,3369.98,3367.3499999999999,3372.9000000000001,3359.4400000000001,3356.4899999999998,3390.3400000000001,3405.0999999999999,0.0020511281204662613,0.014490211938931191,-0.01031394085342574,-0.71178674935147324,True
CSI500,000905.SH,2018-08-13,4981.3400000000001,4988.8400000000001,5009.6199999999999,4990.7600000000002,4996.4899999999998,5055.4399999999996,5030.6999999999998,0.0050906853245211714,0.014145801581005603,-0.0098117558192696297,-0.6936161067354748,True
CSI1000,000852.SH,2018-08-14,5357.7200000000003,5353.8599999999997,5357.0600000000004,5355.0299999999997,5368.1899999999996,5351.4499999999998,5369.6000000000004,0.0051383806145466338,0.014092979776512686,-0.002212455303933325,-0.15698988709404066,True
CSI300,000300.SH,2018-08-14,3386.48,3381.4899999999998,3372.8600000000001,3369.8400000000001,3382.2800000000002,3373.1100000000001,3390.3400000000001,-0.0043346744588997899,0.014462683916247264,-0.0011385288791094794,-0.078721825471859005,True
CSI500,000905.SH,2018-08-14,5043.8900000000003,5040.2799999999997,5041.8299999999999,5040.8100000000004,5051.4700000000003,5037.8999999999996,5055.4399999999996,0.0049178046792692776,0.014220534403095253,-0.0022846676055890969,-0.16065975727971335,True
CSI1000,000852.SH,2018-08-15,5347.6899999999996,5345.3500000000004,5341.5600000000004,5323.46,5310.9799999999996,5242.1899999999996,5351.4499999999998,-0.0033801400476759502,0.014076618548050939,-0.00070261331041121533,-0.049913500746846605,True
CSI300,000300.SH,2018-08-15,3371.96,3362.79,3362.8400000000001,3348.21,3338.1100000000001,3292.5300000000002,3373.1100000000001,-0.0050820861624497615,0.01444157867535259,-0.0003409316624717329,-0.023607644990613127,True
CSI500,000905.SH,2018-08-15,5035.5699999999997,5029.3199999999997,5030.3100000000004,5007.7299999999996,4997.7600000000002,4932.7399999999998,5037.8999999999996,-0.0034695298529900942,0.014225514423608875,-0.00046249429325706526,-0.032511604113908375,True
CSI1000,000852.SH,2018-08-16,5175.4200000000001,5136.6700000000001,5179.6199999999999,5211.7700000000004,5228.3800000000001,5178.75,5242.1899999999996,-0.020416896355193503,0.01465661237834214,-0.012737043106030077,-0.86903049471727978,True
CSI300,000300.SH,2018-08-16,3251.8600000000001,3233.4099999999999,3269.02,3287.23,3302.8099999999999,3277.5100000000002,3292.5300000000002,-0.023888933358236164,0.015306123766472899,-0.012352203320850519,-0.80701054749780887,True
CSI500,000905.SH,2018-08-16,4876.6899999999996,4840.2700000000004,4885.79,4911.9300000000003,4927.8599999999997,4888.8900000000003,4932.7399999999998,-0.020873776772067698,0.014829147964222472,-0.011362853099899928,-0.76625124567604985,True
CSI1000,000852.SH,2018-08-17,5210.2299999999996,5213.8999999999996,5198.8599999999997,5183.1800000000003,5172.9200000000001,5084.4399999999996,5178.75,-0.012101812410461932,0.014678066191197891,0.0060786869418294476,0.41413404617801086,True
CSI300,000300.SH,2018-08-17,3305.9000000000001,3297.4899999999998,3286.1599999999999,3282.1300000000001,3282.52,3229.3099999999999,3277.5100000000002,-0.0045618415018238156,0.015314786602776987,0.0086620635787533207,0.56560132396377327,True
CSI500,000905.SH,2018-08-17,4923.4399999999996,4920.4899999999998,4911.8199999999997,4897.8900000000003,4891.79,4803.1599999999999,4888.8900000000003,-0.0088895826660232435,0.014834696865701142,0.0070670438483990683,0.47638613126895557,True
CSI1000,000852.SH,2018-08-20,5071.1400000000003,5054.1999999999998,5071.4399999999996,5062.9200000000001,5075.5,5103.6300000000001,5084.4399999999996,-0.018210958242819264,0.014696666834384612,-0.0026158239648809145,-0.17798756645696567,True
CSI300,000300.SH,2018-08-20,3238.2199999999998,3223.3299999999999,3246.7199999999998,3237.73,3254.9699999999998,3267.25,3229.3099999999999,-0.014706286174565486,0.01473421626726888,0.0027591033378646657,0.18725823537651184,True
CSI500,000905.SH,2018-08-20,4794.2399999999998,4784.5100000000002,4806,4797.8800000000001,4805.71,4832.6499999999996,4803.1599999999999,-0.017535677832800634,0.014807142146412863,-0.0018571107354324878,-0.12541993026536766,True
CSI1000,000852.SH,2018-08-21,5097.1999999999998,5094.9499999999998,5113.3800000000001,5097.9899999999998,5125.0699999999997,5162.0299999999997,5103.6300000000001,0.0037742602921857493,0.014566021912632187,-0.0012598875702196644,-0.086494966009013324,True
CSI300,000300.SH,2018-08-21,3271.8400000000001,3273.8699999999999,3299.0700000000002,3288.0100000000002,3303.8400000000001,3326.6500000000001,3267.25,0.011748639802310779,0.014854803865196116,0.0014048511745352599,0.09457217929526078,True
CSI500,000905.SH,2018-08-21,4831.21,4823.4899999999998,4845.3299999999999,4834.2700000000004,4859.3000000000002,4891.9799999999996,4832.6499999999996,0.0061397080255498615,0.014755520052724725,-0.00029797316172275323,-0.020194012861493832,True
CSI1000,000852.SH,2018-08-22,5151.4399999999996,5141.6599999999999,5139.5900000000001,5150.25,5148.96,5102.3599999999997,5162.0299999999997,0.01144283578550942,0.014252639740699947,-0.0020515184917562213,-0.14393954587218599,True
CSI300,000300.SH,2018-08-22,3328.9699999999998,3321.23,3309.9200000000001,3316.4400000000001,3320.0700000000002,3307.9499999999998,3326.6500000000001,0.018180426964572671,0.015019985736268428,0.00069739828355852573,0.046431354583415713,True
CSI500,000905.SH,2018-08-22,4877.0100000000002,4872.0900000000001,4864.3699999999999,4873.8900000000003,4870.1099999999997,4837.0200000000004,4891.9799999999996,0.012276908114595475,0.014409481873542681,-0.0030601106300515157,-0.21236784617982687,True
CSI1000,000852.SH,2018-08-23,5095.3599999999997,5118.7799999999997,5104.1400000000003,5115.5600000000004,5122.6400000000003,5133.3299999999999,5102.3599999999997,-0.011559405892643038,0.014233880023012443,-0.0013719141730493822,-0.096383710613786089,True
CSI300,000300.SH,2018-08-23,3308.46,3325.29,3312.29,3312.52,3309.8299999999999,3320.0300000000002,3307.9499999999998,-0.005621270647648613,0.015014086640352928,0.00015417403527862028,0.010268625656138893,True
CSI500,000905.SH,2018-08-23,4832.0100000000002,4854,4841.6599999999999,4850.7600000000002,4857.9099999999999,4863.6700000000001,4837.0200000000004,-0.011234714778065147,0.014452571256067614,-0.0010357616879814735,-0.071666257140689082,True
CSI1000,000852.SH,2018-08-24,5122.6800000000003,5107.0500000000002,5107.7299999999996,5123.8000000000002,5116.9300000000003,5116.1400000000003,5133.3299999999999,0.0060697402770482078,0.014458576926984748,-0.0020746766718678922,-0.1434910698573538,True
CSI300,000300.SH,2018-08-24,3308.48,3298.0599999999999,3295.8899999999999,3303.1500000000001,3302.5500000000002,3325.3299999999999,3320.0300000000002,0.0036518085218943952,0.014984714480349149,-0.0034788842269498632,-0.23216219645106004,True
CSI500,000905.SH,2018-08-24,4853.8599999999997,4843.4200000000001,4848.1800000000003,4858.7700000000004,4849.8699999999999,4852.29,4863.6700000000001,0.0055095906157096586,0.014614746682801208,-0.002016995396480481,-0.13801097208575658,True
CSI1000,000852.SH,2018-08-27,5121.1899999999996,5139.2700000000004,5151.4399999999996,5150.9799999999996,5164.2299999999996,5229.3599999999997,5116.1400000000003,-0.0033487034731839449,0.014460097492868645,0.00098707228496475174,0.068261800133197645,True
CSI300,000300.SH,2018-08-27,3339.3899999999999,3347.6199999999999,3357.4899999999998,3354.4699999999998,3358.3899999999999,3406.5700000000002,3325.3299999999999,0.0015963711171282924,0.015016948269254895,0.0042281517924536161,0.28155865736783331,True
CSI500,000905.SH,2018-08-27,4859.1300000000001,4876.1700000000001,4895.4799999999996,4894.5699999999997,4908.2799999999997,4960.0699999999997,4852.29,-0.0023397969023392085,0.01461785847595088,0.0014096436940085333,0.096432982733254777,True
CSI1000,000852.SH,2018-08-28,5229.6199999999999,5237.29,5236.8100000000004,5232.9499999999998,5234.5100000000002,5233.5100000000002,5229.3599999999997,0.02212996516905319,0.015441154307023015,4.9719277311233157e-05,0.0032199197237877232,True
CSI300,000300.SH,2018-08-28,3408.1500000000001,3411.6799999999998,3412.25,3406.04,3407.0300000000002,3400.1700000000001,3406.5700000000002,0.024430658009881867,0.016203477205068484,0.00046380963843395406,0.028624080656519415,True
CSI500,000905.SH,2018-08-28,4964.7299999999996,4976.8400000000001,4976.0600000000004,4974.5200000000004,4970.8900000000003,4974.21,4960.0699999999997,0.022212192593600077,0.015579859331167246,0.00093950286991906218,0.060302397470277699,True
CSI1000,000852.SH,2018-08-29,5229.0699999999997,5218.0799999999999,5209.9899999999998,5214.21,5216.3000000000002,5203.7299999999996,5233.5100000000002,0.00079359615708241016,0.015458705172767363,-0.00084837900376621977,-0.054880340512655369,True
CSI300,000300.SH,2018-08-29,3393.0500000000002,3391.7800000000002,3387.2600000000002,3389.4499999999998,3394.5,3386.5700000000002,3400.1700000000001,-0.0018787225860616985,0.01619598768600319,-0.0020940129464114277,-0.12929208066891187,True
CSI500,000905.SH,2018-08-29,4972.0799999999999,4958.8299999999999,4951.2700000000004,4950.7299999999996,4953.1899999999996,4941.96,4974.21,0.0028507662190251359,0.0156097128447856,-0.00042820870047710624,-0.027432195885662859,True
CSI1000,000852.SH,2018-08-30,5193.6899999999996,5202.8699999999999,5179.6599999999999,5187.9899999999998,5156.2799999999997,5114.2799999999997,5203.7299999999996,-0.0056902537685035171,0.015180439162336913,-0.0019293852678751167,-0.12709680182784003,True
CSI300,000300.SH,2018-08-30,3385.8099999999999,3397.5500000000002,3386.7800000000002,3391.71,3376.52,3351.0900000000001,3386.5700000000002,-0.0039998000099994435,0.015609137247885018,-0.00022441585438959244,-0.014377210657174533,True
CSI500,000905.SH,2018-08-30,4937.6499999999996,4945.3100000000004,4925.4799999999996,4929.3699999999999,4898.0799999999999,4867.1199999999999,4941.96,-0.0064834415917301991,0.015302126478652435,-0.00087212361087507517,-0.056993621905540401,True
CSI1000,000852.SH,2018-08-31,5096.5500000000002,5080.4499999999998,5081.21,5075.4399999999996,5066,5057.9799999999996,5114.2799999999997,-0.017189592849744306,0.01474498064230652,-0.0034667636500151922,-0.23511483223438773,True
CSI300,000300.SH,2018-08-31,3333.3800000000001,3329.6500000000001,3327.4499999999998,3323.8899999999999,3320.3899999999999,3334.5,3351.0900000000001,-0.010476676991764577,0.014955942651299145,-0.005284847616745636,-0.35336105118633687,True
CSI500,000905.SH,2018-08-31,4854.96,4846.5799999999999,4838.0500000000002,4827.1000000000004,4821.1199999999999,4814.8199999999997,4867.1199999999999,-0.015143789103918337,0.01492731951866802,-0.0024983974095563743,-0.16737079999070784,True
CSI1000,000852.SH,2018-09-03,5049.7299999999996,5036.1300000000001,5012.1400000000003,4988.9399999999996,4978.4200000000001,5054.1000000000004,5057.9799999999996,-0.011008392188147753,0.014667242375176968,-0.0016310859275837641,-0.11120603899913969,True
CSI300,000300.SH,2018-09-03,3320.6900000000001,3322.04,3314.5500000000002,3306.5500000000002,3300.4299999999998,3321.8200000000002,3334.5,-0.0049506280046194284,0.014528533197133183,-0.004141550457339882,-0.28506322015749713,True
CSI500,000905.SH,2018-09-03,4808.3800000000001,4805.6099999999997,4781.8599999999997,4769.6899999999996,4760.7799999999997,4838.8699999999999,4814.8199999999997,-0.010745574384851908,0.014836298633280552,-0.0013375370211139437,-0.090153012835263474,True
CSI1000,000852.SH,2018-09-04,5047.8100000000004,5049.1199999999999,5081.8299999999999,5064.9200000000001,5070.1700000000001,5113.1400000000003,5054.1000000000004,-0.00076710465442708653,0.01393976001584586,-0.0012445341405986632,-0.089279452385403579,True
CSI300,000300.SH,2018-09-04,3324.1900000000001,3320.77,3337.1199999999999,3326.6399999999999,3324.25,3363.9000000000001,3321.8200000000002,-0.0038026690658269358,0.014242579115923434,0.00071346430571184172,0.050093757591571114,True
CSI500,000905.SH,2018-09-04,4833.8800000000001,4835.1000000000004,4861.7299999999996,4848.6400000000003,4852.3500000000004,4890.2799999999997,4838.8699999999999,0.0049949946207750173,0.014097316098889508,-0.0010312324984964594,-0.07315098074432004,True
CSI1000,000852.SH,2018-09-05,5100.3400000000001,5088.0900000000001,5100.3100000000004,5089.9399999999996,5110.4700000000003,5032.5100000000002,5113.1400000000003,0.011681605033537101,0.012788186497218211,-0.0025033541033494533,-0.19575520765935053,True
CSI300,000300.SH,2018-09-05,3349.6999999999998,3347.5,3347.2199999999998,3340.4200000000001,3349.6399999999999,3298.1399999999999,3363.9000000000001,0.012667754423779654,0.012928638712133254,-0.0042212907636969277,-0.32650697862995703,True
CSI500,000905.SH,2018-09-05,4877.1099999999997,4867.1899999999996,4875.1899999999996,4864.1700000000001,4879.9799999999996,4815.0299999999997,4890.2799999999997,0.010624381312165809,0.012859734154126161,-0.002693097327760352,-0.20942091768640861,True
CSI1000,000852.SH,2018-09-06,5016.8299999999999,5030.3100000000004,5030.6700000000001,5065.8400000000001,5057.0100000000002,5012.5100000000002,5032.5100000000002,-0.015769175105708078,0.012739303859590146,-0.0031157414490979862,-0.24457705722691092,True
CSI300,000300.SH,2018-09-06,3286.6599999999999,3295.02,3289.4200000000001,3311.0599999999999,3292.6199999999999,3262.8800000000001,3298.1399999999999,-0.019548738071880956,0.013187753449095259,-0.0034807497559230516,-0.26393803685811607,True
CSI500,000905.SH,2018-09-06,4800.9399999999996,4812.79,4811.3199999999997,4844.0600000000004,4834.8400000000001,4793.3500000000004,4815.0299999999997,-0.015387666963854851,0.012862419371034594,-0.0029262538343478584,-0.22750415376267458,True
CSI1000,000852.SH,2018-09-07,5018.2299999999996,5039.5100000000002,5065.9499999999998,5081.8199999999997,5069.4200000000001,5022.29,5012.5100000000002,-0.003974160011604555,0.011434291611324143,0.0011411448555711523,0.099800223254845125,True
CSI300,000300.SH,2018-09-07,3273.8899999999999,3285.0799999999999,3303.8899999999999,3312.8200000000002,3299.1300000000001,3277.6399999999999,3262.8800000000001,-0.010690874250334992,0.011959955521711325,0.0033743196194770952,0.28213479668478492,True
CSI500,000905.SH,2018-09-07,4796.8400000000001,4817.4200000000001,4848.3599999999997,4861.8800000000001,4847.4799999999996,4791.7799999999997,4793.3500000000004,-0.0045025680006146596,0.011308860250081942,0.00072809204418611273,0.064382442446473523,True
CSI1000,000852.SH,2018-09-10,5016.79,4992.5799999999999,4985.4799999999996,4982.0900000000001,4963.1300000000001,4923.6400000000003,5022.29,0.0019511183020082257,0.011289810816015452,-0.0010951179641159881,-0.09700055935060313,True
CSI300,000300.SH,2018-09-10,3271.3800000000001,3258.8899999999999,3247.1700000000001,3243.1900000000001,3238.0599999999999,3230.0700000000002,3277.6399999999999,0.0045236110430049159,0.012016253573097555,-0.0019099107894704481,-0.15894394853204738,True
CSI500,000905.SH,2018-09-10,4792.6000000000004,4759.1099999999997,4763.0500000000002,4757.79,4740.0500000000002,4704.8800000000001,4791.7799999999997,-0.00032753710870281338,0.011191843383816019,0.00017112638727168061,0.015290277160162746,True
CSI1000,000852.SH,2018-09-11,4917.0699999999997,4925.8999999999996,4921.2700000000004,4891.6000000000004,4896.0200000000004,4925.3000000000002,4923.6400000000003,-0.019642434029098155,0.011699508475548412,-0.0013343786304442773,-0.11405424708508778,True
CSI300,000300.SH,2018-09-11,3229.71,3232.4099999999999,3239.73,3221.8099999999999,3218.3699999999999,3224.21,3230.0700000000002,-0.014513491414554269,0.01233882893055974,-0.00011145269297574423,-0.009032679973356942,True
CSI500,000905.SH,2018-09-11,4702.8299999999999,4709.4200000000001,4709.3999999999996,4679.4499999999998,4678.9899999999998,4702.8900000000003,4704.8800000000001,-0.018135223236458997,0.011582043767532108,-0.00043571780789308789,-0.037620114086818916,True
CSI1000,000852.SH,2018-09-12,4922.3500000000004,4913.21,4931.1899999999996,4912.3999999999996,4942.7700000000004,4919.8100000000004,4925.3000000000002,0.00033714893859015937,0.011743679373322782,-0.00059894828741391404,-0.051001757487904434,True
CSI300,000300.SH,2018-09-12,3216.9899999999998,3210.5599999999999,3212.5100000000002,3203.71,3213.8099999999999,3202.02,3224.21,-0.0018142021689933063,0.012322317951930641,-0.0022393082336449321,-0.18172784068553277,True
CSI500,000905.SH,2018-09-12,4700.8999999999996,4694.4499999999998,4708.2700000000004,4695.1000000000004,4718.2600000000002,4693.9700000000003,4702.8900000000003,-0.00042296509156447559,0.011602800027857468,-0.00042314406673360505,-0.036469133805432076,True
CSI1000,000852.SH,2018-09-13,4955.79,4956,4940.9200000000001,4950.5699999999997,4924.1599999999999,4958.1700000000001,4919.8100000000004,-0.0011146529145432682,0.011105808536992758,0.0073132905539035065,0.65851041187531645,True
CSI300,000300.SH,2018-09-13,3239.6900000000001,3235.5,3227.2199999999998,3228.5999999999999,3210.1900000000001,3236.5700000000002,3202.02,-0.0068823060532657854,0.011289065054503299,0.011764448691763407,1.0421100981316849,True
CSI500,000905.SH,2018-09-13,4727.4300000000003,4727.3500000000004,4714.1199999999999,4721.8400000000001,4691.9899999999998,4721.21,4693.9700000000003,-0.001896706067970988,0.010847465072129992,0.0071282943862018833,0.65713918770905821,True
CSI1000,000852.SH,2018-09-14,4958.6999999999998,4947.6000000000004,4951.5799999999999,4957.3199999999997,4944.8000000000002,4907.9300000000003,4958.1700000000001,0.0077970490730332465,0.011149100186525941,0.00010689427752574865,0.0095877044548342959,True
CSI300,000300.SH,2018-09-14,3242.8299999999999,3232.3200000000002,3234.8499999999999,3242.8899999999999,3240.1399999999999,3242.0900000000001,3236.5700000000002,0.010790063772243785,0.011576195984456028,0.0019341463339275222,0.16707961203530097,True
CSI500,000905.SH,2018-09-14,4720.7799999999997,4706.2600000000002,4708.1999999999998,4714.5900000000001,4700.9399999999996,4670.0799999999999,4721.21,0.0058031900502133471,0.010883855434599691,-9.1078346440953695e-05,-0.0083682061920279053,True
CSI1000,000852.SH,2018-09-17,4885.2299999999996,4856.6400000000003,4859.6400000000003,4857.1300000000001,4858.9799999999996,4831.5600000000004,4907.9300000000003,-0.010132770760179599,0.010671373849346796,-0.0046251678406172836,-0.43341821830189131,True
CSI300,000300.SH,2018-09-17,3224.9299999999998,3221.0100000000002,3228.1399999999999,3217.2800000000002,3218.98,3204.9200000000001,3242.0900000000001,0.0017055092273610128,0.011092586006226531,-0.0052928820606461535,-0.47715492651354097,True
CSI500,000905.SH,2018-09-17,4649.9499999999998,4629.6099999999997,4634.8599999999997,4628.8199999999997,4631.3400000000001,4602.3900000000003,4670.0799999999999,-0.010829850822140941,0.010465163349441732,-0.0043104186652048737,-0.41188259765050056,True
CSI1000,000852.SH,2018-09-18,4815.7600000000002,4837.5100000000002,4820.3599999999997,4852.0799999999999,4836.6899999999996,4917.3500000000004,4831.5600000000004,-0.015560531629424168,0.011018446771171024,-0.0032701653296244304,-0.2967900465046111,True
CSI300,000300.SH,2018-09-18,3193.6399999999999,3212.3299999999999,3199.1399999999999,3225.7199999999998,3213.1199999999999,3269.4299999999998,3204.9200000000001,-0.011464826701294561,0.011041088449558688,-0.0035195886324775882,-0.3187718899777735,True
CSI500,000905.SH,2018-09-18,4588.2299999999996,4610.5,4593.0799999999999,4624.2700000000004,4607.8599999999997,4683.5100000000002,4602.3900000000003,-0.014494398382897011,0.010702153690658174,-0.0030766623428264417,-0.28748067274646188,True
CSI1000,000852.SH,2018-09-19,4904.2399999999998,4900.3400000000001,4917.0100000000002,4923.8800000000001,4955.2200000000003,4970.0100000000002,4917.3500000000004,0.01775616984990358,0.011523152637408055,-0.0026660701394044528,-0.23136638238649088,True
CSI300,000300.SH,2018-09-19,3262,3265.1399999999999,3274.4200000000001,3279.4899999999998,3308,3312.48,3269.4299999999998,0.020128427542653204,0.011225367128658416,-0.0022725673894226084,-0.20244927077892474,True
CSI500,000905.SH,2018-09-19,4673.9499999999998,4671.3299999999999,4677.3999999999996,4687.8900000000003,4721.5100000000002,4736.8900000000003,4683.5100000000002,0.017625624947038343,0.011145435782148201,-0.0020412041396303815,-0.18314260469741403,True
CSI1000,000852.SH,2018-09-20,4961.6599999999999,4972.7799999999997,4981.6899999999996,4977.8800000000001,4953.21,4951.5799999999999,4970.0100000000002,0.0107090201022908,0.011662681793805417,-0.0016800771024606531,-0.14405581256216893,True
CSI300,000300.SH,2018-09-20,3314.8800000000001,3324.6700000000001,3328.8800000000001,3328.1799999999998,3314.7600000000002,3310.1300000000001,3312.48,0.013167432855268446,0.011581846212527688,0.00072453267642380581,0.062557615006155365,True
CSI500,000905.SH,2018-09-20,4734.4799999999996,4747.75,4755.1899999999996,4753.2399999999998,4736.29,4733.4799999999996,4736.8900000000003,0.011397434829860442,0.011318483234652701,-0.00050877263352133717,-0.044950601858354783,True
CSI1000,000852.SH,2018-09-21,4957.2700000000004,4965.0500000000002,4947.7799999999997,4953.1800000000003,4936.8199999999997,5011.6899999999996,4951.5799999999999,-0.0037082420357303914,0.011544093324367408,0.0011491281570732426,0.099542521425017363,True
CSI300,000300.SH,2018-09-21,3320.6999999999998,3325.4899999999998,3313.1100000000001,3317.6100000000001,3310.5300000000002,3410.4899999999998,3310.1300000000001,-0.00070943824566482849,0.0115531072336753,0.0031932280605293517,0.27639560474446623,True
CSI500,000905.SH,2018-09-21,4743.8100000000004,4750.1999999999998,4735.9200000000001,4740.6999999999998,4726.4499999999998,4805.2200000000003,4733.4799999999996,-0.00071988161008607054,0.011215611416326621,0.0021823267448053407,0.19457938259420407,True
CSI1000,000852.SH,2018-09-25,4980.3000000000002,4982.2299999999996,5000.1400000000003,5000.6099999999997,4996.2200000000003,4995.6899999999996,5011.6899999999996,0.012139559494141139,0.011942931712433186,-0.0062633562730335379,-0.52444043253743744,True
CSI300,000300.SH,2018-09-25,3375.9699999999998,3381.3899999999999,3389.9299999999998,3382.4000000000001,3382.8099999999999,3379.8000000000002,3410.4899999999998,0.030319050913408141,0.013409356300748541,-0.010121712715768116,-0.75482465293304934,True
CSI500,000905.SH,2018-09-25,4774.79,4783.2299999999996,4796.8400000000001,4797.8000000000002,4791.6000000000004,4792.5500000000002,4805.2200000000003,0.015155868409711504,0.011797144662837517,-0.0063326965258615475,-0.53679909052995978,True
CSI1000,000852.SH,2018-09-26,4996.3500000000004,5003.7700000000004,4994.54,5002.7799999999997,5016.21,5017.0600000000004,4995.6899999999996,-0.0031925358511799562,0.010636723415172711,0.0001321138821666068,0.012420543151301037,True
CSI300,000300.SH,2018-09-26,3388.5599999999999,3401.96,3387.48,3396.0500000000002,3420.71,3417.2399999999998,3379.8000000000002,-0.0089987069306755041,0.012428551974045824,0.0025918693413811145,0.20854153780694953,True
CSI500,000905.SH,2018-09-26,4794.0699999999997,4801.5299999999997,4789.71,4797.2399999999998,4811.7600000000002,4815.6300000000001,4792.5500000000002,-0.0026367159047868682,0.010528261723327702,0.00031715892374606369,0.030124528823531015,True
CSI1000,000852.SH,2018-09-27,5012.4499999999998,5006.3100000000004,5009.21,4998.6899999999996,5008.5900000000001,4945.6899999999996,5017.0600000000004,0.004277687366510019,0.010717063027807573,-0.00091886483318925904,-0.085738492981246792,True
CSI300,000300.SH,2018-09-27,3415.9499999999998,3408.71,3406.0300000000002,3401.3000000000002,3416.29,3403.5900000000001,3417.2399999999998,0.011077578554943956,0.012678263506594123,-0.00037749762966599043,-0.029775184075457116,True
CSI500,000905.SH,2018-09-27,4812.6400000000003,4810.2299999999996,4811.71,4801.3199999999997,4809.4700000000003,4755.3800000000001,4815.6300000000001,0.0048158078684625849,0.010581642898751395,-0.00062089487772098995,-0.058676604725930968,True
CSI1000,000852.SH,2018-09-28,4947.7200000000003,4953.6800000000003,4946.8199999999997,4944.9899999999998,4962.5100000000002,4987.2700000000004,4945.6899999999996,-0.014225462721195403,0.011034671544921786,0.00041045839913156357,0.037197156024137271,True
CSI300,000300.SH,2018-09-28,3409.96,3417.1100000000001,3413.5,3410.5799999999999,3423.7600000000002,3438.8699999999999,3403.5900000000001,-0.0039944516627452575,0.012678167510251522,0.0018715532716924166,0.14762017225116209,True
CSI500,000905.SH,2018-09-28,4762.3299999999999,4768.4200000000001,4756.46,4757.7200000000003,4775.0900000000001,4800.7299999999996,4755.3800000000001,-0.012511343271804476,0.010812422949652564,0.0014615025507951351,0.13516882918847506,True
CSI1000,000852.SH,2018-10-08,4906.1000000000004,4892.1700000000001,4915.8999999999996,4893.0200000000004,4879.1700000000001,4817.4300000000003,4987.2700000000004,0.0084073203132426499,0.010718916976566463,-0.016275437263272297,-1.5183844878035173,True
CSI300,000300.SH,2018-10-08,3361.5599999999999,3352.1999999999998,3362.1300000000001,3335.8499999999999,3324.1999999999998,3290.9000000000001,3438.8699999999999,0.010365525812450871,0.012599772744298436,-0.02248122202932934,-1.7842561517232436,True
CSI500,000905.SH,2018-10-08,4722.4200000000001,4713.79,4734.9399999999996,4713.9099999999999,4699.5100000000002,4646.4899999999998,4800.7299999999996,0.0095365670041089867,0.010624118333012677,-0.01631210253440607,-1.5353841159429606,True
CSI1000,000852.SH,2018-10-09,4826.3199999999997,4839.3900000000003,4835.0600000000004,4848.4200000000001,4842.0699999999997,4818.7299999999996,4817.4300000000003,-0.034054703274536968,0.012854631374215135,0.0018453822888966354,0.14355777580664456,True
CSI300,000300.SH,2018-10-09,3290.1700000000001,3298.6399999999999,3294.8099999999999,3300.54,3301.6500000000001,3288.6900000000001,3290.9000000000001,-0.043028669301252931,0.016018129844813257,-0.00022182381719282329,-0.013848296857491817,True
CSI500,000905.SH,2018-10-09,4652.4899999999998,4662.1400000000003,4666,4673.1000000000004,4666.8500000000004,4634.8900000000003,4646.4899999999998,-0.032128447131998583,0.012589492142226821,0.0012912973018341933,0.10256945135245063,True
CSI1000,000852.SH,2018-10-10,4823.3500000000004,4823.4899999999998,4836.4099999999999,4842.46,4812.21,4812.4399999999996,4818.7299999999996,0.00026985342807250845,0.012863458120875653,0.0009587588430979288,0.074533522330359425,True
CSI300,000300.SH,2018-10-10,3295.4299999999998,3295.4200000000001,3312.6599999999999,3314.9499999999998,3289.6599999999999,3281.5999999999999,3288.6900000000001,-0.00067154881643316511,0.015999804357835507,0.0020494482605535325,0.12809208254786353,True
CSI500,000905.SH,2018-10-10,4634.6400000000003,4635.71,4650.4099999999999,4654.96,4625,4629.8999999999996,4634.8900000000003,-0.0024965081168795145,0.012490810800712921,-5.3938712677115142e-05,-0.0043182715307829777,True
CSI1000,000852.SH,2018-10-11,4662.96,4642.3299999999999,4660.3699999999999,4627.54,4633.9700000000003,4456.6000000000004,4812.4399999999996,-0.0013053231868147552,0.012441253775672871,-0.031061166476880619,-2.4966267095697687,True
CSI300,000300.SH,2018-10-11,3179.54,3192.6799999999998,3203.4699999999998,3187.9400000000001,3198.46,3124.1100000000001,3281.5999999999999,-0.0021558736153302061,0.01570424841396996,-0.031100682593856677,-1.9803993017705055,True
CSI500,000905.SH,2018-10-11,4483.2700000000004,4480.1800000000003,4492.29,4458.8699999999999,4467.6400000000003,4307.4200000000001,4629.8999999999996,-0.0010766167050352271,0.012133527605189652,-0.031670230458541004,-2.6101420369287558,True
CSI1000,000852.SH,2018-10-12,4415.29,4395.8999999999996,4412.7799999999997,4368.1400000000003,4326.0100000000002,4427.6800000000003,4456.6000000000004,-0.07394170109133813,0.020061740714259788,-0.0092693981959341976,-0.46204356481118081,True
CSI300,000300.SH,2018-10-12,3123.3699999999999,3115.98,3131.2399999999998,3121.5999999999999,3119.6100000000001,3170.73,3124.1100000000001,-0.047991833252072125,0.018500009121536067,-0.00023686745985262991,-0.012803640165608884,True
CSI500,000905.SH,2018-10-12,4267.3599999999997,4246.8100000000004,4270.1999999999998,4237.0100000000002,4202.0799999999999,4278.04,4307.4200000000001,-0.069651612345838942,0.019160963451131979,-0.0093002307645877469,-0.48537385859051435,True
CSI1000,000852.SH,2018-10-15,4435.0799999999999,4420.0100000000002,4430.1400000000003,4458.2200000000003,4432.6099999999997,4358.8699999999999,4427.6800000000003,-0.0064892518960643075,0.020057177139433849,0.0016713041592888445,0.083326988023800244,True
CSI300,000300.SH,2018-10-15,3173.8499999999999,3160,3160.2600000000002,3177.25,3157.29,3126.4499999999998,3170.73,0.014922649970711577,0.01879048068782363,0.00098400052984648489,0.052366969541344649,True
CSI500,000905.SH,2018-10-15,4283.3599999999997,4268.4099999999999,4279.6000000000004,4308.5100000000002,4278.1000000000004,4199.1499999999996,4278.04,-0.0068207883141184755,0.019162421148351115,0.0012435601350151426,0.064895773106528776,True
CSI1000,000852.SH,2018-10-16,4358.0600000000004,4376.1800000000003,4361.4799999999996,4384.1099999999997,4352.5299999999997,4261.1800000000003,4358.8699999999999,-0.015540870162252141,0.020074219212502815,-0.0001858279783520933,-0.0092570463829723532,True
CSI300,000300.SH,2018-10-16,3128.5799999999999,3142.8800000000001,3134.1599999999999,3159.6999999999998,3142.2600000000002,3100.9699999999998,3126.4499999999998,-0.013965238288974557,0.018945066052828093,0.00068128388427779463,0.03596101921091447,True
CSI500,000905.SH,2018-10-16,4193.3800000000001,4212.5,4194.46,4214.6300000000001,4182.3199999999997,4099.6800000000003,4199.1499999999996,-0.01844068779160557,0.019332831006105246,-0.0013740876129691992,-0.071075343933605317,True
CSI1000,000852.SH,2018-10-17,4311.0500000000002,4309.8299999999999,4295.71,4264.0299999999997,4295.1000000000004,4292.1999999999998,4261.1800000000003,-0.022411771858302676,0.020176315879049805,0.011703331002210549,0.58005292305929701,True
CSI300,000300.SH,2018-10-17,3140.6799999999998,3134.5999999999999,3126.6199999999999,3105.5,3131.4499999999998,3118.25,3100.9699999999998,-0.008149818484223359,0.018779841796288981,0.012805670483751808,0.68188383175210199,True
CSI500,000905.SH,2018-10-17,4147.3500000000004,4144.1199999999999,4135.9399999999996,4107.2299999999996,4136.9700000000003,4133.3800000000001,4099.6800000000003,-0.023688127359108191,0.019548955123389739,0.011627736798969668,0.59480093568056891,True
CSI1000,000852.SH,2018-10-18,4260.0100000000002,4212.5699999999997,4201.5900000000001,4180.6899999999996,4220.21,4149.4399999999996,4292.1999999999998,0.0072796737054054983,0.020367989615716023,-0.0074996505288662529,-0.36820769601529513,True
CSI300,000300.SH,2018-10-18,3097.79,3076.1599999999999,3084.27,3074.48,3091.79,3044.3899999999999,3118.25,0.0055724499108344983,0.018853436209283755,-0.0065613725647398757,-0.34801998383238719,True
CSI500,000905.SH,2018-10-18,4104.3299999999999,4063.3200000000002,4059.5100000000002,4047.1500000000001,4086.9499999999998,4018.46,4133.3800000000001,0.0082201537680990366,0.019788482323172044,-0.007028146456411033,-0.35516349064228986,True
CSI1000,000852.SH,2018-10-19,4080.1199999999999,4082.73,4125.0900000000001,4123.4799999999996,4152.8400000000001,4241.2299999999996,4149.4399999999996,-0.03326033269651929,0.021160929946568114,-0.016705868743734031,-0.78946760779969383,True
CSI300,000300.SH,2018-10-19,3017.75,3024.1399999999999,3039.3200000000002,3030.5,3053.4499999999998,3134.9499999999998,3044.3899999999999,-0.023686362543093087,0.019470350179417128,-0.0087505214509310258,-0.44942804676320336,True
CSI500,000905.SH,2018-10-19,3958.4499999999998,3978.3499999999999,4004.6700000000001,3998.5500000000002,4027.6799999999998,4127.9899999999998,4018.46,-0.02780291190260753,0.020329572786901992,-0.014933581521279327,-0.73457429124633578,True
CSI1000,000852.SH,2018-10-22,4279.7600000000002,4305.7399999999998,4337.7799999999997,4378.1400000000003,4390.3199999999997,4452.7399999999998,4241.2299999999996,0.022121057299298252,0.021960271231230177,0.0090846287515651269,0.41368472437834375,True
CSI300,000300.SH,2018-10-22,3159.5599999999999,3188.79,3211.6199999999999,3231.2800000000002,3238.8200000000002,3270.27,3134.9499999999998,0.029746517364726666,0.020573250825443732,0.0078502049474473701,0.38157338449102651,True
CSI500,000905.SH,2018-10-22,4165.7600000000002,4193.21,4232.0500000000002,4270.0500000000002,4282.2299999999996,4333.1400000000003,4127.9899999999998,0.027256710282048235,0.021596996561738382,0.0091497314673727459,0.42365758781397272,True
CSI1000,000852.SH,2018-10-23,4448.9099999999999,4427.5100000000002,4449.5299999999997,4435.5,4434.1000000000004,4379.0500000000002,4452.7399999999998,0.049869966967129864,0.025414833121796501,-0.00086014454021565712,-0.033844193904148522,True
CSI300,000300.SH,2018-10-23,3273.1300000000001,3260.1399999999999,3264.0599999999999,3249.5700000000002,3238.0700000000002,3183.4299999999998,3270.27,0.043164962758576841,0.022862956427103343,0.00087454552682197928,0.038251637735933049,True
CSI500,000905.SH,2018-10-23,4336.4499999999998,4310.0900000000001,4326.3999999999996,4315.8999999999996,4310.8000000000002,4253.5600000000004,4333.1400000000003,0.049697310313251863,0.024935800788218068,0.00076388023465656651,0.030633876214534596,True
CSI1000,000852.SH,2018-10-24,4358.8699999999999,4387.4899999999998,4362.5100000000002,4352.4399999999996,4365.8299999999999,4377.5500000000002,4379.0500000000002,-0.016549360618405617,0.025438345352513301,-0.0046083054543794022,-0.18115586491650892,True
CSI300,000300.SH,2018-10-24,3169.46,3197.9299999999998,3184.4699999999998,3175.6599999999999,3182.4499999999998,3188.1999999999998,3183.4299999999998,-0.026554382359866402,0.023524324429779923,-0.0043883484166449271,-0.18654514095587066,True
CSI500,000905.SH,2018-10-24,4233.8400000000001,4264.3900000000003,4241.5799999999999,4221.1499999999996,4233.2399999999998,4245.4899999999998,4253.5600000000004,-0.018365434765551081,0.025040938253667894,-0.0046361165705903762,-0.18514148805551631,True
CSI1000,000852.SH,2018-10-25,4245.3000000000002,4230.4300000000003,4262.25,4273.04,4273.7600000000002,4345.3299999999999,4377.5500000000002,-0.00034254004864064935,0.024918077547714447,-0.030210962753138171,-1.2124114589212842,True
CSI300,000300.SH,2018-10-25,3107.8400000000001,3106.7600000000002,3124.3400000000001,3134.9899999999998,3141.1100000000001,3194.3099999999999,3188.1999999999998,0.0014983838187112575,0.023046331646349848,-0.025205445078727684,-1.0936857746174022,True
CSI500,000905.SH,2018-10-25,4124.1899999999996,4110.6999999999998,4138.1800000000003,4149.9899999999998,4150.1899999999996,4234.4200000000001,4245.4899999999998,-0.0018972343166666628,0.024544268678926034,-0.028571495869734731,-1.1640801461021537,True
CSI1000,000852.SH,2018-10-26,4374.46,4386.6099999999997,4393.5699999999997,4404.6599999999999,4378.5,4359.4700000000003,4345.3299999999999,-0.007360281435963123,0.024625402539841738,0.0067037486220840048,0.27222899651032822,True
CSI300,000300.SH,2018-10-26,3204.2800000000002,3196.6799999999998,3193.54,3211.6999999999998,3182.0100000000002,3173.6399999999999,3194.3099999999999,0.0019164418794304083,0.022818406852285707,0.0031211748390107541,0.1367832057345453,True
CSI500,000905.SH,2018-10-26,4260.9099999999999,4266.0799999999999,4276.5299999999997,4284.75,4255.3900000000003,4233.96,4234.4200000000001,-0.0026074728712115469,0.024261760717608383,0.0062558744763154817,0.25784915403007724,True
CSI1000,000852.SH,2018-10-29,4341.9099999999999,4332.5699999999997,4328.9799999999996,4328.9200000000001,4328.29,4296.6999999999998,4359.4700000000003,0.0032540681605310873,0.024714519867615168,-0.004028012579510909,-0.16298162380200804,True
CSI300,000300.SH,2018-10-29,3157.4899999999998,3150.7199999999998,3126.5700000000002,3115.9099999999999,3105.2800000000002,3076.8899999999999,3173.6399999999999,-0.0064708810353409918,0.022843376319054861,-0.0050887939400814375,-0.22276890548078074,True
CSI500,000905.SH,2018-10-29,4220.6300000000001,4220.1800000000003,4208.96,4208.8199999999997,4203.4499999999998,4162.5299999999997,4233.96,-0.00010863353186507663,0.024268228756709281,-0.0031483528422564522,-0.12973146387480164,True
CSI1000,000852.SH,2018-10-30,4284.3599999999997,4291.1599999999999,4242.4200000000001,4248.9099999999999,4271.1499999999996,4336.6499999999996,4296.6999999999998,-0.014398539271975874,0.024396743776144675,-0.0028719715130216539,-0.11771946040724869,True
CSI300,000300.SH,2018-10-30,3061.9299999999998,3071.54,3054.6300000000001,3069.1399999999999,3083.96,3110.2600000000002,3076.8899999999999,-0.030485499300487717,0.02237756077910856,-0.0048620522670619337,-0.2172735587696891,True
CSI500,000905.SH,2018-10-30,4145.3999999999996,4157.9799999999996,4107.46,4117.7799999999997,4142.7299999999996,4204.54,4162.5299999999997,-0.016870730946915047,0.023902858830315933,-0.0041152856555989326,-0.17216709033898181,True
CSI1000,000852.SH,2018-10-31,4342.1099999999997,4345.1899999999996,4355.2799999999997,4381.7399999999998,4387.7799999999997,4400.6099999999997,4336.6499999999996,0.0092978332208437653,0.02466792840592057,0.0012590363529452198,0.051039403561874995,True
CSI300,000300.SH,2018-10-31,3116.6599999999999,3118.4499999999998,3119.0599999999999,3130.9899999999998,3136.8200000000002,3153.8200000000002,3110.2600000000002,0.010845366587690863,0.022624574849689209,0.002057705786654429,0.090950031119930441,True
CSI500,000905.SH,2018-10-31,4207.7600000000002,4210.1700000000001,4222.3800000000001,4242.7600000000002,4254.6300000000001,4272.5500000000002,4204.54,0.010092419754332171,0.024189507223046823,0.00076583883135850073,0.031659960010629699,True
CSI1000,000852.SH,2018-11-01,4428.8599999999997,4431.3299999999999,4439.3299999999999,4448.0299999999997,,4428.7399999999998,4400.6099999999997,0.014748711563072892,0.025022976023056923,0.0064195645603677409,0.2565468054020657,False
CSI300,000300.SH,2018-11-01,3185.1999999999998,3186.5,3200.6700000000001,3211.3800000000001,,3177.0300000000002,3153.8200000000002,0.01400526001041702,0.022735795273506575,0.0099498386084175827,0.43762879145960065,False
CSI500,000905.SH,2018-11-01,4299.46,4311.9799999999996,4319.8400000000001,4328.1300000000001,,4298.9799999999996,4272.5500000000002,0.016175372335618166,0.0245928241860776,0.0062983464207557738,0.25610504808639956,False
CSI1000,000852.SH,2018-11-02,4490.6300000000001,4494.1300000000001,4494.0200000000004,4489.3999999999996,4510.1999999999998,4564.1800000000003,4428.7399999999998,0.0063922956135626929,0.02510089413283538,0.013974629352818235,0.55673830895679211,True
CSI300,000300.SH,2018-11-02,3258.6100000000001,3250.79,3236.4200000000001,3224.4099999999999,3244.27,3290.25,3177.0300000000002,0.0073593293212674826,0.022870868866813172,0.025678070399083319,1.1227413592643847,True
CSI500,000905.SH,2018-11-02,4366.7299999999996,4387.2399999999998,4382.8800000000001,4367.8400000000001,4382.5900000000001,4437.9499999999998,4298.9799999999996,0.006186001334097746,0.024674490181894795,0.015759552265886434,0.63869819192658317,True
CSI1000,000852.SH,2018-11-05,4557.9200000000001,4559.1499999999996,4575.7600000000002,4597.2299999999996,4612.2299999999996,4598.1999999999998,4564.1800000000003,0.030582061715070274,0.026199321473889085,-0.0013715497635939933,-0.052350583390524633,True
CSI300,000300.SH,2018-11-05,3269.4699999999998,3264.1500000000001,3261,3267.0100000000002,3270.3299999999999,3262.8400000000001,3290.25,0.035637057251584059,0.024311810906634673,-0.0063156295114353833,-0.25977618597353658,True
CSI500,000905.SH,2018-11-05,4427.6300000000001,4419.2600000000002,4427.8500000000004,4444.6199999999999,4455.8800000000001,4440.8299999999999,4437.9499999999998,0.032326272743767204,0.02586592685010496,-0.0023253979878096187,-0.089901978045692291,True
CSI1000,000852.SH,2018-11-06,4585.5799999999999,4565.3400000000001,4568.1800000000003,4554.3199999999997,4556.6499999999996,4603.1099999999997,4598.1999999999998,0.0074536937631730638,0.025330523569417531,-0.0027445522160844948,-0.10834960471950501,True
CSI300,000300.SH,2018-11-06,3254.98,3244.4499999999998,3248.1300000000001,3235.8499999999999,3226.8499999999999,3243.1500000000001,3262.8400000000001,-0.0083306739609452229,0.022385984202912733,-0.0024089443552243184,-0.10760949053608644,True
CSI500,000905.SH,2018-11-06,4427.3599999999997,4407.8699999999999,4411.3400000000001,4398.1300000000001,4399.5900000000001,4438.1000000000004,4440.8299999999999,0.00064894827566774893,0.024986674145870337,-0.0030332167635329643,-0.12139337735887823,True
CSI1000,000852.SH,2018-11-07,4604.8699999999999,4604.9099999999999,4621.8299999999999,4629.1599999999999,4612.5900000000001,4592.8400000000001,4603.1099999999997,0.0010678091427078762,0.025334942415077766,0.00038235019367349743,0.01509181222555085,True
CSI300,000300.SH,2018-11-07,3243.8800000000001,3237.9099999999999,3239.48,3245.1199999999999,3237.77,3221.9099999999999,3243.1500000000001,-0.0060346201468659544,0.022424148680933304,0.00022508980466517947,0.010037830549017352,True
CSI500,000905.SH,2018-11-07,4437.7200000000003,4433.5299999999997,4451.3900000000003,4457.5,4438.7799999999997,4415.1400000000003,4438.1000000000004,-0.00061474994539301164,0.0249880951170116,-8.5622225727277623e-05,-0.0034265207222213198,True
CSI1000,000852.SH,2018-11-08,4617.9099999999999,4610.6199999999999,4601,4592.54,4604.6099999999997,4572.3800000000001,4592.8400000000001,-0.0022311002778555578,0.025334497041776413,0.0054584962681041294,0.21545706074618753,True
CSI300,000300.SH,2018-11-08,3251.73,3242.5599999999999,3236.96,3225.6500000000001,3235.8600000000001,3212.77,3221.9099999999999,-0.006549188289163399,0.022463142440947416,0.0092553795729861665,0.41202514729705858,True
CSI500,000905.SH,2018-11-08,4442.6599999999999,4430.7700000000004,4421,4406.3599999999997,4418.1599999999999,4382.3299999999999,4415.1400000000003,-0.0051733850070976306,0.024998063727296745,0.0062330979312092971,0.24934322910790241,True
CSI1000,000852.SH,2018-11-09,4553.21,4556.9399999999996,4568.71,4584.6599999999999,4579.9200000000001,4561.21,4572.3800000000001,-0.0044547600177667901,0.018900125770061182,-0.0041925649224255901,-0.22182735572409995,True
CSI300,000300.SH,2018-11-09,3193.3000000000002,3186.5300000000002,3185.1700000000001,3186.5500000000002,3184.5,3167.4400000000001,3212.77,-0.0028368266028535594,0.019535838568481737,-0.0060601910500907019,-0.31020890292715397,True
CSI500,000905.SH,2018-11-09,4363.21,4366.1499999999996,4374.6700000000001,4379.8900000000003,4377.4700000000003,4368.6099999999997,4382.3299999999999,-0.0074312479332480086,0.019387055671924423,-0.0043629758598735524,-0.22504582096970216,True
CSI1000,000852.SH,2018-11-12,4560.8599999999997,4578.8900000000003,4583.3999999999996,4591.0900000000001,4612.5299999999997,4697.3500000000004,4561.21,-0.002442929065388233,0.018832186042214955,-7.673402452423872e-05,-0.0040746212018205833,True
CSI300,000300.SH,2018-11-12,3160.25,3171.4299999999998,3164.8600000000001,3164.7399999999998,3173.04,3205.1399999999999,3167.4400000000001,-0.014109319994895397,0.019570830575809078,-0.0022699719647412131,-0.11598751294424152,True
CSI500,000905.SH,2018-11-12,4360.6300000000001,4377.3999999999996,4377.1400000000003,4389.1099999999997,4405.5100000000002,4481.6899999999996,4368.6099999999997,-0.0031307546442189693,0.019325780069472494,-0.0018266679790596152,-0.094519754053553964,True
CSI1000,000852.SH,2018-11-13,4648.5600000000004,4665.5900000000001,4705.3800000000001,4727.5500000000002,4747.4799999999996,4790.4499999999998,4697.3500000000004,0.029847343139211002,0.019377950103750544,-0.010386707398852502,-0.53600650962777463,True
CSI300,000300.SH,2018-11-13,3164.9200000000001,3174.1300000000001,3181.2600000000002,3191.4000000000001,3202.5799999999999,3237.3800000000001,3205.1399999999999,0.011902356477154985,0.019444735104208421,-0.012548593821174681,-0.64534660687965817,True
CSI500,000905.SH,2018-11-13,4430.9499999999998,4446.1300000000001,4474.4300000000003,4493.1899999999996,4514.6000000000004,4563.54,4481.6899999999996,0.025884663542866004,0.019492883371270069,-0.011321621977423701,-0.58080796779968802,True
CSI1000,000852.SH,2018-11-14,4784.8599999999997,4803.3500000000004,4786.4899999999998,4784.2299999999996,4788.96,4791.2299999999996,4790.4499999999998,0.019819685567394218,0.018644304075499721,-0.0011669049880491666,-0.062587747084783055,True
CSI300,000300.SH,2018-11-14,3233.6399999999999,3233.1100000000001,3228.5700000000002,3221.9400000000001,3217.75,3204.9400000000001,3237.3800000000001,0.010058842983457827,0.019399204156034879,-0.0011552551754814289,-0.059551678831218528,True
CSI500,000905.SH,2018-11-14,4551.8000000000002,4568.1999999999998,4552.6199999999999,4552.1499999999996,4553.4399999999996,4545.5100000000002,4563.54,0.018263199819710918,0.018659392558744662,-0.0025725642812377547,-0.13786966929060782,True
CSI1000,000852.SH,2018-11-15,4790.3299999999999,4804.8900000000003,4815.7299999999996,4806.1599999999999,4831.6899999999996,4871.0900000000001,4791.2299999999996,0.00016282395182076748,0.018687158776569606,-0.00018784320518938635,-0.010051993854994614,True
CSI300,000300.SH,2018-11-15,3201.2800000000002,3210.5599999999999,3213.8899999999999,3204.1700000000001,3225.1900000000001,3242.3699999999999,3204.9400000000001,-0.010020448634389556,0.019574679174290146,-0.0011419870574799207,-0.05834001402075769,True
CSI500,000905.SH,2018-11-15,4540.8800000000001,4558.0699999999997,4569.3100000000004,4560.8000000000002,4588.7200000000003,4619.8100000000004,4545.5100000000002,-0.0039508802377101748,0.018765463626552788,-0.0010185875732315886,-0.05427990448316479,True
CSI1000,000852.SH,2018-11-16,4880.8699999999999,4880.3299999999999,4871.1800000000003,4891.9399999999996,4873.5299999999997,4923.9899999999998,4871.0900000000001,0.016667953740480135,0.016407386642944048,0.0020077641759852494,0.12236952902238596,True
CSI300,000300.SH,2018-11-16,3242.8800000000001,3241.4400000000001,3233.6300000000001,3240.4099999999999,3226.52,3257.6700000000001,3242.3699999999999,0.01167884578182421,0.01875489928130181,0.000157292350965621,0.0083867339731564291,True
CSI500,000905.SH,2018-11-16,4625,4624.75,4619.1899999999996,4635.1400000000003,4613.4399999999996,4659.1000000000004,4619.8100000000004,0.016345800581232917,0.017247777765183967,0.0011234228247480882,0.065134351801297438,True
CSI1000,000852.SH,2018-11-19,4924.29,4938.0500000000002,4919.3000000000002,4918.4700000000003,4906.1300000000001,4942.4899999999998,4923.9899999999998,0.01085999232204693,0.016093848132585947,6.0926200093902594e-05,0.0037856825534809506,True
CSI300,000300.SH,2018-11-19,3258.79,3268.2800000000002,3270.9299999999998,3277.02,3278.52,3294.5999999999999,3257.6700000000001,0.0047187705289650772,0.017704458101758622,0.0003438040071583881,0.019419064123981141,True
CSI500,000905.SH,2018-11-19,4660.4799999999996,4672.9700000000003,4645.0900000000001,4647.46,4635.1199999999999,4670.7399999999998,4659.1000000000004,0.0085046787638451971,0.016593738297257951,0.00029619454401053069,0.017849777952655532,True
CSI1000,000852.SH,2018-11-20,4899.3199999999997,4893.3500000000004,4903.8900000000003,4904.0299999999997,4905.0299999999997,4811.8800000000001,4942.4899999999998,0.0037571156724525157,0.012657540747250734,-0.0087344638026581878,-0.69006009753951192,True
CSI300,000300.SH,2018-11-20,3268.0799999999999,3264.6199999999999,3267.3800000000001,3254.6700000000001,3247.7800000000002,3218.4099999999999,3294.5999999999999,0.011336323200324072,0.015047127295081225,-0.00804953560371513,-0.53495497485067822,True
CSI500,000905.SH,2018-11-20,4629.1300000000001,4628.1400000000003,4632.8400000000001,4621.9099999999999,4613,4537.4499999999998,4670.7399999999998,0.0024983365886113162,0.013062336321276914,-0.0089086525903817604,-0.68201065806816485,True
CSI1000,000852.SH,2018-11-21,4754.2299999999996,4769.3100000000004,4792.5500000000002,4804.6199999999999,4771.1700000000001,4847.04,4811.8800000000001,-0.026425951291757732,0.013704489738227658,-0.011980764275085987,-0.87422184290937388,True
CSI300,000300.SH,2018-11-21,3187.0999999999999,3200.46,3212.1399999999999,3220.52,3208.0100000000002,3226.4899999999998,3218.4099999999999,-0.023125720876585931,0.014739315760317043,-0.0097284062627197576,-0.66003106391897393,True
CSI500,000905.SH,2018-11-21,4483.3800000000001,4498.5,4513.4399999999996,4526.1700000000001,4493.04,4554.6700000000001,4537.4499999999998,-0.028537233928670802,0.01412700546549704,-0.011916384753550946,-0.84351809607880579,True
CSI1000,000852.SH,2018-11-22,4858.4799999999996,4863.6199999999999,4856.7299999999996,4854.5600000000004,4853.4300000000003,4850.1300000000001,4847.04,0.007306915384423629,0.013659709596353551,0.0023602033405953904,0.17278576268015572,True
CSI300,000300.SH,2018-11-22,3232.9699999999998,3226.4899999999998,3218.4899999999998,3212.73,3210,3214.4299999999998,3226.4899999999998,0.0025105564548955073,0.014744120096103841,0.0020083744254593139,0.13621527852245521,True
CSI500,000905.SH,2018-11-22,4562.6400000000003,4566.6700000000001,4560.8999999999996,4557.96,4552.0799999999999,4551.3299999999999,4554.6700000000001,0.0037950831414121922,0.014073385980788722,0.0017498523493468809,0.12433769326980493,True
CSI1000,000852.SH,2018-11-23,4840.9399999999996,4815.1099999999997,4798.4700000000003,4766.2299999999996,4750.9200000000001,4642.1199999999999,4850.1300000000001,0.00063750247573790553,0.013387148847473808,-0.0018947945725167337,-0.14153832112461248,True
CSI300,000300.SH,2018-11-23,3208.5900000000001,3201.2199999999998,3200.4299999999998,3194.3200000000002,3182.0300000000002,3143.48,3214.4299999999998,-0.0037378079584935442,0.014773752915290756,-0.0018168073344262403,-0.12297534315372598,True
CSI500,000905.SH,2018-11-23,4542.1099999999997,4521.8100000000004,4507.1000000000004,4479.3500000000004,4467.9499999999998,4374.7600000000002,4551.3299999999999,-0.00073331328065484591,0.01403596416453618,-0.0020257814748656511,-0.14432791727867691,True
CSI1000,000852.SH,2018-11-26,4631.4200000000001,4640.3699999999999,4656.4399999999996,4677.3999999999996,4657.5299999999997,4633.7299999999996,4642.1199999999999,-0.042887510231684578,0.017234806516828276,-0.0023049813447303391,-0.1337399025907095,True
CSI300,000300.SH,2018-11-26,3148.6700000000001,3148.71,3152.1700000000001,3159.4899999999998,3162.3800000000001,3141.2399999999998,3143.48,-0.022072342530401912,0.015548205783796116,0.0016510364309618719,0.10618822865610215,True
CSI500,000905.SH,2018-11-26,4371.4200000000001,4374.3999999999996,4389.5600000000004,4407.29,4390.0299999999997,4367.46,4374.7600000000002,-0.038795253255641704,0.016952445446025449,-0.00076347045323632567,-0.045036007086241565,True
CSI1000,000852.SH,2018-11-27,4662.3299999999999,4673.6099999999997,4667.7299999999996,4672.1099999999997,4684.4700000000003,4671.6400000000003,4633.7299999999996,-0.0018073638768494327,0.016778673089080754,0.0061721334648330295,0.36785587466089548,True
CSI300,000300.SH,2018-11-27,3152.77,3145.8200000000002,3146.3699999999999,3145.8699999999999,3156.5599999999999,3137.2399999999998,3141.2399999999998,-0.00071258605112811679,0.013844232580339412,0.0036705250155990576,0.26513026231671916,True
CSI500,000905.SH,2018-11-27,4393.29,4394.8699999999999,4392.5,4395.1999999999998,4405.3500000000004,4387.6499999999996,4367.46,-0.0016686629666542441,0.016404409887380053,0.005914192688656561,0.36052456194759935,True
CSI1000,000852.SH,2018-11-28,4669.6599999999999,4674.8000000000002,4652.1700000000001,4626.4799999999996,4651.2200000000003,4728.5799999999999,4671.6400000000003,0.00818131397383981,0.016761678681526039,-0.0004238340283070352,-0.025285893874947372,True
CSI300,000300.SH,2018-11-28,3137.75,3144.1799999999998,3136.7600000000002,3136.5799999999999,3150.02,3178.9299999999998,3137.2399999999998,-0.0012733824858972564,0.013660439097651439,0.00016256327217556432,0.011900296250617075,True
CSI500,000905.SH,2018-11-28,4389.8299999999999,4392.1499999999996,4369.7600000000002,4350.3199999999997,4374.1499999999996,4441.8599999999997,4387.6499999999996,0.0046228242502506234,0.016317135264646915,0.00049684911057168435,0.03044953066290804,True
CSI1000,000852.SH,2018-11-29,4746.6300000000001,4753.8699999999999,4741.5699999999997,4754.0299999999997,4731.3599999999997,4617.3500000000004,4728.5799999999999,0.012188439177676313,0.016683751625198782,0.0038172136243861399,0.22879827691876581,True
CSI300,000300.SH,2018-11-29,3198.8299999999999,3203.46,3191.4699999999998,3195.3800000000001,3182.0599999999999,3137.6500000000001,3178.9299999999998,0.013288750621565537,0.013624103511003502,0.0062599679766461858,0.45947742334681507,True
CSI500,000905.SH,2018-11-29,4462.79,4469.9899999999998,4454.6599999999999,4464.0900000000001,4442.0799999999999,4345.6999999999998,4441.8599999999997,0.01235513315784087,0.016167347818757873,0.0047119900221979094,0.29145102060159234,True
CSI1000,000852.SH,2018-11-30,4604.2700000000004,4615.7799999999997,4606.8900000000003,4619.8800000000001,4593.75,4648.1800000000003,4617.3500000000004,-0.023522918085344791,0.017740404192225813,-0.0028327937020151683,-0.15968033599012096,True
CSI300,000300.SH,2018-11-30,3136.1999999999998,3138.7199999999998,3147.25,3150.6999999999998,3146.98,3172.6900000000001,3137.6500000000001,-0.012985501410851974,0.013841557457835748,-0.00046212930059130741,-0.033387088266551582,True
CSI500,000905.SH,2018-11-30,4334.04,4340.3599999999997,4332.5200000000004,4346.1300000000001,4329.3100000000004,4376.6499999999996,4345.6999999999998,-0.021648588654302414,0.016972359419484991,-0.0026831120417883936,-0.15808715662172854,True
CSI1000,000852.SH,2018-12-03,4762.96,4745.0299999999997,4743.1499999999996,4779.1300000000001,4796.8999999999996,4802.29,4648.1800000000003,0.0066769900484042743,0.016491566158523489,0.024693535964614099,1.4973432921561249,True
CSI300,000300.SH,2018-12-03,3260.6900000000001,3240.9099999999999,3229.96,3252.98,3270.1199999999999,3260.9499999999998,3172.6900000000001,0.011167593581183466,0.011329714558403255,0.027736715531615053,2.448138952542517,True
CSI500,000905.SH,2018-12-03,4483.6599999999999,4472.79,4461.2200000000003,4497.8800000000001,4518.5900000000001,4515.1700000000001,4376.6499999999996,0.0071219826495154681,0.015357682509360432,0.024450207350370734,1.5920505802531373,True
CSI1000,000852.SH,2018-12-04,4793.3199999999997,4796.9899999999998,4821.7600000000002,4816.5900000000001,4817.8699999999999,4846.1700000000001,4802.29,0.033154912245222823,0.017953926924859625,-0.0018678588756614323,-0.10403623026197854,True
CSI300,000300.SH,2018-12-04,3256.23,3251.5100000000002,3261.6399999999999,3260.54,3256.8800000000001,3267.71,3260.9499999999998,0.027818664918413116,0.01298785870400964,-0.0014474309633695226,-0.11144492686255268,True
CSI500,000905.SH,2018-12-04,4506.25,4504.9099999999999,4525.2700000000004,4517.8100000000004,4516.9200000000001,4536.21,4515.1700000000001,0.031649777798087753,0.016968453893780627,-0.0019755623819258661,-0.11642559742287188,True
CSI1000,000852.SH,2018-12-05,4750.5500000000002,4754.9399999999996,4782,4790.0699999999997,4811.5,4816.9899999999998,4846.1700000000001,0.0091373074095899565,0.01801469007212125,-0.01973104534095993,-1.0952753148662178,True
CSI300,000300.SH,2018-12-05,3224.2600000000002,3233.9699999999998,3244.9000000000001,3248.4899999999998,3256.4099999999999,3252,3267.71,0.002073015532283673,0.012914230599385779,-0.013296773581498944,-1.0296218175112468,True
CSI500,000905.SH,2018-12-05,4456.1999999999998,4464.5299999999997,4484.8800000000001,4490.2600000000002,4501.6099999999997,4502.6999999999998,4536.21,0.0046598466945872996,0.016983544753349299,-0.017638072311467079,-1.0385389250373485,True
CSI1000,000852.SH,2018-12-06,4796.4099999999999,4785.75,4804.9200000000001,4810.46,4785.4300000000003,4730.9099999999999,4816.9899999999998,-0.0060212497704373869,0.01808942038683068,-0.0042723775635822303,-0.23618100924298124,True
CSI300,000300.SH,2018-12-06,3218.1100000000001,3217.1799999999998,3219.6300000000001,3218.3099999999999,3205.3000000000002,3181.6700000000001,3252,-0.004807648169513179,0.012870303483294609,-0.010421279212792123,-0.80971511093881587,True
CSI500,000905.SH,2018-12-06,4476.8100000000004,4460.21,4475.2399999999998,4477.3900000000003,4456.6499999999996,4411.0900000000001,4502.6999999999998,-0.0073872241364487667,0.017034624645314012,-0.0057498834032911894,-0.33754095103427489,True
CSI1000,000852.SH,2018-12-07,4738.1700000000001,4742.2399999999998,4728.6700000000001,4733.4700000000003,4721.6099999999997,4731.8999999999996,4730.9099999999999,-0.017870080693545121,0.018603917851581019,0.0015345884829769396,0.082487382239570875,True
CSI300,000300.SH,2018-12-07,3187.4899999999998,3189.1300000000001,3183.71,3188.4899999999998,3183.1300000000001,3181.5599999999999,3181.6700000000001,-0.021626691266912634,0.013783459495803944,0.0018292280469061062,0.13271182372342533,True
CSI500,000905.SH,2018-12-07,4419.6099999999997,4422.8000000000002,4409.4200000000001,4416.4799999999996,4407.8100000000004,4410.96,4411.0900000000001,-0.020345570435516436,0.017610884266968687,0.0019314953900282372,0.10967622981038988,True
CSI1000,000852.SH,2018-12-10,4698.5500000000002,4710.4099999999999,4708.8599999999997,4704.7799999999997,4681.0799999999999,4676.6199999999999,4731.8999999999996,0.00020926206586047158,0.018580987785709636,-0.0070479088738137907,-0.37930754570724345,True
CSI300,000300.SH,2018-12-10,3153.52,3165.6999999999998,3168.2600000000002,3160.6500000000001,3145.5,3144.7600000000002,3181.5599999999999,-3.4573038687257807e-05,0.01340042953140053,-0.0088132865638240743,-0.65768687064637432,True
CSI500,000905.SH,2018-12-10,4381.3800000000001,4392.0600000000004,4393.2600000000002,4389.04,4367.1800000000003,4359.3100000000004,4410.96,-2.947117379148434e-05,0.017591105082873031,-0.0067060231786277846,-0.38121670850325778,True
CSI1000,000852.SH,2018-12-11,4691.5900000000001,4699.0100000000002,4701.71,4709.04,4703.6400000000003,4720.4700000000003,4676.6199999999999,-0.011682410870897497,0.01760025101455227,0.0032010298035760609,0.1818740994619554,True
CSI300,000300.SH,2018-12-11,3148.23,3153.8099999999999,3151.9699999999998,3155.98,3153.1100000000001,3159.8200000000002,3144.7600000000002,-0.011566652836973002,0.013359188203356853,0.0011034228367188259,0.082596548526920333,True
CSI500,000905.SH,2018-12-11,4373.0299999999997,4377.5,4379.4399999999996,4387.8100000000004,4383.8500000000004,4395.5699999999997,4359.3100000000004,-0.011709469140504525,0.016738405872371888,0.003147287070660143,0.18802788596822106,True
CSI1000,000852.SH,2018-12-12,4733.0699999999997,4733.1899999999996,4738.5299999999997,4728.8000000000002,4721.8599999999997,4718.8199999999997,4720.4700000000003,0.0093764299857590494,0.017127586917222912,0.0026692257338780667,0.15584365426246852,True
CSI300,000300.SH,2018-12-12,3181.5700000000002,3174.1700000000001,3180.3600000000001,3173.3899999999999,3167.1900000000001,3170.6100000000001,3159.8200000000002,0.0047889187092178265,0.013183186672982711,0.0068833034793120973,0.52212743777789061,True
CSI500,000905.SH,2018-12-12,4408.9099999999999,4409.2299999999996,4413.71,4404.3400000000001,4396.1400000000003,4393.3199999999997,4395.5699999999997,0.0083178301153161716,0.01626936775364413,0.0030348737478871346,0.18653913254910362,True
CSI1000,000852.SH,2018-12-13,4727.46,4722.4099999999999,4713.79,4713.5100000000002,4757.3500000000004,4763.7200000000003,4718.8199999999997,-0.00034954146515087103,0.017126776878079113,0.0018309662161304363,0.10690664268966596,True
CSI300,000300.SH,2018-12-13,3178.8899999999999,3177.1900000000001,3176.77,3185.3400000000001,3219.71,3219.6900000000001,3170.6100000000001,0.0034147514731852624,0.013047881394606968,0.0026114848562264203,0.20014627488151568,True
CSI500,000905.SH,2018-12-13,4405.0900000000001,4398.6000000000004,4393.1000000000004,4393.7299999999996,4445.0900000000001,4443.1599999999999,4393.3199999999997,-0.00051187900545324183,0.01626301807183788,0.0026790673112817576,0.1647337105233258,True
CSI1000,000852.SH,2018-12-14,4755.0200000000004,4752.5500000000002,4748.9300000000003,4743.1800000000003,4726.1999999999998,4641.8900000000003,4763.7200000000003,0.0095150906370662369,0.016818665323855959,-0.0018263038129864295,-0.1085879157364503,True
CSI300,000300.SH,2018-12-14,3207.3499999999999,3209.0100000000002,3202.1100000000001,3196.9099999999999,3188.1300000000001,3165.9099999999999,3219.6900000000001,0.015479671104298598,0.013259903827594172,-0.0038326671201265317,-0.28904184901783836,True
CSI500,000905.SH,2018-12-14,4436,4435.1099999999997,4429.9099999999999,4422.2200000000003,4400.9700000000003,4337.1000000000004,4443.1599999999999,0.011344495734433302,0.016009436884521642,-0.0016114657135911648,-0.10065723892819575,True
CSI1000,000852.SH,2018-12-17,4623.1300000000001,4631.7799999999997,4608.6899999999996,4574.1499999999996,4602.1800000000003,4627.2299999999996,4641.8900000000003,-0.025574550981166011,0.017430976744740645,-0.0040414572512490476,-0.23185489318425342,True
CSI300,000300.SH,2018-12-17,3158.2800000000002,3165.23,3158.96,3139.25,3148.1100000000001,3161.1999999999998,3165.9099999999999,-0.01670347145222062,0.013694058230347866,-0.0024100495592103144,-0.17599235512737357,True
CSI500,000905.SH,2018-12-17,4322.5900000000001,4337.7600000000002,4325.1400000000003,4292.5,4314.1199999999999,4330.6499999999996,4337.1000000000004,-0.023870398545179472,0.016538058385227285,-0.003345553480436303,-0.20229421147918655,True
CSI1000,000852.SH,2018-12-18,4602.3999999999996,4606.21,4624.2200000000003,4623.29,4609.5,4596.6099999999997,4627.2299999999996,-0.0031581963381296374,0.017362514538199203,-0.0053660613369120869,-0.30906014938713144,True
CSI300,000300.SH,2018-12-18,3139.9499999999998,3154.1799999999998,3159.4400000000001,3156.6900000000001,3145.1599999999999,3128.4299999999998,3161.1999999999998,-0.0014877239087656147,0.01336564349726403,-0.0067221308363912824,-0.50294105463514072,True
CSI500,000905.SH,2018-12-18,4308.0500000000002,4316.8000000000002,4329.6599999999999,4328.1000000000004,4314.3699999999999,4307.2700000000004,4330.6499999999996,-0.0014871688455421195,0.01648662460356435,-0.0052186161430730627,-0.31653636014401737,True
CSI1000,000852.SH,2018-12-19,4601.3699999999999,4592.2600000000002,4587.1999999999998,4581.8999999999996,4566.7700000000004,4533.3999999999996,4596.6099999999997,-0.0066173499048026718,0.016508606557102415,0.0010355457608977048,0.06272762981635098,True
CSI300,000300.SH,2018-12-19,3133.7399999999998,3125.5999999999999,3126.6999999999998,3125.5300000000002,3116.1900000000001,3091.1300000000001,3128.4299999999998,-0.010366316588637181,0.012584883982261909,0.0016973370029056412,0.13487108862489292,True
CSI500,000905.SH,2018-12-19,4311.2799999999997,4300.3400000000001,4297.7600000000002,4290.5100000000002,4277.9099999999999,4247.8999999999996,4307.2700000000004,-0.0053987276736746637,0.01542545889173259,0.00093098412683656484,0.060353739449238296,True
CSI1000,000852.SH,2018-12-20,4523.9700000000003,4542.2399999999998,4526.8900000000003,4539.1300000000001,4546.3900000000003,4550.6000000000004,4533.3999999999996,-0.013751438560156259,0.01654485098829387,-0.0020801164688752927,-0.12572591136342398,True
CSI300,000300.SH,2018-12-20,3083.54,3094.1399999999999,3072.21,3065.4099999999999,3071,3067.4200000000001,3091.1300000000001,-0.011922913410240876,0.012764907702835622,-0.0024554127455008734,-0.19235648252712576,True
CSI500,000905.SH,2018-12-20,4240.3699999999999,4256.9899999999998,4242.2299999999996,4252.5100000000002,4259.1499999999996,4259.7600000000002,4247.8999999999996,-0.0137836727207723,0.015549052805893516,-0.0017726405988840455,-0.1140031242425369,True
CSI1000,000852.SH,2018-12-21,4536.5699999999997,4531.2399999999998,4538.4200000000001,4517.0500000000002,4529.5200000000004,4517.7799999999997,4550.6000000000004,0.0037940618520317937,0.016598437260925653,-0.0030831099195711698,-0.18574699961839855,True
CSI300,000300.SH,2018-12-21,3055.3299999999999,3047.79,3042.27,3021.6999999999998,3026.4099999999999,3029.4000000000001,3067.4200000000001,-0.007670334149647573,0.012822217611595729,-0.0039414230851987364,-0.30739012584175174,True
CSI500,000905.SH,2018-12-21,4246.4300000000003,4247.4399999999996,4256.8599999999997,4228.8999999999996,4238.7299999999996,4231.1400000000003,4259.7600000000002,0.0027919677958521127,0.015600350939324067,-0.0031292842789264474,-0.20059063357596707,True
CSI1000,000852.SH,2018-12-24,4511.2200000000003,4509.8800000000001,4515.6300000000001,4540.3699999999999,4547.0699999999997,4558.3199999999997,4517.7799999999997,-0.007212235749132101,0.013767517838822827,-0.0014520406040133826,-0.10546858344492528,True
CSI300,000300.SH,2018-12-24,3015.5,3011.9400000000001,3016.0100000000002,3032.9499999999998,3031.5,3038.1999999999998,3029.4000000000001,-0.012394781281989453,0.012202840375966409,-0.0045883673334653485,-0.37600814171937991,True
CSI500,000905.SH,2018-12-24,4227.3500000000004,4224.2299999999996,4231.1199999999999,4254.0799999999999,4260.2399999999998,4274.7200000000003,4231.1400000000003,-0.0067186883768098893,0.013213293224355821,-0.00089573968244960334,-0.067790797285759374,True
CSI1000,000852.SH,2018-12-25,4512.29,4493.2399999999998,4447.0299999999997,4453.3199999999997,4418.21,4514.6199999999999,4558.3199999999997,0.0089734338546807457,0.013955007849416457,-0.010098018568244438,-0.72361253230442979,True
CSI300,000300.SH,2018-12-25,3006.8800000000001,3001.8099999999999,2986.21,2990.02,2976.5799999999999,3017.2800000000002,3038.1999999999998,0.0029048656499635062,0.012246165340741511,-0.010308735435455074,-0.84179293261370214,True
CSI500,000905.SH,2018-12-25,4233.54,4215.79,4170.6199999999999,4174.5500000000002,4149.1000000000004,4225.5100000000002,4274.7200000000003,0.01029982463355017,0.013477673293987316,-0.0096333794962010222,-0.71476576750815612,True
CSI1000,000852.SH,2018-12-26,4509.3199999999997,4504.8500000000004,4518.3699999999999,4500.6400000000003,4504.2600000000002,4494.5,4514.6199999999999,-0.0095868653363520018,0.013923538877555791,-0.0011739637001564329,-0.084315037324944539,True
CSI300,000300.SH,2018-12-26,3012.8699999999999,3014.4099999999999,3023.5799999999999,3013.2600000000002,3009.1300000000001,3002.0300000000002,3017.2800000000002,-0.0068856559805146045,0.012302574309918022,-0.0014615812917595505,-0.11880288262768395,True
CSI500,000905.SH,2018-12-26,4218.6599999999999,4216.1999999999998,4231.5799999999999,4216.0900000000001,4213.8599999999997,4208.4099999999999,4225.5100000000002,-0.011511865104614993,0.013606524769222854,-0.0016211060913358111,-0.11914181753467691,True
CSI1000,000852.SH,2018-12-27,4553.7200000000003,4539.0699999999997,4531.6499999999996,4532.6700000000001,4522.4099999999999,4424.6499999999996,4494.5,-0.0044566320088955669,0.013547355493702661,0.013176104127266663,0.97259602683279633,True
CSI300,000300.SH,2018-12-27,3042.9499999999998,3036.29,3028.8899999999999,3028.3600000000001,3023.8699999999999,2990.5100000000002,3002.0300000000002,-0.0050542210202566551,0.011785425508792028,0.013630776507896236,1.1565790728325898,True
CSI500,000905.SH,2018-12-27,4263.3299999999999,4251.4799999999996,4243.1300000000001,4242,4234.6400000000003,4161.2700000000004,4208.4099999999999,-0.0040468487827505228,0.013197026503536919,0.013050059286048743,0.98886361124994426,True
CSI1000,000852.SH,2018-12-28,4429.04,4435.3299999999999,4398.1300000000001,4426.7299999999996,4445.9399999999996,4430.0200000000004,4424.6499999999996,-0.015541217043052669,0.013000375568714431,0.00099216887211417415,0.076318477637049284,True
CSI300,000300.SH,2018-12-28,2994.79,3004.0700000000002,2984.8899999999999,3003.5300000000002,3017.73,3010.6500000000001,2990.5100000000002,-0.0038374033570617305,0.011544073966050113,0.0014311940103861609,0.12397651077038742,True
CSI500,000905.SH,2018-12-28,4168.9399999999996,4172.6800000000003,4139.9499999999998,4165.4499999999998,4181.7700000000004,4168.04,4161.2700000000004,-0.011201380093669444,0.012597038311634707,0.001843187296185711,0.146319099028486,True
