trading_day,prev_trading_day,asset_id,prev_close_1500_qfq,close_0935_qfq,close_0950_qfq
2017-01-03,2016-12-30,000420,3.9,3.88,3.9
2017-01-03,2016-12-30,000516,,,
2017-01-03,2016-12-30,000596,39.03403039964039,38.86245224403758,38.86245224403758
2017-01-03,2016-12-30,000727,,,
2017-01-03,2016-12-30,002114,22.16,22.34,22.43
2017-01-03,2016-12-30,002125,8.538797958701126,8.574130915771615,8.656574482269418
2017-01-03,2016-12-30,002139,8.392672159998249,8.411760876055864,8.46902702422871
2017-01-03,2016-12-30,002141,10.03471939382775,10.10468257685245,10.11467731728455
2017-01-03,2016-12-30,002196,13.95905244210651,14.05226815123577,14.00566029667113
2017-01-03,2016-12-30,002234,20.58513222360043,20.56605425119672,20.55651526499487
2017-01-03,2016-12-30,002252,22.55331860304955,22.37750234715743,22.38726991692922
2017-01-03,2016-12-30,002402,10.00241920644215,10.01218719394845,10.10009908150507
2017-01-03,2016-12-30,002407,18.59248055041939,18.72192618268688,18.66060983056018
2017-01-03,2016-12-30,002421,6.31028867269357,6.387009507619936,6.31028867269357
2017-01-03,2016-12-30,002436,6.638787893018224,6.687246198806678,6.71632118227975
2017-01-03,2016-12-30,002466,22.18256355801517,22.27826645163989,22.28510237261309
2017-01-03,2016-12-30,002472,10.94378868545287,10.95343929275927,10.96308990006566
2017-01-03,2016-12-30,300026,5.228029706367796,5.237657753709174,5.24728580105055
2017-01-03,2016-12-30,300187,11.25938124178536,11.37818964774576,11.37818964774576
2017-01-03,2016-12-30,300198,6.66,6.69,6.66
2017-01-03,2016-12-30,300207,12.97262592294294,12.87929767889299,13.08461981580288
2017-01-03,2016-12-30,300256,7.855260746786079,7.881776394876497,7.928178779034727
2017-01-03,2016-12-30,300274,7.050023581358906,7.043334754431621,7.01657944672248
2017-01-03,2016-12-30,300381,23.12570401351069,23.23205131457616,23.25138718749716
2017-01-03,2016-12-30,300477,,,
2017-01-03,2016-12-30,300479,,,
2017-01-03,2016-12-30,300486,11.417885138264,11.46180008110348,11.45301709253558
2017-01-03,2016-12-30,600054,14.31958522547229,14.25713220579734,14.2660540657509
2017-01-03,2016-12-30,600461,5.069382720807312,5.049398294838294,5.069382720807312
2017-01-03,2016-12-30,600782,2.638484404495331,2.638484404495331,2.630584750589656
2017-01-03,2016-12-30,601216,2.779819388466553,2.761885069831285,2.761885069831285
2017-01-03,2016-12-30,601222,6.424927776751288,6.448812266627686,6.456773763253152
2017-01-04,2017-01-03,000420,3.93,3.92,3.93
2017-01-04,2017-01-03,000516,,,
2017-01-04,2017-01-03,000596,39.22276637080349,39.12839838522194,39.58308049756941
2017-01-04,2017-01-03,000727,,,
2017-01-04,2017-01-03,002114,22.45,22.35,22.34
2017-01-04,2017-01-03,002125,8.792017484372954,8.750795701124051,8.77435100583771
2017-01-04,2017-01-03,002139,8.570833509869326,8.564470604516787,8.564470604516787
2017-01-04,2017-01-03,002141,10.09468783642035,10.02472465339565,9.964756210803058
2017-01-04,2017-01-03,002196,13.96487842392708,13.8774886966184,13.91244458754188
2017-01-04,2017-01-03,002234,20.69006107182082,20.6519051270134,20.57559323739858
2017-01-04,2017-01-03,002252,22.63145916122382,22.52401589373419,22.46541047510349
2017-01-04,2017-01-03,002402,9.982883231429572,9.982883231429572,9.992651218935864
2017-01-04,2017-01-03,002407,18.61291933446163,18.63335811850386,18.66060983056018
2017-01-04,2017-01-03,002421,6.329468881425162,6.281518359596183,6.214387629035614
2017-01-04,2017-01-03,002436,6.70662952112206,6.687246198806678,6.677554537648986
2017-01-04,2017-01-03,002466,22.13471211120281,22.20990724190795,22.58588289543363
2017-01-04,2017-01-03,002472,10.97274050737206,11.01134293659764,11.12715022427439
2017-01-04,2017-01-03,300026,5.295426037757436,5.276169943074682,5.266541895733305
2017-01-04,2017-01-03,300187,11.37818964774576,11.44216340480136,11.41474608034896
2017-01-04,2017-01-03,300198,6.66,6.62,6.56
2017-01-04,2017-01-03,300207,12.38465798542826,12.33799386340329,12.45932058066822
2017-01-04,2017-01-03,300256,7.941436603079936,7.967952251170352,7.967952251170352
2017-01-04,2017-01-03,300274,7.003201792867909,7.023268273649765,6.983135312086052
2017-01-04,2017-01-03,300381,23.17404369581318,23.0773643312082,23.17404369581318
2017-01-04,2017-01-03,300477,,,
2017-01-04,2017-01-03,300479,,,
2017-01-04,2017-01-03,300486,11.53206398964664,11.58037042677007,11.54084697821454
2017-01-04,2017-01-03,600054,14.39988196505438,14.36419452524012,14.32850708542586
2017-01-04,2017-01-03,600461,5.076044196130317,5.069382720807312,5.062721245484306
2017-01-04,2017-01-03,600782,2.65428371230668,2.638484404495331,2.638484404495331
2017-01-04,2017-01-03,601216,2.773841282254797,2.803731813313577,2.797753707101821
2017-01-04,2017-01-03,601222,6.520465736256883,6.520465736256883,6.560273219384215
2017-01-05,2017-01-04,000420,3.99,3.98,3.98
2017-01-05,2017-01-04,000516,,,
2017-01-05,2017-01-04,000596,40.30370875110123,40.16644622661897,40.16644622661897
2017-01-05,2017-01-04,000727,,,
2017-01-05,2017-01-04,002114,22.79,22.94,22.85
2017-01-05,2017-01-04,002125,8.780239832016123,8.768462179659295,8.815572789086612
2017-01-05,2017-01-04,002139,8.850801345381019,8.799898102560711,8.818986818618326
2017-01-05,2017-01-04,002141,10.18464050030924,10.09468783642035,10.07469835555615
2017-01-05,2017-01-04,002196,14.3435672422647,14.26782947859718,14.26782947859718
2017-01-05,2017-01-04,002234,21.1479324095098,20.94761369927087,20.89037978205975
2017-01-05,2017-01-04,002252,22.49471318441884,22.3384320680703,22.29936178898316
2017-01-05,2017-01-04,002402,10.12940304402394,10.04149115646732,10.07079511898619
2017-01-05,2017-01-04,002407,19.94825322522096,19.65529732061559,19.78474295288308
2017-01-05,2017-01-04,002421,6.271928255230388,6.233567837767205,6.252748046498795
2017-01-05,2017-01-04,002436,6.793854471541277,6.784162810383586,6.755087826910513
2017-01-05,2017-01-04,002466,23.89154380131372,23.9120515642333,23.78216906574261
2017-01-05,2017-01-04,002472,11.25260811925754,11.30086115578952,11.29121054848312
2017-01-05,2017-01-04,300026,5.295426037757436,5.285797990416059,5.305054085098813
2017-01-05,2017-01-04,300187,11.50613716185696,11.50613716185696,11.46958072925376
2017-01-05,2017-01-04,300198,6.58,6.57,6.56
2017-01-05,2017-01-04,300207,12.69264119079309,,
2017-01-05,2017-01-04,300256,8.113788315667646,8.107159403645042,8.113788315667646
2017-01-05,2017-01-04,300274,7.063401235213479,7.056712408286193,7.063401235213479
2017-01-05,2017-01-04,300381,23.36740242502313,23.29005893333915,23.42541004378612
2017-01-05,2017-01-04,300477,,,
2017-01-05,2017-01-04,300479,,,
2017-01-05,2017-01-04,300486,11.64185134674534,11.74724720956008,11.69015778386876
2017-01-05,2017-01-04,600054,14.38203824514725,14.42664754491508,14.40880382500794
2017-01-05,2017-01-04,600461,5.116013048068351,5.096028622099334,5.116013048068351
2017-01-05,2017-01-04,600782,2.693781981835054,2.693781981835054,2.709581289646403
2017-01-05,2017-01-04,601216,2.797753707101821,2.785797494678309,2.785797494678309
2017-01-05,2017-01-04,601222,6.576196212635147,6.560273219384215,6.576196212635147
2017-01-06,2017-01-05,000420,3.98,3.97,3.98
2017-01-06,2017-01-05,000516,,,
2017-01-06,2017-01-05,000596,40.29512984332109,40.29512984332109,40.63828615452672
2017-01-06,2017-01-05,000727,,,
2017-01-06,2017-01-05,002114,23.02,22.82,22.72
2017-01-06,2017-01-05,002125,8.733129222588808,8.715462744053564,8.644796829912588
2017-01-06,2017-01-05,002139,8.761720670445479,8.755357765092942,8.736269049035327
2017-01-06,2017-01-05,002141,10.02472465339565,9.984745691667255,9.934771989506759
2017-01-06,2017-01-05,002196,14.0697460966975,14.05226815123577,14.11052796944155
2017-01-06,2017-01-05,002234,20.8999187682616,20.91899674066531,20.72821701662824
2017-01-06,2017-01-05,002252,22.29936178898316,22.27982664943959,22.11377796331926
2017-01-06,2017-01-05,002402,10.01218719394845,10.00241920644215,9.934043293898116
2017-01-06,2017-01-05,002407,19.78474295288308,19.70980074472822,19.49859997629179
2017-01-06,2017-01-05,002421,6.204797524669817,6.166437107206635,6.15684700284084
2017-01-06,2017-01-05,002436,6.735704504595132,6.726012843437442,6.71632118227975
2017-01-06,2017-01-05,002466,23.76166130282303,23.58392735751998,23.37201380735096
2017-01-06,2017-01-05,002472,11.18505386811277,11.18505386811277,11.24295751195114
2017-01-06,2017-01-05,300026,5.285797990416059,5.276169943074682,5.266541895733305
2017-01-06,2017-01-05,300187,11.45130251295216,11.56097181076176,11.59752824336496
2017-01-06,2017-01-05,300198,6.54,6.51,6.5
2017-01-06,2017-01-05,300207,,,
2017-01-06,2017-01-05,300256,8.113788315667646,8.113788315667646,8.040870283419
2017-01-06,2017-01-05,300274,7.003201792867909,6.983135312086052,6.969757658231481
2017-01-06,2017-01-05,300381,25.70704304846359,26.29678717255396,24.98194781392626
2017-01-06,2017-01-05,300477,,,
2017-01-06,2017-01-05,300479,,,
2017-01-06,2017-01-05,300486,11.61550238104165,11.6198938753256,11.55402146106638
2017-01-06,2017-01-05,600054,14.54263172431143,14.56047544421856,14.54263172431143
2017-01-06,2017-01-05,600461,5.135997474037368,5.235919603882453,5.202612227267425
2017-01-06,2017-01-05,600782,2.701681635740728,2.709581289646403,2.709581289646403
2017-01-06,2017-01-05,601216,2.773841282254797,2.767863176043041,2.755906963619529
2017-01-06,2017-01-05,601222,6.512504239631417,6.520465736256883,6.560273219384215
2017-01-09,2017-01-06,000056,13.09956847684983,13.02005668032874,13.06975155315443
2017-01-09,2017-01-06,000420,4,3.98,4
2017-01-09,2017-01-06,000516,,,
2017-01-09,2017-01-06,000727,,,
2017-01-09,2017-01-06,002139,8.729906143682788,8.761720670445479,8.729906143682788
2017-01-09,2017-01-06,002141,9.724882440432673,9.674908738272176,9.75486666172897
2017-01-09,2017-01-06,002234,20.39435249956335,20.29896263754481,20.32757959615038
2017-01-09,2017-01-06,002256,6.155301867782686,6.174780671161745,6.174780671161745
2017-01-09,2017-01-06,002402,9.885203356366659,9.953579268910698,9.943811281404406
2017-01-09,2017-01-06,002421,6.060945959182883,6.012995437353903,5.984225124256517
2017-01-09,2017-01-06,002436,6.745396165752823,6.755087826910513,6.764779488068205
2017-01-09,2017-01-06,002472,11.09819840235521,11.18505386811277,11.12715022427439
2017-01-09,2017-01-06,002533,8.148462934537843,8.156267975662878,8.195293181288061
2017-01-09,2017-01-06,002562,7.708512931034483,7.462823275862069,7.438254310344827
2017-01-09,2017-01-06,002590,19.62814978567748,19.6473460201867,19.69533660645975
2017-01-09,2017-01-06,002601,9.569925196762894,9.517589668343097,9.525066172403069
2017-01-09,2017-01-06,002714,4.770808247428924,4.752668292115506,4.758714943886645
2017-01-09,2017-01-06,002775,9.904609716864634,9.908988412583849,9.939639282618355
2017-01-09,2017-01-06,300026,5.24728580105055,5.237657753709174,5.228029706367796
2017-01-09,2017-01-06,300198,6.56,6.53,6.52
2017-01-09,2017-01-06,300207,,,
2017-01-09,2017-01-06,300274,6.889491735104055,6.902869388958626,6.862736427394913
2017-01-09,2017-01-06,300341,10.36825551686777,10.34005536586995,10.3964556678656
2017-01-09,2017-01-06,300368,21.02103802269128,20.94137515950723,21.06086945428331
2017-01-09,2017-01-06,300381,24.95294400454477,,
2017-01-09,2017-01-06,300435,18.17300901320716,18.08826441159117,18.07884834474494
2017-01-09,2017-01-06,300438,21.49978529988942,21.66881899139142,21.64281380808342
2017-01-09,2017-01-06,300477,,,
2017-01-09,2017-01-06,300479,,,
2017-01-09,2017-01-06,600461,5.189289276621413,5.189289276621413,5.149320424683379
2017-01-09,2017-01-06,600884,9.351177806840925,9.33801640246817,9.364339211213677
2017-01-09,2017-01-06,601222,6.504542743005951,6.512504239631417,6.464735259878618
2017-01-10,2017-01-09,000056,13.04987360402415,13.10950745141497,12.97036180750306
2017-01-10,2017-01-09,000420,4.06,4.04,4.05
2017-01-10,2017-01-09,000516,,,
2017-01-10,2017-01-09,000727,,,
2017-01-10,2017-01-09,002139,8.838075534675943,8.774446481150557,8.742631954387864
2017-01-10,2017-01-09,002141,9.734877180864771,9.704892959568474,9.644924516975879
2017-01-10,2017-01-09,002234,19.55492171380022,19.44045387937798,19.29736908635017
2017-01-10,2017-01-09,002256,6.155301867782686,6.126083662714097,6.126083662714097
2017-01-10,2017-01-09,002402,9.963347256416988,9.943811281404406,9.914507318885533
2017-01-10,2017-01-09,002421,6.04176575045129,6.0225855417197,6.0225855417197
2017-01-10,2017-01-09,002436,6.861696099645113,6.861696099645113,6.890771083118186
2017-01-10,2017-01-09,002472,11.22365629733835,11.13680083158079,11.15610204619358
2017-01-10,2017-01-09,002533,8.203098222413097,8.164073016787917,8.187488140163024
2017-01-10,2017-01-09,002562,7.511961206896552,7.511961206896552,7.585668103448276
2017-01-10,2017-01-09,002590,19.70493472371436,19.70493472371436,19.71453284096897
2017-01-10,2017-01-09,002601,9.719455277962314,9.711978773902343,9.868985359161734
2017-01-10,2017-01-09,002714,4.726466134440569,4.738559437982848,4.764761595657784
2017-01-10,2017-01-09,002775,9.979047544091291,9.983426239810507,9.983426239810507
2017-01-10,2017-01-09,300026,5.256913848391927,5.237657753709174,5.24728580105055
2017-01-10,2017-01-09,300198,6.48,6.46,6.44
2017-01-10,2017-01-09,300207,,,
2017-01-10,2017-01-09,300274,6.896180562031341,6.876114081249484,6.896180562031341
2017-01-10,2017-01-09,300341,10.42465581886343,10.37765556720038,10.3964556678656
2017-01-10,2017-01-09,300368,21.0509115963853,21.03099588058929,21.09074302797733
2017-01-10,2017-01-09,300381,,,
2017-01-10,2017-01-09,300435,18.80388549190398,18.64381235551823,18.97337469513597
2017-01-10,2017-01-09,300438,21.67532028721843,21.55829696233242,21.49978529988942
2017-01-10,2017-01-09,300477,,,
2017-01-10,2017-01-09,300479,,,
2017-01-10,2017-01-09,600461,5.182627801298408,5.182627801298408,5.189289276621413
2017-01-10,2017-01-09,600884,9.384081317772806,9.377500615586429,9.410404126518312
2017-01-10,2017-01-09,601222,6.496581246380485,6.480658253129552,6.472696756504086
2017-01-11,2017-01-10,000056,13.51700540858556,13.7456018235837,13.75554079814884
2017-01-11,2017-01-10,000420,4.02,4,4.02
2017-01-11,2017-01-10,000516,,,
2017-01-11,2017-01-10,000727,,,
2017-01-11,2017-01-10,002139,8.723543238330249,8.672639995509941,8.672639995509941
2017-01-11,2017-01-10,002141,9.544977112654884,9.514992891358585,9.514992891358585
2017-01-11,2017-01-10,002234,18.41978235577962,18.17176871453142,18.08591783871474
2017-01-11,2017-01-10,002256,6.096865457645508,6.048168449197861,6.048168449197861
2017-01-11,2017-01-10,002402,9.855899393847785,9.846131406341495,9.953579268910698
2017-01-11,2017-01-10,002421,6.185617315938226,6.108896481011861,6.137666794109248
2017-01-11,2017-01-10,002436,6.774471149225896,6.745396165752823,6.726012843437442
2017-01-11,2017-01-10,002472,10.99204172198485,10.97274050737206,11.03064415121043
2017-01-11,2017-01-10,002533,8.187488140163024,8.179683099037989,8.195293181288061
2017-01-11,2017-01-10,002562,7.604094827586207,7.554956896551724,7.659375000000001
2017-01-11,2017-01-10,002590,19.49377614411294,19.39779497156684,19.32101003352996
2017-01-11,2017-01-10,002601,9.839079342921851,9.824126334801909,9.809173326681966
2017-01-11,2017-01-10,002714,4.803057056875,4.801041506284621,4.784917101561582
2017-01-11,2017-01-10,002775,10.02721319700266,9.970290152652861,10.0096984141258
2017-01-11,2017-01-10,300026,5.228029706367796,5.237657753709174,5.237657753709174
2017-01-11,2017-01-10,300198,6.47,6.48,6.49
2017-01-11,2017-01-10,300207,,,
2017-01-11,2017-01-10,300274,6.856047600467628,6.862736427394913,6.862736427394913
2017-01-11,2017-01-10,300341,10.32125526520473,10.27425501354168,10.34005536586995
2017-01-11,2017-01-10,300368,20.8915858700172,20.90154372791521,21.01108016479328
2017-01-11,2017-01-10,300381,,,
2017-01-11,2017-01-10,300435,18.74738909082666,18.68147662290311,18.86038189298132
2017-01-11,2017-01-10,300438,22.05239544518443,21.91586823281743,21.87686045785543
2017-01-11,2017-01-10,300477,,9.088198901263608,8.721550533573144
2017-01-11,2017-01-10,300479,,,
2017-01-11,2017-01-10,600461,5.182627801298408,5.149320424683379,5.175966325975402
2017-01-11,2017-01-10,600884,9.33801640246817,9.318274295909042,9.291951487163535
2017-01-11,2017-01-10,601222,6.480658253129552,6.456773763253152,6.456773763253152
2017-01-12,2017-01-11,000056,14.47114696683866,14.5904146616203,14.13322183162403
2017-01-12,2017-01-11,000420,3.95,3.95,3.96
2017-01-12,2017-01-11,000516,,,
2017-01-12,2017-01-11,000727,,,
2017-01-12,2017-01-11,002139,8.513567361696479,8.532656077754094,8.564470604516787
2017-01-12,2017-01-11,002141,9.235140159259805,9.185166457099307,9.3051033422845
2017-01-12,2017-01-11,002234,18.17176871453142,18.17176871453142,18.06683986631104
2017-01-12,2017-01-11,002256,6.009210842439742,6.028689645818802,6.028689645818802
2017-01-12,2017-01-11,002402,9.767987506291165,9.767987506291165,9.797291468810039
2017-01-12,2017-01-11,002421,6.032175646085495,6.04176575045129,6.032175646085495
2017-01-12,2017-01-11,002436,6.658171215333605,6.648479554175915,6.638787893018224
2017-01-12,2017-01-11,002472,10.93413807814648,10.97274050737206,10.94378868545287
2017-01-12,2017-01-11,002533,8.093827646662589,8.117242770037699,8.117242770037699
2017-01-12,2017-01-11,002562,7.518103448275862,7.518103448275862,7.524245689655173
2017-01-12,2017-01-11,002590,19.15784204020159,19.18663639196541,19.30181379902074
2017-01-12,2017-01-11,002601,9.674596253602488,9.674596253602488,9.682072757662459
2017-01-12,2017-01-11,002714,4.738559437982848,4.736543887392468,4.734528336802088
2017-01-12,2017-01-11,002775,9.94401797833757,9.843307976795622,9.729461888096028
2017-01-12,2017-01-11,300026,5.199145564343665,5.208773611685041,5.199145564343665
2017-01-12,2017-01-11,300198,6.45,6.49,6.47
2017-01-12,2017-01-11,300207,,,
2017-01-12,2017-01-11,300274,6.789159331194774,6.829292292758486,6.842669946613057
2017-01-12,2017-01-11,300341,10.16145440955037,10.21785471154603,10.22725476187864
2017-01-12,2017-01-11,300368,20.50322941199495,20.61276584887302,20.66255513836306
2017-01-12,2017-01-11,300381,,,
2017-01-12,2017-01-11,300435,18.64381235551823,18.80388549190398,18.78505335821154
2017-01-12,2017-01-11,300438,21.53879307485142,21.45427622910042,21.61680862477542
2017-01-12,2017-01-11,300477,8.721550533573144,8.261289816685116,8.315897020383696
2017-01-12,2017-01-11,300479,,,
2017-01-12,2017-01-11,600461,5.109351572745346,5.129335998714363,5.129335998714363
2017-01-12,2017-01-11,600884,9.166918145622382,9.173498847808759,9.199821656554265
2017-01-12,2017-01-11,601222,6.353274307122092,6.369197300373024,6.361235803747558
2017-01-13,2017-01-12,000056,13.88474746749561,13.78535772184425,13.91456439119102
2017-01-13,2017-01-12,000420,3.93,3.94,3.93
2017-01-13,2017-01-12,000516,,,
2017-01-13,2017-01-12,000727,,,
2017-01-13,2017-01-12,002139,8.449938308171093,8.462664118876171,8.399035065350786
2017-01-13,2017-01-12,002141,9.165176976235108,9.185166457099307,9.205155937963507
2017-01-13,2017-01-12,002234,18.26715857654996,18.24808060414625,18.2385416179444
2017-01-13,2017-01-12,002256,6.07738665426645,6.145562466093156,6.116344261024568
2017-01-13,2017-01-12,002402,9.758219518784875,9.767987506291165,9.758219518784875
2017-01-13,2017-01-12,002421,5.95545481115913,5.945864706793334,5.993815228622312
2017-01-13,2017-01-12,002436,6.503104636810551,6.493412975652861,6.493412975652861
2017-01-13,2017-01-12,002472,10.92448747084008,10.8858850416145,10.62531864434181
2017-01-13,2017-01-12,002533,8.078217564412517,8.086022605537552,8.117242770037699
2017-01-13,2017-01-12,002562,7.401400862068966,7.407543103448276,7.468965517241379
2017-01-13,2017-01-12,002590,18.55316065316115,18.60115123943421,18.58195500492499
2017-01-13,2017-01-12,002601,9.749361294202197,9.697025765782401,9.68954926172243
2017-01-13,2017-01-12,002714,4.700263976765632,4.754683842705886,4.740574988573227
2017-01-13,2017-01-12,002775,9.348515360524312,9.265320141859224,9.177746227474922
2017-01-13,2017-01-12,300026,5.179889469660909,5.199145564343665,5.189517517002287
2017-01-13,2017-01-12,300198,6.42,6.41,6.42
2017-01-13,2017-01-12,300207,,,
2017-01-13,2017-01-12,300274,6.775781677340203,6.80922581197663,6.795848158122059
2017-01-13,2017-01-12,300341,10.01105360422863,10.15205435921776,10.16145440955037
2017-01-13,2017-01-12,300368,20.21445153295278,20.29411439613682,20.03521009078866
2017-01-13,2017-01-12,300381,,,
2017-01-13,2017-01-12,300435,18.29541788220804,18.38957855067025,18.30483394905426
2017-01-13,2017-01-12,300438,21.44127363744642,21.45427622910042,21.40226586248442
2017-01-13,2017-01-12,300477,7.988253798192218,8.159876438387755,8.362703194982478
2017-01-13,2017-01-12,300479,,,
2017-01-13,2017-01-12,600461,5.069382720807312,5.082705671453323,5.076044196130317
2017-01-13,2017-01-12,600884,9.068207612826736,9.107691825944995,9.048465506267608
2017-01-13,2017-01-12,601222,6.225890361114631,6.225890361114631,6.225890361114631
2017-01-16,2017-01-13,000078,6.177655049388379,6.197297831739375,6.069619746457898
2017-01-16,2017-01-13,000420,3.88,3.87,3.85
2017-01-16,2017-01-13,000516,,,
2017-01-16,2017-01-13,000727,,,
2017-01-16,2017-01-13,002139,8.303591485062711,8.303591485062711,8.150881756601787
2017-01-16,2017-01-13,002141,9.265124380556102,9.125198014506712,9.035245350617815
2017-01-16,2017-01-13,002234,18.20992465933884,18.27669756275182,18.4865552591926
2017-01-16,2017-01-13,002402,9.709379581253419,9.670307631228255,9.553091781152759
2017-01-16,2017-01-13,002421,5.984225124256517,5.945864706793334,5.926684498061742
2017-01-16,2017-01-13,002436,6.357729719445189,6.299579752499044,6.202663140922136
2017-01-16,2017-01-13,002472,10.43230649821389,10.46125832013308,10.34545103245633
2017-01-16,2017-01-13,002495,5.780983606982426,5.721180328289504,5.611540984019148
2017-01-16,2017-01-13,002533,8.000167153162154,7.96894698866201,7.914311700786756
2017-01-16,2017-01-13,002562,7.622521551724138,7.708512931034483,7.561099137931035
2017-01-16,2017-01-13,002590,18.24602090101364,18.33240395630513,18.16923596297676
2017-01-16,2017-01-13,002643,12.17047344932455,12.10656781277617,11.88289808485685
2017-01-16,2017-01-13,002709,7.759413567987034,7.620387121080212,7.596057492871518
2017-01-16,2017-01-13,002714,4.663984066138796,4.651890762596517,4.639797459054239
2017-01-16,2017-01-13,002769,19.46702394286676,19.5547132399067,19.48651045332008
2017-01-16,2017-01-13,002775,8.823071874218495,8.840586657095356,8.735497959834193
2017-01-16,2017-01-13,300026,5.083608996247139,5.064352901564384,5.025840712198876
2017-01-16,2017-01-13,300141,14.90422881405363,14.82512631703079,14.75920756951176
2017-01-16,2017-01-13,300187,11.14971194397577,11.15885105212657,11.07659907876937
2017-01-16,2017-01-13,300198,6.24,6.19,6.09
2017-01-16,2017-01-13,300207,,,
2017-01-16,2017-01-13,300327,23.99203719065752,23.43804698909704,23.20366651920607
2017-01-16,2017-01-13,300381,,23.00968877598471,22.94201322076123
2017-01-16,2017-01-13,300479,,,
2017-01-16,2017-01-13,300481,19.60211653681528,19.25433704987178,18.87494124593342
2017-01-16,2017-01-13,600461,5.022752393546272,5.002767967577254,4.949476164993209
2017-01-16,2017-01-13,600782,2.796477482608824,2.812276790420173,2.796477482608824
2017-01-16,2017-01-13,601222,6.106467911732636,6.074621925230772,6.002968455601575
2017-01-17,2017-01-16,000078,5.883013314123432,5.883013314123432,5.892834705298931
2017-01-17,2017-01-16,000420,3.74,3.74,3.74
2017-01-17,2017-01-16,000516,,,
2017-01-17,2017-01-16,000727,,,
2017-01-17,2017-01-16,002139,7.832736488974863,7.870913921090093,7.921817163910401
2017-01-17,2017-01-16,002141,8.38558722253136,8.295634558642465,8.325618779938763
2017-01-17,2017-01-16,002234,17.38957184597942,17.29418198396088,17.01755138410712
2017-01-17,2017-01-16,002402,9.279588130976608,9.279588130976608,9.289356118482898
2017-01-17,2017-01-16,002421,5.802013141306398,5.792423036940603,5.792423036940603
2017-01-17,2017-01-16,002436,5.999138256610629,5.91191330619141,6.01852157892601
2017-01-17,2017-01-16,002472,9.747113379459789,9.727812164846998,9.747113379459789
2017-01-17,2017-01-16,002495,5.491934426633304,5.462032787286844,5.551737705326227
2017-01-17,2017-01-16,002533,7.687965508160705,7.664550384785596,7.703575590410776
2017-01-17,2017-01-16,002562,7.382974137931035,7.370689655172414,7.376831896551724
2017-01-17,2017-01-16,002590,17.15183553398809,17.24781670653419,17.29580729280724
2017-01-17,2017-01-16,002643,11.64147679122964,11.65922835693752,11.70183211463644
2017-01-17,2017-01-16,002709,7.434439248342336,7.476147182414383,7.476147182414383
2017-01-17,2017-01-16,002714,4.615610851969681,4.631735256692719,4.643828560234998
2017-01-17,2017-01-16,002769,17.82041380956121,17.71323800206795,17.83015706478787
2017-01-17,2017-01-16,002775,8.450882738085209,8.450882738085209,8.512184478154222
2017-01-17,2017-01-16,300026,4.852535860054087,4.823651718029955,4.862163907395463
2017-01-17,2017-01-16,300141,14.13297946808093,14.08024447006571,14.02091759729858
2017-01-17,2017-01-16,300187,10.50997437341978,10.55566991417378,10.52825258972138
2017-01-17,2017-01-16,300198,6.05,6.03,6
2017-01-17,2017-01-16,300207,,11.42337707171378,11.42337707171378
2017-01-17,2017-01-16,300327,23.06872018805672,23.15394944983526,23.16815432679835
2017-01-17,2017-01-16,300381,22.45861639773634,21.7625249725805,22.15891036746091
2017-01-17,2017-01-16,300479,,,
2017-01-17,2017-01-16,300481,17.71146078052245,17.74307709751731,17.70513751712348
2017-01-17,2017-01-16,600461,4.836231084502113,4.842892559825119,4.836231084502113
2017-01-17,2017-01-16,600782,2.780678174797475,2.756979213080451,2.764878866986126
2017-01-17,2017-01-16,601222,5.915391992721446,5.90743049609598,5.899468999470513
2017-01-18,2017-01-17,000078,5.922298878825425,5.902656096474429,5.912477487649927
2017-01-18,2017-01-17,000420,3.8,3.78,3.79
2017-01-18,2017-01-17,000516,,,
2017-01-18,2017-01-17,000727,,,
2017-01-18,2017-01-17,002139,7.947268785320555,7.832736488974863,7.896365542500248
2017-01-18,2017-01-17,002141,8.405576703395557,8.305629299074564,8.38558722253136
2017-01-18,2017-01-17,002234,17.67574143203503,17.50403968040166,17.41818880458498
2017-01-18,2017-01-17,002402,9.347964043520646,9.30889209349548,9.230748193445152
2017-01-18,2017-01-17,002421,5.830783454403785,5.792423036940603,5.802013141306398
2017-01-18,2017-01-17,002436,6.01852157892601,5.989446595452937,5.970063273137556
2017-01-18,2017-01-17,002472,9.785715808685373,9.747113379459789,9.679559128315018
2017-01-18,2017-01-17,002495,5.541770492210739,5.511868852864279,5.531803279095253
2017-01-18,2017-01-17,002533,7.69577054928574,7.63333022028545,7.687965508160705
2017-01-18,2017-01-17,002562,7.462823275862069,7.481249999999999,7.505818965517242
2017-01-18,2017-01-17,002590,17.3437978790803,17.39178846535335,17.41098469986256
2017-01-18,2017-01-17,002643,11.87579745857369,11.83674401401635,11.85804589286581
2017-01-18,2017-01-17,002709,7.505690302382082,7.42922575658333,7.542184744695123
2017-01-18,2017-01-17,002714,4.635766357873479,4.643828560234998,4.674061819090695
2017-01-18,2017-01-17,002769,18.49269842020075,18.27834680521423,18.31731982612087
2017-01-18,2017-01-17,002775,8.770527525587914,8.687332306922826,8.739876655553408
2017-01-18,2017-01-17,300026,4.939188286126481,4.891048049419595,4.900676096760972
2017-01-18,2017-01-17,300141,14.41643008241278,14.2714088378709,14.17912259134426
2017-01-18,2017-01-17,300187,10.58308723862618,10.37288775115778,10.50997437341978
2017-01-18,2017-01-17,300198,6.13,6.12,6.11
2017-01-18,2017-01-17,300207,11.42337707171378,10.97540150027403,11.022065622299
2017-01-18,2017-01-17,300327,23.65112014354338,23.43804698909704,23.50907137391249
2017-01-18,2017-01-17,300381,21.81086465488299,21.52082656106806,21.17278084849013
2017-01-18,2017-01-17,300479,,,
2017-01-18,2017-01-17,300481,18.13511942825362,17.86321910209779,17.71778404392142
2017-01-18,2017-01-17,600461,4.85621551047113,4.842892559825119,4.862876985794136
2017-01-18,2017-01-17,600782,2.859674713854221,2.867574367759896,2.914972291193944
2017-01-18,2017-01-17,601222,5.939276482597845,5.915391992721446,5.923353489346913
2017-01-19,2017-01-18,000078,5.804442184719447,5.794620793543949,5.804442184719447
2017-01-19,2017-01-18,000420,3.77,3.75,3.77
2017-01-19,2017-01-18,000516,,,
2017-01-19,2017-01-18,000727,,,
2017-01-19,2017-01-18,002139,7.883639731795171,7.858188110385016,7.807284867564708
2017-01-19,2017-01-18,002141,8.605471512037544,8.495529367284451,8.415571443827657
2017-01-19,2017-01-18,002234,17.27510401155717,17.14155820473122,16.98893442550156
2017-01-19,2017-01-18,002402,9.260052155964026,9.21121221843257,9.22098020593886
2017-01-19,2017-01-18,002421,5.744472515111624,5.725292306380032,5.68693188891685
2017-01-19,2017-01-18,002436,5.90222164503372,5.844071678087575,5.834380016929884
2017-01-19,2017-01-18,002472,9.525149411412684,9.496197589493498,9.457595160267916
2017-01-19,2017-01-18,002495,5.511868852864279,5.472000000402331,5.462032787286844
2017-01-19,2017-01-18,002533,7.641135261410486,7.570889891285161,7.563084850160124
2017-01-19,2017-01-18,002562,7.376831896551724,,
2017-01-19,2017-01-18,002590,18.41878701159662,18.15003972846754,17.93888114886612
2017-01-19,2017-01-18,002643,11.74798618547694,11.6627786700791,11.53851771012392
2017-01-19,2017-01-18,002709,7.373615177820601,7.342334227266566,7.300626293194519
2017-01-19,2017-01-18,002714,4.706310628536771,4.708326179127151,4.740574988573227
2017-01-19,2017-01-18,002769,18.13219797681433,17.93733287228113,17.80092729910789
2017-01-19,2017-01-18,002775,8.766148829868699,8.735497959834193,8.744255351272622
2017-01-19,2017-01-18,300026,4.900676096760972,4.871791954736841,4.871791954736841
2017-01-19,2017-01-18,300141,14.00773384779477,13.77701823147815,13.72428323346292
2017-01-19,2017-01-18,300187,10.31805310225298,10.31805310225298,10.30891399410218
2017-01-19,2017-01-18,300198,6.37,6.34,6.32
2017-01-19,2017-01-18,300207,10.6580854705042,10.55542440204925,10.44343050918932
2017-01-19,2017-01-18,300327,23.13974457287217,22.74911045638722,22.65677875612714
2017-01-19,2017-01-18,300381,20.98909005574068,20.78606339007023,20.51536116917629
2017-01-19,2017-01-18,300479,,,
2017-01-19,2017-01-18,300481,17.27515560599334,17.01590180663545,16.83252716806525
2017-01-19,2017-01-18,600461,4.836231084502113,4.836231084502113,4.85621551047113
2017-01-19,2017-01-18,600782,3.136162600552834,3.057166061496087,3.041366753684738
2017-01-19,2017-01-18,601222,5.875584509594114,5.867623012968648,5.827815529841317
2017-01-20,2017-01-19,000078,5.824084967070442,5.814263575894945,5.84372774942144
2017-01-20,2017-01-19,000420,3.77,3.77,3.77
2017-01-20,2017-01-19,000516,,,
2017-01-20,2017-01-19,000727,,,
2017-01-20,2017-01-19,002139,7.813647772917247,7.788196151507093,7.820010678269785
2017-01-20,2017-01-19,002141,8.435560924691854,8.475539886420254,8.51551884814865
2017-01-20,2017-01-19,002234,17.2274090805479,17.19879212194234,17.2274090805479
2017-01-20,2017-01-19,002402,9.30889209349548,9.269820143470316,9.29912410598919
2017-01-20,2017-01-19,002421,5.696521993282646,5.706112097648441,5.725292306380032
2017-01-20,2017-01-19,002436,5.91191330619141,5.91191330619141,5.931296628506793
2017-01-20,2017-01-19,002472,9.46724576757431,9.525149411412684,9.505848196799892
2017-01-20,2017-01-19,002495,5.501901639748791,5.521836065979765,5.531803279095253
2017-01-20,2017-01-19,002533,7.53186468565998,7.547474767910052,7.602110055785306
2017-01-20,2017-01-19,002562,,,
2017-01-20,2017-01-19,002590,18.23642278375902,18.28441337003208,18.10204914219448
2017-01-20,2017-01-19,002643,11.60597365981387,11.53496739698234,11.46751144729238
2017-01-20,2017-01-19,002709,7.243277883845455,7.293674970849178,7.246753545018126
2017-01-20,2017-01-19,002714,4.752668292115506,4.766777146248164,4.782901550971203
2017-01-20,2017-01-19,002769,18.18091425294763,18.07373844545437,18.19065750817429
2017-01-20,2017-01-19,002775,8.621651871134601,8.604137088257739,8.63040926257303
2017-01-20,2017-01-19,300026,4.881420002078219,4.871791954736841,4.891048049419595
2017-01-20,2017-01-19,300141,13.75065073247053,13.6913238597034,13.83634510424528
2017-01-20,2017-01-19,300187,10.40944418376098,10.32719221040378,10.28149666964979
2017-01-20,2017-01-19,300198,6.47,6.46,6.46
2017-01-20,2017-01-19,300207,10.25677402108942,10.42476486037933,10.46209615799931
2017-01-20,2017-01-19,300327,23.09712994198291,23.23207627313225,23.28889578098461
2017-01-20,2017-01-19,300381,20.20598720244036,20.38967799518982,20.41868180457131
2017-01-20,2017-01-19,300479,,,
2017-01-20,2017-01-19,300481,17.07281117722621,16.87046674845908,16.93369938244881
2017-01-20,2017-01-19,600461,4.849554035148125,4.862876985794136,4.85621551047113
2017-01-20,2017-01-19,600782,3.017667791967714,3.057166061496087,3.080865023213111
2017-01-20,2017-01-19,601222,5.803931039964918,5.811892536590384,5.811892536590384
2017-01-23,2017-01-20,000420,3.8,3.83,3.83
2017-01-23,2017-01-20,000516,,,
2017-01-23,2017-01-20,000727,,,
2017-01-23,2017-01-20,002114,19.92,20.13,20.26
2017-01-23,2017-01-20,002125,7.773250555507232,7.790917034042477,7.726139946079916
2017-01-23,2017-01-20,002141,8.545503069444949,8.635455733333844,8.705418916358539
2017-01-23,2017-01-20,002234,17.60896852862205,17.63758548722761,17.67574143203503
2017-01-23,2017-01-20,002252,21.74261031199147,21.73284274221968,21.64493461427362
2017-01-23,2017-01-20,002256,5.785204603580563,6.048168449197861,5.979992637371153
2017-01-23,2017-01-20,002364,18.66490706319702,18.72434944237918,18.91258364312267
2017-01-23,2017-01-20,002402,9.367500018533228,9.416339956064684,9.377268006039518
2017-01-23,2017-01-20,002421,5.77324282820901,5.82119335003799,5.82119335003799
2017-01-23,2017-01-20,002436,5.979754934295246,6.00882991776832,6.086363207029846
2017-01-23,2017-01-20,002472,9.862920667136541,9.911173703668517,9.949776132894103
2017-01-23,2017-01-20,002488,9.688943750154857,9.878923039373582,9.826514959589106
2017-01-23,2017-01-20,002495,5.581639344672687,5.601573770903661,5.621508197134634
2017-01-23,2017-01-20,002496,4.457397295658995,4.496583205950503,4.496583205950503
2017-01-23,2017-01-20,002511,6.756509671754411,6.827591445709746,6.816368007716798
2017-01-23,2017-01-20,002562,,,
2017-01-23,2017-01-20,002716,11.92874109263658,12.01645242420009,12.09246891155512
2017-01-23,2017-01-20,300026,4.948816333467858,4.968072428150613,4.996956570174745
2017-01-23,2017-01-20,300198,6.44,6.58,6.56
2017-01-23,2017-01-20,300207,10.39676638716434,10.37810073835435,10.25677402108942
2017-01-23,2017-01-20,300263,6.661866723593799,6.671549669412975,6.710281452689684
2017-01-23,2017-01-20,300274,6.521606254103354,6.534983907957924,6.534983907957924
2017-01-23,2017-01-20,300296,10.0726313984738,10.08830620612782,10.18862497511355
2017-01-23,2017-01-20,300381,20.50569323271579,20.81506719945172,20.99875799220117
2017-01-23,2017-01-20,300479,,,
2017-01-23,2017-01-20,600461,4.882861411763153,4.896184362409164,4.889522887086159
2017-01-23,2017-01-20,600522,10.89336437455099,10.96048897897164,10.9125428329569
2017-01-23,2017-01-20,600782,3.025567445873389,3.017667791967714,3.088764677118786
2017-01-23,2017-01-20,601222,5.90743049609598,5.931314985972379,5.97112246909971
2017-01-23,2017-01-20,601992,3.60687867042316,3.581888748919074,3.590218722753769
2017-01-24,2017-01-23,000420,3.82,3.79,3.81
2017-01-24,2017-01-23,000516,,,
2017-01-24,2017-01-23,000727,,,
2017-01-24,2017-01-23,002114,20.23,20.24,20.2
2017-01-24,2017-01-23,002125,7.402254506267115,7.308033287412481,7.101924371167972
2017-01-24,2017-01-23,002141,8.83535054197583,9.195161197531405,9.085219052778314
2017-01-24,2017-01-23,002234,17.68528041823688,17.21787009434605,17.00801239790527
2017-01-24,2017-01-23,002252,21.62539947473006,21.66446975381719,21.5960967654147
2017-01-24,2017-01-23,002256,5.931295628923506,5.911816825544447,5.921556227233976
2017-01-24,2017-01-23,002364,19.42775092936803,19.38812267657993,19.49710037174721
2017-01-24,2017-01-23,002402,9.367500018533228,9.367500018533228,9.347964043520646
2017-01-24,2017-01-23,002421,5.859553767501173,5.82119335003799,5.830783454403785
2017-01-24,2017-01-23,002436,6.163896496291373,6.12512985166061,6.096054868187537
2017-01-24,2017-01-23,002472,10.07523402787725,10.05593281326446,9.988378562119685
2017-01-24,2017-01-23,002488,9.846167989508285,9.813412939642987,9.846167989508285
2017-01-24,2017-01-23,002495,5.621508197134634,5.621508197134634,5.621508197134634
2017-01-24,2017-01-23,002496,4.50637968352338,4.486786728377626,4.496583205950503
2017-01-24,2017-01-23,002511,6.756509671754411,6.689169043796726,6.700392481789674
2017-01-24,2017-01-23,002562,,,
2017-01-24,2017-01-23,002716,12.23865446416096,12.2269596199525,12.16848539891016
2017-01-24,2017-01-23,300026,4.958444380809236,4.929560238785104,4.939188286126481
2017-01-24,2017-01-23,300198,6.53,6.56,6.56
2017-01-24,2017-01-23,300207,10.35943508954436,10.34076944073437,10.30343814311439
2017-01-24,2017-01-23,300263,6.797427965062277,6.787745019243101,6.729647344328038
2017-01-24,2017-01-23,300274,6.581805696448923,6.702204581140061,6.80922581197663
2017-01-24,2017-01-23,300296,10.09457612918943,10.11652085990506,10.11965582143586
2017-01-24,2017-01-23,300381,20.8827427546752,20.9020786275962,20.96975418281968
2017-01-24,2017-01-23,300479,,,
2017-01-24,2017-01-23,600461,4.909507313055175,4.896184362409164,4.889522887086159
2017-01-24,2017-01-23,600522,10.90295360375394,10.82623977013035,10.8166505409274
2017-01-24,2017-01-23,600782,3.057166061496087,3.072965369307437,3.080865023213111
2017-01-24,2017-01-23,601222,5.97112246909971,5.955199475848778,5.947237979223311
2017-01-24,2017-01-23,601992,3.623538618092551,3.598548696588465,3.60687867042316
2017-01-25,2017-01-24,000420,3.81,3.81,3.8
2017-01-25,2017-01-24,000516,,,
2017-01-25,2017-01-24,000727,,,
2017-01-25,2017-01-24,002114,20.01,20.15,20.2
2017-01-25,2017-01-24,002125,7.066591414097484,7.101924371167972,7.125479675881629
2017-01-25,2017-01-24,002141,9.005261129321518,8.795371580247433,8.785376839815331
2017-01-25,2017-01-24,002234,16.8363106462719,16.69322585324409,16.78861571526263
2017-01-25,2017-01-24,002252,21.49842106769686,21.60586433518649,21.54725891655578
2017-01-25,2017-01-24,002256,5.882598620475858,5.892338022165387,5.931295628923506
2017-01-25,2017-01-24,002364,19.22960966542751,19.21970260223048,19.21970260223048
2017-01-25,2017-01-24,002402,9.328428068508064,9.22098020593886,9.250284168457735
2017-01-25,2017-01-24,002421,5.802013141306398,5.82119335003799,5.82119335003799
2017-01-25,2017-01-24,002436,6.076671545872155,6.066979884714464,6.076671545872155
2017-01-25,2017-01-24,002472,9.911173703668517,9.891872489055727,9.978727954813289
2017-01-25,2017-01-24,002488,9.649637690316503,9.616882640451205,9.695494760127918
2017-01-25,2017-01-24,002495,5.581639344672687,5.561704918441714,5.581639344672687
2017-01-25,2017-01-24,002496,4.486786728377626,4.467193773231872,4.47699025080475
2017-01-25,2017-01-24,002511,6.756509671754411,6.771474255745009,6.749027379759113
2017-01-25,2017-01-24,002562,,,
2017-01-25,2017-01-24,002716,12.13340086628476,11.96967304736622,12.01060500209585
2017-01-25,2017-01-24,300026,4.929560238785104,4.900676096760972,4.919932191443727
2017-01-25,2017-01-24,300198,6.56,6.54,6.52
2017-01-25,2017-01-24,300207,10.19144425025445,10.15411295263447,10.18211142584946
2017-01-25,2017-01-24,300263,6.671549669412975,6.69091556105133,6.681232615232154
2017-01-25,2017-01-24,300274,6.789159331194774,6.802536985049344,6.782470504267488
2017-01-25,2017-01-24,300296,10.08203628306621,10.12279078296666,10.10711597531264
2017-01-25,2017-01-24,300381,20.78606339007023,20.4573535504133,20.65071227962326
2017-01-25,2017-01-24,300479,,,
2017-01-25,2017-01-24,600461,4.882861411763153,4.882861411763153,4.882861411763153
2017-01-25,2017-01-24,600522,10.80706131172445,10.71116901969495,10.76870439491265
2017-01-25,2017-01-24,600782,3.088764677118786,3.128262946647159,3.088764677118786
2017-01-25,2017-01-24,601222,5.97112246909971,5.947237979223311,5.955199475848778
2017-01-25,2017-01-24,601992,3.690178408770115,3.665188487266029,3.665188487266029
2017-01-26,2017-01-25,000420,3.83,3.82,3.83
2017-01-26,2017-01-25,000516,,,
2017-01-26,2017-01-25,000727,,,
2017-01-26,2017-01-25,002114,20.18,20.39,20.45
2017-01-26,2017-01-25,002125,7.066591414097484,7.119590849703215,7.160812632952117
2017-01-26,2017-01-25,002141,8.755392618519034,8.815361061111631,8.755392618519034
2017-01-26,2017-01-25,002234,16.90308354968487,17.01755138410712,17.02709037030898
2017-01-26,2017-01-25,002252,21.73284274221968,21.74261031199147,21.74261031199147
2017-01-26,2017-01-25,002256,5.892338022165387,5.921556227233976,5.941035030613035
2017-01-26,2017-01-25,002364,19.32868029739777,19.43765799256505,19.28905204460966
2017-01-26,2017-01-25,002402,9.289356118482898,9.30889209349548,9.29912410598919
2017-01-26,2017-01-25,002421,5.82119335003799,5.840373558769581,5.869143871866968
2017-01-26,2017-01-25,002436,6.076671545872155,6.115438190502918,6.1348215128183
2017-01-26,2017-01-25,002472,10.01733038403887,10.05593281326446,10.15243888632841
2017-01-26,2017-01-25,002488,9.629984660397323,9.669290720235681,9.688943750154857
2017-01-26,2017-01-25,002495,5.581639344672687,5.581639344672687,5.601573770903661
2017-01-26,2017-01-25,002496,4.545565593814888,4.555362071387766,4.555362071387766
2017-01-26,2017-01-25,002511,6.752768525756762,6.737803941766166,6.775215401742657
2017-01-26,2017-01-25,002562,,,
2017-01-26,2017-01-25,002716,11.95213078105352,11.87026687159424,11.92289367053235
2017-01-26,2017-01-25,300026,4.977700475491989,4.987328522833367,5.054724854223007
2017-01-26,2017-01-25,300198,6.59,6.56,6.65
2017-01-26,2017-01-25,300207,10.2847724943044,10.26610684549441,10.2847724943044
2017-01-26,2017-01-25,300263,6.642500831955445,6.661866723593799,6.681232615232154
2017-01-26,2017-01-25,300274,6.775781677340203,6.802536985049344,6.80922581197663
2017-01-26,2017-01-25,300296,10.23564939807561,10.24818924419883,10.28580878256848
2017-01-26,2017-01-25,300381,20.83440307237272,21.08576942034566,20.94075037343819
2017-01-26,2017-01-25,300479,,,
2017-01-26,2017-01-25,600461,4.889522887086159,4.896184362409164,4.922830263701186
2017-01-26,2017-01-25,600522,10.7399367073038,10.76870439491265,10.78788285331855
2017-01-26,2017-01-25,600782,3.088764677118786,3.128262946647159,3.11246363883581
2017-01-26,2017-01-25,601222,6.002968455601575,6.002968455601575,6.010929952227041
2017-01-26,2017-01-25,601992,3.623538618092551,3.623538618092551,3.623538618092551
2017-02-03,2017-01-26,000420,3.85,3.81,3.81
2017-02-03,2017-01-26,000516,,,
2017-02-03,2017-01-26,000727,,,
2017-02-03,2017-01-26,002114,21.2,20.82,20.85
2017-02-03,2017-01-26,002125,7.231478547093092,7.237367373271506,7.249145025628336
2017-02-03,2017-01-26,002141,8.735403137654837,8.765387358951134,8.705418916358539
2017-02-03,2017-01-26,002234,17.02709037030898,17.02709037030898,17.05570732891453
2017-02-03,2017-01-26,002252,21.80121573062217,21.7816805910786,21.73284274221968
2017-02-03,2017-01-26,002256,6.07738665426645,6.028689645818802,6.018950244129272
2017-02-03,2017-01-26,002364,19.24942379182156,19.22960966542751,19.02156133828996
2017-02-03,2017-01-26,002402,9.318660081001772,9.289356118482898,9.29912410598919
2017-02-03,2017-01-26,002421,5.878733976232764,5.878733976232764,5.859553767501173
2017-02-03,2017-01-26,002436,6.1348215128183,6.12512985166061,6.096054868187537
2017-02-03,2017-01-26,002472,9.978727954813289,9.949776132894103,9.930474918281309
2017-02-03,2017-01-26,002488,9.780657889777689,9.767555869831572,9.819963949616048
2017-02-03,2017-01-26,002495,5.631475410250122,5.621508197134634,5.611540984019148
2017-02-03,2017-01-26,002496,4.574955026533519,4.565158548960642,4.653326847116534
2017-02-03,2017-01-26,002511,6.89493207366743,6.857520613690938,6.861261759688588
2017-02-03,2017-01-26,002562,,,
2017-02-03,2017-01-26,002716,11.97552046947045,12.42577197149644,12.67721112197848
2017-02-03,2017-01-26,300026,5.102865090929892,5.141377280295401,5.122121185612647
2017-02-03,2017-01-26,300198,6.73,6.72,6.74
2017-02-03,2017-01-26,300207,10.22877554787443,10.25677402108942,10.2941053187094
2017-02-03,2017-01-26,300263,6.681232615232154,6.739330290147215,6.787745019243101
2017-02-03,2017-01-26,300274,6.782470504267488,6.789159331194774,6.782470504267488
2017-02-03,2017-01-26,300296,10.35477793624617,10.42061212839306,10.48331135900914
2017-02-03,2017-01-26,300381,20.72805577130724,20.72805577130724,20.59270466086027
2017-02-03,2017-01-26,300479,,,
2017-02-03,2017-01-26,600461,4.916168788378181,4.90284583773217,4.90284583773217
2017-02-03,2017-01-26,600522,10.7591151657097,10.7591151657097,10.7974720825215
2017-02-03,2017-01-26,600782,3.167761216175532,3.128262946647159,3.104563984930135
2017-02-03,2017-01-26,601222,5.995006958976109,5.987045462350642,5.97112246909971
2017-02-03,2017-01-26,601992,3.60687867042316,3.590218722753769,3.623538618092551
2017-02-06,2017-02-03,000420,3.8,3.81,3.81
2017-02-06,2017-02-03,000516,,,
2017-02-06,2017-02-03,000596,38.64797954953406,38.43350685503054,38.43350685503054
2017-02-06,2017-02-03,000727,,,
2017-02-06,2017-02-03,002079,8.548395231275601,8.548395231275601,8.558176003851429
2017-02-06,2017-02-03,002114,20.8,20.73,20.56
2017-02-06,2017-02-03,002125,7.20203441620102,7.231478547093092,7.213812068557848
2017-02-06,2017-02-03,002141,8.575487290741247,8.635455733333844,8.785376839815331
2017-02-06,2017-02-03,002196,12.47342707785894,12.52003493242357,12.53751287788531
2017-02-06,2017-02-03,002234,16.99847341170341,17.24648705295161,17.28464299775903
2017-02-06,2017-02-03,002252,21.69377246313254,21.76214545153503,21.73284274221968
2017-02-06,2017-02-03,002256,6.07738665426645,6.05790785088739,6.048168449197861
2017-02-06,2017-02-03,002402,9.318660081001772,9.347964043520646,9.377268006039518
2017-02-06,2017-02-03,002407,18.14282730149023,18.25864707772956,18.24502122170141
2017-02-06,2017-02-03,002421,5.869143871866968,5.859553767501173,5.859553767501173
2017-02-06,2017-02-03,002436,6.086363207029846,6.096054868187537,6.096054868187537
2017-02-06,2017-02-03,002472,9.901523096362123,9.940125525587707,9.920824310974913
2017-02-06,2017-02-03,002495,5.601573770903661,5.621508197134634,5.621508197134634
2017-02-06,2017-02-03,002562,,,
2017-02-06,2017-02-03,300014,7.337300984131369,7.378077926036927,7.357689455084149
2017-02-06,2017-02-03,300026,5.093237043588515,5.122121185612647,5.102865090929892
2017-02-06,2017-02-03,300073,22.39524004447899,22.39992426117936,22.39524004447899
2017-02-06,2017-02-03,300198,6.72,6.66,6.67
2017-02-06,2017-02-03,300207,10.43409768478432,10.39676638716434,10.44343050918932
2017-02-06,2017-02-03,300274,6.795848158122059,6.8226034658312,6.849358773540343
2017-02-06,2017-02-03,300381,20.53469704209728,20.77639545360973,20.86340688175421
2017-02-06,2017-02-03,300429,14.86688196891247,14.80510822111921,14.66096947626826
2017-02-06,2017-02-03,300479,,,
2017-02-06,2017-02-03,600461,4.889522887086159,4.896184362409164,4.896184362409164
2017-02-06,2017-02-03,600467,4.158571105664428,4.23612021719197,4.207039300369141
2017-02-06,2017-02-03,600782,3.11246363883581,3.057166061496087,3.065065715401762
2017-02-06,2017-02-03,601222,6.002968455601575,6.002968455601575,5.979083965725176
2017-02-07,2017-02-06,000420,3.84,3.82,3.82
2017-02-07,2017-02-06,000516,,,
2017-02-07,2017-02-06,000596,38.64797954953406,38.63082173397378,38.74234753511561
2017-02-07,2017-02-06,000727,,,
2017-02-07,2017-02-06,002079,8.646202957033902,8.636422184458072,8.607079866730581
2017-02-07,2017-02-06,002114,20.75,20.68,20.84
2017-02-07,2017-02-06,002125,7.243256199449922,7.225589720914678,7.225589720914678
2017-02-07,2017-02-06,002141,8.735403137654837,8.735403137654837,8.695424175926439
2017-02-07,2017-02-06,002196,12.63655456883515,12.66568447793804,12.65985849611746
2017-02-07,2017-02-06,002234,17.48496170799795,17.44680576319054,17.41818880458498
2017-02-07,2017-02-06,002252,21.55702648632757,21.57656162587113,21.54725891655578
2017-02-07,2017-02-06,002256,6.07738665426645,6.05790785088739,6.05790785088739
2017-02-07,2017-02-06,002402,9.435875931077266,9.3968039810521,9.426107943570976
2017-02-07,2017-02-06,002407,18.43578320609559,18.37446685396889,18.3404022138985
2017-02-07,2017-02-06,002421,5.897914184964356,5.88832408059856,5.88832408059856
2017-02-07,2017-02-06,002436,6.241429785552899,6.222046463237517,6.202663140922136
2017-02-07,2017-02-06,002472,9.959426740200497,9.978727954813289,9.988378562119685
2017-02-07,2017-02-06,002495,5.67134426271207,5.651409836481096,5.681311475827557
2017-02-07,2017-02-06,002562,,7.84978448275862,7.757650862068965
2017-02-07,2017-02-06,300014,7.457083250978947,7.444340456633459,7.490214516277213
2017-02-07,2017-02-06,300026,5.11249313827127,5.093237043588515,5.102865090929892
2017-02-07,2017-02-06,300073,22.47487172838532,22.42334534468122,22.28281884367006
2017-02-07,2017-02-06,300198,6.72,6.68,6.67
2017-02-07,2017-02-06,300207,10.62075417288422,10.66741829490919,10.63008699728922
2017-02-07,2017-02-06,300274,6.916247042813197,6.902869388958626,6.882802908176769
2017-02-07,2017-02-06,300381,20.96008624635919,20.82473513591222,20.82473513591222
2017-02-07,2017-02-06,300429,14.86688196891247,14.84114290733194,14.794812596487
2017-02-07,2017-02-06,300479,,,
2017-02-07,2017-02-06,600461,4.936153214347199,4.936153214347199,4.929491739024193
2017-02-07,2017-02-06,600467,4.226426578251028,4.207039300369141,4.197345661428199
2017-02-07,2017-02-06,600782,3.088764677118786,3.049266407590412,3.057166061496087
2017-02-07,2017-02-06,601222,6.026852945477974,6.018891448852507,6.018891448852507
2017-02-08,2017-02-07,000420,3.83,3.83,3.82
2017-02-08,2017-02-07,000516,,,
2017-02-08,2017-02-07,000596,38.60508501063336,38.45924357837097,38.44208576281068
2017-02-08,2017-02-07,000727,,,
2017-02-08,2017-02-07,002079,8.558176003851429,8.538614458699771,8.51905291354811
2017-02-08,2017-02-07,002114,20.83,20.59,20.54
2017-02-08,2017-02-07,002125,7.266811504163579,7.231478547093092,7.225589720914678
2017-02-08,2017-02-07,002141,9.055234831482016,9.035245350617815,8.925303205864724
2017-02-08,2017-02-07,002196,12.58994671427052,12.49090502332068,12.46760109603836
2017-02-08,2017-02-07,002234,17.38003285977756,17.30372097016273,17.07478530131824
2017-02-08,2017-02-07,002252,21.48865349792508,21.44958321883794,21.40074536997902
2017-02-08,2017-02-07,002256,6.07738665426645,6.048168449197861,6.028689645818802
2017-02-08,2017-02-07,002402,9.377268006039518,9.426107943570976,10.04149115646732
2017-02-08,2017-02-07,002407,18.23139536567325,18.13601437347615,18.28589878978588
2017-02-08,2017-02-07,002421,5.878733976232764,5.859553767501173,5.869143871866968
2017-02-08,2017-02-07,002436,6.202663140922136,6.1348215128183,6.163896496291373
2017-02-08,2017-02-07,002472,10.05593281326446,10.03663159865166,9.978727954813289
2017-02-08,2017-02-07,002495,5.880655738137296,5.820852459444374,5.850754098790834
2017-02-08,2017-02-07,002562,7.677801724137931,7.628663793103448,7.542672413793103
2017-02-08,2017-02-07,300014,7.495311634015407,7.444340456633459,7.474923163062628
2017-02-08,2017-02-07,300026,5.122121185612647,5.11249313827127,5.102865090929892
2017-02-08,2017-02-07,300073,21.78160765673025,21.8237656070336,21.89402885753918
2017-02-08,2017-02-07,300198,6.66,6.64,6.63
2017-02-08,2017-02-07,300207,10.6580854705042,10.57409005085925,10.61142134847922
2017-02-08,2017-02-07,300274,6.842669946613057,6.849358773540343,6.829292292758486
2017-02-08,2017-02-07,300381,23.0580284582872,23.32873067918114,22.80666211031426
2017-02-08,2017-02-07,300429,14.68156072553268,14.69185635016489,14.74333447332594
2017-02-08,2017-02-07,300479,,,
2017-02-08,2017-02-07,600461,4.916168788378181,4.909507313055175,4.896184362409164
2017-02-08,2017-02-07,600467,4.207039300369141,4.197345661428199,4.187652022487256
2017-02-08,2017-02-07,600782,3.072965369307437,3.041366753684738,3.049266407590412
2017-02-08,2017-02-07,601222,6.050737435354373,6.010929952227041,6.010929952227041
2017-02-09,2017-02-08,000420,3.85,3.86,3.88
2017-02-09,2017-02-08,000516,,,
2017-02-09,2017-02-08,000596,38.94824132183899,39.03403039964039,39.00829367629997
2017-02-09,2017-02-08,000727,,,
2017-02-09,2017-02-08,002079,8.695106819913054,8.675545274761392,8.714668365064714
2017-02-09,2017-02-08,002114,20.9,21.08,21.02
2017-02-09,2017-02-08,002125,7.472920420408089,7.378699201553456,7.443476289516017
2017-02-09,2017-02-08,002141,8.995266388889419,9.085219052778314,9.105208533642513
2017-02-09,2017-02-08,002196,12.6482065324763,12.61325064155283,12.71811831432325
2017-02-09,2017-02-08,002234,17.38957184597942,17.40864981838313,17.39911083218127
2017-02-09,2017-02-08,002252,21.32260481180474,21.31283724203296,21.39097780020724
2017-02-09,2017-02-08,002256,6.096865457645508,6.106604859335038,6.213738277919863
2017-02-09,2017-02-08,002402,9.885203356366659,9.826595431328913,9.943811281404406
2017-02-09,2017-02-08,002407,18.44259613410967,18.36084099794073,18.40171856602521
2017-02-09,2017-02-08,002421,5.897914184964356,5.907504289330151,6.051355854817086
2017-02-09,2017-02-08,002436,6.309271413656734,6.299579752499044,6.415879686391334
2017-02-09,2017-02-08,002472,10.04628220595806,10.08488463518364,10.14278827902202
2017-02-09,2017-02-08,002495,5.860721311906321,5.980327869292164,5.980327869292164
2017-02-09,2017-02-08,002562,7.561099137931035,7.604094827586207,7.622521551724138
2017-02-09,2017-02-08,300014,7.65841940163764,7.643128048423055,7.597253988779302
2017-02-09,2017-02-08,300026,5.141377280295401,5.131749232954024,5.151005327636778
2017-02-09,2017-02-08,300073,22.12823969255778,22.1422923426589,22.28281884367006
2017-02-09,2017-02-08,300198,6.7,6.67,6.71
2017-02-09,2017-02-08,300207,10.92873737824905,10.89140608062907,10.95673585146404
2017-02-09,2017-02-08,300274,6.896180562031341,6.902869388958626,6.909558215885911
2017-02-09,2017-02-08,300381,22.73898655509078,23.0676963947477,23.78312369282454
2017-02-09,2017-02-08,300429,14.93380352902184,15.00072508913121,15.28900257883312
2017-02-09,2017-02-08,300479,,,
2017-02-09,2017-02-08,600461,4.956137640316215,4.956137640316215,4.976122066285232
2017-02-09,2017-02-08,600467,4.207039300369141,4.216732939310084,4.216732939310084
2017-02-09,2017-02-08,600782,3.041366753684738,3.041366753684738,3.072965369307437
2017-02-09,2017-02-08,601222,6.066660428605306,6.074621925230772,6.066660428605306
2017-02-10,2017-02-09,000420,4,4.02,4.05
2017-02-10,2017-02-09,000516,,,
2017-02-10,2017-02-09,000596,39.45439688086729,39.84902663875377,39.98628916323602
2017-02-10,2017-02-09,000727,,,
2017-02-10,2017-02-09,002079,8.841818408550505,8.812476090823015,8.841818408550505
2017-02-10,2017-02-09,002114,20.95,21,20.85
2017-02-10,2017-02-09,002125,7.52591985601382,7.52591985601382,7.514142203656991
2017-02-10,2017-02-09,002141,9.055234831482016,9.075224312346215,9.055234831482016
2017-02-10,2017-02-09,002196,12.87541982347887,12.88707178712003,12.79385607799077
2017-02-10,2017-02-09,002234,17.79020926645727,17.71389737684244,17.78067028025542
2017-02-10,2017-02-09,002252,21.04911285819479,21.03934528842301,21.05888042796657
2017-02-10,2017-02-09,002256,6.194259474540805,6.184520072851274,6.184520072851274
2017-02-10,2017-02-09,002402,9.934043293898116,9.875435368860368,9.846131406341495
2017-02-10,2017-02-09,002407,18.91268816708107,18.80368131885582,18.76961667878543
2017-02-10,2017-02-09,002421,6.300698568327775,6.185617315938226,6.166437107206635
2017-02-10,2017-02-09,002436,6.745396165752823,6.687246198806678,6.852004438487422
2017-02-10,2017-02-09,002472,10.11383645710283,10.1813907082476,10.21034253016679
2017-02-10,2017-02-09,002495,6.080000000447034,6.099934426678009,6.050098361100574
2017-02-10,2017-02-09,002562,8.02176724137931,7.948060344827586,7.898922413793103
2017-02-10,2017-02-09,300014,7.836818522474457,7.834269963605359,7.808784374914386
2017-02-10,2017-02-09,300026,5.179889469660909,5.170261422319533,5.160633374978156
2017-02-10,2017-02-09,300073,23.34613603465453,23.17282001674076,23.12597784973704
2017-02-10,2017-02-09,300198,6.73,6.75,6.74
2017-02-10,2017-02-09,300207,10.91940455384406,10.88207325622408,10.8447419586041
2017-02-10,2017-02-09,300274,6.936313523595053,7.036645927504336,6.989824139013337
2017-02-10,2017-02-09,300381,23.37707036148363,23.00968877598471,22.84533385615625
2017-02-10,2017-02-09,300429,15.25296789262038,15.24782008030427,15.03161196302785
2017-02-10,2017-02-09,300479,,,
2017-02-10,2017-02-09,600461,5.042736819515289,5.062721245484306,5.062721245484306
2017-02-10,2017-02-09,600467,4.226426578251028,4.226426578251028,4.216732939310084
2017-02-10,2017-02-09,600782,3.151961908364183,3.207259485703905,3.191460177892556
2017-02-10,2017-02-09,601222,6.090544918481704,6.074621925230772,6.074621925230772
2017-02-13,2017-02-10,000056,13.31822591728284,13.3082869427177,13.28840899358743
2017-02-13,2017-02-10,000420,4.09,4.08,4.09
2017-02-13,2017-02-10,000516,,,
2017-02-13,2017-02-10,000727,,,
2017-02-13,2017-02-10,000966,5.354662320684358,5.336541636011991,5.336541636011991
2017-02-13,2017-02-10,002114,21.49,21.9,21.89
2017-02-13,2017-02-10,002125,7.3963656800887,7.331588592126139,7.331588592126139
2017-02-13,2017-02-10,002139,8.589922225926941,8.545381888459172,8.551744793811711
2017-02-13,2017-02-10,002141,8.985271648457321,8.995266388889419,8.885324244136328
2017-02-13,2017-02-10,002157,5.835045500438109,5.816192364733946,5.816192364733946
2017-02-13,2017-02-10,002252,21.03934528842301,21.06864799773836,21.03934528842301
2017-02-13,2017-02-10,002256,6.203998876230334,6.233217081298923,6.174780671161745
2017-02-13,2017-02-10,002402,9.816827443822623,9.846131406341495,9.836363418835205
2017-02-13,2017-02-10,002407,18.89224938303883,18.8718105989966,19.00806915927816
2017-02-13,2017-02-10,002421,6.137666794109248,6.137666794109248,6.15684700284084
2017-02-13,2017-02-10,002436,6.667862876491296,6.619404570702842,6.70662952112206
2017-02-13,2017-02-10,002472,10.23929435208598,10.22964374477958,10.24894495939237
2017-02-13,2017-02-10,002533,7.914311700786756,7.90650665966172,7.867481454036539
2017-02-13,2017-02-10,002714,4.853445821634494,4.843368068682596,4.835305866321076
2017-02-13,2017-02-10,300026,5.160633374978156,5.160633374978156,5.151005327636778
2017-02-13,2017-02-10,300048,5.724268749737051,5.717219157680725,5.731318341793379
2017-02-13,2017-02-10,300198,6.7,6.68,6.69
2017-02-13,2017-02-10,300263,6.903940369073225,6.865208585796516,6.874891531615694
2017-02-13,2017-02-10,300274,6.949691177449625,6.909558215885911,6.922935869740482
2017-02-13,2017-02-10,300318,8.51663383615513,8.476696514531893,8.466712184126084
2017-02-13,2017-02-10,300381,22.57463163526231,22.1879141768424,22.12023862161892
2017-02-13,2017-02-10,300429,14.97498602755069,15.00587290144732,14.91321227975742
2017-02-13,2017-02-10,300438,21.42176974996542,21.29174383342542,21.32425031256042
2017-02-13,2017-02-10,300479,,,
2017-02-13,2017-02-10,600461,5.069382720807312,5.062721245484306,5.076044196130317
2017-02-13,2017-02-10,600491,11.56411099667802,11.62256480121051,11.69076090649842
2017-02-13,2017-02-10,600884,8.666784779457773,8.699688290389656,8.745753205694291
2017-02-13,2017-02-10,601222,6.090544918481704,6.05869893197984,6.074621925230772
2017-02-14,2017-02-13,000056,13.36792079010852,13.37785976467366,13.33810386641311
2017-02-14,2017-02-13,000420,4.08,4.06,4.04
2017-02-14,2017-02-13,000516,,,
2017-02-14,2017-02-13,000727,,,
2017-02-14,2017-02-13,000966,5.363722663020542,5.354662320684358,5.345601978348175
2017-02-14,2017-02-13,002114,21.69,21.64,21.41
2017-02-14,2017-02-13,002125,7.419920984802358,7.3963656800887,7.361032723018212
2017-02-14,2017-02-13,002139,8.621736752689634,8.609010941984556,8.634462563394711
2017-02-14,2017-02-13,002141,8.955287427161023,8.965282167593122,8.935297946296823
2017-02-14,2017-02-13,002157,5.901031475402675,5.882178339698513,5.863325203994351
2017-02-14,2017-02-13,002252,21.13702098614085,21.10771827682549,21.05888042796657
2017-02-14,2017-02-13,002256,6.194259474540805,6.165041269472216,6.155301867782686
2017-02-14,2017-02-13,002402,9.875435368860368,9.924275306391825,9.875435368860368
2017-02-14,2017-02-13,002407,18.96037866317961,18.96037866317961,18.91268816708107
2017-02-14,2017-02-13,002421,6.137666794109248,6.118486585377656,6.118486585377656
2017-02-14,2017-02-13,002436,6.658171215333605,6.726012843437442,6.755087826910513
2017-02-14,2017-02-13,002472,10.25859556669877,10.25859556669877,10.17174010094121
2017-02-14,2017-02-13,002533,7.914311700786756,7.898701618536682,7.90650665966172
2017-02-14,2017-02-13,002714,4.928021193478546,4.909881238165128,4.915927889936268
2017-02-14,2017-02-13,300026,5.199145564343665,5.170261422319533,5.170261422319533
2017-02-14,2017-02-13,300048,5.773615894131337,5.76656630207501,5.752467117962358
2017-02-14,2017-02-13,300198,6.75,6.73,6.73
2017-02-14,2017-02-13,300263,6.913623314892401,6.92330626071158,6.932989206530756
2017-02-14,2017-02-13,300274,6.956380004376911,6.956380004376911,6.949691177449625
2017-02-14,2017-02-13,300318,8.576539818589984,8.576539818589984,8.566555488184175
2017-02-14,2017-02-13,300381,22.70031480924878,22.81633004677476,22.48762020711784
2017-02-14,2017-02-13,300429,14.90806446744132,15.05735102460837,14.94924696597016
2017-02-14,2017-02-13,300438,21.74683454131543,21.64931510391042,21.55179566650542
2017-02-14,2017-02-13,300479,,,
2017-02-14,2017-02-13,600461,5.082705671453323,5.109351572745346,5.089367146776328
2017-02-14,2017-02-13,600491,11.74921471103091,11.71024550800925,11.64204940272134
2017-02-14,2017-02-13,600884,8.739172503507914,8.739172503507914,8.706268992576032
2017-02-14,2017-02-13,601222,6.09850641510717,6.09850641510717,6.09850641510717
2017-02-15,2017-02-14,000056,13.31822591728284,13.28840899358743,13.29834796815256
2017-02-15,2017-02-14,000420,4.08,4.05,4.06
2017-02-15,2017-02-14,000516,,,
2017-02-15,2017-02-14,000727,,3.45,3.42
2017-02-15,2017-02-14,000966,5.390903690029091,5.381843347692908,5.418084717037642
2017-02-15,2017-02-14,002114,21.81,21.51,21.55
2017-02-15,2017-02-14,002125,7.372810375375042,7.331588592126139,7.372810375375042
2017-02-15,2017-02-14,002139,8.532656077754094,8.577196415221865,8.558107699164248
2017-02-15,2017-02-14,002141,8.895318984568426,8.845345282407928,8.915308465432625
2017-02-15,2017-02-14,002157,5.863325203994351,5.844472068290189,5.844472068290189
2017-02-15,2017-02-14,002252,20.93190202093338,20.93190202093338,20.94166959070517
2017-02-15,2017-02-14,002256,6.145562466093156,6.155301867782686,6.126083662714097
2017-02-15,2017-02-14,002402,9.816827443822623,9.787523481303747,9.816827443822623
2017-02-15,2017-02-14,002407,19.0285079433204,19.03532087133448,18.89906231105291
2017-02-15,2017-02-14,002421,6.15684700284084,6.118486585377656,6.128076689743452
2017-02-15,2017-02-14,002436,6.764779488068205,6.755087826910513,6.793854471541277
2017-02-15,2017-02-14,002472,10.17174010094121,10.11383645710283,10.16208949363481
2017-02-15,2017-02-14,002533,7.851871371786467,7.859676412911503,7.890896577411647
2017-02-15,2017-02-14,002714,4.877632428719052,4.915927889936268,4.897787934622849
2017-02-15,2017-02-14,300026,5.170261422319533,5.151005327636778,5.179889469660909
2017-02-15,2017-02-14,300048,5.76656630207501,5.759516710018684,5.773615894131337
2017-02-15,2017-02-14,300198,6.79,6.77,6.73
2017-02-15,2017-02-14,300263,6.874891531615694,6.865208585796516,6.85552563997734
2017-02-15,2017-02-14,300274,6.896180562031341,6.889491735104055,6.922935869740482
2017-02-15,2017-02-14,300318,8.566555488184175,8.536602496966749,8.576539818589984
2017-02-15,2017-02-14,300381,22.52629195295983,22.26525766852639,22.51662401649933
2017-02-15,2017-02-14,300429,14.99557727681511,15.11397696008553,15.15515945861438
2017-02-15,2017-02-14,300438,21.90936693699043,21.74033324548843,21.81184749958543
2017-02-15,2017-02-14,300479,,,
2017-02-15,2017-02-14,600461,5.076044196130317,5.082705671453323,5.109351572745346
2017-02-15,2017-02-14,600491,11.56411099667802,11.62256480121051,11.56411099667802
2017-02-15,2017-02-14,600884,8.745753205694291,8.726011099135162,8.719430396948784
2017-02-15,2017-02-14,601222,6.082583421856238,6.074621925230772,6.074621925230772
2017-02-16,2017-02-15,000056,13.18901924793606,13.13932437511038,13.26853104445715
2017-02-16,2017-02-15,000420,4.1,4.12,4.1
2017-02-16,2017-02-15,000516,,,
2017-02-16,2017-02-15,000727,3.41,3.37,3.35
2017-02-16,2017-02-15,000966,5.436205401710009,5.445265744046191,5.409024374701458
2017-02-16,2017-02-15,002114,21.39,21.34,21.38
2017-02-16,2017-02-15,002125,7.207923242379434,7.237367373271506,7.237367373271506
2017-02-16,2017-02-15,002139,8.399035065350786,8.424486686760941,8.500841550991401
2017-02-16,2017-02-15,002141,8.695424175926439,8.685429435494338,8.645450473765942
2017-02-16,2017-02-15,002157,5.835045500438109,6.127269103852618,6.117842536000537
2017-02-16,2017-02-15,002252,21.01981014887944,21.06864799773836,20.97097230002052
2017-02-16,2017-02-15,002256,6.07738665426645,6.05790785088739,6.028689645818802
2017-02-16,2017-02-15,002402,9.621467693696799,9.631235681203089,9.826595431328913
2017-02-16,2017-02-15,002407,18.49028663020822,18.53116419829269,18.42897027808152
2017-02-16,2017-02-15,002421,6.0225855417197,6.003405332988108,6.003405332988108
2017-02-16,2017-02-15,002436,6.60002124838746,6.590329587229769,6.551562942599006
2017-02-16,2017-02-15,002472,10.02698099134527,9.998029169426081,9.940125525587707
2017-02-16,2017-02-15,002533,7.71918567266085,7.726990713785886,7.726990713785886
2017-02-16,2017-02-15,002714,4.849414720453735,4.867554675767153,4.873601327538292
2017-02-16,2017-02-15,300026,5.122121185612647,5.11249313827127,5.11249313827127
2017-02-16,2017-02-15,300048,5.681971197399094,5.68902078945542,5.681971197399094
2017-02-16,2017-02-15,300198,6.83,6.78,6.78
2017-02-16,2017-02-15,300263,6.807110910881454,6.826476802519808,6.797427965062277
2017-02-16,2017-02-15,300274,6.80922581197663,6.80922581197663,6.789159331194774
2017-02-16,2017-02-15,300318,8.456727853720276,8.476696514531893,8.446743523314467
2017-02-16,2017-02-15,300381,22.32326528728937,22.47795227065734,22.12990655807942
2017-02-16,2017-02-15,300429,14.84629071964805,14.71244759942931,14.67126510090047
2017-02-16,2017-02-15,300438,21.49328400406242,21.46727882075442,21.46077752492742
2017-02-16,2017-02-15,300479,,,
2017-02-16,2017-02-15,600461,5.076044196130317,5.089367146776328,5.089367146776328
2017-02-16,2017-02-15,600491,11.57385329743344,11.67127630498759,11.83689541782965
2017-02-16,2017-02-15,600884,8.554912842289374,8.607558459780385,8.587816353221257
2017-02-16,2017-02-15,601222,5.963160972474244,5.97112246909971,5.963160972474244
2017-02-17,2017-02-16,000056,13.3082869427177,13.24865309532688,13.05981257858929
2017-02-17,2017-02-16,000420,4.11,4.1,4.08
2017-02-17,2017-02-16,000516,,,
2017-02-17,2017-02-16,000727,3.39,3.38,3.37
2017-02-17,2017-02-16,000966,5.454326086382374,5.454326086382374,5.445265744046191
2017-02-17,2017-02-16,002114,21.78,21.56,21.44
2017-02-17,2017-02-16,002125,7.278589156520408,7.296255635055653,7.355143896839798
2017-02-17,2017-02-16,002139,8.558107699164248,8.653551279452326,8.621736752689634
2017-02-17,2017-02-16,002141,8.705418916358539,8.685429435494338,8.615466252469643
2017-02-17,2017-02-16,002157,6.24981448592967,,
2017-02-17,2017-02-16,002252,20.81469118367197,20.7365506254977,20.63887492777986
2017-02-17,2017-02-16,002256,6.096865457645508,6.048168449197861,6.07738665426645
2017-02-17,2017-02-16,002402,9.748451531278583,9.787523481303747,9.787523481303747
2017-02-17,2017-02-16,002407,18.61291933446163,18.52435127027861,18.51753834226453
2017-02-17,2017-02-16,002421,6.032175646085495,6.051355854817086,6.195207420304022
2017-02-17,2017-02-16,002436,6.60002124838746,6.687246198806678,6.658171215333605
2017-02-17,2017-02-16,002472,10.02698099134527,10.07523402787725,10.07523402787725
2017-02-17,2017-02-16,002533,7.758210878286031,7.789431042786176,7.766015919411067
2017-02-17,2017-02-16,002714,4.885694631080571,4.897787934622849,4.883679080490191
2017-02-17,2017-02-16,300026,5.122121185612647,5.122121185612647,5.122121185612647
2017-02-17,2017-02-16,300048,5.696070381511746,5.696070381511746,5.68902078945542
2017-02-17,2017-02-16,300198,6.94,6.96,6.92
2017-02-17,2017-02-16,300263,6.826476802519808,6.845842694158163,6.884574477434871
2017-02-17,2017-02-16,300274,6.815914638903915,6.856047600467628,6.8226034658312
2017-02-17,2017-02-16,300318,8.466712184126084,8.486680844937704,8.476696514531893
2017-02-17,2017-02-16,300381,22.30392941436838,22.23625385914489,22.33293322374987
2017-02-17,2017-02-16,300429,14.61978697773941,14.69185635016489,14.62493479005552
2017-02-17,2017-02-16,300438,21.70132547052643,21.87686045785543,21.87035916202843
2017-02-17,2017-02-16,300479,,,
2017-02-17,2017-02-16,600461,5.116013048068351,5.122674523391357,5.122674523391357
2017-02-17,2017-02-16,600491,11.82715311707424,11.79792621480799,11.91483382387297
2017-02-17,2017-02-16,600884,8.620719864153138,8.706268992576032,8.65362337508502
2017-02-17,2017-02-16,601222,5.987045462350642,5.987045462350642,5.979083965725176
2017-02-20,2017-02-17,000055,8.698712330165126,8.747376455089126,8.759542486320127
2017-02-20,2017-02-17,000516,,,
2017-02-20,2017-02-17,002125,7.213812068557848,7.331588592126139,7.343366244482969
2017-02-20,2017-02-17,002139,8.475389929581249,8.488115740286325,8.46902702422871
2017-02-20,2017-02-17,002141,8.485534626852353,8.465545145988154,8.445555665123955
2017-02-20,2017-02-17,002157,,,
2017-02-20,2017-02-17,002192,19.80991824554747,19.84870418435422,19.84870418435422
2017-02-20,2017-02-17,002234,16.55968004641814,16.55014106021629,16.48336815680331
2017-02-20,2017-02-17,002402,9.699611593747127,9.748451531278583,9.709379581253419
2017-02-20,2017-02-17,002407,18.29952464581403,,
2017-02-20,2017-02-17,002421,6.108896481011861,6.108896481011861,6.118486585377656
2017-02-20,2017-02-17,002436,6.551562942599006,6.60002124838746,6.570946264914388
2017-02-20,2017-02-17,002472,9.959426740200497,10.00767977673248,10.02698099134527
2017-02-20,2017-02-17,002495,5.780983606982426,5.820852459444374,5.820852459444374
2017-02-20,2017-02-17,002533,7.687965508160705,7.750405837160995,7.734795754910922
2017-02-20,2017-02-17,002590,18.19803031474058,18.26521713552286,18.20762843199519
2017-02-20,2017-02-17,002643,12.72077198626892,13.15391018954126,13.31367428091221
2017-02-20,2017-02-17,002709,8.181706400466506,8.167803755775825,8.185182061639178
2017-02-20,2017-02-17,002714,4.891741282851711,4.948176699382344,4.956238901743864
2017-02-20,2017-02-17,002769,20.24648436099956,20.14905180873296,20.55826852825268
2017-02-20,2017-02-17,002775,8.879994918568293,9.633130582273296,9.563071450765854
2017-02-20,2017-02-17,300026,5.093237043588515,5.11249313827127,5.102865090929892
2017-02-20,2017-02-17,300127,17.08437898945762,17.24325997568342,17.28998967751454
2017-02-20,2017-02-17,300198,6.9,7.03,6.98
2017-02-20,2017-02-17,300263,6.797427965062277,6.85552563997734,6.845842694158163
2017-02-20,2017-02-17,300327,25.04319808592611,25.03609564744457,25.07871027833384
2017-02-20,2017-02-17,300341,10.11445415788733,10.11445415788733,10.21785471154603
2017-02-20,2017-02-17,300479,,,
2017-02-20,2017-02-17,300481,18.24893816943513,18.22996837923821,18.24893816943513
2017-02-20,2017-02-17,300489,21.78161975971868,21.81487414103122,21.78827063598118
2017-02-20,2017-02-17,600419,21.75663220742031,21.74449574467909,21.76472318258111
2017-02-20,2017-02-17,600782,3.349453256006049,3.420550141157121,3.467948064591169
2017-02-20,2017-02-17,601222,5.923353489346913,5.939276482597845,5.979083965725176
2017-02-21,2017-02-20,000055,8.753459470704627,8.759542486320127,8.729127408242626
2017-02-21,2017-02-20,000516,,,
2017-02-21,2017-02-20,002125,7.325699765947725,7.325699765947725,7.302144461234067
2017-02-21,2017-02-20,002139,8.513567361696479,8.602648036632019,8.628099658042172
2017-02-21,2017-02-20,002141,8.485534626852353,8.455550405556055,8.505524107716552
2017-02-21,2017-02-20,002157,,6.089562832444294,6.183828510965103
2017-02-21,2017-02-20,002192,19.95536551607278,20.08141981719472,20.27534951122847
2017-02-21,2017-02-20,002234,16.44521221199589,16.44521221199589,16.55968004641814
2017-02-21,2017-02-20,002402,9.719147568759709,9.738683543772293,9.709379581253419
2017-02-21,2017-02-20,002407,,18.68104861460241,18.83093303091213
2017-02-21,2017-02-20,002421,6.147256898475043,6.137666794109248,6.128076689743452
2017-02-21,2017-02-20,002436,6.619404570702842,6.609712909545151,6.658171215333605
2017-02-21,2017-02-20,002472,10.12348706440923,10.14278827902202,10.15243888632841
2017-02-21,2017-02-20,002495,5.860721311906321,5.840786885675348,5.880655738137296
2017-02-21,2017-02-20,002533,7.789431042786176,7.82065120728632,7.805041125036248
2017-02-21,2017-02-20,002590,18.3036096045413,18.73552488099875,18.80271170178102
2017-02-21,2017-02-20,002643,13.09355486613446,12.85568388564883,13.04385048215239
2017-02-21,2017-02-20,002709,8.325946339132335,8.388508240240407,8.352013797927365
2017-02-21,2017-02-20,002714,5.087249690118548,5.169887264324119,5.321053558602602
2017-02-21,2017-02-20,002769,20.61672805961264,20.54852527302602,20.81159316414584
2017-02-21,2017-02-20,002775,9.44922536206626,9.304728403332161,9.300349707612945
2017-02-21,2017-02-20,300026,5.141377280295401,5.141377280295401,5.122121185612647
2017-02-21,2017-02-20,300127,17.13110869128873,17.52363818667015,17.39279502154301
2017-02-21,2017-02-20,300198,7.05,7.14,7.15
2017-02-21,2017-02-20,300263,6.845842694158163,6.85552563997734,6.845842694158163
2017-02-21,2017-02-20,300327,24.89404687781368,24.85853468540595,25.03609564744457
2017-02-21,2017-02-20,300341,10.22725476187864,10.22725476187864,10.20845466121342
2017-02-21,2017-02-20,300479,,,
2017-02-21,2017-02-20,300481,18.10982637465773,18.10982637465773,18.17305900864745
2017-02-21,2017-02-20,300489,21.90133553244385,21.98779692385648,22.04765481021906
2017-02-21,2017-02-20,600419,21.92249719821693,21.85372390935004,21.86990585967166
2017-02-21,2017-02-20,600782,3.475847718496844,3.570643565364939,3.55484425755359
2017-02-21,2017-02-20,601222,5.987045462350642,5.987045462350642,6.018891448852507
2017-02-22,2017-02-21,000055,8.723044392627127,8.698712330165126,8.698712330165126
2017-02-22,2017-02-21,000516,,,
2017-02-22,2017-02-21,002125,7.437587463337603,7.443476289516017,7.52591985601382
2017-02-22,2017-02-21,002139,8.615373847337095,8.742631954387864,8.748994859740403
2017-02-22,2017-02-21,002141,8.655445214198041,8.635455733333844,8.67543469506224
2017-02-22,2017-02-21,002157,6.155548807408861,6.108415968148456,6.108415968148456
2017-02-22,2017-02-21,002192,20.43049326645547,20.36261787354366,20.24626005712341
2017-02-22,2017-02-21,002234,17.15109719093307,17.00801239790527,17.0843242875201
2017-02-22,2017-02-21,002402,9.963347256416988,9.894971343872951,9.894971343872951
2017-02-22,2017-02-21,002407,19.01488208729224,18.8718105989966,18.89224938303883
2017-02-22,2017-02-21,002421,6.166437107206635,6.137666794109248,6.15684700284084
2017-02-22,2017-02-21,002436,6.687246198806678,6.648479554175915,6.658171215333605
2017-02-22,2017-02-21,002472,10.11383645710283,10.11383645710283,10.15243888632841
2017-02-22,2017-02-21,002495,5.920524590599244,5.920524590599244,5.910557377483756
2017-02-22,2017-02-21,002533,7.898701618536682,7.914311700786756,7.96894698866201
2017-02-22,2017-02-21,002590,18.71632864648953,18.4955719496335,18.45717948061506
2017-02-22,2017-02-21,002643,13.28172146263802,13.18941332095703,13.31722459405379
2017-02-22,2017-02-21,002709,8.555339976528593,8.503205058938535,8.609212724704987
2017-02-22,2017-02-21,002714,5.310975805650703,5.256555939710449,5.278726996204627
2017-02-22,2017-02-21,002769,20.98697175822572,21.32798569115882,21.36695871206546
2017-02-22,2017-02-21,002775,9.427331883470185,9.335379273366666,9.348515360524312
2017-02-22,2017-02-21,300026,5.189517517002287,5.170261422319533,5.179889469660909
2017-02-22,2017-02-21,300127,17.58905976923371,17.52363818667015,17.57971382886749
2017-02-22,2017-02-21,300198,7.18,7.25,7.21
2017-02-22,2017-02-21,300263,6.903940369073225,6.92330626071158,6.95235509816911
2017-02-22,2017-02-21,300327,25.49065171026342,25.46224195633724,25.54747121811578
2017-02-22,2017-02-21,300341,10.33065531553734,10.41525576853082,10.2930551142069
2017-02-22,2017-02-21,300479,,,
2017-02-22,2017-02-21,300481,18.41334301780842,18.45128259820225,18.41966628120739
2017-02-22,2017-02-21,300489,22.42010388091959,22.43340563344461,22.40680212839457
2017-02-22,2017-02-21,600419,21.78495062048314,21.8254054962872,22.00745243740544
2017-02-22,2017-02-21,600782,3.55484425755359,3.539044949742241,3.507446334119542
2017-02-22,2017-02-21,601222,6.05869893197984,6.066660428605306,6.106467911732636
2017-02-23,2017-02-22,000055,8.619633127163624,8.613550111548125,8.540553924162124
2017-02-23,2017-02-22,000516,,,
2017-02-23,2017-02-22,002125,7.502364551300163,7.449365115694431,7.414032158623944
2017-02-23,2017-02-22,002139,8.672639995509941,8.653551279452326,8.640825468747249
2017-02-23,2017-02-22,002141,8.615466252469643,8.575487290741247,8.575487290741247
2017-02-23,2017-02-22,002157,6.108415968148456,6.089562832444294,6.070709696740132
2017-02-23,2017-02-22,002192,20.47897568996391,20.36261787354366,20.46927920526222
2017-02-23,2017-02-22,002234,18.03822290770547,17.96191101809064,17.74251433544801
2017-02-23,2017-02-22,002402,9.914507318885533,9.885203356366659,9.826595431328913
2017-02-23,2017-02-22,002407,19.4645353362214,19.36915434402431,19.36915434402431
2017-02-23,2017-02-22,002421,6.147256898475043,6.195207420304022,6.243157942133
2017-02-23,2017-02-22,002436,6.638787893018224,6.609712909545151,6.619404570702842
2017-02-23,2017-02-22,002472,11.12715022427439,10.94378868545287,10.8762344343081
2017-02-23,2017-02-22,002495,5.920524590599244,5.93049180371473,5.960393443061191
2017-02-23,2017-02-22,002533,7.90650665966172,7.922116741911792,7.867481454036539
2017-02-23,2017-02-22,002590,18.5915531221796,18.53396441865193,18.44758136336045
2017-02-23,2017-02-22,002643,13.59059870595519,13.56929682710573,13.55154526139784
2017-02-23,2017-02-22,002709,8.755190493957151,8.798636258615533,8.730860865748456
2017-02-23,2017-02-22,002714,5.306944704469943,5.24849373734893,5.234384883216272
2017-02-23,2017-02-22,002769,20.9674852477724,20.84082292982582,20.55826852825268
2017-02-23,2017-02-22,002775,9.396681013435678,9.462361449223906,9.431710579189399
2017-02-23,2017-02-22,300026,5.170261422319533,5.179889469660909,5.160633374978156
2017-02-23,2017-02-22,300127,17.65448135179728,17.48625442520525,17.4675625444728
2017-02-23,2017-02-22,300198,7.16,7.14,7.03
2017-02-23,2017-02-22,300263,6.95235509816911,6.942672152349933,6.92330626071158
2017-02-23,2017-02-22,300327,25.80315900345138,25.72503218015439,25.71792974167285
2017-02-23,2017-02-22,300341,10.37765556720038,10.30245516453951,10.25545491287646
2017-02-23,2017-02-22,300479,,,
2017-02-23,2017-02-22,300481,18.66627355376732,18.64730376357041,18.52716175898993
2017-02-23,2017-02-22,300489,22.50656527233222,22.45335826223214,22.40680212839457
2017-02-23,2017-02-22,600419,22.20972681642571,22.2056813288453,22.03172536288787
2017-02-23,2017-02-22,600782,3.610141834893312,3.602242180987637,3.618041488798987
2017-02-23,2017-02-22,601222,6.146275394859968,6.130352401609036,6.09850641510717
2017-02-24,2017-02-23,000055,8.522304877315623,8.552719955393124,8.516221861700123
2017-02-24,2017-02-23,000516,,,
2017-02-24,2017-02-23,002125,7.549475160727479,7.478809246586503,7.478809246586503
2017-02-24,2017-02-23,002139,8.640825468747249,8.621736752689634,8.666277090157402
2017-02-24,2017-02-23,002141,8.445555665123955,8.415571443827657,8.505524107716552
2017-02-24,2017-02-23,002157,6.061283128888051,6.042429993183889,6.089562832444294
2017-02-24,2017-02-23,002192,22.52493396201996,22.30191481388115,22.30191481388115
2017-02-24,2017-02-23,002234,17.58035157001649,17.5994295424202,17.69481940443874
2017-02-24,2017-02-23,002402,9.807059456316329,9.777755493797457,9.807059456316329
2017-02-24,2017-02-23,002407,19.94825322522096,20.11857642557291,20.14582813762922
2017-02-24,2017-02-23,002421,6.214387629035614,6.176027211572431,6.166437107206635
2017-02-24,2017-02-23,002436,7.016762678168166,6.968304372379713,7.036146000483548
2017-02-24,2017-02-23,002472,10.99204172198485,11.00169232929125,10.8762344343081
2017-02-24,2017-02-23,002495,5.920524590599244,5.940459016830217,5.940459016830217
2017-02-24,2017-02-23,002533,7.953336906411937,7.953336906411937,7.929921783036828
2017-02-24,2017-02-23,002590,18.52436630139733,18.42838512885123,18.58195500492499
2017-02-24,2017-02-23,002643,13.63675277679568,13.57994776653046,13.52669306940681
2017-02-24,2017-02-23,002709,8.836868531514909,8.836868531514909,8.772568799820503
2017-02-24,2017-02-23,002714,5.278726996204627,5.272680344433487,5.321053558602602
2017-02-24,2017-02-23,002769,20.7239038671059,20.71416061187924,20.85056618505248
2017-02-24,2017-02-23,002775,9.440467970627829,9.379166230558818,9.387923621997249
2017-02-24,2017-02-23,300026,5.266541895733305,5.256913848391927,5.276169943074682
2017-02-24,2017-02-23,300127,17.85074609948799,17.7759785765582,17.85074609948799
2017-02-24,2017-02-23,300198,7,6.96,6.95
2017-02-24,2017-02-23,300263,7.04918455636088,7.000769827264995,7.010452773084173
2017-02-24,2017-02-23,300327,25.63980291837586,25.71082730319131,25.74633949559902
2017-02-24,2017-02-23,300341,10.27425501354168,10.22725476187864,10.23665481221125
2017-02-24,2017-02-23,300479,,,
2017-02-24,2017-02-23,300481,18.53348502238889,18.48922217859609,18.62833397337349
2017-02-24,2017-02-23,300489,22.68613893141997,22.54647052990727,22.67948805515746
2017-02-24,2017-02-23,600419,22.23804522948855,22.25018169222977,22.20972681642571
2017-02-24,2017-02-23,600782,3.546944603647916,3.452148756779819,3.475847718496844
2017-02-24,2017-02-23,601222,6.106467911732636,6.130352401609036,6.114429408358103
2017-02-27,2017-02-24,000516,,,
2017-02-27,2017-02-24,000607,10.10523442256902,10.14451618903188,10.13469574741617
2017-02-27,2017-02-24,002125,7.520031029835406,7.502364551300163,7.578919291619552
2017-02-27,2017-02-24,002141,8.555497809877048,8.705418916358539,8.825355801543731
2017-02-27,2017-02-24,002157,6.098989400296374,6.098989400296374,6.155548807408861
2017-02-27,2017-02-24,002196,13.01524338717276,13.12011105994318,13.29489051456054
2017-02-27,2017-02-24,002256,6.2916534914361,6.262435286367511,6.242956482988452
2017-02-27,2017-02-24,002407,19.79836880891123,19.88693687309425,20.00956957734766
2017-02-27,2017-02-24,002444,14.59727046078067,14.54972234853057,14.54972234853057
2017-02-27,2017-02-24,002472,10.77007775393775,10.81833079046973,10.79902957585693
2017-02-27,2017-02-24,002488,9.577576580612849,9.538270520774493,9.557923550693671
2017-02-27,2017-02-24,002495,5.920524590599244,5.880655738137296,5.880655738137296
2017-02-27,2017-02-24,002590,18.55316065316115,18.32280583905052,18.44758136336045
2017-02-27,2017-02-24,002775,9.46674014494312,9.497391014977627,9.444846666347045
2017-02-27,2017-02-24,300014,8.078931615038709,8.124805674682461,8.191068205278993
2017-02-27,2017-02-24,300026,5.478358937243602,5.487986984584979,5.507243079267733
2017-02-27,2017-02-24,300198,7.01,7.05,7.04
2017-02-27,2017-02-24,300207,10.96606867586903,10.94740302705904,11.01273279789401
2017-02-27,2017-02-24,300256,8.206593083984107,8.146932875780667,8.173448523871086
2017-02-27,2017-02-24,300263,6.991086881445818,7.029818664722526,7.000769827264995
2017-02-27,2017-02-24,300274,7.136978331413618,7.116911850631762,7.096845369849905
2017-02-27,2017-02-24,300341,10.43405586919604,10.45285596986125,10.46225602019386
2017-02-27,2017-02-24,300350,12.90775768075034,12.87450454803909,12.93546862467638
2017-02-27,2017-02-24,300373,17.39765861246861,17.25084292797521,17.27837086881772
2017-02-27,2017-02-24,300381,22.80666211031426,22.70998274570928,22.6616430634068
2017-02-27,2017-02-24,300386,22.61197915766587,22.43385415773677,22.3843749910898
2017-02-27,2017-02-24,300479,,,
2017-02-27,2017-02-24,600084,11.18,10.84,10.82
2017-02-27,2017-02-24,600419,22.14904450271963,22.12072608965679,22.08431670143315
2017-02-27,2017-02-24,600522,10.7207582488979,10.7207582488979,10.7207582488979
2017-02-27,2017-02-24,600782,3.475847718496844,3.475847718496844,3.452148756779819
2017-02-27,2017-02-24,601222,6.106467911732636,6.09850641510717,6.090544918481704
2017-02-27,2017-02-24,601992,4.073357205166109,4.023377362157937,4.015047388323241
2017-02-28,2017-02-27,000516,,,
2017-02-28,2017-02-27,000607,9.997209564796178,10.03649133125903,10.04631177287474
2017-02-28,2017-02-27,002125,7.437587463337603,7.472920420408089,7.567141639262722
2017-02-28,2017-02-27,002141,8.745397878086935,8.715413656790638,8.655445214198041
2017-02-28,2017-02-27,002157,6.061283128888051,6.080136264592213,6.070709696740132
2017-02-28,2017-02-27,002196,13.10263311448144,13.02689535081392,13.08515516901971
2017-02-28,2017-02-27,002256,6.174780671161745,6.233217081298923,6.203998876230334
2017-02-28,2017-02-27,002407,19.36915434402431,19.38959312806654,19.51222583231995
2017-02-28,2017-02-27,002444,14.44511650158035,14.56874159343061,14.67334744038082
2017-02-28,2017-02-27,002472,10.56741500050343,10.61566803703541,10.6349692516482
2017-02-28,2017-02-27,002488,9.577576580612849,9.531719510801434,9.531719510801434
2017-02-28,2017-02-27,002495,5.820852459444374,5.83081967255986,5.840786885675348
2017-02-28,2017-02-27,002590,18.04446043866682,18.13084349395832,18.04446043866682
2017-02-28,2017-02-27,002775,9.352894056243526,9.409817100593322,9.383544926278033
2017-02-28,2017-02-27,300014,7.954052230452937,8.114611439206071,8.196165323017187
2017-02-28,2017-02-27,300026,5.468730889902225,5.468730889902225,5.487986984584979
2017-02-28,2017-02-27,300198,7,7.04,7.07
2017-02-28,2017-02-27,300207,10.76074653895914,10.71408241693417,10.76074653895914
2017-02-28,2017-02-27,300256,8.08727266757723,8.093901579599834,8.060757019486813
2017-02-28,2017-02-27,300263,6.874891531615694,6.865208585796516,6.884574477434871
2017-02-28,2017-02-27,300274,7.043334754431621,7.023268273649765,7.036645927504336
2017-02-28,2017-02-27,300341,10.22725476187864,10.1896545605482,10.22725476187864
2017-02-28,2017-02-27,300350,12.79691390504617,12.84679360411304,12.819082660187
2017-02-28,2017-02-27,300373,17.06732332235845,17.20496302657102,17.12237920404348
2017-02-28,2017-02-27,300381,22.36193703313136,22.49728814357833,22.61330338110431
2017-02-28,2017-02-27,300386,22.48333332438374,22.72083332428921,22.71093749095981
2017-02-28,2017-02-27,300479,,,
2017-02-28,2017-02-27,600084,10.75,10.73,10.79
2017-02-28,2017-02-27,600419,21.82136000870679,21.96295207402098,21.76067769500071
2017-02-28,2017-02-27,600522,10.63445518607135,10.6632228736802,10.6632228736802
2017-02-28,2017-02-27,600782,3.349453256006049,3.373152217723073,3.373152217723073
2017-02-28,2017-02-27,601222,6.082583421856238,6.082583421856238,6.09850641510717
2017-02-28,2017-02-27,601992,3.92341767614159,3.931747649976285,3.948407597645677
2017-03-01,2017-02-28,000516,,,
2017-03-01,2017-02-28,000607,9.918646031870471,9.879364265407618,9.899005148639045
2017-03-01,2017-02-28,002125,7.578919291619552,7.584808117797967,7.514142203656991
2017-03-01,2017-02-28,002141,8.635455733333844,8.605471512037544,8.575487290741247
2017-03-01,2017-02-28,002157,6.061283128888051,6.061283128888051,6.061283128888051
2017-03-01,2017-02-28,002196,13.05602525991681,12.95698356896697,12.92785365986408
2017-03-01,2017-02-28,002256,6.213738277919863,6.184520072851274,6.203998876230334
2017-03-01,2017-02-28,002407,19.47816119224956,19.48497412026364,19.4032189840947
2017-03-01,2017-02-28,002444,14.89206875673129,14.91108800163133,14.80648215468111
2017-03-01,2017-02-28,002472,10.66392107356739,10.57706560780983,10.55776439319704
2017-03-01,2017-02-28,002488,9.498964460936136,9.479311431016958,9.498964460936136
2017-03-01,2017-02-28,002495,5.790950820097913,5.780983606982426,5.771016393866939
2017-03-01,2017-02-28,002590,17.87169432808385,17.42058281711717,16.67192967125759
2017-03-01,2017-02-28,002775,9.418574492031755,9.427331883470185,9.374787534839603
2017-03-01,2017-02-28,300014,8.119708556944266,8.145194145635241,8.150291263373434
2017-03-01,2017-02-28,300026,5.420590653195339,5.410962605853962,5.420590653195339
2017-03-01,2017-02-28,300198,7.03,7.03,7.01
2017-03-01,2017-02-28,300207,10.71408241693417,10.6580854705042,10.6580854705042
2017-03-01,2017-02-28,300256,8.166819611848481,8.127046139712855,8.093901579599834
2017-03-01,2017-02-28,300263,6.85552563997734,6.836159748338985,6.845842694158163
2017-03-01,2017-02-28,300274,6.996512965940624,6.963068831304196,6.963068831304196
2017-03-01,2017-02-28,300341,10.11445415788733,10.11445415788733,10.14265430888515
2017-03-01,2017-02-28,300350,13.32342183964096,13.24028900786284,13.58944690133097
2017-03-01,2017-02-28,300373,17.30589880966023,17.20496302657102,17.41601057303029
2017-03-01,2017-02-28,300381,22.42961258835485,22.37160496959186,22.41027671543385
2017-03-01,2017-02-28,300386,22.72083332428921,22.54270832436011,22.68124999097163
2017-03-01,2017-02-28,300479,,,
2017-03-01,2017-02-28,600084,11.4,11.34,11.45
2017-03-01,2017-02-28,600419,21.06485383117098,21.1579000455203,21.39658381276422
2017-03-01,2017-02-28,600522,10.67281210288315,10.6632228736802,10.65363364447725
2017-03-01,2017-02-28,600782,3.349453256006049,3.349453256006049,3.325754294289025
2017-03-01,2017-02-28,601222,6.082583421856238,6.082583421856238,6.082583421856238
2017-03-01,2017-02-28,601992,3.973397519149763,3.940077623810981,3.948407597645677
2017-03-02,2017-03-01,000516,,,
2017-03-02,2017-03-01,000607,9.918646031870471,9.908825590254757,9.899005148639045
2017-03-02,2017-03-01,002125,7.478809246586503,7.508253377478577,7.472920420408089
2017-03-02,2017-03-01,002141,8.595476771605444,8.635455733333844,8.585482031173346
2017-03-02,2017-03-01,002157,6.070709696740132,6.080136264592213,6.061283128888051
2017-03-02,2017-03-01,002196,12.92785365986408,12.98611347806987,12.98028749624929
2017-03-02,2017-03-01,002256,6.194259474540805,6.184520072851274,6.194259474540805
2017-03-02,2017-03-01,002407,20.07769885748844,20.20714448975593,19.96187908124911
2017-03-02,2017-03-01,002444,14.93010724653136,15.73842515478306,15.45313648128246
2017-03-02,2017-03-01,002472,10.69287289548658,10.68322228818018,10.66392107356739
2017-03-02,2017-03-01,002488,9.557923550693671,9.525168500828373,9.505515470909195
2017-03-02,2017-03-01,002495,5.790950820097913,5.790950820097913,5.820852459444374
2017-03-02,2017-03-01,002590,17.1614336512427,16.9694713061505,17.07505059595121
2017-03-02,2017-03-01,002775,9.387923621997249,9.615615799396435,9.615615799396435
2017-03-02,2017-03-01,300014,8.099320085991488,8.201262440755382,8.150291263373434
2017-03-02,2017-03-01,300026,5.401334558512585,5.410962605853962,5.372450416488453
2017-03-02,2017-03-01,300198,7.04,7.02,7.06
2017-03-02,2017-03-01,300207,10.70474959252917,10.72341524133916,10.69541676812418
2017-03-02,2017-03-01,300256,8.080643755554625,8.100530491622438,8.074014843532021
2017-03-02,2017-03-01,300263,6.836159748338985,6.874891531615694,6.874891531615694
2017-03-02,2017-03-01,300274,6.963068831304196,6.996512965940624,7.003201792867909
2017-03-02,2017-03-01,300341,10.16145440955037,10.17085445988298,10.12385420821994
2017-03-02,2017-03-01,300350,13.14052960972909,12.98534832374325,12.99643270131367
2017-03-02,2017-03-01,300373,17.26919488853688,17.26001890825604,17.26001890825604
2017-03-02,2017-03-01,300381,22.37160496959186,22.36193703313136,22.54562782588082
2017-03-02,2017-03-01,300386,22.40416665774859,22.48333332438374,22.62187499099526
2017-03-02,2017-03-01,300479,,,
2017-03-02,2017-03-01,600084,11.41,11.44,11.23
2017-03-02,2017-03-01,600419,21.40467478792503,21.6029036793649,21.55840331598044
2017-03-02,2017-03-01,600522,10.63445518607135,10.6440444152743,10.63445518607135
2017-03-02,2017-03-01,600782,3.349453256006049,3.373152217723073,3.373152217723073
2017-03-02,2017-03-01,601222,6.12239090498357,6.130352401609036,6.106467911732636
2017-03-02,2017-03-01,601992,3.981727492984459,3.981727492984459,3.931747649976285
2017-03-03,2017-03-02,000516,,,
2017-03-03,2017-03-02,000607,9.810621174097625,9.781159849250486,9.77133940763477
2017-03-03,2017-03-02,002125,7.555363986905894,7.431698637159187,7.455253941872846
2017-03-03,2017-03-02,002141,8.435560924691854,8.395581962963458,8.35560300123506
2017-03-03,2017-03-02,002157,5.976444018219323,5.948164314663079,5.929311178958918
2017-03-03,2017-03-02,002196,13.13176302358433,13.07350320537855,13.07932918719913
2017-03-03,2017-03-02,002256,6.116344261024568,6.096865457645508,6.06764725257692
2017-03-03,2017-03-02,002407,20.18670570571369,20.1526410656433,20.56822967450207
2017-03-03,2017-03-02,002444,15.27245365473208,15.29147289963212,15.50068459353257
2017-03-03,2017-03-02,002472,10.654270466261,10.56741500050343,10.52881257127785
2017-03-03,2017-03-02,002488,9.459658401097778,9.420352341259424,9.426903351232482
2017-03-03,2017-03-02,002495,5.731147541404991,5.711213115174018,5.681311475827557
2017-03-03,2017-03-02,002590,17.14223741673348,17.08464871320583,16.98866754065972
2017-03-03,2017-03-02,002775,9.462361449223906,9.396681013435678,9.444846666347045
2017-03-03,2017-03-02,300014,8.499443828439777,8.461215445403317,8.716071332313055
2017-03-03,2017-03-02,300026,5.324310179781568,5.31468213244019,5.305054085098813
2017-03-03,2017-03-02,300198,6.98,6.98,6.96
2017-03-03,2017-03-02,300207,10.60208852407423,10.53675875323926,10.61142134847922
2017-03-03,2017-03-02,300256,7.90166313094431,7.888405306899101,7.908292042966913
2017-03-03,2017-03-02,300263,6.836159748338985,6.816793856700632,6.826476802519808
2017-03-03,2017-03-02,300274,7.02995710057705,7.01657944672248,6.963068831304196
2017-03-03,2017-03-02,300341,9.879452899572103,9.841852698241667,9.823052597576448
2017-03-03,2017-03-02,300350,12.8855889256095,12.81354047140179,12.75811858354971
2017-03-03,2017-03-02,300373,17.14990714488599,17.13155518432432,17.20496302657102
2017-03-03,2017-03-02,300381,22.04289512993494,21.84953640072498,21.75285703612
2017-03-03,2017-03-02,300386,22.61197915766587,22.60208332433647,22.5526041576895
2017-03-03,2017-03-02,300479,,,
2017-03-03,2017-03-02,600084,11.1,11,10.96
2017-03-03,2017-03-02,600419,22.46054704641085,22.63045752478787,23.15232542266017
2017-03-03,2017-03-02,600522,10.4714382896212,10.509795206433,10.5481521232448
2017-03-03,2017-03-02,600782,3.309954986477676,3.230958447420929,3.207259485703905
2017-03-03,2017-03-02,601222,6.090544918481704,6.066660428605306,6.066660428605306
2017-03-03,2017-03-02,601992,3.881767806968112,3.865107859298721,3.84844791162933
2017-03-06,2017-03-03,000516,,,
2017-03-06,2017-03-03,002125,7.514142203656991,7.508253377478577,7.549475160727479
2017-03-06,2017-03-03,002139,8.882615872143711,8.990785263136866,9.124406275540172
2017-03-06,2017-03-03,002141,8.51551884814865,8.475539886420254,8.525513588580749
2017-03-06,2017-03-03,002196,13.42888809643385,13.45801800553674,13.74931709656567
2017-03-06,2017-03-03,002252,20.04305317170103,19.97468018329854,19.91607476466783
2017-03-06,2017-03-03,002364,18.82342007434944,18.88286245353159,19.1899814126394
2017-03-06,2017-03-03,002402,9.660539643721963,9.797291468810039,9.885203356366659
2017-03-06,2017-03-03,002421,6.108896481011861,6.185617315938226,6.195207420304022
2017-03-06,2017-03-03,002488,9.616882640451205,9.584127590585908,9.610331630478147
2017-03-06,2017-03-03,002495,5.681311475827557,5.681311475827557,5.691278688943044
2017-03-06,2017-03-03,002511,7.044577913573397,7.044577913573397,7.085730519547539
2017-03-06,2017-03-03,002590,16.95987318889589,17.11344306496965,17.14223741673348
2017-03-06,2017-03-03,002660,12.9699358974359,12.77207264957265,12.85121794871795
2017-03-06,2017-03-03,002714,5.194073871408676,5.204151624360575,5.214229377312474
2017-03-06,2017-03-03,002769,20.90902571641244,21.04543128958568,21.18183686275892
2017-03-06,2017-03-03,300026,5.333938227122944,5.324310179781568,5.420590653195339
2017-03-06,2017-03-03,300097,31.95731408221662,32.5935833203494,33.0749348309368
2017-03-06,2017-03-03,300141,16.01166377237341,16.24897126344193,16.53242187777378
2017-03-06,2017-03-03,300198,6.98,6.96,6.95
2017-03-06,2017-03-03,300207,10.91940455384406,10.91007172943906,11.11539386634895
2017-03-06,2017-03-03,300263,6.865208585796516,6.865208585796516,6.884574477434871
2017-03-06,2017-03-03,300274,7.070090062140764,7.130289504486333,7.150355985268189
2017-03-06,2017-03-03,300279,14.35029632457249,14.33610567307723,14.38932061618443
2017-03-06,2017-03-03,300429,15.41769788673575,15.75230568728261,15.99425286613956
2017-03-06,2017-03-03,300458,12.16796492386758,12.27261513040593,12.40897752074377
2017-03-06,2017-03-03,300479,,,
2017-03-06,2017-03-03,300481,20.48737341267145,20.55060604666118,21.06911364537694
2017-03-06,2017-03-03,600423,7.57,7.65,7.68
2017-03-06,2017-03-03,600467,4.207039300369141,4.187652022487256,4.226426578251028
2017-03-06,2017-03-03,600782,3.191460177892556,3.238858101326604,3.230958447420929
2017-03-06,2017-03-03,601222,6.066660428605306,6.05869893197984,6.074621925230772
2017-03-06,2017-03-03,601992,3.856777885464026,3.873437833133417,3.881767806968112
2017-03-07,2017-03-06,000516,,,
2017-03-07,2017-03-06,002125,7.555363986905894,7.514142203656991,7.52591985601382
2017-03-07,2017-03-06,002139,9.035325600604635,9.067140127367328,9.016236884547018
2017-03-07,2017-03-06,002141,8.555497809877048,8.565492550309147,8.605471512037544
2017-03-07,2017-03-06,002196,13.60366755105121,13.59784156923063,13.53375576920426
2017-03-07,2017-03-06,002252,20.07235588101638,20.08212345078816,19.96491261352675
2017-03-07,2017-03-06,002364,19.26923791821561,19.36830855018587,19.32868029739777
2017-03-07,2017-03-06,002402,10.10009908150507,10.10986706901136,10.05125914397361
2017-03-07,2017-03-06,002421,6.185617315938226,6.300698568327775,6.348649090156753
2017-03-07,2017-03-06,002488,9.643086680343442,9.66273971026262,9.688943750154857
2017-03-07,2017-03-06,002495,5.741114754520478,5.751081967635964,5.780983606982426
2017-03-07,2017-03-06,002511,7.190482607481715,7.145588855509926,7.149330001507574
2017-03-07,2017-03-06,002590,17.27661105829802,17.33419976182568,17.3437978790803
2017-03-07,2017-03-06,002660,12.93036324786325,12.92047008547008,12.86111111111111
2017-03-07,2017-03-06,002714,5.258571490300829,5.375473424542856,5.401675582217793
2017-03-07,2017-03-06,002769,21.58131032705198,21.66899962409192,21.52285079569202
2017-03-07,2017-03-06,300026,5.410962605853962,5.410962605853962,5.401334558512585
2017-03-07,2017-03-06,300097,32.8038288077324,32.60464887231693,32.67657496010585
2017-03-07,2017-03-06,300141,16.13690939265958,16.21601188968242,16.38080875848
2017-03-07,2017-03-06,300198,6.98,6.97,6.96
2017-03-07,2017-03-06,300207,11.37671294968881,11.26471905682887,11.3860457740938
2017-03-07,2017-03-06,300263,6.971720989807464,6.991086881445818,7.000769827264995
2017-03-07,2017-03-06,300274,7.150355985268189,7.177111292977331,7.170422466050046
2017-03-07,2017-03-06,300279,14.40351126767968,14.492202839525,14.50284582814644
2017-03-07,2017-03-06,300429,16.96204158156738,16.93630251998685,16.6892075288138
2017-03-07,2017-03-06,300458,12.2551734293162,12.36775168180442,12.37092290018437
2017-03-07,2017-03-06,300479,,,
2017-03-07,2017-03-06,300481,20.81618310941803,20.81618310941803,21.02485080158413
2017-03-07,2017-03-06,600423,8.07,8.06,8.07
2017-03-07,2017-03-06,600467,4.226426578251028,4.226426578251028,4.245813856132912
2017-03-07,2017-03-06,600782,3.246757755232279,3.230958447420929,3.254657409137953
2017-03-07,2017-03-06,601222,6.090544918481704,6.146275394859968,6.496581246380485
2017-03-07,2017-03-06,601992,3.881767806968112,3.865107859298721,3.873437833133417
2017-03-08,2017-03-07,000516,,,
2017-03-08,2017-03-07,002125,7.490586898943334,7.472920420408089,7.484698072764919
2017-03-08,2017-03-07,002139,9.048051411309713,9.009873979194481,8.952607831021634
2017-03-08,2017-03-07,002141,8.645450473765942,8.685429435494338,8.755392618519034
2017-03-08,2017-03-07,002196,13.83670682387435,13.84253280569493,13.73766513292452
2017-03-08,2017-03-07,002252,19.88677205535248,19.77932878786286,19.77932878786286
2017-03-08,2017-03-07,002364,19.20979553903346,19.26923791821561,19.24942379182156
2017-03-08,2017-03-07,002402,10.09033109399877,10.02195518145474,9.963347256416988
2017-03-08,2017-03-07,002421,6.300698568327775,6.233567837767205,6.223977733401409
2017-03-08,2017-03-07,002488,9.728249809993216,9.78720889975075,9.852718999481343
2017-03-08,2017-03-07,002495,5.870688525021809,5.840786885675348,5.840786885675348
2017-03-08,2017-03-07,002511,7.100695103538135,7.276528965427646,7.250340943444102
2017-03-08,2017-03-07,002590,17.66053574848242,18.07325479043065,18.03486232141222
2017-03-08,2017-03-07,002660,12.92047008547008,12.87100427350427,12.94025641025641
2017-03-08,2017-03-07,002714,5.347255716277539,5.359349019819818,5.329115760964122
2017-03-08,2017-03-07,002769,21.31824243593216,21.48387777478538,21.35721545683881
2017-03-08,2017-03-07,300026,5.401334558512585,5.38207846382983,5.372450416488453
2017-03-08,2017-03-07,300097,32.4884605766579,32.47739502469037,32.91448432740767
2017-03-08,2017-03-07,300141,16.41376813223951,16.53901375252568,16.42036000699142
2017-03-08,2017-03-07,300198,7.01,7.01,6.98
2017-03-08,2017-03-07,300207,11.29271753004385,11.30205035444885,11.21805493480389
2017-03-08,2017-03-07,300263,7.039501610541703,7.020135718903349,7.029818664722526
2017-03-08,2017-03-07,300274,7.150355985268189,7.190488946831902,7.177111292977331
2017-03-08,2017-03-07,300279,14.45672621078687,14.39286827905824,14.30417670721292
2017-03-08,2017-03-07,300429,17.09073688947002,16.83334627366475,16.8848243968258
2017-03-08,2017-03-07,300458,12.44068970454327,12.55009673865154,12.48191554348262
2017-03-08,2017-03-07,300479,,,
2017-03-08,2017-03-07,300481,21.81525872645571,21.69511672187523,21.25881154734612
2017-03-08,2017-03-07,600423,7.84,7.78,7.75
2017-03-08,2017-03-07,600467,4.23612021719197,4.226426578251028,4.226426578251028
2017-03-08,2017-03-07,600782,3.159861562269858,3.159861562269858,3.128262946647159
2017-03-08,2017-03-07,601222,6.385120293623956,6.416966280125822,6.432889273376754
2017-03-08,2017-03-07,601992,3.865107859298721,3.831787963959939,3.881767806968112
2017-03-09,2017-03-08,000516,,,
2017-03-09,2017-03-08,002125,7.443476289516017,7.419920984802358,7.414032158623944
2017-03-09,2017-03-08,002139,8.84443844002848,8.88897877749625,8.818986818618326
2017-03-09,2017-03-08,002141,8.635455733333844,8.555497809877048,8.465545145988154
2017-03-09,2017-03-08,002196,13.60366755105121,13.17254489632838,13.07350320537855
2017-03-09,2017-03-08,002252,19.59374496219895,19.27141515973008,19.18350703178402
2017-03-09,2017-03-08,002364,19.21970260223048,19.1899814126394,18.95221189591078
2017-03-09,2017-03-08,002402,9.973115243923282,9.934043293898116,9.885203356366659
2017-03-09,2017-03-08,002421,6.185617315938226,6.15684700284084,6.118486585377656
2017-03-09,2017-03-08,002488,9.649637690316503,9.512066480882254,9.498964460936136
2017-03-09,2017-03-08,002495,5.83081967255986,5.780983606982426,5.761049180751453
2017-03-09,2017-03-08,002511,7.463586265310105,7.381281053361824,7.463586265310105
2017-03-09,2017-03-08,002590,17.56455457593632,17.49736775515406,17.38219034809874
2017-03-09,2017-03-08,002660,12.88089743589743,12.88089743589743,12.80175213675214
2017-03-09,2017-03-08,002714,5.260587040891209,5.256555939710449,5.262602591481588
2017-03-09,2017-03-08,002769,21.10389082094564,21.02594477913236,20.83107967459916
2017-03-09,2017-03-08,300026,5.324310179781568,5.31468213244019,5.276169943074682
2017-03-09,2017-03-08,300097,32.22842010542102,32.09010070582694,31.81346190663878
2017-03-09,2017-03-08,300141,16.1896443906748,16.01825564712531,15.88641815208724
2017-03-09,2017-03-08,300198,7.15,7.1,7.19
2017-03-09,2017-03-08,300207,11.26471905682887,11.16205798837393,11.06872974432398
2017-03-09,2017-03-08,300263,6.991086881445818,7.010452773084173,6.981403935626641
2017-03-09,2017-03-08,300274,7.123600677559048,7.083467715995335,7.003201792867909
2017-03-09,2017-03-08,300279,14.34674866169867,14.31127203296055,14.25096176410573
2017-03-09,2017-03-08,300429,16.61713815638832,16.70979877807822,17.02896314167675
2017-03-09,2017-03-08,300458,12.19492028009715,12.10612616545856,12.09344129193876
2017-03-09,2017-03-08,300479,,,
2017-03-09,2017-03-08,300481,21.23351849375022,21.12602301596769,21.23351849375022
2017-03-09,2017-03-08,600423,7.62,7.59,7.54
2017-03-09,2017-03-08,600467,4.207039300369141,4.187652022487256,4.158571105664428
2017-03-09,2017-03-08,600782,3.175660870081206,3.144062254458508,3.120363292741485
2017-03-09,2017-03-08,601222,6.345312810496625,6.273659340867429,6.257736347616496
2017-03-09,2017-03-08,601992,3.898427754637503,3.856777885464026,3.856777885464026
2017-03-10,2017-03-09,000516,,,
2017-03-10,2017-03-09,002125,7.337477418304555,7.38458802773187,7.38458802773187
2017-03-10,2017-03-09,002139,8.895341682848787,8.933519114964017,8.920793304258941
2017-03-10,2017-03-09,002141,8.485534626852353,8.455550405556055,8.455550405556055
2017-03-10,2017-03-09,002196,13.01524338717276,13.04437329627565,13.00941740535218
2017-03-10,2017-03-09,002252,19.21280974109938,19.17373946201224,19.05652862475083
2017-03-10,2017-03-09,002364,18.86304832713754,18.87295539033457,18.91258364312267
2017-03-10,2017-03-09,002402,9.963347256416988,10.20754694407427,10.13917103153023
2017-03-10,2017-03-09,002421,6.128076689743452,6.15684700284084,6.176027211572431
2017-03-10,2017-03-09,002488,9.525168500828373,9.56447456066673,9.55137254072061
2017-03-10,2017-03-09,002495,5.731147541404991,5.751081967635964,5.761049180751453
2017-03-10,2017-03-09,002511,7.463586265310105,7.388763345357122,7.441139389324211
2017-03-10,2017-03-09,002590,17.61254516220938,17.80450750730158,17.76611503828314
2017-03-10,2017-03-09,002660,12.8907905982906,12.87100427350427,12.86111111111111
2017-03-10,2017-03-09,002714,5.282758097385386,5.264618142071969,5.296866951518045
2017-03-10,2017-03-09,002769,20.65570108051928,20.8213364193725,20.86030944027914
2017-03-10,2017-03-09,300026,5.266541895733305,5.276169943074682,5.276169943074682
2017-03-10,2017-03-09,300097,32.54932111247929,32.58251776838188,32.69870606404091
2017-03-10,2017-03-09,300141,15.83368315407202,15.93915315010247,15.86664252783153
2017-03-10,2017-03-09,300198,7.42,7.34,7.34
2017-03-10,2017-03-09,300207,11.19005646158891,11.3860457740938,11.32071600325884
2017-03-10,2017-03-09,300263,7.04918455636088,7.029818664722526,7.010452773084173
2017-03-10,2017-03-09,300274,6.996512965940624,6.996512965940624,6.989824139013337
2017-03-10,2017-03-09,300279,14.19065149525091,14.2438664383581,14.26160475272717
2017-03-10,2017-03-09,300429,16.4112256637441,16.43696472532463,16.29282598047368
2017-03-10,2017-03-09,300458,12.25041660174628,12.267858302836,12.20601954442698
2017-03-10,2017-03-09,300479,,,
2017-03-10,2017-03-09,300481,21.08808343557386,21.22087196695228,20.96794143099337
2017-03-10,2017-03-09,600423,7.58,7.69,7.88
2017-03-10,2017-03-09,600467,4.119796549900657,4.1294901888416,4.110102910959714
2017-03-10,2017-03-09,600782,3.207259485703905,3.238858101326604,3.262557063043628
2017-03-10,2017-03-09,601222,6.233851857740097,6.257736347616496,6.281620837492895
2017-03-10,2017-03-09,601992,3.890097780802808,3.881767806968112,3.898427754637503
2017-03-13,2017-03-10,000421,8.931709081971817,8.902263887196087,8.80411323794365
2017-03-13,2017-03-10,000516,,,
2017-03-13,2017-03-10,000593,10.24,10.25,10.18
2017-03-13,2017-03-10,000966,5.372783005356724,5.363722663020542,5.345601978348175
2017-03-13,2017-03-10,002139,8.895341682848787,8.88897877749625,8.831712629323404
2017-03-13,2017-03-10,002141,8.565492550309147,8.495529367284451,8.475539886420254
2017-03-13,2017-03-10,002252,19.1346691829251,19.21280974109938,19.23234488064294
2017-03-13,2017-03-10,002256,6.242956482988452,6.203998876230334,6.184520072851274
2017-03-13,2017-03-10,002421,6.15684700284084,6.118486585377656,6.118486585377656
2017-03-13,2017-03-10,002436,7.181520917848911,7.103987628587384,7.084604306272002
2017-03-13,2017-03-10,002519,11.54514629258517,11.49949074619828,11.48807685960156
2017-03-13,2017-03-10,002533,7.961141947536973,7.945531865286901,7.922116741911792
2017-03-13,2017-03-10,002548,11.09327040037294,11.10090513567946,11.06273145914687
2017-03-13,2017-03-10,002590,17.65093763122782,17.6413395139732,17.5357602241725
2017-03-13,2017-03-10,002769,20.65570108051928,20.54852527302602,20.39263318939946
2017-03-13,2017-03-10,002775,9.668160148027017,9.563071450765854,9.584964929361929
2017-03-13,2017-03-10,300026,5.237657753709174,5.228029706367796,5.199145564343665
2017-03-13,2017-03-10,300048,5.872310182919907,5.837062222638274,5.830012630581948
2017-03-13,2017-03-10,300141,15.76117253180108,15.62274316201111,15.50408941647684
2017-03-13,2017-03-10,300263,6.92330626071158,6.913623314892401,6.903940369073225
2017-03-13,2017-03-10,300274,6.996512965940624,6.949691177449625,6.936313523595053
2017-03-13,2017-03-10,300279,14.24031877548429,14.3538439874463,14.36448697606774
2017-03-13,2017-03-10,300317,20.85667332489502,21.1316096988061,21.32406516054386
2017-03-13,2017-03-10,300341,10.06745390622428,10.03925375522646,9.917053100902539
2017-03-13,2017-03-10,300381,22.29426147790788,22.12023862161892,21.93654782886946
2017-03-13,2017-03-10,300429,16.42666910069242,16.4163734760602,16.57080784554337
2017-03-13,2017-03-10,300438,21.93537212029843,21.73383194966143,21.64281380808342
2017-03-13,2017-03-10,300479,,,
2017-03-13,2017-03-10,300481,20.79089005582214,20.65177826104474,20.95529490419543
2017-03-13,2017-03-10,600419,22.97027848154193,23.52451028005747,23.50428284215544
2017-03-13,2017-03-10,600522,10.65363364447725,10.7207582488979,10.69199056128905
2017-03-13,2017-03-10,600570,18.10130846904436,17.97371852758452,18.16716134205589
2017-03-13,2017-03-10,600816,9.545413436692506,9.393898937697386,9.290231122595463
2017-03-13,2017-03-10,600975,8.468250916814718,8.497654565831436,8.419244835120189
2017-03-13,2017-03-10,601222,6.321428320620226,6.297543830743828,6.265697844241963
2017-03-13,2017-03-10,601992,3.906757728472199,3.881767806968112,3.881767806968112
2017-03-14,2017-03-13,000421,8.843373497644624,8.83355843271938,8.80411323794365
2017-03-14,2017-03-13,000516,,,
2017-03-14,2017-03-13,000593,10.74,10.67,10.61
2017-03-14,2017-03-13,000966,5.390903690029091,5.381843347692908,5.381843347692908
2017-03-14,2017-03-13,002139,9.149857896950328,9.315293436116328,9.258027287943481
2017-03-14,2017-03-13,002141,8.475539886420254,8.435560924691854,8.435560924691854
2017-03-14,2017-03-13,002252,19.31048543881722,19.29095029927365,19.20304217132759
2017-03-14,2017-03-13,002256,6.203998876230334,6.184520072851274,6.174780671161745
2017-03-14,2017-03-13,002421,6.166437107206635,6.15684700284084,6.185617315938226
2017-03-14,2017-03-13,002436,7.268745868268128,7.288129190583509,7.249362545952747
2017-03-14,2017-03-13,002519,11.79625179771307,11.79625179771307,11.82478651420488
2017-03-14,2017-03-13,002533,7.992362112037118,7.976752029787046,7.96894698866201
2017-03-14,2017-03-13,002548,11.10090513567946,11.1161746062925,11.12380934159902
2017-03-14,2017-03-13,002590,17.6413395139732,18.42838512885123,18.22682466650441
2017-03-14,2017-03-13,002769,20.78236339846586,20.70441735665258,20.7239038671059
2017-03-14,2017-03-13,002775,9.926503195460711,10.10165102422932,10.17171015573676
2017-03-14,2017-03-13,300026,5.266541895733305,5.266541895733305,5.266541895733305
2017-03-14,2017-03-13,300048,5.886409367032559,5.893458959088886,5.900508551145212
2017-03-14,2017-03-13,300141,15.86005065307963,15.8139075298163,15.86664252783153
2017-03-14,2017-03-13,300263,7.058867502180058,7.058867502180058,7.029818664722526
2017-03-14,2017-03-13,300274,7.02995710057705,7.110223023704477,7.070090062140764
2017-03-14,2017-03-13,300279,15.6629315878832,15.34009426636624,15.30816530050192
2017-03-14,2017-03-13,300317,21.2580804308052,21.29657152315275,21.54401425967273
2017-03-14,2017-03-13,300341,10.10505410755472,10.07685395655689,10.16145440955037
2017-03-14,2017-03-13,300381,22.28459354144738,22.89367353845874,23.81212750220603
2017-03-14,2017-03-13,300429,16.80245939976811,16.75612908892316,16.61199034407221
2017-03-14,2017-03-13,300438,21.70782676635343,21.87035916202843,21.85735657037443
2017-03-14,2017-03-13,300479,,,
2017-03-14,2017-03-13,300481,21.06911364537694,21.08176017217489,20.90470879700365
2017-03-14,2017-03-13,600419,23.6216019819872,23.57710161860274,23.83601282374869
2017-03-14,2017-03-13,600522,10.98925666658049,10.95089974976869,10.92213206215985
2017-03-14,2017-03-13,600570,18.48407829342388,18.4470360523549,18.40176220215947
2017-03-14,2017-03-13,600816,9.441745621590583,9.377950043066322,9.577311225954636
2017-03-14,2017-03-13,600975,8.507455782170341,8.48785334949253,8.48785334949253
2017-03-14,2017-03-13,601222,6.345312810496625,6.329389817245692,6.305505327369294
2017-03-14,2017-03-13,601992,3.965067545315067,3.981727492984459,3.99838744065385
2017-03-15,2017-03-14,000421,8.83355843271938,8.794298173018406,8.794298173018406
2017-03-15,2017-03-14,000516,,,
2017-03-15,2017-03-14,000593,10.63,10.6,10.63
2017-03-15,2017-03-14,000966,5.381843347692908,5.390903690029091,5.381843347692908
2017-03-15,2017-03-14,002139,9.219849855828251,9.149857896950328,9.13713208624525
2017-03-15,2017-03-14,002141,8.365597741667159,8.285639818210365,8.245660856481967
2017-03-15,2017-03-14,002252,19.22257731087116,19.11513404338153,19.09559890383797
2017-03-15,2017-03-14,002256,6.126083662714097,6.106604859335038,6.106604859335038
2017-03-15,2017-03-14,002421,6.291108463961979,6.262338150864593,6.339058985790958
2017-03-15,2017-03-14,002436,7.162137595533529,7.113679289745074,7.094295967429693
2017-03-15,2017-03-14,002519,11.71064764823765,11.78483791111635,11.75630319462454
2017-03-15,2017-03-14,002533,7.953336906411937,7.914311700786756,7.914311700786756
2017-03-15,2017-03-14,002548,11.17725248874466,11.18488722405118,11.10853987098598
2017-03-15,2017-03-14,002590,18.28441337003208,18.03486232141222,18.06365667317604
2017-03-15,2017-03-14,002769,20.577755038706,20.40237644462612,20.31468714758618
2017-03-15,2017-03-14,002775,10.13668058998304,10.08413624135246,10.07100015419481
2017-03-15,2017-03-14,300026,5.228029706367796,5.208773611685041,5.208773611685041
2017-03-15,2017-03-14,300048,5.858210998807254,5.830012630581948,5.830012630581948
2017-03-15,2017-03-14,300141,15.57660003874778,15.57000816399588,15.50408941647684
2017-03-15,2017-03-14,300263,6.971720989807464,6.95235509816911,6.932989206530756
2017-03-15,2017-03-14,300274,7.009890619795194,6.956380004376911,6.996512965940624
2017-03-15,2017-03-14,300279,15.27623633463761,15.1059485166946,14.99597096760641
2017-03-15,2017-03-14,300317,21.25258170332698,21.15360460871899,21.3570575254132
2017-03-15,2017-03-14,300341,10.03925375522646,9.973453402898192,9.982853453230801
2017-03-15,2017-03-14,300381,23.26105512395765,22.96134909368223,22.79699417385376
2017-03-15,2017-03-14,300429,16.56566003322726,16.39578222679578,16.37004316521526
2017-03-15,2017-03-14,300438,21.48678270823542,21.51928918737042,21.42827104579242
2017-03-15,2017-03-14,300479,,,
2017-03-15,2017-03-14,300481,20.67707131464064,20.31032203750022,20.44943383227762
2017-03-15,2017-03-14,600419,24.07469659099261,24.11110597921625,24.64106485224936
2017-03-15,2017-03-14,600522,11.01802435418934,10.98925666658049,10.97007820817459
2017-03-15,2017-03-14,600570,18.57462599381474,18.47996248886066,18.4470360523549
2017-03-15,2017-03-14,600816,9.43377117427505,9.354026701119725,9.338077806488659
2017-03-15,2017-03-14,600975,8.448648484136905,8.409443618781282,8.399642402442376
2017-03-15,2017-03-14,601222,6.289582334118362,6.257736347616496,6.249774850991029
2017-03-15,2017-03-14,601992,3.99838744065385,3.981727492984459,3.99838744065385
2017-03-16,2017-03-15,000421,8.764852978242674,8.80411323794365,8.813928302868893
2017-03-16,2017-03-15,000516,,,
2017-03-16,2017-03-15,000593,10.85,10.79,10.74
2017-03-16,2017-03-15,000966,5.381843347692908,5.381843347692908,5.399964032365275
2017-03-16,2017-03-15,002139,9.035325600604635,9.09895465413002,9.09259174877748
2017-03-16,2017-03-15,002141,8.295634558642465,8.415571443827657,8.415571443827657
2017-03-16,2017-03-15,002252,19.21280974109938,19.25188002018651,19.19327460155581
2017-03-16,2017-03-15,002256,6.07738665426645,6.106604859335038,6.106604859335038
2017-03-16,2017-03-15,002421,6.31028867269357,6.339058985790958,6.348649090156753
2017-03-16,2017-03-15,002436,7.094295967429693,7.17182925669122,7.17182925669122
2017-03-16,2017-03-15,002519,11.60792266886715,11.69352681834257,11.68781987504421
2017-03-16,2017-03-15,002533,7.883091536286611,7.922116741911792,7.929921783036828
2017-03-16,2017-03-15,002548,11.10090513567946,11.1161746062925,11.18488722405118
2017-03-16,2017-03-15,002590,18.31320772179591,18.22682466650441,18.2172265492498
2017-03-16,2017-03-15,002769,20.1880248296396,20.29520063713286,20.37314667894614
2017-03-16,2017-03-15,002775,10.39940233313594,10.41253842029359,10.38188755025908
2017-03-16,2017-03-15,300026,5.208773611685041,5.237657753709174,5.256913848391927
2017-03-16,2017-03-15,300048,5.851161406750928,5.872310182919907,5.879359774976233
2017-03-16,2017-03-15,300141,15.64251878626682,15.68866190953014,15.78754003080869
2017-03-16,2017-03-15,300263,6.903940369073225,6.932989206530756,6.962038043988287
2017-03-16,2017-03-15,300274,6.963068831304196,7.01657944672248,7.02995710057705
2017-03-16,2017-03-15,300279,14.97823265323734,14.97113732748972,15.10240085382079
2017-03-16,2017-03-15,300317,21.87943663584426,22.11038318992957,22.66575466522997
2017-03-16,2017-03-15,300341,10.03925375522646,10.05805385589167,10.10505410755472
2017-03-16,2017-03-15,300381,22.6229713175648,22.67131099986729,22.79699417385376
2017-03-16,2017-03-15,300429,16.23620004499652,16.4163734760602,16.43696472532463
2017-03-16,2017-03-15,300438,20.74563498395741,20.90816737963241,20.91466867545941
2017-03-16,2017-03-15,300479,,,
2017-03-16,2017-03-15,300481,20.17121024272282,20.36723140809097,20.44311056887864
2017-03-16,2017-03-15,600419,24.09492402889463,24.17987926808315,24.12728792953788
2017-03-16,2017-03-15,600522,10.97007820817459,11.02761358339229,11.07555972940704
2017-03-16,2017-03-15,600570,18.52112053449287,18.55816277556185,18.67340530333203
2017-03-16,2017-03-15,600816,9.258333333333333,9.266307780648866,9.369975595750789
2017-03-16,2017-03-15,600975,8.409443618781282,8.419244835120189,8.478052133153625
2017-03-16,2017-03-15,601222,6.249774850991029,6.257736347616496,6.305505327369294
2017-03-16,2017-03-15,601992,4.056697257496718,4.056697257496718,4.023377362157937
2017-03-17,2017-03-16,000421,8.794298173018406,8.813928302868893,8.813928302868893
2017-03-17,2017-03-16,000516,,,
2017-03-17,2017-03-16,000593,11.03,11.03,11.21
2017-03-17,2017-03-16,000966,5.418084717037642,5.418084717037642,5.427145059373825
2017-03-17,2017-03-16,002139,9.162583707655404,9.13713208624525,9.194398234418095
2017-03-17,2017-03-16,002141,8.375592482099259,8.345608260802962,8.325618779938763
2017-03-17,2017-03-16,002252,19.22257731087116,19.24211245041473,19.17373946201224
2017-03-17,2017-03-16,002256,6.126083662714097,6.116344261024568,6.106604859335038
2017-03-17,2017-03-16,002421,6.741843369154378,6.78020378661756,6.84733451717813
2017-03-17,2017-03-16,002436,7.142754273218147,7.142754273218147,7.123370950902765
2017-03-17,2017-03-16,002519,12.20144477189673,12.11013367912295,12.12725450901804
2017-03-17,2017-03-16,002533,7.96894698866201,7.929921783036828,7.914311700786756
2017-03-17,2017-03-16,002548,11.22306090058378,11.24596510650334,11.20779142997074
2017-03-17,2017-03-16,002590,18.20762843199519,18.2172265492498,18.48597383237889
2017-03-17,2017-03-16,002769,20.36340342371948,20.3828899341728,20.37314667894614
2017-03-17,2017-03-16,002775,10.36437276738222,10.37750885453987,10.50449103039711
2017-03-17,2017-03-16,300026,5.276169943074682,5.256913848391927,5.256913848391927
2017-03-17,2017-03-16,300048,5.893458959088886,5.886409367032559,5.893458959088886
2017-03-17,2017-03-16,300141,15.73480503279347,15.8139075298163,15.82709127932011
2017-03-17,2017-03-16,300263,7.010452773084173,6.991086881445818,7.010452773084173
2017-03-17,2017-03-16,300274,7.043334754431621,7.043334754431621,7.056712408286193
2017-03-17,2017-03-16,300279,15.12368683106366,15.14497280830654,15.10949617956841
2017-03-17,2017-03-16,300317,22.91869612922817,22.92969358418461,23.26511596035614
2017-03-17,2017-03-16,300341,10.17085445988298,10.15205435921776,10.17085445988298
2017-03-17,2017-03-16,300381,22.6423071904858,22.77765830093277,22.74865449155127
2017-03-17,2017-03-16,300429,16.60169471944,16.66346846723327,16.6943553411299
2017-03-17,2017-03-16,300438,20.93417256294041,20.99918552121041,21.05769718365341
2017-03-17,2017-03-16,300479,,,
2017-03-17,2017-03-16,300481,20.62648520744885,20.63280847084783,20.5000199394694
2017-03-17,2017-03-16,600419,24.53992766273923,24.40642657258585,24.41451754774666
2017-03-17,2017-03-16,600522,11.15227356303064,11.12350587542179,11.15227356303064
2017-03-17,2017-03-16,600570,18.55404697099863,18.56227858012507,18.59932082119406
2017-03-17,2017-03-16,600816,9.314154464542062,9.234409991386736,9.298205569910996
2017-03-17,2017-03-16,600975,8.507455782170341,8.507455782170341,8.497654565831436
2017-03-17,2017-03-16,601222,6.337351313871159,6.31346682399476,6.31346682399476
2017-03-17,2017-03-16,601992,4.048367283662023,4.031707335992632,4.056697257496718
2017-03-20,2017-03-17,000421,8.745222848392187,8.75503791331743,8.7255927185417
2017-03-20,2017-03-17,000503,41,40.75,40.08
2017-03-20,2017-03-17,000516,,,
2017-03-20,2017-03-17,000593,11.23,11.07,10.95
2017-03-20,2017-03-17,002139,9.073503032719865,9.035325600604635,8.997148168489403
2017-03-20,2017-03-17,002141,8.275645077778265,8.21567663518567,8.255655596914067
2017-03-20,2017-03-17,002436,7.007071017010476,7.026454339325857,7.007071017010476
2017-03-20,2017-03-17,002495,5.70124590205853,5.711213115174018,5.691278688943044
2017-03-20,2017-03-17,002533,7.84406633066143,7.84406633066143,7.859676412911503
2017-03-20,2017-03-17,002590,18.23642278375902,18.34200207355974,18.38999265983279
2017-03-20,2017-03-17,002643,13.16456112896599,13.16101081582442,13.20006426038176
2017-03-20,2017-03-17,002769,20.22699785054624,20.21725459531958,20.25622761622622
2017-03-20,2017-03-17,002775,10.32496450590929,10.35561537594379,10.63147320625435
2017-03-20,2017-03-17,002782,23.62508538909788,23.62508538909788,23.53893232244395
2017-03-20,2017-03-17,300026,5.237657753709174,5.218401659026418,5.218401659026418
2017-03-20,2017-03-17,300097,32.98087763921283,33.08600038290433,33.93251510842011
2017-03-20,2017-03-17,300127,18.13112431047471,18.18719995267206,18.68253479208193
2017-03-20,2017-03-17,300141,15.69525378428204,15.49749754172494,15.52386504073256
2017-03-20,2017-03-17,300263,6.85552563997734,6.85552563997734,6.816793856700632
2017-03-20,2017-03-17,300327,27.99781249424865,27.87707104006239,27.99781249424865
2017-03-20,2017-03-17,300341,10.00165355389602,10.05805385589167,10.16145440955037
2017-03-20,2017-03-17,300429,16.26193910657704,16.09206130014557,16.09720911246167
2017-03-20,2017-03-17,300479,,,
2017-03-20,2017-03-17,300481,20.10797760873309,20.00680539434953,19.95621928715775
2017-03-20,2017-03-17,300489,23.51084758797115,23.59065810312126,23.43103707282103
2017-03-20,2017-03-17,300493,12.5505981392303,12.42669260433046,12.32601935722433
2017-03-20,2017-03-17,600310,7.114151703628306,7.153940024118397,7.122109367726323
2017-03-20,2017-03-17,600382,8.574070137455314,8.568714690773579,8.536582010683178
2017-03-20,2017-03-17,600419,24.10706049163585,24.1434698798595,24.39429010984463
2017-03-20,2017-03-17,600506,18.60196724702488,18.50212184066183,18.50980225653591
2017-03-20,2017-03-17,600522,10.9125428329569,10.99884589578344,10.98925666658049
2017-03-20,2017-03-17,600570,18.38529898390659,18.37706737478015,18.35648835196404
2017-03-20,2017-03-17,600816,9.146691070915878,9.146691070915878,9.13074217628481
2017-03-21,2017-03-20,000421,8.637257134214506,8.607811939438774,8.637257134214506
2017-03-21,2017-03-20,000503,36.9,33.7,34.23
2017-03-21,2017-03-20,000516,,,
2017-03-21,2017-03-20,000593,10.81,10.76,10.69
2017-03-21,2017-03-20,002139,8.997148168489403,9.238938571885866,9.181672423713019
2017-03-21,2017-03-20,002141,8.295634558642465,8.285639818210365,8.255655596914067
2017-03-21,2017-03-20,002436,6.929537727748949,6.939229388906639,6.929537727748949
2017-03-21,2017-03-20,002495,5.721180328289504,5.691278688943044,5.721180328289504
2017-03-21,2017-03-20,002533,7.797236083911212,7.789431042786176,7.82065120728632
2017-03-21,2017-03-20,002590,18.7835154672718,18.67793617747109,18.77391735001719
2017-03-21,2017-03-20,002643,13.2249164523728,13.16101081582442,13.23556739179753
2017-03-21,2017-03-20,002769,20.01264623555972,20.03213274601304,20.14905180873296
2017-03-21,2017-03-20,002775,10.56579277046612,10.50011233467789,10.63585190197356
2017-03-21,2017-03-20,002782,23.60594026317478,23.60594026317478,23.68252076686716
2017-03-21,2017-03-20,300026,5.237657753709174,5.228029706367796,5.237657753709174
2017-03-21,2017-03-20,300097,33.58395022144303,33.40136861397884,33.09706593487186
2017-03-21,2017-03-20,300127,19.39282625991496,19.0563724067309,19.018988645266
2017-03-21,2017-03-20,300141,15.65570253577062,15.58978378825159,15.6161512872592
2017-03-21,2017-03-20,300263,6.865208585796516,6.85552563997734,6.874891531615694
2017-03-21,2017-03-20,300327,28.43106124162287,28.54470025732758,28.49498318795677
2017-03-21,2017-03-20,300341,10.41525576853082,10.42465581886343,10.33065531553734
2017-03-21,2017-03-20,300429,16.15898286025493,16.11780036172609,16.10235692477778
2017-03-21,2017-03-20,300479,,,
2017-03-21,2017-03-20,300481,20.39884772508583,20.48105014927248,20.29767551070227
2017-03-21,2017-03-20,300489,23.59065810312126,23.6172616081713,23.65716686574636
2017-03-21,2017-03-20,300493,12.28729887756813,12.25115976322234,12.3208566266035
2017-03-21,2017-03-20,600310,7.018659734452087,6.962956085765959,6.994786742158031
2017-03-21,2017-03-20,600382,8.616913710909181,8.595491924182246,8.595491924182246
2017-03-21,2017-03-20,600419,24.6653377777318,24.75838399208112,24.62083741434733
2017-03-21,2017-03-20,600506,18.60196724702488,18.49444142478774,18.4714001771655
2017-03-21,2017-03-20,600522,10.97007820817459,10.94131052056574,11.02761358339229
2017-03-21,2017-03-20,600570,18.27005645613641,18.35237254740082,18.3276777200215
2017-03-21,2017-03-20,600816,9.035048808498422,8.995176571920757,8.97125322997416
2017-03-22,2017-03-21,000421,8.627442069289261,8.578366744663043,8.5685516797378
2017-03-22,2017-03-21,000503,34.08,33.34,33.78
2017-03-22,2017-03-21,000516,,,
2017-03-22,2017-03-21,000593,10.65,10.57,10.78
2017-03-22,2017-03-21,002139,9.162583707655404,9.168946613007943,9.30256762541125
2017-03-22,2017-03-21,002141,8.22567137561777,8.175697673457272,8.115729230864675
2017-03-22,2017-03-21,002436,6.958612711222021,6.910154405433567,6.910154405433567
2017-03-22,2017-03-21,002495,5.70124590205853,5.661377049596583,5.681311475827557
2017-03-22,2017-03-21,002533,7.797236083911212,7.78162600166114,7.78162600166114
2017-03-22,2017-03-21,002590,18.63954370845265,18.38039454257817,18.38039454257817
2017-03-22,2017-03-21,002643,13.21426551294807,13.21781582608964,13.24266801808068
2017-03-22,2017-03-21,002769,20.16853831918628,20.00290298033306,20.00290298033306
2017-03-22,2017-03-21,002775,10.77159146926923,10.66650277200807,10.77597016498845
2017-03-22,2017-03-21,002782,23.5676500113286,23.3857713150592,23.3857713150592
2017-03-22,2017-03-21,300026,5.237657753709174,5.228029706367796,5.228029706367796
2017-03-22,2017-03-21,300097,33.21878700651465,33.19112312659583,33.27411476635228
2017-03-22,2017-03-21,300127,19.2900209158865,19.04702646636467,19.08441022782957
2017-03-22,2017-03-21,300141,15.67547816002634,15.55682441449207,15.55682441449207
2017-03-22,2017-03-21,300263,6.826476802519808,6.768379127604747,6.787745019243101
2017-03-22,2017-03-21,300327,28.0688368790641,28.16827101780571,28.23219296413962
2017-03-22,2017-03-21,300341,10.24605486254386,10.19905461088081,10.16145440955037
2017-03-22,2017-03-21,300429,16.21046098341599,16.06117442624893,16.03543536466841
2017-03-22,2017-03-21,300479,,,
2017-03-22,2017-03-21,300481,20.12694739893001,20.10797760873309,20.14591718912693
2017-03-22,2017-03-21,300489,23.50419671170864,23.33127392888339,23.21820903242073
2017-03-22,2017-03-21,300493,12.30278706943061,12.21502064887655,12.23309020604945
2017-03-22,2017-03-21,600310,7.106194039530287,7.034575062648123,7.066405719040197
2017-03-22,2017-03-21,600382,8.58478103081878,8.515160223956244,8.52587111731971
2017-03-22,2017-03-21,600419,24.65724680257099,24.30933487065612,24.75433850450072
2017-03-22,2017-03-21,600506,18.34083310730612,18.25634853269122,18.21026603744674
2017-03-22,2017-03-21,600522,11.27693354266899,11.28652277187194,11.21939816745129
2017-03-22,2017-03-21,600570,18.30298289264217,18.16716134205589,18.14658231923979
2017-03-22,2017-03-21,600816,9.035048808498422,8.987202124605226,8.97125322997416
2017-03-23,2017-03-22,000421,8.607811939438774,8.607811939438774,8.607811939438774
2017-03-23,2017-03-22,000503,34.55,34.62,35
2017-03-23,2017-03-22,000516,,,
2017-03-23,2017-03-22,000593,10.88,10.77,10.74
2017-03-23,2017-03-22,002139,9.391648300346789,9.353470868231557,9.308930530763789
2017-03-23,2017-03-22,002141,8.045766047839981,8.085745009568377,8.05576078827208
2017-03-23,2017-03-22,002436,6.83262111617204,6.861696099645113,6.861696099645113
2017-03-23,2017-03-22,002495,5.641442623365609,5.651409836481096,5.641442623365609
2017-03-23,2017-03-22,002533,7.680160467035669,7.69577054928574,7.69577054928574
2017-03-23,2017-03-22,002590,18.24602090101364,18.27481525277746,18.15963784572215
2017-03-23,2017-03-22,002643,13.13970893697496,13.17521206839072,13.18941332095703
2017-03-23,2017-03-22,002769,19.70086206830659,19.77880811011988,19.77880811011988
2017-03-23,2017-03-22,002775,10.83727190505746,10.85916538365353,10.8504079922151
2017-03-23,2017-03-22,002782,23.14645724102053,23.23261030767445,23.41448900394384
2017-03-23,2017-03-22,300026,5.295426037757436,5.31468213244019,5.305054085098813
2017-03-23,2017-03-22,300097,34.30874387531601,34.23681778752709,34.41386661900751
2017-03-23,2017-03-22,300127,19.04702646636467,19.00964270489978,19.018988645266
2017-03-23,2017-03-22,300141,15.05584193334741,15.0228825595879,15.09539318185883
2017-03-23,2017-03-22,300263,6.729647344328038,6.768379127604747,6.778062073423923
2017-03-23,2017-03-22,300327,28.94243681229408,28.77197828873701,29.00635875862798
2017-03-23,2017-03-22,300341,9.945253251900366,9.954653302232975,9.945253251900366
2017-03-23,2017-03-22,300429,15.8449663089725,15.80378381044366,15.88100099518524
2017-03-23,2017-03-22,300479,,,
2017-03-23,2017-03-22,300481,20.58222236365604,20.52531299306529,20.66442478784269
2017-03-23,2017-03-22,300489,23.11844588848309,23.05193712585799,23.07854063090803
2017-03-23,2017-03-22,300493,12.23050884073903,12.25890385915358,12.26148522446399
2017-03-23,2017-03-22,600310,7.010702070354069,7.034575062648123,6.986829078060013
2017-03-23,2017-03-22,600382,8.493738437229309,8.456250310457175,8.47767209718411
2017-03-23,2017-03-22,600419,24.66129229015139,24.60465546402571,24.62083741434733
2017-03-23,2017-03-22,600506,17.76480191675002,17.88000815486124,17.83392565961675
2017-03-23,2017-03-22,600522,11.25775508426309,11.24816585506014,11.19063047984244
2017-03-23,2017-03-22,600570,17.71442284010162,17.79262312680282,17.8296653678718
2017-03-23,2017-03-22,600816,8.891508756818835,8.963278782658628,9.058972150445019
2017-03-24,2017-03-23,000421,8.49003116033585,8.509661290186337,8.49003116033585
2017-03-24,2017-03-23,000503,34.7,34.33,33.6
2017-03-24,2017-03-23,000516,,,
2017-03-24,2017-03-23,000593,10.92,10.87,10.8
2017-03-24,2017-03-23,002139,9.289841814706174,9.251664382590942,9.245301477238403
2017-03-24,2017-03-23,002141,8.075750269136279,8.075750269136279,8.085745009568377
2017-03-24,2017-03-23,002436,6.871387760802803,6.861696099645113,6.852004438487422
2017-03-24,2017-03-23,002495,5.601573770903661,5.591606557788174,5.581639344672687
2017-03-24,2017-03-23,002533,7.672355425910633,7.65674534366056,7.648940302535524
2017-03-24,2017-03-23,002590,18.09245102493988,17.97727361788456,17.95807738337534
2017-03-24,2017-03-23,002643,13.20716488666491,13.18941332095703,13.15746050268284
2017-03-24,2017-03-23,002769,19.35010488014683,19.36959139060016,19.39882115628014
2017-03-24,2017-03-23,002775,10.5307632047124,10.71466842491943,10.60520103193906
2017-03-24,2017-03-23,002782,23.39534387802075,23.18474749286671,23.14645724102053
2017-03-24,2017-03-23,300026,5.324310179781568,5.324310179781568,5.295426037757436
2017-03-24,2017-03-23,300097,34.23681778752709,34.29767832334849,34.16489169973817
2017-03-24,2017-03-23,300127,18.67318885171571,18.96291300306865,18.81337795720907
2017-03-24,2017-03-23,300141,14.90422881405363,14.90422881405363,14.98333131107647
2017-03-24,2017-03-23,300263,6.836159748338985,6.836159748338985,6.816793856700632
2017-03-24,2017-03-23,300327,28.4523685570675,28.75067097329237,28.36003685680742
2017-03-24,2017-03-23,300341,9.879452899572103,9.832452647909058,9.860652798906884
2017-03-24,2017-03-23,300429,15.88100099518524,15.75230568728261,15.88100099518524
2017-03-24,2017-03-23,300479,,,
2017-03-24,2017-03-23,300481,20.80985984601906,20.82882963621597,20.68971784143858
2017-03-24,2017-03-23,300489,22.95882485818287,23.05193712585799,22.89896697182028
2017-03-24,2017-03-23,300493,12.48090127584914,12.48864537178038,12.51445902488451
2017-03-24,2017-03-23,600310,6.986829078060013,6.962956085765959,6.954998421667941
2017-03-24,2017-03-23,600382,8.466961203820643,8.450894863775442,8.472316650502377
2017-03-24,2017-03-23,600419,24.71388362869666,24.64915582741018,24.55206412548045
2017-03-24,2017-03-23,600506,18.27938978031347,18.1027402152096,18.00289480884654
2017-03-24,2017-03-23,600522,11.25775508426309,11.21939816745129,11.24816585506014
2017-03-24,2017-03-23,600570,17.64445416252687,17.67738059903264,17.66091738077975
2017-03-24,2017-03-23,600816,8.97125322997416,8.923406546080964,8.915432098765432
2017-03-27,2017-03-24,000503,32.51,33.41,33.43
2017-03-27,2017-03-24,000516,,,
2017-03-27,2017-03-24,000607,9.889184707023331,9.85972338217619,9.889184707023331
2017-03-27,2017-03-24,002125,7.125479675881629,7.107813197346387,7.143146154416874
2017-03-27,2017-03-24,002141,8.015781826543682,7.995792345679484,8.005787086111583
2017-03-27,2017-03-24,002176,11.14249924684051,10.96310301567492,10.93320364381399
2017-03-27,2017-03-24,002196,12.72977027796441,12.64238055065572,12.70064036886151
2017-03-27,2017-03-24,002256,5.941035030613035,5.999471440750213,5.989732039060684
2017-03-27,2017-03-24,002364,18.11011152416357,18.37760223048327,18.25871747211896
2017-03-27,2017-03-24,002436,6.881079421960494,6.881079421960494,6.919846066591258
2017-03-27,2017-03-24,002495,5.601573770903661,5.581639344672687,5.5716721315572
2017-03-27,2017-03-24,002716,12.67721112197848,12.88771831773089,12.75907503143775
2017-03-27,2017-03-24,300026,5.324310179781568,5.31468213244019,5.285797990416059
2017-03-27,2017-03-24,300121,11.71738573630891,11.69564661620444,11.75361760314969
2017-03-27,2017-03-24,300234,8.652521332315589,8.620415501768962,8.60971355825342
2017-03-27,2017-03-24,300263,6.845842694158163,6.85552563997734,6.865208585796516
2017-03-27,2017-03-24,300274,6.949691177449625,6.976446485158767,6.949691177449625
2017-03-27,2017-03-24,300304,14.90920031985265,14.87150322675568,15.20135279135419
2017-03-27,2017-03-24,300341,9.832452647909058,9.851252748574275,9.832452647909058
2017-03-27,2017-03-24,300350,12.36462317979991,12.58076854242304,12.89113111439471
2017-03-27,2017-03-24,300373,18.66394389122424,18.67311987150508,18.40701644336078
2017-03-27,2017-03-24,300381,22.82599798323525,22.81633004677476,22.89367353845874
2017-03-27,2017-03-24,300479,,,
2017-03-27,2017-03-24,600084,11.89,11.62,11.61
2017-03-27,2017-03-24,600119,19.32940067504709,19.94366148583793,21.24153513444437
2017-03-27,2017-03-24,600232,10.94324709008097,11.02778719635628,11.00900050607287
2017-03-27,2017-03-24,600305,6.176107277552344,6.153810861387894,6.14266265330567
2017-03-27,2017-03-24,600310,6.939083093471905,6.899294772981813,6.931125429373886
2017-03-27,2017-03-24,600382,8.472316650502377,8.472316650502377,8.472316650502377
2017-03-27,2017-03-24,600529,12.33680770340795,12.35010884378899,12.3567594139795
2017-03-27,2017-03-24,600782,2.99396883025069,2.962370214627991,2.954470560722317
2017-03-27,2017-03-24,600816,9.035048808498422,8.987202124605226,9.082895492391616
2017-03-27,2017-03-24,601222,6.146275394859968,6.12239090498357,6.114429408358103
2017-03-27,2017-03-24,601992,3.965067545315067,3.931747649976285,4.015047388323241
2017-03-28,2017-03-27,000503,33.34,33.42,33.36
2017-03-28,2017-03-27,000516,,,
2017-03-28,2017-03-27,000607,9.849902940560478,9.810621174097625,9.820441615713339
2017-03-28,2017-03-27,002125,7.160812632952117,7.160812632952117,7.207923242379434
2017-03-28,2017-03-27,002141,8.205681894753571,8.295634558642465,8.165702933025173
2017-03-28,2017-03-27,002176,11.04283467397074,11.1026334176926,11.08270050311865
2017-03-28,2017-03-27,002196,12.6482065324763,12.65985849611746,12.72394429614383
2017-03-28,2017-03-27,002256,5.979992637371153,5.950774432302565,5.950774432302565
2017-03-28,2017-03-27,002364,18.1992750929368,18.23890334572491,18.23890334572491
2017-03-28,2017-03-27,002436,6.842312777329731,6.822929455014349,6.813237793856659
2017-03-28,2017-03-27,002495,5.551737705326227,5.531803279095253,5.521836065979765
2017-03-28,2017-03-27,002716,13.0631409808579,13.0105141819198,12.91695542825206
2017-03-28,2017-03-27,300026,5.256913848391927,5.237657753709174,5.237657753709174
2017-03-28,2017-03-27,300121,11.73912485641338,11.71738573630891,11.71013936294075
2017-03-28,2017-03-27,300234,8.625766473526733,8.631117445284502,8.636468417042275
2017-03-28,2017-03-27,300263,6.85552563997734,6.884574477434871,6.874891531615694
2017-03-28,2017-03-27,300274,6.896180562031341,6.889491735104055,6.936313523595053
2017-03-28,2017-03-27,300304,15.30501979737087,15.07883723878903,15.07883723878903
2017-03-28,2017-03-27,300341,9.907653050569929,9.973453402898192,10.05805385589167
2017-03-28,2017-03-27,300350,12.60293729756387,12.553057598497,12.44221382279283
2017-03-28,2017-03-27,300373,18.68229585178592,18.62723997010089,18.53548016729251
2017-03-28,2017-03-27,300381,22.41994465189435,22.42961258835485,22.42961258835485
2017-03-28,2017-03-27,300479,,,
2017-03-28,2017-03-27,600084,11.7,11.6,11.68
2017-03-28,2017-03-27,600119,20.40931081014711,20.1120878371838,20.00310608043059
2017-03-28,2017-03-27,600232,11.02778719635628,10.99021381578947,10.99021381578947
2017-03-28,2017-03-27,600305,6.14266265330567,6.137088549264558,6.114792133100109
2017-03-28,2017-03-27,600310,6.923167765275867,6.907252437079832,6.899294772981813
2017-03-28,2017-03-27,600382,8.488382990547576,8.445539417093709,8.450894863775442
2017-03-28,2017-03-27,600529,12.44986739664673,12.40331340531312,12.46981910721828
2017-03-28,2017-03-27,600782,2.946570906816642,2.930771599005293,2.930771599005293
2017-03-28,2017-03-27,600816,9.234409991386736,9.162639965546942,9.178588860178007
2017-03-28,2017-03-27,601222,6.106467911732636,6.162198388110901,6.217928864489164
2017-03-28,2017-03-27,601992,3.92341767614159,3.92341767614159,3.965067545315067
2017-03-29,2017-03-28,000503,33.75,33.84,34.28
2017-03-29,2017-03-28,000516,,,
2017-03-29,2017-03-28,000607,10.00703000641189,9.977568681564751,9.928466473486184
2017-03-29,2017-03-28,002125,7.178479111487361,7.172590285308946,7.178479111487361
2017-03-29,2017-03-28,002141,8.245660856481967,8.155708192593075,8.135718711728876
2017-03-29,2017-03-28,002176,11.15246570412749,11.1026334176926,11.13253278955353
2017-03-29,2017-03-28,002196,12.8404639325554,12.85211589619656,12.74724822342614
2017-03-29,2017-03-28,002256,5.931295628923506,5.941035030613035,5.931295628923506
2017-03-29,2017-03-28,002364,18.08039033457249,18.07048327137546,18.01104089219331
2017-03-29,2017-03-28,002436,6.745396165752823,6.793854471541277,6.774471149225896
2017-03-29,2017-03-28,002495,5.521836065979765,5.521836065979765,5.511868852864279
2017-03-29,2017-03-28,002716,13.07483582506637,12.86432862931396,12.82339667458433
2017-03-29,2017-03-28,300026,5.228029706367796,5.218401659026418,5.208773611685041
2017-03-29,2017-03-28,300121,11.94202331072176,11.91303781724913,11.88405232377651
2017-03-29,2017-03-28,300234,8.577607727706795,8.625766473526733,8.604362586495649
2017-03-29,2017-03-28,300263,6.874891531615694,6.836159748338985,6.836159748338985
2017-03-29,2017-03-28,300274,6.882802908176769,6.902869388958626,6.896180562031341
2017-03-29,2017-03-28,300304,15.83277910072848,15.75738491453454,15.59717226887241
2017-03-29,2017-03-28,300341,9.954653302232975,9.945253251900366,9.907653050569929
2017-03-29,2017-03-28,300350,12.48100914428929,12.38679193494075,12.287032536807
2017-03-29,2017-03-28,300373,18.88416741796435,18.54465614757335,18.95757526021105
2017-03-29,2017-03-28,300381,22.40060877897336,22.32326528728937,22.30392941436838
2017-03-29,2017-03-28,300479,,,
2017-03-29,2017-03-28,600084,10.53,9.859999999999999,9.82
2017-03-29,2017-03-28,600119,20.46875540473977,20.92449729661684,21.07310878309849
2017-03-29,2017-03-28,600232,10.95264043522267,10.98082047064777,10.95264043522267
2017-03-29,2017-03-28,600305,6.086921612894548,6.086921612894548,6.086921612894548
2017-03-29,2017-03-28,600310,6.923167765275867,6.931125429373886,6.907252437079832
2017-03-29,2017-03-28,600382,8.52587111731971,8.547292904046646,8.531226564001445
2017-03-29,2017-03-28,600529,12.53632480912345,12.50307195817087,12.4764696774088
2017-03-29,2017-03-28,600782,2.978169522439341,2.986069176345015,2.970269868533666
2017-03-29,2017-03-28,600816,9.098844387022682,9.138716623600345,9.082895492391616
2017-03-29,2017-03-28,601222,6.202005871238232,6.1860828779873,6.1860828779873
2017-03-29,2017-03-28,601992,3.931747649976285,3.915087702306895,3.906757728472199
2017-03-30,2017-03-29,000503,34.73,34.6,34.48
2017-03-30,2017-03-29,000516,,,
2017-03-30,2017-03-29,000607,9.800800732481912,9.790980290866198,9.604391900167643
2017-03-30,2017-03-29,002125,7.302144461234067,7.19025676384419,7.19025676384419
2017-03-30,2017-03-29,002141,8.05576078827208,8.015781826543682,7.975802864815286
2017-03-30,2017-03-29,002176,11.1026334176926,11.09266696040563,11.02290175939679
2017-03-30,2017-03-29,002196,12.6482065324763,12.74724822342614,12.78803009617019
2017-03-30,2017-03-29,002256,5.911816825544447,5.911816825544447,5.863119817096798
2017-03-30,2017-03-29,002364,17.95159851301115,17.99122676579925,17.80299256505576
2017-03-30,2017-03-29,002436,6.745396165752823,6.726012843437442,6.677554537648986
2017-03-30,2017-03-29,002495,5.462032787286844,5.44209836105587,5.412196721709409
2017-03-30,2017-03-29,002716,12.80585440827162,12.61873690093615,12.57780494620651
2017-03-30,2017-03-29,300026,5.141377280295401,5.141377280295401,5.102865090929892
2017-03-30,2017-03-29,300121,11.63767562925919,11.6521683759955,11.71738573630891
2017-03-30,2017-03-29,300234,8.390323716184811,8.401025659700354,8.38497274442704
2017-03-30,2017-03-29,300263,6.75869618178557,6.75869618178557,6.710281452689684
2017-03-30,2017-03-29,300274,6.802536985049344,6.789159331194774,6.769092850412916
2017-03-30,2017-03-29,300304,15.12595860516025,14.90920031985265,14.75841194746477
2017-03-30,2017-03-29,300341,9.776052345913403,9.682051842587313,9.70085194325253
2017-03-30,2017-03-29,300350,12.21498408259929,12.14847781717679,12.16510438353241
2017-03-30,2017-03-29,300373,19.08603898414279,19.04015908273859,18.80158359543681
2017-03-30,2017-03-29,300381,21.86887227364598,21.83020052780399,21.08576942034566
2017-03-30,2017-03-29,300479,,,
2017-03-30,2017-03-29,600084,9.84,9.74,9.68
2017-03-30,2017-03-29,600119,20.75607094527096,20.74616351283886,21.05329391823427
2017-03-30,2017-03-29,600232,10.82113360323886,10.80234691295546,10.69902011639676
2017-03-30,2017-03-29,600305,6.075773404812324,6.059051092688986,6.031180572483426
2017-03-30,2017-03-29,600310,6.970913749863977,6.994786742158031,6.923167765275867
2017-03-30,2017-03-29,600382,8.445539417093709,8.434828523730241,8.418762183685041
2017-03-30,2017-03-29,600529,12.21709743997866,12.25700086112176,12.19714572940711
2017-03-30,2017-03-29,600782,3.017667791967714,3.049266407590412,3.041366753684738
2017-03-30,2017-03-29,600816,9.019099913867356,9.035048808498422,8.987202124605226
2017-03-30,2017-03-29,601222,6.146275394859968,6.130352401609036,6.090544918481704
2017-03-30,2017-03-29,601992,3.990057466819154,3.981727492984459,3.99838744065385
2017-03-31,2017-03-30,000503,34.26,34.3,34.38
2017-03-31,2017-03-30,000516,,,
2017-03-31,2017-03-30,000607,9.211574235539112,9.250856002001964,9.280317326849104
2017-03-31,2017-03-30,002125,7.078369066454313,7.107813197346387,7.043036109383826
2017-03-31,2017-03-30,002141,7.745923834877,7.815887017901696,7.785902796605398
2017-03-31,2017-03-30,002176,10.96310301567492,10.94317010110097,11.09266696040563
2017-03-31,2017-03-30,002196,12.47925305967952,12.47342707785894,12.53751287788531
2017-03-31,2017-03-30,002256,5.794944005270092,5.814422808649151,5.892338022165387
2017-03-31,2017-03-30,002364,17.53550185873606,17.48596654275093,17.4364312267658
2017-03-31,2017-03-30,002436,6.464337992179789,6.541871281441315,6.590329587229769
2017-03-31,2017-03-30,002495,5.31252459055454,5.342426229901001,5.342426229901001
2017-03-31,2017-03-30,002716,12.16848539891016,12.12170602207629,12.14509571049322
2017-03-31,2017-03-30,300026,5.035468759540253,5.054724854223007,5.04509680688163
2017-03-31,2017-03-30,300121,11.30434245432399,11.29709608095584,11.29709608095584
2017-03-31,2017-03-30,300234,8.021106664898618,8.074616382476327,8.106722213022953
2017-03-31,2017-03-30,300263,6.506939590486966,6.565037265402029,6.565037265402029
2017-03-31,2017-03-30,300274,6.655382792649062,6.702204581140061,6.728959888849204
2017-03-31,2017-03-30,300304,13.88195453296015,13.85368171313742,13.96677299242834
2017-03-31,2017-03-30,300341,9.400050332609041,9.475250735269913,9.447050584272088
2017-03-31,2017-03-30,300350,11.84365743399033,11.90462151062762,11.97112777605012
2017-03-31,2017-03-30,300373,18.9208713390877,18.94839927993021,19.07686300386194
2017-03-31,2017-03-30,300381,20.48635735979479,20.77639545360973,20.79573132653072
2017-03-31,2017-03-30,300479,,,
2017-03-31,2017-03-30,600084,9.69,9.779999999999999,9.83
2017-03-31,2017-03-30,600119,20.84523783715996,22.25209324251961,21.95487026955631
2017-03-31,2017-03-30,600232,10.39843307186235,10.41721976214575,10.42661310728745
2017-03-31,2017-03-30,600305,5.936420803784518,5.953143115907855,5.94199490782563
2017-03-31,2017-03-30,600310,7.05049039084416,7.058448054942177,7.05049039084416
2017-03-31,2017-03-30,600382,8.456250310457175,8.450894863775442,8.413406737003308
2017-03-31,2017-03-30,600529,12.15724230826401,12.13729059769246,12.23704915055021
2017-03-31,2017-03-30,600782,2.986069176345015,2.978169522439341,2.978169522439341
2017-03-31,2017-03-30,600816,8.97125322997416,9.019099913867356,9.027074361182889
2017-03-31,2017-03-30,601222,5.955199475848778,5.995006958976109,5.97112246909971
2017-03-31,2017-03-30,601992,4.023377362157937,3.981727492984459,3.940077623810981
2017-04-05,2017-03-31,000420,3.97,3.98,3.98
2017-04-05,2017-03-31,000516,,,
2017-04-05,2017-03-31,002125,7.013591978491753,7.013591978491753,7.066591414097484
2017-04-05,2017-03-31,002139,8.545381888459172,8.564470604516787,8.539018983106633
2017-04-05,2017-03-31,002141,7.566018507099212,7.615992209259709,7.556023766667112
2017-04-05,2017-03-31,002194,8.915202752790735,8.980336654180988,8.988478391854768
2017-04-05,2017-03-31,002196,12.40934127783258,12.403515296012,12.47342707785894
2017-04-05,2017-03-31,002350,8.646609120411579,9.260973452651349,9.097142964054076
2017-04-05,2017-03-31,002402,10.42244266921267,10.500586569263,10.55919449430075
2017-04-05,2017-03-31,002421,6.223977733401409,6.329468881425162,6.31028867269357
2017-04-05,2017-03-31,002436,6.541871281441315,6.561254603756696,6.60002124838746
2017-04-05,2017-03-31,002511,6.977237285615712,6.951049263632168,7.007166453596906
2017-04-05,2017-03-31,002643,12.26633190414712,12.25923127786396,12.30893566184604
2017-04-05,2017-03-31,002778,24.31954529717533,24.53593619964732,24.64762182672965
2017-04-05,2017-03-31,300026,5.054724854223007,5.102865090929892,5.093237043588515
2017-04-05,2017-03-31,300141,14.30436821163042,14.55485945220275,14.46916508042801
2017-04-05,2017-03-31,300198,7.39,7.34,7.37
2017-04-05,2017-03-31,300234,8.117424156538494,8.176284845873974,8.106722213022953
2017-04-05,2017-03-31,300236,21.89861780728959,21.8921713492951,22.06622571514639
2017-04-05,2017-03-31,300256,7.431010377339406,7.464154937452427,7.484041673520239
2017-04-05,2017-03-31,300274,6.769092850412916,6.815914638903915,6.829292292758486
2017-04-05,2017-03-31,300279,13.73655064740288,13.85717118511252,13.78621792763626
2017-04-05,2017-03-31,300381,20.4670214868738,20.48635735979479,20.55403291501828
2017-04-05,2017-03-31,300429,15.46917600989681,15.52065413305786,15.46917600989681
2017-04-05,2017-03-31,300458,11.08182262873476,11.20708575474278,11.12304846767411
2017-04-05,2017-03-31,300479,,,
2017-04-05,2017-03-31,300481,17.75572362431526,17.81263299490601,18.02130068707211
2017-04-05,2017-03-31,300493,10.83140884249493,10.95789574270519,11.00694168360305
2017-04-05,2017-03-31,600232,10.10723937246964,10.21995951417004,10.08845268218623
2017-04-05,2017-03-31,600782,2.938671252910968,2.962370214627991,2.954470560722317
2017-04-05,2017-03-31,600816,9.043023255813953,8.987202124605226,9.058972150445019
2017-04-05,2017-03-31,601222,5.995006958976109,6.010929952227041,5.979083965725176
2017-04-05,2017-03-31,601992,3.881767806968112,4.273276577198802,4.273276577198802
2017-04-06,2017-04-05,000420,3.98,3.98,3.99
2017-04-06,2017-04-05,000516,,,
2017-04-06,2017-04-05,002125,7.172590285308946,7.143146154416874,7.166701459130532
2017-04-06,2017-04-05,002139,8.729906143682788,8.704454522272634,8.704454522272634
2017-04-06,2017-04-05,002141,7.675960651852304,7.655971170988106,7.625986949691808
2017-04-06,2017-04-05,002194,9.257155735089558,9.175738358351744,9.200163571373089
2017-04-06,2017-04-05,002196,13.21915275089301,13.24828265999591,13.28323855091938
2017-04-06,2017-04-05,002350,9.097142964054076,8.974270097606123,8.83319384353625
2017-04-06,2017-04-05,002402,10.78385820694545,10.66664235686995,10.67641034437624
2017-04-06,2017-04-05,002421,6.617172012399033,6.693892847325399,6.78020378661756
2017-04-06,2017-04-05,002436,6.83262111617204,6.793854471541277,6.83262111617204
2017-04-06,2017-04-05,002511,7.052060205568696,7.014648745592204,7.040836767575748
2017-04-06,2017-04-05,002643,12.58230977374743,12.4971022583496,12.67461791542843
2017-04-06,2017-04-05,002778,26.00181005510278,25.95294759325427,25.98784935171749
2017-04-06,2017-04-05,300026,5.151005327636778,5.131749232954024,5.151005327636778
2017-04-06,2017-04-05,300141,14.81853444227889,15.07561755760312,14.93718818781315
2017-04-06,2017-04-05,300198,7.31,7.34,7.31
2017-04-06,2017-04-05,300234,8.256549422240539,8.26725136575608,8.245847478724997
2017-04-06,2017-04-05,300236,22.29185174495361,22.36920924088752,22.43367382083244
2017-04-06,2017-04-05,300256,7.596733177904513,7.590104265881908,7.583475353859304
2017-04-06,2017-04-05,300274,6.929624696667767,6.936313523595053,6.969757658231481
2017-04-06,2017-04-05,300279,13.76493195039339,13.81105156775295,13.77557493901482
2017-04-06,2017-04-05,300381,20.92141450051719,20.83440307237272,20.70871989838625
2017-04-06,2017-04-05,300429,15.58757569316723,15.51035850842565,15.51035850842565
2017-04-06,2017-04-05,300458,11.319664007231,11.27209573153175,11.29587986938137
2017-04-06,2017-04-05,300479,,,
2017-04-06,2017-04-05,300481,18.22996837923821,18.19835206224335,18.19835206224335
2017-04-06,2017-04-05,300493,11.12826585319248,11.13859131443413,11.1514981409862
2017-04-06,2017-04-05,600232,10.39843307186235,10.24813954959514,10.33267965587044
2017-04-06,2017-04-05,600782,3.033467099779063,3.009768138062039,3.017667791967714
2017-04-06,2017-04-05,600816,9.170614412862475,9.138716623600345,9.18656330749354
2017-04-06,2017-04-05,601222,6.050737435354373,6.026852945477974,6.03481444210344
2017-04-06,2017-04-05,601992,4.273276577198802,4.698105242768273,4.698105242768273
2017-04-07,2017-04-06,000420,4.01,4,3.99
2017-04-07,2017-04-06,000516,,,
2017-04-07,2017-04-06,002125,7.107813197346387,7.113702023524801,7.131368502060044
2017-04-07,2017-04-06,002139,8.742631954387864,8.742631954387864,8.71718033297771
2017-04-07,2017-04-06,002141,7.645976430556007,7.605997468827609,7.615992209259709
2017-04-07,2017-04-06,002194,9.110604456961491,9.069895768592584,9.135029669982837
2017-04-07,2017-04-06,002196,13.14924096904607,13.34732435094574,13.47549595099848
2017-04-07,2017-04-06,002350,8.874151465685568,8.851397231158169,8.855948078063649
2017-04-07,2017-04-06,002402,10.65687436936366,10.60803443183221,10.60803443183221
2017-04-07,2017-04-06,002421,6.761023577885968,6.674712638593807,6.684302742959602
2017-04-07,2017-04-06,002436,6.813237793856659,6.793854471541277,6.784162810383586
2017-04-07,2017-04-06,002511,7.08198937354989,7.055801351566345,6.980978431613361
2017-04-07,2017-04-06,002643,12.68526885485315,12.67816822857,12.67106760228685
2017-04-07,2017-04-06,002778,25.90408513140575,25.82032091109402,25.94596724156163
2017-04-07,2017-04-06,300026,5.131749232954024,5.122121185612647,5.131749232954024
2017-04-07,2017-04-06,300141,14.76579944426366,14.66692132298511,14.79875881802318
2017-04-07,2017-04-06,300198,7.27,7.25,7.25
2017-04-07,2017-04-06,300234,8.449184405520292,8.3742708009115,8.368919829153729
2017-04-07,2017-04-06,300236,22.20160133303072,22.20160133303072,22.09201154712436
2017-04-07,2017-04-06,300256,7.609991001949721,7.62324882599493,7.609991001949721
2017-04-07,2017-04-06,300274,6.922935869740482,6.922935869740482,6.909558215885911
2017-04-07,2017-04-06,300279,14.09841226053178,14.02745900305553,13.9919823743174
2017-04-07,2017-04-06,300381,20.92141450051719,20.94075037343819,21.03742973804317
2017-04-07,2017-04-06,300429,15.34048070199417,15.41769788673575,15.41769788673575
2017-04-07,2017-04-06,300458,11.38467398401997,10.6996908139508,10.623581572832
2017-04-07,2017-04-06,300479,,,
2017-04-07,2017-04-06,300481,18.14144269165259,18.07821005766287,18.12879616485465
2017-04-07,2017-04-06,300493,11.15407950629661,11.09987083477793,11.10503356539876
2017-04-07,2017-04-06,600232,10.42661310728745,10.37964638157895,10.41721976214575
2017-04-07,2017-04-06,600782,3.009768138062039,2.970269868533666,2.970269868533666
2017-04-07,2017-04-06,600816,9.13074217628481,9.146691070915878,9.098844387022682
2017-04-07,2017-04-06,601222,6.026852945477974,6.018891448852507,6.018891448852507
2017-04-07,2017-04-06,601992,4.698105242768273,5.164583777511223,5.164583777511223
2017-04-10,2017-04-07,000420,3.98,3.97,3.96
2017-04-10,2017-04-07,000516,,,
2017-04-10,2017-04-07,002125,7.137257328238459,7.19025676384419,7.225589720914678
2017-04-10,2017-04-07,002139,8.685365806215019,8.647188374099787,8.539018983106633
2017-04-10,2017-04-07,002141,7.546029026235013,7.516044804938715,7.506050064506615
2017-04-10,2017-04-07,002194,9.192021833699306,9.126887932309055,9.126887932309055
2017-04-10,2017-04-07,002196,13.3589763145869,13.39393220551037,13.39975818733095
2017-04-10,2017-04-07,002350,8.887804006402007,8.787685374481452,8.801337915197891
2017-04-10,2017-04-07,002402,10.500586569263,10.35406675666863,10.31499480664347
2017-04-10,2017-04-07,002421,6.674712638593807,6.655532429862216,6.722663160422785
2017-04-10,2017-04-07,002436,6.793854471541277,6.745396165752823,6.71632118227975
2017-04-10,2017-04-07,002511,6.865002905686238,6.865002905686238,6.921120095650975
2017-04-10,2017-04-07,002643,12.53260538976536,12.38349223781915,12.30538534870446
2017-04-10,2017-04-07,002778,25.89710477971311,25.7714584492455,25.65279247047053
2017-04-10,2017-04-07,300026,5.122121185612647,5.122121185612647,5.141377280295401
2017-04-10,2017-04-07,300141,15.09539318185883,14.96355568682076,14.8317181917827
2017-04-10,2017-04-07,300198,7.21,7.21,7.28
2017-04-10,2017-04-07,300234,8.235145535209455,8.170933874116203,8.133477071811807
2017-04-10,2017-04-07,300236,22.00176113520147,21.7310098994328,21.62786657152093
2017-04-10,2017-04-07,300256,7.537072969701073,7.510557321610657,7.464154937452427
2017-04-10,2017-04-07,300274,6.949691177449625,6.896180562031341,6.896180562031341
2017-04-10,2017-04-07,300279,14.05584030604603,14.01326835156028,13.98843471144359
2017-04-10,2017-04-07,300381,21.23078846725312,21.06643354742466,20.79573132653072
2017-04-10,2017-04-07,300429,15.20663758177543,15.22208101872375,15.17060289556269
2017-04-10,2017-04-07,300458,10.687005940431,10.43806529760494,10.25254902237787
2017-04-10,2017-04-07,300479,,,
2017-04-10,2017-04-07,300481,18.02762395047109,17.88218889229471,17.5154396151543
2017-04-10,2017-04-07,300493,10.87271068746155,10.53197046648697,10.20671843737487
2017-04-10,2017-04-07,600232,10.34207300101214,10.29510627530364,10.25753289473684
2017-04-10,2017-04-07,600782,2.946570906816642,2.914972291193944,2.938671252910968
2017-04-10,2017-04-07,600816,9.050997703129486,9.011125466551823,9.00315101923629
2017-04-10,2017-04-07,601222,6.010929952227041,5.979083965725176,5.963160972474244
2017-04-10,2017-04-07,601992,5.164583777511223,5.681042155262345,5.681042155262345
2017-04-11,2017-04-10,000420,3.88,3.88,3.9
2017-04-11,2017-04-10,000516,,,
2017-04-11,2017-04-10,002125,7.284477982698823,7.172590285308946,7.149034980595289
2017-04-11,2017-04-10,002139,8.456301213523632,8.456301213523632,8.449938308171093
2017-04-11,2017-04-10,002141,7.236192072839933,7.256181553704131,7.186218370679437
2017-04-11,2017-04-10,002194,8.972194916507206,8.923344490464517,9.05361229324502
2017-04-11,2017-04-10,002196,13.21915275089301,13.08515516901971,13.17837087814896
2017-04-11,2017-04-10,002350,9.02888026047188,9.169956514541752,9.0470836480938
2017-04-11,2017-04-10,002402,10.25638688160572,10.2856908441246,10.31499480664347
2017-04-11,2017-04-10,002421,6.962415769567678,6.885694934641312,6.904875143372904
2017-04-11,2017-04-10,002436,6.580637926072079,6.561254603756696,6.609712909545151
2017-04-11,2017-04-10,002511,6.846297175697992,6.876226343679185,6.85377946769329
2017-04-11,2017-04-10,002643,12.2237281464482,12.2379293990145,12.31958660127077
2017-04-11,2017-04-10,002778,24.67554323350023,24.82911097073842,24.90589483935751
2017-04-11,2017-04-10,300026,5.093237043588515,5.083608996247139,5.102865090929892
2017-04-11,2017-04-10,300141,14.72624819575224,14.71965632100034,14.88445318979792
2017-04-11,2017-04-10,300198,7.4,7.32,7.42
2017-04-11,2017-04-10,300234,7.940842088532054,7.97829889083645,7.999702777867534
2017-04-11,2017-04-10,300236,20.77693411624797,20.72536245229204,20.9187561921268
2017-04-11,2017-04-10,300256,7.324947784977737,7.344834521045549,7.338205609022945
2017-04-11,2017-04-10,300274,6.802536985049344,6.80922581197663,6.802536985049344
2017-04-11,2017-04-10,300279,13.91748145396733,13.9352197683364,14.04874498029841
2017-04-11,2017-04-10,300381,20.4476856139528,20.16731545659837,20.41868180457131
2017-04-11,2017-04-10,300429,14.81025603343531,14.71759541174542,14.76907353490647
2017-04-11,2017-04-10,300458,9.878345253543788,9.876759644353813,10.03849178173126
2017-04-11,2017-04-10,300479,,,
2017-04-11,2017-04-10,300481,17.15501360141285,17.23089276220053,17.21192297200361
2017-04-11,2017-04-10,300493,9.940837810402282,10.13960293930412,10.13702157399371
2017-04-11,2017-04-10,600232,10.12602606275304,10.06966599190283,10.11663271761133
2017-04-11,2017-04-10,600782,2.930771599005293,2.914972291193944,2.938671252910968
2017-04-11,2017-04-10,600816,8.963278782658628,8.939355440712031,8.963278782658628
2017-04-11,2017-04-10,601222,5.939276482597845,5.955199475848778,5.947237979223311
2017-04-11,2017-04-10,601992,5.681042155262345,6.24748037602164,6.24748037602164
2017-04-12,2017-04-11,000516,,,
2017-04-12,2017-04-11,000595,6.99,6.83,6.97
2017-04-12,2017-04-11,002033,11.16440465532677,11.11552372426141,11.18395702775291
2017-04-12,2017-04-11,002068,7.968334648814185,7.940211114759547,7.996458182868823
2017-04-12,2017-04-11,002139,8.38630925464571,8.373583443940634,8.341768917177941
2017-04-12,2017-04-11,002141,7.42609214104982,7.845871239197994,8.145713452160974
2017-04-12,2017-04-11,002256,6.145562466093156,6.116344261024568,6.096865457645508
2017-04-12,2017-04-11,002277,7.166823573487796,7.030312648278504,7.030312648278504
2017-04-12,2017-04-11,002436,6.70662952112206,6.726012843437442,6.861696099645113
2017-04-12,2017-04-11,002495,5.412196721709409,5.392262295478435,5.422163934824897
2017-04-12,2017-04-11,002533,7.578694932410198,7.555279809035088,7.555279809035088
2017-04-12,2017-04-11,002723,17.60638574794269,17.4644559958432,17.39349111979345
2017-04-12,2017-04-11,002769,18.99934769198708,18.9214016501738,18.85319886358717
2017-04-12,2017-04-11,300026,5.141377280295401,5.102865090929892,5.093237043588515
2017-04-12,2017-04-11,300127,16.92549800323181,16.71054137480865,16.6918494940762
2017-04-12,2017-04-11,300198,7.36,7.37,7.33
2017-04-12,2017-04-11,300218,12.21137934486116,12.18504279702896,12.11481200280977
2017-04-12,2017-04-11,300274,6.80922581197663,6.789159331194774,6.782470504267488
2017-04-12,2017-04-11,300317,18.42073705204279,18.36025104978235,18.41523832456457
2017-04-12,2017-04-11,300381,20.08030402845389,20.0222964096909,20.0222964096909
2017-04-12,2017-04-11,300429,14.72274322406152,14.56830885457836,14.49623948215288
2017-04-12,2017-04-11,300438,19.64691598919438,19.56239914344338,19.56890043927039
2017-04-12,2017-04-11,300458,10.20339513748865,10.11777224123,10.06544713796083
2017-04-12,2017-04-11,300479,,,
2017-04-12,2017-04-11,300481,17.40162087397279,17.31941844978614,17.20559970860464
2017-04-12,2017-04-11,600095,9.941739162486691,9.951307727609391,10.06613050908181
2017-04-12,2017-04-11,600107,13.04,13,12.94
2017-04-12,2017-04-11,600232,10.17299278846154,10.58629997469636,10.54872659412955
2017-04-12,2017-04-11,600491,10.84318074077729,10.78472693624479,10.7262731317123
2017-04-12,2017-04-11,600570,16.68547169929646,16.54553434414697,16.64431365366426
2017-04-12,2017-04-11,600816,8.979227677289693,8.915432098765432,8.931380993396496
2017-04-12,2017-04-11,601222,6.018891448852507,5.995006958976109,5.995006958976109
2017-04-13,2017-04-12,000516,,,
2017-04-13,2017-04-12,000595,6.96,6.9,6.97
2017-04-13,2017-04-12,002033,11.35015219337511,11.42836168307968,11.33059982094897
2017-04-13,2017-04-12,002068,7.996458182868823,7.996458182868823,7.949585626111093
2017-04-13,2017-04-12,002139,8.411760876055864,8.46902702422871,8.475389929581249
2017-04-13,2017-04-12,002141,8.165702933025173,8.22567137561777,8.115729230864675
2017-04-13,2017-04-12,002256,6.087126055955979,6.028689645818802,6.009210842439742
2017-04-13,2017-04-12,002277,7.18632513423198,7.13757123237152,7.118069671627334
2017-04-13,2017-04-12,002436,6.890771083118186,6.900462744275877,6.822929455014349
2017-04-13,2017-04-12,002495,5.531803279095253,5.501901639748791,5.511868852864279
2017-04-13,2017-04-12,002533,7.53186468565998,7.53186468565998,7.53186468565998
2017-04-13,2017-04-12,002723,17.6347716983626,17.52832438428797,17.34381570655863
2017-04-13,2017-04-12,002769,18.90191513972047,18.76550956654723,18.80448258745388
2017-04-13,2017-04-12,300026,5.083608996247139,5.073980948905761,5.102865090929892
2017-04-13,2017-04-12,300127,16.46754692528683,16.46754692528683,16.56100632894907
2017-04-13,2017-04-12,300198,7.3,7.27,7.24
2017-04-13,2017-04-12,300218,12.10603315353238,12.08847545497758,12.11481200280977
2017-04-13,2017-04-12,300274,6.829292292758486,6.8226034658312,6.8226034658312
2017-04-13,2017-04-12,300317,18.06331976595838,18.08531467587127,18.06331976595838
2017-04-13,2017-04-12,300381,19.93528498154642,20.14797958367737,19.90628117216493
2017-04-13,2017-04-12,300429,14.49623948215288,14.50653510678509,14.54771760531394
2017-04-13,2017-04-12,300438,20.05649762629539,20.04999633046839,19.95247689306339
2017-04-13,2017-04-12,300458,10.00995081631171,10.05751909201095,10.06069031039091
2017-04-13,2017-04-12,300479,,,
2017-04-13,2017-04-12,300481,17.47117677136149,17.48382329815943,17.48382329815943
2017-04-13,2017-04-12,600095,9.93217059736399,9.913033467118586,9.941739162486691
2017-04-13,2017-04-12,600107,12.88,12.81,12.64
2017-04-13,2017-04-12,600232,10.46418648785425,10.37964638157895,10.31389296558704
2017-04-13,2017-04-12,600491,10.62885012415815,10.55091171811482,10.5996232218919
2017-04-13,2017-04-12,600570,16.45498664375611,16.50849210307798,16.57846078065273
2017-04-13,2017-04-12,600816,8.947329888027562,8.947329888027562,8.923406546080964
2017-04-13,2017-04-12,601222,6.002968455601575,5.987045462350642,5.979083965725176
2017-04-14,2017-04-13,000516,,,
2017-04-14,2017-04-13,000595,6.91,6.88,6.84
2017-04-14,2017-04-13,002033,11.29149507609669,11.2230617726052,11.14485228290063
2017-04-14,2017-04-13,002068,7.97770916016573,7.97770916016573,7.968334648814185
2017-04-14,2017-04-13,002139,8.456301213523632,8.418123781408402,8.373583443940634
2017-04-14,2017-04-13,002141,8.015781826543682,7.835876498765894,7.745923834877
2017-04-14,2017-04-13,002256,6.096865457645508,6.048168449197861,6.028689645818802
2017-04-14,2017-04-13,002277,7.09856811088315,7.059564989394781,7.118069671627334
2017-04-14,2017-04-13,002436,6.842312777329731,6.83262111617204,6.774471149225896
2017-04-14,2017-04-13,002495,5.462032787286844,5.44209836105587,5.402229508593922
2017-04-14,2017-04-13,002533,7.516254603409908,7.539669726785016,7.516254603409908
2017-04-14,2017-04-13,002723,17.15930702882928,17.10253512798948,16.81867562379048
2017-04-14,2017-04-13,002769,18.90191513972047,18.79473933222721,18.69730677996061
2017-04-14,2017-04-13,300026,5.093237043588515,5.073980948905761,5.064352901564384
2017-04-14,2017-04-13,300127,16.46754692528683,16.4582009849206,16.40212534272326
2017-04-14,2017-04-13,300198,7.21,7.17,7.07
2017-04-14,2017-04-13,300218,12.14114855064197,12.09725430425498,12.08847545497758
2017-04-14,2017-04-13,300274,6.869425254322199,6.862736427394913,6.849358773540343
2017-04-14,2017-04-13,300317,18.06331976595838,18.32725868491302,18.31076250247835
2017-04-14,2017-04-13,300381,19.96428879092791,19.92561704508592,19.82893768048095
2017-04-14,2017-04-13,300429,14.49109166983678,14.39328323583077,14.33665730035361
2017-04-14,2017-04-13,300438,20.2190300219704,20.1215105845654,20.08250280960339
2017-04-14,2017-04-13,300458,10.06861835634078,10.05593348282098,10.01946447145156
2017-04-14,2017-04-13,300479,,,
2017-04-14,2017-04-13,300481,17.43323719096765,17.28780213279128,17.30044865958923
2017-04-14,2017-04-13,600095,9.922602032241286,9.72166216466456,9.73123072978726
2017-04-14,2017-04-13,600107,12.89,12.83,12.84
2017-04-14,2017-04-13,600232,10.34207300101214,10.24813954959514,10.19177947874494
2017-04-14,2017-04-13,600491,10.84318074077729,11.34978038005888,11.30106887628181
2017-04-14,2017-04-13,600570,16.50437629851476,16.53730273502052,16.92418836396326
2017-04-14,2017-04-13,600816,8.987202124605226,8.979227677289693,9.019099913867356
2017-04-14,2017-04-13,601222,6.042775938728907,6.03481444210344,6.018891448852507
2017-04-17,2017-04-14,000516,,,
2017-04-17,2017-04-14,000595,6.8,6.85,6.78
2017-04-17,2017-04-14,002033,11.12529991047449,11.09597135183527,11.16440465532677
2017-04-17,2017-04-14,002068,7.855840512595632,7.752720887728624,7.733971865025532
2017-04-17,2017-04-14,002139,8.424486686760941,8.526293172401557,8.564470604516787
2017-04-17,2017-04-14,002141,7.605997468827609,7.386113179321423,7.226197332407834
2017-04-17,2017-04-14,002256,6.087126055955979,6.038429047508331,6.028689645818802
2017-04-17,2017-04-14,002277,7.020561867906412,6.971807966045952,7.020561867906412
2017-04-17,2017-04-14,002436,6.70662952112206,6.735704504595132,6.71632118227975
2017-04-17,2017-04-14,002495,5.342426229901001,5.322491803670027,5.292590164323565
2017-04-17,2017-04-14,002533,7.399178986534364,7.375763863159254,7.375763863159254
2017-04-17,2017-04-14,002723,17.03157025193973,16.80448264858053,16.70513182211088
2017-04-17,2017-04-14,002769,18.57064446201403,18.34654959180085,18.34654959180085
2017-04-17,2017-04-14,300026,5.025840712198876,5.073980948905761,5.04509680688163
2017-04-17,2017-04-14,300127,16.47689286565305,16.43016316382193,16.38343346199081
2017-04-17,2017-04-14,300198,7.04,7.09,7.03
2017-04-17,2017-04-14,300218,11.9831292636488,11.91289846942961,11.74610033315904
2017-04-17,2017-04-14,300274,6.742337542703774,6.775781677340203,6.795848158122059
2017-04-17,2017-04-14,300317,18.47572432682501,17.09004500231313,16.85909844822782
2017-04-17,2017-04-14,300381,19.596907205429,19.19085387408809,18.87181197089166
2017-04-17,2017-04-14,300429,14.43961354667572,14.43961354667572,14.34695292498582
2017-04-17,2017-04-14,300438,20.5180896300124,20.5050870383584,20.2710403885864
2017-04-17,2017-04-14,300458,10.16692612611923,10.05117665525106,10.1304571147498
2017-04-17,2017-04-14,300479,,,
2017-04-17,2017-04-14,300481,17.0285483334334,16.78826432427244,16.80723411446936
2017-04-17,2017-04-14,600095,9.72166216466456,9.73123072978726,9.654682208805649
2017-04-17,2017-04-14,600107,12.66,12.45,12.37
2017-04-17,2017-04-14,600232,10.03209261133603,10.01330592105263,9.863012398785425
2017-04-17,2017-04-14,600491,11.17441896646141,11.36926498156971,11.34978038005888
2017-04-17,2017-04-14,600570,16.72251394036545,16.42206020725034,16.29858607035372
2017-04-17,2017-04-14,600816,8.931380993396496,8.97125322997416,8.955304335343095
2017-04-17,2017-04-14,601222,6.002968455601575,6.002968455601575,5.97112246909971
2017-04-18,2017-04-17,000516,,,
2017-04-18,2017-04-17,000595,6.76,6.74,6.67
2017-04-18,2017-04-17,002033,11.2230617726052,11.17418084153984,11.16440465532677
2017-04-18,2017-04-17,002068,7.687099308267801,7.668350285564709,7.715222842322441
2017-04-18,2017-04-17,002139,8.602648036632019,8.793535197208172,8.774446481150557
2017-04-18,2017-04-17,002141,7.166228889815238,7.276171034568331,7.276171034568331
2017-04-18,2017-04-17,002256,6.106604859335038,6.06764725257692,6.06764725257692
2017-04-18,2017-04-17,002277,6.845047821208752,6.845047821208752,6.854798601580844
2017-04-18,2017-04-17,002436,6.696937859964369,6.726012843437442,6.696937859964369
2017-04-18,2017-04-17,002495,5.252721311861618,5.262688524977105,5.282622951208078
2017-04-18,2017-04-17,002533,7.34454369865911,7.375763863159254,7.375763863159254
2017-04-18,2017-04-17,002723,17.14511405361933,16.88254401223526,17.00318430151983
2017-04-18,2017-04-17,002769,18.26860354998757,18.31731982612087,18.33680633657419
2017-04-18,2017-04-17,300026,5.016212664857498,5.04509680688163,5.04509680688163
2017-04-18,2017-04-17,300127,16.68250355370998,16.64511979224508,16.65446573261131
2017-04-18,2017-04-17,300198,6.6,6.26,6.24
2017-04-18,2017-04-17,300218,11.61441759399807,11.67586953893986,11.66709068966246
2017-04-18,2017-04-17,300274,6.708893408067347,6.735648715776489,6.722271061921918
2017-04-18,2017-04-17,300317,16.62815189414251,16.36421297518786,16.38620788510075
2017-04-18,2017-04-17,300381,20.0029605367699,19.86760942632294,19.91594910862543
2017-04-18,2017-04-17,300429,14.4190222974113,14.46535260825625,14.49623948215288
2017-04-18,2017-04-17,300438,20.5115883341854,20.3165494593754,20.5115883341854
2017-04-18,2017-04-17,300458,9.878345253543788,9.913228655723238,9.944940839522735
2017-04-18,2017-04-17,300479,,,
2017-04-18,2017-04-17,300481,16.68709210988888,16.69341537328785,16.64282926609607
2017-04-18,2017-04-17,600095,8.745668522149023,8.803079912885231,8.860491303621439
2017-04-18,2017-04-17,600107,12.03,12.01,12.04
2017-04-18,2017-04-17,600232,9.806652327935222,9.787865637651821,9.787865637651821
2017-04-18,2017-04-17,600491,11.12570746268433,10.99905755286393,11.04776905664101
2017-04-18,2017-04-17,600570,16.5126079076412,16.42206020725034,16.57022917152629
2017-04-18,2017-04-17,600816,8.955304335343095,8.955304335343095,8.939355440712031
2017-04-18,2017-04-17,601222,5.947237979223311,5.97112246909971,5.955199475848778
2017-04-19,2017-04-18,000503,34.38,34.39,33.94
2017-04-19,2017-04-18,000516,,,
2017-04-19,2017-04-18,000593,9.59,9.449999999999999,9.35
2017-04-19,2017-04-18,000791,6.036889117545566,5.924326906325383,5.924326906325383
2017-04-19,2017-04-18,002141,7.096265706790541,7.046292004630045,6.936349859876953
2017-04-19,2017-04-18,002281,21.5758822376506,21.32077858227137,21.04605156878605
2017-04-19,2017-04-18,002436,6.638787893018224,6.541871281441315,6.493412975652861
2017-04-19,2017-04-18,002495,5.202885246284183,5.172983606937723,5.123147541360288
2017-04-19,2017-04-18,002519,10.87743392667688,10.77470894730638,10.64915619474243
2017-04-19,2017-04-18,002533,7.21966304065853,7.15722271165824,7.126002547158095
2017-04-19,2017-04-18,002769,18.28809006044089,18.18091425294763,17.92758961705447
2017-04-19,2017-04-18,300026,4.996956570174745,4.996956570174745,4.968072428150613
2017-04-19,2017-04-18,300059,4.584092065892724,4.50546269941086,4.446490674549461
2017-04-19,2017-04-18,300121,10.15216908878713,10.14492271541897,9.8405750339564
2017-04-19,2017-04-18,300256,7.000131095870127,6.993502183847522,6.920584151598875
2017-04-19,2017-04-18,300263,6.681232615232154,6.545671373763675,6.526305482125321
2017-04-19,2017-04-18,300327,24.51051519981027,24.28323716840085,24.2122127835854
2017-04-19,2017-04-18,300337,9.123378190680041,9.093498131103578,9.063618071527115
2017-04-19,2017-04-18,300386,19.03958332575454,18.88124999248423,18.58437499260241
2017-04-19,2017-04-18,300400,15.22501228620343,15.26481045947553,14.95526911180366
2017-04-19,2017-04-18,300429,13.86305856727191,13.69318076084044,13.41519889577074
2017-04-19,2017-04-18,300479,,,
2017-04-19,2017-04-18,300489,18.95499734815213,18.74882018401434,18.32316410321373
2017-04-19,2017-04-18,300491,34.78337730656011,35.39037921655304,35.05977996200332
2017-04-19,2017-04-18,300493,9.386942771251274,9.471159649116192,9.529463641484213
2017-04-19,2017-04-18,600095,8.822217043130633,8.860491303621439,8.755237087271725
2017-04-19,2017-04-18,600107,11.54,11.46,11.33
2017-04-19,2017-04-18,600300,5.409608865042855,5.400740653788686,5.285453907484495
2017-04-19,2017-04-18,600310,6.994786742158031,6.970913749863977,6.931125429373886
2017-04-19,2017-04-18,600506,14.94608929096219,14.94608929096219,15.03057386557708
2017-04-19,2017-04-18,600522,10.99884589578344,10.98925666658049,10.9125428329569
2017-04-19,2017-04-18,600664,6.2,6.16,6.14
2017-04-19,2017-04-18,600816,8.899483204134366,8.939355440712031,8.883534309503302
2017-04-19,2017-04-18,601222,5.795969543339452,5.859661516343182,5.81985403321585
2017-04-20,2017-04-19,000503,34.58,34.84,35.29
2017-04-20,2017-04-19,000516,,,
2017-04-20,2017-04-19,000593,9.49,9.449999999999999,9.49
2017-04-20,2017-04-19,000791,5.900629598700083,5.906553925606407,5.983570175388637
2017-04-20,2017-04-19,002141,7.306155255864628,7.266176294136231,7.256181553704131
2017-04-20,2017-04-19,002281,21.0558632478391,20.98718149446777,20.89887638299035
2017-04-20,2017-04-19,002436,6.464337992179789,6.503104636810551,6.532179620283625
2017-04-20,2017-04-19,002495,5.113180328244801,5.103213115129314,5.133114754475775
2017-04-20,2017-04-19,002519,10.67198396793587,10.68339785453259,10.72334645762112
2017-04-20,2017-04-19,002533,7.03234205365766,7.047952135907732,7.063562218157806
2017-04-20,2017-04-19,002769,18.11271146636101,18.17117099772097,18.17117099772097
2017-04-20,2017-04-19,300026,4.977700475491989,4.977700475491989,4.977700475491989
2017-04-20,2017-04-19,300059,4.454353611197647,4.438627737901274,4.450422142873554
2017-04-20,2017-04-19,300121,10.20289370236422,10.26811106267763,10.26086468930947
2017-04-20,2017-04-19,300256,7.013388919915335,7.066420216096169,7.053162392050961
2017-04-20,2017-04-19,300263,6.526305482125321,6.535988427944497,6.545671373763675
2017-04-20,2017-04-19,300327,24.90825175477677,24.81592005451668,25.04319808592611
2017-04-20,2017-04-19,300337,8.993897932515367,9.053658051668293,9.033738011950652
2017-04-20,2017-04-19,300386,18.67343749256695,18.64374999257877,18.7723958258609
2017-04-20,2017-04-19,300400,15.07024161236749,15.03486545834785,15.25596642097062
2017-04-20,2017-04-19,300429,13.56963326525391,13.60566795146664,13.6622938869438
2017-04-20,2017-04-19,300479,,,
2017-04-20,2017-04-19,300489,18.62245353502665,18.49608688603897,18.68896229765175
2017-04-20,2017-04-19,300491,34.88635084486248,35.21153043950155,35.11939622102048
2017-04-20,2017-04-19,300493,9.471159649116192,9.399899213999724,9.516507198735765
2017-04-20,2017-04-19,600095,8.956176954848452,8.984882650216557,8.975314085093856
2017-04-20,2017-04-19,600107,11.15,11.18,11.24
2017-04-20,2017-04-19,600300,5.037143992367773,5.072616837384448,5.12582610490946
2017-04-20,2017-04-19,600310,6.708310834629375,6.779929811511539,6.787887475609558
2017-04-20,2017-04-19,600506,14.97681095445851,14.92304804333994,15.03825428145116
2017-04-20,2017-04-19,600522,11.02761358339229,11.07555972940704,11.11391664621884
2017-04-20,2017-04-19,600664,6.19,6.23,6.21
2017-04-20,2017-04-19,600816,8.915432098765432,8.899483204134366,8.987202124605226
2017-04-20,2017-04-19,601222,5.692470087208391,5.700431583833857,5.700431583833857
2017-04-21,2017-04-20,000503,35,35.23,35.02
2017-04-21,2017-04-20,000516,,,
2017-04-21,2017-04-20,000593,9.300000000000001,9.24,9.279999999999999
2017-04-21,2017-04-20,000791,5.959872867763336,5.95394854085701,5.983570175388637
2017-04-21,2017-04-20,002141,7.096265706790541,7.136244668518939,7.156234149383138
2017-04-21,2017-04-20,002281,20.31998731886057,20.26111724454228,20.21205884927705
2017-04-21,2017-04-20,002436,6.48372131449517,6.425571347549025,6.464337992179789
2017-04-21,2017-04-20,002495,5.003540983974444,5.023475410205418,5.053377049551879
2017-04-21,2017-04-20,002519,10.42087846280797,10.47794789579158,10.50077566898503
2017-04-21,2017-04-20,002533,7.001121889157515,6.907461395657079,6.915266436782115
2017-04-21,2017-04-20,002769,17.73272451252127,17.77169753342791,17.81067055433455
2017-04-21,2017-04-20,300026,5.035468759540253,5.054724854223007,5.064352901564384
2017-04-21,2017-04-20,300059,4.4818738894663,4.462216547845833,4.466148016169926
2017-04-21,2017-04-20,300121,10.21014007573238,10.23187919583685,10.36956028983182
2017-04-21,2017-04-20,300256,7.073049128118774,7.079678040141378,7.066420216096169
2017-04-21,2017-04-20,300263,6.526305482125321,6.545671373763675,6.584403157040382
2017-04-21,2017-04-20,300327,25.00058345503685,25.03609564744457,25.16393954011237
2017-04-21,2017-04-20,300337,8.844497634633054,8.894297733927157,8.894297733927157
2017-04-21,2017-04-20,300386,18.83177082583726,18.7624999925315,18.82187499250787
2017-04-21,2017-04-20,300400,15.07466363161995,14.99948930432821,15.07466363161995
2017-04-21,2017-04-20,300429,13.04970422132726,13.07544328290778,13.20413859081042
2017-04-21,2017-04-20,300479,,,
2017-04-21,2017-04-20,300489,17.99062029008825,17.97066766130072,18.08373255776338
2017-04-21,2017-04-20,300491,32.62635266212088,33.27671185139904,33.00572885586647
2017-04-21,2017-04-20,300493,9.186117908650315,9.26385656514101,9.322160557509029
2017-04-21,2017-04-20,600095,8.822217043130633,8.755237087271725,8.764805652394426
2017-04-21,2017-04-20,600107,10.96,10.96,11.03
2017-04-21,2017-04-20,600300,5.072616837384448,5.010539358605268,5.046012203621943
2017-04-21,2017-04-20,600310,6.756056819217485,6.779929811511539,6.764014483315503
2017-04-21,2017-04-20,600506,14.97681095445851,14.96913053858443,14.87696554809546
2017-04-21,2017-04-20,600522,11.22898739665424,11.22898739665424,11.20980893824834
2017-04-21,2017-04-20,600664,6.17,6.19,6.2
2017-04-21,2017-04-20,600816,8.987202124605226,8.963278782658628,8.963278782658628
2017-04-21,2017-04-20,601222,5.692470087208391,5.692470087208391,5.708393080459323
2017-04-24,2017-04-21,000503,34.65,34.7,33.06
2017-04-24,2017-04-21,000516,,,
2017-04-24,2017-04-21,000593,9.08,9.029999999999999,8.800000000000001
2017-04-24,2017-04-21,000791,5.924326906325383,5.900629598700083,5.687353830072368
2017-04-24,2017-04-21,002141,7.096265706790541,7.036297264197946,6.96633408117325
2017-04-24,2017-04-21,002281,19.67241650135946,19.22107926491929,18.99541064669921
2017-04-24,2017-04-21,002436,6.406188025233644,6.338346397129808,6.222046463237517
2017-04-24,2017-04-21,002495,5.043409836436392,5.033442623320905,4.923803279050549
2017-04-24,2017-04-21,002519,10.32386042673583,9.290903689732406,9.290903689732406
2017-04-24,2017-04-21,002533,6.735750490906283,6.657700079655919,6.564039586155485
2017-04-24,2017-04-21,002769,17.53785940798807,17.17735896460164,16.85583154212187
2017-04-24,2017-04-21,300026,5.054724854223007,5.025840712198876,4.977700475491989
2017-04-24,2017-04-21,300059,4.379655713039876,4.28923194158573,4.202739638455679
2017-04-24,2017-04-21,300121,10.53622687729941,10.38405303656813,10.26086468930947
2017-04-24,2017-04-21,300256,7.006760007892731,6.920584151598875,6.761490263056372
2017-04-24,2017-04-21,300263,6.477890753029436,6.410110132295197,6.33264656574178
2017-04-24,2017-04-21,300327,24.79461273907205,24.58153958462572,24.41108106106865
2017-04-24,2017-04-21,300337,8.485936919715495,8.31661658211554,8.157256264374404
2017-04-24,2017-04-21,300386,18.43593749266149,18.40624999267331,18.04999999281511
2017-04-24,2017-04-21,300400,14.94642507329875,14.81376449572509,14.41578276300412
2017-04-24,2017-04-21,300429,13.1886951538621,12.94674797500515,12.7150964207804
2017-04-24,2017-04-21,300479,,,
2017-04-24,2017-04-21,300489,17.93076240372567,17.67137822948779,17.21246776737464
2017-04-24,2017-04-21,300491,32.51795946390785,32.70222790087,31.86760027462969
2017-04-24,2017-04-21,300493,9.237943679644111,8.972336603300908,8.87516328268754
2017-04-24,2017-04-21,600095,8.764805652394426,8.688257131412815,8.37249448236367
2017-04-24,2017-04-21,600107,11.04,10.93,10.76
2017-04-24,2017-04-21,600300,5.046012203621943,4.975066513588594,4.842043344776064
2017-04-24,2017-04-21,600310,6.827675796099649,6.787887475609558,6.509369232178919
2017-04-24,2017-04-21,600506,14.6542334877471,14.49294475439139,13.96299605907978
2017-04-24,2017-04-21,600522,11.24816585506014,11.17145202143654,11.04679204179819
2017-04-24,2017-04-21,600664,6.2,6.14,6.08
2017-04-24,2017-04-21,600816,9.00315101923629,8.97125322997416,8.875559862187769
2017-04-24,2017-04-21,601222,5.668585597331991,5.676547093957457,5.636739610830126
2017-04-25,2017-04-24,000503,34.1,34.38,34
2017-04-25,2017-04-24,000516,,,
2017-04-25,2017-04-24,000593,8.699999999999999,8.73,8.779999999999999
2017-04-25,2017-04-24,000791,5.373364504037123,5.432607773100377,5.373364504037123
2017-04-25,2017-04-24,002141,6.96633408117325,7.036297264197946,7.016307783333747
2017-04-25,2017-04-24,002281,19.52524131556375,19.6822281804125,19.65279314325337
2017-04-25,2017-04-24,002436,6.154204835133681,6.222046463237517,6.173588157449063
2017-04-25,2017-04-24,002495,4.893901639704088,4.923803279050549,4.883934426588602
2017-04-25,2017-04-24,002519,9.290903689732406,8.663139926912649,8.651726040315927
2017-04-25,2017-04-24,002533,6.517209339405267,6.564039586155485,6.540624462780377
2017-04-25,2017-04-24,002769,16.61225016145536,16.70968271372196,16.65122318236201
2017-04-25,2017-04-24,300026,4.948816333467858,4.948816333467858,4.958444380809236
2017-04-25,2017-04-24,300059,4.198808170131586,4.218465511752052,4.218465511752052
2017-04-25,2017-04-24,300121,10.14492271541897,10.25361831594132,10.21014007573238
2017-04-25,2017-04-24,300256,6.695201142830329,6.761490263056372,6.734974614965955
2017-04-25,2017-04-24,300263,6.090572920262354,6.129304703539062,6.100255866081531
2017-04-25,2017-04-24,300327,25.0574029628892,25.07160783985229,24.94376394718449
2017-04-25,2017-04-24,300337,7.659255271433354,7.828575609033311,7.738935430303921
2017-04-25,2017-04-24,300386,18.50520832596725,18.69322915922574,18.7624999925315
2017-04-25,2017-04-24,300400,14.42020478225657,14.49980112880077,14.48211305179095
2017-04-25,2017-04-24,300429,12.92100891342462,12.96219141195346,12.92100891342462
2017-04-25,2017-04-24,300479,,,
2017-04-25,2017-04-24,300489,17.15926075727456,17.40534317898742,17.28562740626224
2017-04-25,2017-04-24,300491,29.26616351751707,28.91388562332473,28.74587616609454
2017-04-25,2017-04-24,300493,8.810381068945295,8.855728618564868,8.842772175816418
2017-04-25,2017-04-24,600095,8.123711789173436,8.171554614786942,8.190691745032346
2017-04-25,2017-04-24,600107,10.51,10.55,10.55
2017-04-25,2017-04-24,600300,4.895252612301075,4.912989034809413,4.912989034809413
2017-04-25,2017-04-24,600310,6.509369232178919,6.580988209061084,6.64464952184523
2017-04-25,2017-04-24,600506,13.3408823732792,13.60969692887204,13.56361443362756
2017-04-25,2017-04-24,600522,11.19063047984244,11.17145202143654,11.11391664621884
2017-04-25,2017-04-24,600664,6.05,6.05,6.02
2017-04-25,2017-04-24,600816,9.106818834338213,9.178588860178007,9.098844387022682
2017-04-25,2017-04-24,601222,5.493432671571734,5.549163147949997,5.509355664822666
2017-04-26,2017-04-25,000514,7.902365871506879,7.922072519565499,7.882659223448258
2017-04-26,2017-04-25,000516,,,
2017-04-26,2017-04-25,000607,7.53227871925213,7.56174004409927,7.581380927330697
2017-04-26,2017-04-25,002077,12.28,11.93,11.97
2017-04-26,2017-04-25,002125,6.265711053833103,6.401154055936638,6.595485319824318
2017-04-26,2017-04-25,002139,5.363929212189934,5.402106644305166,5.408469549657704
2017-04-26,2017-04-25,002256,5.707289390064326,5.736507595132914,5.717028791753855
2017-04-26,2017-04-25,002281,18.93654057238092,19.0150340048053,19.13277415344186
2017-04-26,2017-04-25,002330,9.367141747664727,9.287506111127726,9.327323929396226
2017-04-26,2017-04-25,002436,6.173588157449063,6.231738124395208,6.212354802079827
2017-04-26,2017-04-25,002495,4.893901639704088,4.903868852819575,4.913836065935062
2017-04-26,2017-04-25,002519,8.606070493929035,8.668846870211009,8.725916303194625
2017-04-26,2017-04-25,002572,28.30611112789775,29.0153577186587,29.08707928401655
2017-04-26,2017-04-25,002660,10.09102564102564,10.05145299145299,10.07123931623932
2017-04-26,2017-04-25,002662,7.423166244624054,7.423166244624054,7.38734879591658
2017-04-26,2017-04-25,002716,10.80603604862373,10.82942573704066,10.84112058124913
2017-04-26,2017-04-25,300026,4.958444380809236,4.968072428150613,4.900676096760972
2017-04-26,2017-04-25,300174,28.62007580828135,28.53825740974424,28.57643932906156
2017-04-26,2017-04-25,300234,6.88134968049341,6.870647736977869,6.87599870873564
2017-04-26,2017-04-25,300316,8.793952553321155,8.880450447288249,8.974156499085932
2017-04-26,2017-04-25,300337,8.197096343809688,8.107456165080299,8.207056363668508
2017-04-26,2017-04-25,300403,9.271171288753814,9.355941382346845,9.311325543613671
2017-04-26,2017-04-25,300479,,22.88817357411964,22.88817357411964
2017-04-26,2017-04-25,300499,12.2784264572524,12.36083200394537,12.26107792110652
2017-04-26,2017-04-25,600084,8.359999999999999,8.25,8.289999999999999
2017-04-26,2017-04-25,600095,8.104574658928033,8.161986049664241,8.152417484541539
2017-04-26,2017-04-25,600119,16.98133918863696,17.04078378322962,17.10022837782229
2017-04-26,2017-04-25,600232,8.660664220647773,8.623090840080971,8.632484185222671
2017-04-26,2017-04-25,600337,5.274401668435438,5.284133036827385,5.323058510395175
2017-04-26,2017-04-25,600782,2.598986134966958,2.591086481061283,2.606885788872632
2017-04-26,2017-04-25,600816,9.050997703129486,9.106818834338213,9.098844387022682
2017-04-26,2017-04-25,601003,2.822623746227786,2.829593187576497,2.829593187576497
2017-04-26,2017-04-25,601222,5.525278658073598,5.541201651324531,5.573047637826396
2017-04-27,2017-04-26,000514,7.931925843594811,7.902365871506879,7.823539279272397
2017-04-27,2017-04-26,000516,,,
2017-04-27,2017-04-26,000607,7.551919602483557,7.512637836020704,7.483176511173563
2017-04-27,2017-04-26,002077,11.99,11.8,11.75
2017-04-27,2017-04-26,002125,6.518930579504929,6.554263536575417,6.530708231861758
2017-04-27,2017-04-26,002139,5.363929212189934,5.293937253312011,5.313025969369626
2017-04-27,2017-04-26,002256,5.493022552894675,5.522240757963264,5.502761954584205
2017-04-27,2017-04-26,002281,19.32900773450281,19.57429971082898,19.5350529946168
2017-04-27,2017-04-26,002330,9.108325928919475,8.789783382771471,8.879373473875596
2017-04-27,2017-04-26,002436,6.231738124395208,6.212354802079827,6.173588157449063
2017-04-27,2017-04-26,002495,4.893901639704088,4.864000000357628,4.814163934780193
2017-04-27,2017-04-26,002519,8.577535777437227,8.537587174348698,8.560414947542142
2017-04-27,2017-04-26,002572,28.33001831635037,27.81202923321035,28.28220393944514
2017-04-27,2017-04-26,002660,10.05145299145299,10.03166666666667,9.942628205128205
2017-04-27,2017-04-26,002662,7.503755504215873,7.450029331154661,7.423166244624054
2017-04-27,2017-04-26,002716,10.85866284756183,10.80018862651949,10.75925667178986
2017-04-27,2017-04-26,300026,4.871791954736841,4.823651718029955,4.804395623347201
2017-04-27,2017-04-26,300174,28.6091666884764,28.93644028262484,28.90916748311248
2017-04-27,2017-04-26,300234,6.902753567524495,6.913455511040036,6.865296765220098
2017-04-27,2017-04-26,300316,8.793952553321155,8.779536237659974,8.779536237659974
2017-04-27,2017-04-26,300337,8.207056363668508,8.147296244515582,8.147296244515582
2017-04-27,2017-04-26,300403,9.293479208120401,9.079323182201161,9.048092095087938
2017-04-27,2017-04-26,300479,22.88817357411964,21.36627415784832,21.00818017754919
2017-04-27,2017-04-26,300499,11.90109579607934,11.75797037287576,11.32425696922855
2017-04-27,2017-04-26,600084,8.279999999999999,8.140000000000001,8.1
2017-04-27,2017-04-26,600095,8.29594596138206,8.171554614786942,8.315083091627463
2017-04-27,2017-04-26,600119,17.21911756700761,16.94170945890852,16.76337567513054
2017-04-27,2017-04-26,600232,8.500977353238866,8.491584008097165,8.313110450404858
2017-04-27,2017-04-26,600337,5.264670300043491,5.15762524773207,5.108968405772334
2017-04-27,2017-04-26,600782,2.567387519344259,2.543688557627235,2.527889249815886
2017-04-27,2017-04-26,600816,9.058972150445019,9.035048808498422,9.058972150445019
2017-04-27,2017-04-26,601003,2.780807098135523,2.766868215438102,2.711112684648417
2017-04-27,2017-04-26,601222,5.573047637826396,5.541201651324531,5.533240154699064
2017-04-28,2017-04-27,000514,7.981192463741361,7.971339139712051,7.941779167624121
2017-04-28,2017-04-27,000516,,,
2017-04-28,2017-04-27,000607,7.777789759644963,7.748328434797823,7.777789759644963
2017-04-28,2017-04-27,002077,12,11.89,12.11
2017-04-28,2017-04-27,002125,6.701484191035782,6.742705974284682,6.831038366960901
2017-04-28,2017-04-27,002139,5.516638940650858,5.503913129945781,5.535727656708473
2017-04-28,2017-04-27,002256,5.531980159652793,5.493022552894675,5.522240757963264
2017-04-28,2017-04-27,002281,20.41810410939104,20.5358442580276,20.7026428019294
2017-04-28,2017-04-27,002330,8.939100201278348,9.018735837815349,9.038644746949599
2017-04-28,2017-04-27,002436,6.377113041760571,6.444954669864408,6.396496364075952
2017-04-28,2017-04-27,002495,4.893901639704088,4.834098361011166,4.883934426588602
2017-04-28,2017-04-27,002519,8.668846870211009,8.663139926912649,8.760157962984794
2017-04-28,2017-04-27,002572,28.05907018055405,28.20251331126975,28.01922486646635
2017-04-28,2017-04-27,002660,10.06134615384615,10.04155982905983,10.18995726495726
2017-04-28,2017-04-27,002662,7.441074968977793,7.351531347209106,7.279896449794158
2017-04-28,2017-04-27,002716,10.75340924968562,10.69493502864329,10.78264636020679
2017-04-28,2017-04-27,300026,4.852535860054087,4.852535860054087,4.84290781271271
2017-04-28,2017-04-27,300174,28.69643964691599,29.29644123618813,29.77098794770338
2017-04-28,2017-04-27,300234,7.004422030922142,7.004422030922142,7.004422030922142
2017-04-28,2017-04-27,300316,9.298523601462533,9.392229653260218,9.27689912797076
2017-04-28,2017-04-27,300337,8.744897436044843,8.904257753785979,9.023777992091832
2017-04-28,2017-04-27,300403,9.315787127486988,9.244401785513908,9.284556040373765
2017-04-28,2017-04-27,300479,21.43590354290649,20.88881551744948,20.88881551744948
2017-04-28,2017-04-27,300499,11.62785635178159,11.60617068159923,11.69725049636515
2017-04-28,2017-04-27,600084,8.16,8.09,8.109999999999999
2017-04-28,2017-04-27,600095,8.621277175553905,8.965745519971152,9.425036645860818
2017-04-28,2017-04-27,600119,17.19930270214338,16.79309797242687,16.61476418864888
2017-04-28,2017-04-27,600232,8.34129048582996,8.331897140688257,8.378863866396761
2017-04-28,2017-04-27,600337,5.245207563259596,5.254938931651544,5.274401668435438
2017-04-28,2017-04-27,600782,2.583186827155608,2.583186827155608,2.583186827155608
2017-04-28,2017-04-27,600816,9.13074217628481,9.098844387022682,9.122767728969279
2017-04-28,2017-04-27,601003,2.780807098135523,2.808684863530365,2.829593187576497
2017-04-28,2017-04-27,601222,5.557124644575464,5.533240154699064,5.573047637826396
2017-05-02,2017-04-28,000514,8.296498832679292,8.227525564474119,8.158552296268947
2017-05-02,2017-04-28,000516,,,
2017-05-02,2017-04-28,000607,7.777789759644963,7.748328434797823,7.73850799318211
2017-05-02,2017-04-28,002077,12.02,11.93,11.97
2017-05-02,2017-04-28,002125,7.372810375375042,7.355143896839798,7.243256199449922
2017-05-02,2017-04-28,002139,5.567542183471166,5.783880965457474,5.790243870810012
2017-05-02,2017-04-28,002256,5.619634774858559,5.590416569789971,5.619634774858559
2017-05-02,2017-04-28,002281,20.5358442580276,20.63396104855807,20.65358440666417
2017-05-02,2017-04-28,002330,9.078462565218098,9.108325928919475,9.138189292620849
2017-05-02,2017-04-28,002436,6.377113041760571,6.415879686391334,6.348038058287498
2017-05-02,2017-04-28,002495,4.963672131512498,4.943737705281523,4.933770492166036
2017-05-02,2017-04-28,002519,8.845762112460214,8.845762112460214,8.805813509371685
2017-05-02,2017-04-28,002572,27.69249329094727,27.85187454729804,27.71640047939988
2017-05-02,2017-04-28,002660,10.18995726495726,10.17017094017094,10.2592094017094
2017-05-02,2017-04-28,002662,7.405257520270317,7.306759536324763,7.297805174147895
2017-05-02,2017-04-28,002716,11.02239066648037,10.85281542545759,10.75340924968562
2017-05-02,2017-04-28,300026,4.84290781271271,4.785139528664446,4.785139528664446
2017-05-02,2017-04-28,300174,30.6273538523918,31.02553672527241,30.92735464702788
2017-05-02,2017-04-28,300234,7.10609049431979,7.047229804984309,7.041878833226539
2017-05-02,2017-04-28,300316,9.377813337599035,9.413854126751991,9.478727547227312
2017-05-02,2017-04-28,300337,9.133338210538861,9.123378190680041,9.402258746727028
2017-05-02,2017-04-28,300403,9.614713246999264,9.525481569532912,9.454096227559832
2017-05-02,2017-04-28,300479,21.61495053305605,21.53537409298958,21.29664477279016
2017-05-02,2017-04-28,300499,11.53677653701568,11.5497879391251,11.53677653701568
2017-05-02,2017-04-28,600084,8.17,8.23,8.210000000000001
2017-05-02,2017-04-28,600095,9.482448036597026,10.08526763932721,10.42973598374446
2017-05-02,2017-04-28,600119,16.98133918863696,16.74356081026631,16.73365337783421
2017-05-02,2017-04-28,600232,8.491584008097165,8.454010627530364,8.482190662955464
2017-05-02,2017-04-28,600337,5.196550721299859,5.225744826475702,5.177087984515965
2017-05-02,2017-04-28,600782,2.685882327929379,2.701681635740728,2.670083020118029
2017-05-02,2017-04-28,600816,9.138716623600345,9.06694659776055,9.058972150445019
2017-05-02,2017-04-28,601003,2.892318159714892,2.927165366458445,2.899287601063603
2017-05-02,2017-04-28,601222,5.581009134451862,5.573047637826396,5.581009134451862
2017-05-03,2017-05-02,000514,8.227525564474119,8.168405620298257,8.2078189164155
2017-05-03,2017-05-02,000516,,,
2017-05-03,2017-05-02,000607,7.728687551566397,7.709046668334969,7.73850799318211
2017-05-03,2017-05-02,002077,11.93,11.8,11.89
2017-05-03,2017-05-02,002125,7.313922113590896,7.337477418304555,7.343366244482969
2017-05-03,2017-05-02,002139,5.96840522068109,5.911139072508242,5.917501977860782
2017-05-03,2017-05-02,002256,5.6001559714795,5.551458963031853,5.551458963031853
2017-05-03,2017-05-02,002281,20.68301944382331,20.48678586276237,20.80075959245988
2017-05-03,2017-05-02,002330,9.307415020261976,9.337278383963353,9.287506111127726
2017-05-03,2017-05-02,002436,6.36742138060288,6.328654735972117,6.36742138060288
2017-05-03,2017-05-02,002495,4.943737705281523,4.933770492166036,4.953704918397009
2017-05-03,2017-05-02,002519,8.845762112460214,8.74874407638807,8.771571849581516
2017-05-03,2017-05-02,002572,29.16676991219194,28.9117599020307,29.4058417967181
2017-05-03,2017-05-02,002660,10.2592094017094,10.22952991452991,10.22952991452991
2017-05-03,2017-05-02,002662,7.082900481903049,7.181398465848602,7.217215914556077
2017-05-03,2017-05-02,002716,10.88205253597876,10.79434120441526,10.88205253597876
2017-05-03,2017-05-02,300026,4.756255386640316,4.746627339298938,4.765883433981692
2017-05-03,2017-05-02,300174,31.8273570309361,31.46190151747033,31.5109925565926
2017-05-03,2017-05-02,300234,7.079335635530935,7.079335635530935,7.116792437835332
2017-05-03,2017-05-02,300316,9.594058072516768,9.572433599024995,9.644515177330907
2017-05-03,2017-05-02,300337,9.053658051668293,9.262818468703536,9.213018369409429
2017-05-03,2017-05-02,300403,9.632559582492533,9.668252253479073,9.637021166365852
2017-05-03,2017-05-02,300479,21.29664477279016,21.28669771778184,21.50553292796465
2017-05-03,2017-05-02,300499,11.68423909425573,11.66689055810984,11.69725049636515
2017-05-03,2017-05-02,600084,8.220000000000001,8.19,8.220000000000001
2017-05-03,2017-05-02,600095,10.42973598374446,9.664250773928352,9.759936425155365
2017-05-03,2017-05-02,600119,16.65439391837732,16.58504189135255,16.65439391837732
2017-05-03,2017-05-02,600232,8.623090840080971,8.576124114372471,8.61369749493927
2017-05-03,2017-05-02,600337,5.108968405772334,5.08950566898844,5.118699774164281
2017-05-03,2017-05-02,600782,2.693781981835054,2.677982674023704,2.670083020118029
2017-05-03,2017-05-02,600816,9.043023255813953,8.995176571920757,9.00315101923629
2017-05-03,2017-05-02,601003,2.885348718366181,2.885348718366181,2.892318159714892
2017-05-03,2017-05-02,601222,5.660624100706525,5.652662604081058,5.652662604081058
2017-05-04,2017-05-03,000514,8.178258944327569,8.109285676122397,8.089579028063776
2017-05-04,2017-05-03,000516,,,
2017-05-04,2017-05-03,002056,5.380231980442259,5.346969340686821,5.322022360870242
2017-05-04,2017-05-03,002139,5.92386488321332,5.930227788565859,5.917501977860782
2017-05-04,2017-05-03,002196,11.02858358635543,11.08101742274064,11.08101742274064
2017-05-04,2017-05-03,002241,16.79422494726344,16.76441271362925,16.87372423695463
2017-05-04,2017-05-03,002256,5.531980159652793,5.473543749515616,5.463804347826087
2017-05-04,2017-05-03,002277,6.893801723069213,6.708536895999461,6.669533774511091
2017-05-04,2017-05-03,002281,20.82038295056597,20.95774645730863,21.02642821067996
2017-05-04,2017-05-03,002402,9.172140268407405,9.084228380850785,9.093996368357075
2017-05-04,2017-05-03,002421,6.099306376646065,6.291108463961979,6.243157942133
2017-05-04,2017-05-03,002436,6.309271413656734,6.260813107868281,6.251121446710591
2017-05-04,2017-05-03,002490,5.38,5.36,5.36
2017-05-04,2017-05-03,002519,8.800106566073323,8.805813509371685,8.777278792879878
2017-05-04,2017-05-03,002572,29.0552030327464,28.80816208540269,29.22255335191471
2017-05-04,2017-05-03,002660,10.1009188034188,10.06134615384615,10.13059829059829
2017-05-04,2017-05-03,002662,7.208261552379209,7.208261552379209,7.127672292787391
2017-05-04,2017-05-03,002702,8.737726410123242,8.571013336080487,8.629853244566165
2017-05-04,2017-05-03,002706,5.935277208022827,6.004078721253385,5.871062462340973
2017-05-04,2017-05-03,002716,10.9229844907084,10.73586698337292,10.71247729495599
2017-05-04,2017-05-03,300026,4.746627339298938,4.746627339298938,4.756255386640316
2017-05-04,2017-05-03,300234,7.084686607288706,7.079335635530935,7.031176889710997
2017-05-04,2017-05-03,300304,10.60230743352354,10.310154962022,10.26303359565079
2017-05-04,2017-05-03,300317,15.72636058771415,15.51740894354172,15.53390512597638
2017-05-04,2017-05-03,300383,11.99085989015303,11.87301360130632,11.902475173518
2017-05-04,2017-05-03,300403,9.904716198764902,9.846715608411774,9.739637595452153
2017-05-04,2017-05-03,300429,13.53874639135727,13.4718248312479,13.43579014503517
2017-05-04,2017-05-03,300458,9.350337393282137,9.226659876464094,9.242515968363843
2017-05-04,2017-05-03,300493,10.41050174837874,10.88341190869713,10.94819412243937
2017-05-04,2017-05-03,300499,11.41099964995799,11.51942800086979,11.48473092857802
2017-05-04,2017-05-03,300501,13.46105203907189,13.44479472984595,13.37976549294222
2017-05-04,2017-05-03,600236,3.4533404492758,3.441411812145314,3.405625900753855
2017-05-04,2017-05-03,600816,8.97125322997416,8.947329888027562,8.931380993396496
2017-05-05,2017-05-04,000514,7.941779167624121,7.922072519565499,7.941779167624121
2017-05-05,2017-05-04,000516,,,
2017-05-05,2017-05-04,002056,5.546545179219454,5.521598199402875,5.70454271805779
2017-05-05,2017-05-04,002139,5.892050356450627,5.898413261803166,5.911139072508242
2017-05-05,2017-05-04,002196,11.04023554999659,11.2849267864609,11.26744884099916
2017-05-05,2017-05-04,002241,16.79422494726344,16.84391200332043,16.83397459210904
2017-05-05,2017-05-04,002256,5.463804347826087,5.385889134309851,5.376149732620321
2017-05-05,2017-05-04,002277,6.659782994138999,6.650032213766908,6.718287676371553
2017-05-05,2017-05-04,002281,21.09510996405129,20.99699317352082,20.56527929518674
2017-05-05,2017-05-04,002402,9.162372280901115,9.181908255913696,9.181908255913696
2017-05-05,2017-05-04,002421,6.281518359596183,6.243157942133,6.214387629035614
2017-05-05,2017-05-04,002436,6.270504769025972,6.231738124395208,6.222046463237517
2017-05-05,2017-05-04,002490,5.34,5.29,5.16
2017-05-05,2017-05-04,002519,8.731623246492987,8.714502416597902,8.646019097017565
2017-05-05,2017-05-04,002572,28.68862614313961,28.55315207524145,29.24646054036733
2017-05-05,2017-05-04,002660,10.06134615384615,9.922841880341879,9.952521367521367
2017-05-05,2017-05-04,002662,7.047083033195574,7.190352828025471,7.163489741494866
2017-05-05,2017-05-04,002702,8.521980079009088,8.571013336080487,8.512173427594808
2017-05-05,2017-05-04,002706,5.88023599743838,5.838955089500045,5.793087414013007
2017-05-05,2017-05-04,002716,10.66569791812212,10.52535978762051,10.40841134553584
2017-05-05,2017-05-04,300026,4.756255386640316,4.746627339298938,4.756255386640316
2017-05-05,2017-05-04,300234,7.090037579046477,7.068633692015394,7.10609049431979
2017-05-05,2017-05-04,300304,10.46094333440989,10.38554914821595,10.54576179387808
2017-05-05,2017-05-04,300317,15.60538858319327,15.56689749084571,15.62188476562793
2017-05-05,2017-05-04,300383,11.98103936608247,11.78462888467129,11.79444940874184
2017-05-05,2017-05-04,300403,9.815484521298551,9.717329676085566,9.645944334112485
2017-05-05,2017-05-04,300429,13.22987765239095,13.30194702481642,13.2762079632359
2017-05-05,2017-05-04,300458,9.117252842355823,9.156893072105197,9.072855785036525
2017-05-05,2017-05-04,300493,10.74736925983842,10.40402352700452,10.28093732089425
2017-05-05,2017-05-04,300499,11.39798824784858,11.52810226894274,11.48473092857802
2017-05-05,2017-05-04,300501,13.28222163758663,13.33099356526443,13.35808908064098
2017-05-05,2017-05-04,600236,3.417554537884341,3.399661582188612,3.411590219319098
2017-05-05,2017-05-04,600816,8.963278782658628,8.915432098765432,8.923406546080964
2017-05-08,2017-05-05,000514,7.912219195536188,7.912219195536188,7.882659223448258
2017-05-08,2017-05-05,000516,,,
2017-05-08,2017-05-05,002056,6.103694395123058,6.220113634267094,6.195166654450516
2017-05-08,2017-05-05,002139,5.701163195874474,5.936590693918397,5.96840522068109
2017-05-08,2017-05-05,002196,11.20918902279337,11.02275760453485,11.02275760453485
2017-05-08,2017-05-05,002241,16.89359905937743,16.94328611543442,16.87372423695463
2017-05-08,2017-05-05,002256,5.191101100519259,5.054749476865846,5.045010075176315
2017-05-08,2017-05-05,002277,6.562275190418077,6.591527531534354,6.601278311906445
2017-05-08,2017-05-05,002281,20.47697418370932,20.56527929518674,20.63396104855807
2017-05-08,2017-05-05,002402,9.172140268407405,9.201444230926278,9.230748193445152
2017-05-08,2017-05-05,002421,6.252748046498795,6.243157942133,6.233567837767205
2017-05-08,2017-05-05,002436,6.154204835133681,6.12512985166061,6.096054868187537
2017-05-08,2017-05-05,002490,5.07,4.99,4.87
2017-05-08,2017-05-05,002519,8.531880231050335,8.531880231050335,8.423448308381468
2017-05-08,2017-05-05,002572,28.68065708032207,28.60893551496422,28.36986363043806
2017-05-08,2017-05-05,002660,9.84369658119658,9.764551282051281,9.616153846153846
2017-05-08,2017-05-05,002662,7.020219946664969,6.993356860134362,7.056037395372442
2017-05-08,2017-05-05,002702,8.502366776180528,8.551400033251928,8.502366776180528
2017-05-08,2017-05-05,002706,5.738046203428559,5.779327111366895,5.747219738525967
2017-05-08,2017-05-05,002716,10.39671650132737,10.37332681291044,10.2797680592427
2017-05-08,2017-05-05,300026,4.73699929195756,4.73699929195756,4.698487102592052
2017-05-08,2017-05-05,300234,7.143547296624186,7.148898268381957,7.266619647052917
2017-05-08,2017-05-05,300304,10.51748897405535,10.40439769476443,10.35727632839322
2017-05-08,2017-05-05,300317,15.67137331293193,15.44042675884661,15.19298402232664
2017-05-08,2017-05-05,300383,11.68642364396569,11.70606469210681,11.82391098095352
2017-05-08,2017-05-05,300403,9.570097408266088,9.454096227559832,9.373787717840118
2017-05-08,2017-05-05,300429,12.91071328879241,12.86953079026357,13.00337391048231
2017-05-08,2017-05-05,300458,9.072855785036525,9.101396750456074,9.117252842355823
2017-05-08,2017-05-05,300493,10.11250356516442,10.0282866872995,9.885765817066559
2017-05-08,2017-05-05,300499,11.53677653701568,11.48039379454154,11.33726837133797
2017-05-08,2017-05-05,300501,13.58027230672872,13.57214365211576,13.78890777512819
2017-05-08,2017-05-05,600236,3.465269086406286,3.459304767841044,3.4533404492758
2017-05-08,2017-05-05,600816,8.963278782658628,8.931380993396496,8.907457651449899
2017-05-09,2017-05-08,000514,7.803832631213775,7.813685955243086,7.774272659125844
2017-05-09,2017-05-08,000516,,6.953240853427208,6.953240853427208
2017-05-09,2017-05-08,002056,6.03716911561218,5.920749876468143,5.762752337629808
2017-05-09,2017-05-08,002139,5.764792249399859,5.879324545745551,5.942953599270935
2017-05-09,2017-05-08,002196,10.69067664076187,10.58580896799145,10.59163494981203
2017-05-09,2017-05-08,002241,16.55572707818988,16.45635296607589,16.46629037728729
2017-05-09,2017-05-08,002256,5.103446485313493,5.103446485313493,5.122925288692552
2017-05-09,2017-05-08,002277,6.435515045580877,6.416013484836694,6.318505681115772
2017-05-09,2017-05-08,002281,20.31017563980752,20.26111724454228,20.45735082560323
2017-05-09,2017-05-08,002402,9.191676243419987,9.191676243419987,9.250284168457735
2017-05-09,2017-05-08,002421,5.95545481115913,5.95545481115913,5.926684498061742
2017-05-09,2017-05-08,002436,5.999138256610629,6.037904901241392,6.057288223556774
2017-05-09,2017-05-08,002490,4.87,4.85,4.84
2017-05-09,2017-05-08,002519,8.566121890840504,8.554708004243782,8.594656607332311
2017-05-09,2017-05-08,002572,28.1307917459119,28.05110111773651,27.58889547431926
2017-05-09,2017-05-08,002660,9.447970085470086,9.42818376068376,9.438076923076922
2017-05-09,2017-05-08,002662,6.617273648705882,6.590410562175276,6.545638751290933
2017-05-09,2017-05-08,002702,8.355267004966333,8.325847050723494,8.335653702137773
2017-05-09,2017-05-08,002706,5.696765295490224,5.669244690198001,5.65548438755189
2017-05-09,2017-05-08,002716,9.841211401425179,9.747652647757443,9.771042336174377
2017-05-09,2017-05-08,300026,4.679231007909298,4.659974913226543,4.650346865885166
2017-05-09,2017-05-08,300234,7.437850743301587,7.357586166935024,7.229162844748521
2017-05-09,2017-05-08,300304,9.471394640614362,9.509091733711333,9.49966746043709
2017-05-09,2017-05-08,300317,14.58262527224402,14.67060491189557,14.5771265447658
2017-05-09,2017-05-08,300383,11.63732102361289,11.66678259582457,11.5882184032601
2017-05-09,2017-05-08,300403,9.266709704880496,9.347018214600212,9.311325543613671
2017-05-09,2017-05-08,300429,12.9004176641602,12.95189578732125,13.22472984007484
2017-05-09,2017-05-08,300458,9.087126267746301,9.066513348276626,9.19336208347462
2017-05-09,2017-05-08,300493,9.231465458269888,9.419333878122396,9.296247672012132
2017-05-09,2017-05-08,300499,11.23751428849911,11.11607453547789,11.02499472071198
2017-05-09,2017-05-08,300501,13.54775768827686,13.5450481367392,13.13590585455324
2017-05-09,2017-05-08,600236,3.423518856449585,3.441411812145314,3.459304767841044
2017-05-09,2017-05-08,600816,9.035048808498422,8.963278782658628,8.963278782658628
2017-05-10,2017-05-09,000514,7.981192463741361,7.971339139712051,7.961485815682741
2017-05-10,2017-05-09,000516,6.953240853427208,6.258894720384547,6.258894720384547
2017-05-10,2017-05-09,002056,6.203482314389375,6.203482314389375,6.136957034878497
2017-05-10,2017-05-09,002139,5.942953599270935,5.885687451098089,5.892050356450627
2017-05-10,2017-05-09,002196,11.02858358635543,11.12762527730527,11.14510322276701
2017-05-10,2017-05-09,002241,17.0724724611826,17.0625350499712,17.20165880693078
2017-05-10,2017-05-09,002256,5.113185887003023,5.122925288692552,5.113185887003023
2017-05-10,2017-05-09,002277,6.455016606325063,6.464767386697154,6.494019727813432
2017-05-10,2017-05-09,002281,20.65358440666417,20.7222661600355,20.54565593708065
2017-05-10,2017-05-09,002402,8.996316493294165,9.015852468306747,9.045156430825619
2017-05-10,2017-05-09,002421,5.926684498061742,6.012995437353903,6.012995437353903
2017-05-10,2017-05-09,002436,6.066979884714464,6.076671545872155,6.105746529345227
2017-05-10,2017-05-09,002490,4.89,4.89,4.9
2017-05-10,2017-05-09,002519,8.765864906283154,8.74874407638807,8.74874407638807
2017-05-10,2017-05-09,002572,28.5850283265116,28.64081176623438,28.88785271357808
2017-05-10,2017-05-09,002660,9.705192307692307,9.734871794871793,9.744764957264957
2017-05-10,2017-05-09,002662,6.554593113467803,6.536684389114065,6.491912578229722
2017-05-10,2017-05-09,002702,8.384686959209173,8.404300262037731,8.45333351910913
2017-05-10,2017-05-09,002706,5.760980041172079,5.747219738525967,5.760980041172079
2017-05-10,2017-05-09,002716,9.689178426715106,9.706720693027806,9.741805225653208
2017-05-10,2017-05-09,300026,4.669602960567921,4.669602960567921,4.679231007909298
2017-05-10,2017-05-09,300234,7.304076449357314,7.266619647052917,7.309427421115084
2017-05-10,2017-05-09,300304,9.631607286276495,9.659880106099223,9.669304379373466
2017-05-10,2017-05-09,300317,14.80807309885112,14.8025743713729,14.84106546372045
2017-05-10,2017-05-09,300383,12.17744984749366,12.25601404005814,12.32475770855205
2017-05-10,2017-05-09,300403,9.373787717840118,9.400557221080021,9.378249301713433
2017-05-10,2017-05-09,300429,14.19251855550266,14.86688196891247,14.50138729446899
2017-05-10,2017-05-09,300458,9.231416704034018,9.266300106213466,9.291669853253065
2017-05-10,2017-05-09,300493,9.55537652698111,9.510028977361539,9.393420992625499
2017-05-10,2017-05-09,300499,11.44569672224977,11.49774233068743,11.59315927948982
2017-05-10,2017-05-09,300501,13.71033078053618,13.91354714586033,13.95960952200047
2017-05-10,2017-05-09,600236,3.507019316362989,3.507019316362989,3.489126360667259
2017-05-10,2017-05-09,600816,8.931380993396496,8.923406546080964,8.923406546080964
2017-05-11,2017-05-10,000590,15.71,15.25,15.39
2017-05-11,2017-05-10,000768,17.39869548697602,17.48666641921354,17.57463735145106
2017-05-11,2017-05-10,000788,9.955531177799227,9.851135712636413,9.794192731638514
2017-05-11,2017-05-10,000881,18.40465123046028,17.94624179334759,17.99500875474256
2017-05-11,2017-05-10,002033,9.717529095792301,9.746857654431516,9.707752909579231
2017-05-11,2017-05-10,002125,6.460042317720784,5.941825614020301,5.971269744912375
2017-05-11,2017-05-10,002206,6.32323718304147,6.296329790773208,6.305298921529296
2017-05-11,2017-05-10,002256,5.054749476865846,4.94761605828102,4.918397853212431
2017-05-11,2017-05-10,002330,8.540922018593344,8.461286382056342,8.481195291190591
2017-05-11,2017-05-10,002421,5.811603245672194,5.763652723843215,5.744472515111624
2017-05-11,2017-05-10,002436,5.824688355772193,5.892529983876029,5.873146661560647
2017-05-11,2017-05-10,002481,6.470587771356528,6.411853237879766,6.431431415705354
2017-05-11,2017-05-10,002519,8.537587174348698,8.451983024873277,8.446276081574915
2017-05-11,2017-05-10,002533,6.193703506572664,6.153949312050375,6.161900150954833
2017-05-11,2017-05-10,002702,8.139520673852179,8.070874113952222,8.002227554052263
2017-05-11,2017-05-10,002716,9.338333100461089,9.215537236272182,9.081046527874809
2017-05-11,2017-05-10,300026,4.53481029778864,4.496298108423132,4.457785919057623
2017-05-11,2017-05-10,300039,7.127340180333945,7.088232689632524,7.11756330765859
2017-05-11,2017-05-10,300121,8.710140788524001,8.623184308106124,8.710140788524001
2017-05-11,2017-05-10,300194,7.475830941242883,7.367342629430651,7.288442039021755
2017-05-11,2017-05-10,300304,9.330030541500713,9.301757721677983,9.330030541500713
2017-05-11,2017-05-10,300326,8.09634545109215,8.086809119583206,8.086809119583206
2017-05-11,2017-05-10,300381,16.72553007666116,16.5708430932932,16.58051102975369
2017-05-11,2017-05-10,300403,9.02578417572135,9.007937840228081,9.061476846707889
2017-05-11,2017-05-10,300458,8.885753900619484,8.78427491246109,8.776346866511215
2017-05-11,2017-05-10,300499,11.42834818610388,11.12908593758731,11.18980581409792
2017-05-11,2017-05-10,600064,4.85872156881796,4.845634103312727,4.85872156881796
2017-05-11,2017-05-10,600072,16.89348609111146,17.04089870970755,17.39468899433815
2017-05-11,2017-05-10,600107,10.67,10.64,10.68
2017-05-11,2017-05-10,600150,22.59200997927485,22.60173115396473,22.80587582245215
2017-05-11,2017-05-10,600664,5.59,5.57,5.6
2017-05-11,2017-05-10,600782,2.464692018570489,2.44889271075914,2.44889271075914
2017-05-11,2017-05-10,600816,8.899483204134366,8.85163652024117,8.588479758828596
2017-05-11,2017-05-10,601333,4.160165146879711,4.121734060072508,4.131341831774309
2017-05-12,2017-05-11,000590,15.6,15.55,15.55
2017-05-12,2017-05-11,000768,17.72125557184692,17.62351009158302,17.48666641921354
2017-05-12,2017-05-11,000788,9.908078693634311,10.3066795606196,10.47750850361329
2017-05-12,2017-05-11,000881,17.9364884010686,18.10229606981148,18.19982999260142
2017-05-12,2017-05-11,002033,9.600214861235454,9.619767233661594,9.619767233661594
2017-05-12,2017-05-11,002125,5.812271438095181,5.877048526057742,5.877048526057742
2017-05-12,2017-05-11,002206,6.305298921529296,6.278391529261034,6.206638483212337
2017-05-12,2017-05-11,002256,4.967094861660079,4.908658451522902,4.898919049833372
2017-05-12,2017-05-11,002330,8.471240836623467,8.471240836623467,8.361741836385091
2017-05-12,2017-05-11,002421,5.667751680185258,5.677341784551055,5.629391262722076
2017-05-12,2017-05-11,002436,5.90222164503372,5.892529983876029,5.844071678087575
2017-05-12,2017-05-11,002481,6.568478660484463,6.519533215920496,6.509744127007703
2017-05-12,2017-05-11,002519,8.594656607332311,8.560414947542142,8.537587174348698
2017-05-12,2017-05-11,002533,6.042637567387965,6.034686728483507,6.034686728483507
2017-05-12,2017-05-11,002702,7.953194296980863,8.012034205466541,8.021840856880821
2017-05-12,2017-05-11,002716,8.975792929998605,9.022572306832473,9.110283638395977
2017-05-12,2017-05-11,300026,4.43852982437487,4.409645682350738,4.400017635009361
2017-05-12,2017-05-11,300039,6.970910217528262,6.970910217528262,6.951356472177552
2017-05-12,2017-05-11,300121,8.93477836293685,8.847821882518973,8.913039242832381
2017-05-12,2017-05-11,300194,7.544868957850666,7.485693515043994,7.465968367441771
2017-05-12,2017-05-11,300304,9.14154507601585,9.16981789583858,9.14154507601585
2017-05-12,2017-05-11,300326,8.010518467511668,8.000982136002724,8.029591130529552
2017-05-12,2017-05-11,300381,16.38715230054374,16.61918277559568,16.47416372868821
2017-05-12,2017-05-11,300403,9.039168927341303,9.012399424101396,9.021322591848032
2017-05-12,2017-05-11,300458,8.620957165893671,8.576560108574375,8.522649396115227
2017-05-12,2017-05-11,300499,11.22450288638969,11.20281721620733,11.21149148428028
2017-05-12,2017-05-11,600064,4.855449702441652,4.855449702441652,4.852177836065343
2017-05-12,2017-05-11,600072,18.12192457941218,18.10226956359937,17.88606438965844
2017-05-12,2017-05-11,600107,10.53,10.59,10.66
2017-05-12,2017-05-11,600150,23.30165573163589,23.31137690632577,23.26277103287638
2017-05-12,2017-05-11,600664,5.53,5.53,5.51
2017-05-12,2017-05-11,600782,2.417294095136441,2.401494787325092,2.409394441230766
2017-05-12,2017-05-11,600816,8.277476313522826,8.20570628768303,8.213680734998565
2017-05-12,2017-05-11,601333,4.054479658159903,4.064087429861704,4.064087429861704
2017-05-15,2017-05-12,000590,15.8,15.71,15.79
2017-05-15,2017-05-12,000768,17.39869548697602,17.50621551526633,17.37914639092324
2017-05-15,2017-05-12,000788,10.6957899307719,11.50248216157546,11.75872557606601
2017-05-15,2017-05-12,000881,18.02426893157954,18.12180285436947,18.19007660032242
2017-05-15,2017-05-12,002033,9.619767233661594,9.66864816472695,9.727305282005373
2017-05-15,2017-05-12,002125,5.829937916630425,5.894715004592984,5.841715568987254
2017-05-15,2017-05-12,002206,6.197669352456249,6.224576744724511,6.188700221700162
2017-05-15,2017-05-12,002256,4.967094861660079,4.957355459970549,4.94761605828102
2017-05-15,2017-05-12,002330,8.351787381817967,8.451331927489218,8.451331927489218
2017-05-15,2017-05-12,002421,5.600620949624688,5.638981367087871,5.68693188891685
2017-05-15,2017-05-12,002436,5.844071678087575,5.892529983876029,5.921604967349102
2017-05-15,2017-05-12,002481,6.578267749397257,6.61742410504843,6.588056838310051
2017-05-15,2017-05-12,002519,8.537587174348698,8.62889826712248,8.691674643404456
2017-05-15,2017-05-12,002533,6.042637567387965,6.034686728483507,6.018785050674592
2017-05-15,2017-05-12,002702,8.021840856880821,8.188553930923577,8.09048741678078
2017-05-15,2017-05-12,002716,9.081046527874809,9.022572306832473,9.075199105770576
2017-05-15,2017-05-12,300026,4.409645682350738,4.419273729692114,4.43852982437487
2017-05-15,2017-05-12,300039,6.89269523612542,6.941579599502196,6.951356472177552
2017-05-15,2017-05-12,300121,8.840575509150815,8.855068255887129,9.014488469986571
2017-05-15,2017-05-12,300194,7.278579465220643,7.120778284402851,7.150366005806188
2017-05-15,2017-05-12,300304,9.094423709644635,9.16981789583858,9.075575163096149
2017-05-15,2017-05-12,300326,7.991445804493782,8.010518467511668,8.039127462038493
2017-05-15,2017-05-12,300381,16.25180119009677,16.22279738071527,16.35814849116224
2017-05-15,2017-05-12,300403,8.990091504734808,8.976706753114858,9.003476256354762
2017-05-15,2017-05-12,300458,8.372016523067607,8.411656752816981,8.435440890666605
2017-05-15,2017-05-12,300499,10.99897191649315,11.05969179300375,10.96427484420137
2017-05-15,2017-05-12,600064,4.904527698086278,4.917615163591511,4.933974495473053
2017-05-15,2017-05-12,600072,18.04330451616093,18.01382199244171,17.9843394687225
2017-05-15,2017-05-12,600107,10.72,10.74,10.78
2017-05-15,2017-05-12,600150,23.14611693659786,23.24332868349663,23.05862636438896
2017-05-15,2017-05-12,600664,5.49,5.53,5.52
2017-05-15,2017-05-12,600782,2.417294095136441,2.425193749042116,2.440993056853465
2017-05-15,2017-05-12,600816,8.213680734998565,8.277476313522826,8.381144128624749
2017-05-15,2017-05-12,601333,4.083302973265305,4.121734060072508,4.121734060072508
2017-05-16,2017-05-15,000590,15.89,15.73,15.49
2017-05-16,2017-05-15,000768,17.23252817052737,17.08590995013151,16.93929172973564
2017-05-16,2017-05-15,000788,11.76821607289899,12.12885495255235,12.14783594621831
2017-05-16,2017-05-15,000881,18.34613087678632,18.05352910841652,18.18032320804343
2017-05-16,2017-05-15,002033,9.707752909579231,9.707752909579231,9.727305282005373
2017-05-16,2017-05-15,002125,5.806382611916765,5.741605523954206,5.712161393062132
2017-05-16,2017-05-15,002206,6.269422398504947,6.278391529261034,6.278391529261034
2017-05-16,2017-05-15,002256,4.92813725490196,4.928137254901961,4.908464052287582
2017-05-16,2017-05-15,002330,8.32192401811659,8.331878472683714,8.20247056331109
2017-05-16,2017-05-15,002421,5.61980115835628,5.543080323429915,5.543080323429915
2017-05-16,2017-05-15,002436,5.979754934295246,5.921604967349102,5.921604967349102
2017-05-16,2017-05-15,002481,6.558689571571669,6.490165949182114,6.490165949182114
2017-05-16,2017-05-15,002519,8.697381586702818,8.657432983614287,8.634605210420842
2017-05-16,2017-05-15,002533,6.002883372865676,5.979030856152302,5.979030856152302
2017-05-16,2017-05-15,002702,8.002227554052263,8.012034205466541,8.061067462537942
2017-05-16,2017-05-15,002716,9.42019700992036,9.472823808858461,9.431891854128827
2017-05-16,2017-05-15,300026,4.448157871716246,4.371133492985229,4.400017635009361
2017-05-16,2017-05-15,300039,6.931802726826841,6.931802726826841,6.902472108800775
2017-05-16,2017-05-15,300121,8.920285616200538,8.898546496096067,8.920285616200538
2017-05-16,2017-05-15,300194,6.854488791772828,6.785450775165044,6.86435136557394
2017-05-16,2017-05-15,300304,9.094423709644635,8.990756703627959,8.981332430353715
2017-05-16,2017-05-15,300326,7.991445804493782,7.886546157895414,7.915155152422243
2017-05-16,2017-05-15,300381,16.20346150779428,16.06811039734731,16.14545388903129
2017-05-16,2017-05-15,300403,8.789320230435521,8.780397062688886,8.856243988535285
2017-05-16,2017-05-15,300458,8.341889948458086,8.292736063568862,8.313348983038535
2017-05-16,2017-05-15,300499,10.90789210172723,10.86452076136251,10.79946375081543
2017-05-16,2017-05-15,600064,4.904527698086278,4.865265301570576,4.848905969689035
2017-05-16,2017-05-15,600072,17.78778931059438,17.60106666037267,17.3062414231805
2017-05-16,2017-05-15,600107,10.64,10.63,10.69
2017-05-16,2017-05-15,600150,22.67950055148374,22.53368293113559,22.46563470830645
2017-05-16,2017-05-15,600664,5.51,5.49,5.49
2017-05-16,2017-05-15,600782,2.43309340294779,2.409394441230766,2.409394441230766
2017-05-16,2017-05-15,600816,8.365195233993683,8.26152741889176,8.253552971576227
2017-05-16,2017-05-15,601333,4.092910744967106,4.073695201563504,4.092910744967106
2017-05-17,2017-05-16,000590,15.96,15.96,15.92
2017-05-17,2017-05-16,000768,17.69193192776775,17.58441189947745,17.8580992442164
2017-05-17,2017-05-16,000788,11.90108302856075,11.94853551272567,12.38509836704289
2017-05-17,2017-05-16,000881,18.69725299883008,18.75577335250403,18.91182762896793
2017-05-17,2017-05-16,002033,9.97170993733214,10.02059086839749,9.97170993733214
2017-05-17,2017-05-16,002125,5.906492656949814,5.882937352236156,6.136156877907982
2017-05-17,2017-05-16,002206,6.421897621358429,6.412928490602342,6.412928490602342
2017-05-17,2017-05-16,002256,4.96748366013072,4.94781045751634,4.96748366013072
2017-05-17,2017-05-16,002330,8.451331927489218,8.560830927727594,8.560830927727594
2017-05-17,2017-05-16,002421,5.782832932574808,5.782832932574808,5.77324282820901
2017-05-17,2017-05-16,002436,6.066979884714464,6.115438190502918,6.1348215128183
2017-05-17,2017-05-16,002481,6.666369549612398,6.637002282874018,6.685947727437986
2017-05-17,2017-05-16,002519,8.731623246492987,8.714502416597902,8.680260756807733
2017-05-17,2017-05-16,002533,6.122145956432544,6.122145956432544,6.153949312050375
2017-05-17,2017-05-16,002702,8.188553930923577,8.10029406819506,8.110100719609338
2017-05-17,2017-05-16,002716,9.455281542545762,9.583924828838901,9.519603185692331
2017-05-17,2017-05-16,300026,4.505926155764509,4.496298108423132,4.505926155764509
2017-05-17,2017-05-16,300039,7.088232689632524,7.1371170530093,7.176224543710721
2017-05-17,2017-05-16,300121,9.224633297663106,9.304343404712826,9.268111537872043
2017-05-17,2017-05-16,300194,7.091190562999516,7.11091571060174,7.041877693993955
2017-05-17,2017-05-16,300304,9.433697547517388,9.377151907871928,9.414849000968902
2017-05-17,2017-05-16,300326,8.229854092217344,8.191708766181574,8.201245097690515
2017-05-17,2017-05-16,300381,16.67719039435867,16.72553007666116,16.87054912356862
2017-05-17,2017-05-16,300403,9.132862188680971,9.146246940300923,9.079323182201161
2017-05-17,2017-05-16,300458,8.792202958410964,8.825500751400437,8.800131004360839
2017-05-17,2017-05-16,300499,11.23751428849911,11.37196544362974,11.33293123730149
2017-05-17,2017-05-16,600064,4.930702629096745,4.927430762720436,4.930702629096745
2017-05-17,2017-05-16,600072,18.11209707150577,18.07278703988015,18.12192457941218
2017-05-17,2017-05-16,600107,10.94,10.91,10.95
2017-05-17,2017-05-16,600150,23.18500163535737,23.32109808101564,23.40858865322454
2017-05-17,2017-05-16,600664,5.56,5.56,5.55
2017-05-17,2017-05-16,600782,2.488390980287513,2.504190288098862,2.504190288098862
2017-05-17,2017-05-16,600816,8.38911857594028,8.38911857594028,8.596454206144129
2017-05-17,2017-05-16,601333,4.198596233686914,4.208204005388715,4.265850635599519
2017-05-18,2017-05-17,000055,7.372714271718521,7.269402351987434,7.335146300907216
2017-05-18,2017-05-17,000678,9.119999999999999,8.98,8.98
2017-05-18,2017-05-17,000702,9.34,9.27,9.26
2017-05-18,2017-05-17,002148,10.09525523809875,10.13446011280981,10.11485767545428
2017-05-18,2017-05-17,002206,6.421897621358429,6.341175444553644,6.394990229090167
2017-05-18,2017-05-17,002262,12.26693265603446,12.20212621936107,12.29470684318019
2017-05-18,2017-05-17,002330,8.451331927489218,8.530967564026218,8.560830927727594
2017-05-18,2017-05-17,002436,6.260813107868281,6.280196430183663,6.348038058287498
2017-05-18,2017-05-17,002519,8.720209359896263,8.634605210420842,8.600363550630673
2017-05-18,2017-05-17,002533,6.145998473145918,6.145998473145918,6.153949312050375
2017-05-18,2017-05-17,002589,17.10802490933872,16.99124658231252,17.06909880032999
2017-05-18,2017-05-17,002613,4.994317708326835,4.917185388507115,4.926826928484581
2017-05-18,2017-05-17,002643,14.36991615988682,14.35199855868995,14.51325696946175
2017-05-18,2017-05-17,002651,10.41951472905206,10.16844208497852,10.17809872513519
2017-05-18,2017-05-17,002668,12.71030486909604,12.53233763741493,12.57252378650421
2017-05-18,2017-05-17,002702,8.178747279509297,8.070874113952222,8.345460353552053
2017-05-18,2017-05-17,002765,13.11441389290883,13.1640520984081,13.09455861070911
2017-05-18,2017-05-17,300014,8.108461507175459,8.052294582377643,8.133991927538101
2017-05-18,2017-05-17,300026,4.486670061081755,4.467413966399,4.477042013740378
2017-05-18,2017-05-17,300037,11.50534917225502,11.37430874888082,11.46341623677528
2017-05-18,2017-05-17,300069,33.38,33.04,32.82
2017-05-18,2017-05-17,300097,30.42259574081035,30.21326595360294,31.21007446411442
2017-05-18,2017-05-17,300121,9.210140550926793,9.065213083563664,9.086952203668133
2017-05-18,2017-05-17,300174,31.57130835008921,31.43335631610006,31.47277118295411
2017-05-18,2017-05-17,300194,6.982702251187283,6.943251955982835,7.061602841596179
2017-05-18,2017-05-17,300296,12.46135924692972,12.5871680227695,12.58087758397751
2017-05-18,2017-05-17,300303,4.385773316872786,4.376559507383558,4.441056173808158
2017-05-18,2017-05-17,300304,9.311181994952227,9.207514988935552,9.235787808758282
2017-05-18,2017-05-17,300326,8.248926755235228,8.182172434672632,8.220317760708401
2017-05-18,2017-05-17,300403,9.123939020934335,9.057015262834573,9.092707933821112
2017-05-18,2017-05-17,300499,11.35027977344738,11.19414294813439,11.30690843308266
2017-05-18,2017-05-17,600300,4.744493020980209,4.682415542201029,4.700151964709366
2017-05-18,2017-05-17,600310,5.896629096631515,5.856406525301338,5.904673612048327
2017-05-18,2017-05-17,600418,9.195289970917486,9.137457958521781,9.137457958521781
2017-05-18,2017-05-17,600816,8.516709732988803,8.492786391042205,8.524684180304336
2017-05-19,2017-05-18,000055,7.260010359284608,7.316362315501564,7.306970322798739
2017-05-19,2017-05-18,000678,8.970000000000001,8.92,8.880000000000001
2017-05-19,2017-05-18,000702,9.449999999999999,9.449999999999999,9.390000000000001
2017-05-19,2017-05-18,002148,10.83034663893118,10.43829789182055,10.48730398520938
2017-05-19,2017-05-18,002206,6.350144575309732,6.394990229090167,6.377051967577994
2017-05-19,2017-05-18,002262,12.22990040650681,12.22990040650681,12.26693265603446
2017-05-19,2017-05-18,002330,8.401559654653591,8.501104200324841,8.401559654653591
2017-05-19,2017-05-18,002436,6.260813107868281,6.328971261071314,6.348445018797687
2017-05-19,2017-05-18,002519,8.62889826712248,8.634605210420842,8.62889826712248
2017-05-19,2017-05-18,002533,6.098293439719169,6.114195117528086,6.106244278623628
2017-05-19,2017-05-18,002589,16.93285741879941,16.93285741879941,16.8841997825385
2017-05-19,2017-05-18,002613,4.830411528709931,4.820769988732466,4.772562288845141
2017-05-19,2017-05-18,002643,14.63868017783981,14.52221577006018,14.43262776407585
2017-05-19,2017-05-18,002651,10.0235924826284,10.1008456038818,10.04290576294175
2017-05-19,2017-05-18,002668,12.22807108002465,12.22233020158332,12.11899438963945
2017-05-19,2017-05-18,002702,8.590626638909047,8.580819987494767,8.727919758708962
2017-05-19,2017-05-18,002765,13.15412445730825,13.2534008683068,13.04492040520984
2017-05-19,2017-05-18,300014,7.965491153144656,8.077825002740287,7.996127657579828
2017-05-19,2017-05-18,300026,4.448157871716246,4.457785919057623,4.457785919057623
2017-05-19,2017-05-18,300037,11.22230185776674,11.37430874888082,11.26947641018146
2017-05-19,2017-05-18,300069,32.81,32.74,32.82
2017-05-19,2017-05-18,300097,30.70170212375357,30.56214893228196,30.22323403870806
2017-05-19,2017-05-18,300121,9.130430443877072,9.11593769714076,9.11593769714076
2017-05-19,2017-05-18,300174,31.13774481469473,31.08847623112718,31.58116206680273
2017-05-19,2017-05-18,300194,7.022152546391731,7.032015120192844,7.032015120192844
2017-05-19,2017-05-18,300296,12.56200626760154,12.51797319605762,12.5305540736416
2017-05-19,2017-05-18,300303,4.4226285548297,4.404200935851244,4.394987126362015
2017-05-19,2017-05-18,300304,9.631607286276495,9.49966746043709,9.433697547517388
2017-05-19,2017-05-18,300326,8.229854092217344,8.239390423726286,8.210781429199457
2017-05-19,2017-05-18,300403,8.923167746635047,8.994553088608127,9.016861007974715
2017-05-19,2017-05-18,300499,11.37630257766622,11.45003385628624,11.34594263941091
2017-05-19,2017-05-18,600300,4.602601640913512,4.620338063421848,4.584865218405174
2017-05-19,2017-05-18,600310,5.784005895180855,5.832272981927844,5.816183953012181
2017-05-19,2017-05-18,600418,9.098903283591307,9.176012633452251,9.243483314580576
2017-05-19,2017-05-18,600816,8.428990812517945,8.500760838357738,8.452914154464542
2017-05-22,2017-05-19,000055,7.27879434469026,7.203658403067651,7.250618366581781
2017-05-22,2017-05-19,000678,8.91,8.82,8.83
2017-05-22,2017-05-19,000702,9.59,9.5,9.5
2017-05-22,2017-05-19,002148,10.2226710809097,10.19326742487641,10.27167717429853
2017-05-22,2017-05-19,002206,6.350144575309732,6.32323718304147,6.359113706065819
2017-05-22,2017-05-19,002262,12.17435203221533,12.09102947077811,12.10954559554194
2017-05-22,2017-05-19,002330,8.272151745280965,8.311969563549464,8.351787381817967
2017-05-22,2017-05-19,002436,6.270549987892195,6.280286866755381,6.290023745618567
2017-05-22,2017-05-19,002519,8.611777437227396,8.691674643404456,8.703088530001178
2017-05-22,2017-05-19,002533,6.074440923005796,6.066490084101338,6.090342600814712
2017-05-22,2017-05-19,002589,16.25165051114656,16.03755691159853,16.15433523862473
2017-05-22,2017-05-19,002613,4.714713048980352,4.714713048980352,4.714713048980352
2017-05-22,2017-05-19,002643,14.38783376108368,14.28032815390248,14.15490494552442
2017-05-22,2017-05-19,002651,9.975309281845025,10.0235924826284,10.01393584247172
2017-05-22,2017-05-19,002668,11.94676803639967,11.9754724286063,11.91232276575171
2017-05-22,2017-05-19,002702,8.816179621437481,8.698499804466122,8.698499804466122
2017-05-22,2017-05-19,002765,13.08463096960926,13.00520984081042,12.97542691751085
2017-05-22,2017-05-19,300014,7.939960732782014,7.950172900927071,8.016551993869943
2017-05-22,2017-05-19,300026,4.457785919057623,4.43852982437487,4.428901777033492
2017-05-22,2017-05-19,300037,11.08601981745757,11.00739556343305,11.03360364810789
2017-05-22,2017-05-19,300069,33.24,33.06,33.1
2017-05-22,2017-05-19,300097,29.22642552819658,29.15664893246077,29.05696808140963
2017-05-22,2017-05-19,300121,9.108691323772604,9.021734843354727,9.210140550926793
2017-05-22,2017-05-19,300174,31.05891508098664,31.06876879770016,31.0195002141326
2017-05-22,2017-05-19,300194,6.962977103585059,6.972839677386172,6.982702251187283
2017-05-22,2017-05-19,300296,12.32926003229796,12.32926003229796,12.45506880813773
2017-05-22,2017-05-19,300303,4.330490459937415,4.312062840958958,4.330490459937415
2017-05-22,2017-05-19,300304,9.273484901855253,9.188666442387065,9.14154507601585
2017-05-22,2017-05-19,300326,8.09634545109215,8.067736456565322,8.09634545109215
2017-05-22,2017-05-19,300403,8.923167746635047,8.967783585368222,8.999014672481445
2017-05-22,2017-05-19,300499,11.27654849482736,11.3788844223047,11.33533721823924
2017-05-22,2017-05-19,600300,4.584865218405174,4.575997007151005,4.575997007151005
2017-05-22,2017-05-19,600310,5.775961380723023,5.727694293976034,5.743783322891697
2017-05-22,2017-05-19,600418,9.561559382756968,9.580836720222203,9.55192071402435
2017-05-22,2017-05-19,600816,8.444939707149009,8.341271892047086,8.38911857594028
2017-05-23,2017-05-22,000055,6.931290614685692,6.959466592794171,6.771626738737648
2017-05-23,2017-05-22,000678,8.59,8.619999999999999,8.460000000000001
2017-05-23,2017-05-22,000702,9.220000000000001,9.32,9.289999999999999
2017-05-23,2017-05-22,002148,10.34028570504289,10.20306864355417,10.10505645677652
2017-05-23,2017-05-22,002206,6.134885437163638,6.090039783383203,6.09900891413929
2017-05-23,2017-05-22,002262,12.0817714083962,12.07251334601429,12.11880365792385
2017-05-23,2017-05-22,002330,8.292060654415215,8.212425017878214,8.162652745042589
2017-05-23,2017-05-22,002436,6.290023745618567,6.309497503344941,6.319234382208127
2017-05-23,2017-05-22,002519,8.623191323824118,8.617484380525758,8.594656607332311
2017-05-23,2017-05-22,002533,5.915424144916639,5.915424144916639,5.835915755872061
2017-05-23,2017-05-22,002589,16.07648302060726,16.07648302060726,16.01809385709416
2017-05-23,2017-05-22,002613,4.627939189183167,4.618297649205703,4.579731489295843
2017-05-23,2017-05-22,002643,13.75175891859493,13.83238812398083,13.75175891859493
2017-05-23,2017-05-22,002651,9.41522415275789,9.289687830721117,8.999988626020874
2017-05-23,2017-05-22,002668,11.48175688265225,11.63676060056806,11.52768391018286
2017-05-23,2017-05-22,002702,8.629853244566165,8.629853244566165,8.49256012476625
2017-05-23,2017-05-22,002765,12.90593342981187,12.8761505065123,12.81658465991317
2017-05-23,2017-05-22,300014,7.924642480564428,7.950172900927071,7.914430312419371
2017-05-23,2017-05-22,300026,4.303737161595588,4.303737161595588,4.303737161595588
2017-05-23,2017-05-22,300037,10.53565003928592,10.51468357154605,10.33122697882216
2017-05-23,2017-05-22,300069,32.77,32.71,32.44
2017-05-23,2017-05-22,300097,28.51869148573343,28.53862765594366,27.88073403900608
2017-05-23,2017-05-22,300121,8.992749349882102,8.891300122727911,8.855068255887129
2017-05-23,2017-05-22,300174,30.18193429348417,29.67939474109511,29.85676164193831
2017-05-23,2017-05-22,300194,6.76572562756282,6.805175922767268,6.726275332358372
2017-05-23,2017-05-22,300296,12.52426363484961,12.52426363484961,12.61862021672944
2017-05-23,2017-05-22,300303,4.137000460663616,4.155428079642072,4.127786651174388
2017-05-23,2017-05-22,300304,8.764574145046126,8.802271238143097,8.698604232126423
2017-05-23,2017-05-22,300326,7.857937163368588,7.857937163368588,7.829328168841761
2017-05-23,2017-05-22,300403,8.793781814308838,8.789320230435521,8.686703801349218
2017-05-23,2017-05-22,300499,10.53842338384132,10.57761586750023,10.30326848188784
2017-05-23,2017-05-22,600300,4.496183105863488,4.47844668335515,4.442973838338476
2017-05-23,2017-05-22,600310,5.607026577108561,5.607026577108561,5.534625946988078
2017-05-23,2017-05-22,600418,9.503727370361259,10.19771151910975,10.13024083798142
2017-05-23,2017-05-22,600816,8.373169681309216,8.309374102784956,8.277476313522826
2017-05-24,2017-05-23,000055,6.536826921166995,6.452298986841559,6.311419096299167
2017-05-24,2017-05-23,000678,8.029999999999999,7.83,7.68
2017-05-24,2017-05-23,000702,9.25,9.18,9.18
2017-05-24,2017-05-23,002148,10.41869545446502,10.33048448636513,10.29127961165407
2017-05-24,2017-05-23,002206,6.09900891413929,6.063132391114941,6.134885437163638
2017-05-24,2017-05-23,002262,11.77625534979308,11.94290047266751,11.97067465981325
2017-05-24,2017-05-23,002330,8.152698290475463,8.073062653938463,7.953609199132962
2017-05-24,2017-05-23,002436,6.231602472439448,6.212128714713074,6.036864895175714
2017-05-24,2017-05-23,002519,8.423448308381468,8.337844158906048,8.354964988801132
2017-05-24,2017-05-23,002533,5.748456527923025,5.660997299973988,5.629193944356157
2017-05-24,2017-05-23,002589,16.2321874566422,16.2321874566422,15.94997316632888
2017-05-24,2017-05-23,002613,4.425466849656404,4.386900689746544,4.329051449881755
2017-05-24,2017-05-23,002643,13.43820089764977,13.4740361000435,13.59945930842156
2017-05-24,2017-05-23,002651,8.681319500850607,8.60406637959721,8.38196365599369
2017-05-24,2017-05-23,002668,11.53916566706551,11.41286634135634,11.37842107070838
2017-05-24,2017-05-23,002702,8.149327325266459,8.168940628095019,7.923774342738025
2017-05-24,2017-05-23,002765,12.31027496382055,12.27056439942113,12.18121562952243
2017-05-24,2017-05-23,300014,7.909324228346842,7.791884294678683,7.77145995838857
2017-05-24,2017-05-23,300026,4.149688404133554,4.144846293977039,4.115793633037947
2017-05-24,2017-05-23,300037,10.13728715222834,10.20542817238293,10.20542817238293
2017-05-24,2017-05-23,300069,32.19,32.06,31.67
2017-05-24,2017-05-23,300097,28.60840425167946,28.13990425173906,28.17977659215952
2017-05-24,2017-05-23,300121,8.652169801578749,8.63043068147428,8.623184308106124
2017-05-24,2017-05-23,300174,28.82212138701965,28.21119095078197,27.12728211229576
2017-05-24,2017-05-23,300194,6.519161282535021,6.479710987330573,6.440260692126125
2017-05-24,2017-05-23,300296,12.34184090988194,12.19087037887421,12.10280423578636
2017-05-24,2017-05-23,300303,3.952724270879045,3.952724270879045,3.998793318325188
2017-05-24,2017-05-23,300304,8.038905102929402,7.972935190009701,8.038905102929402
2017-05-24,2017-05-23,300326,7.609992544136084,7.676746864698681,7.648137870171853
2017-05-24,2017-05-23,300403,8.436855104443437,8.414547185076849,8.325315507610499
2017-05-24,2017-05-23,300499,9.767637871882677,9.758928431069586,9.580384894401199
2017-05-24,2017-05-23,600300,4.265609613255104,4.239004979492599,4.168059289459249
2017-05-24,2017-05-23,600310,5.132400224096503,5.11631119518084,5.148489253012166
2017-05-24,2017-05-23,600418,9.725416751211473,9.773610094874563,9.773610094874563
2017-05-24,2017-05-23,600816,8.365195233993683,8.277476313522826,8.253552971576227
2017-05-25,2017-05-24,000607,6.952872663925043,6.933231780693617,6.903770455846477
2017-05-25,2017-05-24,000813,7.609121509445048,7.55147664952501,7.685981322671766
2017-05-25,2017-05-24,000958,9.242573222708137,9.204262038365304,9.079750689251103
2017-05-25,2017-05-24,000963,23.16322345667206,23.15292411320533,23.46705408894055
2017-05-25,2017-05-24,002125,5.753383176311035,5.759272002489449,5.706272566883718
2017-05-25,2017-05-24,002130,6.135760953903147,6.145333123878034,6.154905293852922
2017-05-25,2017-05-24,002330,7.983472562834336,7.993427017401461,7.953609199132962
2017-05-25,2017-05-24,002332,7.258509654325756,7.209860125811509,7.248779748622908
2017-05-25,2017-05-24,002364,12.85936802973978,12.90890334572491,12.80983271375464
2017-05-25,2017-05-24,002493,6.119616897715009,6.106624080522407,6.106624080522407
2017-05-25,2017-05-24,002537,11.77111260330809,11.84023826456913,11.7414873199105
2017-05-25,2017-05-24,002589,16.22245592939002,16.2321874566422,16.20299287488565
2017-05-25,2017-05-24,002616,11.14924393803323,11.0860498428379,11.04091120341266
2017-05-25,2017-05-24,002643,13.93093493056359,13.88614092757143,13.79655292158709
2017-05-25,2017-05-24,002668,11.67694674965734,11.52194303174154,11.53342478862419
2017-05-25,2017-05-24,002765,12.55846599131693,12.57832127351664,12.46911722141823
2017-05-25,2017-05-24,300008,8.045372413657375,8.045372413657375,7.926328678806713
2017-05-25,2017-05-24,300014,8.001233741652356,7.965491153144656,7.919536396491899
2017-05-25,2017-05-24,300097,28.00035106026746,27.92060637942654,28.24955318789533
2017-05-25,2017-05-24,300145,9.918034505079072,9.869237287341905,9.735044938564698
2017-05-25,2017-05-24,300174,28.70387678645752,28.21119095078197,28.45753386861974
2017-05-25,2017-05-24,300194,6.598061872943917,6.588199299142804,6.588199299142804
2017-05-25,2017-05-24,300296,12.26635564437807,12.25377476679409,12.27893652196205
2017-05-25,2017-05-24,300303,4.054076175260559,4.04486236577133,4.026434746792873
2017-05-25,2017-05-24,300304,8.161420655494563,8.095450742574862,8.086026469300618
2017-05-25,2017-05-24,300350,10.1937269371759,10.11377613766863,10.09378843779182
2017-05-25,2017-05-24,300400,13.27232571805962,13.29008133774934,13.22793666883535
2017-05-25,2017-05-24,300403,8.508240446416517,8.508240446416517,8.46808619155666
2017-05-25,2017-05-24,300412,6.950304393077051,6.917102302027319,6.867299165452724
2017-05-25,2017-05-24,300499,9.92876252692488,9.967955010583793,9.872151161639783
2017-05-25,2017-05-24,600119,13.18679256713874,13.15707026984241,13.17688513470663
2017-05-25,2017-05-24,600310,5.164578281927828,5.212845368674818,5.236978912048312
2017-05-25,2017-05-24,600712,6.506512500077951,6.466533928648901,6.466533928648901
2017-05-25,2017-05-24,600816,8.269501866207293,8.253552971576227,8.253552971576227
2017-05-26,2017-05-25,000607,6.97251354715647,6.992154430387897,7.001974872003609
2017-05-26,2017-05-25,000813,7.637943939405067,7.685981322671766,7.589906556138369
2017-05-26,2017-05-25,000958,9.606529473965036,9.913018948707689,9.625685066136453
2017-05-26,2017-05-25,000963,23.27651623480607,23.16837312840542,23.37435999773999
2017-05-26,2017-05-25,002125,5.771049654846279,5.765160828667864,5.788716133381523
2017-05-26,2017-05-25,002130,6.126188783928259,6.145333123878034,6.145333123878034
2017-05-26,2017-05-25,002330,7.933700289998711,7.953609199132962,7.963563653700087
2017-05-26,2017-05-25,002332,7.307159182840004,7.287699371434305,7.326618994245703
2017-05-26,2017-05-25,002364,13.04760223048327,13.22592936802974,13.29527881040892
2017-05-26,2017-05-25,002493,6.119616897715009,6.074142037540906,6.074142037540906
2017-05-26,2017-05-25,002537,11.80073788670568,11.89948883136431,11.84023826456913
2017-05-26,2017-05-25,002589,16.37816036542495,16.3489657836684,16.31977120191185
2017-05-26,2017-05-25,002616,11.38396486304445,11.33882622361922,11.47424214189492
2017-05-26,2017-05-25,002643,13.93093493056359,14.00260533535106,13.76071771919336
2017-05-26,2017-05-25,002668,11.69416938498132,11.60805620836143,11.65398323589204
2017-05-26,2017-05-25,002765,12.61803183791606,12.55846599131693,12.60810419681621
2017-05-26,2017-05-25,300008,8.035452102419821,8.005691168707155,8.025531791182265
2017-05-26,2017-05-25,300014,7.919536396491899,7.939960732782014,8.026764162015001
2017-05-26,2017-05-25,300097,27.61159574116798,27.61159574116798,27.6913404220089
2017-05-26,2017-05-25,300145,9.75944354743328,9.674048416393239,9.655749459741802
2017-05-26,2017-05-25,300174,28.55607103575485,28.44768015190623,28.46738758533326
2017-05-26,2017-05-25,300194,6.686825037153924,6.696687610955036,6.795313348966156
2017-05-26,2017-05-25,300296,11.84489624531482,11.75683010222698,11.42343684625158
2017-05-26,2017-05-25,300303,4.100145222706701,4.100145222706701,4.090931413217473
2017-05-26,2017-05-25,300304,8.217966295140023,8.255663388236995,8.293360481333968
2017-05-26,2017-05-25,300350,10.13376383754545,10.11377613766863,10.14375768748386
2017-05-26,2017-05-25,300400,13.21905885899049,13.2368144786802,13.21018104914563
2017-05-26,2017-05-25,300403,8.530548365783105,8.548394701276376,8.530548365783105
2017-05-26,2017-05-25,300412,6.894967574660833,6.894967574660833,6.928169665710564
2017-05-26,2017-05-25,300499,9.915698365705241,9.92876252692488,10.02892109627544
2017-05-26,2017-05-25,600119,13.43447837794149,13.75151621576902,13.77133108063324
2017-05-26,2017-05-25,600310,5.269156969879638,5.269156969879638,5.317424056626628
2017-05-26,2017-05-25,600712,6.546491071507002,6.546491071507002,6.556485714364264
2017-05-26,2017-05-25,600816,8.349246339362619,8.421016365202412,8.452914154464542
2017-05-31,2017-05-26,000607,6.952872663925043,7.06089752169789,7.09035884654503
2017-05-31,2017-05-26,000813,7.705196275978444,7.782056089205162,7.714803752631784
2017-05-31,2017-05-26,000958,9.376662367908047,9.232995426622429,9.232995426622429
2017-05-31,2017-05-26,000963,23.59579588227465,23.52370047800755,23.6318435844082
2017-05-31,2017-05-26,002125,5.741605523954206,5.806382611916765,5.794604959559937
2017-05-31,2017-05-26,002130,6.221910483677138,6.231482653652026,6.250626993601801
2017-05-31,2017-05-26,002330,7.913791380864462,7.943654744565837,8.073062653938463
2017-05-31,2017-05-26,002332,7.462837674085597,7.560136731114092,7.530947014005544
2017-05-31,2017-05-26,002364,13.40425650557621,13.5528624535316,13.47360594795539
2017-05-31,2017-05-26,002493,6.035163585963102,6.139106123503909,6.132609714907609
2017-05-31,2017-05-26,002537,11.75136241437637,11.86986354796672,11.73161222544464
2017-05-31,2017-05-26,002589,15.83319483930267,15.86238942105923,15.71641651227647
2017-05-31,2017-05-26,002616,12.30479310731926,12.09715536596318,12.00687808711271
2017-05-31,2017-05-26,002643,13.5546653054294,13.76967651979179,13.5815417072247
2017-05-31,2017-05-26,002668,11.68268762809867,11.75731904783591,11.77454168315989
2017-05-31,2017-05-26,002765,12.97542691751085,13.04492040520984,13.07470332850941
2017-05-31,2017-05-26,300008,7.926328678806713,8.025531791182265,7.966009923756933
2017-05-31,2017-05-26,300014,7.950172900927071,8.052294582377643,7.9910215735073
2017-05-31,2017-05-26,300097,27.39229786885545,27.71127659221913,27.80098935816516
2017-05-31,2017-05-26,300145,9.539856067616032,9.619151546438927,9.637450503090365
2017-05-31,2017-05-26,300174,28.52650988561432,28.68416935303049,28.27031325106304
2017-05-31,2017-05-26,300194,6.9136642345795,7.041877693993955,7.160228579607299
2017-05-31,2017-05-26,300296,11.03342964114827,11.19698104973998,11.11520534544413
2017-05-31,2017-05-26,300303,4.063289984749788,4.10935903219593,4.10935903219593
2017-05-31,2017-05-26,300304,8.20854202186578,8.340481847705183,8.359330394253668
2017-05-31,2017-05-26,300350,10.14375768748386,10.24369618686794,10.22370848699112
2017-05-31,2017-05-26,300400,12.7929239864374,13.08589171131765,13.11252514085222
2017-05-31,2017-05-26,300403,8.566241036769645,8.668857465855949,8.642087962616044
2017-05-31,2017-05-26,300412,6.917102302027319,7.088646439117597,7.110781166484085
2017-05-31,2017-05-26,300499,10.00279277383616,10.09424190237363,10.24665711660274
2017-05-31,2017-05-26,600119,13.94966486441123,14.05864662116444,14.22707297251031
2017-05-31,2017-05-26,600310,5.405913715662773,5.405913715662773,5.389824686747111
2017-05-31,2017-05-26,600712,6.476528571506164,6.586469642936053,6.596464285793315
2017-05-31,2017-05-26,600816,8.436965259833476,8.532658627619867,8.60442865345966
2017-06-01,2017-05-31,000607,6.982333988772184,6.952872663925043,6.933231780693617
2017-06-01,2017-05-31,000813,7.666766369365087,7.599514032791708,7.820485995818522
2017-06-01,2017-05-31,000958,8.983972728394024,8.90735035970836,8.993550524479732
2017-06-01,2017-05-31,000963,23.431006386807,23.33831229560644,23.38980901294008
2017-06-01,2017-05-31,002125,5.68271726217006,5.600273695672256,5.606162521850671
2017-06-01,2017-05-31,002130,6.21233831370225,6.21233831370225,6.221910483677138
2017-06-01,2017-05-31,002330,7.943654744565837,7.903836926297337,7.903836926297337
2017-06-01,2017-05-31,002332,7.365538617057101,7.375268522759951,7.384998428462801
2017-06-01,2017-05-31,002364,13.43397769516729,13.25565055762082,13.24574349442379
2017-06-01,2017-05-31,002493,6.041659994559404,6.054652811752004,6.054652811752004
2017-06-01,2017-05-31,002537,11.7414873199105,11.68223675311533,11.63286128078602
2017-06-01,2017-05-31,002589,14.88923669584087,14.72380073255375,14.9865519683627
2017-06-01,2017-05-31,002616,11.92562853614728,11.6999353390211,11.70896306690615
2017-06-01,2017-05-31,002643,13.37548929346073,13.3127776892717,13.5815417072247
2017-06-01,2017-05-31,002668,11.7113920203053,11.63101972212673,11.55638830238949
2017-06-01,2017-05-31,002765,12.61803183791606,12.50882778581765,12.52868306801736
2017-06-01,2017-05-31,300008,7.807284943956049,7.668400586630274,7.628719341680053
2017-06-01,2017-05-31,300014,7.965491153144656,7.914430312419371,8.016551993869943
2017-06-01,2017-05-31,300097,25.71765957119617,26.11638297540076,26.47523403918489
2017-06-01,2017-05-31,300145,9.796041460736154,9.753343895216135,9.686247720827531
2017-06-01,2017-05-31,300174,28.51665616890081,28.18162980064144,28.46738758533326
2017-06-01,2017-05-31,300194,6.923526808380611,6.923526808380611,6.884076513176164
2017-06-01,2017-05-31,300296,11.13407666182009,11.13407666182009,11.26617587645186
2017-06-01,2017-05-31,300303,4.035648556282101,3.943510461389816,3.971151889857501
2017-06-01,2017-05-31,300304,8.067177922752132,7.954086643461213,7.944662370186971
2017-06-01,2017-05-31,300350,10.03382533816137,9.853936039270033,9.933886838777294
2017-06-01,2017-05-31,300400,12.73077931752341,12.65087902891971,12.51771188124687
2017-06-01,2017-05-31,300403,8.463624607683341,8.311930755990545,8.356546594723721
2017-06-01,2017-05-31,300412,6.878366529135967,6.878366529135967,7.226988485158144
2017-06-01,2017-05-31,300499,9.92876252692488,9.811185075948138,9.872151161639783
2017-06-01,2017-05-31,600119,13.65244189144792,13.70197905360847,13.64253445901581
2017-06-01,2017-05-31,600310,5.373735657831448,5.341557600000121,5.405913715662773
2017-06-01,2017-05-31,600712,6.766373214366779,6.756378571509517,6.80635178579583
2017-06-01,2017-05-31,600816,8.540633074935402,8.556581969566466,8.532658627619867
2017-06-02,2017-06-01,000607,6.952872663925043,6.874309130999336,6.844847806152196
2017-06-02,2017-06-01,000813,7.666766369365087,7.657158892711746,7.609121509445048
2017-06-02,2017-06-01,000958,8.351838186737302,8.313527002394469,8.313527002394469
2017-06-02,2017-06-01,000963,23.63699325614156,23.81723176680931,23.66274161480839
2017-06-02,2017-06-01,002125,5.394164779427746,5.435386562676649,5.447164215033477
2017-06-02,2017-06-01,002130,6.145333123878034,6.126188783928259,6.068755764078931
2017-06-02,2017-06-01,002330,7.804292380626085,7.75452010779046,7.79433792605896
2017-06-02,2017-06-01,002332,7.151480691594411,7.132020880188713,7.239049842920058
2017-06-02,2017-06-01,002364,12.93862453531598,12.87918215613383,12.87918215613383
2017-06-02,2017-06-01,002493,5.970199500000098,5.950710274211198,5.957206682807498
2017-06-02,2017-06-01,002537,11.73161222544464,11.59336090292257,11.53411033612739
2017-06-02,2017-06-01,002589,14.4513179694926,14.47078102399697,14.43185491498824
2017-06-02,2017-06-01,002616,10.73396845532106,10.3006375168388,10.3006375168388
2017-06-02,2017-06-01,002643,12.36314482583779,12.23772161745972,12.04958680489262
2017-06-02,2017-06-01,002668,11.56787005927214,11.48749776109358,11.37268019226705
2017-06-02,2017-06-01,002765,12.4095513748191,12.34005788712011,12.25070911722142
2017-06-02,2017-06-01,300008,7.10294284608962,7.172385024752508,7.192225647227618
2017-06-02,2017-06-01,300014,7.454882745891794,7.47020099810938,7.296594139643406
2017-06-02,2017-06-01,300097,25.77746808182686,25.43855318825295,25.90705318819335
2017-06-02,2017-06-01,300145,9.588653285353198,9.320268587798783,9.271471370061615
2017-06-02,2017-06-01,300174,28.02397033322526,27.93528688280366,28.34914298477112
2017-06-02,2017-06-01,300194,6.6670998895517,6.676962463352812,6.746000479960596
2017-06-02,2017-06-01,300296,11.03972007994026,10.92649218168447,11.00826788598032
2017-06-02,2017-06-01,300303,3.814517128540616,3.814517128540616,3.79608950956216
2017-06-02,2017-06-01,300304,7.360357427183896,7.31323606081268,7.407478793555112
2017-06-02,2017-06-01,300350,9.404212792041685,9.444188191795316,9.354243542349646
2017-06-02,2017-06-01,300400,11.46125250970901,11.18604040451848,11.10614011591478
2017-06-02,2017-06-01,300403,7.861310784785477,7.883618704152065,7.870233952532112
2017-06-02,2017-06-01,300412,6.883900210977588,6.574014027846765,6.585081391530009
2017-06-02,2017-06-01,300499,9.497645206676825,9.38442247610663,9.223297821064428
2017-06-02,2017-06-01,600119,13.30568175632406,13.38494121578094,13.46420067523782
2017-06-02,2017-06-01,600310,5.245023426506143,5.236978912048312,5.212845368674818
2017-06-02,2017-06-01,600712,6.836335714367618,6.836335714367618,6.746383928652254
2017-06-02,2017-06-01,600816,8.652275337352856,8.644300890037323,8.684173126614988
2017-06-05,2017-06-02,000536,5.421953818827708,5.421953818827708,5.461243339253996
2017-06-05,2017-06-02,000813,7.685981322671766,7.705196275978444,7.714803752631784
2017-06-05,2017-06-02,002130,6.059183594104043,6.087900104028708,6.087900104028708
2017-06-05,2017-06-02,002182,5.161214630879813,5.181887052632336,5.278358354144109
2017-06-05,2017-06-02,002206,6.359113706065819,6.403959359846255,6.394990229090167
2017-06-05,2017-06-02,002217,8.301389185954788,8.458389454247076,8.654639789612439
2017-06-05,2017-06-02,002277,6.035733050325097,6.09423773255765,6.074736171813465
2017-06-05,2017-06-02,002315,12.43372516930914,12.45443941365617,12.59426056299868
2017-06-05,2017-06-02,002425,8.474764796272156,8.45548205498371,8.503688908204825
2017-06-05,2017-06-02,002493,6.002681542981601,6.041659994559404,6.028667177366802
2017-06-05,2017-06-02,002511,6.269883491762681,6.179588139946118,6.275526951251217
2017-06-05,2017-06-02,002519,7.595,7.5264,7.5852
2017-06-05,2017-06-02,002537,11.77111260330809,11.71186203651292,11.75136241437637
2017-06-05,2017-06-02,002582,8.596407092741961,8.672481491792775,8.626836852362286
2017-06-05,2017-06-02,002643,12.47960923361742,12.59607364139705,12.68566164738138
2017-06-05,2017-06-02,002668,11.55638830238949,11.76880080471856,11.88361837354508
2017-06-05,2017-06-02,300015,3.574352433178269,3.584468524970283,3.570980402580931
2017-06-05,2017-06-02,300078,9.962226964110956,9.942302510182733,10.12162259553673
2017-06-05,2017-06-02,300097,25.98679786903427,25.9369574435087,26.16622340092633
2017-06-05,2017-06-02,300174,28.48709501876028,28.65460820288996,28.40826528505219
2017-06-05,2017-06-02,300194,6.903801660778388,6.933389382181724,6.893939086977276
2017-06-05,2017-06-02,300253,5.611905976111936,5.657593134669157,5.665207661095361
2017-06-05,2017-06-02,300296,10.75665033430077,11.13407666182009,11.36682289712368
2017-06-05,2017-06-02,300303,3.879013794965216,3.897441413943674,3.906655223432902
2017-06-05,2017-06-02,300339,13.28139488440957,13.28139488440957,13.30136690679214
2017-06-05,2017-06-02,300350,9.73400984000914,9.73400984000914,9.753997539885956
2017-06-05,2017-06-02,300352,5.192172826787895,5.212066209266011,5.251852974222239
2017-06-05,2017-06-02,300400,11.49676374908844,11.6654421361407,11.82524271334811
2017-06-05,2017-06-02,300403,7.972850381618414,7.986235133238366,8.048697307464812
2017-06-05,2017-06-02,300412,6.911568620185698,6.972439120443538,6.983506484126782
2017-06-05,2017-06-02,300502,4.61244260738557,4.608826423451908,4.657644906556342
2017-06-05,2017-06-02,600816,8.60442865345966,8.644300890037323,8.588479758828596
2017-06-06,2017-06-05,000536,5.490710479573712,5.461243339253996,5.520177619893428
2017-06-06,2017-06-05,000813,7.618728986098388,7.628336462751728,7.637943939405067
2017-06-06,2017-06-05,002130,6.040039254154267,6.03046708417938,6.03046708417938
2017-06-06,2017-06-05,002182,5.264576739642426,5.278358354144109,5.347266426652517
2017-06-06,2017-06-05,002206,6.439835882870603,6.430866752114516,6.439835882870603
2017-06-06,2017-06-05,002217,8.654639789612439,8.595764689002829,8.654639789612439
2017-06-06,2017-06-05,002277,6.084486952185557,6.055234611069281,6.084486952185557
2017-06-06,2017-06-05,002315,12.59943912408543,12.66158185712655,12.58908200191192
2017-06-06,2017-06-05,002425,8.60974398529128,8.677233579800843,8.725440433021959
2017-06-06,2017-06-05,002493,5.970199500000098,5.944213865614897,5.957206682807498
2017-06-06,2017-06-05,002511,6.247309653808541,6.292457329716823,6.292457329716823
2017-06-06,2017-06-05,002519,7.546,7.5068,7.624400000000001
2017-06-06,2017-06-05,002537,11.88961373689844,11.85011335903499,11.90936392583017
2017-06-06,2017-06-05,002582,8.832237729799484,9.486477561636482,9.3571510832501
2017-06-06,2017-06-05,002643,12.46169163242055,12.45273283182212,12.55127963840488
2017-06-06,2017-06-05,002668,11.86065485977978,11.85491398133845,11.8434322244558
2017-06-06,2017-06-05,300015,3.592898601463627,3.562550326087586,3.569294387282262
2017-06-06,2017-06-05,300078,10.28101822696251,10.28101822696251,10.58984726284995
2017-06-06,2017-06-05,300097,26.5450106349207,26.23599999666214,26.6147872306565
2017-06-06,2017-06-05,300174,28.52650988561432,28.27031325106304,28.55607103575485
2017-06-06,2017-06-05,300194,6.923526808380611,6.903801660778388,6.9136642345795
2017-06-06,2017-06-05,300253,5.665207661095361,5.657593134669157,5.649978608242954
2017-06-06,2017-06-05,300296,11.34795158074771,11.99586677632255,11.83231536773085
2017-06-06,2017-06-05,300303,3.925082842411359,3.906655223432902,3.934296651900588
2017-06-06,2017-06-05,300339,12.98181454867101,12.95185651509715,12.97182853747972
2017-06-06,2017-06-05,300350,9.863929889208441,9.803966789577995,9.843942189331626
2017-06-06,2017-06-05,300352,5.301586430417526,5.261799665461297,5.291639739178469
2017-06-06,2017-06-05,300400,11.70095337552012,11.67431994598556,11.78085366412383
2017-06-06,2017-06-05,300403,8.066543642958081,8.035312555844861,8.093313146197987
2017-06-06,2017-06-05,300412,6.939237029393807,6.917102302027319,6.917102302027319
2017-06-06,2017-06-05,300502,4.610634515418739,4.578088860015783,4.579896951982614
2017-06-06,2017-06-05,600816,8.57253086419753,8.516709732988803,8.57253086419753
2017-06-07,2017-06-06,000536,5.520177619893428,5.549644760213145,5.569289520426288
2017-06-07,2017-06-06,000813,7.618728986098388,7.637943939405067,7.676373846018426
2017-06-07,2017-06-06,002130,6.011322744229604,6.288915673501354,6.269771333551577
2017-06-07,2017-06-06,002182,5.443737728164289,5.436846920913448,5.45062853541513
2017-06-07,2017-06-06,002206,6.520558059675388,6.493650667407127,6.520558059675388
2017-06-07,2017-06-06,002217,8.801827541136459,8.860702641746068,8.821452574672996
2017-06-07,2017-06-06,002277,6.09423773255765,6.084486952185557,6.084486952185557
2017-06-07,2017-06-06,002315,12.66676041821331,12.66676041821331,12.77551020103525
2017-06-07,2017-06-06,002425,8.60974398529128,8.571178502714389,8.532613020137495
2017-06-07,2017-06-06,002493,6.009177951577901,6.022170768770502,6.054652811752004
2017-06-07,2017-06-06,002511,6.676212574937221,6.681856034425756,6.698786412891362
2017-06-07,2017-06-06,002519,7.7322,7.6734,7.7126
2017-06-07,2017-06-06,002537,11.98836468155707,12.02786505942052,11.98836468155707
2017-06-07,2017-06-06,002582,9.052853487046844,9.113713006287496,9.136535326002738
2017-06-07,2017-06-06,002643,12.50648563541272,12.47960923361742,12.70357924857825
2017-06-07,2017-06-06,002668,11.81472783224917,11.84917310289712,11.90084100886906
2017-06-07,2017-06-06,300015,3.599642662658304,3.591212586164959,3.592898601463627
2017-06-07,2017-06-06,300078,10.32086713481895,10.26109377303428,10.40056495053184
2017-06-07,2017-06-06,300097,26.64469148597185,26.76430850723322,27.04341489017644
2017-06-07,2017-06-06,300174,28.55607103575485,28.74329165331156,28.62504705274943
2017-06-07,2017-06-06,300194,6.903801660778388,6.903801660778388,6.933389382181724
2017-06-07,2017-06-06,300253,5.764196504636006,5.733738398931192,5.726123872504988
2017-06-07,2017-06-06,300296,11.8574771228988,11.79457273497891,11.87634843927477
2017-06-07,2017-06-06,300303,3.925082842411359,3.906655223432902,3.915869032922131
2017-06-07,2017-06-06,300339,12.93188449271458,12.95185651509715,12.99180055986229
2017-06-07,2017-06-06,300350,9.893911439023665,9.853936039270033,9.933886838777294
2017-06-07,2017-06-06,300352,5.271746356700354,5.271746356700354,5.311533121656582
2017-06-07,2017-06-06,300400,11.8873873822621,11.94953205117609,12.04718795946951
2017-06-07,2017-06-06,300403,8.182544823664339,8.164698488171068,8.240545414017465
2017-06-07,2017-06-06,300412,6.939237029393807,6.983506484126782,7.072045393592731
2017-06-07,2017-06-06,300502,4.608826423451908,4.657644906556342,4.71550384949493
2017-06-07,2017-06-06,600816,8.60442865345966,8.60442865345966,8.660249784668389
2017-06-08,2017-06-07,000536,5.638046181172292,5.618401420959147,5.657690941385435
2017-06-08,2017-06-07,000813,7.695588799325106,7.666766369365087,7.647551416058407
2017-06-08,2017-06-07,002130,6.241054823626913,6.279343503526465,6.288915673501354
2017-06-08,2017-06-07,002182,5.588444680431947,5.650461945689515,5.657352752940357
2017-06-08,2017-06-07,002206,6.592311105724085,6.493650667407127,6.457774144382778
2017-06-08,2017-06-07,002217,9.007890393270088,8.94901529266048,8.890140192050872
2017-06-08,2017-06-07,002277,6.230748657766941,6.211247097022756,6.191745536278572
2017-06-08,2017-06-07,002315,13.41247321470665,13.36068760383906,13.49015163100804
2017-06-08,2017-06-07,002425,8.850778251396859,8.889343733973753,8.812212768819967
2017-06-08,2017-06-07,002493,6.100127671926107,6.087134854733506,6.093631263329807
2017-06-08,2017-06-07,002511,6.710073331868434,6.800368683684997,6.885020576013026
2017-06-08,2017-06-07,002519,7.859599999999999,7.869399999999999,7.849799999999999
2017-06-08,2017-06-07,002537,12.07724053174983,12.09699072068155,12.18586657087432
2017-06-08,2017-06-07,002582,9.273469244294203,9.174572525528147,9.288684124104368
2017-06-08,2017-06-07,002643,13.08880767431087,13.07089007311401,13.14256047790147
2017-06-08,2017-06-07,002668,11.9754724286063,11.98121330704762,12.04436296990221
2017-06-08,2017-06-07,300015,3.719349748863802,3.704175611175781,3.721035764162471
2017-06-08,2017-06-07,300078,10.70939398641928,10.60977171677817,10.7293184403475
2017-06-08,2017-06-07,300097,27.4222021241708,27.81095744327028,27.33248935822477
2017-06-08,2017-06-07,300174,28.76299908673858,28.39841156833868,28.58563218589539
2017-06-08,2017-06-07,300194,7.081327989198403,7.140503432005075,7.160228579607299
2017-06-08,2017-06-07,300253,5.878414401029056,5.870799874602854,5.893643453881464
2017-06-08,2017-06-07,300296,11.9140910720267,12.01473809269852,11.97699545994659
2017-06-08,2017-06-07,300303,4.054076175260559,4.054076175260559,4.081717603728245
2017-06-08,2017-06-07,300339,13.42119904108757,13.44117106347014,13.47112909704399
2017-06-08,2017-06-07,300350,10.18373308723749,10.2037207871143,10.25369003680634
2017-06-08,2017-06-07,300352,5.480626872720556,5.520413637676786,5.490573563959614
2017-06-08,2017-06-07,300400,13.07701390147279,13.63631592169872,13.43212629526703
2017-06-08,2017-06-07,300403,8.477009359303294,8.477009359303294,8.494855694796565
2017-06-08,2017-06-07,300412,7.221454803316522,7.254656894366253,7.354263167515446
2017-06-08,2017-06-07,300502,4.874615942576048,4.907161597979004,4.881848310443371
2017-06-08,2017-06-07,600816,8.732019810508183,8.716070915877117,8.771892047085846
2017-06-09,2017-06-08,000536,5.62822380106572,5.657690941385435,5.638046181172292
2017-06-09,2017-06-08,000813,7.55147664952501,7.57069160283169,7.580299079485028
2017-06-09,2017-06-08,002130,6.231482653652026,6.21233831370225,6.174049633802698
2017-06-09,2017-06-08,002182,5.505754993421857,5.491973378920175,5.547099836926903
2017-06-09,2017-06-08,002206,6.421897621358429,6.412928490602342,6.412928490602342
2017-06-09,2017-06-08,002217,8.909765225587408,8.958827809428749,9.056952977111429
2017-06-09,2017-06-08,002277,6.152742414790203,6.181994755906479,6.162493195162296
2017-06-09,2017-06-08,002315,13.19497364906276,13.189795087976,13.17943796580248
2017-06-09,2017-06-08,002425,8.754364544954628,8.725440433021959,8.725440433021959
2017-06-09,2017-06-08,002493,6.061149220348304,6.054652811752004,6.080638446137206
2017-06-09,2017-06-08,002511,6.980959387318125,6.851159819081815,6.868090197547421
2017-06-09,2017-06-08,002519,7.7518,7.722399999999999,7.7322
2017-06-09,2017-06-08,002537,12.15624128747673,12.14636619301087,12.07724053174983
2017-06-09,2017-06-08,002582,9.319113883724691,9.440832922205994,9.448440362111075
2017-06-09,2017-06-08,002643,13.22318968328737,13.11568407610617,13.06193127251557
2017-06-09,2017-06-08,002668,11.86065485977978,11.79750519692519,11.78602344004254
2017-06-09,2017-06-08,300015,3.719349748863802,3.699117565279775,3.710919672370458
2017-06-09,2017-06-08,300078,10.59980948981406,10.61973394374228,10.52011167410117
2017-06-09,2017-06-08,300097,26.71446808170765,26.57491489023604,26.36558510302863
2017-06-09,2017-06-08,300174,28.62504705274943,28.64475448617645,28.39841156833868
2017-06-09,2017-06-08,300194,7.061602841596179,7.071465415397292,7.022152546391731
2017-06-09,2017-06-08,300253,5.794654610340819,5.779425557488413,5.771811031062209
2017-06-09,2017-06-08,300296,12.03989984786648,11.95183370477863,11.90780063323471
2017-06-09,2017-06-08,300303,4.035648556282101,4.04486236577133,4.063289984749788
2017-06-09,2017-06-08,300339,13.24145083964443,13.25143685083571,13.29138089560086
2017-06-09,2017-06-08,300350,10.3236469863752,10.28367158662157,10.41359163582087
2017-06-09,2017-06-08,300352,5.401053342808098,5.420946725286213,5.401053342808098
2017-06-09,2017-06-08,300400,13.60080468231929,13.42324848542217,13.34334819681847
2017-06-09,2017-06-08,300403,8.432393520570118,8.423470352823484,8.454701439936706
2017-06-09,2017-06-08,300412,7.138449575692194,7.094180120959219,7.049910666226245
2017-06-09,2017-06-08,300502,4.780595160300842,4.73539286113007,4.760706148665702
2017-06-09,2017-06-08,600816,8.700122021246052,8.779866494401379,8.795815389032443
2017-06-12,2017-06-09,000070,10.07670514270285,9.608212326117158,9.945198387170027
2017-06-12,2017-06-09,000591,4.55784013361001,4.509006132178474,4.484589131462706
2017-06-12,2017-06-09,000813,7.55147664952501,7.52265421956499,7.484224312951632
2017-06-12,2017-06-09,002130,6.250626993601801,6.202766143727362,6.174049633802698
2017-06-12,2017-06-09,002149,11.22687930101613,11.13969904760013,10.98471193041613
2017-06-12,2017-06-09,002169,7.747982057165333,7.621285495224265,7.533572490803525
2017-06-12,2017-06-09,002196,10.39809065934066,10.37822802197802,10.38815934065934
2017-06-12,2017-06-09,002206,6.403959359846255,6.457774144382778,6.448805013626691
2017-06-12,2017-06-09,002519,7.614599999999999,7.5558,7.5264
2017-06-12,2017-06-09,002589,14.58755935102318,14.51943866025789,14.64594851453628
2017-06-12,2017-06-09,002607,4.067855853367282,4.104752505098505,4.150873319762533
2017-06-12,2017-06-09,002643,13.03505487072027,12.97234326653124,12.97234326653124
2017-06-12,2017-06-09,002649,10.48079797371814,10.29584271535841,10.39272404116589
2017-06-12,2017-06-09,002668,11.68842850653999,11.58509269459612,11.69416938498132
2017-06-12,2017-06-09,002765,11.68483357452967,11.5657018813314,11.50613603473227
2017-06-12,2017-06-09,300037,10.73483148281471,10.58282459170063,10.53040842235095
2017-06-12,2017-06-09,300097,26.23599999666214,25.91702127329847,25.68775531588082
2017-06-12,2017-06-09,300174,28.67431563631699,28.36885041819814,28.47724130204676
2017-06-12,2017-06-09,300194,7.041877693993955,7.002427398789507,6.962977103585059
2017-06-12,2017-06-09,300230,7.225836176933653,7.108416339058481,7.072287158173813
2017-06-12,2017-06-09,300253,5.886028927455261,5.802269136767022,5.764196504636006
2017-06-12,2017-06-09,300296,11.88892931685874,11.94554326598664,11.77570141860295
2017-06-12,2017-06-09,300303,4.054076175260559,4.008007127814416,3.989579508835959
2017-06-12,2017-06-09,300317,13.64480368940534,13.46526679875527,13.3954468968358
2017-06-12,2017-06-09,300339,13.01177258224486,12.81205235841916,12.7121922465063
2017-06-12,2017-06-09,300400,13.41437067557732,13.30783695743905,13.22793666883535
2017-06-12,2017-06-09,300458,9.057211199575281,8.993315529737007,8.884692891011941
2017-06-12,2017-06-09,300502,4.679342010158313,4.538310836745504,4.514805641176703
2017-06-12,2017-06-09,300503,17.74480441792403,17.09989412520212,17.14875096555984
2017-06-12,2017-06-09,600172,8.140000000000001,8.140000000000001,8
2017-06-12,2017-06-09,600816,8.763917599770313,8.716070915877117,8.700122021246052
2017-06-13,2017-06-12,000070,9.649308187221166,9.61643149833796,9.682184876104373
2017-06-13,2017-06-12,000591,4.427616129792582,4.395060128838225,4.411338129315403
2017-06-13,2017-06-12,000813,7.53226169621833,7.474616836298292,7.445794406338273
2017-06-13,2017-06-12,002130,6.11661661395337,6.097472274003595,6.11661661395337
2017-06-13,2017-06-12,002149,10.77160464428812,10.80066472876012,10.94596515112013
2017-06-13,2017-06-12,002169,7.514080712043361,7.562810158943772,7.562810158943772
2017-06-13,2017-06-12,002196,10.27891483516484,10.26898351648352,10.5271978021978
2017-06-13,2017-06-12,002206,6.484681536651039,6.484681536651039,6.457774144382778
2017-06-13,2017-06-12,002519,7.3794,7.3794,7.4382
2017-06-13,2017-06-12,002589,14.65568004178846,14.65568004178846,14.70433767804938
2017-06-13,2017-06-12,002607,4.095528342165699,4.086304179232894,4.086304179232894
2017-06-13,2017-06-12,002643,12.64982644498765,12.58711484079861,12.66774404618451
2017-06-13,2017-06-12,002649,10.0140061311912,10.05804309746733,10.0492357042121
2017-06-13,2017-06-12,002668,11.47601600421092,11.45305249044562,11.3382349216191
2017-06-13,2017-06-12,002765,11.50613603473227,11.59548480463097,11.5657018813314
2017-06-13,2017-06-12,300037,10.44130093445649,10.53565003928592,10.53565003928592
2017-06-13,2017-06-12,300097,24.92021276278698,24.96008510320744,25.11957446488928
2017-06-13,2017-06-12,300174,28.53636360232783,28.60533961932241,28.53636360232783
2017-06-13,2017-06-12,300194,6.943251955982835,6.962977103585059,6.903801660778388
2017-06-13,2017-06-12,300230,7.022609534457394,7.045190272510311,7.054222567731478
2017-06-13,2017-06-12,300253,5.710894819652581,5.733738398931192,5.718509346078784
2017-06-13,2017-06-12,300296,11.56182649967533,11.67505439793113,11.66876395913914
2017-06-13,2017-06-12,300303,3.915869032922131,3.888227604454445,3.906655223432902
2017-06-13,2017-06-12,300317,13.10619301745513,13.14609010426626,13.11616728915791
2017-06-13,2017-06-12,300339,12.43258393315031,12.48251398910674,12.51247202268059
2017-06-13,2017-06-12,300400,12.81955741597197,13.06813609162794,13.32559257712876
2017-06-13,2017-06-12,300458,8.549240624361007,8.657863263086071,8.705785015464775
2017-06-13,2017-06-12,300502,4.408128215133681,4.18030862731299,4.203813822881791
2017-06-13,2017-06-12,300503,17.31486422277609,17.36372106313381,17.61777663299396
2017-06-13,2017-06-12,600172,8.039999999999999,8.06,8.06
2017-06-13,2017-06-12,600816,8.636326442721792,8.60442865345966,8.60442865345966
2017-06-14,2017-06-13,000070,9.715061564987581,9.739719081649984,9.608212326117158
2017-06-14,2017-06-13,000591,4.492728131701295,4.44389413026976,4.452033130508349
2017-06-14,2017-06-13,000813,7.484224312951632,7.465009359644952,7.465009359644952
2017-06-14,2017-06-13,002130,6.154905293852922,6.126188783928259,6.126188783928259
2017-06-14,2017-06-13,002149,11.03314540453613,10.96533854076812,10.97502523559213
2017-06-14,2017-06-13,002169,7.650523163364511,7.592047827084018,7.6017937164641
2017-06-14,2017-06-13,002196,11.03369505494506,11.17273351648352,11.26211538461539
2017-06-14,2017-06-13,002206,6.457774144382778,6.493650667407127,6.448805013626691
2017-06-14,2017-06-13,002519,7.5264,7.5656,7.6636
2017-06-14,2017-06-13,002589,14.73353225980593,14.77245836881466,14.8113844778234
2017-06-14,2017-06-13,002607,4.123200830964116,4.132424993896922,4.141649156829727
2017-06-14,2017-06-13,002643,13.07089007311401,12.96338446593281,13.02609607012184
2017-06-14,2017-06-13,002649,10.19896138955093,10.11088745699868,10.084465277233
2017-06-14,2017-06-13,002668,11.53342478862419,11.43582985512164,11.38990282759103
2017-06-14,2017-06-13,002765,11.64512301013024,11.6550506512301,11.69476121562952
2017-06-14,2017-06-13,300037,11.48438270451515,11.53155725692986,11.70453061578381
2017-06-14,2017-06-13,300097,25.62794680525014,25.41861701804273,25.62794680525014
2017-06-14,2017-06-13,300174,28.74329165331156,28.76299908673858,29.12758660513849
2017-06-14,2017-06-13,300194,6.953114529783948,6.9136642345795,6.9136642345795
2017-06-14,2017-06-13,300230,7.176158553217234,7.140029372332566,7.153577815164316
2017-06-14,2017-06-13,300253,5.84034176889804,5.847956295324243,5.847956295324243
2017-06-14,2017-06-13,300296,11.6373117651792,11.56182649967533,11.66247352034715
2017-06-14,2017-06-13,300303,4.017220937303644,4.008007127814416,4.008007127814416
2017-06-14,2017-06-13,300317,13.40542116853858,13.43534398364693,14.1534915462472
2017-06-14,2017-06-13,300339,12.73216426888887,12.6422901681673,12.66226219054988
2017-06-14,2017-06-13,300400,13.22793666883535,13.11252514085222,13.34334819681847
2017-06-14,2017-06-13,300458,8.843160705617064,8.878303324028114,8.926225076406819
2017-06-14,2017-06-13,300502,4.393663479399034,4.350269272195092,4.337612628427276
2017-06-14,2017-06-13,300503,17.75457578599558,18.12588777271425,18.13565914078579
2017-06-14,2017-06-13,600172,8.19,8.16,8.140000000000001
2017-06-14,2017-06-13,600816,8.66822423198392,8.660249784668389,8.652275337352856
2017-06-15,2017-06-14,000070,9.780814942753993,9.8136916316372,9.698623220545977
2017-06-15,2017-06-14,000591,4.44389413026976,4.427616129792582,4.44389413026976
2017-06-15,2017-06-14,000813,7.397757023071574,7.378542069764895,7.407364499724914
2017-06-15,2017-06-14,002130,6.135760953903147,6.135760953903147,6.154905293852922
2017-06-15,2017-06-14,002149,10.91690506664812,10.97502523559213,10.92659176147212
2017-06-15,2017-06-14,002169,7.621285495224265,7.670014942124676,7.640777273984429
2017-06-15,2017-06-14,002196,11.37135989010989,11.3217032967033,11.40115384615385
2017-06-15,2017-06-14,002206,6.466743275138865,6.439835882870603,6.466743275138865
2017-06-15,2017-06-14,002519,7.644,7.693,7.7322
2017-06-15,2017-06-14,002589,14.61675393277973,14.71406920530156,14.77245836881466
2017-06-15,2017-06-14,002607,4.11397666803131,4.141649156829727,4.132424993896922
2017-06-15,2017-06-14,002643,12.88275526054691,12.91859046294064,12.97234326653124
2017-06-15,2017-06-14,002649,9.969969164915074,10.06685049072255,10.05804309746733
2017-06-15,2017-06-14,002668,11.4702751257696,11.4702751257696,11.45305249044562
2017-06-15,2017-06-14,002765,11.55577424023155,11.57562952243126,11.66497829232996
2017-06-15,2017-06-14,300037,11.64163121256419,11.66783929723904,11.63114797869426
2017-06-15,2017-06-14,300097,25.75753191161663,25.77746808182686,25.81734042224732
2017-06-15,2017-06-14,300174,29.3148072226952,29.21627005556009,28.9600734210088
2017-06-15,2017-06-14,300194,6.86435136557394,6.874213939375052,6.943251955982835
2017-06-15,2017-06-14,300230,7.099384043837314,7.117448634279648,7.140029372332566
2017-06-15,2017-06-14,300253,5.847956295324243,5.901257980307667,5.878414401029056
2017-06-15,2017-06-14,300296,11.64989264276317,11.78199185739494,11.76312054101897
2017-06-15,2017-06-14,300303,4.008007127814416,4.017220937303644,4.026434746792873
2017-06-15,2017-06-14,300317,14.2632085349778,14.19338863305833,14.12356873113886
2017-06-15,2017-06-14,300339,12.68223421293245,12.70220623531502,12.74215028008016
2017-06-15,2017-06-14,300400,13.18354761961107,13.09476952116251,13.29008133774934
2017-06-15,2017-06-14,300458,8.769680685303049,8.894277241487682,8.852745056092806
2017-06-15,2017-06-14,300502,4.339420720394108,4.400895847266358,4.370158283830233
2017-06-15,2017-06-14,300503,18.33108650221668,18.12588777271425,18.02817409199881
2017-06-15,2017-06-14,600172,8.16,8.19,8.210000000000001
2017-06-15,2017-06-14,600816,8.66822423198392,8.716070915877117,8.700122021246052
2017-06-16,2017-06-15,000070,9.756157426091587,9.706842392766779,9.608212326117158
2017-06-16,2017-06-15,000591,4.468311130985528,4.460172130746939,4.452033130508349
2017-06-16,2017-06-15,000813,7.474616836298292,7.455401882991612,7.455401882991612
2017-06-16,2017-06-15,002130,6.202766143727362,6.174049633802698,6.174049633802698
2017-06-16,2017-06-15,002149,11.12032565795213,11.18813252172013,11.14938574242413
2017-06-16,2017-06-15,002169,7.82594917220599,7.874678619106401,7.806457393445826
2017-06-16,2017-06-15,002196,11.4309478021978,11.49053571428572,11.67923076923077
2017-06-16,2017-06-15,002206,6.430866752114516,6.430866752114516,6.403959359846255
2017-06-16,2017-06-15,002519,7.8106,7.8302,7.791
2017-06-16,2017-06-15,002589,14.80165295057122,14.76272684156248,14.67514309629283
2017-06-16,2017-06-15,002607,4.150873319762533,4.160097482695338,4.150873319762533
2017-06-16,2017-06-15,002643,12.98130206712967,12.99026086772811,12.94546686473594
2017-06-16,2017-06-15,002649,10.16373181653003,10.23419096257183,10.1549244232748
2017-06-16,2017-06-15,002668,11.62527884368541,11.64824235745071,11.5793518161548
2017-06-16,2017-06-15,002765,11.84367583212735,11.69476121562952,11.71461649782923
2017-06-16,2017-06-15,300037,11.88274559157273,11.70453061578381,11.83557103915801
2017-06-16,2017-06-15,300097,26.90386169870483,26.8839255284946,26.66462765618208
2017-06-16,2017-06-15,300174,29.53158899039244,29.60056500738702,29.46261297339786
2017-06-16,2017-06-15,300194,7.032015120192844,7.032015120192844,6.992564824988396
2017-06-16,2017-06-15,300230,7.383901343304077,7.356804457640575,7.352288310029993
2017-06-16,2017-06-15,300253,6.228682616634416,6.182995458077194,6.182995458077194
2017-06-16,2017-06-15,300296,11.83231536773085,11.83231536773085,11.84489624531482
2017-06-16,2017-06-15,300303,4.090931413217473,4.100145222706701,4.072503794239016
2017-06-16,2017-06-15,300317,14.35297698030284,14.35297698030284,14.23328571986946
2017-06-16,2017-06-15,300339,13.28139488440957,13.25143685083571,13.23146482845314
2017-06-16,2017-06-15,300400,13.29008133774934,13.36110381650818,13.30783695743905
2017-06-16,2017-06-15,300458,8.967757261801697,9.09235381798633,9.057211199575281
2017-06-16,2017-06-15,300502,4.773362792433518,4.746241412931055,4.672109642290989
2017-06-16,2017-06-15,300503,19.1127959479402,18.93691132265241,18.76102669736461
2017-06-16,2017-06-15,600172,8.34,8.34,8.359999999999999
2017-06-16,2017-06-15,600816,8.827713178294573,8.819738730979042,8.915432098765432
2017-06-19,2017-06-16,000070,9.608212326117158,9.575335637233952,9.657527359441968
2017-06-19,2017-06-16,000591,4.452033130508349,4.43575513003117,4.460172130746939
2017-06-19,2017-06-16,002131,3.559168588816318,3.549282009402939,3.549282009402939
2017-06-19,2017-06-16,002149,11.68215395774413,11.67246726292013,11.94369471799214
2017-06-19,2017-06-16,002206,6.403959359846255,6.439835882870603,6.493650667407127
2017-06-19,2017-06-16,002281,21.23247347079395,21.33059026132442,21.45814208901403
2017-06-19,2017-06-16,002519,8.183,8.1046,8.3398
2017-06-19,2017-06-16,002537,11.85011335903499,11.80073788670568,11.85011335903499
2017-06-19,2017-06-16,002580,7.607334334897642,7.617150250168478,7.58770250435597
2017-06-19,2017-06-16,002589,14.93789433210178,14.97682044111052,14.90869975034523
2017-06-19,2017-06-16,002607,4.123200830964116,4.132424993896922,4.132424993896922
2017-06-19,2017-06-16,002643,12.72149684977511,12.81108485575944,12.82900245695631
2017-06-19,2017-06-16,002649,10.04042831095688,10.0492357042121,10.0140061311912
2017-06-19,2017-06-16,002668,11.59657445147877,11.64250147900938,11.62527884368541
2017-06-19,2017-06-16,002765,11.71461649782923,11.59548480463097,11.73447178002894
2017-06-19,2017-06-16,300097,26.66462765618208,26.6147872306565,27.06335106038667
2017-06-19,2017-06-16,300174,29.26553863912764,29.17685518870605,29.36407580626275
2017-06-19,2017-06-16,300194,6.953114529783948,7.002427398789507,6.992564824988396
2017-06-19,2017-06-16,300210,10.16095487000788,10.00141092700481,10.0113824234425
2017-06-19,2017-06-16,300253,6.122079246667567,6.137308299519974,6.167766405224787
2017-06-19,2017-06-16,300260,7.446631685896178,7.386797537945223,7.359600197967516
2017-06-19,2017-06-16,300296,11.78828229618692,11.76312054101897,11.82602492893886
2017-06-19,2017-06-16,300303,4.118572841685158,4.090931413217473,4.100145222706701
2017-06-19,2017-06-16,300304,8.726877051949151,8.717452778674909,8.745725598497637
2017-06-19,2017-06-16,300400,13.38773724604275,13.66294935123329,13.76948306937156
2017-06-19,2017-06-16,300403,8.588548956136233,8.575164204516279,8.584087372262914
2017-06-19,2017-06-16,300471,15.45048705393631,15.70948941589785,15.72941267451027
2017-06-19,2017-06-16,300502,4.63413971098754,4.67572582622465,4.664877274423666
2017-06-19,2017-06-16,600337,5.138162510948176,5.147893879340123,5.206282089691807
2017-06-19,2017-06-16,600816,8.843662072925639,8.859610967556703,8.883534309503302
2017-06-19,2017-06-16,601888,25.69283662571474,25.15299426071575,25.33599167257982
2017-06-20,2017-06-19,000070,9.863006664962009,9.797253287195597,9.797253287195597
2017-06-20,2017-06-19,000591,4.460172130746939,4.460172130746939,4.468311130985528
2017-06-20,2017-06-19,002131,3.569055168229696,3.598714906469833,3.598714906469833
2017-06-20,2017-06-19,002149,11.69184065256813,11.54654023020813,11.67246726292013
2017-06-20,2017-06-19,002206,6.529527190431476,6.538496321187562,6.529527190431476
2017-06-20,2017-06-19,002281,21.76230413965849,21.93891436261334,21.79173917681764
2017-06-20,2017-06-19,002519,8.4476,8.4084,8.418200000000001
2017-06-20,2017-06-19,002537,11.94886430369362,11.93898920922775,11.92911411476189
2017-06-20,2017-06-19,002580,7.607334334897642,7.646597995980985,7.666229826522655
2017-06-20,2017-06-19,002589,14.73353225980593,14.76272684156248,14.79192142331903
2017-06-20,2017-06-19,002607,4.196994134426561,4.206218297359366,4.196994134426561
2017-06-20,2017-06-19,002643,12.90963166234221,12.99026086772811,12.89171406114534
2017-06-20,2017-06-19,002649,9.943546985149396,10.04042831095688,10.12850224350913
2017-06-20,2017-06-19,002668,11.55638830238949,11.59083357303745,11.5793518161548
2017-06-20,2017-06-19,002765,11.67490593342981,11.72454413892909,11.70468885672938
2017-06-20,2017-06-19,300097,27.02347871996621,27.27268084759408,27.14309574122759
2017-06-20,2017-06-19,300174,29.26553863912764,29.41334438983031,29.32466093940871
2017-06-20,2017-06-19,300194,6.992564824988396,7.002427398789507,7.041877693993955
2017-06-20,2017-06-19,300210,9.841866984001742,9.921638955503276,9.851838480439437
2017-06-20,2017-06-19,300253,6.137308299519974,6.144922825946177,6.175380931650991
2017-06-20,2017-06-19,300260,7.305205518012102,7.408555409927389,7.506465833847135
2017-06-20,2017-06-19,300296,11.87634843927477,11.87634843927477,12.10909467457835
2017-06-20,2017-06-19,300303,4.146214270152845,4.146214270152845,4.155428079642072
2017-06-20,2017-06-19,300304,8.745725598497637,8.802271238143097,8.764574145046126
2017-06-20,2017-06-19,300400,13.50314877402588,13.55641563309501,13.60968249216415
2017-06-20,2017-06-19,300403,8.530548365783105,8.593010540009551,8.548394701276376
2017-06-20,2017-06-19,300471,15.64971964006057,15.56006497630465,15.4405254246301
2017-06-20,2017-06-19,300502,4.650412538689018,4.742625228997394,4.719120033428593
2017-06-20,2017-06-19,600337,5.206282089691807,5.206282089691807,5.196550721299859
2017-06-20,2017-06-19,600816,8.859610967556703,8.891508756818835,8.939355440712031
2017-06-20,2017-06-19,601888,25.94903300232443,26.03138183766326,25.8575342963924
2017-06-21,2017-06-20,000070,9.920540870507622,9.904102526066019,9.936979214949226
2017-06-21,2017-06-20,000591,4.468311130985528,4.460172130746939,4.44389413026976
2017-06-21,2017-06-20,002131,3.559168588816318,3.539395429989561,3.529508850576182
2017-06-21,2017-06-20,002149,11.90494793869613,11.90494793869613,11.79839429563213
2017-06-21,2017-06-20,002206,6.502619798163214,6.520558059675388,6.520558059675388
2017-06-21,2017-06-20,002281,21.48757712617317,21.54644720049146,21.61512895386279
2017-06-21,2017-06-20,002519,8.300600000000001,8.33,8.379000000000001
2017-06-21,2017-06-20,002537,11.8204880756374,11.83036317010327,11.79086279223982
2017-06-21,2017-06-20,002580,7.774204894501848,7.784020809772684,7.842916301397698
2017-06-21,2017-06-20,002589,14.74326378705811,14.78218989606685,14.65568004178846
2017-06-21,2017-06-20,002607,4.335356578418645,4.335356578418645,4.344580741351451
2017-06-21,2017-06-20,002643,13.339654091067,13.24110728448424,13.19631328149207
2017-06-21,2017-06-20,002649,10.12850224350913,10.0140061311912,9.961161771659848
2017-06-21,2017-06-20,002668,11.6023153299201,11.61953796524408,11.56787005927214
2017-06-21,2017-06-20,002765,11.76425470332851,11.72454413892909,11.70468885672938
2017-06-21,2017-06-20,300097,26.41542552855421,26.50513829450024,26.23599999666214
2017-06-21,2017-06-20,300174,29.23597748898711,29.16700147199253,29.28524607255467
2017-06-21,2017-06-20,300194,7.022152546391731,7.01228997259062,6.992564824988396
2017-06-21,2017-06-20,300210,10.22078384863403,10.07121140206865,10.94870308858553
2017-06-21,2017-06-20,300253,6.137308299519974,6.129693773093771,6.175380931650991
2017-06-21,2017-06-20,300260,7.544542109815923,7.588057853780255,7.522784237833759
2017-06-21,2017-06-20,300296,12.1405468685383,12.20345125645818,12.10280423578636
2017-06-21,2017-06-20,300303,4.127786651174388,4.137000460663616,4.10935903219593
2017-06-21,2017-06-20,300304,8.585512952835504,8.547815859738533,8.576088679561261
2017-06-21,2017-06-20,300400,13.61856030200901,13.62743811185386,13.5386600134053
2017-06-21,2017-06-20,300403,8.450239856063391,8.454701439936706,8.387777681836944
2017-06-21,2017-06-20,300471,15.33094750226175,15.30106261434311,15.45048705393631
2017-06-21,2017-06-20,300502,4.641372078854864,4.71550384949493,4.637755894921202
2017-06-21,2017-06-20,600337,5.138162510948176,5.138162510948176,5.138162510948176
2017-06-21,2017-06-20,600816,9.114793281653746,9.362001148435256,9.274282227964399
2017-06-21,2017-06-20,601888,25.37259115495263,25.60133791978271,25.5738883080031
2017-06-22,2017-06-21,000070,9.821910803858001,9.698623220545977,9.706842392766779
2017-06-22,2017-06-21,000591,4.395060128838225,4.395060128838225,4.403199129076813
2017-06-22,2017-06-21,002131,3.549282009402939,3.539395429989561,3.529508850576182
2017-06-22,2017-06-21,002149,11.83714107492814,11.75964751633613,11.69184065256813
2017-06-22,2017-06-21,002206,6.493650667407127,6.502619798163214,6.493650667407127
2017-06-22,2017-06-21,002281,21.62494063291583,21.58569391670364,21.48757712617317
2017-06-22,2017-06-21,002519,8.202599999999999,8.084999999999999,8.153600000000001
2017-06-22,2017-06-21,002537,11.83036317010327,11.80073788670568,11.78098769777395
2017-06-22,2017-06-21,002580,7.813468555585191,7.764388979231012,7.774204894501848
2017-06-22,2017-06-21,002589,14.69460615079719,14.61675393277973,14.56809629651881
2017-06-22,2017-06-21,002607,4.307684089620229,4.280011600821811,4.280011600821811
2017-06-22,2017-06-21,002643,13.27694248687797,13.29486008807484,13.2052720820905
2017-06-22,2017-06-21,002649,10.06685049072255,10.04042831095688,10.02281352444643
2017-06-22,2017-06-21,002668,11.51620215330021,11.57361093771347,11.58509269459612
2017-06-22,2017-06-21,002765,11.88338639652677,11.77418234442836,11.76425470332851
2017-06-22,2017-06-21,300097,25.96686169882404,25.99676595413938,26.26590425197749
2017-06-22,2017-06-21,300174,29.23597748898711,29.21627005556009,29.12758660513849
2017-06-22,2017-06-21,300194,7.002427398789507,7.002427398789507,7.002427398789507
2017-06-22,2017-06-21,300210,10.70938717408093,10.43018527382556,10.44015677026325
2017-06-22,2017-06-21,300253,6.167766405224787,6.129693773093771,6.122079246667567
2017-06-22,2017-06-21,300260,7.555421045807007,7.571739449793631,7.49014742986051
2017-06-22,2017-06-21,300296,12.20974169525017,12.20345125645818,12.16570862370625
2017-06-22,2017-06-21,300303,4.118572841685158,4.118572841685158,4.137000460663616
2017-06-22,2017-06-21,300304,8.557240133012776,8.538391586464289,8.613785772658234
2017-06-22,2017-06-21,300400,13.43212629526703,13.82274992844069,14.08020641394151
2017-06-22,2017-06-21,300403,8.427931936696801,8.423470352823484,8.436855104443437
2017-06-22,2017-06-21,300471,15.24129283850584,15.2114079505872,15.22136957989341
2017-06-22,2017-06-21,300502,4.574472676082122,4.635947802954371,4.623291159186556
2017-06-22,2017-06-21,600337,5.118699774164281,5.099237037380386,5.108968405772334
2017-06-22,2017-06-21,600816,9.258333333333333,9.266307780648866,9.330103359173126
2017-06-22,2017-06-21,601888,26.15948002596811,26.30587795545936,26.35162730842537
2017-06-23,2017-06-22,000070,9.542458948350744,9.56711646501315,9.575335637233952
2017-06-23,2017-06-22,000591,4.281114125497973,4.272975125259384,4.272975125259384
2017-06-23,2017-06-22,002131,3.440529635855774,3.430643056442396,3.450416215269153
2017-06-23,2017-06-22,002149,11.39155311302413,11.39155311302413,11.35280633372813
2017-06-23,2017-06-22,002206,6.628187628748434,6.520558059675388,6.520558059675388
2017-06-23,2017-06-22,002281,21.34040194037746,21.25209682890004,21.4090836937488
2017-06-23,2017-06-22,002519,7.938,7.977200000000001,7.928199999999999
2017-06-23,2017-06-22,002537,11.72173713097878,11.69211184758119,11.68223675311533
2017-06-23,2017-06-22,002580,7.518991097460121,7.597518419626806,7.617150250168478
2017-06-23,2017-06-22,002589,14.26641895170112,14.19829826093583,14.37346575147514
2017-06-23,2017-06-22,002607,4.32613241548584,4.298459926687423,4.307684089620229
2017-06-23,2017-06-22,002643,12.84692005815318,12.76629085276728,12.77524965336571
2017-06-23,2017-06-22,002649,10.07565788397778,9.952354378404623,9.934739591894171
2017-06-23,2017-06-22,002668,11.41860721979766,11.30953052941247,11.37268019226705
2017-06-23,2017-06-22,002765,11.1884515195369,11.07924746743849,11.1884515195369
2017-06-23,2017-06-22,300097,25.96686169882404,25.96686169882404,25.95689361371893
2017-06-23,2017-06-22,300174,28.98963457114934,28.88124368730071,29.28524607255467
2017-06-23,2017-06-22,300194,6.874213939375052,6.854488791772828,6.854488791772828
2017-06-23,2017-06-22,300210,10.17092636644557,10.22078384863403,10.36038479876171
2017-06-23,2017-06-22,300253,6.015475876700719,6.015475876700719,6.015475876700719
2017-06-23,2017-06-22,300260,7.234492434070065,7.239931902065606,7.212734562087898
2017-06-23,2017-06-22,300296,12.05877116424244,11.87634843927477,11.9140910720267
2017-06-23,2017-06-22,300303,4.04486236577133,4.026434746792873,3.998793318325188
2017-06-23,2017-06-22,300304,8.246239114962751,8.293360481333968,8.340481847705183
2017-06-23,2017-06-22,300400,13.52090439371559,13.24569228852506,13.38773724604275
2017-06-23,2017-06-22,300403,8.14239056880448,8.14239056880448,8.182544823664339
2017-06-23,2017-06-22,300471,15.061983510994,15.12175328683128,15.13171491613749
2017-06-23,2017-06-22,300502,4.453330514304453,4.527462284944519,4.487684261674239
2017-06-23,2017-06-22,600337,5.031117458636755,5.021386090244809,5.001923353460914
2017-06-23,2017-06-22,600816,9.680979041056561,9.569336778639105,9.593260120585702
2017-06-23,2017-06-22,601888,25.88498390817201,25.75688571986716,25.61963766096911
2017-06-26,2017-06-23,000070,9.591773981675555,9.657527359441968,9.789034114974795
2017-06-26,2017-06-23,000591,4.264836125020795,4.256697124782206,4.248558124543616
2017-06-26,2017-06-23,000963,25.8307534145547,25.79985538415452,25.8307534145547
2017-06-26,2017-06-23,002088,6.242673941488364,6.19859504340195,6.149006283054734
2017-06-26,2017-06-23,002131,3.391096738788881,3.410869897615638,3.400983318202259
2017-06-26,2017-06-23,002149,11.25593938548813,11.23656599584013,11.07189218383213
2017-06-26,2017-06-23,002169,7.367892371342128,7.348400592581964,7.426367707622621
2017-06-26,2017-06-23,002185,6.197052539940633,6.205817819346489,6.197052539940633
2017-06-26,2017-06-23,002281,21.23247347079395,21.25209682890004,21.3894603356427
2017-06-26,2017-06-23,002438,8.12004826130279,8.110484011289477,8.06266276122291
2017-06-26,2017-06-23,002519,7.8302,7.7812,7.7812
2017-06-26,2017-06-23,002537,11.94886430369362,12.00811487048879,11.9784895870912
2017-06-26,2017-06-23,002572,31.8921893957902,32.15516846876898,32.19501378285668
2017-06-26,2017-06-23,002589,14.20802978818802,14.26641895170112,14.24695589719675
2017-06-26,2017-06-23,002643,12.99026086772811,12.95442566533437,13.01713726952341
2017-06-26,2017-06-23,002662,6.465049491699116,6.438186405168511,6.384460232107299
2017-06-26,2017-06-23,002668,11.41860721979766,11.32101228629512,11.29804877252982
2017-06-26,2017-06-23,300008,8.303300505833814,8.283459883358704,8.333061439546482
2017-06-26,2017-06-23,300097,26.05657446477007,26.23599999666214,25.91702127329847
2017-06-26,2017-06-23,300145,10.11322337602773,10.05832650607342,10.00952928833626
2017-06-26,2017-06-23,300174,29.09802545499796,29.83705420851128,29.56115014053297
2017-06-26,2017-06-23,300194,6.795313348966156,6.795313348966156,6.775588201363932
2017-06-26,2017-06-23,300210,10.2506983379471,10.1310403806948,10.37035629519941
2017-06-26,2017-06-23,300260,7.245371370061148,7.21817403008344,7.169218818123567
2017-06-26,2017-06-23,300296,12.04619028665846,12.07135204182642,12.00215721511454
2017-06-26,2017-06-23,300317,14.17344008965277,14.06372310092217,14.07369737262495
2017-06-26,2017-06-23,300400,13.21018104914563,13.05925828178308,13.05038047193823
2017-06-26,2017-06-23,300403,8.05315889133813,8.021927804224907,8.088851562324669
2017-06-26,2017-06-23,300412,7.088646439117597,7.055444348067867,6.989040165968404
2017-06-26,2017-06-23,300503,17.77411852213866,17.68617620949477,17.63731936913705
2017-06-26,2017-06-23,600119,14.06855405359655,14.05864662116444,14.12799864818921
2017-06-26,2017-06-23,600172,8.09,8.07,8.06
2017-06-26,2017-06-23,600704,6.11520214956602,6.106601302660863,6.1582063840918
2017-06-26,2017-06-23,600879,8.024685276056335,8.014981908128819,8.141125691186536
2017-06-27,2017-06-26,000070,9.821910803858001,9.838349148299605,9.747938253870785
2017-06-27,2017-06-26,000591,4.31367012645233,4.297392125975152,4.305531126213742
2017-06-27,2017-06-26,000963,26.18608076415683,26.18608076415683,26.05733897082273
2017-06-27,2017-06-26,002088,6.242673941488364,6.231654216966761,6.253693666009967
2017-06-27,2017-06-26,002131,3.391096738788881,3.391096738788881,3.391096738788881
2017-06-27,2017-06-26,002149,11.43998658714413,11.57560031468013,11.40123980784813
2017-06-27,2017-06-26,002169,7.582301937703936,7.543318380183607,7.582301937703936
2017-06-27,2017-06-26,002185,6.407419245681191,6.451245642710475,6.433715083898761
2017-06-27,2017-06-26,002281,22.11552458556819,22.09590122746209,22.13514794367428
2017-06-27,2017-06-26,002438,8.129612511316102,8.167869511369354,8.196562261409294
2017-06-27,2017-06-26,002519,7.859599999999999,7.889,7.879199999999999
2017-06-27,2017-06-26,002537,11.90936392583017,11.92911411476189,12.02786505942052
2017-06-27,2017-06-26,002572,32.66518848909146,32.65721942627393,32.60143598655115
2017-06-27,2017-06-26,002589,14.60702240552754,14.69460615079719,14.62648546003191
2017-06-27,2017-06-26,002643,13.11568407610617,13.14256047790147,13.19631328149207
2017-06-27,2017-06-26,002662,6.482958216052854,6.465049491699116,6.465049491699116
2017-06-27,2017-06-26,002668,11.48749776109358,11.38990282759103,11.41860721979766
2017-06-27,2017-06-26,300008,8.303300505833814,8.382662995734258,8.392583306971813
2017-06-27,2017-06-26,300097,27.02347871996621,27.11319148591224,27.26271276248896
2017-06-27,2017-06-26,300145,10.32671120362784,10.34501016027928,10.29621294254211
2017-06-27,2017-06-26,300174,29.48232040682489,29.26553863912764,29.36407580626275
2017-06-27,2017-06-26,300194,6.923526808380611,6.923526808380611,6.943251955982835
2017-06-27,2017-06-26,300210,10.33047030944864,10.22078384863403,10.19086935932095
2017-06-27,2017-06-26,300260,7.239931902065606,7.272568710038853,7.283447646029937
2017-06-27,2017-06-26,300296,12.01473809269852,12.07764248061841,12.03360940907448
2017-06-27,2017-06-26,300317,14.8616648371447,14.72202503330576,14.78187066352245
2017-06-27,2017-06-26,300400,13.31671476728391,13.70733840045757,13.62743811185386
2017-06-27,2017-06-26,300403,8.21377591077756,8.204852743030926,8.200391159157608
2017-06-27,2017-06-26,300412,7.177185348583548,7.188252712266791,7.210387439633278
2017-06-27,2017-06-26,300503,17.77411852213866,17.77411852213866,17.96954588356954
2017-06-27,2017-06-26,600119,14.32614729683142,14.4054067562883,14.43512905358463
2017-06-27,2017-06-26,600172,8.140000000000001,8.300000000000001,8.33
2017-06-27,2017-06-26,600704,6.227013159333049,6.201210618617581,6.227013159333049
2017-06-27,2017-06-26,600879,8.13142232325902,8.21875263460667,8.238159370461704
2017-06-28,2017-06-27,000070,9.780814942753993,9.723280737208382,9.641089015000365
2017-06-28,2017-06-27,000591,4.289253125736563,4.264836125020795,4.240419124305027
2017-06-28,2017-06-27,000963,25.8307534145547,25.64536523215359,25.65051490388696
2017-06-28,2017-06-27,002088,6.297772564096381,6.26471339053157,6.407969809312417
2017-06-28,2017-06-27,002131,3.381210159375502,3.371323579962124,3.351550421135366
2017-06-28,2017-06-27,002149,11.21719260619213,11.11063896312813,11.18813252172013
2017-06-28,2017-06-27,002169,7.543318380183607,7.436113597002703,7.406875928862457
2017-06-28,2017-06-27,002185,6.363592848651908,6.337297010434339,6.311001172216769
2017-06-28,2017-06-27,002281,21.99778443693162,22.12533626462124,22.19401801799257
2017-06-28,2017-06-27,002438,8.129612511316102,8.091355511262851,8.100919761276163
2017-06-28,2017-06-27,002519,7.8204,7.84,7.84
2017-06-28,2017-06-27,002537,12.03774015388638,12.00811487048879,11.96861449262534
2017-06-28,2017-06-27,002572,32.673157551909,32.5297144211933,32.37830222766007
2017-06-28,2017-06-27,002589,14.82111600507558,14.70433767804938,14.79192142331903
2017-06-28,2017-06-27,002643,13.0977664749093,13.04401367131871,13.10672527550774
2017-06-28,2017-06-27,002662,6.518775664760328,6.465049491699116,6.447140767345379
2017-06-28,2017-06-27,002668,11.3611984353844,11.25786262344053,11.26360350188186
2017-06-28,2017-06-27,300008,8.442184863159589,8.392583306971813,8.313220817071372
2017-06-28,2017-06-27,300097,27.31255318801454,27.34245744332988,27.67140425179867
2017-06-28,2017-06-27,300145,10.32061155141069,,
2017-06-28,2017-06-27,300174,29.48232040682489,29.51188155696542,29.2261237722736
2017-06-28,2017-06-27,300194,6.893939086977276,6.775588201363932,6.775588201363932
2017-06-28,2017-06-27,300210,10.12106888425711,9.981467934129427,9.931610451940969
2017-06-28,2017-06-27,300260,7.234492434070065,7.185537222110192,7.114824138168153
2017-06-28,2017-06-27,300296,11.88892931685874,11.83860580652284,11.81344405135488
2017-06-28,2017-06-27,300317,14.63225658798073,14.64223085968351,14.68212794649464
2017-06-28,2017-06-27,300400,13.60080468231929,13.36110381650818,13.24569228852506
2017-06-28,2017-06-27,300403,8.115621065564575,7.990696717111684,8.030850971971542
2017-06-28,2017-06-27,300412,7.182719030425169,7.121848530167328,7.00564121149327
2017-06-28,2017-06-27,300503,18.37017197450285,18.2040587172866,18.63399891243454
2017-06-28,2017-06-27,600119,14.53420337790573,15.29707567517822,14.9899452697828
2017-06-28,2017-06-27,600172,8.300000000000001,8.289999999999999,8.23
2017-06-28,2017-06-27,600704,6.192609771712425,6.166807230996956,6.166807230996956
2017-06-28,2017-06-27,600879,8.383709889374455,8.315786313881837,8.315786313881837
2017-06-29,2017-06-28,000070,9.698623220545977,9.715061564987581,9.715061564987581
2017-06-29,2017-06-28,000591,4.224141123827849,4.240419124305027,4.240419124305027
2017-06-29,2017-06-28,000963,25.39303131721875,25.56812015615313,25.40333066068547
2017-06-29,2017-06-28,002088,6.435519120616425,6.479598018702839,6.474088156442036
2017-06-29,2017-06-28,002131,3.252684627001579,3.262571206414958,3.272457785828337
2017-06-29,2017-06-28,002149,11.01377201488813,11.03314540453613,11.17844582689613
2017-06-29,2017-06-28,002169,7.358146481962046,7.387384150102292,7.436113597002703
2017-06-29,2017-06-28,002185,6.328531731028481,6.311001172216769,6.311001172216769
2017-06-29,2017-06-28,002281,21.9094793254542,21.86042093018897,21.93891436261334
2017-06-29,2017-06-28,002438,8.005277261143032,8.024405761169659,8.06266276122291
2017-06-29,2017-06-28,002519,7.683199999999999,7.7518,7.7616
2017-06-29,2017-06-28,002537,11.98836468155707,11.98836468155707,12.01798996495465
2017-06-29,2017-06-28,002572,31.98781814960067,32.15516846876898,31.9957872124182
2017-06-29,2017-06-28,002589,14.67514309629283,14.73353225980593,14.91843127759742
2017-06-29,2017-06-28,002643,13.16047807909834,13.17839568029521,13.25006608508267
2017-06-29,2017-06-28,002662,6.339688421222956,6.37550586993043,6.402368956461037
2017-06-29,2017-06-28,002668,11.36693931382573,11.32675316473645,11.34397580006043
2017-06-29,2017-06-28,300008,8.214017704695816,8.243778638408484,8.283459883358704
2017-06-29,2017-06-28,300097,27.34245744332988,27.4222021241708,27.76111701774471
2017-06-29,2017-06-28,300145,,,
2017-06-29,2017-06-28,300174,29.3148072226952,29.137440321852,29.27539235584116
2017-06-29,2017-06-28,300194,6.76572562756282,6.81503849656838,6.844626217971716
2017-06-29,2017-06-28,300210,9.871781473314819,9.901695962627894,9.971496437691735
2017-06-29,2017-06-28,300260,7.152900414136943,7.125703074159236,7.147460946141402
2017-06-29,2017-06-28,300296,11.73166834705903,11.73166834705903,11.76312054101897
2017-06-29,2017-06-28,300317,14.54248814265569,14.66217940308907,14.60233377287238
2017-06-29,2017-06-28,300400,13.21018104914563,13.28120352790448,13.36110381650818
2017-06-29,2017-06-28,300403,7.941619294505192,8.008543052604955,8.044235723591495
2017-06-29,2017-06-28,300412,7.00564121149327,7.038843302543001,7.016708575176513
2017-06-29,2017-06-28,300503,18.25291555764432,18.2040587172866,18.16497324500043
2017-06-29,2017-06-28,600119,14.82151891843693,14.6927222968195,14.58374054006628
2017-06-29,2017-06-28,600172,8.199999999999999,8.210000000000001,8.25
2017-06-29,2017-06-28,600704,6.123802996471175,6.123802996471175,6.149605537186644
2017-06-29,2017-06-28,600879,8.286676210099285,8.325489681809353,8.344896417664387
2017-06-30,2017-06-29,000070,9.665746531662769,9.690404048325174,9.665746531662769
2017-06-30,2017-06-29,000591,4.232280124066438,4.20786312335067,4.20786312335067
2017-06-30,2017-06-29,000963,25.50632409535276,25.34668427161847,25.47027639321921
2017-06-30,2017-06-29,002088,6.452048707398831,6.446538845138027,6.48510788096364
2017-06-30,2017-06-29,002131,3.262571206414958,3.242798047588201,3.252684627001579
2017-06-30,2017-06-29,002149,11.19781921654413,11.09126557348013,11.08157887865613
2017-06-30,2017-06-29,002169,7.37763826072221,7.319162924441717,7.299671145681553
2017-06-30,2017-06-29,002185,6.311001172216769,6.389888686869479,6.328531731028481
2017-06-30,2017-06-29,002281,22.05665451124991,21.97816107882553,22.02721947409076
2017-06-30,2017-06-29,002438,8.014841511156346,8.014841511156346,7.995713011129719
2017-06-30,2017-06-29,002519,7.683199999999999,7.722399999999999,7.7126
2017-06-30,2017-06-29,002537,12.02786505942052,12.01798996495465,12.00811487048879
2017-06-30,2017-06-29,002572,31.97984908678313,31.74077720225696,31.95594189833052
2017-06-30,2017-06-29,002589,15.07413571363236,15.05467265912799,15.0449411318758
2017-06-30,2017-06-29,002643,13.3934068946576,13.339654091067,13.2859012874764
2017-06-30,2017-06-29,002662,6.402368956461037,6.366551507753562,6.357597145576693
2017-06-30,2017-06-29,002668,11.34397580006043,11.28656701564716,11.29230789408849
2017-06-30,2017-06-29,300008,8.29338019459626,8.214017704695816,8.194177082220707
2017-06-30,2017-06-29,300097,27.61159574116798,27.43217020927591,27.37236169864522
2017-06-30,2017-06-29,300145,,,
2017-06-30,2017-06-29,300174,29.2261237722736,29.20641633884658,29.3148072226952
2017-06-30,2017-06-29,300194,6.824901070369492,6.824901070369492,6.81503849656838
2017-06-30,2017-06-29,300210,9.792009501813284,9.722209026749443,9.672351544560984
2017-06-30,2017-06-29,300260,7.147460946141402,7.098505734181529,7.109384670172612
2017-06-30,2017-06-29,300296,11.71279703068306,11.70650659189107,11.75053966343499
2017-06-30,2017-06-29,300317,14.51256532754735,14.30310562178893,14.3729255237084
2017-06-30,2017-06-29,300400,13.31671476728391,13.36110381650818,13.50314877402588
2017-06-30,2017-06-29,300403,8.187006407537655,8.129005817184527,8.075466810704718
2017-06-30,2017-06-29,300412,7.083112757275976,7.083112757275976,7.044376984384622
2017-06-30,2017-06-29,300503,17.91091767514028,17.89137493899719,17.83274673056793
2017-06-30,2017-06-29,600119,14.75216689141216,14.6035554049305,14.61346283736261
2017-06-30,2017-06-29,600172,8.23,,
2017-06-30,2017-06-29,600704,6.27001739385883,6.252815700048517,6.278618240763986
2017-06-30,2017-06-29,600879,8.519557040359688,8.42252336108452,8.461336832794588
2017-07-03,2017-06-30,000797,5.867233095762935,5.885998233595865,5.848467957930004
2017-07-03,2017-06-30,000963,25.59386851481995,25.51662343881949,25.78955604068779
2017-07-03,2017-06-30,002130,6.154905293852922,6.164477463827811,6.174049633802698
2017-07-03,2017-06-30,002131,3.252684627001579,3.32189068289523,3.302117524068473
2017-07-03,2017-06-30,002149,11.06220548900813,11.01377201488813,10.99439862524012
2017-07-03,2017-06-30,002206,6.664064151772783,6.637156759504522,6.565403713455824
2017-07-03,2017-06-30,002241,19.15932881557628,19.07982952588509,18.80158201196594
2017-07-03,2017-06-30,002277,6.289253339999495,6.308754900743678,6.279502559627402
2017-07-03,2017-06-30,002281,21.80155085587068,21.30115522416528,21.17360339647566
2017-07-03,2017-06-30,002438,8.043534261196285,8.081791261249537,8.110484011289477
2017-07-03,2017-06-30,002519,7.7126,7.928199999999999,7.9674
2017-07-03,2017-06-30,002537,12.02786505942052,12.03774015388638,12.19574166534018
2017-07-03,2017-06-30,002572,32.673157551909,32.66518848909146,33.0636416299684
2017-07-03,2017-06-30,002580,7.842916301397698,7.862548131939369,7.833100386126863
2017-07-03,2017-06-30,002607,4.215442460292173,4.233890786157783,4.233890786157783
2017-07-03,2017-06-30,002662,6.447140767345379,6.456095129522248,6.429232042991642
2017-07-03,2017-06-30,002702,8.110100719609338,8.129714022437899,8.110100719609338
2017-07-03,2017-06-30,002706,5.449079847860215,5.458253382957623,5.481187220701142
2017-07-03,2017-06-30,300008,8.204097393458261,8.114814592320263,8.094973969845153
2017-07-03,2017-06-30,300054,10.07097514157296,10.04126725029989,10.01155935902681
2017-07-03,2017-06-30,300145,,,
2017-07-03,2017-06-30,300174,29.29509978926818,29.29509978926818,29.26553863912764
2017-07-03,2017-06-30,300194,6.854488791772828,6.874213939375052,6.834763644170604
2017-07-03,2017-06-30,300210,9.672351544560984,9.71223753031175,9.672351544560984
2017-07-03,2017-06-30,300296,11.82602492893886,11.97699545994659,12.12796599095432
2017-07-03,2017-06-30,300303,3.989579508835959,4.008007127814416,3.989579508835959
2017-07-03,2017-06-30,300376,8.594728748402268,8.547348766327282,8.585252751987271
2017-07-03,2017-06-30,300400,13.24569228852506,13.33447038697362,13.42324848542217
2017-07-03,2017-06-30,300403,8.111159481691258,8.146852152677798,8.14239056880448
2017-07-03,2017-06-30,300443,20.15735386927762,20.23263810408351,20.18558545732983
2017-07-03,2017-06-30,600172,,,
2017-07-03,2017-06-30,600337,5.498223141450226,5.614999562153593,5.634462298937488
2017-07-03,2017-06-30,600420,15.69,15.81,15.77
2017-07-03,2017-06-30,600604,7.0919248910412,7.151437547469517,7.161356323540903
2017-07-04,2017-07-03,000797,5.979823922760517,5.961058784927586,5.923528509261726
2017-07-04,2017-07-03,000963,25.71231096468733,25.4290790193523,25.24369083695119
2017-07-04,2017-07-03,002130,6.183621803777586,6.164477463827811,6.183621803777586
2017-07-04,2017-07-03,002131,3.331777262308609,3.312004103481851,3.331777262308609
2017-07-04,2017-07-03,002149,11.13969904760013,11.21719260619213,11.17844582689613
2017-07-04,2017-07-03,002206,6.628187628748434,6.726848067065394,6.70890980555322
2017-07-04,2017-07-03,002241,18.13577546080224,18.18546251685923,18.27489921776182
2017-07-04,2017-07-03,002277,6.35750880260414,6.338007241859955,6.308754900743678
2017-07-04,2017-07-03,002281,21.48757712617317,21.47776544712013,21.36983697753661
2017-07-04,2017-07-03,002438,8.100919761276163,8.110484011289477,8.100919761276163
2017-07-04,2017-07-03,002519,7.947799999999999,7.8988,7.8988
2017-07-04,2017-07-03,002537,12.18586657087432,12.20561675980604,12.24511713766949
2017-07-04,2017-07-03,002572,32.15516846876898,32.16313753158652,31.91609658424282
2017-07-04,2017-07-03,002580,7.921443623564383,7.911627708293548,7.931259538835219
2017-07-04,2017-07-03,002607,4.298459926687423,4.307684089620229,4.353804904284257
2017-07-04,2017-07-03,002662,6.536684389114065,6.50086694040659,6.536684389114065
2017-07-04,2017-07-03,002702,8.110100719609338,8.0806807653665,8.09048741678078
2017-07-04,2017-07-03,002706,5.472013685603734,5.481187220701142,5.444493080311511
2017-07-04,2017-07-03,300008,8.233858327170928,8.204097393458261,8.204097393458261
2017-07-04,2017-07-03,300054,10.17990407624091,10.13039092411912,10.1105856632704
2017-07-04,2017-07-03,300145,,,
2017-07-04,2017-07-03,300174,29.34436837283573,28.99948828786285,28.97978085443583
2017-07-04,2017-07-03,300194,6.972839677386172,7.002427398789507,6.972839677386172
2017-07-04,2017-07-03,300210,9.682323040998677,9.772066508937902,9.732180523187134
2017-07-04,2017-07-03,300296,12.1405468685383,12.20974169525017,12.16570862370625
2017-07-04,2017-07-03,300303,4.054076175260559,4.054076175260559,4.054076175260559
2017-07-04,2017-07-03,300376,8.575776755572274,8.632632734062256,8.77477268028721
2017-07-04,2017-07-03,300400,13.55641563309501,13.680704970923,13.64519373154357
2017-07-04,2017-07-03,300403,8.169160072044384,8.17808323979102,8.097774730071304
2017-07-04,2017-07-03,300443,20.53377504330708,20.51495398460561,20.5620066313593
2017-07-04,2017-07-03,600172,,,
2017-07-04,2017-07-03,600337,5.848552403560329,5.751238719640856,5.780432824816698
2017-07-04,2017-07-03,600420,16.23,16.06,16.12
2017-07-04,2017-07-03,600604,7.141518771398131,7.121681219255358,7.121681219255358
2017-07-05,2017-07-04,000797,5.942293647094656,5.917273463317416,5.885998233595865
2017-07-05,2017-07-04,000963,25.51662343881949,25.43937836281902,25.45482737801912
2017-07-05,2017-07-04,002130,6.193193973752474,6.183621803777586,6.174049633802698
2017-07-05,2017-07-04,002131,3.331777262308609,3.32189068289523,3.302117524068473
2017-07-05,2017-07-04,002149,11.13001235277613,11.03314540453613,11.05251879418413
2017-07-05,2017-07-04,002206,6.664064151772783,6.637156759504522,6.664064151772783
2017-07-05,2017-07-04,002241,18.20533733928202,18.14571287201364,18.30471145139601
2017-07-05,2017-07-04,002277,6.299004120371587,6.299004120371587,6.299004120371587
2017-07-05,2017-07-04,002281,21.34040194037746,21.32077858227137,21.3894603356427
2017-07-05,2017-07-04,002438,8.139176761329415,8.139176761329415,8.100919761276163
2017-07-05,2017-07-04,002519,7.869399999999999,7.8204,7.8106
2017-07-05,2017-07-04,002537,12.17599147640845,12.26486732660122,12.36361827125984
2017-07-05,2017-07-04,002572,31.55748875745357,31.3582621870151,31.74077720225696
2017-07-05,2017-07-04,002580,7.872364047210204,7.833100386126863,7.852732216668533
2017-07-05,2017-07-04,002607,4.316908252553034,4.289235763754617,4.280011600821811
2017-07-05,2017-07-04,002662,6.536684389114065,6.527730026937197,6.536684389114065
2017-07-05,2017-07-04,002702,8.061067462537942,8.04145415970938,8.10029406819506
2017-07-05,2017-07-04,002706,5.458253382957623,5.4307327776654,5.444493080311511
2017-07-05,2017-07-04,300008,8.223938015933372,8.223938015933372,8.214017704695816
2017-07-05,2017-07-04,300054,9.981851467753732,10.00165672860245,10.02146198945117
2017-07-05,2017-07-04,300145,,,
2017-07-05,2017-07-04,300174,29.06846430485743,29.02904943800338,28.87138997058721
2017-07-05,2017-07-04,300194,6.933389382181724,6.933389382181724,6.923526808380611
2017-07-05,2017-07-04,300210,9.6524085516856,9.612522565934833,9.672351544560984
2017-07-05,2017-07-04,300296,12.12796599095432,12.09022335820239,12.14683730733028
2017-07-05,2017-07-04,300303,4.026434746792873,4.017220937303644,4.017220937303644
2017-07-05,2017-07-04,300376,8.860056648022184,8.822152662362196,8.736868694627223
2017-07-05,2017-07-04,300400,13.49427096418102,13.54753782325016,13.73397182999213
2017-07-05,2017-07-04,300403,8.120082649437892,8.084389978451354,8.164698488171068
2017-07-05,2017-07-04,300443,20.34556445629235,20.43025922044898,20.43025922044898
2017-07-05,2017-07-04,600172,,,
2017-07-05,2017-07-04,600337,5.858283771952276,5.838821035168381,5.80962692999254
2017-07-05,2017-07-04,600420,16.1,16.09,16.08
2017-07-05,2017-07-04,600604,7.121681219255358,7.111762443183972,7.101843667112585
2017-07-06,2017-07-05,000797,5.898508325484485,5.904763371428795,5.885998233595865
2017-07-06,2017-07-05,000963,25.82560374282134,25.78955604068779,25.70716129295396
2017-07-06,2017-07-05,002130,6.193193973752474,6.202766143727362,6.231482653652026
2017-07-06,2017-07-05,002131,3.32189068289523,3.312004103481851,3.312004103481851
2017-07-06,2017-07-05,002149,11.13969904760013,11.13969904760013,11.13001235277613
2017-07-06,2017-07-05,002206,6.699940674797132,6.690971544041044,6.673033282528871
2017-07-06,2017-07-05,002241,18.57302155410377,18.64258343258356,18.69227048864055
2017-07-06,2017-07-05,002277,6.318505681115772,6.308754900743678,6.318505681115772
2017-07-06,2017-07-05,002281,21.36983697753661,21.36983697753661,21.37964865658966
2017-07-06,2017-07-05,002438,8.177433761382668,8.148741011342729,8.110484011289477
2017-07-06,2017-07-05,002519,7.8988,7.859599999999999,7.859599999999999
2017-07-06,2017-07-05,002537,12.54136997164536,12.55124506611123,12.60062053844054
2017-07-06,2017-07-05,002572,31.69296282535174,31.55748875745357,31.52561250618342
2017-07-06,2017-07-05,002580,7.901811793022713,7.911627708293548,7.921443623564383
2017-07-06,2017-07-05,002607,4.32613241548584,4.335356578418645,4.335356578418645
2017-07-06,2017-07-05,002662,6.563547475644671,6.563547475644671,6.563547475644671
2017-07-06,2017-07-05,002702,8.139520673852179,8.110100719609338,8.10029406819506
2017-07-06,2017-07-05,002706,5.472013685603734,5.46742691805503,5.453666615408919
2017-07-06,2017-07-05,300008,8.233858327170928,8.313220817071372,8.362822373259148
2017-07-06,2017-07-05,300054,10.02146198945117,10.00165672860245,10.02146198945117
2017-07-06,2017-07-05,300145,,,
2017-07-06,2017-07-05,300174,29.24583120570062,29.16700147199253,29.00934200457636
2017-07-06,2017-07-05,300194,6.962977103585059,6.962977103585059,6.953114529783948
2017-07-06,2017-07-05,300210,9.672351544560984,9.672351544560984,9.682323040998677
2017-07-06,2017-07-05,300296,12.10909467457835,12.04619028665846,12.03360940907448
2017-07-06,2017-07-05,300303,4.04486236577133,4.054076175260559,4.063289984749788
2017-07-06,2017-07-05,300376,8.755820687457216,8.651584726892251,8.651584726892251
2017-07-06,2017-07-05,300400,14.05357298440695,14.6483862440123,14.47970785696003
2017-07-06,2017-07-05,300403,8.352085010850404,8.334238675357133,8.307469172117228
2017-07-06,2017-07-05,300443,20.63729086616518,20.55259610200856,20.70316457162034
2017-07-06,2017-07-05,600172,,,
2017-07-06,2017-07-05,600337,5.760970088032803,5.731775982856961,5.712313246073067
2017-07-06,2017-07-05,600420,16.17,16.33,16.27
2017-07-06,2017-07-05,600604,7.141518771398131,7.141518771398131,7.121681219255358
2017-07-07,2017-07-06,000797,5.848467957930004,5.817192728208454,5.860978049818624
2017-07-07,2017-07-06,000963,25.69686194948723,25.46512672148585,25.39818098895211
2017-07-07,2017-07-06,002130,6.193193973752474,6.164477463827811,6.154905293852922
2017-07-07,2017-07-06,002131,3.351550421135366,3.381210159375502,3.391096738788881
2017-07-07,2017-07-06,002149,11.57560031468013,11.43998658714413,11.43029989232013
2017-07-07,2017-07-06,002206,6.565403713455824,6.592311105724085,6.547465451943649
2017-07-07,2017-07-06,002241,18.51339708683538,18.33452368503021,18.3842107410872
2017-07-07,2017-07-06,002277,6.279502559627402,6.35750880260414,6.367259582976232
2017-07-07,2017-07-06,002281,20.46716250465627,20.46716250465627,20.45735082560323
2017-07-07,2017-07-06,002438,8.12004826130279,8.110484011289477,8.100919761276163
2017-07-07,2017-07-06,002519,7.8302,7.8106,7.7812
2017-07-07,2017-07-06,002537,12.52161978271364,12.73887186096262,12.73887186096262
2017-07-07,2017-07-06,002572,31.57342688308865,31.54951969463604,31.59733407154127
2017-07-07,2017-07-06,002580,8.019602776272739,7.960707284647725,7.960707284647725
2017-07-07,2017-07-06,002607,4.344580741351451,4.316908252553034,4.307684089620229
2017-07-07,2017-07-06,002662,6.590410562175276,6.581456199998407,6.518775664760328
2017-07-07,2017-07-06,002702,8.021840856880821,8.04145415970938,8.031647508295102
2017-07-07,2017-07-06,002706,5.449079847860215,5.426146010116695,5.444493080311511
2017-07-07,2017-07-06,300008,8.481866108109813,8.412423929446925,8.352902062021592
2017-07-07,2017-07-06,300054,10.05116988072425,10.07097514157296,10.00165672860245
2017-07-07,2017-07-06,300145,,,
2017-07-07,2017-07-06,300174,29.03890315471689,28.71373050317103,28.74329165331156
2017-07-07,2017-07-06,300194,6.893939086977276,6.874213939375052,6.903801660778388
2017-07-07,2017-07-06,300210,9.562665083746374,9.552693587308683,9.522779097995608
2017-07-07,2017-07-06,300296,11.87634843927477,11.88263887806676,11.88263887806676
2017-07-07,2017-07-06,300303,4.072503794239016,4.054076175260559,4.04486236577133
2017-07-07,2017-07-06,300376,8.680012716137242,8.632632734062256,8.566300759157276
2017-07-07,2017-07-06,300400,14.19561794192464,14.47083004711518,14.37317413882176
2017-07-07,2017-07-06,300403,8.209314326904243,8.195929575284291,8.191467991410972
2017-07-07,2017-07-06,300443,20.45849080850119,20.51495398460561,20.42084869109824
2017-07-07,2017-07-06,600172,,,
2017-07-07,2017-07-06,600337,5.790164193208645,5.780432824816698,5.780432824816698
2017-07-07,2017-07-06,600420,16.29,16.29,16.25
2017-07-07,2017-07-06,600604,7.062168562827041,7.062168562827041,7.062168562827041
2017-07-10,2017-07-07,000055,6.950074600091345,6.921898621982867,6.978250578199823
2017-07-10,2017-07-07,000070,9.205472887297875,9.22191123173948,9.213692059518678
2017-07-10,2017-07-07,000591,4.574118134087189,4.525284132655653,4.525284132655653
2017-07-10,2017-07-07,000900,6.04,6.04,6.03
2017-07-10,2017-07-07,002130,6.193193973752474,6.164477463827811,6.154905293852922
2017-07-10,2017-07-07,002149,11.74996082151213,11.96306810764014,12.07930844552814
2017-07-10,2017-07-07,002206,6.538496321187562,6.529527190431476,6.493650667407127
2017-07-10,2017-07-07,002277,6.367259582976232,6.308754900743678,6.289253339999495
2017-07-10,2017-07-07,002366,24.39876366654679,24.20199944342948,24.13313196533842
2017-07-10,2017-07-07,002537,12.63024582183813,12.64012091630399,12.59074544397468
2017-07-10,2017-07-07,002589,14.78218989606685,14.78218989606685,14.8113844778234
2017-07-10,2017-07-07,002607,4.307684089620229,4.298459926687423,4.298459926687423
2017-07-10,2017-07-07,002643,13.72488251679963,13.65321211201216,13.73384131739806
2017-07-10,2017-07-07,002649,10.20776878280616,9.987583951425524,9.855473052597144
2017-07-10,2017-07-07,002668,11.42434809823899,11.32101228629512,11.32101228629512
2017-07-10,2017-07-07,002765,10.94026049204052,10.91047756874095,10.93033285094066
2017-07-10,2017-07-07,300008,8.511627041822477,8.719953577811138,8.670352021623362
2017-07-10,2017-07-07,300037,13.39757288577851,13.27701569627425,13.44474743819323
2017-07-10,2017-07-07,300097,29.28623403882726,,
2017-07-10,2017-07-07,300145,,,
2017-07-10,2017-07-07,300174,28.87138997058721,28.65460820288996,28.65460820288996
2017-07-10,2017-07-07,300194,6.943251955982835,6.953114529783948,6.972839677386172
2017-07-10,2017-07-07,300253,6.000246823848312,5.954559665291091,5.954559665291091
2017-07-10,2017-07-07,300296,11.86376756169079,11.76941097981096,11.70650659189107
2017-07-10,2017-07-07,300303,4.054076175260559,4.04486236577133,4.017220937303644
2017-07-10,2017-07-07,300352,5.699454079979817,5.679560697501702,5.679560697501702
2017-07-10,2017-07-07,300400,14.02693955487238,13.91152802688925,13.91152802688925
2017-07-10,2017-07-07,300471,15.89876037271589,15.9087220020221,15.98841503647181
2017-07-10,2017-07-07,300502,4.500340905442056,4.507573273309379,4.446098146437129
2017-07-10,2017-07-07,600172,,,
2017-07-10,2017-07-07,600337,5.731775982856961,5.722044614465013,5.702581877681119
2017-07-10,2017-07-07,600538,7.03,7.06,7.07
2017-07-10,2017-07-07,603077,2.289617354601809,2.27995652188197,2.308939020041487
2017-07-11,2017-07-10,000055,6.893722643874388,6.893722643874388,6.921898621982867
2017-07-11,2017-07-10,000070,9.082185303985851,9.106842820648255,9.123281165089859
2017-07-11,2017-07-10,000591,4.492728131701295,4.500867131939885,4.492728131701295
2017-07-11,2017-07-10,000900,6.08,6.08,6.06
2017-07-11,2017-07-10,002130,6.135760953903147,6.126188783928259,6.135760953903147
2017-07-11,2017-07-10,002149,12.25366895236014,12.16648869894414,12.11805522482414
2017-07-11,2017-07-10,002206,6.403959359846255,6.394990229090167,6.350144575309732
2017-07-11,2017-07-10,002277,6.289253339999495,6.279502559627402,6.289253339999495
2017-07-11,2017-07-10,002366,23.48381002905128,23.31656043940157,23.28704580593397
2017-07-11,2017-07-10,002537,12.64012091630399,12.6894963886333,12.63024582183813
2017-07-11,2017-07-10,002589,15.5217859672328,15.4050076402066,15.55098054898935
2017-07-11,2017-07-10,002607,4.261563274956201,4.261563274956201,4.233890786157783
2017-07-11,2017-07-10,002643,13.53674770423253,13.5009125018388,13.59945930842156
2017-07-11,2017-07-10,002649,9.820243479576243,9.837858266086693,9.820243479576243
2017-07-11,2017-07-10,002668,11.34971667850175,11.30378965097114,11.22341735279258
2017-07-11,2017-07-10,002765,10.79134587554269,10.82112879884226,10.73178002894356
2017-07-11,2017-07-10,300008,8.412423929446925,8.243778638408484,8.27353957212115
2017-07-11,2017-07-10,300037,12.95203544630622,13.1040423374203,12.91534412776145
2017-07-11,2017-07-10,300097,,,
2017-07-11,2017-07-10,300145,,,
2017-07-11,2017-07-10,300174,28.74329165331156,28.48709501876028,28.54621731904134
2017-07-11,2017-07-10,300194,7.002427398789507,6.982702251187283,7.002427398789507
2017-07-11,2017-07-10,300253,5.901257980307667,5.924101559586278,5.901257980307667
2017-07-11,2017-07-10,300296,11.51150298933942,11.50521255054743,11.50521255054743
2017-07-11,2017-07-10,300303,3.980365699346731,3.971151889857501,3.971151889857501
2017-07-11,2017-07-10,300352,5.530360328915843,5.550253711393958,5.520413637676786
2017-07-11,2017-07-10,300400,13.66294935123329,13.65407154138843,13.61856030200901
2017-07-11,2017-07-10,300471,15.88879874340968,15.79914407965376,15.61983475214193
2017-07-11,2017-07-10,300502,4.346653088261431,4.371966375797063,4.350269272195092
2017-07-11,2017-07-10,600172,,,
2017-07-11,2017-07-10,600337,5.644193667329436,5.673387772505277,5.624730930545542
2017-07-11,2017-07-10,600538,6.93,6.91,6.85
2017-07-11,2017-07-10,603077,2.318599852761326,2.308939020041487,2.289617354601809
2017-07-12,2017-07-11,000055,6.752842753331996,6.762234746034823,6.74345076062917
2017-07-12,2017-07-11,000070,8.917801859569817,8.942459376232224,8.917801859569817
2017-07-12,2017-07-11,000591,4.419477129553991,4.460172130746939,4.427616129792582
2017-07-12,2017-07-11,000900,6.11,6.1,6.09
2017-07-12,2017-07-11,002130,6.097472274003595,6.11661661395337,6.11661661395337
2017-07-12,2017-07-11,002149,11.59497370432813,11.57560031468013,11.74027412668813
2017-07-12,2017-07-11,002206,6.368082836821905,6.350144575309732,6.359113706065819
2017-07-12,2017-07-11,002277,6.260000998883218,6.240499438139033,6.269751779255309
2017-07-12,2017-07-11,002366,23.13947263859599,23.11979621628425,22.95254662663454
2017-07-12,2017-07-11,002537,12.33399298786225,12.25499223213535,12.17599147640845
2017-07-12,2017-07-11,002589,15.47312833097188,15.48285985822406,15.74561109403302
2017-07-12,2017-07-11,002607,4.196994134426561,4.196994134426561,4.206218297359366
2017-07-12,2017-07-11,002643,13.25006608508267,13.25006608508267,13.18735448089364
2017-07-12,2017-07-11,002649,9.740976940279214,9.776206513300115,9.793821299810565
2017-07-12,2017-07-11,002668,11.21193559590992,11.12582241929003,11.05693187799412
2017-07-12,2017-07-11,002765,10.62257597684515,10.62257597684515,10.69206946454414
2017-07-12,2017-07-11,300008,8.094973969845153,8.065213036132487,8.114814592320263
2017-07-12,2017-07-11,300037,12.5117396237689,12.62181357940323,12.67422974875291
2017-07-12,2017-07-11,300097,,,
2017-07-12,2017-07-11,300145,,,
2017-07-12,2017-07-11,300174,28.63490076946294,28.42797271847921,28.49694873547379
2017-07-12,2017-07-11,300194,6.893939086977276,6.893939086977276,6.884076513176164
2017-07-12,2017-07-11,300253,5.825112716045633,5.863185348176651,5.847956295324243
2017-07-12,2017-07-11,300296,11.5806978160513,11.53666474450737,11.5806978160513
2017-07-12,2017-07-11,300303,3.906655223432902,3.906655223432902,3.925082842411359
2017-07-12,2017-07-11,300352,5.401053342808098,5.440840107764327,5.43089341652527
2017-07-12,2017-07-11,300400,13.87601678750983,13.8405055481304,13.74284963983699
2017-07-12,2017-07-11,300471,15.50029520046737,15.54014171769222,15.50029520046737
2017-07-12,2017-07-11,300502,4.252632305986225,4.265288949754042,4.24178375418524
2017-07-12,2017-07-11,600172,,,
2017-07-12,2017-07-11,600337,5.741507351248909,5.712313246073067,5.692850509289172
2017-07-12,2017-07-11,600538,6.67,6.6,6.61
2017-07-12,2017-07-11,603077,2.27995652188197,2.270295689162132,2.270295689162132
2017-07-13,2017-07-12,000055,6.62135485549243,6.62135485549243,6.630746848195256
2017-07-13,2017-07-12,000070,8.819171792920198,8.860267654024206,8.868486826245006
2017-07-13,2017-07-12,000591,4.460172130746939,4.43575513003117,4.411338129315403
2017-07-13,2017-07-12,000900,6.04,6.05,6.02
2017-07-13,2017-07-12,002130,6.087900104028708,6.068755764078931,6.068755764078931
2017-07-13,2017-07-12,002149,12.09868183517614,12.01150158176014,12.28272903683214
2017-07-13,2017-07-12,002206,6.377051967577994,6.350144575309732,6.341175444553644
2017-07-13,2017-07-12,002277,6.133240854046019,6.123490073673927,6.133240854046019
2017-07-13,2017-07-12,002366,22.83448809276415,22.69675313658203,22.97222304894627
2017-07-13,2017-07-12,002537,12.14636619301087,12.06736543728397,11.96861449262534
2017-07-13,2017-07-12,002589,16.2321874566422,16.22245592939002,16.51440174695552
2017-07-13,2017-07-12,002607,4.123200830964116,4.095528342165699,4.11397666803131
2017-07-13,2017-07-12,002643,12.88275526054691,12.81108485575944,12.67670284678295
2017-07-13,2017-07-12,002649,9.670517794237412,9.688132580747864,9.723362153768763
2017-07-13,2017-07-12,002668,11.13156329773136,11.03970924267014,11.05119099955279
2017-07-13,2017-07-12,002765,10.51337192474674,10.51337192474674,10.5232995658466
2017-07-13,2017-07-12,300008,8.065213036132487,8.015611479944711,8.005691168707155
2017-07-13,2017-07-12,300037,13.38184803497361,13.50764684141284,13.67013696639686
2017-07-13,2017-07-12,300097,,,
2017-07-13,2017-07-12,300145,,,
2017-07-13,2017-07-12,300174,28.74329165331156,28.48709501876028,28.46738758533326
2017-07-13,2017-07-12,300194,6.844626217971716,6.9136642345795,6.874213939375052
2017-07-13,2017-07-12,300253,5.741352925357395,5.726123872504988,5.726123872504988
2017-07-13,2017-07-12,300296,11.56182649967533,11.45488904021152,11.42972728504357
2017-07-13,2017-07-12,300303,3.925082842411359,3.915869032922131,3.906655223432902
2017-07-13,2017-07-12,300352,5.351319886612812,5.371213269090927,5.331426504134698
2017-07-13,2017-07-12,300400,13.74284963983699,13.79611649890612,13.93816145642382
2017-07-13,2017-07-12,300471,15.56006497630465,15.46044868324252,15.3707940194866
2017-07-13,2017-07-12,300502,4.252632305986225,4.239975662218409,4.261672765820379
2017-07-13,2017-07-12,600172,,,
2017-07-13,2017-07-12,600337,5.595536825369699,5.614999562153593,5.605268193761646
2017-07-13,2017-07-12,600538,6.64,6.59,6.66
2017-07-13,2017-07-12,603077,2.250974023722454,2.250974023722454,2.260634856442293
2017-07-14,2017-07-13,000055,6.705882789817865,6.752842753331996,6.724666775223517
2017-07-14,2017-07-13,000070,8.761637587374585,8.753418415153783,8.654788348504162
2017-07-14,2017-07-13,000591,4.427616129792582,4.500867131939885,4.500867131939885
2017-07-14,2017-07-13,000900,6.05,6.01,6
2017-07-14,2017-07-13,002130,6.068755764078931,6.059183594104043,6.049611424129155
2017-07-14,2017-07-13,002149,12.08899514035214,11.91463463352014,11.81776768528013
2017-07-14,2017-07-13,002206,6.32323718304147,6.350144575309732,6.296329790773208
2017-07-14,2017-07-13,002277,6.201496316650664,6.162493195162296,6.14299163441811
2017-07-14,2017-07-13,002366,23.35591328402503,23.13947263859599,22.88367914854348
2017-07-14,2017-07-13,002537,11.60323599738843,11.46498467486635,11.45510958040049
2017-07-14,2017-07-13,002589,16.22245592939002,16.44628105619024,16.16406676587691
2017-07-14,2017-07-13,002607,4.11397666803131,4.104752505098505,4.095528342165699
2017-07-14,2017-07-13,002643,12.49752683481428,12.56919723960175,12.50648563541272
2017-07-14,2017-07-13,002649,9.679325187492637,9.626480827961284,9.573636468429934
2017-07-14,2017-07-13,002668,11.11434066240738,,
2017-07-14,2017-07-13,002765,10.42402315484805,10.4339507959479,10.38431259044862
2017-07-14,2017-07-13,300008,8.065213036132487,7.966009923756933,7.936248990044268
2017-07-14,2017-07-13,300037,13.18266659144482,12.68471298262285,12.53270609150877
2017-07-14,2017-07-13,300097,,,
2017-07-14,2017-07-13,300145,,,
2017-07-14,2017-07-13,300174,28.66446191960348,28.43782643519272,28.47724130204676
2017-07-14,2017-07-13,300194,6.824901070369492,6.844626217971716,6.775588201363932
2017-07-14,2017-07-13,300253,5.733738398931192,5.710894819652581,5.695665766800174
2017-07-14,2017-07-13,300296,11.39827509108362,11.36053245833169,11.24730456007589
2017-07-14,2017-07-13,300303,3.915869032922131,3.906655223432902,3.906655223432902
2017-07-14,2017-07-13,300352,5.341373195373755,5.32147981289564,5.32147981289564
2017-07-14,2017-07-13,300400,13.83162773828555,13.74284963983699,13.66294935123329
2017-07-14,2017-07-13,300471,15.4405254246301,15.31102424364933,15.27117772642447
2017-07-14,2017-07-13,300502,4.169460075512005,4.178500535346159,4.162227707644681
2017-07-14,2017-07-13,600172,,7.92,8
2017-07-14,2017-07-13,600337,5.614999562153593,5.576074088585805,5.576074088585805
2017-07-14,2017-07-13,600538,6.73,6.66,6.62
2017-07-14,2017-07-13,603077,2.270295689162132,2.250974023722454,2.241313191002615
2017-07-17,2017-07-14,000070,8.663007520724964,8.597254142958553,8.227391393022476
2017-07-17,2017-07-14,000591,4.44389413026976,4.403199129076813,4.240419124305027
2017-07-17,2017-07-14,000967,8.908501949930379,8.81176599588375,8.609499910149891
2017-07-17,2017-07-14,002131,3.242798047588201,3.232911468174822,3.114272515214278
2017-07-17,2017-07-14,002149,11.81776768528013,11.74027412668813,10.95565184594413
2017-07-17,2017-07-14,002206,6.314268052285382,6.224576744724511,6.152823698675814
2017-07-17,2017-07-14,002210,10.43030819190873,10.37047850820753,10.13115977340274
2017-07-17,2017-07-14,002281,20.22187052833009,18.96597560954006,18.87767049806264
2017-07-17,2017-07-14,002366,22.30322469034741,22.51966533577645,21.74244665446307
2017-07-17,2017-07-14,002456,17.8703918844153,17.86043623434042,17.28300852999719
2017-07-17,2017-07-14,002537,11.65261146971774,11.50448505272981,11.08973108516358
2017-07-17,2017-07-14,002589,16.06675149335508,15.76507414853739,15.51205443998061
2017-07-17,2017-07-14,002643,12.29147442105032,12.28251562045189,11.78082278693963
2017-07-17,2017-07-14,002649,9.50317732238813,9.388681210070201,8.965926333819386
2017-07-17,2017-07-14,002668,,,
2017-07-17,2017-07-14,002765,10.47366136034732,10.48358900144718,10.04677279305354
2017-07-17,2017-07-14,300097,,,
2017-07-17,2017-07-14,300145,,,
2017-07-17,2017-07-14,300174,28.37870413491166,28.37870413491166,27.59040679783078
2017-07-17,2017-07-14,300194,6.785450775165044,6.775588201363932,6.588199299142804
2017-07-17,2017-07-14,300260,7.190976690105733,6.532801062645223,6.565437870618472
2017-07-17,2017-07-14,300279,12.82350876968507,12.43521929606883,12.05688596280172
2017-07-17,2017-07-14,300296,11.10262446786015,10.93278262047645,10.80068340584469
2017-07-17,2017-07-14,300303,3.906655223432902,3.897441413943674,3.768448081094474
2017-07-17,2017-07-14,300304,7.831571090896054,7.765601177976351,7.303811787538437
2017-07-17,2017-07-14,300355,10.75799413572896,10.46102368318435,10.08741569449919
2017-07-17,2017-07-14,300377,10.53808601045353,10.1981477520518,9.66395906027766
2017-07-17,2017-07-14,300403,7.816694946052301,7.718540100839316,7.517768826540028
2017-07-17,2017-07-14,300425,5.230375000173073,5.164424587949745,4.905696047689002
2017-07-17,2017-07-14,300502,4.167651983545174,4.104368764706093,3.827730693780969
2017-07-17,2017-07-14,600337,5.624730930545542,5.614999562153593,5.469029036274384
2017-07-17,2017-07-14,603077,2.241313191002615,2.241313191002615,2.173687361963743
2017-07-18,2017-07-17,000070,8.326021459672097,8.317802287451295,8.317802287451295
2017-07-18,2017-07-17,000591,4.20786312335067,4.216002123589259,4.216002123589259
2017-07-18,2017-07-17,000967,8.547940666665674,8.424822179697239,8.2929095150882
2017-07-18,2017-07-17,002131,3.045066459320628,3.054953038734006,3.064839618147385
2017-07-18,2017-07-17,002149,10.63599091675212,10.31632998756012,10.54881066333612
2017-07-18,2017-07-17,002206,6.054163260358854,6.018286737334505,6.072101521871028
2017-07-18,2017-07-17,002210,9.951670722299152,10.05138686180115,9.772181671195561
2017-07-18,2017-07-17,002281,18.20066464340239,17.85725587654574,17.6610222954848
2017-07-18,2017-07-17,002366,22.87384093738761,23.09028158281666,23.38542791749263
2017-07-18,2017-07-17,002456,17.08389552849953,17.28300852999719,17.39252068082091
2017-07-18,2017-07-17,002537,11.01073032943668,10.89222919584633,10.81322844011943
2017-07-18,2017-07-17,002589,15.08386724088454,15.13252487714546,15.12279334989327
2017-07-18,2017-07-17,002643,11.45830596539603,11.53893517078193,11.51205876898663
2017-07-18,2017-07-17,002649,8.622437996865598,8.67528235639695,8.648860176631274
2017-07-18,2017-07-17,002668,,,
2017-07-18,2017-07-17,002765,9.709232995658464,9.709232995658464,9.699305354558609
2017-07-18,2017-07-17,300097,,,
2017-07-18,2017-07-17,300145,,,
2017-07-18,2017-07-17,300174,28.28016696777654,28.4181190017657,28.04367776665228
2017-07-18,2017-07-17,300194,6.548749003938356,6.56847415154058,6.558611577739469
2017-07-18,2017-07-17,300260,6.472966914694268,6.364177554783439,6.331540746810192
2017-07-18,2017-07-17,300279,11.53916666464673,11.47942982255192,11.50929824359933
2017-07-18,2017-07-17,300296,10.78810252826071,10.87616867134856,10.80697384463668
2017-07-18,2017-07-17,300303,3.685523795691417,3.685523795691417,3.694737605180646
2017-07-18,2017-07-17,300304,7.049356409133873,7.105902048779331,7.096477775505088
2017-07-18,2017-07-17,300355,9.867082778095126,9.943720314235671,10.09699538651676
2017-07-18,2017-07-17,300377,9.489133670242486,9.576546365260073,9.576546365260073
2017-07-18,2017-07-17,300403,7.531153578159979,7.593615752386425,7.557923081399885
2017-07-18,2017-07-17,300425,4.768722114609785,4.73321035418184,4.743356571446967
2017-07-18,2017-07-17,300502,3.751790831174072,3.722861359704778,3.7065885320033
2017-07-18,2017-07-17,600337,5.332789878787122,5.469029036274384,5.420372194314647
2017-07-18,2017-07-17,603077,2.154365696524065,2.173687361963743,2.183348194683582
2017-07-19,2017-07-18,000070,8.334240631892898,8.309583115230494,8.276706426347287
2017-07-19,2017-07-18,000591,4.264836125020795,4.256697124782206,4.232280124066438
2017-07-19,2017-07-18,000967,8.266526982166393,8.002701652948316,8.046672541151329
2017-07-19,2017-07-18,002131,3.064839618147385,3.045066459320628,3.035179879907249
2017-07-19,2017-07-18,002149,10.48100379956812,10.35507676685612,10.64567761157612
2017-07-19,2017-07-18,002206,6.125916306407552,6.125916306407552,6.090039783383203
2017-07-19,2017-07-18,002210,10.00152879205015,9.871897810697556,9.812068126996358
2017-07-19,2017-07-18,002281,18.19085296434934,17.64139893737871,17.62177557927261
2017-07-19,2017-07-18,002366,23.48381002905128,,
2017-07-19,2017-07-18,002456,17.51198848171951,17.46221023134509,17.6911901830674
2017-07-19,2017-07-18,002537,10.72435258992667,10.65522692866563,10.60585145633632
2017-07-19,2017-07-18,002589,14.95735738660615,14.93789433210178,14.8113844778234
2017-07-19,2017-07-18,002643,11.49414116778977,11.35080035821484,11.33288275701797
2017-07-19,2017-07-18,002649,8.657667569886499,8.622437996865598,8.551978850823795
2017-07-19,2017-07-18,002668,,,
2017-07-19,2017-07-18,002765,9.649667149059335,9.570246020260491,9.639739507959479
2017-07-19,2017-07-18,300097,,,
2017-07-19,2017-07-18,300145,,,
2017-07-19,2017-07-18,300174,28.75314537002507,28.53636360232783,28.62504705274943
2017-07-19,2017-07-18,300194,6.558611577739469,6.558611577739469,6.509298708733908
2017-07-19,2017-07-18,300260,6.472966914694268,6.418572234738854,6.385935426765606
2017-07-19,2017-07-18,300279,11.58894736639241,11.4993421032502,11.38982455940972
2017-07-19,2017-07-18,300296,10.81326428342867,10.80697384463668,10.73148857913281
2017-07-19,2017-07-18,300303,3.722379033648331,3.694737605180646,3.694737605180646
2017-07-19,2017-07-18,300304,7.209569054796006,7.153023415150547,7.153023415150547
2017-07-19,2017-07-18,300355,10.19279230669244,10.1448938466046,10.01077815835865
2017-07-19,2017-07-18,300377,9.469708626905247,9.362870888550418,9.362870888550418
2017-07-19,2017-07-18,300403,7.638231591119601,7.580231000766472,7.575769416893155
2017-07-19,2017-07-18,300425,4.768722114609785,4.723064136916713,4.71799102828415
2017-07-19,2017-07-18,300502,3.724669451671609,3.684891428401329,3.715628991837455
2017-07-19,2017-07-18,600337,5.459297667882437,5.449566299490489,5.478760404666331
2017-07-19,2017-07-18,603077,2.193009027403421,2.173687361963743,2.193009027403421
2017-07-20,2017-07-19,000070,8.367117320776105,8.383555665217708,8.728760898491378
2017-07-20,2017-07-19,000591,4.32180912669092,4.31367012645233,4.31367012645233
2017-07-20,2017-07-19,000967,8.055466718791932,8.046672541151329,8.196173561041572
2017-07-20,2017-07-19,002131,3.134045674041035,3.084612776974142,3.094499356387521
2017-07-20,2017-07-19,002149,10.77160464428812,10.54881066333612,10.54881066333612
2017-07-20,2017-07-19,002206,6.188700221700162,6.215607613968423,6.206638483212337
2017-07-20,2017-07-19,002210,9.911784266498353,9.881869424647755,9.832011354896757
2017-07-20,2017-07-19,002281,17.8278208393866,17.91612595086402,18.00443106234145
2017-07-20,2017-07-19,002366,,,
2017-07-20,2017-07-19,002456,19.25422724482406,19.28409419504871,19.04515859325151
2017-07-20,2017-07-19,002537,10.73422768439253,10.80335334565357,10.88235410138047
2017-07-20,2017-07-19,002589,15.37581305845005,15.25903473142384,15.49259138547625
2017-07-20,2017-07-19,002643,11.57477037317567,11.62852317676627,11.73602878394746
2017-07-20,2017-07-19,002649,8.736934109183528,8.666474963141724,8.736934109183528
2017-07-20,2017-07-19,002668,,,
2017-07-20,2017-07-19,002765,9.659594790159188,9.977279305354559,9.917713458755426
2017-07-20,2017-07-19,300097,,,
2017-07-20,2017-07-19,300145,,,
2017-07-20,2017-07-19,300174,28.31958183463059,28.40826528505219,28.2407521009225
2017-07-20,2017-07-19,300194,6.627649594347252,6.696687610955036,6.696687610955036
2017-07-20,2017-07-19,300260,6.418572234738854,6.358738086787898,6.5164826586586
2017-07-20,2017-07-19,300279,11.65864034883635,11.559078945345,11.67855262953461
2017-07-20,2017-07-19,300296,11.00826788598032,11.04601051873225,11.19698104973998
2017-07-20,2017-07-19,300303,3.750020462116017,3.73159284313756,3.73159284313756
2017-07-20,2017-07-19,300304,7.237841874618734,7.256690421167222,7.303811787538437
2017-07-20,2017-07-19,300355,10.23111107476271,10.15447353862217,10.18321261467487
2017-07-20,2017-07-19,300377,9.362870888550418,9.489133670242486,9.518271235248351
2017-07-20,2017-07-19,300403,7.562384665273202,7.575769416893155,7.571307833019836
2017-07-20,2017-07-19,300425,4.789014549140039,4.758575897344659,4.789014549140039
2017-07-20,2017-07-19,300502,3.679467152500837,3.717437083804285,3.693931888235484
2017-07-20,2017-07-19,600337,5.605268193761646,5.624730930545542,5.585805456977752
2017-07-20,2017-07-19,603077,2.231652358282776,2.231652358282776,2.212330692843099
2017-07-21,2017-07-20,000070,8.926021031790619,8.802733448478595,8.769856759595386
2017-07-21,2017-07-20,000591,4.378782128361046,4.354365127645277,4.338087127168099
2017-07-21,2017-07-20,000967,8.152202672838559,8.178585205760367,8.178585205760367
2017-07-21,2017-07-20,002131,3.084612776974142,3.084612776974142,3.074726197560763
2017-07-21,2017-07-20,002149,10.43257032544812,10.51006388404012,10.44225702027212
2017-07-21,2017-07-20,002206,6.107978044895377,6.09900891413929,6.125916306407552
2017-07-21,2017-07-20,002210,10.00152879205015,9.961642336249351,10.00152879205015
2017-07-21,2017-07-20,002281,18.01424274139449,17.78857412317441,17.85725587654574
2017-07-21,2017-07-20,002366,,,
2017-07-21,2017-07-20,002456,19.26418289489895,19.01529164302687,19.35378374557289
2017-07-21,2017-07-20,002537,10.82310353458529,10.84285372351702,10.82310353458529
2017-07-21,2017-07-20,002589,15.07413571363236,15.00601502286707,15.07413571363236
2017-07-21,2017-07-20,002643,11.57477037317567,11.5299763701835,11.74498758454589
2017-07-21,2017-07-20,002649,8.719319322673076,8.736934109183528,8.745741502438753
2017-07-21,2017-07-20,002668,,,
2017-07-21,2017-07-20,002765,9.768798842257597,9.768798842257597,9.778726483357451
2017-07-21,2017-07-20,300097,,,
2017-07-21,2017-07-20,300145,,,
2017-07-21,2017-07-20,300174,29.01919572128987,28.76299908673858,28.99948828786285
2017-07-21,2017-07-20,300194,6.686825037153924,6.71641275855726,6.775588201363932
2017-07-21,2017-07-20,300260,6.424011702734395,6.375056490774523,6.418572234738854
2017-07-21,2017-07-20,300279,11.41969298045712,11.41969298045712,11.63872806813808
2017-07-21,2017-07-20,300296,11.09004359027617,10.97681569202038,11.03342964114827
2017-07-21,2017-07-20,300303,3.73159284313756,3.722379033648331,3.722379033648331
2017-07-21,2017-07-20,300304,7.171871961699034,7.153023415150547,7.237841874618734
2017-07-21,2017-07-20,300355,10.44186429914921,10.3843861470438,10.60471906344787
2017-07-21,2017-07-20,300377,9.353158366881797,9.343445845213175,9.38229593188766
2017-07-21,2017-07-20,300403,7.517768826540028,7.419613981327041,7.47761457168017
2017-07-21,2017-07-20,300425,4.73321035418184,4.763649005977221,4.758575897344659
2017-07-21,2017-07-20,300502,3.677659060534006,3.652345772998374,3.681275244467668
2017-07-21,2017-07-20,600337,5.692850509289172,5.712313246073067,5.741507351248909
2017-07-21,2017-07-20,603077,2.241313191002615,2.221991525562937,2.221991525562937
2017-07-24,2017-07-21,000338,5.382443441999565,5.312339258239803,5.281181843235464
2017-07-24,2017-07-21,000591,4.281114125497973,4.256697124782206,4.240419124305027
2017-07-24,2017-07-21,000811,7.39240101325874,7.310180172868601,7.340078660283198
2017-07-24,2017-07-21,000928,6.53079861454601,6.545986518300769,6.621926037074561
2017-07-24,2017-07-21,000963,24.08501469694425,24.02321863614388,24.06441601001079
2017-07-24,2017-07-21,002131,3.064839618147385,3.054953038734006,3.054953038734006
2017-07-24,2017-07-21,002149,10.36476346168012,10.37445015650412,10.36476346168012
2017-07-24,2017-07-21,002185,6.135695584099636,6.083103907664497,6.091869187070353
2017-07-24,2017-07-21,002210,10.47019464770953,10.64968369881312,10.55993917326133
2017-07-24,2017-07-21,002366,,,
2017-07-24,2017-07-21,002438,7.106237759891604,7.125366259918231,7.096673509878292
2017-07-24,2017-07-21,002519,6.9678,6.7816,6.8306
2017-07-24,2017-07-21,002537,10.72435258992667,10.73422768439253,10.78360315672184
2017-07-24,2017-07-21,002572,31.90015845860774,32.05953971495851,32.15516846876898
2017-07-24,2017-07-21,002589,14.9865519683627,14.83084753232776,14.64594851453628
2017-07-24,2017-07-21,002616,8.964533789851817,8.892311966771441,8.892311966771441
2017-07-24,2017-07-21,002649,8.666474963141724,8.551978850823795,8.569593637334247
2017-07-24,2017-07-21,002668,,,
2017-07-24,2017-07-21,300008,7.410472494453835,7.350950627028503,7.38071156074117
2017-07-24,2017-07-21,300097,,,
2017-07-24,2017-07-21,300145,,,
2017-07-24,2017-07-21,300174,28.94036598758178,29.06846430485743,29.11773288842498
2017-07-24,2017-07-21,300194,6.726275332358372,6.726275332358372,6.775588201363932
2017-07-24,2017-07-21,300260,6.424011702734395,6.342419682801275,6.342419682801275
2017-07-24,2017-07-21,300279,11.65864034883635,11.56903508569414,11.57899122604327
2017-07-24,2017-07-21,300296,11.09004359027617,11.05230095752424,10.98310613081236
2017-07-24,2017-07-21,300303,3.703951414669874,3.694737605180646,3.694737605180646
2017-07-24,2017-07-21,300304,7.105902048779331,7.124750595327817,7.030507862585385
2017-07-24,2017-07-21,300403,7.379459726467183,7.374998142593866,7.441921900693629
2017-07-24,2017-07-21,300412,6.120252116833773,6.048314252892689,6.02064584368458
2017-07-24,2017-07-21,300415,11.60129925016511,11.32548827244945,11.48925104046812
2017-07-24,2017-07-21,600119,13.55,13.59,13.66
2017-07-24,2017-07-21,600477,5.64719933410656,5.591616663495275,5.630524532923174
2017-07-24,2017-07-21,601009,5.511392012538774,5.477496612707663,5.504612932572551
2017-07-25,2017-07-24,000338,5.39023279575065,5.398022149501735,5.343496673244141
2017-07-25,2017-07-24,000591,4.305531126213742,4.305531126213742,4.305531126213742
2017-07-25,2017-07-24,000811,7.504520341063472,7.467147231795229,7.429774122526983
2017-07-25,2017-07-24,000928,6.826962737763796,6.735835315235246,6.682677652093593
2017-07-25,2017-07-24,000963,23.85842914067622,24.03351797961061,23.93052454494332
2017-07-25,2017-07-24,002131,3.045066459320628,3.045066459320628,3.054953038734006
2017-07-25,2017-07-24,002149,10.46163040992012,10.48100379956812,10.53912396851212
2017-07-25,2017-07-24,002185,6.126930304693779,6.118165025287923,6.153226142911349
2017-07-25,2017-07-24,002210,10.85908759176731,11.0485482568211,10.92888888941871
2017-07-25,2017-07-24,002366,,,
2017-07-25,2017-07-24,002438,7.230573010064674,7.268830010117926,7.240137260077987
2017-07-25,2017-07-24,002519,7.1344,7.163799999999999,7.301
2017-07-25,2017-07-24,002537,10.78360315672184,10.77372806225598,10.73422768439253
2017-07-25,2017-07-24,002572,32.46596191865299,32.73691005444931,33.07161069278594
2017-07-25,2017-07-24,002589,14.4513179694926,14.34427116971859,14.32480811521422
2017-07-25,2017-07-24,002616,9.244393354288279,9.235365626403233,9.190226986977995
2017-07-25,2017-07-24,002649,8.657667569886499,8.631245390120824,8.728126715928301
2017-07-25,2017-07-24,002668,,,
2017-07-25,2017-07-24,300008,7.648559964155163,7.708081831580495,7.678320897867829
2017-07-25,2017-07-24,300097,,,
2017-07-25,2017-07-24,300145,,,
2017-07-25,2017-07-24,300174,29.54144270710595,29.53158899039244,29.37392952297627
2017-07-25,2017-07-24,300194,6.785450775165044,6.805175922767268,6.775588201363932
2017-07-25,2017-07-24,300260,6.429451170729937,6.40225383075223,6.407693298747771
2017-07-25,2017-07-24,300279,11.47942982255192,11.59890350674154,11.4993421032502
2017-07-25,2017-07-24,300296,11.00826788598032,11.07117227390021,11.03342964114827
2017-07-25,2017-07-24,300303,3.722379033648331,3.713165224159103,3.703951414669874
2017-07-25,2017-07-24,300304,7.200144781521762,7.237841874618734,7.171871961699034
2017-07-25,2017-07-24,300403,7.651616342739552,7.620385255626329,7.589154168513108
2017-07-25,2017-07-24,300412,6.131319480517016,6.103651071308906,6.103651071308906
2017-07-25,2017-07-24,300415,11.88572932093439,12.23911213613258,12.13568301948921
2017-07-25,2017-07-24,600119,13.73,13.87,13.82
2017-07-25,2017-07-24,600477,5.747248141206873,5.763922942390257,5.786156010634772
2017-07-25,2017-07-24,601009,5.538508332403664,5.538508332403664,5.518171092504997
2017-07-26,2017-07-25,000338,5.281181843235464,5.304549904488717,5.288971196986548
2017-07-26,2017-07-25,000591,4.305531126213742,4.329948126929509,4.31367012645233
2017-07-26,2017-07-25,000811,7.467147231795229,7.45967260994158,7.429774122526983
2017-07-26,2017-07-25,000928,6.690271603970972,6.644707892706697,6.667489748338834
2017-07-26,2017-07-25,000963,24.02321863614388,24.02321863614388,23.96142257534351
2017-07-26,2017-07-25,002131,3.045066459320628,3.035179879907249,3.035179879907249
2017-07-26,2017-07-25,002149,10.63599091675212,10.80066472876012,11.23656599584013
2017-07-26,2017-07-25,002185,6.07433862825864,5.986685834200074,5.99545111360593
2017-07-26,2017-07-25,002210,10.88900243361791,10.82917274991671,10.79925790806611
2017-07-26,2017-07-25,002366,,,
2017-07-26,2017-07-25,002438,7.383601010277683,7.364472510251058,7.364472510251058
2017-07-26,2017-07-25,002519,7.2422,7.252,7.1932
2017-07-26,2017-07-25,002537,10.78360315672184,10.7934782511877,10.75397787332425
2017-07-26,2017-07-25,002572,33.07161069278594,32.97598193897548,33.13536319532625
2017-07-26,2017-07-25,002589,14.32480811521422,14.42212338773606,14.25668742444893
2017-07-26,2017-07-25,002616,9.018700157162101,9.009672429277053,9.027727885047147
2017-07-26,2017-07-25,002649,8.701704536162627,8.67528235639695,8.772163682204429
2017-07-26,2017-07-25,002668,,,
2017-07-26,2017-07-25,300008,7.598958407967387,7.628719341680053,7.638639652917608
2017-07-26,2017-07-25,300097,,,
2017-07-26,2017-07-25,300145,,,
2017-07-26,2017-07-25,300174,29.53158899039244,29.54144270710595,29.34436837283573
2017-07-26,2017-07-25,300194,6.805175922767268,6.81503849656838,6.795313348966156
2017-07-26,2017-07-25,300260,6.451209042712102,6.456648510707644,6.467527446698726
2017-07-26,2017-07-25,300279,11.36991227871145,11.45951754185366,11.5292105242976
2017-07-26,2017-07-25,300296,10.86358779376458,10.8510069161806,10.80697384463668
2017-07-26,2017-07-25,300303,3.713165224159103,3.722379033648331,3.73159284313756
2017-07-26,2017-07-25,300304,7.294387514264194,7.294387514264194,7.332084607361167
2017-07-26,2017-07-25,300403,7.687309013726093,7.651616342739552,7.700693765346046
2017-07-26,2017-07-25,300412,6.131319480517016,6.136853162358638,6.136853162358638
2017-07-26,2017-07-25,300415,12.19601667086451,12.15292120559644,12.20463576391812
2017-07-26,2017-07-25,600119,13.69,13.59,13.63
2017-07-26,2017-07-25,600477,5.713898538840101,5.669432402351073,5.652757601167688
2017-07-26,2017-07-25,601009,5.457159372808996,5.457159372808996,5.491054772640107
2017-07-27,2017-07-26,000338,5.164341536969192,5.172130890720276,5.203288305724616
2017-07-27,2017-07-26,000591,4.484589131462706,4.43575513003117,4.43575513003117
2017-07-27,2017-07-26,000811,7.340078660283198,7.340078660283198,7.3251294165759
2017-07-27,2017-07-26,000928,6.690271603970972,6.621926037074561,6.621926037074561
2017-07-27,2017-07-26,000963,23.63699325614156,23.3589109825399,23.32801295213971
2017-07-27,2017-07-26,002131,3.015406721080491,3.005520141667113,3.015406721080491
2017-07-27,2017-07-26,002149,11.33343294408013,11.62403378880013,11.52716684056013
2017-07-27,2017-07-26,002185,6.0217469518235,6.012981672417643,6.004216393011786
2017-07-27,2017-07-26,002210,10.75937145226531,10.87903081966771,11.0385766428709
2017-07-27,2017-07-26,002366,,,
2017-07-27,2017-07-26,002438,7.230573010064674,7.163623259971483,7.115802009904918
2017-07-27,2017-07-26,002519,7.154,7.0952,7.065799999999999
2017-07-27,2017-07-26,002537,10.84285372351702,10.84285372351702,10.83297862905115
2017-07-27,2017-07-26,002572,31.92406564706036,31.56545782027111,31.58139594590619
2017-07-27,2017-07-26,002589,14.32480811521422,14.29561353345767,14.23722436994457
2017-07-27,2017-07-26,002616,8.910367422541533,8.874256511001347,8.928422878311629
2017-07-27,2017-07-26,002649,8.701704536162627,8.719319322673076,8.728126715928301
2017-07-27,2017-07-26,002668,,,
2017-07-27,2017-07-26,300008,7.618799030442497,7.539436540542054,7.579117785492276
2017-07-27,2017-07-26,300097,,,
2017-07-27,2017-07-26,300145,,,
2017-07-27,2017-07-26,300174,29.56115014053297,29.57100385724649,29.56115014053297
2017-07-27,2017-07-26,300194,6.755863053761708,6.37122267551834,6.450123265927236
2017-07-27,2017-07-26,300260,6.424011702734395,6.40225383075223,6.413132766743312
2017-07-27,2017-07-26,300279,11.36991227871145,11.31017543661664,11.41969298045712
2017-07-27,2017-07-26,300296,10.31631961886156,10.32261005765355,10.2911578636936
2017-07-27,2017-07-26,300303,3.713165224159103,3.703951414669874,3.713165224159103
2017-07-27,2017-07-26,300304,7.228417601344492,7.228417601344492,7.303811787538437
2017-07-27,2017-07-26,300403,7.571307833019836,7.571307833019836,7.584692584639789
2017-07-27,2017-07-26,300412,6.064915298417555,6.087050025784041,6.08151634394242
2017-07-27,2017-07-26,300415,12.39425581109765,12.33392215972234,12.34254125277596
2017-07-27,2017-07-26,600119,13.5,13.41,13.42
2017-07-27,2017-07-26,600477,5.624966265862045,5.586058396434146,5.591616663495275
2017-07-27,2017-07-26,601009,5.423263972977884,5.402926733079216,5.389368573146772
2017-07-28,2017-07-27,000338,5.164341536969192,5.172130890720276,5.218867013226785
2017-07-28,2017-07-27,000591,4.476450131224117,4.492728131701295,4.565979133848599
2017-07-28,2017-07-27,000811,7.414824878819687,7.414824878819687,7.384926391405092
2017-07-28,2017-07-27,000928,6.599144181442423,6.53839256642339,6.477640951404357
2017-07-28,2017-07-27,000963,24.18285845987817,23.98202126227696,24.20345714681162
2017-07-28,2017-07-27,002131,3.074726197560763,3.045066459320628,3.045066459320628
2017-07-28,2017-07-27,002149,11.56591361985613,11.24625269066413,11.35280633372813
2017-07-28,2017-07-27,002185,6.205817819346489,6.179521981128919,6.170756701723063
2017-07-28,2017-07-27,002210,11.0984063265721,10.92888888941871,10.88900243361791
2017-07-28,2017-07-27,002366,,,
2017-07-28,2017-07-27,002438,7.259265760104613,7.297522760157865,7.268830010117926
2017-07-28,2017-07-27,002519,7.1736,7.1442,7.154
2017-07-28,2017-07-27,002537,11.02060542390254,11.01073032943668,10.99098014050496
2017-07-28,2017-07-27,002572,31.3981075011028,31.28654062165725,31.39013843828526
2017-07-28,2017-07-27,002589,14.3929288059795,14.36373422422295,14.37346575147514
2017-07-28,2017-07-27,002616,9.000644701392007,9.036755612932195,9.027727885047147
2017-07-28,2017-07-27,002649,8.965926333819386,8.930696760798485,8.895467187777582
2017-07-28,2017-07-27,002668,,,
2017-07-28,2017-07-27,300008,7.84696618890627,7.747763076530716,7.737842765293161
2017-07-28,2017-07-27,300097,,,
2017-07-28,2017-07-27,300145,,,
2017-07-28,2017-07-27,300174,30.67462012915972,30.70418127930025,30.64505897901919
2017-07-28,2017-07-27,300194,6.81503849656838,6.746000479960596,6.795313348966156
2017-07-28,2017-07-27,300260,6.614393082578345,6.657908826542676,6.63615095456051
2017-07-28,2017-07-27,300279,11.83785087512076,11.83785087512076,11.69846491023288
2017-07-28,2017-07-27,300296,10.86987823255657,10.90133042651651,10.99568700839634
2017-07-28,2017-07-27,300303,3.888227604454445,3.879013794965216,3.851372366497531
2017-07-28,2017-07-27,300304,7.671358445233921,7.624237078862704,7.633661352136946
2017-07-28,2017-07-27,300403,7.781002275065761,7.816694946052301,7.794387026685713
2017-07-28,2017-07-27,300412,6.275195208399184,6.363734117865135,6.336065708657024
2017-07-28,2017-07-27,300415,12.92863958042174,12.92863958042174,12.79935318461752
2017-07-28,2017-07-27,600119,13.78,13.69,13.65
2017-07-28,2017-07-27,600477,5.624966265862045,5.619407998800916,5.624966265862045
2017-07-28,2017-07-27,601009,5.430043052944105,5.402926733079216,5.402926733079216
2017-07-31,2017-07-28,000338,5.288971196986548,5.304549904488717,5.335707319493056
2017-07-31,2017-07-28,000963,23.93567421667668,23.99747027747706,23.7760343929424
2017-07-31,2017-07-28,002206,6.475712405894952,6.5115889289193,6.430866752114516
2017-07-31,2017-07-28,002210,10.91891727546851,10.81920113596651,10.90894566151831
2017-07-31,2017-07-28,002217,9.400391064000811,9.35132848015947,9.243390795708523
2017-07-31,2017-07-28,002277,6.201496316650664,6.191745536278572,6.181994755906479
2017-07-31,2017-07-28,002315,12.53729639104432,12.5528320743046,12.54765351321784
2017-07-31,2017-07-28,002366,,,
2017-07-31,2017-07-28,002438,7.182751759998109,7.182751759998109,7.144494759944856
2017-07-31,2017-07-28,002519,7.065799999999999,7.056,6.9874
2017-07-31,2017-07-28,002537,10.93172957370978,11.04035561283427,10.98110504603909
2017-07-31,2017-07-28,002589,14.28588200620548,14.23722436994457,14.25668742444893
2017-07-31,2017-07-28,002649,8.860237614756683,8.886659794522357,8.851430221501458
2017-07-31,2017-07-28,002668,,,
2017-07-31,2017-07-28,002793,10.85898618332365,10.81364594873775,10.72296547956594
2017-07-31,2017-07-28,300008,7.757683387768272,7.727922454055606,7.658480275392718
2017-07-31,2017-07-28,300054,10.15019618496783,10.08087777199732,10.25912511963578
2017-07-31,2017-07-28,300097,,27.36239361354011,26.35561701792352
2017-07-31,2017-07-28,300145,,,
2017-07-31,2017-07-28,300174,30.64505897901919,30.92096304699749,31.12789109798122
2017-07-31,2017-07-28,300194,6.657237315750588,6.61778702054614,6.578336725341692
2017-07-31,2017-07-28,300260,6.570877338614014,6.570877338614014,6.500164254671975
2017-07-31,2017-07-28,300296,11.03972007994026,10.95794437564441,10.85729735497259
2017-07-31,2017-07-28,300339,11.58377298189105,11.5538149483172,11.58377298189105
2017-07-31,2017-07-28,300352,4.983292310767693,4.943505545811464,4.933558854572406
2017-07-31,2017-07-28,300400,12.44668940248802,12.25137758590119,12.19811072683206
2017-07-31,2017-07-28,300403,7.714078516965998,7.65607792661287,7.633770007246282
2017-07-31,2017-07-28,300425,4.839745635465674,4.865111178628493,4.844818744098239
2017-07-31,2017-07-28,300502,3.744558463306749,3.715628991837455,3.751790831174072
2017-07-31,2017-07-28,600337,5.848552403560329,5.829089666776435,5.858283771952276
2017-07-31,2017-07-28,600420,14.64,14.62,14.65
2017-07-31,2017-07-28,600816,11.22004737295435,11.16422624174562,11.11637955785243
2017-07-31,2017-07-28,603077,2.241313191002615,2.241313191002615,2.231652358282776
2017-08-01,2017-07-31,000338,5.460336979510413,5.444758272008244,5.444758272008244
2017-08-01,2017-07-31,000963,23.96657224707687,23.85327946894286,23.84298012547613
2017-08-01,2017-07-31,002206,6.412928490602342,6.412928490602342,6.38602109833408
2017-08-01,2017-07-31,002210,10.93886050336891,10.82917274991671,10.84911597781711
2017-08-01,2017-07-31,002217,9.302265896318131,8.978452842965284,8.860702641746068
2017-08-01,2017-07-31,002277,6.220997877394849,6.201496316650664,6.250250218511125
2017-08-01,2017-07-31,002315,12.62533192951923,12.67193897930006,12.59943912408543
2017-08-01,2017-07-31,002366,,,
2017-08-01,2017-07-31,002438,7.192316010011422,7.15405900995817,7.163623259971483
2017-08-01,2017-07-31,002519,7.1344,7.1344,7.1148
2017-08-01,2017-07-31,002537,11.02060542390254,11.06010580176599,10.97122995157323
2017-08-01,2017-07-31,002589,14.65568004178846,14.77245836881466,14.76272684156248
2017-08-01,2017-07-31,002649,8.842622828246231,8.957118940564161,8.930696760798485
2017-08-01,2017-07-31,002668,,,
2017-08-01,2017-07-31,002793,10.77964077279832,10.8363160660307,10.81364594873775
2017-08-01,2017-07-31,300008,7.658480275392718,7.698161520342939,7.668400586630274
2017-08-01,2017-07-31,300054,10.34824879345501,10.34824879345501,10.30863827175757
2017-08-01,2017-07-31,300097,26.38552127323886,25.90705318819335,25.51829786909387
2017-08-01,2017-07-31,300145,,,
2017-08-01,2017-07-31,300174,30.85198703000291,31.17715968154878,30.88154818014345
2017-08-01,2017-07-31,300194,6.607924446745028,6.588199299142804,6.627649594347252
2017-08-01,2017-07-31,300260,6.657908826542676,6.630711486564969,6.603514146587262
2017-08-01,2017-07-31,300296,11.05859139631623,11.00826788598032,10.93907305926844
2017-08-01,2017-07-31,300339,11.59375899308234,11.59375899308234,11.53384292593463
2017-08-01,2017-07-31,300352,4.963398928289578,4.963398928289578,4.973345619528636
2017-08-01,2017-07-31,300400,12.47332283202259,12.49995626155716,12.56210093047115
2017-08-01,2017-07-31,300403,7.624846839499647,7.638231591119601,7.575769416893155
2017-08-01,2017-07-31,300425,4.829599418200548,4.844818744098239,4.865111178628493
2017-08-01,2017-07-31,300502,3.744558463306749,3.742750371339918,3.753598923140903
2017-08-01,2017-07-31,600337,5.868015140344224,5.819358298384487,5.829089666776435
2017-08-01,2017-07-31,600420,14.9,14.82,15.23
2017-08-01,2017-07-31,600816,11.47522968705139,11.48320413436693,11.58687194946885
2017-08-01,2017-07-31,603077,2.308939020041487,2.308939020041487,2.328260685481165
2017-08-02,2017-08-01,000338,5.460336979510413,5.514862455768006,5.538230517021261
2017-08-02,2017-08-01,000963,23.73998669080885,23.9047761862765,23.82238143854267
2017-08-02,2017-08-01,002206,6.332206313797557,6.368082836821905,6.38602109833408
2017-08-02,2017-08-01,002210,10.86905920571751,10.91891727546851,10.92888888941871
2017-08-02,2017-08-01,002217,8.94901529266048,8.831265091441264,8.978452842965284
2017-08-02,2017-08-01,002277,6.201496316650664,6.201496316650664,6.181994755906479
2017-08-02,2017-08-01,002315,12.63568905169275,12.66158185712655,12.54247495213108
2017-08-02,2017-08-01,002366,,24.17248480996188,24.05442627609149
2017-08-02,2017-08-01,002438,7.182751759998109,7.144494759944856,7.144494759944856
2017-08-02,2017-08-01,002519,7.1344,7.105,7.105
2017-08-02,2017-08-01,002537,10.90210429031219,10.90210429031219,10.78360315672184
2017-08-02,2017-08-01,002589,14.58755935102318,14.49997560575352,14.46104949674479
2017-08-02,2017-08-01,002649,8.92188936754326,8.904274581032809,8.886659794522357
2017-08-02,2017-08-01,002668,,,
2017-08-02,2017-08-01,002793,10.78530830212156,10.81364594873775,10.72296547956594
2017-08-02,2017-08-01,300008,7.688241209105384,7.658480275392718,7.618799030442497
2017-08-02,2017-08-01,300054,10.18980670666527,10.17000144581655,10.12048829369476
2017-08-02,2017-08-01,300097,25.79740425203709,26.1462872307161,26.31574467750306
2017-08-02,2017-08-01,300145,,,
2017-08-02,2017-08-01,300174,30.96037791385154,30.48739951160301,30.48739951160301
2017-08-02,2017-08-01,300194,6.933389382181724,6.884076513176164,7.337754908027315
2017-08-02,2017-08-01,300260,6.587195742600637,6.59807467859172,6.608953614582803
2017-08-02,2017-08-01,300296,11.04601051873225,10.99568700839634,11.00826788598032
2017-08-02,2017-08-01,300339,11.59375899308234,11.59375899308234,11.50388489236077
2017-08-02,2017-08-01,300352,4.99323900200675,5.013132384484865,5.003185693245808
2017-08-02,2017-08-01,300400,12.63312340923,12.62424559938514,12.60648997969543
2017-08-02,2017-08-01,300403,7.620385255626329,7.624846839499647,7.571307833019836
2017-08-02,2017-08-01,300425,4.844818744098239,4.844818744098239,4.834672526833112
2017-08-02,2017-08-01,300502,3.780720302643366,3.769871750842381,3.742750371339918
2017-08-02,2017-08-01,600337,5.819358298384487,5.848552403560329,5.858283771952276
2017-08-02,2017-08-01,600420,15.14,15.36,15.37
2017-08-02,2017-08-01,600816,11.4273830031582,11.49915302899799,11.57889750215332
2017-08-02,2017-08-01,603077,2.308939020041487,,
2017-08-03,2017-08-02,000338,5.444758272008244,5.5693879320256,5.530441163270176
2017-08-03,2017-08-02,000963,23.40525802814018,23.31771360867299,23.45675474547382
2017-08-03,2017-08-02,002206,6.278391529261034,6.242515006236685,6.242515006236685
2017-08-03,2017-08-02,002210,11.0086618010203,11.0385766428709,10.93886050336891
2017-08-03,2017-08-02,002217,8.860702641746068,8.860702641746068,8.988265359733553
2017-08-03,2017-08-02,002277,6.074736171813465,6.103988512929742,6.113739293301833
2017-08-03,2017-08-02,002315,12.37676099735478,12.29908258105339,12.42336804713562
2017-08-03,2017-08-02,002366,23.61170677407754,23.26736938362224,23.51332466251888
2017-08-03,2017-08-02,002438,7.077545009851666,7.087109259864978,7.077545009851666
2017-08-03,2017-08-02,002519,7.0756,7.065799999999999,7.0364
2017-08-03,2017-08-02,002537,10.45772503934838,10.36884918915562,10.33922390575803
2017-08-03,2017-08-02,002589,14.59729087827536,14.55836476926663,14.51943866025789
2017-08-03,2017-08-02,002649,8.631245390120824,8.596015817099921,8.56078624407902
2017-08-03,2017-08-02,002668,,,
2017-08-03,2017-08-02,002793,10.58694477580823,10.54160454122233,10.55860712919204
2017-08-03,2017-08-02,300008,7.430313116928946,7.440233428166501,7.420392805691391
2017-08-03,2017-08-02,300054,10.2294172283627,10.2294172283627,10.15019618496783
2017-08-03,2017-08-02,300097,25.89708510308824,25.86718084777289,25.31893616699158
2017-08-03,2017-08-02,300145,,,
2017-08-03,2017-08-02,300174,30.59579039545163,30.28047146061928,30.15237314334363
2017-08-03,2017-08-02,300194,7.298304612822867,7.288442039021755,7.248991743817307
2017-08-03,2017-08-02,300260,6.434890638725478,6.445769574716561,6.462087978703186
2017-08-03,2017-08-02,300296,10.83842603859662,10.74406945671679,10.80697384463668
2017-08-03,2017-08-02,300339,11.29417865734378,11.30416466853506,11.30416466853506
2017-08-03,2017-08-02,300352,5.023079075723922,4.983292310767693,5.003185693245808
2017-08-03,2017-08-02,300400,12.27801101543576,12.32240006466004,12.42893378279831
2017-08-03,2017-08-02,300403,7.482076155553487,7.450845068440263,7.428537149073676
2017-08-03,2017-08-02,300425,4.758575897344659,4.819453200935421,4.814380092302858
2017-08-03,2017-08-02,300502,3.674042876600344,3.688507612334991,3.670426692666683
2017-08-03,2017-08-02,600337,5.858283771952276,5.848552403560329,5.838821035168381
2017-08-03,2017-08-02,600420,15.28,15.35,15.12
2017-08-03,2017-08-02,600816,11.78623313235716,11.65066752799311,11.58687194946885
2017-08-03,2017-08-02,603077,,,
2017-08-04,2017-08-03,000338,5.553809224523429,5.546019870772345,5.561598578274515
2017-08-04,2017-08-03,000963,23.33831229560644,23.35376131080653,23.40010835640681
2017-08-04,2017-08-03,002206,6.287360660017121,6.278391529261034,6.287360660017121
2017-08-04,2017-08-03,002210,10.93886050336891,10.96877534521951,10.92888888941871
2017-08-04,2017-08-03,002217,8.801827541136459,8.899952708819139,8.841077608209531
2017-08-04,2017-08-03,002277,6.299004120371587,6.308754900743678,6.250250218511125
2017-08-04,2017-08-03,002315,12.50104646343701,12.45961797474293,12.41818948604886
2017-08-04,2017-08-03,002366,24.05442627609149,23.60186856292167,23.81830920835072
2017-08-04,2017-08-03,002438,7.096673509878292,7.077545009851666,7.048852259811726
2017-08-04,2017-08-03,002519,7.056,7.0168,7.065799999999999
2017-08-04,2017-08-03,002537,10.69472730652908,10.61572655080218,10.56635107847287
2017-08-04,2017-08-03,002589,14.51943866025789,14.53890171476226,14.53890171476226
2017-08-04,2017-08-03,002649,8.666474963141724,8.67528235639695,8.631245390120824
2017-08-04,2017-08-03,002668,,,
2017-08-04,2017-08-03,002793,10.71163042091946,10.81931347806098,11.44274170361714
2017-08-04,2017-08-03,300008,7.479914673116722,7.529516229304499,7.559277163017165
2017-08-04,2017-08-03,300054,10.2789303804845,10.15019618496783,10.0610725111486
2017-08-04,2017-08-03,300097,24.69094680536935,24.56136169900286,24.19254255011361
2017-08-04,2017-08-03,300145,,,
2017-08-04,2017-08-03,300174,29.96515252578693,29.54144270710595,29.62027244081404
2017-08-04,2017-08-03,300194,7.248991743817307,7.239129170016195,7.160228579607299
2017-08-04,2017-08-03,300260,6.87004807836879,6.821092866408917,6.712303506498089
2017-08-04,2017-08-03,300296,10.9642348144364,11.07117227390021,11.03972007994026
2017-08-04,2017-08-03,300339,11.42399680283049,11.37406674687406,11.28419264615249
2017-08-04,2017-08-03,300352,5.052919149441094,5.033025766962979,4.99323900200675
2017-08-04,2017-08-03,300400,12.4111781631086,12.47332283202259,12.34903349419461
2017-08-04,2017-08-03,300403,7.47761457168017,7.482076155553487,7.450845068440263
2017-08-04,2017-08-03,300425,4.80423387503773,4.773795223242349,4.728137245549276
2017-08-04,2017-08-03,300502,3.730093727572101,3.739134187406256,3.739134187406256
2017-08-04,2017-08-03,600337,5.819358298384487,5.799895561600592,5.780432824816698
2017-08-04,2017-08-03,600420,15.26,15.25,14.99
2017-08-04,2017-08-03,600816,11.52307637094459,11.44333189778926,11.3556129773184
2017-08-04,2017-08-03,603077,,,
2017-08-07,2017-08-04,000070,8.852048481803404,8.852048481803404,8.868486826245006
2017-08-07,2017-08-04,000338,5.468126333261497,5.452547625759328,5.421390210754989
2017-08-07,2017-08-04,000591,4.704342137904618,4.761315139574743,4.720620138381796
2017-08-07,2017-08-04,002149,11.42061319749613,11.26562608031213,11.26562608031213
2017-08-07,2017-08-04,002206,6.269422398504947,6.242515006236685,6.224576744724511
2017-08-07,2017-08-04,002218,4.441294480283191,4.441294480283191,4.489992884672262
2017-08-07,2017-08-04,002366,24.49714577810544,24.79229211278141,24.99889454705459
2017-08-07,2017-08-04,002537,10.80335334565357,11.77111260330809,11.28723297448083
2017-08-07,2017-08-04,002589,14.36373422422295,14.37346575147514,14.34427116971859
2017-08-07,2017-08-04,002599,7.861100981537746,7.831985792717234,7.831985792717234
2017-08-07,2017-08-04,002607,3.892596757643975,3.911045083509586,3.911045083509586
2017-08-07,2017-08-04,002643,11.48518236719133,11.56581157257723,11.59268797437253
2017-08-07,2017-08-04,002649,8.596015817099921,8.648860176631274,8.684089749652175
2017-08-07,2017-08-04,002668,,,
2017-08-07,2017-08-04,002765,9.2128509406657,9.2128509406657,9.282344428364688
2017-08-07,2017-08-04,300008,7.926328678806713,7.807284943956049,7.817205255193604
2017-08-07,2017-08-04,300037,12.22869230928062,12.42263213587444,12.39118243426464
2017-08-07,2017-08-04,300097,24.30219148626987,24.30219148626987,24.661042550054
2017-08-07,2017-08-04,300145,,,
2017-08-07,2017-08-04,300174,29.95529880907341,29.79763934165724,29.63997987424106
2017-08-07,2017-08-04,300194,7.051740267795068,7.120778284402851,7.239129170016195
2017-08-07,2017-08-04,300230,7.063254862952646,7.090351748616146,7.094867896226731
2017-08-07,2017-08-04,300253,5.482459026866478,5.550989764702309,5.611905976111936
2017-08-07,2017-08-04,300296,10.98310613081236,11.04601051873225,11.01455832477231
2017-08-07,2017-08-04,300339,11.25423461257864,11.32413669091763,11.40402478044792
2017-08-07,2017-08-04,300352,4.963398928289578,4.983292310767693,5.013132384484865
2017-08-07,2017-08-04,300425,4.723064136916713,4.74842968007953,4.763649005977221
2017-08-07,2017-08-04,300471,14.08574383898513,14.09570546829135,14.17539850274105
2017-08-07,2017-08-04,300502,3.719245175771116,3.712012807903793,3.769871750842381
2017-08-07,2017-08-04,600420,15.04,15.07,15.02
2017-08-07,2017-08-04,603077,,,
2017-08-08,2017-08-07,000070,8.98355523733623,8.901363515128214,8.901363515128214
2017-08-08,2017-08-07,000338,5.460336979510413,5.429179564506073,5.413600857003904
2017-08-08,2017-08-07,000591,4.7938711405291,4.769454139813332,4.777593140051922
2017-08-08,2017-08-07,002149,12.13742861447214,12.01150158176014,12.30210242648014
2017-08-08,2017-08-07,002206,6.305298921529296,6.269422398504947,6.26045326774886
2017-08-08,2017-08-07,002218,4.460773842038819,4.489992884672262,4.470513522916633
2017-08-08,2017-08-07,002366,24.63488073428756,24.64471894544343,24.61520431197583
2017-08-08,2017-08-07,002537,11.14898165195875,10.99098014050496,11.15885674642462
2017-08-08,2017-08-07,002589,14.32480811521422,14.25668742444893,14.2177613154402
2017-08-08,2017-08-07,002599,7.87274705706595,7.820339717189031,7.831985792717234
2017-08-08,2017-08-07,002607,3.88337259471117,3.892596757643975,3.88337259471117
2017-08-08,2017-08-07,002643,11.52101756958507,11.5299763701835,11.48518236719133
2017-08-08,2017-08-07,002649,8.67528235639695,8.719319322673076,8.754548895693977
2017-08-08,2017-08-07,002668,,,
2017-08-08,2017-08-07,002765,9.302199710564398,9.312127351664255,9.272416787264833
2017-08-08,2017-08-07,300008,7.837045877668715,7.787444321480938,7.747763076530716
2017-08-08,2017-08-07,300037,12.19200099073585,12.41214890200451,12.34400788184992
2017-08-08,2017-08-07,300097,24.38193616711079,24.57132978410797,24.37196808200567
2017-08-08,2017-08-07,300145,,,
2017-08-08,2017-08-07,300174,30.69432756258674,30.79286472972185,30.62535154559216
2017-08-08,2017-08-07,300194,7.41665549843621,7.367342629430651,7.327892334226203
2017-08-08,2017-08-07,300230,7.103900191447898,7.072287158173813,7.076803305784396
2017-08-08,2017-08-07,300253,5.558604291128512,5.634749555390547,5.589062396833326
2017-08-08,2017-08-07,300296,10.97681569202038,11.03972007994026,11.08375315148418
2017-08-08,2017-08-07,300339,11.36408073568278,11.4140107916392,11.38405275806535
2017-08-08,2017-08-07,300352,4.963398928289578,4.963398928289578,4.973345619528636
2017-08-08,2017-08-07,300425,4.743356571446967,4.768722114609785,4.768722114609785
2017-08-08,2017-08-07,300471,14.05585895106649,14.05585895106649,14.00605080453543
2017-08-08,2017-08-07,300502,3.760831291008226,3.789760762477521,3.773487934776043
2017-08-08,2017-08-07,600420,15.15,15.11,15.03
2017-08-08,2017-08-07,603077,,,
2017-08-09,2017-08-08,000070,9.016431926219438,8.975336065115428,8.950678548453025
2017-08-09,2017-08-08,000338,5.436968918257159,5.436968918257159,5.40581150325282
2017-08-09,2017-08-08,000591,4.78573214029051,4.7938711405291,4.769454139813332
2017-08-09,2017-08-08,002149,12.38928267989614,12.36022259542414,12.64113674532014
2017-08-09,2017-08-08,002206,6.26045326774886,6.26045326774886,6.251484136992772
2017-08-09,2017-08-08,002218,4.548430969939145,4.636088097839471,4.567910331694773
2017-08-09,2017-08-08,002366,24.40860187770265,24.55617504504064,24.34957261076746
2017-08-09,2017-08-08,002537,12.26486732660122,12.04761524835224,12.06736543728397
2017-08-09,2017-08-08,002589,14.1593721519271,14.08151993390963,14.11071451566618
2017-08-09,2017-08-08,002599,7.814516679424929,7.785401490604419,7.791224528368521
2017-08-09,2017-08-08,002607,3.892596757643975,3.874148431778364,3.88337259471117
2017-08-09,2017-08-08,002643,11.5837291737741,11.53893517078193,11.4762235665929
2017-08-09,2017-08-08,002649,8.710511929417851,8.719319322673076,8.6928971429074
2017-08-09,2017-08-08,002668,,,
2017-08-09,2017-08-08,002765,9.341910274963819,9.331982633863964,9.322054992764109
2017-08-09,2017-08-08,300008,7.985850546232045,7.946169301281823,7.896567745094046
2017-08-09,2017-08-08,300037,12.27062524476037,12.37021596652476,12.48028992215909
2017-08-09,2017-08-08,300097,24.41184042242613,24.47164893305682,24.35203191179544
2017-08-09,2017-08-08,300145,,,
2017-08-09,2017-08-08,300174,30.22134916033821,29.86661535865181,29.82720049179777
2017-08-09,2017-08-08,300194,7.406792924635099,7.495556088845106,7.456105793640658
2017-08-09,2017-08-08,300230,7.067771010563229,7.045190272510311,7.027125682067978
2017-08-09,2017-08-08,300253,5.695665766800174,5.665207661095361,5.634749555390547
2017-08-09,2017-08-08,300296,11.12778622302811,11.12778622302811,11.14036710061208
2017-08-09,2017-08-08,300339,11.69361910499519,11.71359112737776,11.66366107142134
2017-08-09,2017-08-08,300352,5.033025766962979,5.003185693245808,4.99323900200675
2017-08-09,2017-08-08,300425,4.80423387503773,4.789014549140039,4.809306983670294
2017-08-09,2017-08-08,300471,14.12559035620998,14.07578220967892,14.10566709759756
2017-08-09,2017-08-08,300502,3.825922601814138,3.787952670510689,3.806033590178999
2017-08-09,2017-08-08,600420,14.95,14.96,14.94
2017-08-09,2017-08-08,603077,,,
2017-08-10,2017-08-09,000070,8.893144342907412,8.93424020401142,8.901363515128214
2017-08-10,2017-08-09,000338,5.507073102016921,5.483705040763667,5.460336979510413
2017-08-10,2017-08-09,000591,4.696203137666028,4.663647136711671,4.655508136473081
2017-08-10,2017-08-09,002149,12.59270327120014,12.27304234200814,12.12774191964814
2017-08-10,2017-08-09,002206,6.278391529261034,6.278391529261034,6.278391529261034
2017-08-10,2017-08-09,002218,4.558170650816959,4.519211927305703,4.509472246427889
2017-08-10,2017-08-09,002366,24.16264659880601,24.05442627609149,24.06426448724736
2017-08-10,2017-08-09,002537,12.24511713766949,12.64012091630399,12.48211940485019
2017-08-10,2017-08-09,002589,14.22749284269238,14.20802978818802,14.25668742444893
2017-08-10,2017-08-09,002599,7.797047566132624,7.797047566132624,7.820339717189031
2017-08-10,2017-08-09,002607,3.938717572308003,3.96639006110642,3.975614224039226
2017-08-10,2017-08-09,002643,11.38663556060857,11.4493471647976,11.53893517078193
2017-08-10,2017-08-09,002649,8.780971075459654,8.798585861970105,8.780971075459654
2017-08-10,2017-08-09,002668,,,
2017-08-10,2017-08-09,002765,9.282344428364688,9.252561505065122,9.272416787264833
2017-08-10,2017-08-09,300008,7.946169301281823,8.253698949646038,8.263619260883594
2017-08-10,2017-08-09,300037,12.70567945036272,12.63753843020814,12.91010251082648
2017-08-10,2017-08-09,300097,24.82053191173584,25.03982978404837,25.28903191167624
2017-08-10,2017-08-09,300145,,,
2017-08-10,2017-08-09,300174,29.98485995921395,29.44290553997084,29.47246669011137
2017-08-10,2017-08-09,300194,7.41665549843621,7.456105793640658,7.485693515043994
2017-08-10,2017-08-09,300230,7.01809338684681,6.990996501183309,6.977448058351558
2017-08-10,2017-08-09,300253,5.634749555390547,5.64236408181675,5.649978608242954
2017-08-10,2017-08-09,300296,11.05230095752424,11.00197744718833,11.09004359027617
2017-08-10,2017-08-09,300339,11.8234372504819,11.81345123929062,11.88335331762962
2017-08-10,2017-08-09,300352,4.963398928289578,4.983292310767693,5.003185693245808
2017-08-10,2017-08-09,300425,4.93106159085182,4.900622939056439,4.900622939056439
2017-08-10,2017-08-09,300471,14.01601243384164,14.15547524412862,14.2152450199659
2017-08-10,2017-08-09,300502,3.804225498212167,3.798801222311675,3.816882141979983
2017-08-10,2017-08-09,600420,15.23,15.48,15.62
2017-08-10,2017-08-09,603077,,,
2017-08-11,2017-08-10,000070,9.032870270661041,8.909582687349015,8.93424020401142
2017-08-11,2017-08-10,000338,5.39023279575065,5.335707319493056,5.327917965741972
2017-08-11,2017-08-10,000591,4.631091135757314,4.574118134087189,4.55784013361001
2017-08-11,2017-08-10,002149,11.89526124387213,11.67246726292013,11.65309387327213
2017-08-11,2017-08-10,002206,6.242515006236685,6.224576744724511,6.215607613968423
2017-08-11,2017-08-10,002218,4.431554799405377,4.402335756771935,4.39259607589412
2017-08-11,2017-08-10,002366,23.38542791749263,23.41494255096023,23.39526612864849
2017-08-11,2017-08-10,002537,12.44261902698674,12.44261902698674,12.49199449931605
2017-08-11,2017-08-10,002589,14.49024407850134,14.40266033323169,14.38319727872732
2017-08-11,2017-08-10,002599,7.657294659794174,7.604887319917256,7.651471622030073
2017-08-11,2017-08-10,002607,3.947941735240809,3.892596757643975,3.901820920576781
2017-08-11,2017-08-10,002643,11.57477037317567,11.48518236719133,11.5299763701835
2017-08-11,2017-08-10,002649,8.596015817099921,8.551978850823795,8.56078624407902
2017-08-11,2017-08-10,002668,,,
2017-08-11,2017-08-10,002765,9.133429811866858,9.093719247467437,9.083791606367583
2017-08-11,2017-08-10,300008,8.223938015933372,8.144575526032931,8.342981750784038
2017-08-11,2017-08-10,300037,12.46980668828916,12.46456507135419,12.55891417618361
2017-08-11,2017-08-10,300097,25.28903191167624,24.97005318831256,24.98002127341767
2017-08-11,2017-08-10,300145,,,
2017-08-11,2017-08-10,300174,29.71880960794915,29.10787917171147,29.18670890541956
2017-08-11,2017-08-10,300194,7.288442039021755,7.268716891419531,7.288442039021755
2017-08-11,2017-08-10,300230,7.000028796404476,6.932286582245723,6.932286582245723
2017-08-11,2017-08-10,300253,5.444386394735461,5.429157341883054,5.436771868309258
2017-08-11,2017-08-10,300296,10.80697384463668,10.74406945671679,10.93907305926844
2017-08-11,2017-08-10,300339,11.6237170266562,11.57378697069977,11.67364708261262
2017-08-11,2017-08-10,300352,4.933558854572406,4.903718780855234,4.903718780855234
2017-08-11,2017-08-10,300425,4.834672526833112,4.814380092302858,4.799160766405167
2017-08-11,2017-08-10,300471,14.00605080453543,13.99608917522922,14.04589732176028
2017-08-11,2017-08-10,300502,3.717437083804285,3.659578140865697,3.688507612334991
2017-08-11,2017-08-10,600420,16.08,16.01,16.37
2017-08-11,2017-08-10,603077,,,
2017-08-14,2017-08-11,000070,9.254787920622686,9.230130403960281,9.139719509531462
2017-08-14,2017-08-11,000338,5.164341536969192,5.211077659475701,5.218867013226785
2017-08-14,2017-08-11,000591,4.67992513718885,4.712481138143207,4.663647136711671
2017-08-14,2017-08-11,002149,11.52716684056013,11.56591361985613,11.57560031468013
2017-08-14,2017-08-11,002206,6.278391529261034,6.287360660017121,6.251484136992772
2017-08-14,2017-08-11,002210,11.28786699162589,11.22803730792469,11.38758313112789
2017-08-14,2017-08-11,002281,20.31017563980752,20.76151287624769,20.82038295056597
2017-08-14,2017-08-11,002366,23.21817832784291,23.31656043940157,23.38542791749263
2017-08-14,2017-08-11,002429,2.916322964576838,2.925670153565866,2.935017342554894
2017-08-14,2017-08-11,002456,18.58719868980689,18.79626734137943,19.03520294317663
2017-08-14,2017-08-11,002537,12.57099525504295,12.83762280562124,12.96599903367745
2017-08-14,2017-08-11,002589,14.14964062467491,14.18856673368365,14.14964062467491
2017-08-14,2017-08-11,002607,3.846475942979947,3.846475942979947,3.864924268845559
2017-08-14,2017-08-11,002620,12.04497742652887,12.06459465360791,12.1136377213055
2017-08-14,2017-08-11,002643,11.4224707630023,11.45830596539603,11.7181111827506
2017-08-14,2017-08-11,002649,8.50794188454767,8.578401030589472,8.666474963141724
2017-08-14,2017-08-11,002668,,,
2017-08-14,2017-08-11,300145,,,
2017-08-14,2017-08-11,300174,29.44290553997084,29.30495350598169,29.24583120570062
2017-08-14,2017-08-11,300194,7.120778284402851,7.160228579607299,7.160228579607299
2017-08-14,2017-08-11,300253,5.421542815456851,5.482459026866478,5.490073553292682
2017-08-14,2017-08-11,300260,6.576316806609555,6.625272018569427,6.641590422556051
2017-08-14,2017-08-11,300279,11.41969298045712,11.51925438394846,11.50929824359933
2017-08-14,2017-08-11,300355,9.886242162130262,9.982039082305942,9.972459390288375
2017-08-14,2017-08-11,300400,12.37566692372917,12.42893378279831,12.51771188124687
2017-08-14,2017-08-11,300425,4.738283462814403,4.743356571446967,4.763649005977221
2017-08-14,2017-08-11,300471,14.24512990788454,14.28497642510939,14.46428575262122
2017-08-14,2017-08-11,300487,6.552724788970082,6.611156729763446,6.657067540386803
2017-08-14,2017-08-11,300502,3.675850968567175,3.702972348069638,3.699356164135977
2017-08-14,2017-08-11,600420,16.5,16.61,16.68
2017-08-14,2017-08-11,601888,25.48238960207107,25.67453688452833,25.82093481401959
2017-08-14,2017-08-11,603077,,,
2017-08-15,2017-08-14,000070,9.295883781726694,9.361637159493108,9.189034542856271
2017-08-15,2017-08-14,000338,5.273392489484379,5.257813781982209,5.312339258239803
2017-08-15,2017-08-14,000591,4.67178613695026,4.639230135995903,4.606674135041546
2017-08-15,2017-08-14,002149,11.64340717844813,11.55622692503213,11.47873336644013
2017-08-15,2017-08-14,002206,6.38602109833408,6.368082836821905,6.377051967577994
2017-08-15,2017-08-14,002210,11.24798053582509,11.26792376372549,11.23800892187489
2017-08-15,2017-08-14,002281,20.7222661600355,20.65358440666417,20.57509097423979
2017-08-15,2017-08-14,002366,23.72976530794793,23.76911815257139,24.05442627609149
2017-08-15,2017-08-14,002429,2.981753287500036,2.963058909521979,2.972406098511008
2017-08-15,2017-08-14,002456,19.79183234886775,20.05067925081472,20.19005835186308
2017-08-15,2017-08-14,002537,13.06474997833608,12.91662356134814,12.71912167203089
2017-08-15,2017-08-14,002589,14.22749284269238,14.23722436994457,14.22749284269238
2017-08-15,2017-08-14,002607,3.947941735240809,3.938717572308003,3.947941735240809
2017-08-15,2017-08-14,002620,12.25095831085876,12.2705755379378,12.23134108377972
2017-08-15,2017-08-14,002643,11.83457559053023,11.82561678993179,11.79874038813649
2017-08-15,2017-08-14,002649,8.877852401267132,8.816200648480555,8.798585861970105
2017-08-15,2017-08-14,002668,,,
2017-08-15,2017-08-14,300145,,,
2017-08-15,2017-08-14,300174,29.46261297339786,29.19656262213307,29.29509978926818
2017-08-15,2017-08-14,300194,7.239129170016195,7.248991743817307,7.337754908027315
2017-08-15,2017-08-14,300253,5.627135028964343,5.672822187521565,5.61952050253814
2017-08-15,2017-08-14,300260,6.75581925046242,6.777577122444587,6.766698186453503
2017-08-15,2017-08-14,300279,11.70842105058202,11.72833333128028,11.75820175232769
2017-08-15,2017-08-14,300355,10.34606737897353,10.40354553107894,10.27900953485055
2017-08-15,2017-08-14,300400,12.83731303566169,13.13028076054193,13.16579199992135
2017-08-15,2017-08-14,300425,4.895549830423875,4.86003806999593,4.865111178628493
2017-08-15,2017-08-14,300471,14.59378693360199,14.62367182152063,14.63363345082684
2017-08-15,2017-08-14,300487,6.761410291803524,6.744715451576849,6.711325771123498
2017-08-15,2017-08-14,300502,3.786144578543859,3.811457866079491,3.796993130344844
2017-08-15,2017-08-14,600420,16.42,16.49,16.28
2017-08-15,2017-08-14,601888,25.61963766096911,25.66538701393513,25.74773584927396
2017-08-15,2017-08-14,603077,,,
2017-08-16,2017-08-15,000070,9.123281165089859,9.090404476206652,9.098623648427454
2017-08-16,2017-08-15,000338,5.257813781982209,5.257813781982209,5.257813781982209
2017-08-16,2017-08-15,000591,4.631091135757314,4.810149141006279,4.7938711405291
2017-08-16,2017-08-15,002149,11.54654023020813,11.43029989232013,11.39155311302413
2017-08-16,2017-08-15,002206,6.296329790773208,6.269422398504947,6.305298921529296
2017-08-16,2017-08-15,002210,11.2080940800243,11.23800892187489,11.23800892187489
2017-08-16,2017-08-15,002281,20.73207783908854,20.64377272761112,20.61433769045198
2017-08-16,2017-08-15,002366,24.44795472232612,24.67423357891102,24.98905633589872
2017-08-16,2017-08-15,002429,2.972406098511008,2.972406098511008,2.972406098511008
2017-08-16,2017-08-15,002456,20.07059055096448,20.13032445141378,20.26970355246214
2017-08-16,2017-08-15,002537,12.46236921591847,12.30436770446467,12.54136997164536
2017-08-16,2017-08-15,002589,14.16910367917928,14.18856673368365,14.29561353345767
2017-08-16,2017-08-15,002607,3.947941735240809,3.929493409375198,3.957165898173615
2017-08-16,2017-08-15,002620,12.50598226288624,12.48636503580721,12.55502533058384
2017-08-16,2017-08-15,002643,11.79874038813649,11.6912347809553,11.6912347809553
2017-08-16,2017-08-15,002649,8.80739325522533,8.780971075459654,8.877852401267132
2017-08-16,2017-08-15,002668,,,
2017-08-16,2017-08-15,300145,,,
2017-08-16,2017-08-15,300174,29.87646907536533,29.56115014053297,29.48232040682489
2017-08-16,2017-08-15,300194,7.288442039021755,7.239129170016195,7.258854317618419
2017-08-16,2017-08-15,300253,5.695665766800174,5.680436713947768,5.703280293226378
2017-08-16,2017-08-15,300260,6.783016590440128,6.772137654449045,6.804774462422293
2017-08-16,2017-08-15,300279,11.71837719093115,11.68850876988375,11.81793859442249
2017-08-16,2017-08-15,300355,10.40354553107894,10.36522676300867,10.33648768695596
2017-08-16,2017-08-15,300400,13.29895914759419,13.16579199992135,13.17466980976621
2017-08-16,2017-08-15,300425,4.991938894442583,4.966573351279765,4.966573351279765
2017-08-16,2017-08-15,300471,14.59378693360199,14.50413226984608,14.54397878707093
2017-08-16,2017-08-15,300487,6.723846901293505,6.732194321406842,6.765584001860193
2017-08-16,2017-08-15,300502,3.833154969681462,3.833154969681462,3.876549176885403
2017-08-16,2017-08-15,600420,16.43,16.3,16.47
2017-08-16,2017-08-15,601888,25.5921880491895,25.66538701393513,25.64708727274873
2017-08-16,2017-08-15,603077,,2.212330692843099,2.221991525562937
2017-08-17,2017-08-16,000070,9.189034542856271,9.254787920622686,9.287664609505892
2017-08-17,2017-08-16,000338,5.203288305724616,5.226656366977871,5.226656366977871
2017-08-17,2017-08-16,000591,4.745037139097564,4.704342137904618,4.696203137666028
2017-08-17,2017-08-16,002149,11.24625269066413,11.43998658714413,11.42061319749613
2017-08-17,2017-08-16,002206,6.305298921529296,6.269422398504947,6.242515006236685
2017-08-17,2017-08-16,002210,11.2080940800243,11.1582360102733,11.1682076242235
2017-08-17,2017-08-16,002281,21.23247347079395,21.23247347079395,21.20303843363481
2017-08-17,2017-08-16,002366,25.2842026705747,25.31371730404229,25.46129047138028
2017-08-17,2017-08-16,002429,3.009794854467121,3.009794854467121,3.000447665478092
2017-08-17,2017-08-16,002456,20.25974790238726,20.10045750118913,19.92125579984124
2017-08-17,2017-08-16,002537,12.44261902698674,12.2154918542719,12.36361827125984
2017-08-17,2017-08-16,002589,14.53890171476226,14.49024407850134,14.44158644224042
2017-08-17,2017-08-16,002607,4.003286712837642,3.994062549904837,4.003286712837642
2017-08-17,2017-08-16,002620,12.65311146597902,12.59425978474191,12.65311146597902
2017-08-17,2017-08-16,002643,11.94208119771143,12.07646320668792,12.18396881386912
2017-08-17,2017-08-16,002649,9.036385479861188,9.001155906840287,8.974733727074611
2017-08-17,2017-08-16,002668,,,
2017-08-17,2017-08-16,300145,,,
2017-08-17,2017-08-16,300174,29.80749305837075,29.57100385724649,29.58085757396
2017-08-17,2017-08-16,300194,7.278579465220643,7.278579465220643,7.239129170016195
2017-08-17,2017-08-16,300253,5.901257980307667,5.847956295324243,5.886028927455261
2017-08-17,2017-08-16,300260,6.913563822333122,6.90812435433758,6.94620063030637
2017-08-17,2017-08-16,300279,12.12657894524566,12.02701754175432,12.04692982245258
2017-08-17,2017-08-16,300355,10.68135659958841,10.5951393714303,10.5951393714303
2017-08-17,2017-08-16,300400,13.25457009836991,13.25457009836991,13.16579199992135
2017-08-17,2017-08-16,300425,5.032523763503092,5.037596872135656,5.11369350162411
2017-08-17,2017-08-16,300471,14.71332648527655,14.64359508013306,14.62367182152063
2017-08-17,2017-08-16,300487,6.928358694070279,7.045222575657005,7.086959676223694
2017-08-17,2017-08-16,300502,4.216470466649608,4.205621914848622,4.335804536460446
2017-08-17,2017-08-16,600420,16.23,16.12,16.11
2017-08-17,2017-08-16,601888,25.99478235529045,26.15948002596811,26.21437924952733
2017-08-17,2017-08-16,603077,2.270295689162132,2.231652358282776,2.241313191002615
2017-08-18,2017-08-17,000070,9.476705570584331,9.353417987272307,9.410952192817916
2017-08-18,2017-08-17,000338,5.250024428231125,5.211077659475701,5.234445720728955
2017-08-18,2017-08-17,000591,4.769454139813332,4.728759138620385,4.712481138143207
2017-08-18,2017-08-17,002149,11.41092650267213,11.28499946996013,11.34311963890413
2017-08-18,2017-08-17,002206,6.377051967577994,6.332206313797557,6.412928490602342
2017-08-18,2017-08-17,002210,11.38758313112789,11.38758313112789,11.32775344742669
2017-08-18,2017-08-17,002281,21.58569391670364,21.87023260924201,21.58569391670364
2017-08-18,2017-08-17,002366,25.83514249530317,25.51048152715961,25.60886363871826
2017-08-18,2017-08-17,002429,3.037836421434206,3.009794854467121,3.019142043456149
2017-08-18,2017-08-17,002456,20.14028010148866,19.99094535036541,20.21992530208773
2017-08-18,2017-08-17,002537,12.2154918542719,12.12661600407914,12.0574903428181
2017-08-18,2017-08-17,002589,14.44158644224042,14.35400269697077,14.35400269697077
2017-08-18,2017-08-17,002607,4.040183364568866,4.003286712837642,4.003286712837642
2017-08-18,2017-08-17,002620,12.73158037429517,12.60406839828143,12.60406839828143
2017-08-18,2017-08-17,002643,12.29147442105032,12.30939202224719,12.37210362643622
2017-08-18,2017-08-17,002649,9.10684462590299,9.045192873116413,9.027578086605963
2017-08-18,2017-08-17,002668,,,
2017-08-18,2017-08-17,300145,,,
2017-08-18,2017-08-17,300174,29.85676164193831,29.64983359095458,29.60056500738702
2017-08-18,2017-08-17,300194,7.268716891419531,7.288442039021755,7.239129170016195
2017-08-18,2017-08-17,300253,5.954559665291091,5.870799874602854,5.916487033160074
2017-08-18,2017-08-17,300260,6.935321694315287,6.951640098301911,6.951640098301911
2017-08-18,2017-08-17,300279,12.09671052419826,12.32570175222835,12.24605262943527
2017-08-18,2017-08-17,300355,10.5664002953776,10.50892214327219,10.58555967941273
2017-08-18,2017-08-17,300400,13.67182716107814,13.67182716107814,13.92928364657896
2017-08-18,2017-08-17,300425,5.088327958461291,5.037596872135656,5.052816198033347
2017-08-18,2017-08-17,300471,14.6734799680517,14.54397878707093,14.50413226984608
2017-08-18,2017-08-17,300487,7.141217906960389,7.045222575657005,7.016006605260324
2017-08-18,2017-08-17,300502,4.475027617906424,4.350269272195092,4.348461180228262
2017-08-18,2017-08-17,600420,16.2,16.2,16.55
2017-08-18,2017-08-17,601888,26.36992704961178,26.38822679079819,26.44312601435741
2017-08-18,2017-08-17,603077,2.241313191002615,2.221991525562937,2.221991525562937
2017-08-21,2017-08-18,000338,5.304549904488717,5.312339258239803,5.335707319493056
2017-08-21,2017-08-18,000591,4.704342137904618,4.704342137904618,4.712481138143207
2017-08-21,2017-08-18,000811,7.646538156282801,7.646538156282801,7.676436643697397
2017-08-21,2017-08-18,000928,6.857338545273311,6.895308304660207,6.87252644902807
2017-08-21,2017-08-18,000963,24.82656742654869,24.7956693961485,24.89351315908242
2017-08-21,2017-08-18,002131,2.975860403426977,2.975860403426977,2.965973824013598
2017-08-21,2017-08-18,002149,11.59497370432813,11.47873336644013,11.50779345091213
2017-08-21,2017-08-18,002169,6.519999995274979,6.52974588465506,6.52974588465506
2017-08-21,2017-08-18,002185,6.214583098752345,6.223348378158202,6.223348378158202
2017-08-21,2017-08-18,002210,11.54712895433108,11.45738442877929,11.58701541013188
2017-08-21,2017-08-18,002217,9.19432821186718,9.263015829245058,9.361140996927737
2017-08-21,2017-08-18,002315,13.37622328709933,13.56783004730943,13.54711580296239
2017-08-21,2017-08-18,002429,3.019142043456149,3.028489232445178,3.037836421434206
2017-08-21,2017-08-18,002438,8.081791261249537,8.043534261196285,7.938327511049842
2017-08-21,2017-08-18,002456,19.90134449969147,20.20996965201285,20.30952615276168
2017-08-21,2017-08-18,002519,7.5852,7.6048,7.477399999999999
2017-08-21,2017-08-18,002537,11.86986354796672,11.81061298117154,11.93898920922775
2017-08-21,2017-08-18,002589,14.53890171476226,14.4513179694926,14.54863324201444
2017-08-21,2017-08-18,002649,9.036385479861188,9.098037232647766,9.027578086605963
2017-08-21,2017-08-18,002668,,,
2017-08-21,2017-08-18,300008,9.265570695876683,9.225889450926463,9.096925404838242
2017-08-21,2017-08-18,300012,4.537605670771016,4.557122254301214,4.557122254301214
2017-08-21,2017-08-18,300128,7.102879545575457,7.218061376044248,7.141273489065053
2017-08-21,2017-08-18,300145,,,
2017-08-21,2017-08-18,300174,30.14251942663012,30.22134916033821,29.83705420851128
2017-08-21,2017-08-18,300194,7.160228579607299,7.209541448612859,7.189816301010636
2017-08-21,2017-08-18,300279,11.99714912070691,11.98719298035778,12.09671052419826
2017-08-21,2017-08-18,300285,13.46273113167096,13.64527663854108,13.65831560331752
2017-08-21,2017-08-18,300400,13.70733840045757,13.80499430875098,13.71621621030242
2017-08-21,2017-08-18,300412,6.468874072855949,6.562946664163521,6.52974457311379
2017-08-21,2017-08-18,300471,14.60374856290821,14.58382530429578,14.61371019221442
2017-08-21,2017-08-18,600172,8.289999999999999,8.33,8.31
2017-08-22,2017-08-21,000338,5.382443441999565,5.359075380746311,5.382443441999565
2017-08-22,2017-08-21,000591,4.696203137666028,4.696203137666028,4.67178613695026
2017-08-22,2017-08-21,000811,7.676436643697397,7.661487399990099,7.639063534429154
2017-08-22,2017-08-21,000928,6.940872015924482,6.895308304660207,6.87252644902807
2017-08-22,2017-08-21,000963,25.26428952388465,25.24884050868455,25.45482737801912
2017-08-22,2017-08-21,002131,2.965973824013598,2.95608724460022,2.946200665186841
2017-08-22,2017-08-21,002149,11.64340717844813,11.78870760080813,11.84682776975214
2017-08-22,2017-08-21,002169,6.588221220935553,6.578475331555471,6.549237663415225
2017-08-22,2017-08-21,002185,6.205817819346489,6.249644216375772,6.319766451622625
2017-08-22,2017-08-21,002210,11.64684509383308,11.76650446123547,11.62690186593268
2017-08-22,2017-08-21,002217,9.724204117353658,10.02839213716997,10.11670478808438
2017-08-22,2017-08-21,002315,13.50050875318156,13.37104472601257,13.25193782101711
2017-08-22,2017-08-21,002429,3.037836421434206,3.019142043456149,3.037836421434206
2017-08-22,2017-08-21,002438,7.938327511049842,7.900070510996589,7.928763261036528
2017-08-22,2017-08-21,002456,20.25974790238726,20.16019140163843,19.93121144991612
2017-08-22,2017-08-21,002519,7.5852,7.5068,7.5166
2017-08-22,2017-08-21,002537,12.08711562621569,12.07724053174983,11.95873939815948
2017-08-22,2017-08-21,002589,14.56809629651881,14.54863324201444,14.48051255124916
2017-08-22,2017-08-21,002649,9.045192873116413,9.027578086605963,9.054000266371638
2017-08-22,2017-08-21,002668,,,
2017-08-22,2017-08-21,300008,9.176287894738685,9.225889450926463,9.325092563302015
2017-08-22,2017-08-21,300012,4.605913713126708,4.586397129596511,4.644946880187105
2017-08-22,2017-08-21,300128,7.317885629117199,7.640394754429814,7.648073543127735
2017-08-22,2017-08-21,300145,,,
2017-08-22,2017-08-21,300174,30.14251942663012,29.81734677508426,29.76807819151671
2017-08-22,2017-08-21,300194,7.199678874811747,7.209541448612859,7.189816301010636
2017-08-22,2017-08-21,300279,12.20622806803873,12.15644736629306,12.23609648908614
2017-08-22,2017-08-21,300285,13.36493889584769,13.32582200151838,13.38449734301235
2017-08-22,2017-08-21,300400,13.60080468231929,13.52978220356045,13.33447038697362
2017-08-22,2017-08-21,300412,6.535278254955412,6.507609845747302,6.52974457311379
2017-08-22,2017-08-21,300471,14.71332648527655,14.53401715776472,14.45432412331501
2017-08-22,2017-08-21,600172,8.32,8.33,8.34
2017-08-23,2017-08-22,000338,5.374654088248481,5.366864734497396,5.335707319493056
2017-08-23,2017-08-22,000591,4.67178613695026,4.67178613695026,4.663647136711671
2017-08-23,2017-08-22,000811,7.52694420662442,7.541893450331717,7.549368072185366
2017-08-23,2017-08-22,000928,6.826962737763796,6.78139902649952,6.766211122744763
2017-08-23,2017-08-22,000963,24.87291447214896,24.6514785876143,24.91411184601588
2017-08-23,2017-08-22,002131,2.926427506360084,2.936314085773462,2.946200665186841
2017-08-23,2017-08-22,002149,12.03087497140814,11.85651446457613,11.98244149728814
2017-08-23,2017-08-22,002169,6.52974588465506,6.549237663415225,6.519999995274979
2017-08-23,2017-08-22,002185,6.284705333999199,6.205817819346489,6.267174775187486
2017-08-23,2017-08-22,002210,11.46735604272948,11.53715734038088,11.38758313112789
2017-08-23,2017-08-22,002217,9.959704519792092,10.30314260668147,10.25408002284013
2017-08-23,2017-08-22,002315,13.17943796580248,13.31408055405822,13.3037234318847
2017-08-23,2017-08-22,002429,3.019142043456149,3.000447665478092,3.009794854467121
2017-08-23,2017-08-22,002438,7.947891761063155,7.928763261036528,7.938327511049842
2017-08-23,2017-08-22,002456,19.89138884961659,19.87147754946682,19.8216992990924
2017-08-23,2017-08-22,002519,7.4872,7.497,7.477399999999999
2017-08-23,2017-08-22,002537,11.72173713097878,11.76123750884223,11.72173713097878
2017-08-23,2017-08-22,002589,14.3345396424664,14.25668742444893,14.42212338773606
2017-08-23,2017-08-22,002649,8.92188936754326,8.930696760798485,8.948311547308935
2017-08-23,2017-08-22,002668,,,
2017-08-23,2017-08-22,300008,9.136606649788463,9.077084782363132,9.146526961026019
2017-08-23,2017-08-22,300012,4.576638837831412,4.547363962536115,4.537605670771016
2017-08-23,2017-08-22,300128,7.410031093492233,7.540570501356862,7.525212923961024
2017-08-23,2017-08-22,300145,,,
2017-08-23,2017-08-22,300174,29.70895589123564,29.48232040682489,29.48232040682489
2017-08-23,2017-08-22,300194,7.071465415397292,7.101053136800627,7.101053136800627
2017-08-23,2017-08-22,300279,12.08675438384912,12.1962719276896,12.1664035066422
2017-08-23,2017-08-22,300285,13.07156218837786,13.11067908270717,13.09112063554252
2017-08-23,2017-08-22,300400,13.48539315433617,14.83482025075427,14.83482025075427
2017-08-23,2017-08-22,300412,6.723423437570555,6.734490801253799,6.76769289230353
2017-08-23,2017-08-22,300471,14.62367182152063,14.64359508013306,14.54397878707093
2017-08-23,2017-08-22,600172,8.31,8.27,8.279999999999999
2017-08-24,2017-08-23,000338,5.312339258239803,5.320128611990888,5.312339258239803
2017-08-24,2017-08-23,000591,4.696203137666028,4.78573214029051,4.915956144107939
2017-08-24,2017-08-23,000811,7.52694420662442,7.31765479472225,7.302705551014953
2017-08-24,2017-08-23,000928,6.675083700216213,6.713053459603109,6.735835315235246
2017-08-24,2017-08-23,000963,24.6514785876143,24.76992103748168,24.61543088548076
2017-08-24,2017-08-23,002131,2.936314085773462,2.926427506360084,2.916540926946705
2017-08-24,2017-08-23,002149,11.73058743186413,11.75964751633613,11.72090073704013
2017-08-24,2017-08-23,002169,6.519999995274979,6.52974588465506,6.519999995274979
2017-08-24,2017-08-23,002185,6.205817819346489,6.188287260534776,6.205817819346489
2017-08-24,2017-08-23,002210,11.35766828927729,11.33772506137689,11.32775344742669
2017-08-24,2017-08-23,002217,10.37183022405935,10.31295512344974,10.16576737192572
2017-08-24,2017-08-23,002315,13.28818774862442,12.89461710603072,12.70818890690738
2017-08-24,2017-08-23,002429,3.000447665478092,3.000447665478092,3.000447665478092
2017-08-24,2017-08-23,002438,7.938327511049842,7.909634761009902,7.900070510996589
2017-08-24,2017-08-23,002456,19.76196539864311,19.97103405021565,19.941167099991
2017-08-24,2017-08-23,002519,7.4284,7.399,7.3794
2017-08-24,2017-08-23,002537,11.91923902029603,11.86986354796672,11.75136241437637
2017-08-24,2017-08-23,002589,14.20802978818802,14.24695589719675,14.20802978818802
2017-08-24,2017-08-23,002649,8.877852401267132,9.027578086605963,8.992348513585062
2017-08-24,2017-08-23,002668,,,
2017-08-24,2017-08-23,300008,8.848917623899359,8.868758246374469,8.789395756474025
2017-08-24,2017-08-23,300012,4.547363962536115,4.557122254301214,4.537605670771016
2017-08-24,2017-08-23,300128,7.494497769169346,7.548249290054782,7.57128565614854
2017-08-24,2017-08-23,300145,,,
2017-08-24,2017-08-23,300174,29.95529880907341,29.67939474109511,29.67939474109511
2017-08-24,2017-08-23,300194,7.101053136800627,7.061602841596179,6.982702251187283
2017-08-24,2017-08-23,300279,12.34561403292662,12.30578947153008,12.21618420838787
2017-08-24,2017-08-23,300285,13.05852322360143,13.07808167076608,13.04548425882499
2017-08-24,2017-08-23,300400,14.83482025075427,14.79043120152999,14.46195223727032
2017-08-24,2017-08-23,300412,7.138449575692194,7.060978029909488,7.038843302543001
2017-08-24,2017-08-23,300471,14.58382530429578,14.64359508013306,14.57386367498957
2017-08-24,2017-08-23,600172,8.130000000000001,8.119999999999999,8.15
2017-08-25,2017-08-24,000338,5.288971196986548,5.320128611990888,5.335707319493056
2017-08-25,2017-08-24,000591,4.745037139097564,4.663647136711671,4.696203137666028
2017-08-25,2017-08-24,000811,7.235433954332113,7.235433954332113,7.205535466917518
2017-08-25,2017-08-24,000928,6.553580470178149,6.621926037074561,6.606738133319801
2017-08-25,2017-08-24,000963,24.33734861187909,24.28585189454545,24.32704926841236
2017-08-25,2017-08-24,002131,2.906654347533326,2.896767768119948,2.906654347533326
2017-08-25,2017-08-24,002149,11.38186641820013,11.45935997679213,11.45935997679213
2017-08-25,2017-08-24,002169,6.56872944217539,6.56872944217539,6.558983552795308
2017-08-25,2017-08-24,002185,6.214583098752345,6.179521981128919,6.214583098752345
2017-08-25,2017-08-24,002210,11.41749797297849,11.41749797297849,11.41749797297849
2017-08-25,2017-08-24,002217,10.35220519052281,10.32276764021801,10.21482995576706
2017-08-25,2017-08-24,002315,12.59943912408543,12.66676041821331,12.8842599838572
2017-08-25,2017-08-24,002429,2.991100476489065,2.981753287500036,3.000447665478092
2017-08-25,2017-08-24,002438,7.708785510730328,7.727914010756954,7.756606760796893
2017-08-25,2017-08-24,002456,19.92125579984124,19.87147754946682,19.89138884961659
2017-08-25,2017-08-24,002519,7.3304,7.3206,7.35
2017-08-25,2017-08-24,002537,11.55386052505912,11.56373561952498,11.60323599738843
2017-08-25,2017-08-24,002589,14.34427116971859,14.43185491498824,14.52917018751007
2017-08-25,2017-08-24,002649,9.22134073822092,9.124459412413442,9.256570311241822
2017-08-25,2017-08-24,002668,,,
2017-08-25,2017-08-24,300008,8.938200425037357,8.878678557612025,8.908439491324691
2017-08-25,2017-08-24,300012,4.576638837831412,4.586397129596511,4.596155421361609
2017-08-25,2017-08-24,300128,7.233418953440086,7.356279572606796,7.225740164742167
2017-08-25,2017-08-24,300145,,,
2017-08-25,2017-08-24,300174,29.47246669011137,29.43305182325733,29.37392952297627
2017-08-25,2017-08-24,300194,6.893939086977276,6.9136642345795,6.874213939375052
2017-08-25,2017-08-24,300279,12.00710526105605,11.99714912070691,12.09671052419826
2017-08-25,2017-08-24,300285,12.81730237523734,12.82382185762556,12.88249719911953
2017-08-25,2017-08-24,300400,14.16898451239008,13.96479488595839,13.92928364657896
2017-08-25,2017-08-24,300412,7.022242257018135,7.072045393592731,7.332128440148959
2017-08-25,2017-08-24,300471,14.72328811458276,14.64359508013306,14.62367182152063
2017-08-25,2017-08-24,600172,8.029999999999999,8.09,8.07
2017-08-28,2017-08-25,000338,5.382443441999565,5.413600857003904,5.40581150325282
2017-08-28,2017-08-25,000591,4.7938711405291,4.810149141006279,4.78573214029051
2017-08-28,2017-08-25,000928,6.621926037074561,6.637113940829319,6.675083700216213
2017-08-28,2017-08-25,002131,2.926427506360084,2.916540926946705,2.926427506360084
2017-08-28,2017-08-25,002149,11.47873336644013,11.51748014573613,11.57560031468013
2017-08-28,2017-08-25,002206,6.287360660017121,6.305298921529296,6.26045326774886
2017-08-28,2017-08-25,002429,3.009794854467121,3.019142043456149,3.009794854467121
2017-08-28,2017-08-25,002438,7.756606760796893,7.785299510836833,7.766171010810205
2017-08-28,2017-08-25,002537,11.67236165864947,11.70198694204705,11.63286128078602
2017-08-28,2017-08-25,002589,14.48051255124916,14.64594851453628,14.68487462354501
2017-08-28,2017-08-25,002599,8.64721107969152,8.775317910501764,8.635565004163317
2017-08-28,2017-08-25,002607,4.040183364568866,4.040183364568866,4.040183364568866
2017-08-28,2017-08-25,002620,12.47655642226769,12.54521671704432,12.56483394412336
2017-08-28,2017-08-25,002649,9.265377704497046,9.247762917986597,9.256570311241822
2017-08-28,2017-08-25,002668,,,
2017-08-28,2017-08-25,002726,8.283006778794727,8.208519307762399,8.201070560659167
2017-08-28,2017-08-25,300008,8.977881669987578,8.888598868849581,8.789395756474025
2017-08-28,2017-08-25,300145,,,
2017-08-28,2017-08-25,300174,29.46261297339786,29.61041872410053,29.58085757396
2017-08-28,2017-08-25,300194,6.923526808380611,6.933389382181724,6.933389382181724
2017-08-28,2017-08-25,300260,6.957079566297452,7.016913714248409,7.006034778257326
2017-08-28,2017-08-25,300285,12.86945823434309,13.01940632927211,13.1563154594247
2017-08-28,2017-08-25,300296,11.77570141860295,11.71279703068306,11.82602492893886
2017-08-28,2017-08-25,300339,12.33272382123746,12.40262589957646,12.45255595553288
2017-08-28,2017-08-25,300352,5.32147981289564,5.301586430417526,5.381159960329984
2017-08-28,2017-08-25,300403,7.794387026685713,7.807771778305666,7.821156529925619
2017-08-28,2017-08-25,300471,14.7531730025014,14.97232884723809,15.16159980405613
2017-08-28,2017-08-25,600337,5.546879983409963,5.576074088585805,5.566342720193857
2017-08-28,2017-08-25,600386,6.005953565837867,5.950170715381169,5.987359282352301
2017-08-28,2017-08-25,600420,15.97,15.91,15.9
2017-08-28,2017-08-25,601888,26.78167122630593,26.7176221321535,26.73592187333991
2017-08-28,2017-08-25,603077,2.202669860123259,2.193009027403421,2.193009027403421
2017-08-29,2017-08-28,000338,5.374654088248481,5.366864734497396,5.382443441999565
2017-08-29,2017-08-28,000591,4.826427141483457,4.842705141960636,4.826427141483457
2017-08-29,2017-08-28,000928,6.667489748338834,6.70545950772573,6.70545950772573
2017-08-29,2017-08-28,002131,2.985746982840356,2.975860403426977,2.975860403426977
2017-08-29,2017-08-28,002149,11.74996082151213,11.75964751633613,11.81776768528013
2017-08-29,2017-08-28,002206,6.206638483212337,6.242515006236685,6.242515006236685
2017-08-29,2017-08-28,002429,3.037836421434206,3.028489232445178,3.028489232445178
2017-08-29,2017-08-28,002438,7.775735260823519,7.785299510836833,7.785299510836833
2017-08-29,2017-08-28,002537,11.90936392583017,11.86986354796672,11.87973864243258
2017-08-29,2017-08-28,002589,14.67514309629283,14.67514309629283,14.61675393277973
2017-08-29,2017-08-28,002599,9.037354609886355,8.973301194481234,8.885955628019703
2017-08-29,2017-08-28,002607,4.04940752750167,4.04940752750167,4.04940752750167
2017-08-29,2017-08-28,002620,12.67272869305806,12.63349423889999,12.63349423889999
2017-08-29,2017-08-28,002649,9.291799884262723,9.362259030304527,9.291799884262723
2017-08-29,2017-08-28,002668,,,
2017-08-29,2017-08-28,002726,8.417084226652916,8.439430467962612,8.327699261414123
2017-08-29,2017-08-28,300008,9.057244159888022,8.958041047512467,8.888598868849581
2017-08-29,2017-08-28,300145,,,
2017-08-29,2017-08-28,300174,29.46261297339786,29.59071129067351,29.56115014053297
2017-08-29,2017-08-28,300194,7.061602841596179,7.041877693993955,7.081327989198403
2017-08-29,2017-08-28,300260,7.245371370061148,7.337842325985351,7.207295094092357
2017-08-29,2017-08-28,300285,13.25410769524798,13.35841941345947,13.2997440719655
2017-08-29,2017-08-28,300296,12.00844765390653,12.00215721511454,12.01473809269852
2017-08-29,2017-08-28,300339,12.39263988838517,12.45255595553288,12.41261191076774
2017-08-29,2017-08-28,300352,5.381159960329984,5.341373195373755,5.32147981289564
2017-08-29,2017-08-28,300403,7.91038820739197,7.937157710631873,7.919311375138604
2017-08-29,2017-08-28,300471,15.08190676960643,15.46044868324252,15.71945104520406
2017-08-29,2017-08-28,600337,5.605268193761646,5.644193667329436,5.644193667329436
2017-08-29,2017-08-28,600386,6.182599258950746,6.229084967664661,6.154707833722396
2017-08-29,2017-08-28,600420,15.97,15.94,15.81
2017-08-29,2017-08-28,601888,26.9829683793564,26.96466863816999,26.96466863816999
2017-08-29,2017-08-28,603077,2.231652358282776,2.212330692843099,2.221991525562937
2017-08-30,2017-08-29,000338,5.374654088248481,5.398022149501735,5.382443441999565
2017-08-30,2017-08-29,000591,4.769454139813332,4.802010140767689,4.802010140767689
2017-08-30,2017-08-29,000928,6.675083700216213,6.713053459603109,6.690271603970972
2017-08-30,2017-08-29,002131,3.015406721080491,3.005520141667113,3.005520141667113
2017-08-30,2017-08-29,002149,11.55622692503213,11.61434709397613,11.62403378880013
2017-08-30,2017-08-29,002206,6.215607613968423,6.206638483212337,6.170761960187988
2017-08-30,2017-08-29,002429,3.009794854467121,3.009794854467121,3.000447665478092
2017-08-30,2017-08-29,002438,7.708785510730328,7.747042510783579,7.737478260770267
2017-08-30,2017-08-29,002537,11.67236165864947,11.70198694204705,11.80073788670568
2017-08-30,2017-08-29,002589,14.42212338773606,14.36373422422295,14.30534506070985
2017-08-30,2017-08-29,002599,8.804433099322274,8.717087532860745,8.658857155219724
2017-08-30,2017-08-29,002607,4.067855853367282,4.067855853367282,4.095528342165699
2017-08-30,2017-08-29,002620,12.57464255766287,12.62368562536047,12.57464255766287
2017-08-30,2017-08-29,002649,9.203725951710469,9.203725951710469,9.203725951710469
2017-08-30,2017-08-29,002668,,,
2017-08-30,2017-08-29,002726,8.305353020104425,8.305353020104425,8.350045502723821
2017-08-30,2017-08-29,300008,8.779475445236471,8.680272332860918,8.680272332860918
2017-08-30,2017-08-29,300145,,,
2017-08-30,2017-08-29,300174,29.35422208954924,29.27539235584116,29.15714775527902
2017-08-30,2017-08-29,300194,7.002427398789507,6.972839677386172,6.982702251187283
2017-08-30,2017-08-29,300260,7.120263606163695,7.169218818123567,7.169218818123567
2017-08-30,2017-08-29,300285,13.22151028330689,13.2280297656951,13.20195183614223
2017-08-30,2017-08-29,300296,11.95183370477863,11.82602492893886,11.95183370477863
2017-08-30,2017-08-29,300339,12.09305955264661,12.18293365336818,12.13300359741175
2017-08-30,2017-08-29,300352,5.271746356700354,5.271746356700354,5.291639739178469
2017-08-30,2017-08-29,300403,7.852387617038842,7.879157120278746,7.852387617038842
2017-08-30,2017-08-29,300471,16.14780110537122,15.79914407965376,15.70948941589785
2017-08-30,2017-08-29,600337,5.576074088585805,5.585805456977752,5.605268193761646
2017-08-30,2017-08-29,600386,6.080330699780132,6.061736416294565,6.024547849323434
2017-08-30,2017-08-29,600420,15.83,15.78,15.74
2017-08-30,2017-08-29,601888,26.54377459088265,26.76337148511952,26.56207433206905
2017-08-30,2017-08-29,603077,2.212330692843099,2.212330692843099,2.202669860123259
2017-08-31,2017-08-30,000338,5.39023279575065,5.507073102016921,5.584966639527769
2017-08-31,2017-08-30,000591,4.769454139813332,4.777593140051922,4.753176139336153
2017-08-31,2017-08-30,000928,6.70545950772573,6.697865555848352,6.675083700216213
2017-08-31,2017-08-30,002131,2.995633562253734,3.02529330049387,3.015406721080491
2017-08-31,2017-08-30,002149,11.76933421116014,11.76933421116014,11.74996082151213
2017-08-31,2017-08-30,002206,6.170761960187988,6.134885437163638,6.134885437163638
2017-08-31,2017-08-30,002429,3.009794854467121,3.019142043456149,3.019142043456149
2017-08-31,2017-08-30,002438,7.708785510730328,7.727914010756954,7.708785510730328
2017-08-31,2017-08-30,002537,11.70198694204705,11.67236165864947,11.65261146971774
2017-08-31,2017-08-30,002589,14.46104949674479,14.35400269697077,14.28588200620548
2017-08-31,2017-08-30,002599,8.641388041927417,8.722910570624848,8.67632626851203
2017-08-31,2017-08-30,002607,4.040183364568866,4.03095920163606,4.021735038703254
2017-08-31,2017-08-30,002620,12.59425978474191,12.56483394412336,12.60406839828143
2017-08-31,2017-08-30,002649,9.212533344965696,9.247762917986597,9.22134073822092
2017-08-31,2017-08-30,002668,,,
2017-08-31,2017-08-30,002726,8.275558031691494,8.335148008517356,8.357494249827054
2017-08-31,2017-08-30,300008,8.63067077667314,8.63067077667314,8.63067077667314
2017-08-31,2017-08-30,300145,,,
2017-08-31,2017-08-30,300174,32.22165365318094,30.88154818014345,32.00487188548369
2017-08-31,2017-08-30,300194,6.972839677386172,6.962977103585059,6.982702251187283
2017-08-31,2017-08-30,300260,7.093066266185987,7.169218818123567,7.212734562087898
2017-08-31,2017-08-30,300285,13.3323414839066,13.2997440719655,13.46273113167096
2017-08-31,2017-08-30,300296,12.00844765390653,11.86376756169079,11.87634843927477
2017-08-31,2017-08-30,300339,12.0331434854989,12.09305955264661,12.04312949669018
2017-08-31,2017-08-30,300352,5.301586430417526,5.222012900505067,5.241906282983182
2017-08-31,2017-08-30,300403,7.803310194432347,7.812233362178985,7.847926033165524
2017-08-31,2017-08-30,300471,15.64971964006057,15.7493359331227,16.07806970022773
2017-08-31,2017-08-30,600337,5.585805456977752,5.585805456977752,5.595536825369699
2017-08-31,2017-08-30,600386,5.978062140609517,5.996656424095084,5.940873573638386
2017-08-31,2017-08-30,600420,15.67,15.64,15.56
2017-08-31,2017-08-30,601888,27.19341540300007,27.2666143677457,27.44046190901656
2017-08-31,2017-08-30,603077,2.221991525562937,2.212330692843099,2.193009027403421
2017-09-01,2017-08-31,000338,5.608334700781024,5.647281469536447,5.623913408283192
2017-09-01,2017-08-31,000591,4.745037139097564,4.753176139336153,4.777593140051922
2017-09-01,2017-08-31,000928,6.637113940829319,6.621926037074561,6.637113940829319
2017-09-01,2017-08-31,002131,3.015406721080491,2.995633562253734,3.045066459320628
2017-09-01,2017-08-31,002149,11.83714107492814,11.90494793869613,11.82745438010414
2017-09-01,2017-08-31,002206,6.125916306407552,6.116947175651465,6.107978044895377
2017-09-01,2017-08-31,002429,3.009794854467121,3.009794854467121,3.000447665478092
2017-09-01,2017-08-31,002438,7.708785510730328,7.71834976074364,7.699221260717015
2017-09-01,2017-08-31,002537,11.56373561952498,11.56373561952498,11.62298618632015
2017-09-01,2017-08-31,002589,14.22749284269238,14.2761504789533,14.16910367917928
2017-09-01,2017-08-31,002599,8.664680192983827,8.653034117455622,8.594803739814601
2017-09-01,2017-08-31,002607,4.021735038703254,4.003286712837642,3.994062549904837
2017-09-01,2017-08-31,002620,12.88851819092747,12.88851819092747,12.81985789615084
2017-09-01,2017-08-31,002649,9.186111165200019,9.194918558455244,9.150881592179118
2017-09-01,2017-08-31,002668,,,
2017-09-01,2017-08-31,002726,8.43198172085938,8.402186732446449,8.327699261414123
2017-09-01,2017-08-31,300008,8.719953577811138,8.670352021623362,8.61083015419803
2017-09-01,2017-08-31,300145,,,
2017-09-01,2017-08-31,300174,30.99979278070558,30.43813092803545,30.16222686005715
2017-09-01,2017-08-31,300194,6.943251955982835,6.933389382181724,6.903801660778388
2017-09-01,2017-08-31,300260,7.234492434070065,7.212734562087898,7.190976690105733
2017-09-01,2017-08-31,300285,13.73002990958792,13.74306887436435,13.62571819137642
2017-09-01,2017-08-31,300296,11.84489624531482,11.92667194961068,11.87005800048278
2017-09-01,2017-08-31,300339,12.08307354145532,12.08307354145532,12.05311550788147
2017-09-01,2017-08-31,300352,5.271746356700354,5.261799665461297,5.241906282983182
2017-09-01,2017-08-31,300403,8.28516125275064,8.240545414017465,8.200391159157608
2017-09-01,2017-08-31,300471,16.23745576912713,16.15776273467743,16.38688020872033
2017-09-01,2017-08-31,600337,5.51768587823412,5.546879983409963,5.576074088585805
2017-09-01,2017-08-31,600386,5.931576431895603,5.959467857123951,5.959467857123951
2017-09-01,2017-08-31,600420,15.34,15.27,15.31
2017-09-01,2017-08-31,601888,27.42216216783016,27.33066346189813,27.49536113257578
2017-09-01,2017-08-31,603077,2.193009027403421,2.193009027403421,2.193009027403421
2017-09-04,2017-09-01,000338,5.647281469536447,5.686228238291871,5.771911129553803
2017-09-04,2017-09-01,000591,4.761315139574743,4.777593140051922,4.78573214029051
2017-09-04,2017-09-01,000928,6.751023218990005,6.682677652093593,6.682677652093593
2017-09-04,2017-09-01,002130,6.288915673501354,6.269771333551577,6.327204353400905
2017-09-04,2017-09-01,002149,12.12774191964814,12.25366895236014,12.33116251095214
2017-09-04,2017-09-01,002206,6.215607613968423,6.224576744724511,6.215607613968423
2017-09-04,2017-09-01,002218,4.567910331694773,4.548430969939145,4.558170650816959
2017-09-04,2017-09-01,002366,26.86815466666906,26.78944897742214,26.56317012083723
2017-09-04,2017-09-01,002429,3.000447665478092,3.000447665478092,3.009794854467121
2017-09-04,2017-09-01,002537,12.00811487048879,11.88961373689844,11.89948883136431
2017-09-04,2017-09-01,002589,14.13990909742273,14.06205687940526,14.11071451566618
2017-09-04,2017-09-01,002599,8.559865513229989,8.559865513229989,8.571511588758193
2017-09-04,2017-09-01,002607,4.012510875770448,4.003286712837642,3.984838386972032
2017-09-04,2017-09-01,002643,12.57815604020018,12.70357924857825,12.82900245695631
2017-09-04,2017-09-01,002649,9.335836850538849,9.309414670773174,9.344644243794074
2017-09-04,2017-09-01,002668,,,
2017-09-04,2017-09-01,002726,8.43198172085938,8.357494249827054,8.342596755620587
2017-09-04,2017-09-01,002765,10.04677279305354,10.00706222865412,9.977279305354559
2017-09-04,2017-09-01,300008,8.73979420028625,8.948120736274912,9.067164471125576
2017-09-04,2017-09-01,300037,13.45523067206316,13.41853935351839,13.4657139059331
2017-09-04,2017-09-01,300062,6.552621542136484,6.552621542136484,6.509431004664776
2017-09-04,2017-09-01,300145,,,
2017-09-04,2017-09-01,300174,30.17208057677066,29.80749305837075,29.4921741235384
2017-09-04,2017-09-01,300194,6.982702251187283,6.972839677386172,6.953114529783948
2017-09-04,2017-09-01,300253,6.190609984503399,6.205839037355806,6.266755248765433
2017-09-04,2017-09-01,300260,7.223613498078981,7.256250306052229,7.245371370061148
2017-09-04,2017-09-01,300296,11.90151019444272,11.81973449014687,11.86376756169079
2017-09-04,2017-09-01,300352,5.351319886612812,5.32147981289564,5.371213269090927
2017-09-04,2017-09-01,300471,16.84511515680612,16.70565234651914,17.24358032905464
2017-09-04,2017-09-01,300502,4.614250699352401,4.594361687717261,4.621483067219724
2017-09-04,2017-09-01,600420,15.32,15.29,15.3
2017-09-05,2017-09-04,000338,5.803068544558142,5.912119497073329,5.873172728317905
2017-09-05,2017-09-04,000591,4.810149141006279,4.7938711405291,4.78573214029051
2017-09-05,2017-09-04,000928,6.690271603970972,6.675083700216213,6.652301844584076
2017-09-05,2017-09-04,002130,6.308060013451128,6.298487843476241,6.288915673501354
2017-09-05,2017-09-04,002149,12.68957021944014,12.46677623848814,12.40865606954414
2017-09-05,2017-09-04,002206,6.134885437163638,6.1617928294319,6.152823698675814
2017-09-05,2017-09-04,002218,4.567910331694773,4.577650012572588,4.577650012572588
2017-09-05,2017-09-04,002366,27.43877091370927,27.21249205712436,27.89132862687909
2017-09-05,2017-09-04,002429,3.019142043456149,3.009794854467121,3.009794854467121
2017-09-05,2017-09-04,002537,11.91923902029603,11.85011335903499,11.79086279223982
2017-09-05,2017-09-04,002589,14.2177613154402,14.20802978818802,14.28588200620548
2017-09-05,2017-09-04,002599,8.53075032440948,8.495812097824867,8.524927286645378
2017-09-05,2017-09-04,002607,4.012510875770448,4.021735038703254,4.003286712837642
2017-09-05,2017-09-04,002643,12.86483765935004,13.00817846892497,13.12464287670461
2017-09-05,2017-09-04,002649,9.547214288664257,9.441525569601554,9.46794774936723
2017-09-05,2017-09-04,002668,,,
2017-09-05,2017-09-04,002726,8.342596755620587,8.312801767207658,8.312801767207658
2017-09-05,2017-09-04,002765,10.0567004341534,10.0567004341534,10.06662807525326
2017-09-05,2017-09-04,300008,9.285411318351793,9.176287894738685,9.106845716075798
2017-09-05,2017-09-04,300037,13.34515671642883,13.41853935351839,13.44474743819323
2017-09-05,2017-09-04,300062,6.583471926044849,6.571131772481504,6.521771158228121
2017-09-05,2017-09-04,300145,,,
2017-09-05,2017-09-04,300174,29.46261297339786,29.21627005556009,29.26553863912764
2017-09-05,2017-09-04,300194,6.982702251187283,6.972839677386172,6.992564824988396
2017-09-05,2017-09-04,300253,6.403816724437094,6.426660303715704,6.419045777289501
2017-09-05,2017-09-04,300260,7.299766050016561,7.343281793980892,7.45207115389172
2017-09-05,2017-09-04,300296,12.31667915471398,12.37329310384188,12.36700266504989
2017-09-05,2017-09-04,300352,5.440840107764327,5.43089341652527,5.470680181481499
2017-09-05,2017-09-04,300471,17.66196875991559,17.81139319950878,17.97077926840819
2017-09-05,2017-09-04,300502,4.863767390775062,4.896313046178018,4.927050609614143
2017-09-05,2017-09-04,600420,15.54,15.48,15.61
2017-09-06,2017-09-05,000338,5.779700483304888,5.779700483304888,5.826436605811397
2017-09-06,2017-09-05,000591,4.834566141722046,4.777593140051922,4.802010140767689
2017-09-06,2017-09-05,000928,6.629519988951939,6.553580470178149,6.576362325810286
2017-09-06,2017-09-05,002130,6.336776523375793,6.308060013451128,6.288915673501354
2017-09-06,2017-09-05,002149,12.37959598507214,12.28272903683214,12.27304234200814
2017-09-06,2017-09-05,002206,6.170761960187988,6.152823698675814,6.134885437163638
2017-09-06,2017-09-05,002218,4.675046821350727,4.665307140472914,4.665307140472914
2017-09-06,2017-09-05,002366,29.02272290980364,28.93417900940085,28.776767630907
2017-09-06,2017-09-05,002429,3.000447665478092,3.000447665478092,3.000447665478092
2017-09-06,2017-09-05,002537,11.62298618632015,11.6624865641836,11.72173713097878
2017-09-06,2017-09-05,002589,14.20802978818802,14.2177613154402,14.18856673368365
2017-09-06,2017-09-05,002599,8.554042475465888,8.50745817335307,8.542396399937683
2017-09-06,2017-09-05,002607,4.021735038703254,4.012510875770448,4.003286712837642
2017-09-06,2017-09-05,002643,12.84692005815318,12.88275526054691,12.90963166234221
2017-09-06,2017-09-05,002649,9.450332962856779,9.46794774936723,9.520792108898583
2017-09-06,2017-09-05,002668,,,
2017-09-06,2017-09-05,002726,8.327699261414123,8.29045552589796,8.327699261414123
2017-09-06,2017-09-05,002765,10.2552532561505,10.28503617945007,10.47366136034732
2017-09-06,2017-09-05,300008,9.176287894738685,9.325092563302015,9.33501287453957
2017-09-06,2017-09-05,300037,13.79593577283609,13.69110343413673,13.9584258978201
2017-09-06,2017-09-05,300062,6.509431004664776,6.503260927883102,6.466240467193066
2017-09-06,2017-09-05,300145,,,
2017-09-06,2017-09-05,300174,29.55129642381946,29.48232040682489,29.54144270710595
2017-09-06,2017-09-05,300194,7.022152546391731,6.982702251187283,6.982702251187283
2017-09-06,2017-09-05,300253,6.32767146017506,6.251526195913026,6.251526195913026
2017-09-06,2017-09-05,300260,7.506465833847135,7.392237005940765,7.441192217900637
2017-09-06,2017-09-05,300296,12.30409827713,12.1405468685383,12.15941818491426
2017-09-06,2017-09-05,300352,5.411000034047156,5.391106651569041,5.43089341652527
2017-09-06,2017-09-05,300471,17.47269780309754,17.88112460465227,17.35315825142299
2017-09-06,2017-09-05,300502,4.805908447836474,4.782403252267673,4.8601512068414
2017-09-06,2017-09-05,600420,15.54,15.5,15.56
2017-09-07,2017-09-06,000338,5.826436605811397,5.795279190807057,5.787489837055972
2017-09-07,2017-09-06,000591,4.810149141006279,4.7938711405291,4.818288141244867
2017-09-07,2017-09-06,000928,7.001623630943515,6.95605991967924,7.024405486575652
2017-09-07,2017-09-06,002130,6.403781713200008,6.39420954322512,6.403781713200008
2017-09-07,2017-09-06,002149,12.48614962813614,12.38928267989614,12.33116251095214
2017-09-07,2017-09-06,002206,6.197669352456249,6.1617928294319,6.179731090944075
2017-09-07,2017-09-06,002218,4.694526183106356,4.675046821350727,4.655567459595099
2017-09-07,2017-09-06,002366,29.21948713292095,29.14078144367403,28.92434079824498
2017-09-07,2017-09-06,002429,3.084572366379347,3.065877988401291,3.056530799412263
2017-09-07,2017-09-06,002537,11.6624865641836,11.71186203651292,11.76123750884223
2017-09-07,2017-09-06,002589,14.17883520643147,14.13990909742273,14.13017757017055
2017-09-07,2017-09-06,002599,8.792787023794071,8.839371325906887,8.786963986029969
2017-09-07,2017-09-06,002607,4.012510875770448,4.012510875770448,4.012510875770448
2017-09-07,2017-09-06,002643,12.90963166234221,12.86483765935004,12.77524965336571
2017-09-07,2017-09-06,002649,9.564829075174707,9.573636468429934,9.591251254940385
2017-09-07,2017-09-06,002668,,,
2017-09-07,2017-09-06,002726,8.305353020104425,8.275558031691494,8.268109284588261
2017-09-07,2017-09-06,002765,10.53322720694645,10.55308248914617,10.42402315484805
2017-09-07,2017-09-06,300008,9.285411318351793,9.176287894738685,9.176287894738685
2017-09-07,2017-09-06,300037,14.41444657116233,14.62411124856105,14.22574836150348
2017-09-07,2017-09-06,300062,6.509431004664776,6.540281388573139,6.552621542136484
2017-09-07,2017-09-06,300145,,,
2017-09-07,2017-09-06,300174,29.01919572128987,28.85168253716018,29.09802545499796
2017-09-07,2017-09-06,300194,6.962977103585059,6.972839677386172,6.953114529783948
2017-09-07,2017-09-06,300253,6.358129565879874,6.320056933748857,6.335285986601264
2017-09-07,2017-09-06,300260,7.479268493869427,7.517344769838217,7.495586897856051
2017-09-07,2017-09-06,300296,12.06506160303443,11.97699545994659,12.02102853149051
2017-09-07,2017-09-06,300352,5.570147093872071,5.58009378511113,5.530360328915843
2017-09-07,2017-09-06,300471,17.39300476864784,17.66196875991559,17.5922373547721
2017-09-07,2017-09-06,300502,4.936091069448297,4.995758104353716,4.972252908784915
2017-09-07,2017-09-06,600420,15.55,15.49,15.55
2017-09-08,2017-09-07,000338,5.694017592042955,5.756332422051633,5.748543068300549
2017-09-08,2017-09-07,000591,4.761315139574743,4.777593140051922,4.802010140767689
2017-09-08,2017-09-07,000928,6.819368785886416,6.857338545273311,6.804180882131659
2017-09-08,2017-09-07,002130,6.375065203275344,6.375065203275344,6.375065203275344
2017-09-08,2017-09-07,002149,12.50552301778414,12.41834276436814,12.55395649190414
2017-09-08,2017-09-07,002206,6.215607613968423,6.215607613968423,6.242515006236685
2017-09-08,2017-09-07,002218,4.616608736083844,4.616608736083844,4.616608736083844
2017-09-08,2017-09-07,002366,28.53081235201036,28.4324302404517,28.4619448739193
2017-09-08,2017-09-07,002429,3.028489232445178,3.028489232445178,3.047183610423234
2017-09-08,2017-09-07,002537,11.36623373020773,11.39585901360532,11.38598391913945
2017-09-08,2017-09-07,002589,14.05232535215308,14.11071451566618,14.17883520643147
2017-09-08,2017-09-07,002599,8.606449815342806,8.600626777578704,8.606449815342806
2017-09-08,2017-09-07,002607,4.003286712837642,4.003286712837642,4.012510875770448
2017-09-08,2017-09-07,002643,12.64086764438921,12.72149684977511,12.76629085276728
2017-09-08,2017-09-07,002649,9.520792108898583,9.50317732238813,9.556021681919482
2017-09-08,2017-09-07,002668,,,
2017-09-08,2017-09-07,002726,8.379840491136752,8.43198172085938,8.379840491136752
2017-09-08,2017-09-07,002765,10.31481910274964,10.35452966714906,10.3446020260492
2017-09-08,2017-09-07,300008,8.967961358750022,8.948120736274912,8.928280113799801
2017-09-08,2017-09-07,300037,14.12615763973908,14.2047818937636,14.21526512763354
2017-09-08,2017-09-07,300062,6.552621542136484,6.571131772481504,6.571131772481504
2017-09-08,2017-09-07,300145,,,
2017-09-08,2017-09-07,300174,28.74329165331156,28.87138997058721,28.76299908673858
2017-09-08,2017-09-07,300194,6.953114529783948,6.953114529783948,6.962977103585059
2017-09-08,2017-09-07,300253,6.190609984503399,6.243911669486821,6.297213354470246
2017-09-08,2017-09-07,300260,7.392237005940765,7.424873813914013,7.446631685896178
2017-09-08,2017-09-07,300296,11.92038151081869,11.81344405135488,11.82602492893886
2017-09-08,2017-09-07,300352,5.440840107764327,5.43089341652527,5.420946725286213
2017-09-08,2017-09-07,300471,17.43285128587269,17.25354195836086,17.14396403599251
2017-09-08,2017-09-07,300502,5.176567301036804,5.12594072596554,5.098819346463077
2017-09-08,2017-09-07,600420,15.71,15.65,15.69
2017-09-11,2017-09-08,000070,8.884925170686611,8.852048481803404,8.852048481803404
2017-09-11,2017-09-08,000338,5.748543068300549,5.73296436079838,5.725175007047294
2017-09-11,2017-09-08,000591,4.777593140051922,4.728759138620385,4.761315139574743
2017-09-11,2017-09-08,000928,6.751023218990005,6.720647411480487,6.743429267112626
2017-09-11,2017-09-08,002149,13.21265173993615,12.93173759004015,13.06735131757615
2017-09-11,2017-09-08,002169,6.919581459858348,6.919581459858348,6.919581459858348
2017-09-11,2017-09-08,002206,6.170761960187988,6.197669352456249,6.197669352456249
2017-09-11,2017-09-08,002210,11.33772506137689,11.29783860557609,11.1682076242235
2017-09-11,2017-09-08,002218,4.60686905520603,4.636088097839471,4.675046821350727
2017-09-11,2017-09-08,002366,28.23566601733439,28.24550422849025,28.62919446356901
2017-09-11,2017-09-08,002429,3.037836421434206,3.028489232445178,3.028489232445178
2017-09-11,2017-09-08,002456,20.98651035785373,20.93673210747932,20.96659905770397
2017-09-11,2017-09-08,002507,9.330117822653149,9.267218151938634,9.295173561145086
2017-09-11,2017-09-08,002537,11.28723297448083,11.20823221875393,11.20823221875393
2017-09-11,2017-09-08,002589,14.24695589719675,14.18856673368365,14.12044604291836
2017-09-11,2017-09-08,002620,14.58540833326419,14.222489632302,14.31076715415767
2017-09-11,2017-09-08,002649,9.520792108898583,9.564829075174707,9.538406895409032
2017-09-11,2017-09-08,002668,,,
2017-09-11,2017-09-08,300008,8.858837935136913,8.829077001424249,8.878678557612025
2017-09-11,2017-09-08,300145,,,
2017-09-11,2017-09-08,300174,28.72358421988454,28.5954859026089,28.55607103575485
2017-09-11,2017-09-08,300194,6.972839677386172,6.962977103585059,6.943251955982835
2017-09-11,2017-09-08,300296,11.59327869363527,11.5806978160513,11.71908746947505
2017-09-11,2017-09-08,300304,8.510118766641559,8.472421673544588,8.425300307173371
2017-09-11,2017-09-08,300355,10.60471906344787,10.55682060336003,10.54724091134246
2017-09-11,2017-09-08,300400,14.34654070928719,14.45307442742546,14.63950843416744
2017-09-11,2017-09-08,300415,12.29944578750788,12.34254125277596,12.39425581109765
2017-09-11,2017-09-08,300471,17.31331173419813,17.50258269101618,17.35315825142299
2017-09-11,2017-09-08,300502,5.178375393003635,5.279628543146164,5.178375393003635
2017-09-11,2017-09-08,300519,22.21631912847803,22.31901397807038,22.50728786898969
2017-09-11,2017-09-08,600386,5.978062140609517,6.089627841522915,6.080330699780132
2017-09-11,2017-09-08,600420,15.48,15.43,15.31
2017-09-11,2017-09-08,600879,8.771844606475122,8.733031134765056,8.771844606475122
2017-09-12,2017-09-11,000070,8.810952620699396,8.835610137361801,8.778075931816188
2017-09-12,2017-09-11,000338,5.842015313313566,5.842015313313566,5.803068544558142
2017-09-12,2017-09-11,000591,4.810149141006279,4.850844142199225,4.891539143392171
2017-09-12,2017-09-11,000928,6.758617170867383,,
2017-09-12,2017-09-11,002149,13.48387919500815,13.32889207782415,13.76479334490416
2017-09-12,2017-09-11,002169,6.958565017378676,6.958565017378676,6.909835570478266
2017-09-12,2017-09-11,002206,6.296329790773208,6.305298921529296,6.296329790773208
2017-09-12,2017-09-11,002210,10.90894566151831,10.86905920571751,10.90894566151831
2017-09-12,2017-09-11,002218,4.830881715395751,4.782183311006682,4.772443630128868
2017-09-12,2017-09-11,002366,28.7472529974394,28.65870909703661,29.02272290980364
2017-09-12,2017-09-11,002429,3.037836421434206,3.028489232445178,3.037836421434206
2017-09-12,2017-09-11,002456,21.14580075905186,21.48429286159789,21.50420416174766
2017-09-12,2017-09-11,002507,9.372050936462825,9.253240447335408,9.141418810509602
2017-09-12,2017-09-11,002537,11.28723297448083,11.36623373020773,11.37610882467359
2017-09-12,2017-09-11,002589,14.100982988414,14.06205687940526,14.06205687940526
2017-09-12,2017-09-11,002620,14.73253753635697,14.63445140096178,14.49713081140852
2017-09-12,2017-09-11,002649,9.511984715643356,9.529599502153808,9.494369929132905
2017-09-12,2017-09-11,002668,,,
2017-09-12,2017-09-11,300008,8.938200425037357,8.878678557612025,8.888598868849581
2017-09-12,2017-09-11,300145,,,
2017-09-12,2017-09-11,300174,28.71373050317103,28.62504705274943,28.56592475246836
2017-09-12,2017-09-11,300194,6.972839677386172,6.982702251187283,6.992564824988396
2017-09-12,2017-09-11,300296,11.78828229618692,11.84489624531482,11.95183370477863
2017-09-12,2017-09-11,300304,8.594937226109748,8.670331412303693,8.632634319206721
2017-09-12,2017-09-11,300355,10.66219721555328,10.69093629160598,10.61429875546544
2017-09-12,2017-09-11,300400,14.63063062432258,14.84369806059912,14.81706463106456
2017-09-12,2017-09-11,300415,12.28220760140066,12.34254125277596,12.25635032223981
2017-09-12,2017-09-11,300471,17.23361869974843,17.80143157020257,17.94089438048955
2017-09-12,2017-09-11,300502,5.120516450065047,5.04276849549132,4.970444816818084
2017-09-12,2017-09-11,300519,22.28478236153959,22.16497170368185,22.04516104582412
2017-09-12,2017-09-11,600386,6.573079212147635,6.5916734956332,6.693942054803815
2017-09-12,2017-09-11,600420,15.16,15.19,15.16
2017-09-12,2017-09-11,600879,8.830064814040224,8.791251342330158,8.791251342330158
2017-09-13,2017-09-12,000070,8.630130831841759,8.663007520724964,8.671226692945767
2017-09-13,2017-09-12,000338,5.842015313313566,5.834225959562481,5.842015313313566
2017-09-13,2017-09-12,000591,4.989207146255243,4.964790145539475,4.924095144346529
2017-09-13,2017-09-12,000928,,,
2017-09-13,2017-09-12,002149,13.11578479169615,13.17390496064015,13.26108521405615
2017-09-13,2017-09-12,002169,6.861106123577855,6.870852012957937,6.880597902338018
2017-09-13,2017-09-12,002206,6.215607613968423,6.179731090944075,6.179731090944075
2017-09-13,2017-09-12,002210,10.89897404756811,11.1482643963231,10.98871857311991
2017-09-13,2017-09-12,002218,4.762703949251053,4.772443630128868,4.723745225739797
2017-09-13,2017-09-12,002366,28.16679853924333,28.23566601733439,28.33404812889304
2017-09-13,2017-09-12,002429,3.009794854467121,3.000447665478092,3.009794854467121
2017-09-13,2017-09-12,002456,22.00198666549182,21.59380501242161,21.20553465950116
2017-09-13,2017-09-12,002507,9.120452253604764,9.057552582890249,9.099485696699924
2017-09-13,2017-09-12,002537,11.48473486379808,11.41560920253704,11.47485976933222
2017-09-13,2017-09-12,002589,13.95501007963124,13.92581549787469,13.85769480710941
2017-09-13,2017-09-12,002620,14.25191547292056,14.46770497078997,14.45789635725045
2017-09-13,2017-09-12,002649,9.415103389835878,9.564829075174707,9.608866041450835
2017-09-13,2017-09-12,002668,,,
2017-09-13,2017-09-12,300008,8.799316067711581,8.809236378949137,8.868758246374469
2017-09-13,2017-09-12,300145,,,
2017-09-13,2017-09-12,300174,28.34914298477112,28.28016696777654,28.49694873547379
2017-09-13,2017-09-12,300194,6.923526808380611,6.893939086977276,6.893939086977276
2017-09-13,2017-09-12,300296,11.70650659189107,11.76312054101897,11.75683010222698
2017-09-13,2017-09-12,300304,8.736301325223394,8.698604232126423,8.698604232126423
2017-09-13,2017-09-12,300355,10.5664002953776,10.5951393714303,10.5951393714303
2017-09-13,2017-09-12,300400,14.70165310308143,14.68389748339172,14.79930901137485
2017-09-13,2017-09-12,300415,12.59249495133078,12.51492311384825,12.4890658346874
2017-09-13,2017-09-12,300471,17.78150831159014,17.93093275118333,18.32939792343185
2017-09-13,2017-09-12,300502,5.033728035657164,5.004798564187871,4.974061000751746
2017-09-13,2017-09-12,300519,21.66005535985281,21.80553973010864,21.73707649704707
2017-09-13,2017-09-12,600386,6.61956492086155,6.535890645176503,6.573079212147635
2017-09-13,2017-09-12,600420,15.23,15.21,15.22
2017-09-13,2017-09-12,600879,8.703921030982507,8.733031134765056,8.81065807818519
2017-09-14,2017-09-13,000070,8.671226692945767,8.687665037387371,8.671226692945767
2017-09-14,2017-09-13,000338,5.896540789571159,5.935487558326582,5.904330143322244
2017-09-14,2017-09-13,000591,5.02990214744819,5.14384815078844,5.103153149595493
2017-09-14,2017-09-13,000928,,,
2017-09-14,2017-09-13,002149,13.41607233124015,13.34826546747215,13.39669894159215
2017-09-14,2017-09-13,002169,6.822122566057526,6.831868455437608,6.831868455437608
2017-09-14,2017-09-13,002206,6.215607613968423,6.233545875480599,6.215607613968423
2017-09-14,2017-09-13,002210,10.93886050336891,10.98871857311991,10.96877534521951
2017-09-14,2017-09-13,002218,4.986716609440776,5.064634056463288,5.181510226997056
2017-09-14,2017-09-13,002366,28.67838551934834,28.45210666276343,28.67838551934834
2017-09-14,2017-09-13,002429,3.037836421434206,3.037836421434206,3.028489232445178
2017-09-14,2017-09-13,002456,21.26526855995046,21.37478071077418,21.67345021302067
2017-09-14,2017-09-13,002507,9.344095527256375,9.295173561145086,9.253240447335408
2017-09-14,2017-09-13,002537,11.36623373020773,11.27735788001497,11.2674827855491
2017-09-14,2017-09-13,002589,13.79930564359631,13.73118495283102,13.72145342557884
2017-09-14,2017-09-13,002620,14.44808774371093,14.39904467601334,14.41866190309237
2017-09-14,2017-09-13,002649,9.661710400982187,9.547214288664257,9.60005864819561
2017-09-14,2017-09-13,002668,,12.22807108002465,12.22807108002465
2017-09-14,2017-09-13,300008,8.829077001424249,8.789395756474025,8.769555133998916
2017-09-14,2017-09-13,300145,,,
2017-09-14,2017-09-13,300174,28.44768015190623,28.45753386861974,28.80241395359263
2017-09-14,2017-09-13,300194,6.884076513176164,6.923526808380611,6.943251955982835
2017-09-14,2017-09-13,300296,11.84489624531482,11.77570141860295,11.73795878585102
2017-09-14,2017-09-13,300304,9.405424727694658,9.471394640614362,9.264060628581012
2017-09-14,2017-09-13,300355,11.19865996853709,11.42857257695872,11.26571781266007
2017-09-14,2017-09-13,300400,15.52728941865303,15.34085541191106,15.23432169377279
2017-09-14,2017-09-13,300415,12.73901953324222,12.54939948606271,12.60111404438439
2017-09-14,2017-09-13,300471,17.94089438048955,18.18993511314487,18.18993511314487
2017-09-14,2017-09-13,300502,4.992141920420054,5.017455207955686,5.026495667789841
2017-09-14,2017-09-13,300519,21.83121344250673,21.76275020944516,21.89967667556829
2017-09-14,2017-09-13,600386,6.480107794719804,6.554484928662069,6.49870207820537
2017-09-14,2017-09-13,600420,15.2,15.25,15.22
2017-09-14,2017-09-13,600879,8.791251342330158,8.762141238547606,8.742734502692572
2017-09-15,2017-09-14,000070,8.819171792920198,8.778075931816188,8.753418415153783
2017-09-15,2017-09-14,000338,6.036749157090685,6.005591742086345,5.951066265828752
2017-09-15,2017-09-14,000591,5.013624146971011,4.997346146493832,5.005485146732422
2017-09-15,2017-09-14,000928,,,
2017-09-15,2017-09-14,002149,13.07703801240015,13.10609809687215,12.94142428486415
2017-09-15,2017-09-14,002169,6.851360234197773,6.84161434481769,6.822122566057526
2017-09-15,2017-09-14,002206,6.170761960187988,6.152823698675814,6.152823698675814
2017-09-15,2017-09-14,002210,11.01863341497051,10.97874695916971,10.95880373126931
2017-09-15,2017-09-14,002218,5.04515469470766,4.986716609440776,4.967237247685148
2017-09-15,2017-09-14,002366,28.09793106115227,27.8322993599439,28.12744569461987
2017-09-15,2017-09-14,002429,3.056530799412263,3.037836421434206,3.037836421434206
2017-09-15,2017-09-14,002456,21.09602250867745,21.09602250867745,21.17566770927651
2017-09-15,2017-09-14,002507,9.225285038128956,9.225285038128956,9.239262742732182
2017-09-15,2017-09-14,002537,11.1884820298222,11.12923146302703,11.23785750215152
2017-09-15,2017-09-14,002589,13.87715786161377,13.89662091611814,13.91608397062251
2017-09-15,2017-09-14,002620,13.96746568027452,14.02631736151163,13.96746568027452
2017-09-15,2017-09-14,002649,9.50317732238813,9.50317732238813,9.476755142622455
2017-09-15,2017-09-14,002668,12.22807108002465,12.38881567638178,12.19362580937669
2017-09-15,2017-09-14,300008,8.700112955336028,8.868758246374469,9.077084782363132
2017-09-15,2017-09-14,300145,,,
2017-09-15,2017-09-14,300174,28.62504705274943,28.55607103575485,28.61519333603592
2017-09-15,2017-09-14,300194,6.943251955982835,6.903801660778388,6.9136642345795
2017-09-15,2017-09-14,300296,11.6876352755151,11.72537790826704,11.76312054101897
2017-09-15,2017-09-14,300304,9.264060628581012,9.188666442387065,9.358303361323442
2017-09-15,2017-09-14,300355,11.21781935257223,11.24655842862493,11.2273990445898
2017-09-15,2017-09-14,300400,15.04788768703081,15.07452111656538,15.04788768703081
2017-09-15,2017-09-14,300415,12.40287490415126,12.32530306666873,12.29944578750788
2017-09-15,2017-09-14,300471,17.72173853575286,17.95085600979576,17.94089438048955
2017-09-15,2017-09-14,300502,5.241658611842715,5.29047709494715,5.225385784141237
2017-09-15,2017-09-14,300519,21.73707649704707,21.80553973010864,21.69428697638359
2017-09-15,2017-09-14,600386,6.452216369491455,6.433622086005888,6.405730660777539
2017-09-15,2017-09-14,600420,15.18,15.16,15.17
2017-09-15,2017-09-14,600879,8.684514295127473,8.75243787062009,8.81065807818519
2017-09-18,2017-09-15,000338,5.927698204575498,5.935487558326582,5.84980466706465
2017-09-18,2017-09-15,000591,4.964790145539475,4.997346146493832,4.997346146493832
2017-09-18,2017-09-15,000811,7.52694420662442,7.489571097356174,7.482096475502526
2017-09-18,2017-09-15,000928,,,
2017-09-18,2017-09-15,000963,24.07471535347752,24.21890616201172,24.43519237481301
2017-09-18,2017-09-15,002065,11.36472222222222,11.40456349206349,11.34480158730159
2017-09-18,2017-09-15,002131,3.045066459320628,3.035179879907249,3.054953038734006
2017-09-18,2017-09-15,002149,12.76706377803215,12.81549725215215,12.76706377803215
2017-09-18,2017-09-15,002169,6.822122566057526,6.84161434481769,6.802630787297362
2017-09-18,2017-09-15,002185,6.354827569246051,6.381123407463622,6.381123407463622
2017-09-18,2017-09-15,002210,10.79925790806611,10.91891727546851,10.90894566151831
2017-09-18,2017-09-15,002429,3.019142043456149,3.019142043456149,3.019142043456149
2017-09-18,2017-09-15,002438,7.766171010810205,7.794863760850146,7.766171010810205
2017-09-18,2017-09-15,002456,20.80730865650584,20.63806260523282,20.78739735635607
2017-09-18,2017-09-15,002519,7.8204,7.879199999999999,7.8988
2017-09-18,2017-09-15,002537,11.06998089623186,11.14898165195875,11.1884820298222
2017-09-18,2017-09-15,002620,14.04593458859067,13.97727429381404,13.957657066735
2017-09-18,2017-09-15,002649,9.397488603325426,9.388681210070201,9.3534516370493
2017-09-18,2017-09-15,300008,9.047323848650464,8.908439491324691,8.759634822761361
2017-09-18,2017-09-15,300012,4.664463463717302,4.635188588422006,4.635188588422006
2017-09-18,2017-09-15,300062,6.731553768804996,6.756234075931686,6.731553768804996
2017-09-18,2017-09-15,300145,,,
2017-09-18,2017-09-15,300174,28.49694873547379,28.40826528505219,28.2407521009225
2017-09-18,2017-09-15,300194,6.893939086977276,6.893939086977276,6.874213939375052
2017-09-18,2017-09-15,300279,12.74385964689199,12.52482455921104,12.57460526095671
2017-09-18,2017-09-15,300285,15.0339263872316,15.06000431678447,14.86441984513792
2017-09-18,2017-09-15,300296,11.75683010222698,11.68134483672312,11.81344405135488
2017-09-18,2017-09-15,300382,7.514194770165462,7.519096397543261,7.523998024921059
2017-09-18,2017-09-15,300400,14.4264409978909,14.38205194866662,14.33766289944234
2017-09-18,2017-09-15,300415,12.20463576391812,12.20463576391812,12.21325485697174
2017-09-18,2017-09-15,300519,21.70284488051629,21.60870793505664,21.71140278464899
2017-09-18,2017-09-15,600879,8.762141238547606,8.791251342330158,8.742734502692572
2017-09-19,2017-09-18,000338,5.919908850824413,5.919908850824413,5.880962082068989
2017-09-19,2017-09-18,000591,5.02990214744819,5.0217631472096,5.086875149118315
2017-09-19,2017-09-18,000811,7.489571097356174,7.489571097356174,7.504520341063472
2017-09-19,2017-09-18,000928,,,
2017-09-19,2017-09-18,000963,24.58453285508057,24.56393416814712,24.48668909214665
2017-09-19,2017-09-18,002065,11.43444444444444,11.3547619047619,11.30496031746032
2017-09-19,2017-09-18,002131,3.045066459320628,3.045066459320628,3.045066459320628
2017-09-19,2017-09-18,002149,12.96079767451215,12.94142428486415,12.83487064180015
2017-09-19,2017-09-18,002169,6.84161434481769,6.84161434481769,6.822122566057526
2017-09-19,2017-09-18,002185,6.530133157363184,6.503837319145614,6.503837319145614
2017-09-19,2017-09-18,002210,10.85908759176731,10.91891727546851,10.82917274991671
2017-09-19,2017-09-18,002429,3.047183610423234,3.047183610423234,3.037836421434206
2017-09-19,2017-09-18,002438,7.727914010756954,7.71834976074364,7.747042510783579
2017-09-19,2017-09-18,002456,21.21549030957605,21.16571205920163,20.9466877575542
2017-09-19,2017-09-18,002519,8.300600000000001,8.33,8.183
2017-09-19,2017-09-18,002537,11.30698316341255,11.29710806894669,11.32673335234428
2017-09-19,2017-09-18,002620,14.04593458859067,14.10478626982778,14.222489632302
2017-09-19,2017-09-18,002649,9.432718176346329,9.423910783091102,9.415103389835878
2017-09-19,2017-09-18,300008,8.898519180087137,8.868758246374469,9.007642603700244
2017-09-19,2017-09-18,300012,4.664463463717302,4.674221755482401,4.693738339012599
2017-09-19,2017-09-18,300062,6.811764766966741,6.787084459840051,6.762404152713359
2017-09-19,2017-09-18,300145,,,
2017-09-19,2017-09-18,300174,28.26045953434952,28.27031325106304,28.27031325106304
2017-09-19,2017-09-18,300194,6.903801660778388,6.903801660778388,6.903801660778388
2017-09-19,2017-09-18,300279,12.73390350654286,12.73390350654286,12.91311403282728
2017-09-19,2017-09-18,300285,15.26210827081924,15.30122516514855,15.20343292932527
2017-09-19,2017-09-18,300296,12.0839329194104,12.05877116424244,12.17199906249824
2017-09-19,2017-09-18,300382,7.67594847363282,7.685751728388418,7.700456610521814
2017-09-19,2017-09-18,300400,14.57736376525345,14.45307442742546,14.49746347664974
2017-09-19,2017-09-18,300415,12.49768492774102,12.48044674163379,12.4287321833121
2017-09-19,2017-09-18,300519,21.74563440117977,21.69428697638359,21.77130811357786
2017-09-19,2017-09-18,600879,8.75243787062009,8.72332776683754,8.703921030982507
2017-09-20,2017-09-19,000338,5.842015313313566,5.818647252060312,5.834225959562481
2017-09-20,2017-09-19,000591,5.054319148163957,5.095014149356904,5.265933154367279
2017-09-20,2017-09-19,000811,7.422299500673335,7.39240101325874,7.437248744380632
2017-09-20,2017-09-19,000928,,,
2017-09-20,2017-09-19,000963,24.07471535347752,24.05411666654406,24.06956568174416
2017-09-20,2017-09-19,002065,11.09579365079365,11.1256746031746,11.07587301587301
2017-09-20,2017-09-19,002131,3.035179879907249,3.035179879907249,3.035179879907249
2017-09-20,2017-09-19,002149,12.85424403144815,13.22233843476015,13.30951868817615
2017-09-20,2017-09-19,002169,6.753901340396951,6.744155451016868,6.753901340396951
2017-09-20,2017-09-19,002185,6.363592848651908,6.398653966275335,6.451245642710475
2017-09-20,2017-09-19,002210,10.86905920571751,10.88900243361791,10.80922952201631
2017-09-20,2017-09-19,002429,3.065877988401291,3.075225177390319,3.075225177390319
2017-09-20,2017-09-19,002438,7.727914010756954,7.737478260770267,7.727914010756954
2017-09-20,2017-09-19,002456,20.13032445141378,20.35930440313609,20.47877220403469
2017-09-20,2017-09-19,002519,8.163399999999999,8.1046,8.222200000000001
2017-09-20,2017-09-19,002537,11.14898165195875,11.13910655749289,11.17860693535634
2017-09-20,2017-09-19,002620,13.97727429381404,13.92823122611644,13.86937954487933
2017-09-20,2017-09-19,002649,9.274185097752271,9.291799884262723,9.335836850538849
2017-09-20,2017-09-19,300008,8.958041047512467,9.106845716075798,9.176287894738685
2017-09-20,2017-09-19,300012,4.693738339012599,4.723013214307896,4.713254922542797
2017-09-20,2017-09-19,300062,6.706873461678303,6.676023077769941,6.700703384896631
2017-09-20,2017-09-19,300145,,,
2017-09-20,2017-09-19,300174,27.84660343238206,27.74806626524695,27.92543316609015
2017-09-20,2017-09-19,300194,6.86435136557394,6.854488791772828,6.844626217971716
2017-09-20,2017-09-19,300279,12.74385964689199,12.77372806793939,12.78368420828853
2017-09-20,2017-09-19,300285,15.01436794006694,,
2017-09-20,2017-09-19,300296,11.96441458236261,12.07135204182642,12.20345125645818
2017-09-20,2017-09-19,300382,7.685751728388418,7.661243591499424,7.695554983144015
2017-09-20,2017-09-19,300400,14.3642963289769,14.32878508959748,14.22225137145921
2017-09-20,2017-09-19,300415,12.4287321833121,12.43735127636572,12.38563671804403
2017-09-20,2017-09-19,300519,21.49745518133159,21.55736051026046,21.41187614000463
2017-09-20,2017-09-19,600879,8.626294087562373,8.694217663054991,8.75243787062009
2017-09-21,2017-09-20,000338,5.86538337456682,5.84980466706465,5.834225959562481
2017-09-21,2017-09-20,000591,5.184543151981386,5.208960152697155,5.274072154605869
2017-09-21,2017-09-20,000811,7.407350256966038,7.377451769551441,7.39240101325874
2017-09-21,2017-09-20,000928,,7.001623630943515,6.910496208414965
2017-09-21,2017-09-20,000963,23.84298012547613,23.84298012547613,23.8326807820094
2017-09-21,2017-09-20,002065,11.21531746031746,11.25515873015873,11.3547619047619
2017-09-21,2017-09-20,002131,3.035179879907249,3.035179879907249,3.035179879907249
2017-09-21,2017-09-20,002149,14.14257444304016,14.54941562564817,14.30724825504816
2017-09-21,2017-09-20,002169,6.900089681098184,6.92932734923843,6.997548574899005
2017-09-21,2017-09-20,002185,7.003458245279442,7.161233274584861,7.275181906860998
2017-09-21,2017-09-20,002210,10.84911597781711,10.89897404756811,10.83914436386691
2017-09-21,2017-09-20,002429,3.224780201214772,3.243474579192829,3.196738634247687
2017-09-21,2017-09-20,002438,7.747042510783579,7.737478260770267,7.727914010756954
2017-09-21,2017-09-20,002456,20.22988095216261,20.0606349008896,19.81174364901752
2017-09-21,2017-09-20,002519,8.143800000000001,8.094799999999999,8.1046
2017-09-21,2017-09-20,002537,11.24773259661738,11.24773259661738,11.2674827855491
2017-09-21,2017-09-20,002620,13.957657066735,13.83014509072126,13.81052786364222
2017-09-21,2017-09-20,002649,9.494369929132905,9.46794774936723,9.450332962856779
2017-09-21,2017-09-20,300008,9.206048828451349,9.116766027313352,9.116766027313352
2017-09-21,2017-09-20,300012,4.635188588422006,4.625430296656907,4.615672004891808
2017-09-21,2017-09-20,300062,6.731553768804996,6.768574229495033,6.762404152713359
2017-09-21,2017-09-20,300145,,,
2017-09-21,2017-09-20,300174,28.25060581763601,28.14221493378739,28.09294635021984
2017-09-21,2017-09-20,300194,6.874213939375052,6.893939086977276,6.903801660778388
2017-09-21,2017-09-20,300279,12.90315789247814,12.84342105038334,12.8035964889868
2017-09-21,2017-09-20,300285,,,
2017-09-21,2017-09-20,300296,12.23490345041813,12.24119388921012,12.34813134867392
2017-09-21,2017-09-20,300382,7.607325690343638,7.553407789187852,7.548506161810053
2017-09-21,2017-09-20,300400,14.22225137145921,14.2044957517695,14.12459546316579
2017-09-21,2017-09-20,300415,12.54078039300909,12.48044674163379,12.48044674163379
2017-09-21,2017-09-20,300519,21.58303422265855,21.4717814689335,21.50601308546429
2017-09-21,2017-09-20,600879,8.75243787062009,8.694217663054991,8.674810927199955
2017-09-22,2017-09-21,000338,5.779700483304888,5.779700483304888,5.787489837055972
2017-09-22,2017-09-21,000591,5.038041147686779,5.151987151027029,5.078736148879726
2017-09-22,2017-09-21,000811,7.39240101325874,7.332604038429549,7.280281685454007
2017-09-22,2017-09-21,000928,6.796586930254279,6.629519988951939,6.545986518300769
2017-09-22,2017-09-21,000963,23.98202126227696,23.86872848414295,24.08501469694425
2017-09-22,2017-09-21,002065,11.27507936507937,11.11571428571429,11.0659126984127
2017-09-22,2017-09-21,002131,3.02529330049387,3.005520141667113,3.005520141667113
2017-09-22,2017-09-21,002149,14.32662164469616,13.96821393620816,13.79385342937616
2017-09-22,2017-09-21,002169,6.890343791718101,6.802630787297362,6.802630787297362
2017-09-22,2017-09-21,002185,7.50307917141327,7.26641662745514,7.196294392208288
2017-09-22,2017-09-21,002210,11.31778183347649,11.21806569397449,11.22803730792469
2017-09-22,2017-09-21,002429,3.178044256269631,3.150002689302546,3.121961122335461
2017-09-22,2017-09-21,002438,7.660964260663762,7.641835760637136,7.536629010490692
2017-09-22,2017-09-21,002456,20.26970355246214,20.16019140163843,20.25974790238726
2017-09-22,2017-09-21,002519,7.9184,7.889,7.84
2017-09-22,2017-09-21,002537,11.24773259661738,11.19835712428807,11.13910655749289
2017-09-22,2017-09-21,002620,13.55550391161474,13.57512113869377,13.59473836577281
2017-09-22,2017-09-21,002649,9.327029457283624,9.362259030304527,9.247762917986597
2017-09-22,2017-09-21,300008,9.067164471125576,8.997722292462688,8.858837935136913
2017-09-22,2017-09-21,300012,4.48881421194552,4.48881421194552,4.518089087240818
2017-09-22,2017-09-21,300062,6.682193154551613,6.571131772481504,6.527941235009794
2017-09-22,2017-09-21,300145,,,
2017-09-22,2017-09-21,300174,27.87616458252259,27.93528688280366,27.93528688280366
2017-09-22,2017-09-21,300194,6.854488791772828,6.854488791772828,6.834763644170604
2017-09-22,2017-09-21,300279,12.69407894514632,12.70403508549545,12.62438596270238
2017-09-22,2017-09-21,300285,,,
2017-09-22,2017-09-21,300296,12.29780783833801,12.22232257283415,12.29151739954603
2017-09-22,2017-09-21,300382,7.607325690343638,7.533801279676656,7.465178496387475
2017-09-22,2017-09-21,300400,14.03581736471724,14.16010670254522,14.08908422378637
2017-09-22,2017-09-21,300415,12.37701762499041,12.27358850834704,12.26496941529343
2017-09-22,2017-09-21,300519,21.42043404413733,21.33485500281037,21.46322356480081
2017-09-22,2017-09-21,600879,8.635997455489889,8.587480615852305,8.519557040359688
2017-09-25,2017-09-22,000338,5.701806945794041,5.694017592042955,5.701806945794041
2017-09-25,2017-09-22,000591,5.038041147686779,5.046180147925369,5.062458148402547
2017-09-25,2017-09-22,000811,7.310180172868601,7.265332441746709,7.257857819893061
2017-09-25,2017-09-22,000928,6.561174422055528,6.515610710791253,6.492828855159116
2017-09-25,2017-09-22,000963,24.27040287934536,24.52788646601357,24.61028121374739
2017-09-25,2017-09-22,002065,11.00615079365079,10.97626984126984,11.09579365079365
2017-09-25,2017-09-22,002131,3.045066459320628,3.035179879907249,3.015406721080491
2017-09-25,2017-09-22,002206,6.170761960187988,6.134885437163638,6.134885437163638
2017-09-25,2017-09-22,002210,11.44741281482909,11.70667477753427,11.46735604272948
2017-09-25,2017-09-22,002370,15.12776324845148,15.31710942876806,15.30714384033035
2017-09-25,2017-09-22,002429,3.131308311324489,3.112613933346433,3.187391445258659
2017-09-25,2017-09-22,002438,7.546193260504006,7.527064760477379,7.4696792603975
2017-09-25,2017-09-22,002537,11.13910655749289,11.14898165195875,11.14898165195875
2017-09-25,2017-09-22,002599,8.536573362173581,8.489989060060765,8.489989060060765
2017-09-25,2017-09-22,002620,13.5358866845357,13.52607807099618,13.52607807099618
2017-09-25,2017-09-22,002649,9.335836850538849,9.344644243794074,9.423910783091102
2017-09-25,2017-09-22,002763,13.20938629033476,13.18003209857847,13.11398516712679
2017-09-25,2017-09-22,002777,14.99401186025806,15.10996555197738,14.87405976537599
2017-09-25,2017-09-22,300008,8.878678557612025,9.057244159888022,9.057244159888022
2017-09-25,2017-09-22,300145,,,
2017-09-25,2017-09-22,300174,27.98455546637122,27.96484803294419,28.04367776665228
2017-09-25,2017-09-22,300194,6.755863053761708,6.726275332358372,6.755863053761708
2017-09-25,2017-09-22,300285,,,
2017-09-25,2017-09-22,300296,12.35442178746591,12.56200626760154,12.61862021672944
2017-09-25,2017-09-22,300352,5.291639739178469,5.291639739178469,5.291639739178469
2017-09-25,2017-09-22,300400,14.03581736471724,14.00030612533781,14.05357298440695
2017-09-25,2017-09-22,300425,5.93046399146685,5.894952231038904,5.950756425997104
2017-09-25,2017-09-22,300471,17.11407914807387,16.70565234651914,16.49645813108867
2017-09-25,2017-09-22,300519,21.61726583918933,21.72851859291438,21.70284488051629
2017-09-25,2017-09-22,300522,11.0301300146659,10.94233846727124,10.91073351020916
2017-09-25,2017-09-22,600420,15.01,15.02,14.94
2017-09-25,2017-09-22,603077,2.260634856442293,2.250974023722454,2.250974023722454
2017-09-26,2017-09-25,000338,5.686228238291871,5.701806945794041,5.717385653296209
2017-09-26,2017-09-25,000591,4.940373144823708,4.948512145062296,4.940373144823708
2017-09-26,2017-09-25,000811,7.175636979502922,7.198060845063869,7.12331462652738
2017-09-26,2017-09-25,000928,6.340949817611533,6.363731673243672,6.371325625121051
2017-09-26,2017-09-25,000963,24.98105757854961,25.08920068495026,25.0686019980168
2017-09-26,2017-09-25,002065,10.95634920634921,10.98623015873016,10.85674603174603
2017-09-26,2017-09-25,002131,2.995633562253734,2.995633562253734,3.005520141667113
2017-09-26,2017-09-25,002206,6.116947175651465,6.107978044895377,6.09900891413929
2017-09-26,2017-09-25,002210,11.29783860557609,11.0984063265721,11.34769667532709
2017-09-26,2017-09-25,002370,15.03807295251204,15.08790089470062,15.06796971782519
2017-09-26,2017-09-25,002429,3.196738634247687,3.196738634247687,3.159349878291574
2017-09-26,2017-09-25,002438,7.383601010277683,7.393165260290997,7.383601010277683
2017-09-26,2017-09-25,002537,11.02060542390254,11.12923146302703,11.07985599069772
2017-09-26,2017-09-25,002599,8.50163513558897,8.431758682419744,8.478342984532562
2017-09-26,2017-09-25,002620,13.08469046171784,12.99641293986218,12.93756125862506
2017-09-26,2017-09-25,002649,9.300607277517949,9.256570311241822,9.230148131476145
2017-09-26,2017-09-25,002763,12.79842760574657,12.77641196192935,12.78375050986842
2017-09-26,2017-09-25,002777,14.79809010528402,14.89405178118967,14.59417154398451
2017-09-26,2017-09-25,300008,8.819156690186693,8.799316067711581,8.729873889048696
2017-09-26,2017-09-25,300145,,,
2017-09-26,2017-09-25,300174,28.93051227086827,28.67431563631699,28.46738758533326
2017-09-26,2017-09-25,300194,6.696687610955036,6.706550184756148,6.696687610955036
2017-09-26,2017-09-25,300285,,,
2017-09-26,2017-09-25,300296,12.6437819718974,12.58087758397751,12.51168275726563
2017-09-26,2017-09-25,300352,5.212066209266011,5.212066209266011,5.182226135548839
2017-09-26,2017-09-25,300400,13.78723868906127,13.92040583673411,13.81387211859584
2017-09-26,2017-09-25,300425,5.702174103001488,5.73261275479687,5.702174103001488
2017-09-26,2017-09-25,300471,16.44664998455761,16.64588257068186,16.38688020872033
2017-09-26,2017-09-25,300519,21.52312889372968,21.49745518133159,21.42043404413733
2017-09-26,2017-09-25,300522,10.51040405408948,10.57361396821364,10.60521892527572
2017-09-26,2017-09-25,600420,14.91,14.92,14.83
2017-09-26,2017-09-25,603077,2.212330692843099,2.212330692843099,2.221991525562937
2017-09-27,2017-09-26,000338,5.764121775802718,5.756332422051633,5.764121775802718
2017-09-27,2017-09-26,000591,4.867122142676404,4.891539143392171,4.875261142914993
2017-09-27,2017-09-26,000811,7.220484710624816,7.205535466917518,7.220484710624816
2017-09-27,2017-09-26,000928,6.409295384507946,6.409295384507946,6.432077240140083
2017-09-27,2017-09-26,000963,24.84716611348215,24.90381250254915,24.97590790681625
2017-09-27,2017-09-26,002065,11.01611111111111,11.00615079365079,11.01611111111111
2017-09-27,2017-09-26,002131,2.995633562253734,2.985746982840356,2.995633562253734
2017-09-27,2017-09-26,002206,6.1617928294319,6.125916306407552,6.134885437163638
2017-09-27,2017-09-26,002210,11.33772506137689,11.25795214977529,11.26792376372549
2017-09-27,2017-09-26,002370,14.82879559532003,14.73910529938059,14.92845147969718
2017-09-27,2017-09-26,002429,3.168697067280602,3.168697067280602,3.168697067280602
2017-09-27,2017-09-26,002438,7.316651260184492,7.335779760211118,7.316651260184492
2017-09-27,2017-09-26,002537,10.97122995157323,10.9514797626415,10.94160466817564
2017-09-27,2017-09-26,002599,8.379351342542828,8.338590078194112,8.33276704043001
2017-09-27,2017-09-26,002620,13.59473836577281,13.38875748144292,13.31028857312677
2017-09-27,2017-09-26,002649,9.177303771944793,9.177303771944793,9.22134073822092
2017-09-27,2017-09-26,002763,12.69568793459952,12.78375050986842,12.76907341399027
2017-09-27,2017-09-26,002777,15.15394798676748,15.08997353616371,14.97801824760711
2017-09-27,2017-09-26,300008,9.087005093600688,9.206048828451349,9.067164471125576
2017-09-27,2017-09-26,300145,,,
2017-09-27,2017-09-26,300174,28.58563218589539,28.46738758533326,29.16700147199253
2017-09-27,2017-09-26,300194,6.686825037153924,6.706550184756148,6.676962463352812
2017-09-27,2017-09-26,300285,,,
2017-09-27,2017-09-26,300296,12.37329310384188,12.39845485900983,12.37329310384188
2017-09-27,2017-09-26,300352,5.092705914397323,5.10265260563638,5.122545988114495
2017-09-27,2017-09-26,300400,14.01806174502752,13.99142831549296,14.2044957517695
2017-09-27,2017-09-26,300425,5.666662342573543,5.661589233940979,5.671735451206105
2017-09-27,2017-09-26,300471,16.47653487247624,16.52634301900731,16.60603605345701
2017-09-27,2017-09-26,300519,20.23088536969263,20.17098004076376,20.29934860275419
2017-09-27,2017-09-26,300522,10.64384720612937,10.68598714887881,10.59468393958836
2017-09-27,2017-09-26,600420,14.91,14.93,15
2017-09-27,2017-09-26,603077,2.221991525562937,2.221991525562937,2.221991525562937
2017-09-28,2017-09-27,000338,5.725175007047294,5.725175007047294,5.717385653296209
2017-09-28,2017-09-27,000591,4.964790145539475,4.948512145062296,4.972929145778065
2017-09-28,2017-09-27,000811,7.205535466917518,7.213010088771167,7.205535466917518
2017-09-28,2017-09-27,000928,6.356137721366292,6.378919576998429,6.333355865734155
2017-09-28,2017-09-27,000963,24.95015954814943,24.94500987641606,24.79051972441514
2017-09-28,2017-09-27,002065,10.97626984126984,10.96630952380952,10.94638888888889
2017-09-28,2017-09-27,002131,2.995633562253734,2.985746982840356,2.985746982840356
2017-09-28,2017-09-27,002206,6.143854567919726,6.116947175651465,6.116947175651465
2017-09-28,2017-09-27,002210,11.30781021952629,11.26792376372549,11.25795214977529
2017-09-28,2017-09-27,002370,15.10783207157605,15.05800412938747,15.14769442532691
2017-09-28,2017-09-27,002429,3.196738634247687,3.196738634247687,3.178044256269631
2017-09-28,2017-09-27,002438,7.393165260290997,7.393165260290997,7.37403676026437
2017-09-28,2017-09-27,002537,11.0304805183684,11.08973108516358,11.0304805183684
2017-09-28,2017-09-27,002599,8.227952360676174,8.251244511732581,8.257067549496684
2017-09-28,2017-09-27,002620,13.41818332206148,13.30047995958725,13.28086273250821
2017-09-28,2017-09-27,002649,9.256570311241822,9.238955524731372,9.265377704497046
2017-09-28,2017-09-27,002763,12.84245889338102,12.83512034544194,12.79842760574657
2017-09-28,2017-09-27,002777,15.06598311718729,15.09397193932644,15.09397193932644
2017-09-28,2017-09-27,300008,9.067164471125576,9.077084782363132,9.03740353741291
2017-09-28,2017-09-27,300145,,,
2017-09-28,2017-09-27,300174,28.74329165331156,28.42797271847921,28.63490076946294
2017-09-28,2017-09-27,300194,6.696687610955036,6.686825037153924,6.6670998895517
2017-09-28,2017-09-27,300285,,,
2017-09-28,2017-09-27,300296,12.31667915471398,12.37958354263387,12.45506880813773
2017-09-28,2017-09-27,300352,5.122545988114495,5.122545988114495,5.112599296875437
2017-09-28,2017-09-27,300400,14.14235108285551,13.97367269580324,14.03581736471724
2017-09-28,2017-09-27,300425,5.712320320266614,5.707247211634051,5.757978297959687
2017-09-28,2017-09-27,300471,16.91484656194961,16.86503841541855,16.98457796709311
2017-09-28,2017-09-27,300519,20.42771716474463,20.32502231515228,20.45339087714272
2017-09-28,2017-09-27,300522,10.55956732063049,10.48231075892318,10.39451921152852
2017-09-28,2017-09-27,600420,15.02,15,14.96
2017-09-28,2017-09-27,603077,2.221991525562937,2.212330692843099,2.221991525562937
2017-09-29,2017-09-28,000338,5.740753714549464,5.787489837055972,5.810857898309226
2017-09-29,2017-09-28,000591,4.915956144107939,4.932234144585117,4.964790145539475
2017-09-29,2017-09-28,000811,7.085941517259136,7.108365382820082,7.115840004673731
2017-09-29,2017-09-28,000928,6.196664731941332,6.234634491328228,6.265010298837743
2017-09-29,2017-09-28,000963,25.08920068495026,25.00165626548307,25.25399018041792
2017-09-29,2017-09-28,002065,11.2352380952381,11.24519841269841,11.20535714285714
2017-09-29,2017-09-28,002131,2.975860403426977,2.995633562253734,3.005520141667113
2017-09-29,2017-09-28,002206,6.107978044895377,6.125916306407552,6.09900891413929
2017-09-29,2017-09-28,002210,11.1682076242235,11.1781792381737,11.1781792381737
2017-09-29,2017-09-28,002370,14.90852030282175,14.89855471438403,14.81883000688231
2017-09-29,2017-09-28,002429,3.196738634247687,3.178044256269631,3.168697067280602
2017-09-29,2017-09-28,002438,7.316651260184492,7.345344010224431,7.364472510251058
2017-09-29,2017-09-28,002537,10.94160466817564,10.99098014050496,10.92185447924392
2017-09-29,2017-09-28,002599,8.239598436204378,8.251244511732581,8.3036518516095
2017-09-29,2017-09-28,002620,13.19258521065255,13.18277659711303,13.34952302728484
2017-09-29,2017-09-28,002649,9.150881592179118,9.203725951710469,9.194918558455244
2017-09-29,2017-09-28,002763,12.62230245520877,12.65899519490415,12.66633374284322
2017-09-29,2017-09-28,002777,14.79009329895855,14.79409170212128,14.77010128314487
2017-09-29,2017-09-28,300008,9.325092563302015,9.33501287453957,9.275491007114237
2017-09-29,2017-09-28,300145,,,
2017-09-29,2017-09-28,300174,27.87616458252259,27.88601829923611,27.88601829923611
2017-09-29,2017-09-28,300194,6.657237315750588,6.6670998895517,6.676962463352812
2017-09-29,2017-09-28,300285,,,
2017-09-29,2017-09-28,300296,12.28522696075404,12.40474529780182,12.52426363484961
2017-09-29,2017-09-28,300352,5.082759223158266,5.122545988114495,5.122545988114495
2017-09-29,2017-09-28,300400,13.92928364657896,14.00918393518267,14.02693955487238
2017-09-29,2017-09-28,300425,5.63622369077816,5.712320320266614,5.697100994368924
2017-09-29,2017-09-28,300471,17.09415588946145,17.0543093722366,17.04434774293038
2017-09-29,2017-09-28,300519,20.2907906986215,20.43627506887733,20.44483297301002
2017-09-29,2017-09-28,300522,10.2400060881139,10.28916935465492,10.29970434034228
2017-09-29,2017-09-28,600420,14.87,14.9,14.94
2017-09-29,2017-09-28,603077,2.202669860123259,2.202669860123259,2.202669860123259
2017-10-09,2017-09-29,000338,5.834225959562481,5.873172728317905,5.84980466706465
2017-10-09,2017-09-29,000928,6.242228443205606,6.325761913856776,6.318167961979397
2017-10-09,2017-09-29,002065,11.19539682539683,11.28503968253968,11.2352380952381
2017-10-09,2017-09-29,002206,6.116947175651465,6.125916306407552,6.134885437163638
2017-10-09,2017-09-29,002218,4.889319800662635,4.938018205051706,4.89905948154045
2017-10-09,2017-09-29,002354,20.03663066890018,20.35593952418146,20.37589632763654
2017-10-09,2017-09-29,002366,27.88149041572322,28.54065056316622,28.42259202929583
2017-10-09,2017-09-29,002370,14.77896765313145,14.98824501032347,14.8786235375086
2017-10-09,2017-09-29,002429,3.178044256269631,3.187391445258659,3.196738634247687
2017-10-09,2017-09-29,002537,11.02060542390254,11.11935636856117,11.16873184089048
2017-10-09,2017-09-29,002589,13.95501007963124,14.26641895170112,14.19829826093583
2017-10-09,2017-09-29,002599,8.274536662788991,8.3036518516095,8.338590078194112
2017-10-09,2017-09-29,002620,13.67320727408896,13.72225034178655,13.57512113869377
2017-10-09,2017-09-29,002643,11.45830596539603,11.56581157257723,11.52101756958507
2017-10-09,2017-09-29,002649,9.415103389835878,9.494369929132905,9.450332962856779
2017-10-09,2017-09-29,002703,11.61050561414677,11.69989359577836,12.0276495284275
2017-10-09,2017-09-29,300037,13.6963450510717,13.8431103252508,13.80117738977106
2017-10-09,2017-09-29,300145,,,
2017-10-09,2017-09-29,300194,6.696687610955036,6.755863053761708,6.706550184756148
2017-10-09,2017-09-29,300196,12.8358939783716,13.0014555850729,12.99171666703164
2017-10-09,2017-09-29,300253,5.870799874602854,5.977403244569701,5.931716086012481
2017-10-09,2017-09-29,300260,7.343281793980892,7.430313281909554,7.359600197967516
2017-10-09,2017-09-29,300285,,,
2017-10-09,2017-09-29,300296,12.67523416585734,12.89539952357694,13.26024497351229
2017-10-09,2017-09-29,300304,9.631607286276495,9.829517025035599,9.782395658664385
2017-10-09,2017-09-29,300382,7.323031302431311,7.396555713098292,7.386752458342695
2017-10-09,2017-09-29,300400,14.16898451239008,14.18674013207979,14.11571765332094
2017-10-09,2017-09-29,300425,5.712320320266614,5.671735451206105,5.565200169922271
2017-10-09,2017-09-29,300471,17.10411751876766,16.99453959639932,16.95469307917446
2017-10-09,2017-09-29,300519,20.64166476806202,20.8812860837775,20.77003333005246
2017-10-09,2017-09-29,300520,33.83068018391782,33.55595308265632,34.22314747143427
2017-10-09,2017-09-29,300522,10.33482095930014,10.49635740650633,10.47177577323582
2017-10-10,2017-10-09,000338,5.86538337456682,5.873172728317905,5.896540789571159
2017-10-10,2017-10-09,000928,6.371325625121051,6.378919576998429,6.325761913856776
2017-10-10,2017-10-09,002065,11.295,11.48424603174603,11.5240873015873
2017-10-10,2017-10-09,002206,6.152823698675814,6.143854567919726,6.1617928294319
2017-10-10,2017-10-09,002218,4.938018205051706,4.918538843296077,4.908799162418264
2017-10-10,2017-10-09,002354,20.63533477255258,20.65529157600766,20.6652699777352
2017-10-10,2017-10-09,002366,27.89132862687909,27.67488798145004,27.73391724838524
2017-10-10,2017-10-09,002370,15.04803854094976,15.0779353062629,15.09786648313833
2017-10-10,2017-10-09,002429,3.364988036050197,3.346293658072141,3.327599280094084
2017-10-10,2017-10-09,002537,11.12923146302703,11.13910655749289,11.13910655749289
2017-10-10,2017-10-09,002589,14.29561353345767,14.31507658796204,14.48051255124916
2017-10-10,2017-10-09,002599,8.455050833476152,8.420112606891541,8.443404757947949
2017-10-10,2017-10-09,002620,13.692824501168,13.6437814334704,13.56531252515425
2017-10-10,2017-10-09,002643,11.81665798933336,11.81665798933336,11.87041079292396
2017-10-10,2017-10-09,002649,9.494369929132905,9.50317732238813,9.46794774936723
2017-10-10,2017-10-09,002703,12.28588147536318,12.20642549169066,12.15676550189534
2017-10-10,2017-10-09,300037,13.92697619621029,13.97415074862501,13.83262709138087
2017-10-10,2017-10-09,300145,,,
2017-10-10,2017-10-09,300194,6.775588201363932,6.775588201363932,6.844626217971716
2017-10-10,2017-10-09,300196,12.98197774899039,13.0014555850729,13.01119450311415
2017-10-10,2017-10-09,300253,6.038319455979329,6.091621140962753,6.236297143060618
2017-10-10,2017-10-09,300260,7.419434345918472,7.446631685896178,7.495586897856051
2017-10-10,2017-10-09,300285,,,
2017-10-10,2017-10-09,300296,13.18475970800843,13.26024497351229,13.24137365713633
2017-10-10,2017-10-09,300304,10.05569958361744,10.04627531034319,9.989729670697733
2017-10-10,2017-10-09,300382,7.386752458342695,7.357342694075903,7.372047576209298
2017-10-10,2017-10-09,300400,14.70165310308143,15.09227673625509,15.09227673625509
2017-10-10,2017-10-09,300425,5.610858147615343,5.580419495819961,5.671735451206105
2017-10-10,2017-10-09,300471,16.8251918981937,16.68572908790672,16.49645813108867
2017-10-10,2017-10-09,300519,20.94974931683907,20.99253883750255,21.06955997469681
2017-10-10,2017-10-09,300520,35.32205587648033,35.33186755866824,35.3024325121045
2017-10-10,2017-10-09,300522,10.73515041541982,10.67194050129566,10.73866207731561
2017-10-11,2017-10-10,000338,5.880962082068989,5.904330143322244,5.880962082068989
2017-10-11,2017-10-10,000928,6.401701432630566,6.401701432630566,6.470046999526978
2017-10-11,2017-10-10,002065,11.56392857142857,11.50416666666667,11.48424603174603
2017-10-11,2017-10-10,002206,6.143854567919726,6.152823698675814,6.134885437163638
2017-10-11,2017-10-10,002218,4.957497566807334,5.084113418218916,5.113332460852358
2017-10-11,2017-10-10,002354,20.89477321746862,20.97460043128894,20.90475161919615
2017-10-11,2017-10-10,002366,27.8027847264763,27.92084326034669,27.96019610497015
2017-10-11,2017-10-10,002370,15.92501032346869,16.17415003441156,16.18411562284928
2017-10-11,2017-10-10,002429,3.364988036050197,3.346293658072141,3.421071169984367
2017-10-11,2017-10-10,002537,11.20823221875393,11.2674827855491,11.28723297448083
2017-10-11,2017-10-10,002589,14.44158644224042,14.69460615079719,14.99628349561489
2017-10-11,2017-10-10,002599,8.455050833476152,8.489989060060765,8.455050833476152
2017-10-11,2017-10-10,002620,13.82033647718174,13.76148479594463,13.88899677195837
2017-10-11,2017-10-10,002643,12.01375160249889,11.97791640010516,12.06750440608949
2017-10-11,2017-10-10,002649,9.943546985149396,9.890702625618045,9.908317412128495
2017-10-11,2017-10-10,002703,12.20642549169066,12.12696950801815,12.50438543046261
2017-10-11,2017-10-10,300037,13.77496930509622,13.67013696639686,13.50240522447788
2017-10-11,2017-10-10,300145,,,
2017-10-11,2017-10-10,300194,7.041877693993955,7.041877693993955,7.120778284402851
2017-10-11,2017-10-10,300196,13.11832260156794,13.12806151960919,13.05988909332042
2017-10-11,2017-10-10,300253,6.639867043649402,6.875917362861707,6.76931399289486
2017-10-11,2017-10-10,300260,7.729484021664332,7.713165617677707,7.729484021664332
2017-10-11,2017-10-10,300285,,,
2017-10-11,2017-10-10,300296,13.29169716747224,13.33573023901616,13.23508321834434
2017-10-11,2017-10-10,300304,10.16879086290835,10.06512385689168,10.05569958361744
2017-10-11,2017-10-10,300382,7.425965477365085,7.401457340476091,7.406358967853889
2017-10-11,2017-10-10,300400,15.04788768703081,14.87920929997855,14.74604215230571
2017-10-11,2017-10-10,300425,5.76305140659225,5.727539646164305,5.778270732489942
2017-10-11,2017-10-10,300471,16.54626627761973,16.65584419998807,16.61599768276323
2017-10-11,2017-10-10,300519,21.76275020944516,22.11362427888568,22.72979337643977
2017-10-11,2017-10-10,300520,36.97041848404941,36.48964605684176,35.83226335025171
2017-10-11,2017-10-10,300522,10.95638511485438,10.9001985245218,10.82645362471028
2017-10-12,2017-10-11,000338,5.857594020815735,5.857594020815735,5.873172728317905
2017-10-12,2017-10-11,000928,6.485234903281736,6.470046999526978,6.485234903281736
2017-10-12,2017-10-11,002065,11.40456349206349,11.3547619047619,11.34480158730159
2017-10-12,2017-10-11,002206,6.1617928294319,6.152823698675814,6.152823698675814
2017-10-12,2017-10-11,002218,5.054894375585475,5.015935652074218,4.976976928562962
2017-10-12,2017-10-11,002354,20.99455723474401,20.99455723474401,21.00453563647156
2017-10-12,2017-10-11,002366,27.85197578225563,27.84213757109976,27.74375545954111
2017-10-12,2017-10-11,002370,15.58618031658637,15.39683413626978,15.32707501720578
2017-10-12,2017-10-11,002429,3.327599280094084,3.346293658072141,3.364988036050197
2017-10-12,2017-10-11,002537,11.56373561952498,11.52423524166153,11.47485976933222
2017-10-12,2017-10-11,002589,15.12279334989327,15.01574655011925,15.23957167691947
2017-10-12,2017-10-11,002599,8.408466531363336,8.420112606891541,8.425935644655643
2017-10-12,2017-10-11,002620,13.6437814334704,13.55550391161474,13.62416420639137
2017-10-12,2017-10-11,002643,12.04958680489262,11.94208119771143,11.91520479591613
2017-10-12,2017-10-11,002649,9.846665659341918,9.78501390655534,9.820243479576243
2017-10-12,2017-10-11,002703,12.29581347332225,12.05744552230469,12.09717351414095
2017-10-12,2017-10-11,300037,13.53909654302265,13.52337169221775,13.48668037367297
2017-10-12,2017-10-11,300145,,,
2017-10-12,2017-10-11,300194,6.982702251187283,6.972839677386172,6.982702251187283
2017-10-12,2017-10-11,300196,13.04041125723791,13.0014555850729,13.04041125723791
2017-10-12,2017-10-11,300253,6.533263673682553,6.540878200108756,6.533263673682553
2017-10-12,2017-10-11,300260,7.772999765628662,7.751241893646498,7.860031253557325
2017-10-12,2017-10-11,300285,,,
2017-10-12,2017-10-11,300296,13.17846926921644,13.12185532008854,13.18475970800843
2017-10-12,2017-10-11,300304,9.659880106099223,9.584485919905278,9.471394640614362
2017-10-12,2017-10-11,300382,7.553407789187852,7.509293142787663,7.479883378520871
2017-10-12,2017-10-11,300400,14.94135396889254,15.03900987718596,14.91472053935797
2017-10-12,2017-10-11,300425,5.773197623857379,5.73261275479687,5.712320320266614
2017-10-12,2017-10-11,300471,17.01446285501174,16.93476982056204,16.81523026888748
2017-10-12,2017-10-11,300519,21.8825608673029,21.56591841439316,21.95102410036446
2017-10-12,2017-10-11,300520,33.62463485797169,33.11442738420031,32.41779794885861
2017-10-12,2017-10-11,300522,10.72812709162825,10.67194050129566,10.84050027229342
2017-10-13,2017-10-12,000338,5.904330143322244,5.888751435820074,5.935487558326582
2017-10-13,2017-10-12,000928,6.485234903281736,6.500422807036495,6.477640951404357
2017-10-13,2017-10-12,002065,11.30496031746032,11.26511904761905,11.22527777777778
2017-10-13,2017-10-12,002206,6.107978044895377,6.107978044895377,6.090039783383203
2017-10-13,2017-10-12,002218,5.084113418218916,5.04515469470766,5.025675332952032
2017-10-13,2017-10-12,002354,21.15421166238465,21.17416846583973,21.31386609002529
2017-10-13,2017-10-12,002366,27.55682944757966,27.78310830416457,27.70440261491764
2017-10-13,2017-10-12,002370,15.18755677907777,15.30714384033035,15.43669649002065
2017-10-13,2017-10-12,002429,3.364988036050197,3.346293658072141,3.374335225039225
2017-10-13,2017-10-12,002537,11.48473486379808,11.52423524166153,11.53411033612739
2017-10-13,2017-10-12,002589,15.00601502286707,15.0449411318758,15.03520960462362
2017-10-13,2017-10-12,002599,8.402643493599234,8.402643493599234,8.344413115958215
2017-10-13,2017-10-12,002620,13.45741777621955,13.41818332206148,13.5358866845357
2017-10-13,2017-10-12,002643,11.75394638514433,11.83457559053023,11.90624599531769
2017-10-13,2017-10-12,002649,9.644095614471736,9.661710400982187,9.652903007726962
2017-10-13,2017-10-12,002703,12.17662949781347,12.14683350393627,12.08724151618189
2017-10-13,2017-10-12,300037,13.83262709138087,13.80641900670603,13.8273854744459
2017-10-13,2017-10-12,300145,,,
2017-10-13,2017-10-12,300194,6.943251955982835,6.933389382181724,6.933389382181724
2017-10-13,2017-10-12,300196,13.0014555850729,12.91380532270162,12.8553718144541
2017-10-13,2017-10-12,300253,6.472347462272926,6.540878200108756,6.59417988509218
2017-10-13,2017-10-12,300260,7.805636573601911,7.843712849570701,7.870910189548408
2017-10-13,2017-10-12,300285,,,
2017-10-13,2017-10-12,300296,13.57476691311173,13.61879998465565,13.85783665875122
2017-10-13,2017-10-12,300304,9.216939262209795,9.216939262209795,9.339454814774957
2017-10-13,2017-10-12,300382,7.435768732120682,7.411260595231688,7.479883378520871
2017-10-13,2017-10-12,300400,15.05676549687567,15.19881045439336,15.11891016578966
2017-10-13,2017-10-12,300425,5.712320320266614,5.63622369077816,5.651443016675852
2017-10-13,2017-10-12,300471,16.91484656194961,16.88496167403098,16.93476982056204
2017-10-13,2017-10-12,300519,22.69556175990899,22.6784459516436,22.55007738965316
2017-10-13,2017-10-12,300520,32.71214841449595,32.29024608041576,32.48647972417399
2017-10-13,2017-10-12,300522,11.00203671949961,10.99852505760382,10.98096674812489
2017-10-16,2017-10-13,000338,6.19253623211238,6.184746878361295,6.130221402103702
2017-10-16,2017-10-13,000963,27.55074377349834,27.29326018683013,27.59709081909861
2017-10-16,2017-10-13,002065,11.36472222222222,11.32488095238095,11.24519841269841
2017-10-16,2017-10-13,002149,12.65082344014414,12.51520971260814,12.55395649190414
2017-10-16,2017-10-13,002171,7.506684349541983,7.497607343073372,7.542992375416431
2017-10-16,2017-10-13,002206,6.090039783383203,6.072101521871028,6.054163260358854
2017-10-16,2017-10-13,002210,11.73658961938487,11.86622060073747,11.77647607518567
2017-10-16,2017-10-13,002366,26.8583164555132,27.13378636787743,27.34038880215061
2017-10-16,2017-10-13,002370,15.83532002752925,15.4765588437715,15.54631796283551
2017-10-16,2017-10-13,002429,3.374335225039225,3.346293658072141,3.346293658072141
2017-10-16,2017-10-13,002456,22.20109966698948,22.071676216016,21.8924745146681
2017-10-16,2017-10-13,002507,10.53220041853056,10.5531669754354,10.59510008924507
2017-10-16,2017-10-13,002537,11.49460995826394,11.57361071399084,11.50448505272981
2017-10-16,2017-10-13,002599,8.379351342542828,8.379351342542828,8.356059191486418
2017-10-16,2017-10-13,002620,13.47703500329859,13.62416420639137,13.54569529807522
2017-10-16,2017-10-13,002649,9.78501390655534,9.73216954702399,9.688132580747864
2017-10-16,2017-10-13,002703,12.12696950801815,12.12696950801815,12.07730951822282
2017-10-16,2017-10-13,002763,13.21672483827384,13.28277176972551,13.22406338621291
2017-10-16,2017-10-13,300037,13.70682828494163,13.19839144224973,12.62181357940323
2017-10-16,2017-10-13,300145,,,
2017-10-16,2017-10-13,300194,7.01228997259062,6.953114529783948,6.943251955982835
2017-10-16,2017-10-13,300196,12.95276099486663,12.87484965053661,12.84563289641285
2017-10-16,2017-10-13,300260,7.849152317566243,,
2017-10-16,2017-10-13,300279,12.30578947153008,12.17635964699133,12.1664035066422
2017-10-16,2017-10-13,300285,,,
2017-10-16,2017-10-13,300304,9.311181994952227,9.245212082032525,9.150969349290094
2017-10-16,2017-10-13,300382,7.641637081988229,7.59752243558804,7.729866374788606
2017-10-16,2017-10-13,300425,6.285581595746302,6.838550436695734,6.666064743188572
2017-10-16,2017-10-13,300471,16.93476982056204,16.39684183802654,16.53630464831352
2017-10-16,2017-10-13,300502,6.380756550946169,6.252382021301177,6.138472227390832
2017-10-16,2017-10-13,300517,14.0428098945155,13.86008676538671,13.87620939442749
2017-10-16,2017-10-13,300519,22.94374097975716,22.08795056648759,21.99381362102794
2017-10-16,2017-10-13,600420,15.68,15.67,15.67
2017-10-16,2017-10-13,601009,5.457159372808996,5.44360121287655,5.44360121287655
2017-10-17,2017-10-16,000338,6.122432048352617,6.106853340850448,6.091274633348278
2017-10-17,2017-10-16,000963,26.77829301349371,26.67529957882643,26.69074859402652
2017-10-17,2017-10-16,002065,10.95634920634921,10.8965873015873,10.90654761904762
2017-10-17,2017-10-16,002149,12.42802945919214,12.26335564718414,12.30210242648014
2017-10-17,2017-10-16,002171,7.760840530663115,7.533915368947819,7.48853033660476
2017-10-17,2017-10-16,002206,5.87478064523711,5.856842383724937,5.838904122212761
2017-10-17,2017-10-16,002210,11.87619221468767,11.89613544258806,11.88616382863787
2017-10-17,2017-10-16,002366,27.73391724838524,27.65521155913832,28.04874000537294
2017-10-17,2017-10-16,002370,15.37690295939436,15.14769442532691,15.21745354439091
2017-10-17,2017-10-16,002429,3.224780201214772,3.224780201214772,3.224780201214772
2017-10-17,2017-10-16,002456,22.04180926579135,22.3106118178132,22.2508779173639
2017-10-17,2017-10-16,002507,10.44134533860959,10.41338992940314,10.47628960011766
2017-10-17,2017-10-16,002537,12.00811487048879,11.81061298117154,11.7414873199105
2017-10-17,2017-10-16,002599,8.268713625024887,8.216306285147969,8.222129322912071
2017-10-17,2017-10-16,002620,12.97679571278314,12.98660432632266,12.97679571278314
2017-10-17,2017-10-16,002649,9.379873816814976,9.415103389835878,9.371066423559752
2017-10-17,2017-10-16,002703,11.89853355495966,11.70982559373742,11.76941758149181
2017-10-17,2017-10-16,002763,12.75439631811212,12.75439631811212,12.75439631811212
2017-10-17,2017-10-16,300037,12.33876626491495,12.1343432044512,12.10813511977636
2017-10-17,2017-10-16,300145,,,
2017-10-17,2017-10-16,300194,6.755863053761708,6.755863053761708,6.755863053761708
2017-10-17,2017-10-16,300196,12.66059345362904,12.59242102734027,12.52424860105149
2017-10-17,2017-10-16,300260,,,
2017-10-17,2017-10-16,300279,11.8776754365173,11.81793859442249,11.82789473477163
2017-10-17,2017-10-16,300285,,,
2017-10-17,2017-10-16,300304,8.773998418320367,8.773998418320367,8.783422691594611
2017-10-17,2017-10-16,300382,7.607325690343638,7.499489888032066,7.577915926076845
2017-10-17,2017-10-16,300425,6.589968113700118,6.194265640360157,6.331239573439374
2017-10-17,2017-10-16,300471,15.89876037271589,15.89876037271589,15.75929756242891
2017-10-17,2017-10-16,300502,5.74250008665487,5.597852729308399,5.632206476678185
2017-10-17,2017-10-16,300517,13.43014999096603,13.39253052320422,13.31191737800034
2017-10-17,2017-10-16,300519,21.41187614000463,21.34341290694307,21.53168679786237
2017-10-17,2017-10-16,600420,15.41,15.35,15.42
2017-10-17,2017-10-16,601009,5.477496612707663,5.477496612707663,5.484275692673885
2017-10-18,2017-10-17,000338,6.114642694601532,6.114642694601532,6.161378817108041
2017-10-18,2017-10-17,000963,27.43745099536433,27.40655296496414,27.47349869749787
2017-10-18,2017-10-17,002065,10.94638888888889,10.97626984126984,11.05595238095238
2017-10-18,2017-10-17,002149,12.39896937472014,12.36990929024814,12.32147581612814
2017-10-18,2017-10-17,002171,7.524838362479207,7.561146388353655,7.515761356010595
2017-10-18,2017-10-17,002206,5.946533691285808,5.928595429773634,5.910657168261459
2017-10-18,2017-10-17,002210,12.37477291219764,12.23517031689485,12.29500000059605
2017-10-18,2017-10-17,002366,28.98337006518018,28.64887088588075,28.58000340778969
2017-10-18,2017-10-17,002370,15.24735030970406,15.21745354439091,15.26728148657949
2017-10-18,2017-10-17,002429,3.252821768181857,3.262168957170886,3.271516146159914
2017-10-18,2017-10-17,002456,22.71879347088341,22.69888217073364,22.56945871976016
2017-10-18,2017-10-17,002507,10.48327845241927,10.56015582773701,10.6090777938483
2017-10-18,2017-10-17,002537,11.63286128078602,11.09960617962944,11.15885674642462
2017-10-18,2017-10-17,002599,8.239598436204378,8.239598436204378,8.216306285147969
2017-10-18,2017-10-17,002620,13.06507323463881,13.08469046171784,13.08469046171784
2017-10-18,2017-10-17,002649,9.379873816814976,9.397488603325426,9.371066423559752
2017-10-18,2017-10-17,002703,11.79921357536901,11.83894156720527,11.84887356516433
2017-10-18,2017-10-17,002763,12.80576615368565,12.86447453719825,12.84245889338102
2017-10-18,2017-10-17,300037,12.0347524826868,12.18151775686591,12.19200099073585
2017-10-18,2017-10-17,300145,,,
2017-10-18,2017-10-17,300194,6.736137906159484,6.76572562756282,6.76572562756282
2017-10-18,2017-10-17,300196,12.66059345362904,12.69954912579405,12.72876587991781
2017-10-18,2017-10-17,300260,,,
2017-10-18,2017-10-17,300279,11.77811403302596,11.8478070154699,11.82789473477163
2017-10-18,2017-10-17,300285,,,
2017-10-18,2017-10-17,300304,8.773998418320367,8.849392604514314,8.858816877788556
2017-10-18,2017-10-17,300382,7.455375241631877,7.460276869009676,7.367145948831499
2017-10-18,2017-10-17,300425,6.397189985662701,6.376897551132447,6.605187439597808
2017-10-18,2017-10-17,300471,15.62979638144814,15.67960452797921,15.63975801075435
2017-10-18,2017-10-17,300502,5.570731349805936,5.650287396346494,5.632206476678185
2017-10-18,2017-10-17,300517,13.4462726200068,13.43014999096603,13.4462726200068
2017-10-18,2017-10-17,300519,21.2835075780142,21.37764452347385,21.17225482428915
2017-10-18,2017-10-17,600420,15.63,15.56,15.62
2017-10-18,2017-10-17,601009,5.436822132910328,5.44360121287655,5.44360121287655
2017-10-19,2017-10-18,000338,6.114642694601532,6.091274633348278,6.067906572095024
2017-10-19,2017-10-18,000963,28.56522910497108,28.42618796817025,28.8639100655062
2017-10-19,2017-10-18,002065,10.81690476190476,10.91650793650794,10.87666666666667
2017-10-19,2017-10-18,002149,11.85651446457613,11.83714107492814,11.77902090598413
2017-10-19,2017-10-18,002171,7.334221226638359,7.306990207232524,7.306990207232524
2017-10-19,2017-10-18,002206,5.820965860700587,5.820965860700587,5.838904122212761
2017-10-19,2017-10-18,002210,12.40468775404824,12.31494322849645,12.35482968429725
2017-10-19,2017-10-18,002366,28.41275381813997,28.16679853924333,28.1471221169316
2017-10-19,2017-10-18,002370,14.98824501032347,15.09786648313833,14.98824501032347
2017-10-19,2017-10-18,002429,3.393029603017282,3.393029603017282,3.364988036050197
2017-10-19,2017-10-18,002456,23.57497937732336,23.61480197762289,23.47542287657453
2017-10-19,2017-10-18,002507,10.67896631686443,10.76283254448378,10.6090777938483
2017-10-19,2017-10-18,002537,11.06010580176599,11.02060542390254,11.07985599069772
2017-10-19,2017-10-18,002599,8.111491605394132,8.146429831978745,8.117314643158235
2017-10-19,2017-10-18,002620,12.87870957738795,12.92775264508554,12.8492837367694
2017-10-19,2017-10-18,002649,9.177303771944793,9.212533344965696,9.168496378689568
2017-10-19,2017-10-18,002703,11.67009760190116,12.10710551210001,12.0276495284275
2017-10-19,2017-10-18,002763,12.57093261963525,12.63697955108692,12.57827116757433
2017-10-19,2017-10-18,300037,11.90895367624757,11.96661146253222,11.98757793027209
2017-10-19,2017-10-18,300145,,,
2017-10-19,2017-10-18,300194,6.696687610955036,6.726275332358372,6.706550184756148
2017-10-19,2017-10-18,300196,12.58268210929901,12.61189886342277,12.65085453558779
2017-10-19,2017-10-18,300260,,,
2017-10-19,2017-10-18,300279,11.77811403302596,11.76815789267682,11.71837719093115
2017-10-19,2017-10-18,300285,,,
2017-10-19,2017-10-18,300304,8.604361499383991,8.679755685577938,8.660907139029449
2017-10-19,2017-10-18,300382,7.303424792920116,7.278916656031122,7.327932929809109
2017-10-19,2017-10-18,300425,6.310947138909119,6.153680771299649,6.087730359076321
2017-10-19,2017-10-18,300471,15.62979638144814,15.65968126936678,15.64971964006057
2017-10-19,2017-10-18,300502,5.492983395232208,5.547226154237134,5.424275900492635
2017-10-19,2017-10-18,300517,13.09157478110974,13.09157478110974,13.13456845855181
2017-10-19,2017-10-18,300519,21.4803393730662,21.18081272842185,21.26639176974881
2017-10-19,2017-10-18,600420,15.5,15.54,15.56
2017-10-19,2017-10-18,601009,5.44360121287655,5.423263972977884,5.423263972977884
2017-10-20,2017-10-19,000338,5.912119497073329,5.756332422051633,5.756332422051633
2017-10-20,2017-10-19,000963,28.75061728737219,28.36439190736987,28.32834420523633
2017-10-20,2017-10-19,002065,10.74718253968254,10.86670634920635,10.81690476190476
2017-10-20,2017-10-19,002149,11.44967328196813,11.44967328196813,11.51748014573613
2017-10-20,2017-10-19,002171,7.188989123140569,7.107296064923063,7.125450077860286
2017-10-20,2017-10-19,002206,5.865811514481023,5.865811514481023,5.838904122212761
2017-10-20,2017-10-19,002210,12.31494322849645,12.38474452614784,12.41465936799844
2017-10-20,2017-10-19,002366,27.52731481411206,27.15346279018917,27.41909449139754
2017-10-20,2017-10-19,002370,15.13772883688919,15.06796971782519,15.08790089470062
2017-10-20,2017-10-19,002429,3.318252091105055,3.336946469083112,3.318252091105055
2017-10-20,2017-10-19,002456,23.40573332605035,23.18670902440292,22.85817257193177
2017-10-20,2017-10-19,002507,10.96550926123055,11.01443122734184,10.8816430336112
2017-10-20,2017-10-19,002537,11.07985599069772,11.06010580176599,11.00085523497082
2017-10-20,2017-10-19,002599,7.919331359178766,7.919331359178766,8.146429831978745
2017-10-20,2017-10-19,002620,12.40789612749106,12.46674780872817,12.48636503580721
2017-10-20,2017-10-19,002649,8.983541120329836,8.948311547308935,8.992348513585062
2017-10-20,2017-10-19,002703,11.80914557332807,11.51118563455613,11.45159364680174
2017-10-20,2017-10-19,002763,12.4388387567319,12.48287004436635,12.53423987993988
2017-10-20,2017-10-19,300037,11.96136984559725,11.98757793027209,12.1343432044512
2017-10-20,2017-10-19,300145,,,
2017-10-20,2017-10-19,300194,6.637512168148365,6.647374741949476,6.6670998895517
2017-10-20,2017-10-19,300196,12.56320427321651,12.53398751909275,12.62163778146403
2017-10-20,2017-10-19,300260,,,
2017-10-20,2017-10-19,300279,11.56903508569414,11.51925438394846,11.56903508569414
2017-10-20,2017-10-19,300285,,,
2017-10-20,2017-10-19,300304,8.510118766641559,8.547815859738533,8.576088679561261
2017-10-20,2017-10-19,300382,7.308326420297915,7.479883378520871,7.548506161810053
2017-10-20,2017-10-19,300425,6.102949684974011,6.00148751232274,5.98626818642505
2017-10-20,2017-10-19,300471,15.71945104520406,15.68956615728542,15.62979638144814
2017-10-20,2017-10-19,300502,5.47671056753073,5.458629647862422,5.41523544065848
2017-10-20,2017-10-19,300517,12.89810323262044,12.89810323262044,12.90885165198095
2017-10-20,2017-10-19,300519,20.71012800112359,20.96686512510446,20.72724380938898
2017-10-20,2017-10-19,600420,15.17,15.08,15.19
2017-10-20,2017-10-19,601009,5.375810413214327,5.369031333248104,5.348694093349438
2017-10-23,2017-10-20,000338,5.810857898309226,5.857594020815735,5.826436605811397
2017-10-23,2017-10-20,000591,5.013624146971011,5.054319148163957,5.02990214744819
2017-10-23,2017-10-20,000600,9.34774800766662,9.27577304706861,9.293766787218113
2017-10-23,2017-10-20,000811,7.287756307307656,7.31765479472225,7.340078660283198
2017-10-23,2017-10-20,002065,10.86670634920635,10.77706349206349,10.75714285714286
2017-10-23,2017-10-20,002131,3.242798047588201,3.252684627001579,3.272457785828337
2017-10-23,2017-10-20,002149,11.59497370432813,11.55622692503213,11.56591361985613
2017-10-23,2017-10-20,002169,6.432286990854238,6.432286990854238,6.442032880234321
2017-10-23,2017-10-20,002171,7.252528168420852,7.161758103734734,7.179912116671958
2017-10-23,2017-10-20,002185,7.10864159814972,6.933336010032589,6.880744333597449
2017-10-23,2017-10-20,002206,5.87478064523711,5.847873252968848,5.865811514481023
2017-10-23,2017-10-20,002217,10.65639321033912,10.79376844509488,10.91151864631409
2017-10-23,2017-10-20,002346,24.27715759555556,24.26778055515558,24.35217391875542
2017-10-23,2017-10-20,002537,10.99098014050496,10.99098014050496,10.96135485710737
2017-10-23,2017-10-20,002620,12.60406839828143,12.62368562536047,12.65311146597902
2017-10-23,2017-10-20,002649,9.089229839392541,9.089229839392541,9.080422446137316
2017-10-23,2017-10-20,002703,11.75948558353275,11.62043761210584,11.57077762231052
2017-10-23,2017-10-20,002777,15.2019288247203,15.26190487216133,15.22991764685945
2017-10-23,2017-10-20,300012,4.430264461354927,4.410747877824729,4.430264461354927
2017-10-23,2017-10-20,300145,,,
2017-10-23,2017-10-20,300174,29.12758660513849,29.23597748898711,28.70387678645752
2017-10-23,2017-10-20,300194,6.706550184756148,6.706550184756148,6.706550184756148
2017-10-23,2017-10-20,300196,12.64111561754653,12.71902696187656,12.69954912579405
2017-10-23,2017-10-20,300260,,,
2017-10-23,2017-10-20,300279,11.60885964709067,11.56903508569414,11.59890350674154
2017-10-23,2017-10-20,300285,,,
2017-10-23,2017-10-20,300382,7.479883378520871,7.401457340476091,7.435768732120682
2017-10-23,2017-10-20,300471,15.76925919173512,15.71945104520406,15.61983475214193
2017-10-23,2017-10-20,300519,20.8812860837775,20.82138075484863,20.95830722097176
2017-10-23,2017-10-20,300521,21.70355927716621,21.89185499692245,21.6044562667682
2017-10-23,2017-10-20,300522,9.692186832371187,9.709745141850117,9.815094998723717
2017-10-23,2017-10-20,300525,4.832396157580129,4.84840100243853,4.907085433586005
2017-10-23,2017-10-20,601009,5.38258949318055,5.369031333248104,5.369031333248104
2017-10-24,2017-10-23,000338,5.842015313313566,5.857594020815735,5.943276912077668
2017-10-24,2017-10-23,000591,5.070597148641136,5.02990214744819,5.0217631472096
2017-10-24,2017-10-23,000600,9.572669759535403,9.482701058787889,9.509691669012144
2017-10-24,2017-10-23,000811,7.444723366234283,7.414824878819687,7.444723366234283
2017-10-24,2017-10-23,002065,10.79698412698413,10.7272619047619,10.71730158730159
2017-10-24,2017-10-23,002131,3.292230944655094,3.272457785828337,3.252684627001579
2017-10-24,2017-10-23,002149,11.65309387327213,11.68215395774413,11.89526124387213
2017-10-24,2017-10-23,002169,6.48101643775465,6.442032880234321,6.48101643775465
2017-10-24,2017-10-23,002171,7.207143136077794,7.207143136077794,7.297913200763911
2017-10-24,2017-10-23,002185,6.942101289438446,6.85444849537988,6.871979054191592
2017-10-24,2017-10-23,002206,5.87478064523711,5.856842383724937,5.87478064523711
2017-10-24,2017-10-23,002217,11.72595753808034,11.87314528960436,11.92220787344571
2017-10-24,2017-10-23,002346,24.39905912075534,24.27715759555556,24.23027239355565
2017-10-24,2017-10-23,002537,10.80335334565357,10.7934782511877,10.8724790069146
2017-10-24,2017-10-23,002620,12.74138898783469,13.08469046171784,12.99641293986218
2017-10-24,2017-10-23,002649,9.159688985434343,9.670517794237412,9.529599502153808
2017-10-24,2017-10-23,002703,11.64030160802397,11.59064161822864,11.53104963047426
2017-10-24,2017-10-23,002777,15.54579149671555,15.44183301448443,15.34187293541604
2017-10-24,2017-10-23,300012,4.420506169589829,4.420506169589829,4.391231294294531
2017-10-24,2017-10-23,300145,,,
2017-10-24,2017-10-23,300174,28.9600734210088,28.93051227086827,29.08817173828445
2017-10-24,2017-10-23,300194,6.755863053761708,6.686825037153924,6.71641275855726
2017-10-24,2017-10-23,300196,13.03067233919666,12.96249991290789,13.01119450311415
2017-10-24,2017-10-23,300260,,,
2017-10-24,2017-10-23,300279,11.59890350674154,11.56903508569414,11.50929824359933
2017-10-24,2017-10-23,300285,,,
2017-10-24,2017-10-23,300382,7.558309416565651,7.474981751143072,7.489686633276468
2017-10-24,2017-10-23,300471,15.8290289675724,15.81906733826619,15.81906733826619
2017-10-24,2017-10-23,300519,21.04388626229872,20.98398093336985,20.83849656311402
2017-10-24,2017-10-23,300521,21.57472536364879,21.94140650212146,21.88194469588265
2017-10-24,2017-10-23,300522,9.867769927160518,9.787001703557426,9.755396746495345
2017-10-24,2017-10-23,300525,4.968970833705158,4.980707719934653,4.96150190610457
2017-10-24,2017-10-23,601009,5.348694093349438,5.375810413214327,5.369031333248104
2017-10-25,2017-10-24,000338,5.951066265828752,6.052327864592854,6.036749157090685
2017-10-25,2017-10-24,000591,5.062458148402547,5.070597148641136,5.062458148402547
2017-10-25,2017-10-24,000600,9.428719838339383,9.509691669012144,9.455710448563636
2017-10-25,2017-10-24,000811,7.384926391405092,7.384926391405092,7.384926391405092
2017-10-25,2017-10-24,002065,10.85674603174603,10.8368253968254,10.82686507936508
2017-10-25,2017-10-24,002131,3.262571206414958,3.242798047588201,3.242798047588201
2017-10-25,2017-10-24,002149,11.79839429563213,11.76933421116014,11.79839429563213
2017-10-25,2017-10-24,002169,6.442032880234321,6.422541101474156,6.432286990854238
2017-10-25,2017-10-24,002171,7.325144220169747,7.279759187826687,7.288836194295299
2017-10-25,2017-10-24,002185,6.915805451220876,6.933336010032589,6.933336010032589
2017-10-25,2017-10-24,002206,5.919626299017546,5.901688037505372,5.910657168261459
2017-10-25,2017-10-24,002217,11.96145794051878,11.93202039021397,12.05958310820146
2017-10-25,2017-10-24,002346,24.71787849435475,24.56784584795503,24.4740754439552
2017-10-25,2017-10-24,002537,10.83297862905115,10.91197938477806,10.97122995157323
2017-10-25,2017-10-24,002620,12.82966650969036,12.75119760137421,12.81004928261132
2017-10-25,2017-10-24,002649,9.511984715643356,9.397488603325426,9.58244386168516
2017-10-25,2017-10-24,002703,11.41186565496548,11.45159364680174,11.50125363659706
2017-10-25,2017-10-24,002777,15.29389209746322,15.36586335439246,15.39785057969434
2017-10-25,2017-10-24,300012,4.410747877824729,4.371714710764333,4.391231294294531
2017-10-25,2017-10-24,300145,,,
2017-10-25,2017-10-24,300174,28.96992713772231,28.88124368730071,28.68416935303049
2017-10-25,2017-10-24,300194,6.706550184756148,6.71641275855726,6.746000479960596
2017-10-25,2017-10-24,300196,13.28388420826924,13.32283988043425,13.29362312631049
2017-10-25,2017-10-24,300260,,,
2017-10-25,2017-10-24,300279,11.47942982255192,11.46947368220279,11.53916666464673
2017-10-25,2017-10-24,300285,,,
2017-10-25,2017-10-24,300382,7.465178496387475,7.470080123765273,7.435768732120682
2017-10-25,2017-10-24,300471,15.8290289675724,15.78918245034755,15.77922082104133
2017-10-25,2017-10-24,300519,20.65878057632741,20.6758963845928,20.75291752178707
2017-10-25,2017-10-24,300521,21.0792103116587,21.18822362309652,20.97019700022087
2017-10-25,2017-10-24,300522,9.632488580142812,9.621953594455452,9.755396746495345
2017-10-25,2017-10-24,300525,4.903884464614324,4.918822319815499,4.94869803021785
2017-10-25,2017-10-24,601009,5.375810413214327,5.375810413214327,5.38258949318055
2017-10-26,2017-10-25,000338,6.0289598033396,6.060117218343939,6.075695925846108
2017-10-26,2017-10-25,000591,5.054319148163957,5.02990214744819,5.046180147925369
2017-10-26,2017-10-25,000600,9.446713578488884,9.464707318638387,9.455710448563636
2017-10-26,2017-10-25,000811,7.377451769551441,7.355027903990496,7.340078660283198
2017-10-26,2017-10-25,002065,10.74718253968254,10.65753968253968,10.70734126984127
2017-10-26,2017-10-25,002131,3.242798047588201,3.223024888761443,3.282344365241715
2017-10-26,2017-10-25,002149,11.77902090598413,11.76933421116014,11.84682776975214
2017-10-26,2017-10-25,002169,6.471270548374568,6.442032880234321,6.442032880234321
2017-10-26,2017-10-25,002171,7.270682181358076,7.279759187826687,7.297913200763911
2017-10-26,2017-10-25,002185,6.968397127656015,6.907040171815019,6.889509613003306
2017-10-26,2017-10-25,002206,5.982410214310157,5.955502822041895,6.063132391114941
2017-10-26,2017-10-25,002217,12.41283371185911,12.23620841003028,12.3833961615543
2017-10-26,2017-10-25,002346,24.65223921155487,24.72725553475474,24.68974737315481
2017-10-26,2017-10-25,002537,10.92185447924392,10.89222919584633,10.94160466817564
2017-10-26,2017-10-25,002620,12.71196314721614,12.70215453367662,12.65311146597902
2017-10-26,2017-10-25,002649,9.46794774936723,9.432718176346329,9.406295996580653
2017-10-26,2017-10-25,002703,11.50125363659706,11.48138964067893,11.47145764271987
2017-10-26,2017-10-25,002777,15.24191285634766,15.19793042155757,15.10996555197738
2017-10-26,2017-10-25,300012,4.391231294294531,4.361956418999235,4.391231294294531
2017-10-26,2017-10-25,300145,,,
2017-10-26,2017-10-25,300174,28.63490076946294,28.75314537002507,28.75314537002507
2017-10-26,2017-10-25,300194,6.755863053761708,6.71641275855726,6.746000479960596
2017-10-26,2017-10-25,300196,13.26440637218673,13.15727827373295,13.08910584744418
2017-10-26,2017-10-25,300260,,,
2017-10-26,2017-10-25,300279,11.56903508569414,11.58894736639241,11.51925438394846
2017-10-26,2017-10-25,300285,,,
2017-10-26,2017-10-25,300382,7.48478500589867,7.489686633276468,7.460276869009676
2017-10-26,2017-10-25,300471,16.43668835525139,16.2872639156582,16.24741739843335
2017-10-26,2017-10-25,300519,21.13802320775837,21.19792853668724,21.2749496738815
2017-10-26,2017-10-25,300521,21.46571205221097,21.6341871698876,21.46571205221097
2017-10-26,2017-10-25,300522,9.818606660619505,9.797536689244785,9.853723279577371
2017-10-26,2017-10-25,300525,5.045794089025486,5.016985368280364,5.020186337252044
2017-10-26,2017-10-25,601009,5.369031333248104,5.328356853450771,5.308019613552103
2017-10-27,2017-10-26,000338,6.215904293365634,6.208114939614549,6.208114939614549
2017-10-27,2017-10-26,000591,5.02990214744819,4.997346146493832,4.997346146493832
2017-10-27,2017-10-26,000600,9.437716708414133,9.392732358040377,9.374738617890873
2017-10-27,2017-10-26,000811,7.355027903990496,7.265332441746709,7.272807063600358
2017-10-27,2017-10-26,002065,10.65753968253968,10.71730158730159,10.64757936507936
2017-10-27,2017-10-26,002131,3.252684627001579,3.252684627001579,3.232911468174822
2017-10-27,2017-10-26,002149,11.92432132834414,11.92432132834414,11.85651446457613
2017-10-27,2017-10-26,002169,6.490762327134732,6.451778769614403,6.471270548374568
2017-10-27,2017-10-26,002171,7.325144220169747,7.316067213701135,7.279759187826687
2017-10-27,2017-10-26,002185,7.178763833396574,7.134937436367291,7.143702715773148
2017-10-27,2017-10-26,002206,6.063132391114941,6.072101521871028,6.063132391114941
2017-10-27,2017-10-26,002217,12.3245210609447,12.29508351063989,12.41283371185911
2017-10-27,2017-10-26,002346,24.68037033275482,24.70850145395477,24.83040297915455
2017-10-27,2017-10-26,002537,10.99098014050496,10.98110504603909,10.96135485710737
2017-10-27,2017-10-26,002620,12.76100621491373,12.77081482845325,12.78062344199276
2017-10-27,2017-10-26,002649,9.635288221216511,9.811436086321018,9.749784333534441
2017-10-27,2017-10-26,002703,11.57077762231052,11.54098162843332,11.58070962026958
2017-10-27,2017-10-26,002777,15.24191285634766,15.10596714881465,15.18993361523209
2017-10-27,2017-10-26,300012,4.410747877824729,4.381473002529432,4.410747877824729
2017-10-27,2017-10-26,300145,,,
2017-10-27,2017-10-26,300174,28.46738758533326,28.47724130204676,28.76299908673858
2017-10-27,2017-10-26,300194,6.854488791772828,6.844626217971716,6.834763644170604
2017-10-27,2017-10-26,300196,13.42022906084678,13.30336204435175,13.41049014280553
2017-10-27,2017-10-26,300260,,,
2017-10-27,2017-10-26,300279,11.58894736639241,11.5292105242976,11.56903508569414
2017-10-27,2017-10-26,300285,,,
2017-10-27,2017-10-26,300382,7.465178496387475,7.450473614254078,7.425965477365085
2017-10-27,2017-10-26,300471,16.0581464416153,16.33707206218926,16.16772436398364
2017-10-27,2017-10-26,300519,21.00109674163524,20.96686512510446,21.03532835816602
2017-10-27,2017-10-26,300521,21.49544295533038,21.45580175117117,21.57472536364879
2017-10-27,2017-10-26,300522,10.05037634574142,10.11358625986558,10.15572620261502
2017-10-27,2017-10-26,300525,5.102344540858507,5.099143571886827,5.093808623600693
2017-10-27,2017-10-26,601009,5.308019613552103,5.321577773484548,5.328356853450771
2017-10-30,2017-10-27,000338,6.184746878361295,6.208114939614549,6.270429769623227
2017-10-30,2017-10-27,000811,7.295230929161304,7.242908576185762,7.138263870234678
2017-10-30,2017-10-27,002065,10.33880952380953,10.35873015873016,10.21928571428571
2017-10-30,2017-10-27,002171,7.306990207232524,7.216220142546405,7.198066129609181
2017-10-30,2017-10-27,002206,6.054163260358854,6.027255868090593,6.054163260358854
2017-10-30,2017-10-27,002218,4.645827778717285,4.645827778717285,4.587389693450401
2017-10-30,2017-10-27,002281,24.66656113936044,24.81373632515614,24.75486625083786
2017-10-30,2017-10-27,002551,10.18502273498584,10.17512475370791,10.03655301581695
2017-10-30,2017-10-27,002561,12.5336855284723,12.5336855284723,12.47592660898625
2017-10-30,2017-10-27,002599,8.152252869742847,8.134783756450542,8.024146038932601
2017-10-30,2017-10-27,002620,12.67272869305806,12.4275133545701,12.47655642226769
2017-10-30,2017-10-27,002726,8.32025051431089,8.342596755620587,8.297904273001192
2017-10-30,2017-10-27,002742,17.6141764473568,17.41954466340811,17.3611551282235
2017-10-30,2017-10-27,002763,12.29940634588948,12.38746892115838,12.26271360619411
2017-10-30,2017-10-27,002777,15.40584738601981,15.23391605002219,15.14994958360474
2017-10-30,2017-10-27,300145,,,
2017-10-30,2017-10-27,300174,28.60533961932241,28.78270652016561,28.76299908673858
2017-10-30,2017-10-27,300194,6.81503849656838,6.755863053761708,6.686825037153924
2017-10-30,2017-10-27,300196,13.42022906084678,13.28388420826924,13.30336204435175
2017-10-30,2017-10-27,300210,7.648137767709561,7.688023753460328,7.538451306894952
2017-10-30,2017-10-27,300260,,,
2017-10-30,2017-10-27,300285,,,
2017-10-30,2017-10-27,300382,7.303424792920116,7.043638541896783,6.793655545629047
2017-10-30,2017-10-27,300424,26.56072495775274,26.18171348633156,25.91241586190072
2017-10-30,2017-10-27,300457,20.85752746144367,20.59326336196308,20.07762609468388
2017-10-30,2017-10-27,300519,20.64166476806202,20.51329620607159,20.42771716474463
2017-10-30,2017-10-27,300521,20.96028669918107,20.61342616278801,20.00889779936009
2017-10-30,2017-10-27,300522,9.962584798346759,9.941514826972037,9.720280127537478
2017-10-30,2017-10-27,600337,6.257269876022115,6.286463981197958,6.27673261280601
2017-10-30,2017-10-27,600386,5.968764998866734,5.987359282352301,5.959467857123951
2017-10-30,2017-10-27,600722,9.01,8.98,8.880000000000001
2017-10-30,2017-10-27,600988,6.2488722880417,6.229221746255405,6.140794308217079
2017-10-30,2017-10-27,603077,2.193009027403421,2.202669860123259,2.193009027403421
2017-10-31,2017-10-30,000338,6.239272354618888,6.449584905898176,6.402848783391669
2017-10-31,2017-10-30,000811,6.764532777552234,6.712210424576692,6.697261180869395
2017-10-31,2017-10-30,002065,9.96031746031746,9.970277777777778,10.04
2017-10-31,2017-10-30,002171,6.889447909676379,6.907601922613603,6.889447909676379
2017-10-31,2017-10-30,002206,6.009317606578418,6.018286737334505,6.03622499884668
2017-10-31,2017-10-30,002218,4.460773842038819,4.480253203794446,4.480253203794446
2017-10-31,2017-10-30,002281,24.33296405155684,24.46051587924645,24.50957427451169
2017-10-31,2017-10-30,002551,9.749511558757098,9.808899446424654,9.828695408980504
2017-10-31,2017-10-30,002561,12.24489093104206,12.2930233639471,12.37003525659516
2017-10-31,2017-10-30,002599,7.866924019301847,7.87274705706595,7.861100981537746
2017-10-31,2017-10-30,002620,12.15287217546357,12.13325494838453,12.15287217546357
2017-10-31,2017-10-30,002726,8.357494249827054,8.297904273001192,8.312801767207658
2017-10-31,2017-10-30,002742,17.35142353902607,17.76015028531832,17.89639253408241
2017-10-31,2017-10-30,002763,11.85175492160591,11.87377056542314,11.84441637366684
2017-10-31,2017-10-30,002777,15.5737803188547,15.51380427141367,15.45382822397264
2017-10-31,2017-10-30,300145,,9.637450503090365,9.619151546438927
2017-10-31,2017-10-30,300174,28.63490076946294,28.54621731904134,28.37870413491166
2017-10-31,2017-10-30,300194,6.578336725341692,6.598061872943917,6.56847415154058
2017-10-31,2017-10-30,300196,13.42996797888804,13.40075122476428,13.34231771651676
2017-10-31,2017-10-30,300210,7.488593824706493,7.558394299770336,7.518508314019569
2017-10-31,2017-10-30,300260,,,
2017-10-31,2017-10-30,300285,,,
2017-10-31,2017-10-30,300382,7.033835287141185,6.891688093185023,6.906392975318418
2017-10-31,2017-10-30,300424,25.12447096078827,25.22421082168858,25.20426284950851
2017-10-31,2017-10-30,300457,19.89070758529517,19.99383503875101,20.20008994566269
2017-10-31,2017-10-30,300519,19.75164273826167,19.8800113002521,19.86289549198671
2017-10-31,2017-10-30,300521,18.86921317978286,18.94849558810128,18.98813679226049
2017-10-31,2017-10-30,300522,9.312927347626225,9.407742218812466,9.365602276063026
2017-10-31,2017-10-30,600337,6.189150297278485,6.267001244414064,6.237807139238221
2017-10-31,2017-10-30,600386,5.782822164011073,5.801416447496639,5.754930738782725
2017-10-31,2017-10-30,600722,8.720000000000001,8.699999999999999,8.75
2017-10-31,2017-10-30,600988,6.013065786606164,6.052366870178753,6.121143766430785
2017-10-31,2017-10-30,603077,2.173687361963743,2.164026529243904,2.164026529243904
2017-11-01,2017-10-31,000338,6.50411038215577,6.50411038215577,6.628740042173126
2017-11-01,2017-10-31,000811,6.704735802723043,6.674837315308447,6.682311937162096
2017-11-01,2017-10-31,002065,10.03003968253968,10.02007936507936,9.970277777777778
2017-11-01,2017-10-31,002171,6.925755935550827,6.962063961425273,7.034680013174168
2017-11-01,2017-10-31,002206,5.991379345066243,5.97344108355407,5.964471952797982
2017-11-01,2017-10-31,002218,4.509472246427889,4.528951608183517,4.480253203794446
2017-11-01,2017-10-31,002281,25.6379173656121,25.39262538928592,25.62810568655906
2017-11-01,2017-10-31,002551,9.818797427702579,9.828695408980504,9.838593390258431
2017-11-01,2017-10-31,002561,12.43742066266222,12.38928822975718,12.46630012240524
2017-11-01,2017-10-31,002599,7.861100981537746,7.849454906009542,7.855277943773643
2017-11-01,2017-10-31,002620,12.17248940254261,12.17248940254261,12.17248940254261
2017-11-01,2017-10-31,002726,8.283006778794727,8.305353020104425,8.283006778794727
2017-11-01,2017-10-31,002742,17.99370842605676,18.0326347828465,17.8380029988978
2017-11-01,2017-10-31,002763,11.97651023657019,11.93981749687481,12.07191135977816
2017-11-01,2017-10-31,002777,15.99761105410466,15.85366854024618,15.91364458768722
2017-11-01,2017-10-31,300145,9.369065805535948,9.966831722816238,9.960732070599091
2017-11-01,2017-10-31,300174,28.3294355513441,28.53636360232783,28.5954859026089
2017-11-01,2017-10-31,300194,6.578336725341692,6.578336725341692,6.56847415154058
2017-11-01,2017-10-31,300196,13.27414529022799,13.29362312631049,13.77083011033189
2017-11-01,2017-10-31,300210,7.498565321144185,7.488593824706493,7.498565321144185
2017-11-01,2017-10-31,300260,,,
2017-11-01,2017-10-31,300285,,,
2017-11-01,2017-10-31,300382,6.94070436696301,6.975015758607601,6.960310876474204
2017-11-01,2017-10-31,300424,24.43626592057612,24.41631794839606,24.48613585102628
2017-11-01,2017-10-31,300457,20.41923578425635,21.23780994606209,21.25070087774406
2017-11-01,2017-10-31,300519,19.96559034157906,19.92280082091558,19.96559034157906
2017-11-01,2017-10-31,300521,18.97822649122068,19.0376882974595,19.0376882974595
2017-11-01,2017-10-31,300522,9.372625599854599,9.432323852082972,9.386672247437746
2017-11-01,2017-10-31,600337,6.189150297278485,6.16968756049459,6.16968756049459
2017-11-01,2017-10-31,600386,5.782822164011073,5.782822164011073,5.820010730982205
2017-11-01,2017-10-31,600722,8.789999999999999,8.77,8.859999999999999
2017-11-01,2017-10-31,600988,6.0621921410719,6.013065786606164,6.0621921410719
2017-11-01,2017-10-31,603077,2.193009027403421,2.183348194683582,2.193009027403421
2017-11-02,2017-11-01,000338,6.698844225932889,6.730001640937228,6.714422933435058
2017-11-02,2017-11-01,000811,6.637464206040204,6.585141853064662,6.547768743796416
2017-11-02,2017-11-01,002065,9.940396825396826,10.00015873015873,10.01011904761905
2017-11-02,2017-11-01,002171,7.052834026111392,6.952986954956662,6.962063961425273
2017-11-02,2017-11-01,002206,6.03622499884668,6.000348475822332,5.97344108355407
2017-11-02,2017-11-01,002218,4.499732565550075,4.470513522916633,4.421815118527563
2017-11-02,2017-11-01,002281,25.73603415614257,25.45149546360421,25.38281371023288
2017-11-02,2017-11-01,002551,9.799001465146727,9.789103483868802,9.749511558757098
2017-11-02,2017-11-01,002561,12.37966174317617,12.33152931027113,12.32190282369012
2017-11-02,2017-11-01,002599,7.861100981537746,7.87274705706595,7.808693641660827
2017-11-02,2017-11-01,002620,12.12344633484502,12.09402049422646,11.98612574529176
2017-11-02,2017-11-01,002726,8.223416801968865,8.223416801968865,8.230865549072099
2017-11-02,2017-11-01,002742,18.01317160445163,17.92558730167471,17.91585571247728
2017-11-02,2017-11-01,002763,11.73433815458072,11.65361412725089,11.63893703137274
2017-11-02,2017-11-01,002777,16.06558390787117,15.98561584461645,15.91764299084995
2017-11-02,2017-11-01,300145,10.3084122469764,10.46700320462219,10.26571468145638
2017-11-02,2017-11-01,300174,28.3294355513441,28.40826528505219,28.45753386861974
2017-11-02,2017-11-01,300194,6.538886430137244,6.519161282535021,6.509298708733908
2017-11-02,2017-11-01,300196,13.80004686445565,13.99482522528071,13.96560847115696
2017-11-02,2017-11-01,300210,7.538451306894952,7.518508314019569,7.498565321144185
2017-11-02,2017-11-01,300260,,,
2017-11-02,2017-11-01,300285,,,
2017-11-02,2017-11-01,300382,6.921097857451814,6.989720640740997,6.955409249096406
2017-11-02,2017-11-01,300424,24.56592773974653,24.38639599012597,24.43626592057612
2017-11-02,2017-11-01,300457,22.46244845585019,22.8362854746276,22.87495826967355
2017-11-02,2017-11-01,300519,19.96559034157906,19.87145339611941,19.73452692999628
2017-11-02,2017-11-01,300521,19.0277779964197,18.83948227666346,18.61154535274802
2017-11-02,2017-11-01,300522,9.421788866395612,9.291857376251507,9.274299066772572
2017-11-02,2017-11-01,600337,6.101567981750958,6.130762086926801,6.228075770846274
2017-11-02,2017-11-01,600386,5.801416447496639,5.764227880525508,5.745633597039941
2017-11-02,2017-11-01,600722,8.75,8.699999999999999,8.65
2017-11-02,2017-11-01,600988,6.081842682858196,6.0621921410719,6.091667953751343
2017-11-02,2017-11-01,603077,2.183348194683582,2.173687361963743,2.173687361963743
2017-11-03,2017-11-02,000338,6.691054872181804,6.706633579683973,6.605371980919872
2017-11-03,2017-11-02,000811,6.390801684869791,6.495446390820874,6.629989584186553
2017-11-03,2017-11-02,002065,9.940396825396826,9.920476190476192,9.850753968253969
2017-11-03,2017-11-02,002171,6.907601922613603,6.907601922613603,6.889447909676379
2017-11-03,2017-11-02,002206,5.982410214310157,5.991379345066243,6.000348475822332
2017-11-03,2017-11-02,002218,4.402335756771935,4.412075437649749,4.402335756771935
2017-11-03,2017-11-02,002281,25.60848232845296,25.75565751424867,26.24624146690102
2017-11-03,2017-11-02,002551,9.808899446424654,9.799001465146727,9.71981761492332
2017-11-03,2017-11-02,002561,12.21601147129904,12.22563795788004,12.20638498471803
2017-11-03,2017-11-02,002599,7.983384774583889,7.90186224588646,7.913508321414664
2017-11-03,2017-11-02,002620,11.89784822343609,11.92727406405464,11.97631713175224
2017-11-03,2017-11-02,002726,8.342596755620587,8.43198172085938,8.350045502723821
2017-11-03,2017-11-02,002742,18.33431404796697,18.20780338840032,18.49975106432336
2017-11-03,2017-11-02,002763,11.44813478495679,11.50684316846939,11.4774889767131
2017-11-03,2017-11-02,002777,16.02559987624381,15.91364458768722,15.79369249280515
2017-11-03,2017-11-02,300145,10.49750146570792,10.25351537702209,10.12542268046203
2017-11-03,2017-11-02,300174,28.63490076946294,28.42797271847921,28.56592475246836
2017-11-03,2017-11-02,300194,6.381085249319453,6.400810396921677,6.4205355445239
2017-11-03,2017-11-02,300196,13.81952470053816,13.77083011033189,13.67344092991936
2017-11-03,2017-11-02,300210,7.46865083183111,7.488593824706493,7.458679335393419
2017-11-03,2017-11-02,300260,,,
2017-11-03,2017-11-02,300285,,,
2017-11-03,2017-11-02,300382,6.906392975318418,6.872081583673827,6.813262055140243
2017-11-03,2017-11-02,300424,23.98743654652473,24.05725444915494,24.17694228223531
2017-11-03,2017-11-02,300457,22.75249441869473,22.65581243107988,22.79116721374067
2017-11-03,2017-11-02,300519,20.11107471183489,19.8800113002521,20.02549567050793
2017-11-03,2017-11-02,300521,18.64127625586742,18.75028956730524,18.74037926626544
2017-11-03,2017-11-02,300522,9.105739295774812,9.06711101492116,9.095204310087452
2017-11-03,2017-11-02,600337,6.520016822604693,6.451897243861062,6.451897243861062
2017-11-03,2017-11-02,600386,5.68055360484046,5.68055360484046,5.68055360484046
2017-11-03,2017-11-02,600722,8.48,8.43,8.41
2017-11-03,2017-11-02,600988,6.0621921410719,6.052366870178753,6.013065786606164
2017-11-03,2017-11-02,603077,2.164026529243904,2.164026529243904,2.164026529243904
2017-11-06,2017-11-03,000338,6.418427490893838,6.434006198396007,6.379480722138413
2017-11-06,2017-11-03,000811,6.450598659698982,6.450598659698982,6.495446390820874
2017-11-06,2017-11-03,002065,9.691388888888889,9.731230158730158,9.701349206349207
2017-11-06,2017-11-03,002149,10.86847159252812,10.84909820288012,10.89753167700012
2017-11-06,2017-11-03,002171,6.762369819115814,6.771446825584425,6.798677844990261
2017-11-06,2017-11-03,002218,4.304938947993795,4.334157990627237,4.324418309749423
2017-11-06,2017-11-03,002333,12.81697540074952,11.53726191259419,11.53726191259419
2017-11-06,2017-11-03,002366,27.88149041572322,27.70440261491764,28.20615138386679
2017-11-06,2017-11-03,002370,14.62948382656572,14.57965588437715,14.48996558843771
2017-11-06,2017-11-03,002429,3.178044256269631,3.168697067280602,3.187391445258659
2017-11-06,2017-11-03,002599,7.744640226255705,7.692232886378787,7.703878961906991
2017-11-06,2017-11-03,002620,11.93708267759416,11.98612574529176,11.92727406405464
2017-11-06,2017-11-03,002643,11.53893517078193,11.48518236719133,11.62852317676627
2017-11-06,2017-11-03,002649,9.230148131476145,9.256570311241822,9.203725951710469
2017-11-06,2017-11-03,002703,10.07104593049173,9.892269967228561,9.405602067234385
2017-11-06,2017-11-03,002726,8.364942996930287,8.268109284588261,8.312801767207658
2017-11-06,2017-11-03,002742,18.21753497759775,18.0326347828465,17.89639253408241
2017-11-06,2017-11-03,002763,11.23531689472362,11.19862415502825,11.2133012509064
2017-11-06,2017-11-03,002777,15.53379628722735,15.29789050062595,15.21392403420851
2017-11-06,2017-11-03,300008,7.658480275392718,7.727922454055606,7.807284943956049
2017-11-06,2017-11-03,300037,11.1960937730919,11.26423479324649,11.20133539002687
2017-11-06,2017-11-03,300196,13.50787932321806,13.55657391342432,13.4786625690943
2017-11-06,2017-11-03,300253,5.474844500440275,5.497688079718885,5.490073553292682
2017-11-06,2017-11-03,300260,,,
2017-11-06,2017-11-03,300285,,,
2017-11-06,2017-11-03,300352,4.694838264835032,4.674944882356918,4.684891573595975
2017-11-06,2017-11-03,300382,6.764245781362256,6.793655545629047,6.769147408740054
2017-11-06,2017-11-03,300457,22.10794783459573,21.92102932520702,22.20462982221059
2017-11-06,2017-11-03,300520,30.40640310033681,30.7400002947258,30.12186431688739
2017-11-06,2017-11-03,300522,9.607906946872305,9.544697032748145,9.523627061373427
2017-11-06,2017-11-03,600386,5.643365037869327,5.587582187412629,5.624770754383761
2017-11-06,2017-11-03,600420,13.5,13.41,13.35
2017-11-06,2017-11-03,600698,7.74,7.79,7.81
2017-11-06,2017-11-03,600988,5.963939432140427,5.91481307767469,6.003240515713017
2017-11-07,2017-11-06,000338,6.854631300954584,6.846841947203498,6.792316470945907
2017-11-07,2017-11-06,000811,6.517870256381822,6.487971768967225,6.517870256381822
2017-11-07,2017-11-06,002065,9.761111111111111,9.781031746031747,9.721269841269841
2017-11-07,2017-11-06,002149,10.94596515112013,10.99439862524012,10.91690506664812
2017-11-07,2017-11-06,002171,6.853139883801932,6.880370903207767,6.862216890270544
2017-11-07,2017-11-06,002218,4.402335756771935,4.421815118527563,4.402335756771935
2017-11-07,2017-11-06,002333,11.54718217219229,11.25949464384729,11.48766061460367
2017-11-07,2017-11-06,002366,28.62919446356901,28.62919446356901,28.42259202929583
2017-11-07,2017-11-06,002370,14.69924294562973,14.64941500344115,14.66934618031659
2017-11-07,2017-11-06,002429,3.280863335148942,3.271516146159914,3.271516146159914
2017-11-07,2017-11-06,002599,7.762109339548011,7.721348075199296,7.692232886378787
2017-11-07,2017-11-06,002620,12.08421188068694,12.05478604006839,12.00574297237079
2017-11-07,2017-11-06,002643,11.81665798933336,11.73602878394746,11.7718639863412
2017-11-07,2017-11-06,002649,9.423910783091102,9.423910783091102,9.379873816814976
2017-11-07,2017-11-06,002703,9.326146083561866,9.097710130503375,9.077846134585245
2017-11-07,2017-11-06,002726,8.32025051431089,8.29045552589796,8.283006778794727
2017-11-07,2017-11-06,002742,18.18834021000545,18.10075590722854,18.15914544241314
2017-11-07,2017-11-06,002763,11.32337946999252,11.28668673029715,11.19128560708917
2017-11-07,2017-11-06,002777,15.3938521765316,15.47382023978632,15.3938521765316
2017-11-07,2017-11-06,300008,7.807284943956049,7.747763076530716,7.718002142818051
2017-11-07,2017-11-06,300037,11.42148330129553,11.35334228114095,11.2956844948563
2017-11-07,2017-11-06,300196,13.45918473301179,13.39101230672302,13.36179555259926
2017-11-07,2017-11-06,300253,5.543375238276106,5.520531658997495,5.497688079718885
2017-11-07,2017-11-06,300260,,,
2017-11-07,2017-11-06,300285,,,
2017-11-07,2017-11-06,300352,4.694838264835032,4.684891573595975,4.664998191117861
2017-11-07,2017-11-06,300382,6.769147408740054,6.715229507584268,6.720131134962067
2017-11-07,2017-11-06,300457,21.39894659208684,21.40539205792782,21.01221864162743
2017-11-07,2017-11-06,300520,31.32870122600047,31.01472739598731,31.17171431099389
2017-11-07,2017-11-06,300522,9.604395284976519,9.520115399477639,9.850211617681586
2017-11-07,2017-11-06,600386,5.68055360484046,5.671256463097676,5.634067896126544
2017-11-07,2017-11-06,600420,13.62,13.5,13.42
2017-11-07,2017-11-06,600698,7.82,7.79,7.79
2017-11-07,2017-11-06,600988,5.973764703033575,6.022891057499311,6.022891057499311
2017-11-08,2017-11-07,000338,6.807895178448075,6.870210008456754,6.800105824696991
2017-11-08,2017-11-07,000811,6.517870256381822,6.473022525259928,6.495446390820874
2017-11-08,2017-11-07,002065,9.741190476190475,9.77107142857143,9.741190476190475
2017-11-08,2017-11-07,002149,11.08157887865613,10.99439862524012,10.92659176147212
2017-11-08,2017-11-07,002171,7.04375701964278,7.025603006705556,7.016526000236945
2017-11-08,2017-11-07,002218,4.421815118527563,4.431554799405377,4.431554799405377
2017-11-08,2017-11-07,002333,11.90431151772401,12.30112190164814,12.13247748848039
2017-11-08,2017-11-07,002366,28.7177383639718,28.72757657512767,28.44226845160757
2017-11-08,2017-11-07,002370,14.48996558843771,14.37037852718513,14.45010323468685
2017-11-08,2017-11-07,002429,3.29021052413797,3.271516146159914,3.262168957170886
2017-11-08,2017-11-07,002599,7.942623510235174,7.890216170358256,7.896039208122358
2017-11-08,2017-11-07,002620,11.97631713175224,12.00574297237079,11.99593435883128
2017-11-08,2017-11-07,002643,11.86145199232553,11.95999879890829,11.89728719471926
2017-11-08,2017-11-07,002649,9.318222064028399,9.335836850538849,9.450332962856779
2017-11-08,2017-11-07,002703,9.435398061111579,9.35594207743906,9.365874075398125
2017-11-08,2017-11-07,002726,8.275558031691494,8.268109284588261,8.364942996930287
2017-11-08,2017-11-07,002742,18.86955145382588,19.35613091369762,19.59942064363348
2017-11-08,2017-11-07,002763,11.24999399060177,11.2133012509064,11.22063979884547
2017-11-08,2017-11-07,002777,15.17394000258115,15.19393201839483,15.44583141764717
2017-11-08,2017-11-07,300008,7.876727122618936,7.856886500143825,7.856886500143825
2017-11-08,2017-11-07,300037,11.48438270451515,11.50010755532005,11.66783929723904
2017-11-08,2017-11-07,300196,13.45918473301179,13.40075122476428,13.28388420826924
2017-11-08,2017-11-07,300253,5.627135028964343,5.634749555390547,5.627135028964343
2017-11-08,2017-11-07,300260,,,
2017-11-08,2017-11-07,300285,,,
2017-11-08,2017-11-07,300352,4.664998191117861,4.625211426161632,4.625211426161632
2017-11-08,2017-11-07,300382,6.764245781362256,6.695622998073073,6.734836017095463
2017-11-08,2017-11-07,300457,21.18624621933416,21.05733690251436,21.53430137474762
2017-11-08,2017-11-07,300520,33.29103766358271,32.92800542263,32.52572645292563
2017-11-08,2017-11-07,300522,9.692186832371187,9.484998780519772,9.449882161561906
2017-11-08,2017-11-07,600386,5.689850746583242,5.68055360484046,5.68055360484046
2017-11-08,2017-11-07,600420,13.38,13.38,13.36
2017-11-08,2017-11-07,600698,7.87,7.87,7.93
2017-11-08,2017-11-07,600988,5.993415244819869,5.963939432140427,5.963939432140427
2017-11-09,2017-11-08,000338,6.683265518430719,6.620950688422041,6.706633579683973
2017-11-09,2017-11-08,000811,6.480497147113576,6.465547903406279,6.487971768967225
2017-11-09,2017-11-08,002065,9.830833333333333,9.790992063492064,9.860714285714286
2017-11-09,2017-11-08,002149,11.04283209936013,11.01377201488813,11.12032565795213
2017-11-09,2017-11-08,002171,6.98929498083111,6.980217974362498,7.052834026111392
2017-11-09,2017-11-08,002218,4.460773842038819,4.489992884672262,4.519211927305703
2017-11-09,2017-11-08,002333,12.7574538431609,12.95585903512297,13.72963928377503
2017-11-09,2017-11-08,002366,27.90116683803496,27.89132862687909,27.71424082607351
2017-11-09,2017-11-08,002370,14.33051617343427,14.47003441156228,14.45010323468685
2017-11-09,2017-11-08,002429,3.234127390203801,3.206085823236716,3.215433012225744
2017-11-09,2017-11-08,002599,7.954269585763378,7.907685283650562,7.919331359178766
2017-11-09,2017-11-08,002620,12.02536019944983,12.03516881298935,12.08421188068694
2017-11-09,2017-11-08,002643,11.80769918873493,11.95999879890829,11.94208119771143
2017-11-09,2017-11-08,002649,9.626480827961284,9.60005864819561,9.73216954702399
2017-11-09,2017-11-08,002703,9.286418091725606,9.177166114175893,9.236758101930283
2017-11-09,2017-11-08,002726,8.29045552589796,8.283006778794727,8.275558031691494
2017-11-09,2017-11-08,002742,20.08600010350522,20.2222423522693,20.08600010350522
2017-11-09,2017-11-08,002763,11.42611914113957,11.37474930556605,11.4187805932005
2017-11-09,2017-11-08,002777,15.64974997894667,15.68573560741129,15.65774678527214
2017-11-09,2017-11-08,300008,7.906488056331602,7.906488056331602,7.916408367569158
2017-11-09,2017-11-08,300037,12.03999409962177,12.05571895042667,11.98757793027209
2017-11-09,2017-11-08,300196,13.32283988043425,13.36179555259926,13.313100962393
2017-11-09,2017-11-08,300253,5.627135028964343,5.59667692325953,5.61952050253814
2017-11-09,2017-11-08,300260,,,
2017-11-09,2017-11-08,300285,,,
2017-11-09,2017-11-08,300352,4.754518412269376,4.714731647313147,4.754518412269376
2017-11-09,2017-11-08,300382,6.818163682518041,6.788753918251249,6.74463927185106
2017-11-09,2017-11-08,300457,21.85012920095613,21.97259305193495,21.83723826927416
2017-11-09,2017-11-08,300520,31.98608393259052,31.22077272193345,31.0932208534906
2017-11-09,2017-11-08,300522,9.6360002420386,9.590348637393372,9.544697032748145
2017-11-09,2017-11-08,600386,5.847902156210555,5.820010730982205,5.847902156210555
2017-11-09,2017-11-08,600420,13.41,13.41,13.42
2017-11-09,2017-11-08,600698,8.109999999999999,8.09,8.09
2017-11-09,2017-11-08,600988,5.993415244819869,5.963939432140427,5.973764703033575
2017-11-10,2017-11-09,000338,6.800105824696991,6.807895178448075,6.784527117194822
2017-11-10,2017-11-09,000811,6.450598659698982,6.465547903406279,6.450598659698982
2017-11-10,2017-11-09,002065,9.870674603174603,9.870674603174603,9.910515873015873
2017-11-10,2017-11-09,002149,11.23656599584013,11.19781921654413,11.15907243724813
2017-11-10,2017-11-09,002171,7.052834026111392,7.034680013174168,7.016526000236945
2017-11-10,2017-11-09,002218,4.499732565550075,4.480253203794446,4.451034161161005
2017-11-10,2017-11-09,002333,14.03716733131623,13.88836343734468,13.68995824538261
2017-11-10,2017-11-09,002366,28.39307739582824,28.31437170658132,28.23566601733439
2017-11-10,2017-11-09,002370,14.37037852718513,14.41024088093599,14.40027529249828
2017-11-10,2017-11-09,002429,3.299557713126999,3.280863335148942,3.262168957170886
2017-11-10,2017-11-09,002599,7.954269585763378,7.913508321414664,7.913508321414664
2017-11-10,2017-11-09,002620,12.06459465360791,12.04497742652887,12.00574297237079
2017-11-10,2017-11-09,002643,11.76290518574276,11.82561678993179,11.72706998334903
2017-11-10,2017-11-09,002649,9.78501390655534,9.881895232362821,9.811436086321018
2017-11-10,2017-11-09,002703,9.336078081520931,10.11077392232799,9.991589946819209
2017-11-10,2017-11-09,002726,8.297904273001192,8.312801767207658,8.275558031691494
2017-11-10,2017-11-09,002742,20.07626851430778,20.68935863374617,20.35848460103339
2017-11-10,2017-11-09,002763,11.57289009992107,11.53619736022569,11.43345768907865
2017-11-10,2017-11-09,002777,15.59377233466838,15.55378830304102,15.54179309355282
2017-11-10,2017-11-09,300008,7.906488056331602,7.896567745094046,7.856886500143825
2017-11-10,2017-11-09,300037,12.07144380123158,12.12910158751623,12.02426924881687
2017-11-10,2017-11-09,300196,13.27414529022799,13.29362312631049,13.27414529022799
2017-11-10,2017-11-09,300253,5.665207661095361,5.657593134669157,5.672822187521565
2017-11-10,2017-11-09,300260,,,
2017-11-10,2017-11-09,300285,,,
2017-11-10,2017-11-09,300352,5.052919149441094,4.903718780855234,4.893772089616178
2017-11-10,2017-11-09,300382,6.788753918251249,6.754442526606658,6.749540899228859
2017-11-10,2017-11-09,300457,21.93392025688901,21.97259305193495,21.72121988413634
2017-11-10,2017-11-09,300520,31.8781554285235,31.74079187789274,32.03514234353008
2017-11-10,2017-11-09,300522,9.562255342227079,9.541185370852359,9.527138723269212
2017-11-10,2017-11-09,600386,5.820010730982205,5.782822164011073,5.782822164011073
2017-11-10,2017-11-09,600420,13.7,13.64,13.66
2017-11-10,2017-11-09,600698,8.1,8.140000000000001,8.1
2017-11-10,2017-11-09,600988,5.983589973926722,5.973764703033575,5.954114161247279
2017-11-13,2017-11-10,000158,9.561444762533846,9.581406025086107,9.521522237429318
2017-11-13,2017-11-10,000338,7.002629022225194,7.111679974740381,7.119469328491466
2017-11-13,2017-11-10,000811,6.38332706301614,6.38332706301614,6.360903197455195
2017-11-13,2017-11-10,000816,4.27,4.24,4.18
2017-11-13,2017-11-10,000963,28.22020109883568,28.06571094683476,27.94726849696738
2017-11-13,2017-11-10,002065,10.06988095238095,10.04996031746032,10.03003968253968
2017-11-13,2017-11-10,002171,6.962063961425273,6.94390994848805,6.89852491614499
2017-11-13,2017-11-10,002218,4.616608736083844,4.597129374328215,4.597129374328215
2017-11-13,2017-11-10,002265,15.28197667723842,15.30188804750192,15.1824198259209
2017-11-13,2017-11-10,002300,6.612429792961514,6.584050265953095,6.605334911209409
2017-11-13,2017-11-10,002346,22.54240512155874,22.53302808115875,22.25171686915927
2017-11-13,2017-11-10,002370,14.43017205781142,14.3504473503097,14.34048176187199
2017-11-13,2017-11-10,002429,3.383682414028254,3.383682414028254,3.374335225039225
2017-11-13,2017-11-10,002545,8.230553750983592,8.161462009107549,8.144189073638538
2017-11-13,2017-11-10,002599,8.070730341045419,7.98920781234799,7.995030850112093
2017-11-13,2017-11-10,002620,11.85861376927801,11.87823099635705,11.81937931511994
2017-11-13,2017-11-10,002649,9.846665659341918,9.873087839107596,9.776206513300115
2017-11-13,2017-11-10,002703,10.07104593049173,9.87240597131043,10.04124993661453
2017-11-13,2017-11-10,002763,11.3307180179316,11.31604092205345,11.272009634419
2017-11-13,2017-11-10,002777,15.32188091960237,15.40184898285708,15.33387612909057
2017-11-13,2017-11-10,300196,13.38127338868177,13.29362312631049,13.23518961806297
2017-11-13,2017-11-10,300260,,,
2017-11-13,2017-11-10,300285,,,
2017-11-13,2017-11-10,300382,6.764245781362256,6.739737644473261,6.734836017095463
2017-11-13,2017-11-10,300430,15.41698597230241,15.39727115648106,15.21326620881504
2017-11-13,2017-11-10,300517,13.16681371663336,13.2528010715175,13.67736363625792
2017-11-13,2017-11-10,300519,20.6758963845928,20.60743315153124,20.59887524739854
2017-11-13,2017-11-10,600386,5.801416447496639,5.801416447496639,5.764227880525508
2017-11-13,2017-11-10,600420,13.7,13.69,13.76
2017-11-13,2017-11-10,600698,8.039999999999999,8.06,8.029999999999999
2017-11-13,2017-11-10,600988,5.895162535888396,5.855861452315806,5.836210910529513
2017-11-13,2017-11-10,601009,5.267345133754769,5.287682373653436,5.369031333248104
2017-11-14,2017-11-13,000158,9.381793399563481,9.361832137011218,9.401754662115742
2017-11-14,2017-11-13,000338,7.010418375976279,6.987050314723025,7.049365144731703
2017-11-14,2017-11-13,000811,6.3160554663333,6.278682357065057,6.353428575601546
2017-11-14,2017-11-13,000816,4.07,4.08,4.07
2017-11-14,2017-11-13,000963,27.89577177963374,27.91122079483383,27.83397571883336
2017-11-14,2017-11-13,002065,10.11968253968254,10.14956349206349,10.10972222222222
2017-11-14,2017-11-13,002171,6.84406287733332,6.880370903207767,6.94390994848805
2017-11-14,2017-11-13,002218,4.762703949251053,4.762703949251053,4.723745225739797
2017-11-14,2017-11-13,002265,15.36162215829243,15.35166647316068,15.29193236237017
2017-11-14,2017-11-13,002300,6.598240029457305,6.562765620696781,6.619524674713618
2017-11-14,2017-11-13,002346,22.32673319235913,22.35486431355908,22.43925767715892
2017-11-14,2017-11-13,002370,14.32055058499656,14.2806882312457,14.30061940812113
2017-11-14,2017-11-13,002429,3.477154303918537,3.495848681896594,3.467807114929509
2017-11-14,2017-11-13,002545,8.170098476842055,8.101006734966013,8.049187928558981
2017-11-14,2017-11-13,002599,7.96009262352748,7.87274705706595,7.849454906009542
2017-11-14,2017-11-13,002620,11.8488051557385,11.81937931511994,11.73110179326427
2017-11-14,2017-11-13,002649,9.811436086321018,9.873087839107596,9.811436086321018
2017-11-14,2017-11-13,002703,9.93199795906482,9.87240597131043,9.981657948860144
2017-11-14,2017-11-13,002763,11.40410349732235,11.37474930556605,11.34539511380975
2017-11-14,2017-11-13,002777,16.07757911735937,15.99361265094193,15.94963021615184
2017-11-14,2017-11-13,300196,13.313100962393,13.23518961806297,13.17675610981545
2017-11-14,2017-11-13,300260,,,
2017-11-14,2017-11-13,300285,,,
2017-11-14,2017-11-13,300382,6.70542625282867,6.66621323380628,6.690721370695274
2017-11-14,2017-11-13,300430,14.65467976054322,14.90440076094709,14.91097236622088
2017-11-14,2017-11-13,300517,13.43014999096603,13.3817821038437,13.32804000704112
2017-11-14,2017-11-13,300519,20.35069602755037,20.36781183581576,20.4876224936735
2017-11-14,2017-11-13,600386,5.764227880525508,5.782822164011073,5.736336455297158
2017-11-14,2017-11-13,600420,13.7,13.7,13.64
2017-11-14,2017-11-13,600698,7.88,7.83,7.9
2017-11-14,2017-11-13,600988,5.80673509785007,5.777259285170627,5.816560368743217
2017-11-14,2017-11-13,601009,5.38258949318055,5.369031333248104,5.369031333248104
2017-11-15,2017-11-14,000158,9.401754662115742,9.371812768287349,9.461638449772531
2017-11-15,2017-11-14,000338,6.940314192216516,6.901367423461092,6.846841947203498
2017-11-15,2017-11-14,000811,6.353428575601546,6.375852441162492,6.338479331894249
2017-11-15,2017-11-14,000816,4.08,4.03,4.04
2017-11-15,2017-11-14,000963,26.59805450282596,26.51565975509214,26.65985056362634
2017-11-15,2017-11-14,002065,10.13960317460317,10.05992063492064,10.04
2017-11-15,2017-11-14,002171,6.871293896739155,6.798677844990261,6.834985870864708
2017-11-15,2017-11-14,002218,4.665307140472914,4.694526183106356,4.684786502228541
2017-11-15,2017-11-14,002265,15.45122332447819,15.37157784342418,15.35166647316068
2017-11-15,2017-11-14,002300,6.633714438217827,6.584050265953095,6.569860502448885
2017-11-15,2017-11-14,002346,22.50489695995881,22.42050359635896,22.29860207115918
2017-11-15,2017-11-14,002370,14.02158293186511,14.06144528561597,14.21092911218169
2017-11-15,2017-11-14,002429,3.411723980995339,3.402376792006311,3.458459925940481
2017-11-15,2017-11-14,002545,8.023278525355463,7.980096186682937,7.988732654417443
2017-11-15,2017-11-14,002599,7.90186224588646,7.855277943773643,7.797047566132624
2017-11-15,2017-11-14,002620,11.60358981725053,11.57416397663198,11.62320704432957
2017-11-15,2017-11-14,002649,10.13730963676436,9.978776558170299,9.996391344680749
2017-11-15,2017-11-14,002703,9.6836980100882,9.534718040702227,9.534718040702227
2017-11-15,2017-11-14,002763,11.19128560708917,11.2133012509064,11.2133012509064
2017-11-15,2017-11-14,002777,16.36946254823906,16.16954239010229,16.14955037428861
2017-11-15,2017-11-14,300196,12.8358939783716,12.86511073249536,12.95276099486663
2017-11-15,2017-11-14,300260,,,
2017-11-15,2017-11-14,300285,,,
2017-11-15,2017-11-14,300382,6.656409979050683,6.700524625450871,6.690721370695274
2017-11-15,2017-11-14,300430,14.86497112930437,14.91754397149466,14.85839952403059
2017-11-15,2017-11-14,300517,13.10769741015052,13.04858110366767,13.02708426494664
2017-11-15,2017-11-14,300519,20.22232746555993,20.36781183581576,20.36781183581576
2017-11-15,2017-11-14,600386,5.643365037869327,5.643365037869327,5.689850746583242
2017-11-15,2017-11-14,600420,13.48,13.43,13.38
2017-11-15,2017-11-14,600698,7.97,7.88,7.91
2017-11-15,2017-11-14,600988,5.787084556063775,5.836210910529513,5.865686723208953
2017-11-15,2017-11-14,601009,5.402926733079216,5.375810413214327,5.402926733079216
2017-11-16,2017-11-15,000158,9.581406025086107,9.531502868705452,9.551464131257713
2017-11-16,2017-11-15,000338,6.722212287186144,6.737790994688313,6.768948409692651
2017-11-16,2017-11-15,000811,6.3310047100406,6.308580844479653,6.293631600772355
2017-11-16,2017-11-15,000816,4.02,4.02,4
2017-11-16,2017-11-15,000963,26.61865318975942,26.53110877029223,26.34057091615776
2017-11-16,2017-11-15,002065,9.990198412698412,10.01011904761905,9.980238095238095
2017-11-16,2017-11-15,002171,6.762369819115814,6.780523832053037,6.726061793241366
2017-11-16,2017-11-15,002218,4.782183311006682,4.75296426837324,4.801662672762309
2017-11-16,2017-11-15,002265,15.19237551105266,15.17246414078915,15.24215393671141
2017-11-16,2017-11-15,002300,6.491816803175735,6.491816803175735,6.477627039671526
2017-11-16,2017-11-15,002346,21.78286484916013,21.87663525315995,21.86725821275997
2017-11-16,2017-11-15,002370,14.03154852030282,14.1511355815554,14.24082587749484
2017-11-16,2017-11-15,002429,3.561279004819792,3.533237437852707,3.505195870885622
2017-11-16,2017-11-15,002545,8.040551460824474,8.023278525355463,7.971459718948432
2017-11-16,2017-11-15,002599,7.820339717189031,7.773755415076215,7.779578452840316
2017-11-16,2017-11-15,002620,11.40741754646016,11.36818309230208,11.34856586522305
2017-11-16,2017-11-15,002649,9.837858266086693,9.820243479576243,9.73216954702399
2017-11-16,2017-11-15,002703,9.37580607335719,9.465194054988773,9.41553406519345
2017-11-16,2017-11-15,002763,11.14725431945473,11.16193141533288,11.11790012769843
2017-11-16,2017-11-15,002777,15.79769089596789,15.90164937819901,16.03359668256928
2017-11-16,2017-11-15,300196,13.23518961806297,13.26440637218673,13.40075122476428
2017-11-16,2017-11-15,300260,,,
2017-11-16,2017-11-15,300285,,,
2017-11-16,2017-11-15,300382,6.852475074162633,6.837770192029236,6.788753918251249
2017-11-16,2017-11-15,300430,14.33267110212769,14.33924270740148,14.26695504938983
2017-11-16,2017-11-15,300517,12.82823850677708,12.78524482933501,12.66163800668906
2017-11-16,2017-11-15,300519,20.21376956142724,20.41915926061193,20.32502231515228
2017-11-16,2017-11-15,600386,5.634067896126544,5.68055360484046,5.65266217961211
2017-11-16,2017-11-15,600420,13.33,13.32,13.35
2017-11-16,2017-11-15,600698,7.78,7.83,7.85
2017-11-16,2017-11-15,600988,5.84603618142266,5.777259285170627,5.747783472491186
2017-11-16,2017-11-15,601009,5.389368573146772,5.362252253281882,5.369031333248104
2017-11-17,2017-11-16,000158,9.561444762533846,9.501560974877057,9.431696555944136
2017-11-17,2017-11-16,000338,6.854631300954584,6.877999362207838,6.916946130963263
2017-11-17,2017-11-16,000811,6.211410760382218,6.196461516674919,6.046969079601942
2017-11-17,2017-11-16,000816,4.04,4.02,4
2017-11-17,2017-11-16,000963,26.57230614415914,26.6495512201596,26.62380286149279
2017-11-17,2017-11-16,002065,9.711309523809524,9.77107142857143,9.77107142857143
2017-11-17,2017-11-16,002171,6.744215806178589,6.716984786772755,6.580829689743577
2017-11-17,2017-11-16,002218,4.791922991884496,4.762703949251053,4.694526183106356
2017-11-17,2017-11-16,002265,15.1824198259209,15.17246414078915,14.45565481130305
2017-11-17,2017-11-16,002300,6.321539641125224,6.321539641125224,6.158357360826817
2017-11-17,2017-11-16,002346,21.84850413196001,21.42653731396078,21.00457049596155
2017-11-17,2017-11-16,002370,14.21092911218169,14.18103234686855,14.0813764624914
2017-11-17,2017-11-16,002429,3.542584626841736,3.51454305987465,3.458459925940481
2017-11-17,2017-11-16,002545,7.962823251213927,7.962823251213927,7.816003299727337
2017-11-17,2017-11-16,002599,7.826162754953133,7.965915661291582,7.861100981537746
2017-11-17,2017-11-16,002620,11.23086250274882,11.20143666213027,10.94641271010278
2017-11-17,2017-11-16,002649,9.820243479576243,9.811436086321018,9.776206513300115
2017-11-17,2017-11-16,002703,9.385738071316254,9.35594207743906,9.286418091725606
2017-11-17,2017-11-16,002763,11.16193141533288,11.14725431945473,11.0665302921249
2017-11-17,2017-11-16,002777,15.60176914099385,15.63775476945847,15.30988571011416
2017-11-17,2017-11-16,300196,13.32283988043425,13.55657391342432,13.42022906084678
2017-11-17,2017-11-16,300260,,,
2017-11-17,2017-11-16,300285,,,
2017-11-17,2017-11-16,300382,6.842671819407036,6.788753918251249,6.793655545629047
2017-11-17,2017-11-16,300430,14.0435204700811,14.2800982599374,14.14866615446168
2017-11-17,2017-11-16,300517,12.77449640997449,12.79061903901527,12.56490223244441
2017-11-17,2017-11-16,300519,20.13674842423298,20.07684309530411,19.73452692999628
2017-11-17,2017-11-16,600386,5.708445030068808,5.736336455297158,5.708445030068808
2017-11-17,2017-11-16,600420,13.34,13.32,13.26
2017-11-17,2017-11-16,600698,7.73,7.75,7.51
2017-11-17,2017-11-16,600988,5.737958201598039,5.708482388918596,5.708482388918596
2017-11-17,2017-11-16,601009,5.335135933416993,5.362252253281882,5.450380292842772
2017-11-20,2017-11-17,000070,8.654788348504162,8.58903497073775,8.358898148555303
2017-11-20,2017-11-17,000338,6.776737763443736,6.63652939592421,6.582003919666617
2017-11-20,2017-11-17,000591,5.420574158900476,5.363601157230351,5.420574158900476
2017-11-20,2017-11-17,000811,6.12171529813843,6.032019835894644,6.009595970333697
2017-11-20,2017-11-17,000816,3.76,3.7,3.64
2017-11-20,2017-11-17,000856,19.30650602270321,18.98804819140089,18.58997590227299
2017-11-20,2017-11-17,000877,8.577675343562067,8.429072690834332,8.140123088308179
2017-11-20,2017-11-17,000963,26.7370956396268,26.69074859402652,26.937932837228
2017-11-20,2017-11-17,002065,9.581825396825396,9.352738095238095,9.223253968253967
2017-11-20,2017-11-17,002131,3.02529330049387,2.995633562253734,2.985746982840356
2017-11-20,2017-11-17,002149,10.24852312379212,10.21946303932012,9.890115415304114
2017-11-20,2017-11-17,002171,6.390212553902728,6.335750515091058,6.290365482747998
2017-11-20,2017-11-17,002185,7.222590230425857,7.126172156961435,7.222590230425857
2017-11-20,2017-11-17,002210,13.01295620501041,12.92321167945862,12.62406326095263
2017-11-20,2017-11-17,002302,13.23199585804085,12.86341658622913,12.51326627800799
2017-11-20,2017-11-17,002429,3.346293658072141,3.327599280094084,3.355640847061169
2017-11-20,2017-11-17,002456,23.81391497912056,23.40573332605035,23.54511242709871
2017-11-20,2017-11-17,002599,7.802870603896725,7.488426564635215,7.331204545004461
2017-11-20,2017-11-17,002703,9.097710130503375,9.067914136626181,8.85934217948582
2017-11-20,2017-11-17,002726,8.245763043278563,8.186173066452703,8.134031836730074
2017-11-20,2017-11-17,002763,10.78766547044006,10.64089451165856,10.48678500493799
2017-11-20,2017-11-17,002777,15.78569568647968,15.67773880108582,15.54978989987829
2017-11-20,2017-11-17,300012,4.888904174314578,4.898662466079677,4.810837840193787
2017-11-20,2017-11-17,300196,13.14753935569169,12.92354424074287,12.82615506033034
2017-11-20,2017-11-17,300210,6.521358670250395,6.551273159563471,6.461529691624246
2017-11-20,2017-11-17,300260,,,
2017-11-20,2017-11-17,300275,8.727441922569783,8.505557805894281,8.363798509129376
2017-11-20,2017-11-17,300279,11.12100876998309,11.09114034893569,10.98162280509521
2017-11-20,2017-11-17,300285,,,
2017-11-20,2017-11-17,300382,7.024032032385588,6.935802739585212,6.911294602696217
2017-11-20,2017-11-17,300407,12.28226351646946,12.11193936909161,11.70505390591119
2017-11-20,2017-11-17,300415,14.40250449258982,14.56626726060849,14.57488635366211
2017-11-20,2017-11-17,600172,9.42,9.109999999999999,9.289999999999999
2017-11-20,2017-11-17,600262,14.16249651208863,14.0822178355912,13.96848971055317
2017-11-20,2017-11-17,600325,5.258185872818281,5.280688808079986,5.243183915977145
2017-11-20,2017-11-17,600386,5.53179933695593,5.485313628242015,5.420233636042534
2017-11-20,2017-11-17,600546,2.912080410576759,2.843721715492798,2.843721715492798
2017-11-20,2017-11-17,600679,19.64566408475396,18.57497539213487,18.55532972805011
2017-11-20,2017-11-17,600722,7.36,7.24,6.97
2017-11-20,2017-11-17,600802,5.960231056366544,5.79244975317124,5.632658035842377
2017-11-20,2017-11-17,600879,7.549220247608016,7.491000040042915,7.374559624912714
2017-11-21,2017-11-20,000070,8.745199242932982,8.720541726270577,8.860267654024206
2017-11-21,2017-11-20,000338,6.683265518430719,6.66768681092855,6.683265518430719
2017-11-21,2017-11-20,000591,5.778690169398405,5.754273168682638,5.794968169875584
2017-11-21,2017-11-20,000811,6.144139163699378,6.114240676284782,6.136664541845729
2017-11-21,2017-11-20,000816,3.7,3.78,3.78
2017-11-21,2017-11-20,000856,18.91838554080351,18.99799999862909,18.99799999862909
2017-11-21,2017-11-20,000877,8.379538473258419,8.453839799622287,8.462095502551605
2017-11-21,2017-11-20,000963,27.27781117163003,27.42200198016423,27.45290001056442
2017-11-21,2017-11-20,002065,9.263095238095239,9.243174603174603,9.312896825396825
2017-11-21,2017-11-20,002131,3.035179879907249,3.015406721080491,3.015406721080491
2017-11-21,2017-11-20,002149,10.18071626002412,10.12259609108012,10.14196948072812
2017-11-21,2017-11-20,002171,6.444674592714399,6.408366566839952,6.408366566839952
2017-11-21,2017-11-20,002185,7.529375009630839,7.538140289036695,7.546905568442552
2017-11-21,2017-11-20,002210,12.94315490735902,12.79358069810602,12.66394971675343
2017-11-21,2017-11-20,002302,12.97399036777264,12.98320484956794,13.12142207649733
2017-11-21,2017-11-20,002429,3.439765547962424,3.449112736951452,3.51454305987465
2017-11-21,2017-11-20,002456,24.53072178451215,24.80947998660887,25.16788338930467
2017-11-21,2017-11-20,002599,7.220566827486522,7.098283034440379,7.086636958912175
2017-11-21,2017-11-20,002703,9.097710130503375,9.574446032538487,9.584378030497552
2017-11-21,2017-11-20,002726,8.104236848317143,8.089339354110678,8.044646871491281
2017-11-21,2017-11-20,002763,10.72161853898838,10.69226434723208,10.63355596371948
2017-11-21,2017-11-20,002777,16.44943061149377,16.32148171028624,16.58537631902677
2017-11-21,2017-11-20,300012,4.986487091965568,4.996245383730667,4.976728800200468
2017-11-21,2017-11-20,300196,13.36179555259926,13.24492853610423,13.36179555259926
2017-11-21,2017-11-20,300210,6.561244656001162,6.591159145314237,6.591159145314237
2017-11-21,2017-11-20,300260,,,
2017-11-21,2017-11-20,300275,8.487067462837988,8.400779195241959,8.480904015152557
2017-11-21,2017-11-20,300279,10.99157894544434,11.02144736649175,11.13096491033222
2017-11-21,2017-11-20,300285,,,
2017-11-21,2017-11-20,300382,7.131867834697161,7.077949933541374,7.063245051407979
2017-11-21,2017-11-20,300407,12.26333861120525,12.12140182172371,12.23495125330894
2017-11-21,2017-11-20,300415,14.81622095916332,14.69555365641271,14.65245819114464
2017-11-21,2017-11-20,600172,9.25,9.32,9.380000000000001
2017-11-21,2017-11-20,600262,14.26284485771042,14.28291452683478,14.31636397537538
2017-11-21,2017-11-20,600325,5.265686851238849,5.265686851238849,5.280688808079986
2017-11-21,2017-11-20,600386,5.494610769984798,5.392342210814184,5.429530777785316
2017-11-21,2017-11-20,600546,2.939423888610344,2.939423888610344,2.959931497135532
2017-11-21,2017-11-20,600679,18.78125486502479,18.97771150587232,18.87948318544855
2017-11-21,2017-11-20,600722,7.05,7.04,7.02
2017-11-21,2017-11-20,600802,5.736522652106137,5.728533066239694,5.720543480373252
2017-11-21,2017-11-20,600879,7.617143823100633,7.578330351390566,7.617143823100633
2017-11-22,2017-11-21,000070,8.802733448478595,8.679445865166569,8.638350004062561
2017-11-22,2017-11-21,000338,6.885788715958923,7.088311913487126,7.002629022225194
2017-11-22,2017-11-21,000591,5.689161166773923,5.713578167489691,5.632188165103797
2017-11-22,2017-11-21,000811,6.099291432577484,6.076867567016538,6.144139163699378
2017-11-22,2017-11-21,000816,3.75,3.75,3.72
2017-11-22,2017-11-21,000856,18.78901204683694,18.80891566129334,18.70939758901136
2017-11-22,2017-11-21,000877,8.379538473258419,8.412561284975695,8.354771364470464
2017-11-22,2017-11-21,000963,27.47349869749787,27.62283917776544,27.70523392549926
2017-11-22,2017-11-21,002065,9.283015873015874,9.4125,9.362698412698412
2017-11-22,2017-11-21,002131,2.995633562253734,3.005520141667113,3.005520141667113
2017-11-22,2017-11-21,002149,9.928862194600113,10.04510253248811,10.00635575319211
2017-11-22,2017-11-21,002171,6.353904528028281,6.335750515091058,6.390212553902728
2017-11-22,2017-11-21,002185,7.599497244877692,7.573201406660123,7.608262524283549
2017-11-22,2017-11-21,002210,12.79358069810602,12.59414841910203,12.56423357725143
2017-11-22,2017-11-21,002302,12.7620572864809,12.97399036777264,12.85420210443383
2017-11-22,2017-11-21,002429,3.589320571786877,3.561279004819792,3.561279004819792
2017-11-22,2017-11-21,002456,24.89908083728282,24.87916953713306,24.78956868645911
2017-11-22,2017-11-21,002599,7.098283034440379,7.074990883383971,7.051698732327562
2017-11-22,2017-11-21,002703,9.41553406519345,9.584378030497552,9.465194054988773
2017-11-22,2017-11-21,002726,7.955261906252489,7.955261906252489,8.01485188307835
2017-11-22,2017-11-21,002763,10.62621741578041,10.62621741578041,10.58952467608504
2017-11-22,2017-11-21,002777,16.23351684070606,16.21352482489238,16.44943061149377
2017-11-22,2017-11-21,300012,5.201169510797745,5.269477553153438,5.298752428448735
2017-11-22,2017-11-21,300196,13.19623394589796,13.1670171917742,13.04041125723791
2017-11-22,2017-11-21,300210,6.561244656001162,6.561244656001162,6.531330166688087
2017-11-22,2017-11-21,300260,,,
2017-11-22,2017-11-21,300275,8.277510241533346,8.413106090612821,8.511721253579712
2017-11-22,2017-11-21,300279,10.892017541953,10.91192982265127,11.01149122614261
2017-11-22,2017-11-21,300285,,,
2017-11-22,2017-11-21,300382,7.122064579941562,7.082851560919173,7.033835287141185
2017-11-22,2017-11-21,300407,11.85645314802483,11.78075352696801,11.68612900064698
2017-11-22,2017-11-21,300415,14.60936272587657,14.6869345633591,14.92826916886031
2017-11-22,2017-11-21,600172,9.380000000000001,9.380000000000001,9.27
2017-11-22,2017-11-21,600262,14.2896044165429,14.24277518858606,14.14242684296427
2017-11-22,2017-11-21,600325,5.325694678603394,5.363199570706236,5.393203484388509
2017-11-22,2017-11-21,600386,5.392342210814184,5.410936494299751,5.429530777785316
2017-11-22,2017-11-21,600546,2.898408671559967,2.939423888610344,2.918916280085155
2017-11-22,2017-11-21,600679,18.66338088051626,18.77143203298241,18.62408955234676
2017-11-22,2017-11-21,600722,6.88,6.9,6.78
2017-11-22,2017-11-21,600802,5.672605965174593,5.720543480373252,5.712553894506809
2017-11-22,2017-11-21,600879,7.491000040042915,7.491000040042915,7.471593304187881
2017-11-23,2017-11-22,000070,8.753418415153783,8.654788348504162,8.630130831841759
2017-11-23,2017-11-22,000338,6.901367423461092,6.955892899718686,6.909156777212177
2017-11-23,2017-11-22,000591,5.542659162479315,5.444991159616245,5.469408160332011
2017-11-23,2017-11-22,000811,6.151613785553026,6.151613785553026,6.166563029260324
2017-11-23,2017-11-22,000816,3.73,3.7,3.74
2017-11-23,2017-11-22,000856,19.07761445645467,18.83877108297793,18.88853011911892
2017-11-23,2017-11-22,000877,8.346515661541146,8.321748552753188,8.296981443965233
2017-11-23,2017-11-22,000963,27.70523392549926,27.6125398342987,27.30355953029686
2017-11-23,2017-11-22,002065,9.422460317460319,9.322857142857142,9.283015873015874
2017-11-23,2017-11-22,002131,2.995633562253734,2.985746982840356,2.985746982840356
2017-11-23,2017-11-22,002149,10.00635575319211,9.899802110128114,9.977295668720114
2017-11-23,2017-11-22,002171,6.326673508622445,6.317596502153834,6.39928956037134
2017-11-23,2017-11-22,002185,7.774802832994824,7.766037553588967,7.713445877153829
2017-11-23,2017-11-22,002210,12.65397810280323,12.47448905169964,12.41465936799844
2017-11-23,2017-11-22,002302,12.90948899520559,12.82655865904795,12.83577314084325
2017-11-23,2017-11-22,002429,3.551931815830764,3.579973382797849,3.57062619380882
2017-11-23,2017-11-22,002456,24.78956868645911,24.55063308466191,24.34156443308936
2017-11-23,2017-11-22,002599,7.074990883383971,7.10410607220448,7.069167845619869
2017-11-23,2017-11-22,002703,9.395670069275321,9.326146083561866,9.316214085602802
2017-11-23,2017-11-22,002726,7.880774435220163,7.910569423633093,7.880774435220163
2017-11-23,2017-11-22,002763,10.64823305959763,10.56017048432874,10.56750903226781
2017-11-23,2017-11-22,002777,17.30508888831917,17.10916713334512,16.82528050879091
2017-11-23,2017-11-22,300012,5.230444386093042,5.162136343737349,5.14261976020715
2017-11-23,2017-11-22,300196,12.87484965053661,12.74824371600032,12.70928804383531
2017-11-23,2017-11-22,300210,6.501415677375012,6.451558195186553,6.49144418093732
2017-11-23,2017-11-22,300260,,,
2017-11-23,2017-11-22,300275,8.369961956814805,8.265183346162486,8.252856450791624
2017-11-23,2017-11-22,300279,11.1807456120779,10.98162280509521,11.07122806823742
2017-11-23,2017-11-22,300285,,,
2017-11-23,2017-11-22,300382,7.102458070430368,7.185785735852947,7.112261325185965
2017-11-23,2017-11-22,300407,11.60096692695806,11.55365466379754,11.49687994800493
2017-11-23,2017-11-22,300415,14.91103098275308,14.8076018661097,14.50593360923319
2017-11-23,2017-11-22,600172,9.34,9.359999999999999,9.35
2017-11-23,2017-11-22,600262,14.51037077691084,14.42340221070529,14.55720000486767
2017-11-23,2017-11-22,600325,5.430708376491349,5.393203484388509,5.38570250596794
2017-11-23,2017-11-22,600386,5.420233636042534,5.410936494299751,5.448125061270883
2017-11-23,2017-11-22,600546,2.918916280085155,2.939423888610344,2.980439105660721
2017-11-23,2017-11-22,600679,18.75178636889765,18.59462105621962,18.61426672030438
2017-11-23,2017-11-22,600722,6.98,6.87,6.87
2017-11-23,2017-11-22,600802,5.720543480373252,5.696574722773922,5.744512237972581
2017-11-23,2017-11-22,600879,7.917948228853652,7.879134757143584,7.908244860926135
2017-11-24,2017-11-23,000070,8.416432354100916,8.473966559646527,8.498624076308932
2017-11-24,2017-11-23,000338,6.53526779716011,6.574214565915533,6.50411038215577
2017-11-24,2017-11-23,000591,5.49382516104778,5.501964161286369,5.518242161763548
2017-11-24,2017-11-23,000811,6.069392945162888,6.061918323309239,6.099291432577484
2017-11-24,2017-11-23,000816,3.86,3.83,3.82
2017-11-24,2017-11-23,000856,18.1421445770041,18.10233734809131,18.18195180591689
2017-11-24,2017-11-23,000877,8.280470038106596,8.288725741035915,8.288725741035915
2017-11-24,2017-11-23,000963,26.74739498309352,26.69074859402652,26.6495512201596
2017-11-24,2017-11-23,002065,9.243174603174603,9.233214285714286,9.243174603174603
2017-11-24,2017-11-23,002131,2.95608724460022,2.95608724460022,2.965973824013598
2017-11-24,2017-11-23,002149,9.899802110128114,9.793248467064112,9.890115415304114
2017-11-24,2017-11-23,002171,6.372058540965504,6.335750515091058,6.417443573308564
2017-11-24,2017-11-23,002185,7.546905568442552,7.397895818542989,7.459252774383986
2017-11-24,2017-11-23,002210,12.16536901924345,12.11551094949245,12.05568126579126
2017-11-24,2017-11-23,002302,12.51326627800799,12.59619661416563,12.55012420518916
2017-11-24,2017-11-23,002429,3.523890248863679,3.523890248863679,3.477154303918537
2017-11-24,2017-11-23,002456,23.97320538031869,23.69444717822196,23.92342712994427
2017-11-24,2017-11-23,002599,7.115752147732685,7.098283034440379,7.115752147732685
2017-11-24,2017-11-23,002703,9.028186144789922,9.067914136626181,9.04805014070805
2017-11-24,2017-11-23,002726,8.230865549072099,8.357494249827054,8.446879215065845
2017-11-24,2017-11-23,002763,10.35469114203464,10.31799840233927,10.31799840233927
2017-11-24,2017-11-23,002777,16.61336514116593,16.7453124455362,16.96122621632392
2017-11-24,2017-11-23,300012,5.074311717851459,5.05479513432126,5.05479513432126
2017-11-24,2017-11-23,300196,12.6898102077528,12.58268210929901,12.56320427321651
2017-11-24,2017-11-23,300210,6.49144418093732,6.431615202311169,6.49144418093732
2017-11-24,2017-11-23,300260,,,
2017-11-24,2017-11-23,300275,8.092606810970427,8.185058526251886,8.228202660049901
2017-11-24,2017-11-23,300279,11.11105262963395,11.06127192788828,11.16083333137963
2017-11-24,2017-11-23,300285,,,
2017-11-24,2017-11-23,300382,7.126966207319361,7.126966207319361,7.117162952563764
2017-11-24,2017-11-23,300407,11.19408146377764,11.26031863220235,11.28870599009866
2017-11-24,2017-11-23,300415,13.72159614135428,13.75607251356873,13.94569256074825
2017-11-24,2017-11-23,600172,9.26,9.31,9.460000000000001
2017-11-24,2017-11-23,600262,14.75789669611125,14.73113713727878,15.03218217414415
2017-11-24,2017-11-23,600325,5.310692721762258,5.30319174334169,5.333195657023963
2017-11-24,2017-11-23,600386,5.308667935129137,5.308667935129137,5.308667935129137
2017-11-24,2017-11-23,600546,2.884736932543174,2.912080410576759,2.891572802051571
2017-11-24,2017-11-23,600679,18.42763291149922,18.54550689600774,18.64373521643151
2017-11-24,2017-11-23,600722,6.75,6.67,6.73
2017-11-24,2017-11-23,600802,5.688585136907479,5.592710106510162,5.680595551041036
2017-11-24,2017-11-23,600879,7.617143823100633,7.578330351390566,7.617143823100633
2017-11-27,2017-11-24,000338,6.620950688422041,6.496321028404685,6.434006198396007
2017-11-27,2017-11-24,000591,5.420574158900476,5.388018157946119,5.388018157946119
2017-11-27,2017-11-24,002065,9.362698412698412,9.263095238095239,9.283015873015874
2017-11-27,2017-11-24,002171,6.453751599183011,6.480982618588847,6.480982618588847
2017-11-27,2017-11-24,002210,12.44457420984904,12.46451743774944,12.33488645639684
2017-11-27,2017-11-24,002370,14.16110116999312,14.03154852030282,14.09134205092911
2017-11-27,2017-11-24,002599,7.162336449845502,7.191451638666011,7.179805563137807
2017-11-27,2017-11-24,002620,10.07344610508562,10.04402026446707,10.03421165092755
2017-11-27,2017-11-24,002649,10.18134660304048,10.12850224350913,10.30465010861364
2017-11-27,2017-11-24,002726,8.342596755620587,8.402186732446449,8.327699261414123
2017-11-27,2017-11-24,002742,20.37794777942826,20.42660572541543,20.37794777942826
2017-11-27,2017-11-24,002763,10.34001404615649,10.28130566264389,10.39138388173001
2017-11-27,2017-11-24,300099,5.586779180585135,5.534073716617351,5.551642204606612
2017-11-27,2017-11-24,300174,27.21596556271736,26.81196317746341,27.46230848055513
2017-11-27,2017-11-24,300196,12.27103673197892,12.3781648304327,12.30025348610268
2017-11-27,2017-11-24,300210,6.381757720122711,6.361814727247327,6.351843230809636
2017-11-27,2017-11-24,300230,5.721959022609337,5.717442874998753,5.730991317830503
2017-11-27,2017-11-24,300260,,,
2017-11-27,2017-11-24,300275,8.283673689218777,8.296000584589638,8.456250224410836
2017-11-27,2017-11-24,300279,11.94736841896124,12.02701754175432,11.89758771721557
2017-11-27,2017-11-24,300285,,,
2017-11-27,2017-11-24,300382,7.180884108475148,7.122064579941562,7.180884108475148
2017-11-27,2017-11-24,300402,12.11153672004926,11.98833642477489,11.98833642477489
2017-11-27,2017-11-24,300424,22.13227513377895,22.14224911986897,22.06245723114873
2017-11-27,2017-11-24,300519,17.98015658279366,17.97159867866096,17.88601963733401
2017-11-27,2017-11-24,300522,7.989030812914654,7.823982703812682,7.841541013291614
2017-11-27,2017-11-24,600201,20.21483529723554,19.92248670916265,19.85831262885396
2017-11-27,2017-11-24,600386,5.299370793386354,5.280776509900787,5.31796507687192
2017-11-27,2017-11-24,600420,12.5,12.52,12.47
2017-11-27,2017-11-24,600679,18.52586123192298,18.51603839988061,18.32940459107544
2017-11-27,2017-11-24,600698,6.89,6.82,6.84
2017-11-27,2017-11-24,600722,6.69,6.69,6.83
2017-11-27,2017-11-24,600879,7.636550558955666,7.588033719318083,7.588033719318083
2017-11-27,2017-11-24,603077,2.077079034765354,2.067418202045516,2.067418202045516
2017-11-28,2017-11-27,000338,6.32495524588082,6.332744599631906,6.395059429640584
2017-11-28,2017-11-27,000591,5.168265151504207,5.208960152697155,5.176404151742798
2017-11-28,2017-11-27,002065,9.302936507936508,9.392579365079365,9.402539682539683
2017-11-28,2017-11-27,002171,6.480982618588847,6.471905612120235,6.499136631526071
2017-11-28,2017-11-27,002210,12.38474452614784,12.25511354479525,12.31494322849645
2017-11-28,2017-11-27,002370,14.11127322780454,14.03154852030282,13.97175498967653
2017-11-28,2017-11-27,002599,7.255505054071135,7.302089356183949,7.24385897854293
2017-11-28,2017-11-27,002620,9.985168583229957,10.06363749154611,10.1126805592437
2017-11-28,2017-11-27,002649,10.13730963676436,10.00519873793597,9.934739591894171
2017-11-28,2017-11-27,002726,8.342596755620587,8.275558031691494,8.253211790381796
2017-11-28,2017-11-27,002742,20.39741095782313,20.30982665504622,20.68935863374617
2017-11-28,2017-11-27,002763,10.37670678585186,10.42807662142539,10.45743081318169
2017-11-28,2017-11-27,300099,5.577994936590503,5.604347668574396,5.604347668574396
2017-11-28,2017-11-27,300174,27.09772096215523,26.67401114347425,26.82181689417692
2017-11-28,2017-11-27,300196,12.08599728919511,12.12495296136012,12.16390863352513
2017-11-28,2017-11-27,300210,6.311957245058869,6.351843230809636,6.361814727247327
2017-11-28,2017-11-27,300230,5.735507465441087,5.744539760662255,5.744539760662255
2017-11-28,2017-11-27,300260,,,
2017-11-28,2017-11-27,300275,8.289837136904207,8.314490927645931,8.363798509129376
2017-11-28,2017-11-27,300279,12.10666666454739,11.89758771721557,11.95732455931038
2017-11-28,2017-11-27,300285,,,
2017-11-28,2017-11-27,300382,7.175982481097349,7.151474344208355,7.146572716830557
2017-11-28,2017-11-27,300402,11.68507415948414,11.77036667159717,11.72298194264549
2017-11-28,2017-11-27,300424,22.07243121723876,22.04250925896867,22.17217107813907
2017-11-28,2017-11-27,300519,17.45812443069922,17.41533491003575,17.47524023896462
2017-11-28,2017-11-27,300522,7.802912732437961,7.862610984666335,7.852075998978974
2017-11-28,2017-11-27,600201,20.1150089500887,19.90109534905975,19.91535625579501
2017-11-28,2017-11-27,600386,5.224993659444089,5.262182226415221,5.262182226415221
2017-11-28,2017-11-27,600420,12.51,12.51,12.46
2017-11-28,2017-11-27,600679,17.9659598055075,18.08383379001602,18.05436529388889
2017-11-28,2017-11-27,600698,6.93,6.96,6.94
2017-11-28,2017-11-27,600722,6.71,6.75,6.74
2017-11-28,2017-11-27,600879,7.588033719318083,7.617143823100633,7.655957294810699
2017-11-28,2017-11-27,603077,2.086739867485194,2.067418202045516,2.077079034765354
2017-11-29,2017-11-28,000338,6.379480722138413,6.387270075889498,6.34053395338299
2017-11-29,2017-11-28,000591,5.233377153412922,5.225238153174333,5.176404151742798
2017-11-29,2017-11-28,002065,9.571865079365079,9.502142857142857,9.462301587301587
2017-11-29,2017-11-28,002171,6.54452166386913,6.535444657400518,6.517290644463293
2017-11-29,2017-11-28,002210,12.44457420984904,12.41465936799844,12.47448905169964
2017-11-29,2017-11-28,002370,14.07141087405368,14.12123881624226,14.0813764624914
2017-11-29,2017-11-28,002599,7.27297416736344,7.249682016307031,7.296266318419848
2017-11-29,2017-11-28,002620,10.21076669463889,10.19114946755985,10.19114946755985
2017-11-29,2017-11-28,002649,10.38391664791066,10.32226489512409,10.21657617606138
2017-11-29,2017-11-28,002726,8.305353020104425,8.260660537485029,8.29045552589796
2017-11-29,2017-11-28,002742,21.55547007231786,21.47761735873838,21.39003305596147
2017-11-29,2017-11-28,002763,10.53815484051151,10.53081629257244,10.52347774463336
2017-11-29,2017-11-28,300099,5.674621620531441,5.657053132542181,5.630700400558289
2017-11-29,2017-11-28,300174,26.59518140976617,26.20103274122573,26.17147159108519
2017-11-29,2017-11-28,300196,12.16390863352513,12.10547512527761,12.19312538764889
2017-11-29,2017-11-28,300210,6.371786223685019,6.371786223685019,6.401700712998094
2017-11-29,2017-11-28,300230,5.816798122431591,5.794217384378673,5.807765827210424
2017-11-29,2017-11-28,300260,,,
2017-11-29,2017-11-28,300275,8.554865387377726,8.499394358208848,8.400779195241959
2017-11-29,2017-11-28,300279,12.21618420838787,12.04692982245258,11.99714912070691
2017-11-29,2017-11-28,300285,,,
2017-11-29,2017-11-28,300382,7.156375971586154,7.092654815674771,7.087753188296972
2017-11-29,2017-11-28,300402,11.8840900210812,11.90304391266187,11.98833642477489
2017-11-29,2017-11-28,300424,22.38162478602973,22.3417288416696,22.49133863302006
2017-11-29,2017-11-28,300519,17.5009139513627,17.5094718554954,17.41533491003575
2017-11-29,2017-11-28,300522,7.901239265519988,7.866122646562121,7.880169294145269
2017-11-29,2017-11-28,600201,20.04370441641238,19.93674761589791,19.87970398895686
2017-11-29,2017-11-28,600386,5.262182226415221,5.243587942929655,5.224993659444089
2017-11-29,2017-11-28,600420,12.56,12.68,12.92
2017-11-29,2017-11-28,600679,18.07401095797364,18.17223927839741,18.07401095797364
2017-11-29,2017-11-28,600698,6.99,6.98,7.27
2017-11-29,2017-11-28,600722,6.81,6.78,6.75
2017-11-29,2017-11-28,600879,7.7141775023758,7.704474134448284,7.665660662738216
2017-11-29,2017-11-28,603077,2.086739867485194,2.077079034765354,2.067418202045516
2017-11-30,2017-11-29,000338,6.441795552147092,6.418427490893838,6.449584905898176
2017-11-30,2017-11-29,000591,5.086875149118315,5.111292149834083,5.095014149356904
2017-11-30,2017-11-29,002065,9.551944444444445,9.591785714285715,9.581825396825396
2017-11-30,2017-11-29,002171,6.626214722086636,6.5989837026808,6.64436873502386
2017-11-30,2017-11-29,002210,12.56423357725143,12.51437550750044,12.57420519120163
2017-11-30,2017-11-29,002370,14.13120440467997,14.07141087405368,14.01161734342739
2017-11-30,2017-11-29,002599,7.290443280655746,7.24385897854293,7.290443280655746
2017-11-30,2017-11-29,002620,10.17153224048081,10.15191501340177,10.20095808109937
2017-11-30,2017-11-29,002649,10.28703532210318,10.14611703001958,10.11088745699868
2017-11-30,2017-11-29,002726,8.223416801968865,8.163826825143005,8.171275572246238
2017-11-30,2017-11-29,002742,21.20513286121021,21.24405921799994,21.1175485584333
2017-11-30,2017-11-29,002763,10.44275371730354,10.42073807348631,10.42807662142539
2017-11-30,2017-11-29,300099,5.744895572488487,5.718542840504595,5.727327084499226
2017-11-30,2017-11-29,300174,26.31927734178786,26.17147159108519,26.13205672423115
2017-11-30,2017-11-29,300196,12.17364755156638,12.19312538764889,12.08599728919511
2017-11-30,2017-11-29,300210,6.421643705873478,6.381757720122711,6.391729216560403
2017-11-30,2017-11-29,300230,5.848411155705675,5.870991893758593,5.889056484200927
2017-11-30,2017-11-29,300260,,,
2017-11-30,2017-11-29,300275,8.437759881354543,8.413106090612821,8.425432985983681
2017-11-30,2017-11-29,300279,12.12657894524566,12.02701754175432,11.95732455931038
2017-11-30,2017-11-29,300285,,,
2017-11-30,2017-11-29,300382,7.126966207319361,7.13676946207496,7.102458070430368
2017-11-30,2017-11-29,300402,12.24421396111396,12.1494445032106,12.18735228637194
2017-11-30,2017-11-29,300424,22.41154674429982,22.3417288416696,22.45144268865994
2017-11-30,2017-11-29,300519,17.03022922406443,17.03022922406443,17.03878712819713
2017-11-30,2017-11-29,300522,7.925820898790494,7.764284451584308,7.767796113480095
2017-11-30,2017-11-29,600201,19.97239988273607,19.87970398895686,19.81552990864817
2017-11-30,2017-11-29,600386,5.206399375958522,5.159913667244607,5.159913667244607
2017-11-30,2017-11-29,600420,12.82,12.83,12.82
2017-11-30,2017-11-29,600679,18.80090052910954,18.58479822417725,18.71249504072815
2017-11-30,2017-11-29,600698,7.22,7.14,7.16
2017-11-30,2017-11-29,600722,6.98,7.38,7.26
2017-11-30,2017-11-29,600879,7.675364030665733,7.704474134448284,7.752990974085867
2017-11-30,2017-11-29,603077,2.067418202045516,2.067418202045516,2.057757369325677
2017-12-01,2017-11-30,000338,6.34053395338299,6.332744599631906,6.32495524588082
2017-12-01,2017-11-30,000591,5.046180147925369,5.046180147925369,5.062458148402547
2017-12-01,2017-11-30,002065,9.442380952380953,9.332817460317459,9.263095238095239
2017-12-01,2017-11-30,002171,6.490059625057459,6.499136631526071,6.444674592714399
2017-12-01,2017-11-30,002210,12.69386455860403,12.75369424230523,12.65397810280323
2017-12-01,2017-11-30,002370,14.07141087405368,13.92192704748796,13.99168616655196
2017-12-01,2017-11-30,002599,7.220566827486522,7.144867336553195,7.203097714194215
2017-12-01,2017-11-30,002620,10.09306333216466,10.12248917278322,10.09306333216466
2017-12-01,2017-11-30,002649,10.084465277233,10.1196948502539,10.09327267048823
2017-12-01,2017-11-30,002726,8.111685595420376,8.134031836730074,8.09678810121391
2017-12-01,2017-11-30,002742,21.02023266645895,21.43869100194864,21.21486445040764
2017-12-01,2017-11-30,002763,10.50146210081614,10.49412355287706,10.45743081318169
2017-12-01,2017-11-30,300099,5.692190108520704,5.674621620531441,5.683405864526073
2017-12-01,2017-11-30,300174,27.00903751173363,26.84152432760394,26.94991521145256
2017-12-01,2017-11-30,300196,12.04704161703009,12.05678053507135,11.94965243661756
2017-12-01,2017-11-30,300210,6.441586698748861,6.481472684499629,6.481472684499629
2017-12-01,2017-11-30,300230,5.852927303316259,5.88002418897976,5.875508041369176
2017-12-01,2017-11-30,300260,,,
2017-12-01,2017-11-30,300275,8.357635061443945,8.382288852185667,8.3083274799605
2017-12-01,2017-11-30,300279,12.08675438384912,12.05688596280172,11.96728069965951
2017-12-01,2017-11-30,300285,,,
2017-12-01,2017-11-30,300382,7.082851560919173,7.073048306163575,7.102458070430368
2017-12-01,2017-11-30,300402,12.1494445032106,12.1494445032106,11.97885947898456
2017-12-01,2017-11-30,300424,21.97269135633845,22.01258730069857,21.99263932851851
2017-12-01,2017-11-30,300519,17.08157664886061,17.21850311498374,17.08157664886061
2017-12-01,2017-11-30,300522,7.753749465896948,7.876657632249481,7.809936056229534
2017-12-01,2017-11-30,600201,19.47326814700185,19.58735540088396,19.52318132057528
2017-12-01,2017-11-30,600386,5.141319383759042,5.150616525501825,5.150616525501825
2017-12-01,2017-11-30,600420,12.63,12.69,12.74
2017-12-01,2017-11-30,600679,18.79107769706716,18.95806584178757,18.84019185727905
2017-12-01,2017-11-30,600698,7.11,7.11,7.08
2017-12-01,2017-11-30,600722,7.2,7.06,7.13
2017-12-01,2017-11-30,600879,7.704474134448284,7.675364030665733,7.636550558955666
2017-12-01,2017-11-30,603077,2.038435703885999,2.038435703885999,2.02877487116616
2017-12-04,2017-12-01,000049,24.24067404993198,24.20080452024458,23.98436993051305
2017-12-04,2017-12-01,000338,6.363902014636245,6.32495524588082,6.278219123374313
2017-12-04,2017-12-01,000619,8.219573168727925,8.239451217503566,8.229512193115745
2017-12-04,2017-12-01,000672,6.837008936270047,7.091380412120385,7.116197141471638
2017-12-04,2017-12-01,000877,9.188597360331647,9.180341657402327,9.378478527705974
2017-12-04,2017-12-01,000928,4.837347345890476,4.806971538380959,4.799377586503581
2017-12-04,2017-12-01,002105,6.350594675634405,6.313510911105153,6.378407499031344
2017-12-04,2017-12-01,002171,6.453751599183011,6.444674592714399,6.471905612120235
2017-12-04,2017-12-01,002206,5.471169761213186,5.489108022725361,5.489108022725361
2017-12-04,2017-12-01,002366,27.64537334798245,27.49780018064446,27.7732700930087
2017-12-04,2017-12-01,002370,14.07141087405368,14.10130763936683,14.94838265657261
2017-12-04,2017-12-01,002517,16.25335319834566,16.58370590562911,17.04619969582593
2017-12-04,2017-12-01,002537,9.726968048874555,9.647967293147655,9.677592576545244
2017-12-04,2017-12-01,002545,7.487817525816133,,
2017-12-04,2017-12-01,002589,12.7385691731083,12.69964306409956,12.68018000959519
2017-12-04,2017-12-01,002643,10.38324989358405,10.40116749478092,10.47283789956838
2017-12-04,2017-12-01,002703,9.177166114175893,9.157302118257764,9.038118142748985
2017-12-04,2017-12-01,002726,8.186173066452703,8.126583089626841,8.17872431934947
2017-12-04,2017-12-01,002742,21.33164352077686,21.16620650442047,20.53365320658721
2017-12-04,2017-12-01,002763,10.50146210081614,10.43541516936446,10.40606097760816
2017-12-04,2017-12-01,002777,14.07038072966616,13.91444300631948,13.88645418418033
2017-12-04,2017-12-01,300037,10.58282459170063,10.53040842235095,10.51468357154605
2017-12-04,2017-12-01,300196,12.3781648304327,12.45607617476272,12.30999240414393
2017-12-04,2017-12-01,300260,,,
2017-12-04,2017-12-01,300275,8.505557805894281,8.493230910523417,8.456250224410836
2017-12-04,2017-12-01,300285,,,
2017-12-04,2017-12-01,300382,7.122064579941562,7.146572716830557,7.09755644305257
2017-12-04,2017-12-01,300457,18.11820447902292,18.14398634238688,17.98284969636213
2017-12-04,2017-12-01,300522,7.901239265519988,7.862610984666335,7.855587660874762
2017-12-04,2017-12-01,600386,5.159913667244607,5.16921080898739,5.132022242016258
2017-12-04,2017-12-01,600425,3.734613580971748,3.715362995502821,3.715362995502821
2017-12-04,2017-12-01,600679,18.80090052910954,18.59462105621962,18.65355804847388
2017-12-04,2017-12-01,600698,7.15,7.13,7.16
2017-12-04,2017-12-01,600793,17.39285714285715,16.95,16.89285714285715
2017-12-04,2017-12-01,600988,5.433374803910472,5.374423178551587,5.394073720337882
2017-12-05,2017-12-04,000049,23.60845722203196,23.40910957359502,23.35215310261304
2017-12-05,2017-12-04,000338,6.060117218343939,5.966644973330922,5.997802388335261
2017-12-05,2017-12-04,000619,8.229512193115745,8.189756095564462,8.309024388218313
2017-12-05,2017-12-04,000672,6.756354565878477,6.793579659905355,6.688108560162532
2017-12-05,2017-12-04,000877,9.122551736897098,9.081273222250504,8.949181975381405
2017-12-05,2017-12-04,000928,4.822159442135717,4.753813875239306,4.799377586503581
2017-12-05,2017-12-04,002105,6.230072440914336,6.211530558649711,6.211530558649711
2017-12-05,2017-12-04,002171,6.517290644463293,6.508213637994682,6.480982618588847
2017-12-05,2017-12-04,002206,5.480138891969275,5.498077153481448,5.462200630457099
2017-12-05,2017-12-04,002366,27.60602050335899,27.94051968265842,27.35022701330648
2017-12-05,2017-12-04,002370,14.82879559532003,14.92845147969718,15.14769442532691
2017-12-05,2017-12-04,002517,17.31048186165269,17.07923496655428,17.30387480750702
2017-12-05,2017-12-04,002537,9.410965025966956,9.401089931501092,9.401089931501092
2017-12-05,2017-12-04,002545,,,
2017-12-05,2017-12-04,002589,12.52447557356026,12.50501251905589,12.42716030103842
2017-12-05,2017-12-04,002643,10.70576671512765,10.68784911393078,10.68784911393078
2017-12-05,2017-12-04,002703,8.998390150912728,9.028186144789922,8.998390150912728
2017-12-05,2017-12-04,002726,8.059544365697747,8.09678810121391,8.044646871491281
2017-12-05,2017-12-04,002742,21.29271716398712,21.3997646451589,21.43869100194864
2017-12-05,2017-12-04,002763,10.39872242966909,10.38404533379094,10.42073807348631
2017-12-05,2017-12-04,002777,13.99441106957419,14.01040468222513,13.95442703794683
2017-12-05,2017-12-04,300037,10.32074374495223,10.27356919253751,10.24736110786267
2017-12-05,2017-12-04,300196,12.39764266651521,12.35868699435019,12.33920915826769
2017-12-05,2017-12-04,300260,,,
2017-12-05,2017-12-04,300275,8.104933706341289,8.111097154026719,8.22203921236447
2017-12-05,2017-12-04,300285,,,
2017-12-05,2017-12-04,300382,7.195588990608544,7.215195500119739,7.175982481097349
2017-12-05,2017-12-04,300457,17.71858559688154,17.46721242908293,17.51877615581085
2017-12-05,2017-12-04,300522,7.658934594710708,7.725656170730655,7.736191156418015
2017-12-05,2017-12-04,600386,5.076239391559559,5.066942249816776,5.076239391559559
2017-12-05,2017-12-04,600425,3.638360653627115,3.657611239096041,3.647985946361578
2017-12-05,2017-12-04,600679,19.23310513897412,18.99735716995708,19.05629416221134
2017-12-05,2017-12-04,600698,6.93,7.03,7.11
2017-12-05,2017-12-04,600793,16.91428571428572,16.77142857142858,16.70714285714286
2017-12-05,2017-12-04,600988,5.335122094978998,5.344947365872146,5.344947365872146
2017-12-06,2017-12-05,000049,22.83954486377519,23.11863157158691,23.19267498386349
2017-12-06,2017-12-05,000338,6.021170449588515,6.036749157090685,6.052327864592854
2017-12-06,2017-12-05,000619,8.149999998013177,8.149999998013177,8.159939022401
2017-12-06,2017-12-05,000672,6.874234030296926,6.700516924838159,6.700516924838159
2017-12-06,2017-12-05,000877,9.213364469119602,9.073017519321185,9.006971895886636
2017-12-06,2017-12-05,000928,4.601934837691724,4.609528789569104,4.624716693323861
2017-12-06,2017-12-05,002105,5.849963854489503,5.887047619018755,5.914860442415694
2017-12-06,2017-12-05,002171,6.29944248921661,6.244980450404939,6.281288476279387
2017-12-06,2017-12-05,002206,5.444262368944925,5.408385845920576,5.381478453652315
2017-12-06,2017-12-05,002366,26.02206850726462,,
2017-12-06,2017-12-05,002370,14.86865794907089,14.77896765313145,14.77896765313145
2017-12-06,2017-12-05,002517,17.33691007823537,17.14530550801097,17.19155488703065
2017-12-06,2017-12-05,002537,9.183837853252118,9.134462380922805,9.223338231115568
2017-12-06,2017-12-05,002545,,,
2017-12-06,2017-12-05,002589,12.13521448347292,12.25199281049912,12.24226128324693
2017-12-06,2017-12-05,002643,10.50867310196212,10.52659070315898,10.57138470615115
2017-12-06,2017-12-05,002703,8.561382240713874,8.491858255000421,8.561382240713874
2017-12-06,2017-12-05,002726,8.044646871491281,8.037198124388048,8.022300630181583
2017-12-06,2017-12-05,002742,20.79640611491795,20.48499526060004,20.2222423522693
2017-12-06,2017-12-05,002763,10.48678500493799,10.28864421058297,10.34735259409556
2017-12-06,2017-12-05,002777,12.89485019982193,13.150748002237,12.88685339349646
2017-12-06,2017-12-05,300037,9.812306902260319,9.885689539349872,9.938105708699556
2017-12-06,2017-12-05,300196,12.18338646960764,12.0665194531126,12.28077565002017
2017-12-06,2017-12-05,300260,,,
2017-12-06,2017-12-05,300275,8.215875764679041,8.154241287824734,8.228202660049901
2017-12-06,2017-12-05,300285,,,
2017-12-06,2017-12-05,300382,7.09755644305257,7.009327150252193,6.876983211051626
2017-12-06,2017-12-05,300457,16.81622037914294,16.86778410587086,16.95157516180373
2017-12-06,2017-12-05,300522,7.304256743236256,7.314791728923615,7.342885024089909
2017-12-06,2017-12-05,600386,4.862405131475549,4.880999414961115,4.871702273218332
2017-12-06,2017-12-05,600425,3.532482433548019,3.513231848079092,3.532482433548019
2017-12-06,2017-12-05,600679,18.89912884953331,18.95806584178757,18.90895168157569
2017-12-06,2017-12-05,600698,6.9,6.74,6.71
2017-12-06,2017-12-05,600793,16.35714285714286,16.48571428571429,16.62857142857143
2017-12-06,2017-12-05,600988,5.187743031581789,5.089490322650315,5.128791406222904
2017-12-07,2017-12-06,000049,23.32367486712205,23.50023992716619,23.35215310261304
2017-12-07,2017-12-06,000338,5.951066265828752,6.01338109583743,5.997802388335261
2017-12-07,2017-12-06,000619,8.130121949237536,8.259329266279209,8.159939022401
2017-12-07,2017-12-06,000672,7.010726041728815,6.917663306661618,6.8618256656213
2017-12-07,2017-12-06,000877,9.04825041053323,9.122551736897098,9.064761816391867
2017-12-07,2017-12-06,000928,4.662686452710757,4.662686452710757,4.655092500833377
2017-12-07,2017-12-06,002105,5.998298912606511,5.989027971474199,6.063195500532703
2017-12-07,2017-12-06,002171,6.272211469810775,6.217749430999103,6.263134463342163
2017-12-07,2017-12-06,002206,5.372509322896228,5.399416715164489,5.399416715164489
2017-12-07,2017-12-06,002366,,,
2017-12-07,2017-12-06,002370,14.76900206469374,14.77896765313145,14.94838265657261
2017-12-07,2017-12-06,002517,17.47565821529441,17.57476402747945,17.83243913916054
2017-12-07,2017-12-06,002537,9.243088420047293,9.223338231115568,9.233213325581431
2017-12-07,2017-12-06,002545,,,
2017-12-07,2017-12-06,002589,12.30065044676004,12.30065044676004,12.29091891950785
2017-12-07,2017-12-06,002643,10.70576671512765,10.63409631034018,10.72368431632451
2017-12-07,2017-12-06,002703,8.581246236632005,8.541518244795745,8.630906226427328
2017-12-07,2017-12-06,002726,8.037198124388048,8.037198124388048,8.081890607007445
2017-12-07,2017-12-06,002742,19.93029467634626,19.78432083838474,19.91083149795139
2017-12-07,2017-12-06,002763,10.37670678585186,10.37670678585186,10.32533695027834
2017-12-07,2017-12-06,002777,13.19473043702709,13.2067256465153,13.37066017618745
2017-12-07,2017-12-06,300037,10.01672996272408,9.959072176439427,9.948588942569492
2017-12-07,2017-12-06,300196,12.36842591239145,12.33920915826769,12.49503184692774
2017-12-07,2017-12-06,300260,,,
2017-12-07,2017-12-06,300275,8.172731630881025,8.246693003106193,8.339144718387653
2017-12-07,2017-12-06,300285,,,
2017-12-07,2017-12-06,300382,7.028933659763387,6.984819013363198,6.852475074162633
2017-12-07,2017-12-06,300457,17.13849367119244,17.08048447862353,16.91934783259878
2017-12-07,2017-12-06,300522,7.427164909588789,7.406094938214069,7.669469580398069
2017-12-07,2017-12-06,600386,4.973970832388946,4.964673690646163,4.983267974131729
2017-12-07,2017-12-06,600425,3.542107726282482,3.532482433548019,3.542107726282482
2017-12-07,2017-12-06,600679,19.04647133016897,19.30186496327076,19.15452248263511
2017-12-07,2017-12-06,600698,6.88,6.82,6.96
2017-12-07,2017-12-06,600793,16.55,16.27142857142858,16.32857142857143
2017-12-07,2017-12-06,600988,5.187743031581789,5.138616677116052,5.197568302474936
2017-12-08,2017-12-07,000049,23.29519663163105,23.44897910328241,23.40910957359502
2017-12-08,2017-12-07,000338,5.912119497073329,5.919908850824413,5.873172728317905
2017-12-08,2017-12-07,000619,8.100304876074075,8.090365851686254,8.100304876074075
2017-12-08,2017-12-07,000672,6.644679283797841,6.719129471851598,6.675700195486907
2017-12-08,2017-12-07,000877,8.734533699219121,8.759300808007076,8.67674377871389
2017-12-08,2017-12-07,000928,4.685468308342894,4.685468308342894,4.670280404588136
2017-12-08,2017-12-07,002105,6.035382677135764,6.072466441665015,6.053924559400389
2017-12-08,2017-12-07,002171,6.308519495685222,6.263134463342163,6.254057456873551
2017-12-08,2017-12-07,002206,5.345601930627966,5.345601930627966,5.345601930627966
2017-12-08,2017-12-07,002366,,,
2017-12-08,2017-12-07,002370,15.2074879559532,15.24735030970406,15.23738472126634
2017-12-08,2017-12-07,002517,17.56154991918811,17.29066069921569,17.41619472798339
2017-12-08,2017-12-07,002537,9.322089175774193,9.39121483703523,9.529466159557305
2017-12-08,2017-12-07,002545,,,
2017-12-08,2017-12-07,002589,12.2617243377513,12.34930808302095,12.34930808302095
2017-12-08,2017-12-07,002643,10.59826110794645,10.62513750974175,10.61617870914331
2017-12-08,2017-12-07,002703,8.601110232550134,8.57131423867294,8.640838224386393
2017-12-08,2017-12-07,002726,8.044646871491281,8.089339354110678,8.044646871491281
2017-12-08,2017-12-07,002742,19.94002626554369,20.09573169270265,19.79405242758218
2017-12-08,2017-12-07,002763,10.28130566264389,10.27396711470482,10.31065985440019
2017-12-08,2017-12-07,002777,13.26670169395633,13.25870488763086,13.34666975721104
2017-12-08,2017-12-07,300037,9.959072176439427,9.990521878049236,9.985280261114267
2017-12-08,2017-12-07,300196,12.70928804383531,12.73850479795906,12.75798263404157
2017-12-08,2017-12-07,300260,,,
2017-12-08,2017-12-07,300275,8.363798509129376,8.351471613758514,8.388452299871098
2017-12-08,2017-12-07,300285,,,
2017-12-08,2017-12-07,300382,6.803458800384646,6.847573446784834,6.803458800384646
2017-12-08,2017-12-07,300457,16.71953839152809,16.87422957171185,16.88712050339383
2017-12-08,2017-12-07,300522,7.462281528546655,7.381513304943562,7.514956456983454
2017-12-08,2017-12-07,600386,4.983267974131729,4.95537654890338,4.973970832388946
2017-12-08,2017-12-07,600425,3.570983604485872,3.590234189954798,3.599859482689262
2017-12-08,2017-12-07,600679,19.39027045165216,19.30186496327076,19.25275080305888
2017-12-08,2017-12-07,600698,7.15,7.09,7.05
2017-12-08,2017-12-07,600793,16.25,16.24285714285714,16.25
2017-12-08,2017-12-07,600988,5.462850616589913,5.384248449444735,5.335122094978998
2017-12-11,2017-12-08,000049,23.95019604792386,24.02993510729863,24.1609349905572
2017-12-11,2017-12-08,000338,5.974434327082006,5.966644973330922,5.982223680833092
2017-12-11,2017-12-08,000591,4.728759138620385,4.736898138858975,4.736898138858975
2017-12-11,2017-12-08,000816,3.4,3.4,3.42
2017-12-11,2017-12-08,002065,9.083809523809522,9.233214285714286,9.302936507936508
2017-12-11,2017-12-08,002169,5.028878920122405,5.019133030742323,5.038624809502487
2017-12-11,2017-12-08,002171,6.308519495685222,6.308519495685222,6.29944248921661
2017-12-11,2017-12-08,002210,12.71380778650443,12.68389294465383,12.75369424230523
2017-12-11,2017-12-08,002350,7.42870439604539,7.459786841217127,7.382080728287783
2017-12-11,2017-12-08,002366,,,
2017-12-11,2017-12-08,002370,15.13772883688919,14.95834824501032,14.96831383344804
2017-12-11,2017-12-08,002456,22.30065616773831,22.17123271676483,22.34047876803785
2017-12-11,2017-12-08,002517,17.60119224406213,17.59458518991645,17.68708394795582
2017-12-11,2017-12-08,002545,,,
2017-12-11,2017-12-08,002649,9.925932198638947,10.19896138955093,10.26061314233751
2017-12-11,2017-12-08,002651,6.890982333304184,6.890982333304184,6.900687942224332
2017-12-11,2017-12-08,002703,8.680566216222653,8.89907017132208,8.85934217948582
2017-12-11,2017-12-08,002763,10.33267549821742,10.31799840233927,10.29598275852204
2017-12-11,2017-12-08,002777,13.36666177302472,13.84247174939024,13.95842544110956
2017-12-11,2017-12-08,300012,4.635188588422006,4.674221755482401,4.654705171952203
2017-12-11,2017-12-08,300196,12.70928804383531,12.66059345362904,12.70928804383531
2017-12-11,2017-12-08,300260,,,
2017-12-11,2017-12-08,300275,8.493230910523417,8.468577119781695,8.517884701265141
2017-12-11,2017-12-08,300285,,,
2017-12-11,2017-12-08,300457,17.10626634198749,17.09337541030551,17.31252124889917
2017-12-11,2017-12-08,300471,12.6811541068091,12.61142270166561,12.55165292582834
2017-12-11,2017-12-08,300507,6.751382228422725,6.851351042411078,6.839726761714759
2017-12-11,2017-12-08,300536,9.037716077435762,8.958784059292219,8.95314605799625
2017-12-11,2017-12-08,300542,8.723815127546446,8.876401197722165,8.767830340097134
2017-12-11,2017-12-08,600137,28.09582273224855,27.38581999172242,27.38581999172242
2017-12-11,2017-12-08,600148,24.46302715940144,24.29942705644714,24.23206230817184
2017-12-11,2017-12-08,600202,7.178773783442837,7.158942916637746,7.218435517053019
2017-12-11,2017-12-08,600386,5.001862257617295,4.983267974131729,4.973970832388946
2017-12-11,2017-12-08,600420,12.07,12.14,12.22
2017-12-11,2017-12-08,600698,7.12,7.13,7.12
2017-12-11,2017-12-08,601009,5.47071753274144,5.44360121287655,5.402926733079216
2017-12-12,2017-12-11,000049,24.75328228876982,24.53115205194009,24.46280428676171
2017-12-12,2017-12-11,000338,6.083485279597193,6.075695925846108,6.036749157090685
2017-12-12,2017-12-11,000591,4.842705141960636,4.834566141722046,4.818288141244867
2017-12-12,2017-12-11,000816,3.42,3.47,3.47
2017-12-12,2017-12-11,002065,9.263095238095239,9.173452380952382,9.143571428571429
2017-12-12,2017-12-11,002169,5.067862477642734,5.097100145782981,5.087354256402898
2017-12-12,2017-12-11,002171,6.462828605651623,6.462828605651623,6.54452166386913
2017-12-12,2017-12-11,002210,12.76366585625543,12.73375101440483,12.73375101440483
2017-12-12,2017-12-11,002350,7.405392562166586,7.35876889440898,7.397621950873652
2017-12-12,2017-12-11,002366,,,
2017-12-12,2017-12-11,002370,15.08790089470062,14.93841706813489,14.8786235375086
2017-12-12,2017-12-11,002456,22.94777342260572,22.94777342260572,22.87808387208154
2017-12-12,2017-12-11,002517,17.4360158904204,17.36333829481804,17.46905116114875
2017-12-12,2017-12-11,002545,,,
2017-12-12,2017-12-11,002649,10.61290887254652,10.47199058046292,10.54244972650472
2017-12-12,2017-12-11,002651,6.949215986825065,6.939510377904918,6.910393551144479
2017-12-12,2017-12-11,002703,8.789818193772366,8.769954197854236,8.769954197854236
2017-12-12,2017-12-11,002763,10.36202968997371,10.34001404615649,10.34001404615649
2017-12-12,2017-12-11,002777,13.4106442078148,13.40264740148934,13.49061227106952
2017-12-12,2017-12-11,300012,4.723013214307896,4.674221755482401,4.664463463717302
2017-12-12,2017-12-11,300196,12.84563289641285,12.73850479795906,12.79693830620658
2017-12-12,2017-12-11,300260,,,
2017-12-12,2017-12-11,300275,8.659643998030045,8.591846073490307,8.585682625804878
2017-12-12,2017-12-11,300285,,,
2017-12-12,2017-12-11,300457,17.77659478945045,17.71214013104055,17.82815851617837
2017-12-12,2017-12-11,300471,12.72100062403396,12.73096225334017,12.66123084819668
2017-12-12,2017-12-11,300507,6.867625035385927,6.82345276873991,6.80020420734727
2017-12-12,2017-12-11,300536,9.054630081323664,8.97569806318012,9.003888069659958
2017-12-12,2017-12-11,300542,8.71207773753293,8.641653397451828,8.594703837397759
2017-12-12,2017-12-11,600137,27.25672858435403,27.0815331029255,26.92477925112103
2017-12-12,2017-12-11,600148,24.46302715940144,24.48227423033724,24.25130937910764
2017-12-12,2017-12-11,600202,7.069704016014838,7.010211415599566,7.00029598219702
2017-12-12,2017-12-11,600386,5.011159399360078,5.020456541102861,5.011159399360078
2017-12-12,2017-12-11,600420,12.36,12.27,12.26
2017-12-12,2017-12-11,600698,7.14,7.11,7.1
2017-12-12,2017-12-11,601009,5.402926733079216,5.375810413214327,5.35547317331566
2017-12-13,2017-12-12,000049,24.4912825222527,24.36597828609234,24.24636969703017
2017-12-13,2017-12-12,000338,5.935487558326582,5.943276912077668,5.912119497073329
2017-12-13,2017-12-12,000591,4.78573214029051,4.777593140051922,4.720620138381796
2017-12-13,2017-12-12,000816,3.4,3.36,3.37
2017-12-13,2017-12-12,002065,9.093769841269841,9.073849206349205,9.083809523809522
2017-12-13,2017-12-12,002169,5.00938714136224,5.019133030742323,5.00938714136224
2017-12-13,2017-12-12,002171,6.517290644463293,6.462828605651623,6.635291728555248
2017-12-13,2017-12-12,002210,12.76366585625543,12.73375101440483,12.71380778650443
2017-12-13,2017-12-12,002350,7.234439113722027,7.265521558893765,7.288833392772569
2017-12-13,2017-12-12,002366,,,
2017-12-13,2017-12-12,002370,14.97827942188575,14.94838265657261,14.89855471438403
2017-12-13,2017-12-12,002456,22.47985786908621,22.20109966698948,22.33052311796296
2017-12-13,2017-12-12,002517,17.97118727621959,17.79279681428653,17.60119224406213
2017-12-13,2017-12-12,002545,,,
2017-12-13,2017-12-12,002649,10.5688719062704,10.80667152416148,10.92997502973463
2017-12-13,2017-12-12,002651,6.784220635182571,6.774515026262424,6.774515026262424
2017-12-13,2017-12-12,002703,8.640838224386393,8.630906226427328,8.581246236632005
2017-12-13,2017-12-12,002763,10.24461292294852,10.24461292294852,10.24461292294852
2017-12-13,2017-12-12,002777,13.28269530660727,13.26270329079359,13.13075598642332
2017-12-13,2017-12-12,300012,4.615672004891808,4.596155421361609,4.596155421361609
2017-12-13,2017-12-12,300196,12.62163778146403,12.52424860105149,12.543726437134
2017-12-13,2017-12-12,300260,,,
2017-12-13,2017-12-12,300275,8.363798509129376,8.394615747556529,8.376125404500236
2017-12-13,2017-12-12,300285,,,
2017-12-13,2017-12-12,300457,17.80237665281441,17.82171305033738,17.61545814342569
2017-12-13,2017-12-12,300471,12.22291915872331,12.23288078802952,12.17311101219224
2017-12-13,2017-12-12,300507,6.7141845301945,6.704885105637445,6.690935968801861
2017-12-13,2017-12-12,300536,8.761454013933358,8.806558024301097,9.065906083915598
2017-12-13,2017-12-12,300542,8.524279497316659,8.445052114725419,8.506673412296383
2017-12-13,2017-12-12,600137,25.99347695510623,26.15945162172273,25.99347695510623
2017-12-13,2017-12-12,600148,23.75088553477685,23.73163846384105,23.71239139290525
2017-12-13,2017-12-12,600202,6.792071880743568,6.782156447341023,6.712748413523205
2017-12-13,2017-12-12,600386,4.95537654890338,4.964673690646163,4.946079407160597
2017-12-13,2017-12-12,600420,12.28,12.23,12.2
2017-12-13,2017-12-12,600698,6.94,6.94,6.99
2017-12-13,2017-12-12,601009,5.328356853450771,5.341915013383216,5.314798693518326
2017-12-14,2017-12-13,000049,24.32610875640495,24.36028263899414,24.32610875640495
2017-12-14,2017-12-13,000338,5.974434327082006,6.01338109583743,5.990013034584177
2017-12-14,2017-12-13,000591,4.720620138381796,4.704342137904618,4.688064137427439
2017-12-14,2017-12-13,000816,3.38,3.39,3.41
2017-12-14,2017-12-13,002065,9.113690476190477,9.034007936507937,9.02404761904762
2017-12-14,2017-12-13,002169,5.145829592683391,5.106846035163063,5.106846035163063
2017-12-14,2017-12-13,002171,6.707907780304142,6.716984786772755,6.680676760898307
2017-12-14,2017-12-13,002210,13.46167883276939,13.3519910793172,13.3519910793172
2017-12-14,2017-12-13,002350,7.281062781479633,7.234439113722027,7.195586057257355
2017-12-14,2017-12-13,002366,,,
2017-12-14,2017-12-13,002370,14.68927735719202,14.50989676531315,14.59958706125258
2017-12-14,2017-12-13,002456,21.66349456294579,21.15575640912675,20.30952615276168
2017-12-14,2017-12-13,002517,17.80601092257786,17.82583208501487,18.03725781767628
2017-12-14,2017-12-13,002545,,,
2017-12-14,2017-12-13,002649,10.70098280509878,10.89474545671373,10.78905673765103
2017-12-14,2017-12-13,002651,6.842454288703451,6.842454288703451,6.842454288703451
2017-12-14,2017-12-13,002703,8.660702220304524,8.620974228468263,8.601110232550134
2017-12-14,2017-12-13,002763,10.31065985440019,10.27396711470482,10.33267549821742
2017-12-14,2017-12-13,002777,13.19473043702709,13.37465857935019,13.38665378883839
2017-12-14,2017-12-13,300012,4.693738339012599,4.693738339012599,4.703496630777698
2017-12-14,2017-12-13,300196,12.56320427321651,12.56320427321651,12.53398751909275
2017-12-14,2017-12-13,300260,,,
2017-12-14,2017-12-13,300275,8.480904015152557,8.468577119781695,8.456250224410836
2017-12-14,2017-12-13,300285,,,
2017-12-14,2017-12-13,300457,17.72503106272253,17.86683131122431,17.85394037954233
2017-12-14,2017-12-13,300471,12.38230522762271,12.35242033970408,12.28268893456059
2017-12-14,2017-12-13,300507,6.688611112662596,6.732783379308613,6.739757947726405
2017-12-14,2017-12-13,300536,8.941870055404316,8.936232054108348,8.913680048924478
2017-12-14,2017-12-13,300542,8.533082539826795,8.506673412296383,8.574163404874104
2017-12-14,2017-12-13,600137,26.35308873277531,26.1502308069107,26.23321814021895
2017-12-14,2017-12-13,600148,24.28980352097924,24.38603887565824,24.28980352097924
2017-12-14,2017-12-13,600202,6.801987314146114,6.792071880743568,6.821818180951204
2017-12-14,2017-12-13,600386,4.983267974131729,4.95537654890338,4.964673690646163
2017-12-14,2017-12-13,600420,12.38,12.33,12.32
2017-12-14,2017-12-13,600698,7.11,7.17,7.14
2017-12-14,2017-12-13,601009,5.335135933416993,5.314798693518326,5.341915013383216
2017-12-15,2017-12-14,000049,23.95589169502206,23.83628310595989,24.05841334278963
2017-12-15,2017-12-14,000338,5.951066265828752,5.912119497073329,5.919908850824413
2017-12-15,2017-12-14,000591,4.622952135518724,4.614813135280135,4.598535134802956
2017-12-15,2017-12-14,000816,3.42,3.4,3.4
2017-12-15,2017-12-14,002065,8.954325396825396,8.954325396825396,8.894563492063492
2017-12-15,2017-12-14,002169,5.126337813923226,5.214050818343966,5.155575482063473
2017-12-15,2017-12-14,002171,6.762369819115814,6.671599754429695,6.635291728555248
2017-12-15,2017-12-14,002210,13.50156528857019,13.50156528857019,13.56139497227139
2017-12-15,2017-12-14,002350,7.148962389499747,7.094568110449207,7.148962389499747
2017-12-15,2017-12-14,002366,,,
2017-12-15,2017-12-14,002370,14.81883000688231,14.66934618031659,14.74907088781831
2017-12-15,2017-12-14,002456,20.08054620103937,20.47877220403469,20.69779650568212
2017-12-15,2017-12-14,002517,17.79279681428653,17.86547440988888,17.83904619330621
2017-12-15,2017-12-14,002545,,,
2017-12-15,2017-12-14,002649,11.22061900715707,11.07089332181824,11.10612289483914
2017-12-15,2017-12-14,002651,6.852159897623597,6.823043070863157,6.823043070863157
2017-12-15,2017-12-14,002703,8.57131423867294,8.611042230509199,8.591178234591069
2017-12-15,2017-12-14,002763,10.33267549821742,10.31065985440019,10.28130566264389
2017-12-15,2017-12-14,002777,13.22671766232897,13.23471446865445,13.2067256465153
2017-12-15,2017-12-14,300012,4.77180467313339,4.78156296489849,4.77180467313339
2017-12-15,2017-12-14,300196,12.59242102734027,12.59242102734027,12.53398751909275
2017-12-15,2017-12-14,300260,,,
2017-12-15,2017-12-14,300275,8.487067462837988,8.456250224410836,8.41926953829825
2017-12-15,2017-12-14,300285,,,
2017-12-15,2017-12-14,300457,17.96995876468015,17.87972224290629,18.17621367159183
2017-12-15,2017-12-14,300471,12.57157618444076,12.45203663276621,12.43211337415378
2017-12-15,2017-12-14,300507,6.716509386333765,6.663037695130693,6.676986831966276
2017-12-15,2017-12-14,300536,9.206856116314782,9.12792409817124,9.071544085211565
2017-12-15,2017-12-14,300542,8.559491667357209,8.497870369786245,8.506673412296383
2017-12-15,2017-12-14,600137,26.04880184397839,25.83672310330175,25.66152762187323
2017-12-15,2017-12-14,600148,24.80947443624583,24.60738019141993,24.73248615250263
2017-12-15,2017-12-14,600202,6.762325580535933,6.712748413523205,6.70283298012066
2017-12-15,2017-12-14,600386,4.936782265417813,4.946079407160597,4.95537654890338
2017-12-15,2017-12-14,600420,12.26,12.19,12.19
2017-12-15,2017-12-14,600698,7.22,7.15,7.2
2017-12-15,2017-12-14,601009,5.294461453619658,5.280903293687214,5.267345133754769
2017-12-18,2017-12-15,000049,23.73945710529052,24.02993510729863,23.87615263564728
2017-12-18,2017-12-15,000338,5.810857898309226,5.84980466706465,5.880962082068989
2017-12-18,2017-12-15,000591,4.647369136234492,4.647369136234492,4.67178613695026
2017-12-18,2017-12-15,000600,7.323452240847574,7.233483540100059,7.260474150324314
2017-12-18,2017-12-15,000816,3.44,3.42,3.41
2017-12-18,2017-12-15,000877,8.825346431441625,8.635465264067298,8.610698155279341
2017-12-18,2017-12-15,002065,8.894563492063492,8.844761904761906,8.844761904761906
2017-12-18,2017-12-15,002149,9.473587537872108,9.551081096464108,9.541394401640108
2017-12-18,2017-12-15,002169,5.106846035163063,5.067862477642734,5.067862477642734
2017-12-18,2017-12-15,002171,6.535444657400518,6.54452166386913,6.5989837026808
2017-12-18,2017-12-15,002182,6.0018931154824,6.029456344485763,6.119036838746696
2017-12-18,2017-12-15,002217,10.24426750607186,10.05782968747477,10.05782968747477
2017-12-18,2017-12-15,002350,7.335457060530175,7.25775094760083,7.265521558893765
2017-12-18,2017-12-15,002366,,,
2017-12-18,2017-12-15,002438,6.90538850961203,6.953209759678595,6.943645509665282
2017-12-18,2017-12-15,002519,6.1446,6.076,6.0858
2017-12-18,2017-12-15,002545,,,
2017-12-18,2017-12-15,002742,21.49708053713325,21.40949623435634,21.34137510997429
2017-12-18,2017-12-15,002762,8.827692353929299,8.800696352846947,8.822293153712828
2017-12-18,2017-12-15,002763,10.28130566264389,10.28864421058297,10.31065985440019
2017-12-18,2017-12-15,002777,13.23871287181718,13.45062823944216,13.87445897469212
2017-12-18,2017-12-15,002807,4.908971490787426,4.908971490787426,4.915232934015471
2017-12-18,2017-12-15,300128,8.830607002607323,8.769176693023969,8.746140326930211
2017-12-18,2017-12-15,300196,12.2320810598139,12.31973132218518,12.22234214177265
2017-12-18,2017-12-15,300210,6.252128266432718,6.212242280681952,6.212242280681952
2017-12-18,2017-12-15,300260,,,
2017-12-18,2017-12-15,300275,8.536375044321433,8.524048148950572,8.505557805894281
2017-12-18,2017-12-15,300285,,,
2017-12-18,2017-12-15,300382,7.112261325185965,7.073048306163575,7.107359697808167
2017-12-18,2017-12-15,300430,13.60979452201121,13.4717908112617,13.41264636379762
2017-12-18,2017-12-15,300471,12.39226685692893,12.42215174484757,12.45203663276621
2017-12-18,2017-12-15,600137,25.33879910345226,24.85009591841478,24.30606784450515
2017-12-18,2017-12-15,600172,8.619999999999999,8.58,8.470000000000001
2017-12-18,2017-12-15,600202,6.673086679913024,6.663171246510478,6.653255813107934
2017-12-18,2017-12-15,600386,4.946079407160597,4.946079407160597,4.946079407160597
2017-12-19,2017-12-18,000049,23.54010945685358,23.52871816265719,23.4774573387734
2017-12-19,2017-12-18,000338,6.036749157090685,6.044538510841769,6.044538510841769
2017-12-19,2017-12-18,000591,4.631091135757314,4.631091135757314,4.639230135995903
2017-12-19,2017-12-18,000600,7.179502319651553,7.206492929875806,7.170505449576801
2017-12-19,2017-12-18,000816,3.37,3.36,3.37
2017-12-19,2017-12-18,000877,8.462095502551605,8.55290823477411,8.569419640632749
2017-12-19,2017-12-18,002065,8.904523809523809,8.874642857142858,8.894563492063492
2017-12-19,2017-12-18,002149,9.541394401640108,9.560767791288109,9.589827875760109
2017-12-19,2017-12-18,002169,4.999641251982158,5.00938714136224,5.038624809502487
2017-12-19,2017-12-18,002171,6.589906696212188,6.589906696212188,6.589906696212188
2017-12-19,2017-12-18,002182,6.263743791014353,6.24307136926183,6.222398947509308
2017-12-19,2017-12-18,002217,9.949892003023823,10.05782968747477,10.21482995576706
2017-12-19,2017-12-18,002350,7.34322767182311,7.389851339580717,7.374310116994849
2017-12-19,2017-12-18,002366,,,
2017-12-19,2017-12-18,002438,6.90538850961203,6.972338259705221,6.924517009638657
2017-12-19,2017-12-18,002519,5.9878,5.9682,5.9878
2017-12-19,2017-12-18,002545,,,
2017-12-19,2017-12-18,002742,21.26352239639482,21.19540127201277,21.07862220164355
2017-12-19,2017-12-18,002762,8.74670435068224,8.919478757609298,9.05445876302106
2017-12-19,2017-12-18,002763,10.29598275852204,10.33267549821742,10.35469114203464
2017-12-19,2017-12-18,002777,13.59457075330064,13.49061227106952,13.50660588372046
2017-12-19,2017-12-18,002807,4.883925717875245,4.927755820471561,4.921494377243516
2017-12-19,2017-12-18,300128,8.630958496461419,8.692388806044775,8.677031228648936
2017-12-19,2017-12-18,300196,11.97886919074132,12.09573620723636,12.17364755156638
2017-12-19,2017-12-18,300210,6.182327791368876,6.202270784244259,6.212242280681952
2017-12-19,2017-12-18,300260,,,
2017-12-19,2017-12-18,300275,8.40694264292739,8.41926953829825,8.443923329039974
2017-12-19,2017-12-18,300285,,13.51488699077671,13.56052336749424
2017-12-19,2017-12-18,300382,7.117162952563764,7.102458070430368,7.141671089452758
2017-12-19,2017-12-18,300430,13.37978833742869,13.50464883763063,13.58350810091607
2017-12-19,2017-12-18,300471,12.47195989137863,12.48192152068484,12.47195989137863
2017-12-19,2017-12-18,600137,23.83580628909174,24.47204251112165,24.31528865931718
2017-12-19,2017-12-18,600172,8.289999999999999,8.279999999999999,8.279999999999999
2017-12-19,2017-12-18,600202,6.732579280328296,6.742494713730841,6.782156447341023
2017-12-19,2017-12-18,600386,4.89959369844668,4.936782265417813,4.936782265417813
2017-12-20,2017-12-19,000049,23.43189216198781,23.69958757560314,23.63693545752295
2017-12-20,2017-12-19,000338,6.200325585863465,6.247061708369973,6.184746878361295
2017-12-20,2017-12-19,000591,4.663647136711671,4.647369136234492,4.67178613695026
2017-12-20,2017-12-19,000600,7.161508579502049,7.143514839352547,7.080536748829288
2017-12-20,2017-12-19,000816,3.37,3.38,3.36
2017-12-20,2017-12-19,000877,8.511629720127518,8.495118314268881,8.420816987905013
2017-12-20,2017-12-19,002065,8.914484126984126,8.904523809523809,8.864682539682541
2017-12-20,2017-12-19,002149,9.483274232696107,9.454214148224107,9.425154063752109
2017-12-20,2017-12-19,002169,5.038624809502487,5.067862477642734,5.087354256402898
2017-12-20,2017-12-19,002171,6.580829689743577,6.571752683274966,6.499136631526071
2017-12-20,2017-12-19,002182,6.291307020017717,6.31887024902108,6.32576105627192
2017-12-20,2017-12-19,002217,10.35220519052281,10.36201770729108,10.18539240546226
2017-12-20,2017-12-19,002350,7.576346010611146,7.599657844489949,7.560804788025277
2017-12-20,2017-12-19,002366,,,
2017-12-20,2017-12-19,002438,6.924517009638657,6.924517009638657,6.867131509558778
2017-12-20,2017-12-19,002519,6.0172,5.978,5.9388
2017-12-20,2017-12-19,002545,,,
2017-12-20,2017-12-19,002742,20.97157472047178,20.81586929331282,20.60177433096926
2017-12-20,2017-12-19,002762,8.968071559557531,8.914079557392828,8.827692353929299
2017-12-20,2017-12-19,002763,10.48678500493799,10.47944645699891,10.44275371730354
2017-12-20,2017-12-19,002777,13.5905723501379,13.58657394697516,13.51460269004593
2017-12-20,2017-12-19,002807,5.171952106365324,5.128122003769007,5.034200355348329
2017-12-20,2017-12-19,300128,8.515776665992627,8.638637285159339,8.630958496461419
2017-12-20,2017-12-19,300196,12.09573620723636,12.08599728919511,11.99834702682383
2017-12-20,2017-12-19,300210,6.212242280681952,6.172356294931185,6.162384798493492
2017-12-20,2017-12-19,300260,,,
2017-12-20,2017-12-19,300275,8.339144718387653,8.40694264292739,8.425432985983681
2017-12-20,2017-12-19,300285,13.51488699077671,13.97777024034022,13.73654939197614
2017-12-20,2017-12-19,300382,7.131867834697161,7.131867834697161,7.117162952563764
2017-12-20,2017-12-19,300430,13.39293154797626,13.34693031105976,13.2352130214054
2017-12-20,2017-12-19,300471,12.46199826207242,12.6014610723594,12.99992624460792
2017-12-20,2017-12-19,600137,24.02022258533229,24.34295110375326,24.26918458525704
2017-12-20,2017-12-19,600172,8.34,8.32,8.26
2017-12-20,2017-12-19,600202,6.712748413523205,6.692917546718115,6.673086679913024
2017-12-20,2017-12-19,600386,4.936782265417813,4.936782265417813,4.92748512367503
2017-12-21,2017-12-20,000049,23.54010945685358,23.29519663163105,22.99332733542654
2017-12-21,2017-12-20,000338,6.138010755854786,6.161378817108041,6.114642694601532
2017-12-21,2017-12-20,000591,4.590396134564367,4.574118134087189,4.468311130985528
2017-12-21,2017-12-20,000600,6.936586827633267,6.882605607184759,6.900599347334262
2017-12-21,2017-12-20,000816,3.3,3.29,3.26
2017-12-21,2017-12-20,000877,8.453839799622287,8.404305582046375,8.379538473258419
2017-12-21,2017-12-20,002065,8.615674603174604,8.575833333333334,8.50611111111111
2017-12-21,2017-12-20,002149,9.115179829384104,9.105493134560104,8.989252796672101
2017-12-21,2017-12-20,002169,5.038624809502487,4.999641251982158,5.00938714136224
2017-12-21,2017-12-20,002171,6.353904528028281,6.372058540965504,6.381135547434117
2017-12-21,2017-12-20,002182,6.181054104004263,6.174163296753422,6.194835718505945
2017-12-21,2017-12-20,002217,10.11670478808438,10.22464247253533,10.15595485515745
2017-12-21,2017-12-20,002350,7.452016229924193,7.366539505701915,7.350998283116046
2017-12-21,2017-12-20,002366,,,
2017-12-21,2017-12-20,002438,6.8097460094789,6.752360509399021,6.733232009372395
2017-12-21,2017-12-20,002519,5.9878,5.9682,5.9682
2017-12-21,2017-12-20,002545,,,
2017-12-21,2017-12-20,002742,20.97157472047178,20.79640611491795,20.62123750936412
2017-12-21,2017-12-20,002762,8.757502751115181,8.773700351764592,8.665716347435183
2017-12-21,2017-12-20,002763,10.31065985440019,10.30332130646111,10.29598275852204
2017-12-21,2017-12-20,002777,13.23471446865445,13.25870488763086,13.18273522753888
2017-12-21,2017-12-20,002807,5.034200355348329,5.015416025664194,5.002893139208104
2017-12-21,2017-12-20,300128,8.738461538232292,8.738461538232292,8.776855481721888
2017-12-21,2017-12-20,300196,12.30025348610268,12.30999240414393,12.28077565002017
2017-12-21,2017-12-20,300210,6.022783848365808,6.022783848365808,6.0327553448035
2017-12-21,2017-12-20,300260,,,
2017-12-21,2017-12-20,300275,8.314490927645931,8.271346793847915,8.203548869308179
2017-12-21,2017-12-20,300285,13.7235104271997,13.49532854361206,13.56052336749424
2017-12-21,2017-12-20,300382,7.151474344208355,7.151474344208355,7.440670359498481
2017-12-21,2017-12-20,300430,12.81463028388308,12.78834386278794,12.91320436298987
2017-12-21,2017-12-20,300471,12.63134596027804,12.3723435983165,12.30261219317301
2017-12-21,2017-12-20,600137,23.65138999285118,23.38398636330237,23.32866147443021
2017-12-21,2017-12-20,600172,8.27,8.300000000000001,8.34
2017-12-21,2017-12-20,600202,6.524355178874844,6.464862578459571,6.484693445264663
2017-12-21,2017-12-20,600386,4.871702273218332,4.862405131475549,4.862405131475549
2017-12-22,2017-12-21,000049,23.18128368966709,23.30658792582745,23.1528054541761
2017-12-22,2017-12-21,000338,6.317165892129736,6.30937653837865,6.356112660885159
2017-12-22,2017-12-21,000591,4.525284132655653,4.565979133848599,4.736898138858975
2017-12-22,2017-12-21,000600,6.846618126885754,6.873608737110007,6.855614996960504
2017-12-22,2017-12-21,000816,3.26,3.26,3.26
2017-12-22,2017-12-21,000877,8.412561284975695,8.478606908410242,8.569419640632749
2017-12-22,2017-12-21,002065,8.585793650793651,8.605714285714287,8.625634920634921
2017-12-22,2017-12-21,002149,9.105493134560104,9.086119744912104,9.086119744912104
2017-12-22,2017-12-21,002169,4.980149473221994,4.999641251982158,5.019133030742323
2017-12-22,2017-12-21,002171,6.39928956037134,6.390212553902728,6.335750515091058
2017-12-22,2017-12-21,002182,6.263743791014353,6.332651863522761,6.291307020017717
2017-12-22,2017-12-21,002217,10.53864300911991,10.55826804265644,10.49939294204683
2017-12-22,2017-12-21,002350,7.599657844489949,7.514181120267669,7.537492954146472
2017-12-22,2017-12-21,002366,,,
2017-12-22,2017-12-21,002438,6.790617509452273,6.790617509452273,6.790617509452273
2017-12-22,2017-12-21,002519,5.9584,5.9682,5.9584
2017-12-22,2017-12-21,002545,,,
2017-12-22,2017-12-21,002742,20.64070068775899,20.85479565010256,20.62123750936412
2017-12-22,2017-12-21,002762,8.611724345270478,8.660317147218711,8.654917947002243
2017-12-22,2017-12-21,002763,10.29598275852204,10.29598275852204,10.28864421058297
2017-12-22,2017-12-21,002777,13.17873682437615,13.25870488763086,13.26670169395633
2017-12-22,2017-12-21,002807,5.059246128260511,5.002893139208104,5.015416025664194
2017-12-22,2017-12-21,300128,8.792213059117726,8.723103960836452,8.807570636513566
2017-12-22,2017-12-21,300196,12.93328315878413,13.0014555850729,12.8553718144541
2017-12-22,2017-12-21,300210,6.012812351928117,6.042726841241191,6.022783848365808
2017-12-22,2017-12-21,300260,,,
2017-12-22,2017-12-21,300275,8.22203921236447,8.203548869308179,8.22203921236447
2017-12-22,2017-12-21,300285,13.19543235375401,13.18239338897757,13.1563154594247
2017-12-22,2017-12-21,300382,7.376949203587097,7.450473614254078,7.391654085720494
2017-12-22,2017-12-21,300430,12.86720312607337,12.86720312607337,12.81463028388308
2017-12-22,2017-12-21,300471,12.41219011554135,12.34245871039786,12.44207500345999
2017-12-22,2017-12-21,600137,23.02437458563329,23.32866147443021,23.27333658555804
2017-12-22,2017-12-21,600172,8.460000000000001,8.41,8.470000000000001
2017-12-22,2017-12-21,600202,6.306215644018846,6.286384777213755,6.266553910408665
2017-12-22,2017-12-21,600386,4.862405131475549,4.853107989732766,4.843810847989983
2017-12-25,2017-12-22,000049,23.17558804256889,23.22115321935448,22.62311027404365
2017-12-25,2017-12-22,000338,6.34053395338299,6.32495524588082,6.379480722138413
2017-12-25,2017-12-22,000517,2.863108878883796,2.879950695818406,2.896792512753017
2017-12-25,2017-12-22,000591,4.891539143392171,5.0217631472096,5.0217631472096
2017-12-25,2017-12-22,000877,8.478606908410242,8.404305582046375,8.412561284975695
2017-12-25,2017-12-22,000906,4.299512364862431,4.305252701798161,4.259330006312315
2017-12-25,2017-12-22,002065,8.575833333333334,8.575833333333334,8.526031746031746
2017-12-25,2017-12-22,002149,9.018312881144103,8.998939491496103,8.921445932904103
2017-12-25,2017-12-22,002171,6.335750515091058,6.381135547434117,6.326673508622445
2017-12-25,2017-12-22,002213,16.9451658544339,16.87526829345509,16.84531219589274
2017-12-25,2017-12-22,002366,,,
2017-12-25,2017-12-22,002370,14.6793117687543,14.52982794218858,14.47003441156228
2017-12-25,2017-12-22,002438,6.828874509505526,6.752360509399021,6.771489009425648
2017-12-25,2017-12-22,002517,17.1386984538653,17.07262791240861,16.82155985487319
2017-12-25,2017-12-22,002545,,,
2017-12-25,2017-12-22,002599,6.917768863753216,6.923591901517319,6.882830637168604
2017-12-25,2017-12-22,002726,8.268109284588261,8.268109284588261,8.342596755620587
2017-12-25,2017-12-22,002742,20.416874136218,20.21251076307187,20.35848460103339
2017-12-25,2017-12-22,002759,17.64136435666074,17.4138561650649,17.09155289363746
2017-12-25,2017-12-22,002763,10.20058163531407,10.19324308737499,10.14187325180147
2017-12-25,2017-12-22,002777,13.49461067423225,13.39465059516386,13.40264740148934
2017-12-25,2017-12-22,002793,8.489958926210242,8.421948574331388,8.365273281099011
2017-12-25,2017-12-22,002807,4.977847366295923,4.977847366295923,4.959063036611787
2017-12-25,2017-12-22,300196,12.73850479795906,12.73850479795906,12.84563289641285
2017-12-25,2017-12-22,300260,,,
2017-12-25,2017-12-22,300269,12.59,12.38,12.32
2017-12-25,2017-12-22,300457,17.82815851617837,17.7443674602455,17.46721242908293
2017-12-25,2017-12-22,300471,12.78077039987123,12.67119247750289,12.6014610723594
2017-12-25,2017-12-22,300548,17.68339103854812,17.67620996604515,17.36024277591475
2017-12-25,2017-12-22,600137,23.64216917803915,23.68827325209929,23.28255740037007
2017-12-25,2017-12-22,600202,6.256638477006119,6.276469343811209,6.207061309993392
2017-12-25,2017-12-22,600386,4.8345137062472,4.843810847989983,4.825216564504417
2017-12-25,2017-12-22,600420,12.01,12.04,12.04
2017-12-25,2017-12-22,600988,5.816560368743217,5.826385639636364,5.836210910529513
2017-12-26,2017-12-25,000049,21.8143283860995,21.76876320931391,22.04215427002743
2017-12-26,2017-12-25,000338,6.332744599631906,6.317165892129736,6.301587184627566
2017-12-26,2017-12-25,000517,2.888371604285712,2.879950695818406,2.879950695818406
2017-12-26,2017-12-25,000591,4.940373144823708,4.842705141960636,4.850844142199225
2017-12-26,2017-12-25,000877,8.470351205480924,8.429072690834332,8.519885423056836
2017-12-26,2017-12-25,000906,4.178965289212083,4.133042593726235,4.184705626147813
2017-12-26,2017-12-25,002065,8.406507936507936,8.376626984126984,8.406507936507936
2017-12-26,2017-12-25,002149,8.737398731248099,8.747085426072099,8.766458815720101
2017-12-26,2017-12-25,002171,6.29944248921661,6.308519495685222,6.317596502153834
2017-12-26,2017-12-25,002213,16.97512195199624,16.87526829345509,17.08496097639151
2017-12-26,2017-12-25,002366,,,
2017-12-26,2017-12-25,002370,14.27072264280798,14.11127322780454,14.09134205092911
2017-12-26,2017-12-25,002438,6.647153759252578,6.694975009319143,6.714103509345769
2017-12-26,2017-12-25,002517,16.84798807145586,16.58370590562911,16.49781420173541
2017-12-26,2017-12-25,002545,,,
2017-12-26,2017-12-25,002599,6.906122788225011,6.90029975046091,6.90029975046091
2017-12-26,2017-12-25,002726,8.29045552589796,8.230865549072099,8.201070560659167
2017-12-26,2017-12-25,002742,20.04707374671548,19.85244196276678,20.16385281708469
2017-12-26,2017-12-25,002759,16.7976881461595,16.87352421002478,16.97779879783954
2017-12-26,2017-12-25,002763,9.833654238360324,9.943732457446448,9.877685525994774
2017-12-26,2017-12-25,002777,13.50660588372046,13.50660588372046,13.49860907739498
2017-12-26,2017-12-25,002793,8.342603163806059,8.359605751775772,8.387943398391963
2017-12-26,2017-12-25,002807,4.996631695980058,4.977847366295923,4.977847366295923
2017-12-26,2017-12-25,300196,12.75798263404157,12.70928804383531,12.75798263404157
2017-12-26,2017-12-25,300260,,,
2017-12-26,2017-12-25,300269,12.22,12.28,12.35
2017-12-26,2017-12-25,300457,17.13849367119244,17.28673938553521,17.23517565880729
2017-12-26,2017-12-25,300471,12.36238196901029,12.28268893456059,12.36238196901029
2017-12-26,2017-12-25,300548,17.53976958848884,17.45000618220179,17.52181690723143
2017-12-26,2017-12-25,600137,22.70164606721232,22.88606236345288,22.82151665976868
2017-12-26,2017-12-25,600202,5.949260041527213,5.899682874514486,5.949260041527213
2017-12-26,2017-12-25,600386,4.788027997533285,4.80662228101885,4.853107989732766
2017-12-26,2017-12-25,600420,11.8,11.8,11.85
2017-12-26,2017-12-25,600988,6.396251351438909,6.288173371614289,6.180095391789669
2017-12-27,2017-12-26,000049,22.07632815261662,22.03076297583103,22.19024109458059
2017-12-27,2017-12-26,000338,6.465163613400347,6.511899735906854,6.496321028404685
2017-12-27,2017-12-26,000517,2.854687970416491,2.846267061949185,2.83784615348188
2017-12-27,2017-12-26,000591,4.842705141960636,4.802010140767689,4.826427141483457
2017-12-27,2017-12-26,000877,8.519885423056836,8.536396828915473,8.544652531844791
2017-12-27,2017-12-26,000906,4.201926636955005,4.184705626147813,4.161744278404889
2017-12-27,2017-12-26,002065,8.386587301587301,8.376626984126984,8.406507936507936
2017-12-27,2017-12-26,002149,8.814892289840101,8.7858322053681,8.814892289840101
2017-12-27,2017-12-26,002171,6.281288476279387,6.290365482747998,6.335750515091058
2017-12-27,2017-12-26,002213,17.2047853666409,17.16484390322444,17.21477073249501
2017-12-27,2017-12-26,002366,,,
2017-12-27,2017-12-26,002370,14.14116999311769,14.05147969717825,14.01161734342739
2017-12-27,2017-12-26,002438,6.694975009319143,6.761924759412334,6.742796259385708
2017-12-27,2017-12-26,002517,16.37888722711337,16.25335319834566,16.15424738616062
2017-12-27,2017-12-26,002545,,,
2017-12-27,2017-12-26,002599,6.888653674932706,6.853715448348093,6.882830637168604
2017-12-27,2017-12-26,002726,8.163826825143005,8.15637807803977,8.193621813555934
2017-12-27,2017-12-26,002742,20.06653692511035,20.30009506584878,19.97895262233344
2017-12-27,2017-12-26,002759,16.7028930663279,16.68393405036158,16.77872913019318
2017-12-27,2017-12-26,002763,9.885024073933849,9.870346978055698,9.958409553324596
2017-12-27,2017-12-26,002777,13.67453881655535,13.7145228481827,13.70652604185723
2017-12-27,2017-12-26,002793,8.484291396887006,8.427616103654627,8.455953750270815
2017-12-27,2017-12-26,002807,5.065507571488555,5.04672324180442,5.027938912120284
2017-12-27,2017-12-26,300196,12.58268210929901,12.52424860105149,12.56320427321651
2017-12-27,2017-12-26,300260,,,
2017-12-27,2017-12-26,300269,12.77,12.67,12.65
2017-12-27,2017-12-26,300457,17.2287301929663,17.17716646623838,17.51233068996986
2017-12-27,2017-12-26,300471,12.51180640860348,12.63134596027804,12.77080877056502
2017-12-27,2017-12-26,300548,18.22197147627039,18.1609323599952,18.09630270746853
2017-12-27,2017-12-26,600137,22.88606236345288,22.92294562270099,22.91372480788896
2017-12-27,2017-12-26,600202,6.068245242357757,6.068245242357757,6.088076109162848
2017-12-27,2017-12-26,600386,4.815919422761633,4.788027997533285,4.80662228101885
2017-12-27,2017-12-26,600420,11.9,11.95,12.05
2017-12-27,2017-12-26,600988,6.219396475362258,6.297998642507436,6.297998642507436
2017-12-28,2017-12-27,000049,22.09341509391121,22.00798038743824,21.82571968029589
2017-12-28,2017-12-27,000338,6.434006198396007,6.480742320902515,6.441795552147092
2017-12-28,2017-12-27,000517,2.829425245014575,2.804162519612659,2.804162519612659
2017-12-28,2017-12-27,000591,4.745037139097564,4.720620138381796,4.745037139097564
2017-12-28,2017-12-27,000877,8.643720966996616,8.536396828915473,8.569419640632749
2017-12-28,2017-12-27,000906,4.133042593726235,4.144523267597696,4.144523267597696
2017-12-28,2017-12-27,002065,8.326825396825397,8.296944444444444,8.306904761904763
2017-12-28,2017-12-27,002149,8.931132627728102,8.950506017376103,9.115179829384104
2017-12-28,2017-12-27,002171,6.362981534496893,6.362981534496893,6.381135547434117
2017-12-28,2017-12-27,002213,17.03503414712093,17.12490243980797,17.13488780566209
2017-12-28,2017-12-27,002366,,,
2017-12-28,2017-12-27,002370,14.07141087405368,13.99168616655196,13.96178940123882
2017-12-28,2017-12-27,002438,6.771489009425648,6.761924759412334,6.800181759465587
2017-12-28,2017-12-27,002517,14.74033779898746,14.43641330828669,14.39677098341268
2017-12-28,2017-12-27,002545,,,
2017-12-28,2017-12-27,002599,6.906122788225011,6.853715448348093,6.842069372819889
2017-12-28,2017-12-27,002726,8.305353020104425,8.245763043278563,8.260660537485029
2017-12-28,2017-12-27,002742,20.24170553066417,19.95948944393857,19.94975785474113
2017-12-28,2017-12-27,002759,16.59861847851314,16.39954881086678,16.39954881086678
2017-12-28,2017-12-27,002763,9.82631569042125,9.8116385945431,9.907039717751072
2017-12-28,2017-12-27,002777,13.67453881655535,13.55858512483602,13.57058033432422
2017-12-28,2017-12-27,002793,8.739330216432705,8.59764198335176,8.710992569816517
2017-12-28,2017-12-27,002807,5.009154582436149,5.021677468892239,5.0717690147166
2017-12-28,2017-12-27,300196,12.56320427321651,12.52424860105149,12.58268210929901
2017-12-28,2017-12-27,300260,,,
2017-12-28,2017-12-27,300269,12.65,12.6,12.59
2017-12-28,2017-12-27,300457,17.33185764642214,17.24162112464828,17.44143056571897
2017-12-28,2017-12-27,300471,12.55165292582834,12.38230522762271,12.42215174484757
2017-12-28,2017-12-27,300548,17.81624087985294,17.71929640106293,17.87368945987665
2017-12-28,2017-12-27,600137,22.75697095608449,22.64632117834015,22.4619048820996
2017-12-28,2017-12-27,600202,6.107906975967939,6.028583508747576,6.078160675760302
2017-12-28,2017-12-27,600386,4.769433714047718,4.778730855790501,4.760136572304935
2017-12-28,2017-12-27,600420,12.03,12.01,11.96
2017-12-28,2017-12-27,600988,6.2488722880417,6.121143766430785,6.150619579110226
2017-12-29,2017-12-28,000049,21.7972414448049,22.09911074100941,22.144675917795
2017-12-29,2017-12-28,000338,6.496321028404685,6.53526779716011,6.53526779716011
2017-12-29,2017-12-28,000517,2.82100433654727,2.804162519612659,2.82100433654727
2017-12-29,2017-12-28,000591,4.696203137666028,4.688064137427439,4.663647136711671
2017-12-29,2017-12-28,000877,8.585931046491385,8.668488075784571,8.709766590431165
2017-12-29,2017-12-28,000906,4.138782930661966,4.161744278404889,4.16748461534062
2017-12-29,2017-12-28,002065,8.247142857142856,8.227222222222222,8.207301587301588
2017-12-29,2017-12-28,002149,9.367033894808106,9.308913725864105,9.250793556920106
2017-12-29,2017-12-28,002171,6.571752683274966,6.526367650931906,6.526367650931906
2017-12-29,2017-12-28,002213,16.85529756174686,16.92519512272566,16.87526829345509
2017-12-29,2017-12-28,002366,,,
2017-12-29,2017-12-28,002370,14.14116999311769,14.0813764624914,14.17106675843083
2017-12-29,2017-12-28,002438,6.752360509399021,6.752360509399021,6.78105325943896
2017-12-29,2017-12-28,002517,14.6676602033851,14.51569795803472,14.46284152486937
2017-12-29,2017-12-28,002545,,,
2017-12-29,2017-12-28,002599,6.8711845616404,6.90029975046091,6.847892410583992
2017-12-29,2017-12-28,002726,8.312801767207658,8.245763043278563,8.305353020104425
2017-12-29,2017-12-28,002742,20.33902142263852,20.51419002819234,20.58231115257438
2017-12-29,2017-12-28,002759,16.57017995456366,16.48486438271522,16.57017995456366
2017-12-29,2017-12-28,002763,10.03179503271535,10.02445648477627,10.10518051210609
2017-12-29,2017-12-28,002777,13.51060428688319,13.59457075330064,13.69852923553176
2017-12-29,2017-12-28,002793,8.631647159291187,8.688322452523566,8.648649747260901
2017-12-29,2017-12-28,002807,5.153167776681189,5.134383446997052,5.153167776681189
2017-12-29,2017-12-28,300196,12.50477076496899,12.44633725672147,12.50477076496899
2017-12-29,2017-12-28,300260,,,
2017-12-29,2017-12-28,300269,12.56,12.56,12.57
2017-12-29,2017-12-28,300457,17.03536621773659,17.17072100039739,17.19005739792036
2017-12-29,2017-12-28,300471,12.35242033970408,12.32253545178544,12.33249708109165
2017-12-29,2017-12-28,300548,17.89882321363703,17.95268125740925,17.95268125740925
2017-12-29,2017-12-28,600137,22.87684154864085,22.87684154864085,22.77541258570854
2017-12-29,2017-12-28,600202,6.068245242357757,6.038498942150121,6.008752641942484
2017-12-29,2017-12-28,600386,4.760136572304935,4.750839430562152,4.760136572304935
2017-12-29,2017-12-28,600420,12.23,12.46,12.59
2017-12-29,2017-12-28,600988,6.327474455186879,6.327474455186879,6.239047017148552
