trading_day,prev_trading_day,asset_id,prev_close_1500_qfq,close_0935_qfq,close_0950_qfq
2015-01-05,2014-12-31,000510,5.442593856097895,5.502184299777799,5.57170648407102
2015-01-05,2014-12-31,000559,8.415368043570654,8.564249870794734,8.798207027861146
2015-01-05,2014-12-31,000628,8.460842894607902,8.431600350041286,8.529075498596676
2015-01-05,2014-12-31,000876,6.199877678512704,6.279590391522153,6.332732200195119
2015-01-05,2014-12-31,002094,6.340301598307822,6.252728371811859,6.130125854717508
2015-01-05,2014-12-31,002178,,,
2015-01-05,2014-12-31,002204,5.678114723897218,5.720736102141651,5.692321849978696
2015-01-05,2014-12-31,002249,4.937099377364074,4.958639950563742,5.031877899442616
2015-01-05,2014-12-31,002345,7.698313482158496,7.624996210899844,7.615831551992512
2015-01-05,2014-12-31,002548,7.240159379092046,7.225122703330691,7.20256768968866
2015-01-05,2014-12-31,002574,10.13249148052605,10.1225964693146,10.08301642446879
2015-01-05,2014-12-31,002583,4.533341762712965,4.587256630059403,4.546820479549574
2015-01-05,2014-12-31,002587,4.63622966446216,4.558190603545428,4.568832293670438
2015-01-05,2014-12-31,002594,12.07557198230329,12.09139842002584,12.08506784493682
2015-01-05,2014-12-31,002595,7.943936147025906,7.81580814465452,7.790182544180243
2015-01-05,2014-12-31,002605,16.18511574862227,15.65811694665278,15.68491349590546
2015-01-05,2014-12-31,002608,9.72191853353806,9.243329879860028,9.130720784876964
2015-01-05,2014-12-31,002631,5.579369356912737,5.584306851918855,5.628744306973912
2015-01-05,2014-12-31,002669,12.36345572179077,12.41119107206795,12.22979674101465
2015-01-05,2014-12-31,002697,3.945979267449809,3.931577883262036,3.90277511488649
2015-01-05,2014-12-31,300096,9.788638386627833,9.648657858116302,9.408691237810817
2015-01-05,2014-12-31,300110,4.016803859383317,3.999902861377497,3.971734531367796
2015-01-05,2014-12-31,300127,10.69049609180217,10.54417621372789,10.49845125182968
2015-01-05,2014-12-31,300132,6.729438624082029,6.680532820127945,6.63162701617386
2015-01-05,2014-12-31,300232,3.488107803728406,3.449206973203554,3.324724315524027
2015-01-05,2014-12-31,300245,11.39583514115633,11.2719673678829,11.14809959460946
2015-01-05,2014-12-31,300304,3.508313591926903,3.493458347359817,3.473651354603701
2015-01-05,2014-12-31,300308,4.603576471794028,4.528923880359531,4.518970201501598
2015-01-05,2014-12-31,300337,5.525073779995585,5.493424421190373,5.389433670830391
2015-01-05,2014-12-31,600138,15.80311085474809,15.74550534737962,15.5630879073795
2015-01-05,2014-12-31,600846,7.110708413382362,7.143590301999159,7.12714935769076
2015-01-05,2014-12-31,600884,5.433047599676309,5.514919926374264,5.475621209559246
2015-01-05,2014-12-31,600885,6.088581755272989,6.173326469211479,6.306962364268327
2015-01-06,2015-01-05,000510,5.591569965297655,5.512116040391116,5.522047781004433
2015-01-06,2015-01-05,000559,8.833655081962119,8.70604208719862,8.642235589816872
2015-01-06,2015-01-05,000628,8.840995973973925,8.763015855129613,8.772763369985151
2015-01-06,2015-01-05,000876,6.465586721877534,6.425730365372809,6.447872785653212
2015-01-06,2015-01-05,002094,6.206022651014011,6.095096564119122,6.246890156712126
2015-01-06,2015-01-05,002178,,,
2015-01-06,2015-01-05,002204,5.772828897773736,5.682850432591044,5.749150354304606
2015-01-06,2015-01-05,002249,5.049110358002351,5.083575275121821,5.148196994720827
2015-01-06,2015-01-05,002345,7.698313482158496,7.652490187621837,7.679984164343833
2015-01-06,2015-01-05,002548,7.315342757898817,7.2551960548534,7.292787744256785
2015-01-06,2015-01-05,002574,10.31060168233217,10.22154658142911,10.29081165990927
2015-01-06,2015-01-05,002583,4.551313385161778,4.492905612203137,4.501891423427542
2015-01-06,2015-01-05,002587,4.526265533170402,4.426943092003654,4.469509852503689
2015-01-06,2015-01-05,002594,12.74344765419477,12.62000143995891,12.62316672750342
2015-01-06,2015-01-05,002595,7.876668945780928,7.793385744239527,7.911904146433059
2015-01-06,2015-01-05,002605,15.67598131282123,15.85462497450581,15.89928588992695
2015-01-06,2015-01-05,002608,9.280866244854385,9.07441623738543,9.018111689893896
2015-01-06,2015-01-05,002631,5.747244187120732,6.053368877500014,5.974368957402135
2015-01-06,2015-01-05,002669,12.24889088112553,12.33481451162446,12.56394419295495
2015-01-06,2015-01-05,002697,3.931577883262036,3.907575576282415,3.912376037678339
2015-01-06,2015-01-05,300096,9.438687065349002,9.458684283707795,9.54867176632235
2015-01-06,2015-01-05,300110,4.033704857389138,4.033704857389138,4.095675183410479
2015-01-06,2015-01-05,300127,10.87339593939502,10.77280102321895,10.7819460155986
2015-01-06,2015-01-05,300132,6.651189337755494,6.602283533801409,6.700095141709578
2015-01-06,2015-01-05,300232,3.340284647733968,3.306570594612429,3.340284647733968
2015-01-06,2015-01-05,300245,11.19373509002599,11.20025444651406,11.3501996457398
2015-01-06,2015-01-05,300304,3.552879325628163,3.503361843737875,3.552879325628163
2015-01-06,2015-01-05,300308,4.474178646640899,4.409479734064334,4.509016522643665
2015-01-06,2015-01-05,300337,5.601936508522529,5.565765812745144,5.651671215216433
2015-01-06,2015-01-05,600138,15.98552829474822,15.85111544422181,16.12954206316937
2015-01-06,2015-01-05,600846,7.209354079232752,7.143590301999159,7.217574551386951
2015-01-06,2015-01-05,600884,5.537844177849692,5.478896102627164,5.518194819442183
2015-01-06,2015-01-05,600885,6.466673555921633,6.421041786877831,6.492748852518091
2015-01-07,2015-01-06,000151,18.63330636173988,19.01338400297884,18.73782771308059
2015-01-07,2015-01-06,000559,8.897461579343867,8.791117417040953,8.791117417040953
2015-01-07,2015-01-06,000603,12.25060978769897,12.27914381670759,12.53595007778513
2015-01-07,2015-01-06,000753,6.247372547178847,6.188711772087967,6.159381384542526
2015-01-07,2015-01-06,000876,6.523157014606581,6.567441855167385,6.536442466774822
2015-01-07,2015-01-06,002066,10.49549779624666,10.66429955834334,10.54514537333392
2015-01-07,2015-01-06,002178,,,
2015-01-07,2015-01-06,002204,5.981200080302075,5.962257245526771,5.919635867282338
2015-01-07,2015-01-06,002212,6.582492684359948,6.641973039941514,6.632059647344587
2015-01-07,2015-01-06,002249,5.24297551679937,5.247283631439303,5.27744043391884
2015-01-07,2015-01-06,002274,4.424914487476553,4.372856669976828,4.405392805914156
2015-01-07,2015-01-06,002345,7.707478141065827,7.716642799973158,7.707478141065827
2015-01-07,2015-01-06,002548,7.390526136705588,7.443154501870327,7.435636163989651
2015-01-07,2015-01-06,002574,10.32049669354362,10.44913183929249,10.51839691777264
2015-01-07,2015-01-06,002583,4.609721158120418,4.605228252508215,4.569285007610589
2015-01-07,2015-01-06,002587,4.7249104155039,4.682343655003865,4.678796424962195
2015-01-07,2015-01-06,002595,8.062454549219439,8.097689749871568,8.056048149100867
2015-01-07,2015-01-06,002605,15.84569279142158,15.68491349590546,15.51520201730512
2015-01-07,2015-01-06,002697,3.96998157442943,3.989183420013128,3.979582497221279
2015-01-07,2015-01-06,300001,9.034143849634496,9.056561080030612,8.859289452544798
2015-01-07,2015-01-06,300096,10.37855632821215,10.56852990262065,10.2685716272388
2015-01-07,2015-01-06,300132,6.846812553571832,6.837031392781015,6.797906749617748
2015-01-07,2015-01-06,300232,3.480327637623436,3.488107803728406,3.423273086186986
2015-01-07,2015-01-06,300234,7.522215230700301,7.522215230700301,7.543539724621493
2015-01-07,2015-01-06,300245,11.81307395639318,11.83263202585741,11.64357068770321
2015-01-07,2015-01-06,300304,3.694004149015483,3.689052400826454,3.639534918936166
2015-01-07,2015-01-06,300308,4.663298544941626,4.688182742086459,4.732974296947158
2015-01-07,2015-01-06,600039,2.823222120345025,2.802763989038177,2.818107587518313
2015-01-07,2015-01-06,600056,10.37839089479721,,
2015-01-07,2015-01-06,600109,18.33275244010226,18.42898736104767,18.6407041871276
2015-01-07,2015-01-06,600390,8.305633413479553,8.244261738010493,8.257899888114729
2015-01-07,2015-01-06,600776,8.478721162919813,8.4491097968095,8.439239341439396
2015-01-08,2015-01-07,000151,18.56679277452306,18.50978112833722,18.46227142318235
2015-01-08,2015-01-07,000559,8.713131698018815,8.65641481145726,8.691862865558232
2015-01-08,2015-01-07,000603,12.545461420788,12.51692739177938,12.45985933376215
2015-01-08,2015-01-07,000753,6.325586913966689,6.40380128075453,6.364694097360609
2015-01-08,2015-01-07,000876,6.487729142157937,6.509871562438339,6.483300658101856
2015-01-08,2015-01-07,002066,10.7139471354306,10.73380616626551,10.75366519710041
2015-01-08,2015-01-07,002178,,,
2015-01-08,2015-01-07,002204,5.9859357889959,5.943314410751467,5.843864528181124
2015-01-08,2015-01-07,002212,6.592406076956876,6.592406076956876,6.612232862150731
2015-01-08,2015-01-07,002249,5.221434943599701,5.251591746079237,5.230051172879569
2015-01-08,2015-01-07,002274,4.379363897164295,4.372856669976828,4.359842215601898
2015-01-08,2015-01-07,002345,7.872442001397794,7.762466094509817,7.72580745888049
2015-01-08,2015-01-07,002548,7.413081150347619,7.428117826108974,7.398044474586265
2015-01-08,2015-01-07,002574,10.86472231017344,10.81524725411618,10.76577219805893
2015-01-08,2015-01-07,002583,4.551313385161778,4.533341762712965,4.551313385161778
2015-01-08,2015-01-07,002587,4.629135204378821,4.583021213837116,4.661060274753847
2015-01-08,2015-01-07,002595,8.017609748389452,8.024016148508021,7.991984147915175
2015-01-08,2015-01-07,002605,15.70277786207392,15.7295744113266,15.63132039740009
2015-01-08,2015-01-07,002697,4.080392186535691,4.037188033972372,4.056389879556068
2015-01-08,2015-01-07,300001,8.774103977039559,8.70236883977199,8.850322560386351
2015-01-08,2015-01-07,300096,10.59852573015884,10.48854102918549,10.6685159944146
2015-01-08,2015-01-07,300132,6.75878210645448,6.719657463291212,6.778344428036114
2015-01-08,2015-01-07,300232,3.425866474888643,3.405119365275389,3.43624002969527
2015-01-08,2015-01-07,300234,7.762115787313705,7.836751516037875,7.783440281234896
2015-01-08,2015-01-07,300245,11.62401261823898,11.50666420145362,11.69572553960782
2015-01-08,2015-01-07,300304,3.639534918936166,3.656866037597767,3.674197156259368
2015-01-08,2015-01-07,300308,4.767812172949924,4.827534246097522,4.777765851807857
2015-01-08,2015-01-07,600039,2.787420390558041,2.766962259251193,2.751618660771057
2015-01-08,2015-01-07,600056,,,
2015-01-08,2015-01-07,600109,18.71769212388393,18.60221021874943,18.4578578373313
2015-01-08,2015-01-07,600390,8.264718963166846,8.264718963166846,8.223804512854139
2015-01-08,2015-01-07,600776,8.409627975329082,8.429368886069289,8.498462073660022
2015-01-09,2015-01-08,000151,19.14641117741247,18.98487817988591,18.73782771308059
2015-01-09,2015-01-08,000559,8.429547265211042,8.436636876031237,8.44372648685143
2015-01-09,2015-01-08,000603,12.34572321772769,12.32670053172195,12.36474590373343
2015-01-09,2015-01-08,000753,6.315810118118209,6.218042159633407,6.247372547178847
2015-01-09,2015-01-08,000876,6.558584887055225,6.554156402999144,6.611726695728191
2015-01-09,2015-01-08,002066,11.14091629838103,10.99197356711926,10.88274889752729
2015-01-09,2015-01-08,002178,,,
2015-01-09,2015-01-08,002204,6.132742758504501,6.061707128097114,6.246399767156323
2015-01-09,2015-01-08,002212,6.602319469553803,6.542839113972237,6.592406076956876
2015-01-09,2015-01-08,002249,5.182661911840297,5.221434943599701,5.255899860719171
2015-01-09,2015-01-08,002274,4.372856669976828,4.359842215601898,4.333813306852035
2015-01-09,2015-01-08,002345,7.762466094509817,7.744136776695153,7.753301435602485
2015-01-09,2015-01-08,002548,7.345416109421524,7.277751068495431,7.285269406376108
2015-01-09,2015-01-08,002574,10.74598217563602,10.83503727653908,10.84493228775054
2015-01-09,2015-01-08,002583,4.560299196386183,4.551313385161778,4.569285007610589
2015-01-09,2015-01-08,002587,4.618493514253812,4.63977689450383,4.671701964878856
2015-01-09,2015-01-08,002595,7.99518734797446,8.07206414939729,8.081673749575145
2015-01-09,2015-01-08,002605,15.67598131282123,15.55093074964203,15.89035370684272
2015-01-09,2015-01-08,002697,4.080392186535691,4.070791263743843,4.051589418160145
2015-01-09,2015-01-08,300001,8.657534378979758,8.765137084881113,8.774103977039559
2015-01-09,2015-01-08,300096,10.69851182195279,10.71850904031158,10.83849235046432
2015-01-09,2015-01-08,300132,6.797906749617748,6.788125588826931,6.797906749617748
2015-01-09,2015-01-08,300232,3.423273086186986,3.431053252291957,3.454393750606868
2015-01-09,2015-01-08,300234,7.810095898636386,7.778109157754599,7.810095898636386
2015-01-09,2015-01-08,300245,11.86522880829778,11.83915138234548,11.91086430371431
2015-01-09,2015-01-08,300304,3.627155548463595,3.627155548463595,3.634583170747137
2015-01-09,2015-01-08,300308,4.80265004895269,4.822557406668555,4.852418443242355
2015-01-09,2015-01-08,600039,2.700473332503937,2.756733193597769,2.772076792077905
2015-01-09,2015-01-08,600056,,,
2015-01-09,2015-01-08,600109,18.09216513773871,18.00555370888783,18.24614101125138
2015-01-09,2015-01-08,600390,8.148794687280843,8.182890062541432,8.155613762332962
2015-01-09,2015-01-08,600776,8.518202984400233,8.468850707549709,8.478721162919813
2015-01-12,2015-01-09,000151,18.52878501039917,18.23422483843897,18.40525977699651
2015-01-12,2015-01-09,000559,8.379919989469682,8.29484465962735,8.351561546188904
2015-01-12,2015-01-09,000603,12.15549635767025,12.05087158463866,12.04136024163579
2015-01-12,2015-01-09,000753,6.159381384542526,6.051836630209244,6.012729446815324
2015-01-12,2015-01-09,000876,6.465586721877534,6.385874008868085,6.372588556699844
2015-01-12,2015-01-09,002066,10.64444052750844,10.52528634249902,10.35648458040233
2015-01-12,2015-01-09,002178,,,
2015-01-12,2015-01-09,002204,6.175364136748934,6.241664058462497,6.28428543670693
2015-01-12,2015-01-09,002212,6.463531973196816,6.374311439824467,6.354484654630613
2015-01-12,2015-01-09,002249,5.195586255760099,5.212818714319833,5.191278141120165
2015-01-12,2015-01-09,002274,4.333813306852035,4.314291625289639,4.262233807789914
2015-01-12,2015-01-09,002345,7.771630753417148,7.707478141065827,7.716642799973158
2015-01-12,2015-01-09,002548,7.2551960548534,7.187531013927306,7.164976000285274
2015-01-12,2015-01-09,002574,10.62724204109861,10.71629714200167,10.59755700746426
2015-01-12,2015-01-09,002583,4.524355951488558,4.474933989754324,4.465948178529917
2015-01-12,2015-01-09,002587,4.721363185462231,4.774571636087274,4.717815955420561
2015-01-12,2015-01-09,002595,8.081673749575145,7.979171347678037,8.001593748093029
2015-01-12,2015-01-09,002605,15.667049129737,15.37228708795746,15.70277786207392
2015-01-12,2015-01-09,002697,3.965181113033506,3.941178806053885,3.945979267449809
2015-01-12,2015-01-09,300001,8.657534378979758,8.554415119157628,8.711335731930436
2015-01-12,2015-01-09,300096,10.60852433933823,10.51853685672368,10.56852990262065
2015-01-12,2015-01-09,300132,6.739219784872846,6.651189337755494,6.670751659337128
2015-01-12,2015-01-09,300232,3.475140860220122,3.506261524640004,3.490701192430063
2015-01-12,2015-01-09,300234,7.65016219422745,7.607513206385067,7.570195342022981
2015-01-12,2015-01-09,300245,11.71528360907204,11.51970291442977,11.61749326175091
2015-01-12,2015-01-09,300304,3.580113940667821,3.533072332872047,3.533072332872047
2015-01-12,2015-01-09,300308,4.703113260373359,4.603576471794028,4.623483829509894
2015-01-12,2015-01-09,600039,2.736275062290921,2.705587865330649,2.674900668370377
2015-01-12,2015-01-09,600056,,,
2015-01-12,2015-01-09,600109,17.97668323260421,18.23651751915684,18.13065910611688
2015-01-12,2015-01-09,600390,8.101061161916018,8.101061161916018,7.916946135508836
2015-01-12,2015-01-09,600776,8.36027569847856,8.350405243108455,8.222089323297094
2015-01-13,2015-01-12,000151,17.67361031761151,17.71161808173541,17.64510449451859
2015-01-13,2015-01-12,000559,8.663504422277455,8.599697924895706,8.649325200637065
2015-01-13,2015-01-12,000603,11.87966741058697,11.95575815460994,11.98429218361856
2015-01-13,2015-01-12,000753,5.944291875875962,5.983399059269883,5.954068671724442
2015-01-13,2015-01-12,000876,6.328303716139038,6.399159461036326,6.372588556699844
2015-01-13,2015-01-12,002066,10.11817621038349,10.24725991081036,10.16782378747075
2015-01-13,2015-01-12,002178,,,
2015-01-13,2015-01-12,002204,6.289021145400755,6.255871184543975,6.260606893237801
2015-01-13,2015-01-12,002212,6.493272150987599,6.463531973196816,6.463531973196816
2015-01-13,2015-01-12,002249,5.238667402159436,5.298981007118509,5.238667402159436
2015-01-13,2015-01-12,002274,4.242712126227517,4.262233807789914,4.255726580602449
2015-01-13,2015-01-12,002345,7.744136776695153,7.744136776695153,7.734972117787821
2015-01-13,2015-01-12,002548,7.119865973001213,7.157457662404598,7.157457662404598
2015-01-13,2015-01-12,002574,10.47881687292684,10.5876619962528,10.60745201867571
2015-01-13,2015-01-12,002583,4.430004933632292,4.452469461693308,4.443483650468902
2015-01-13,2015-01-12,002587,4.657513044712178,4.646871354587168,4.618493514253812
2015-01-13,2015-01-12,002595,8.008000148211599,8.014406548330168,8.062454549219439
2015-01-13,2015-01-12,002605,15.30082962328363,15.38121927104169,15.2918974401994
2015-01-13,2015-01-12,002697,3.926777421866112,3.926777421866112,3.960380651637582
2015-01-13,2015-01-12,300001,8.751686746643443,8.765137084881113,8.711335731930436
2015-01-13,2015-01-12,300096,10.74850486784977,10.65851738523521,10.678514603594
2015-01-13,2015-01-12,300132,6.582721212219776,6.572940051428959,6.612064694592227
2015-01-13,2015-01-12,300232,3.456987139308525,3.488107803728406,3.472547471518465
2015-01-13,2015-01-12,300234,7.436917255015535,7.436917255015535,7.442248378495833
2015-01-13,2015-01-12,300245,11.98909658157122,12.11948371133274,12.49108703115305
2015-01-13,2015-01-12,300304,3.547927577439134,3.56278282200622,3.552879325628163
2015-01-13,2015-01-12,300308,4.439340770638133,4.548831238075397,4.523947040930564
2015-01-13,2015-01-12,600039,2.644213471410105,2.664671602716953,2.674900668370377
2015-01-13,2015-01-12,600056,,,
2015-01-13,2015-01-12,600109,17.91894228003696,18.044047677266,18.02480069307692
2015-01-13,2015-01-12,600390,8.135156537176607,8.114699312020253,8.135156537176607
2015-01-13,2015-01-12,600776,8.093773403485736,8.152996135706363,8.133255224966154
2015-01-14,2015-01-13,000554,8.30103059788666,8.32982029938222,8.339416866547406
2015-01-14,2015-01-13,000559,8.684773254738037,8.642235589816872,8.599697924895706
2015-01-14,2015-01-13,000631,3.26758265600124,3.2624042365781,3.257225817154961
2015-01-14,2015-01-13,000638,6.14,6.11,6.06
2015-01-14,2015-01-13,000919,13.20181214559861,13.18225390538291,13.20181214559861
2015-01-14,2015-01-13,002178,,,
2015-01-14,2015-01-13,002204,6.085385671566243,6.104328506341547,6.071178545484766
2015-01-14,2015-01-13,002213,10.11438040408354,10.1642049380938,10.10441549728149
2015-01-14,2015-01-13,002276,8.491134736079808,8.442944414081623,8.529686993678352
2015-01-14,2015-01-13,002345,7.753301435602485,7.72580745888049,7.716642799973158
2015-01-14,2015-01-13,002548,7.240159379092046,7.195049351807984,7.187531013927306
2015-01-14,2015-01-13,002583,4.537834668325168,4.528848857100761,4.492905612203137
2015-01-14,2015-01-13,002587,4.763929945962265,4.739099335670578,4.749741025795587
2015-01-14,2015-01-13,002595,8.639030559890672,8.648640160068526,8.96896016599699
2015-01-14,2015-01-13,002605,15.42588018646283,15.50626983422089,16.16725138245381
2015-01-14,2015-01-13,002697,3.965181113033506,3.955580190241658,3.955580190241658
2015-01-14,2015-01-13,300096,10.99847009733464,11.17844506256376,11.00846870651404
2015-01-14,2015-01-13,300129,4.648013029637102,4.638670289879038,4.629327550120974
2015-01-14,2015-01-13,300132,6.641408176964677,6.621845855383043,6.641408176964677
2015-01-14,2015-01-13,300232,3.654084680634442,3.646304514529471,3.609997072706276
2015-01-14,2015-01-13,300235,10.05871932910594,9.993991405495221,10.03282815966165
2015-01-14,2015-01-13,300246,14.85973217898938,14.84703697849472,15.05016018640915
2015-01-14,2015-01-13,300302,6.25132379887547,6.330188270686345,6.3170441920512
2015-01-14,2015-01-13,300304,3.619727926180051,3.656866037597767,3.651914289408738
2015-01-14,2015-01-13,600039,2.659557069890241,2.669786135543665,2.710702398157361
2015-01-14,2015-01-13,600056,,,
2015-01-14,2015-01-13,600138,15.86071636211655,15.87991819790603,15.89912003369552
2015-01-14,2015-01-13,600173,6.250134111720194,6.259676301203736,6.26921849068728
2015-01-14,2015-01-13,600743,3.662013652189613,3.644575491941091,3.679451812438134
2015-01-14,2015-01-13,600768,10.25941471215924,10.49571601071185,10.39725713631493
2015-01-14,2015-01-13,600773,11.88406492560755,11.9239109102701,11.90398791793882
2015-01-14,2015-01-13,600776,8.498462073660022,8.458980252179606,8.458980252179606
2015-01-14,2015-01-13,600787,8.511247893196687,8.48467792058525,8.431537975362378
2015-01-14,2015-01-13,600820,6.104803739310952,6.120517519849719,6.089089958772186
2015-01-15,2015-01-14,000554,8.118695821748108,8.224258060565164,8.176275224739229
2015-01-15,2015-01-14,000559,8.606787535715901,8.592608314075511,8.613877146536094
2015-01-15,2015-01-14,000631,3.24686897830868,3.241690558885541,3.236512139462401
2015-01-15,2015-01-14,000638,6.5,6.74,6.73
2015-01-15,2015-01-14,000919,13.13335830484366,13.25070774613787,13.29960334667712
2015-01-15,2015-01-14,002178,,,
2015-01-15,2015-01-14,002204,6.180099845442761,6.246399767156323,6.194306971524238
2015-01-15,2015-01-14,002213,10.03466114966712,9.974871708854803,9.984836615656855
2015-01-15,2015-01-14,002276,8.404392156483079,8.471858607280533,8.481496671680171
2015-01-15,2015-01-14,002345,7.844948024675801,8.055735179544424,8.074064497359089
2015-01-15,2015-01-14,002548,7.142420986643243,7.172494338165952,7.187531013927306
2015-01-15,2015-01-14,002583,4.447976556081105,4.47044108414212,4.474933989754324
2015-01-15,2015-01-14,002587,4.717815955420561,4.72845764554557,4.721363185462231
2015-01-15,2015-01-14,002595,8.975366566115559,8.87927056433702,8.930521765285574
2015-01-15,2015-01-14,002605,16.47987779040181,15.82782842525312,15.63132039740009
2015-01-15,2015-01-14,002697,3.926777421866112,3.931577883262036,3.931577883262036
2015-01-15,2015-01-14,300096,10.4685438108267,10.44854659246791,10.54853268426186
2015-01-15,2015-01-14,300129,4.563928371814521,4.591956591088715,4.577942481451619
2015-01-15,2015-01-14,300132,6.553377729847325,6.553377729847325,6.563158890638142
2015-01-15,2015-01-14,300232,3.542568966463199,3.589249963093021,3.628150793617874
2015-01-15,2015-01-14,300235,9.942209066606644,9.916317897162356,10.00693699021737
2015-01-15,2015-01-14,300246,14.72643257379554,15.03111738566717,14.94859858245193
2015-01-15,2015-01-14,300302,6.196118668607856,6.185603405699739,6.198747484334885
2015-01-15,2015-01-14,300304,3.634583170747137,3.661817785786796,3.629631422558109
2015-01-15,2015-01-14,600039,2.720931463810785,2.715816930984073,2.705587865330649
2015-01-15,2015-01-14,600056,,,
2015-01-15,2015-01-14,600138,15.74550534737962,15.75510626527437,15.95672554106399
2015-01-15,2015-01-14,600173,6.202423164302483,6.240591922236653,6.221507543269567
2015-01-15,2015-01-14,600743,3.653294572065352,3.662013652189613,3.662013652189613
2015-01-15,2015-01-14,600768,10.22987704984016,10.15110995032262,10.22987704984016
2015-01-15,2015-01-14,600773,11.77448846778552,11.84421894094499,11.79441146011679
2015-01-15,2015-01-14,600776,8.389887064588873,8.498462073660022,8.409627975329082
2015-01-15,2015-01-14,600787,8.413824660288089,8.431537975362378,8.360684715065215
2015-01-15,2015-01-14,600820,5.994807275539584,6.049805507425268,6.026234836617117
2015-01-16,2015-01-15,000554,8.35861000087778,8.272240896391098,8.291434030721472
2015-01-16,2015-01-15,000559,8.649325200637065,8.698952476378427,8.670594033097649
2015-01-16,2015-01-15,000631,3.324545269655778,3.319366850232639,3.314188430809499
2015-01-16,2015-01-15,000638,6.53,6.4,6.38
2015-01-16,2015-01-15,000919,13.28982422656927,13.31916158689282,13.28004510646142
2015-01-16,2015-01-15,002178,,6.922007825630399,6.922007825630399
2015-01-16,2015-01-15,002204,6.14694988458598,6.241664058462497,6.20377838891189
2015-01-16,2015-01-15,002213,10.03466114966712,10.02469624286507,10.02469624286507
2015-01-16,2015-01-15,002276,8.654981830873629,8.81882892566745,8.809190861267814
2015-01-16,2015-01-15,002345,8.248193016598387,8.284851652227713,8.294016311135046
2015-01-16,2015-01-15,002548,7.172494338165952,7.20256768968866,7.20256768968866
2015-01-16,2015-01-15,002583,4.447976556081105,4.461455272917714,4.461455272917714
2015-01-16,2015-01-15,002587,4.661060274753847,4.671701964878856,4.661060274753847
2015-01-16,2015-01-15,002595,8.808800163032759,8.984976166293414,8.940131365463429
2015-01-16,2015-01-15,002605,15.91715025609541,15.75637096057929,15.56879511581049
2015-01-16,2015-01-15,002697,3.93637834465796,3.93637834465796,3.921976960470187
2015-01-16,2015-01-15,300096,10.20857997216243,10.23857579970061,10.2685716272388
2015-01-16,2015-01-15,300129,4.638670289879038,4.629327550120974,4.648013029637102
2015-01-16,2015-01-15,300132,6.572940051428959,6.797906749617748,6.768563267245296
2015-01-16,2015-01-15,300232,3.718919398175862,3.698172288562608,3.708545843369235
2015-01-16,2015-01-15,300235,9.909845104801285,9.883953935356995,9.929263481884499
2015-01-16,2015-01-15,300246,14.41540016167658,14.20592935351483,14.30749095747204
2015-01-16,2015-01-15,300302,5.988442226172548,5.996328673353635,6.072564329437483
2015-01-16,2015-01-15,300304,3.614776177991022,3.60239680751845,3.619727926180051
2015-01-16,2015-01-15,600039,2.741389595117633,2.720931463810785,2.720931463810785
2015-01-16,2015-01-15,600056,,,
2015-01-16,2015-01-15,600138,15.95672554106399,16.01433104843245,15.95672554106399
2015-01-16,2015-01-15,600173,6.44097790139104,6.679532638479597,6.584110743644175
2015-01-16,2015-01-15,600743,3.766642613680745,3.775361693805006,3.757923533556483
2015-01-16,2015-01-15,600768,10.1806476126417,10.1806476126417,10.19049350008139
2015-01-16,2015-01-15,600773,11.90398791793882,11.94383390260138,11.91394941410447
2015-01-16,2015-01-15,600776,8.419498430699186,8.389887064588873,8.389887064588873
2015-01-16,2015-01-15,600787,8.688381043939595,8.644097756253867,8.626384441179576
2015-01-16,2015-01-15,600820,6.206943312812938,6.214800203082321,6.214800203082321
2015-01-19,2015-01-16,000554,8.368206568042968,8.041923284426614,8.214661493399978
2015-01-19,2015-01-16,000559,8.812386249501536,8.493353762592792,8.571339481614929
2015-01-19,2015-01-16,000631,3.314188430809499,3.200263203500422,3.220976881192982
2015-01-19,2015-01-16,000638,6.4,6.16,6.23
2015-01-19,2015-01-16,000919,13.29960334667712,13.045346223873,13.25070774613787
2015-01-19,2015-01-16,002178,6.922007825630399,7.615309086385113,7.615309086385113
2015-01-19,2015-01-16,002204,6.165892719361283,5.90542874120086,5.9859357889959
2015-01-19,2015-01-16,002213,10.05459096327122,9.905117361240432,9.935012081646592
2015-01-19,2015-01-16,002276,9.011590213660179,8.654981830873629,8.857381183265995
2015-01-19,2015-01-16,002345,8.339839605671703,8.229863698783726,8.697261303057633
2015-01-19,2015-01-16,002548,7.210086027569337,7.119865973001213,7.157457662404598
2015-01-19,2015-01-16,002583,4.515370140264152,4.443483650468902,4.456962367305511
2015-01-19,2015-01-16,002587,4.756835485878926,4.632682434420491,4.732004875587239
2015-01-19,2015-01-16,002595,9.039430567301252,8.683875360720657,8.991382566411982
2015-01-19,2015-01-16,002605,15.97074335460078,15.46160891879975,15.72064222824238
2015-01-19,2015-01-16,002697,3.950779728845734,3.912376037678339,3.917176499074263
2015-01-19,2015-01-16,300096,10.78849930456735,10.58852712097944,10.96847426979646
2015-01-19,2015-01-16,300129,4.699398098306458,4.619984810362909,4.662027139274199
2015-01-19,2015-01-16,300132,7.228277824413691,7.218496663622874,7.492369165765748
2015-01-19,2015-01-16,300232,3.734479730385803,3.597030129197992,3.734479730385803
2015-01-19,2015-01-16,300235,10.29173985410453,10.16228400688309,10.42119570132598
2015-01-19,2015-01-16,300246,14.57409016785972,14.52330936588111,14.72008497354821
2015-01-19,2015-01-16,300302,6.222406825878148,6.067306697983424,6.411681558224251
2015-01-19,2015-01-16,300304,3.656866037597767,3.590017437045879,3.651914289408738
2015-01-19,2015-01-16,600039,2.720931463810785,2.608411741623121,2.639098938583393
2015-01-19,2015-01-16,600056,,,
2015-01-19,2015-01-16,600138,16.42717051790643,16.01433104843245,16.48477602527489
2015-01-19,2015-01-16,600173,6.47914665932521,6.297845059137906,6.259676301203736
2015-01-19,2015-01-16,600743,3.723047213059439,3.557384690698481,3.592261011195525
2015-01-19,2015-01-16,600768,10.23972293727985,10.02311341360662,10.09203462568447
2015-01-19,2015-01-16,600773,12.09325634508597,11.81433445244807,11.90398791793882
2015-01-19,2015-01-16,600776,8.478721162919813,8.261571144777513,8.310923421628036
2015-01-19,2015-01-16,600787,8.688381043939595,8.280974797230908,8.466964605510961
2015-01-19,2015-01-16,600820,6.301225996045539,5.994807275539584,6.104803739310952
2015-01-20,2015-01-19,000554,7.907571344113997,7.965150747105119,8.022730150096239
2015-01-20,2015-01-19,000559,8.358651157009099,8.500443373412985,8.472084930132208
2015-01-20,2015-01-19,000631,3.055267459652507,3.086337976191345,3.096694815037626
2015-01-20,2015-01-19,000638,6.6,,
2015-01-20,2015-01-19,000919,13.23114950592216,13.58319782980479,13.71032639120685
2015-01-20,2015-01-19,002178,7.439232575717249,8.182055355097299,8.182055355097299
2015-01-20,2015-01-19,002204,5.692321849978696,5.768093189079909,5.768093189079909
2015-01-20,2015-01-19,002213,10.00476642926096,10.02469624286507,10.04462605646917
2015-01-20,2015-01-19,002276,8.751362474869994,8.828466990067087,8.973037956061635
2015-01-20,2015-01-19,002345,8.523132783818335,8.596450055076987,8.660602667428307
2015-01-20,2015-01-19,002548,7.337897771540848,7.337897771540848,7.405562812466941
2015-01-20,2015-01-19,002583,4.443483650468902,4.488412706590934,4.515370140264152
2015-01-20,2015-01-19,002587,4.671701964878856,4.717815955420561,4.739099335670578
2015-01-20,2015-01-19,002595,8.898489764692728,8.962553765878422,8.930521765285574
2015-01-20,2015-01-19,002605,15.71171004515815,15.92608243917963,15.92608243917963
2015-01-20,2015-01-19,002697,3.840369116739474,3.888373730698717,3.888373730698717
2015-01-20,2015-01-19,300096,11.86834909594202,11.91834214183899,12.04832406117113
2015-01-20,2015-01-19,300129,4.624656180241941,4.68538398866936,4.722754947701619
2015-01-20,2015-01-19,300132,7.345651753903494,7.374995236275945,7.365214075485128
2015-01-20,2015-01-19,300232,3.747446673894087,3.773380560910655,3.788940893120595
2015-01-20,2015-01-19,300235,10.27879426938239,10.4147229089649,10.51828758674205
2015-01-20,2015-01-19,300246,15.10094098838775,15.26597859481822,15.67857261089438
2015-01-20,2015-01-19,300302,6.225035641605177,6.545751160302741,6.572039317573034
2015-01-20,2015-01-19,300304,4.023295403585898,4.117378619177445,4.300593302171511
2015-01-20,2015-01-19,600039,2.521464683569016,2.567495479009425,2.582839077489561
2015-01-20,2015-01-19,600056,,,
2015-01-20,2015-01-19,600138,16.14874389895886,16.2447530779063,16.32156042106424
2015-01-20,2015-01-19,600173,6.221507543269567,6.297845059137906,6.316929438104991
2015-01-20,2015-01-19,600743,3.356845847840479,3.409160328586045,3.426598488834566
2015-01-20,2015-01-19,600768,10.04280518848601,10.11172640056385,10.19049350008139
2015-01-20,2015-01-19,600773,11.71471949079168,11.85418043711063,11.83425744477935
2015-01-20,2015-01-19,600776,8.172737046446573,8.261571144777513,8.330664332368245
2015-01-20,2015-01-19,600787,8.183551564322309,8.289831454768052,8.33411474245378
2015-01-20,2015-01-19,600820,5.711959225841779,5.853383250690682,5.892667702037599
2015-01-21,2015-01-20,000518,5.48,5.46,5.51
2015-01-21,2015-01-20,000554,8.080309553087361,8.080309553087361,8.099502687417734
2015-01-21,2015-01-20,000559,8.599697924895706,8.620966757356289,8.670594033097649
2015-01-21,2015-01-20,000603,12.52643873478226,12.66910887982533,12.88786976889139
2015-01-21,2015-01-20,000638,,,
2015-01-21,2015-01-20,000812,4.473674055682243,4.493295433119446,4.506376351410914
2015-01-21,2015-01-20,000838,2.395406578646985,,
2015-01-21,2015-01-20,000919,13.91568791347172,13.88635055314817,13.91568791347172
2015-01-21,2015-01-20,002204,5.843864528181124,5.891221615119382,5.891221615119382
2015-01-21,2015-01-20,002208,4.725949635682122,4.756244184628803,4.816833282522163
2015-01-21,2015-01-20,002345,9.008859705906906,9.146329589516879,9.164658907331543
2015-01-21,2015-01-20,002510,4.539499320636363,4.568692242312482,4.622212598718698
2015-01-21,2015-01-20,002535,6.669909502157934,6.692962184769079,6.769804460139562
2015-01-21,2015-01-20,002548,7.593521259483869,7.593521259483869,7.631112948887255
2015-01-21,2015-01-20,002583,4.596242441283809,4.600735346896012,4.7265367040377
2015-01-21,2015-01-20,002594,12.32879498586405,12.43641476237736,12.3826048741207
2015-01-21,2015-01-20,002605,16.42628469189644,16.58706398741255,16.56026743815987
2015-01-21,2015-01-20,002697,3.93637834465796,3.93637834465796,3.998784342804977
2015-01-21,2015-01-20,300034,10.4251317409366,10.56979965754977,10.67377972261549
2015-01-21,2015-01-20,300096,13.05818358829004,13.59810848397738,13.82807649510347
2015-01-21,2015-01-20,300107,4.273303195325701,4.294416353405373,4.361978459260325
2015-01-21,2015-01-20,300110,4.022437525385257,4.011170193381377,4.084407851406599
2015-01-21,2015-01-20,300127,11.33979055075679,11.41295048979394,11.51354540597
2015-01-21,2015-01-20,300132,7.776022828699438,7.795585150281071,7.746679346326987
2015-01-21,2015-01-20,300302,6.737654708375874,6.779715760008341,6.834920890275955
2015-01-21,2015-01-20,300308,5.175913006125178,5.126144611835513,5.195820363841044
2015-01-21,2015-01-20,600039,2.593068143142985,2.598182675969697,2.598182675969697
2015-01-21,2015-01-20,600056,,,
2015-01-21,2015-01-20,600138,16.55198245053809,16.56158336843284,16.76320264422246
2015-01-21,2015-01-20,600173,6.316929438104991,6.345556006555618,6.35509819603916
2015-01-21,2015-01-20,600663,11.66935495443206,11.67289971596135,11.76860827725226
2015-01-21,2015-01-20,600776,8.498462073660022,8.557684805880649,8.6662598149518
2015-01-21,2015-01-20,600787,8.502391235659541,8.537817865808124,8.58210115349385
2015-01-21,2015-01-20,600967,12.30895751652162,12.37107914782347,12.59294211675861
2015-01-22,2015-01-21,000518,5.54,5.58,5.57
2015-01-22,2015-01-21,000554,8.320223732217032,8.310627165051846,8.349013433712592
2015-01-22,2015-01-21,000559,8.840744692782312,8.805296638681341,8.847834303602507
2015-01-22,2015-01-21,000603,13.24930080300052,13.13516468696606,13.32539154702349
2015-01-22,2015-01-21,000638,,,
2015-01-22,2015-01-21,000812,4.591402320305459,4.578321402013991,4.604483238596928
2015-01-22,2015-01-21,000838,,2.509853781849008,2.555100350556784
2015-01-22,2015-01-21,000919,13.98414175422668,13.89612967325602,13.97436263411882
2015-01-22,2015-01-21,002204,5.971728662914422,6.009614332465029,5.981200080302075
2015-01-22,2015-01-21,002208,4.895599109783532,4.938011478308884,4.950129297887556
2015-01-22,2015-01-21,002345,9.15549424842421,9.008859705906906,9.036353682628899
2015-01-22,2015-01-21,002510,4.612481624826659,4.60761613788064,4.612481624826659
2015-01-22,2015-01-21,002535,6.946541693491672,6.946541693491672,6.900436328269383
2015-01-22,2015-01-21,002548,7.638631286767932,7.623594611006578,7.638631286767932
2015-01-22,2015-01-21,002583,4.677114742303465,4.654650214242449,4.699579270364481
2015-01-22,2015-01-21,002594,12.49655522572304,12.58201798942479,12.51871223853461
2015-01-22,2015-01-21,002605,16.96221567695016,16.93541912769747,16.84609729685518
2015-01-22,2015-01-21,002697,3.998784342804977,4.032387572576448,4.061190340951994
2015-01-22,2015-01-21,300034,10.85461461838196,10.98119904541848,11.02640776936009
2015-01-22,2015-01-21,300096,13.69809457577133,14.06804311540895,13.76808484002709
2015-01-22,2015-01-21,300107,4.408427407035605,4.429540565115277,4.40420477541967
2015-01-22,2015-01-21,300110,4.056239521396899,4.044972189393018,4.078774185404659
2015-01-22,2015-01-21,300127,11.51354540597,11.52269039834965,11.50440041359036
2015-01-22,2015-01-21,300132,7.727117024745354,7.766241667908622,7.756460507117803
2015-01-22,2015-01-21,300302,6.834920890275955,6.729768261194787,6.787602207189429
2015-01-22,2015-01-21,300308,5.20079720327001,5.151028808980345,5.170936166696212
2015-01-22,2015-01-21,600039,2.664671602716953,2.654442537063529,2.680015201197089
2015-01-22,2015-01-21,600056,,,
2015-01-22,2015-01-21,600138,17.1472393600122,17.25284945685438,17.39686322527554
2015-01-22,2015-01-21,600173,6.421893522423956,6.383724764489787,6.412351332940413
2015-01-22,2015-01-21,600663,12.36767297570275,13.02345385862193,13.0872595661492
2015-01-22,2015-01-21,600776,8.764964368652846,8.774834824022951,8.922891654574517
2015-01-22,2015-01-21,600787,8.821230906996774,8.723807674088174,8.776947619311048
2015-01-22,2015-01-21,600967,12.5751930792438,12.53969500421417,12.5840675980012
2015-01-23,2015-01-22,000518,5.58,5.55,5.53
2015-01-23,2015-01-22,000554,8.560137911346704,8.560137911346704,8.569734478511892
2015-01-23,2015-01-22,000559,9.202314844612223,9.159777179691057,9.095970682309307
2015-01-23,2015-01-22,000603,13.68682258113262,14.04825361524175,13.88656078419293
2015-01-23,2015-01-22,000638,,,
2015-01-23,2015-01-22,000812,4.656806911762803,4.669887830054271,4.663347370908537
2015-01-23,2015-01-22,000838,2.634947236511684,2.72011724819691,2.674870679489134
2015-01-23,2015-01-22,000919,13.96458351401097,13.92546703357957,13.84723407271676
2015-01-23,2015-01-22,002204,6.023821458546507,5.981200080302075,5.976464371608248
2015-01-23,2015-01-22,002208,4.931952568519549,4.94407038809822,4.94407038809822
2015-01-23,2015-01-22,002345,9.036353682628899,8.999695046999575,8.926377775740923
2015-01-23,2015-01-22,002510,4.695194902908994,4.680598442070933,4.690329415962974
2015-01-23,2015-01-22,002535,6.96191014856577,6.96191014856577,6.96191014856577
2015-01-23,2015-01-22,002548,8.405501750596995,8.600978535494599,8.322800033909548
2015-01-23,2015-01-22,002583,4.987125229545481,4.888281306077013,4.906252928525825
2015-01-23,2015-01-22,002594,12.60100971469185,12.72129064138321,12.86372858088613
2015-01-23,2015-01-22,002605,16.97114786003439,17.09619842321359,16.8818260291921
2015-01-23,2015-01-22,002697,4.397222638666697,4.454828175417789,4.454828175417789
2015-01-23,2015-01-22,300034,11.38355668849886,11.2614931338565,11.1665548135791
2015-01-23,2015-01-22,300096,13.73808901248891,13.67809735741254,13.39813630038947
2015-01-23,2015-01-22,300107,4.442208459963081,4.446431091579015,4.433763196731212
2015-01-23,2015-01-22,300110,4.073140519402719,4.056239521396899,4.073140519402719
2015-01-23,2015-01-22,300127,11.641575299285,11.71473523832214,11.65072029166464
2015-01-23,2015-01-22,300132,7.756460507117803,7.717335863954536,7.648867738418819
2015-01-23,2015-01-22,300302,6.81651918018675,6.845436153184071,6.85069378463813
2015-01-23,2015-01-22,300308,5.330195028423141,,
2015-01-23,2015-01-22,600039,2.731160529464209,2.726045996637497,2.710702398157361
2015-01-23,2015-01-22,600056,,,
2015-01-23,2015-01-22,600138,17.3008540463281,17.31045496422285,17.17604211369643
2015-01-23,2015-01-22,600173,6.421893522423956,6.52685760674292,6.56502636467709
2015-01-23,2015-01-22,600663,12.95255862803607,13.06953575850274,13.00218528944617
2015-01-23,2015-01-22,600776,9.12030076197661,9.159782583457027,9.011725752905461
2015-01-23,2015-01-22,600787,8.883227509756791,8.936367454979663,8.892084167293937
2015-01-23,2015-01-22,600967,12.81480508569375,12.7349344168771,12.7349344168771
2015-01-26,2015-01-23,000518,5.83,5.81,5.77
2015-01-26,2015-01-23,000554,8.588927612842264,8.492961941190396,8.521751642685958
2015-01-26,2015-01-23,000559,8.96835768754581,9.095970682309307,9.032164184927559
2015-01-26,2015-01-23,000603,13.39197094804359,13.34441423302924,13.26832348900626
2015-01-26,2015-01-23,000638,,,
2015-01-26,2015-01-23,000812,4.611023697742662,4.604483238596928,4.637185534325599
2015-01-26,2015-01-23,000838,2.584377542073581,2.531146284770315,2.539130973365805
2015-01-26,2015-01-23,000919,13.700547271099,13.75922199174611,13.83745495260891
2015-01-26,2015-01-23,002204,5.891221615119382,5.943314410751467,5.971728662914422
2015-01-26,2015-01-23,002208,4.895599109783532,4.907716929362204,4.925893658730213
2015-01-26,2015-01-23,002345,8.889719140111595,8.788907892130949,8.91721311683359
2015-01-26,2015-01-23,002510,4.612481624826659,4.661136494286856,4.641674546502776
2015-01-26,2015-01-23,002535,6.838962507972997,6.81590982536185,6.862015190584141
2015-01-26,2015-01-23,002548,8.074694883847204,8.044621532324495,8.202506627818714
2015-01-26,2015-01-23,002583,4.834366438730575,4.874802589240403,5.000603946382091
2015-01-26,2015-01-23,002594,12.69596834102713,12.80358811754045,12.67697661576008
2015-01-26,2015-01-23,002605,16.64958926900215,16.74784328292867,16.57813180432832
2015-01-26,2015-01-23,002697,4.34441756331153,4.320415256331907,4.392422177270773
2015-01-26,2015-01-23,300034,11.02188689696593,11.19820092033823,11.19368004794407
2015-01-26,2015-01-23,300096,13.27815299023673,13.35814186367189,13.42813212792766
2015-01-26,2015-01-23,300107,4.598445829752657,4.590000566520787,4.539328987129574
2015-01-26,2015-01-23,300110,4.033704857389138,4.011170193381377,4.005536527379437
2015-01-26,2015-01-23,300127,11.44038546693286,11.46782044407179,11.60499532976643
2015-01-26,2015-01-23,300132,7.560837291301467,7.570618452092283,7.570618452092283
2015-01-26,2015-01-23,300302,6.629873263567676,6.876981941908422,6.834920890275955
2015-01-26,2015-01-23,300308,,5.290380312991409,5.250565597559676
2015-01-26,2015-01-23,600039,2.685129734023801,2.710702398157361,2.695358799677225
2015-01-26,2015-01-23,600056,,,
2015-01-26,2015-01-23,600138,16.9936246736963,17.02242742738053,17.20484486738066
2015-01-26,2015-01-23,600173,6.488688848808751,6.56502636467709,6.669990448996055
2015-01-26,2015-01-23,600663,13.00927481250476,12.97028243568254,12.76468626698355
2015-01-26,2015-01-23,600776,9.001855297535354,9.051207574385877,9.041337119015774
2015-01-26,2015-01-23,600787,9.299490414002623,9.361487016762641,9.308347071539769
2015-01-26,2015-01-23,600967,12.55744404172898,12.71718537936229,12.69056182309007
2015-01-27,2015-01-26,000518,5.84,5.82,5.77
2015-01-27,2015-01-26,000554,8.694489851659322,8.656103582998574,8.646507015833386
2015-01-27,2015-01-26,000559,9.095970682309307,9.11723951476989,9.152687568870862
2015-01-27,2015-01-26,000603,13.63926586611826,13.51561840708093,13.4585503490637
2015-01-27,2015-01-26,000638,,6.8,6.8
2015-01-27,2015-01-26,000812,4.735292421511613,4.735292421511613,4.741832880657348
2015-01-27,2015-01-26,000838,2.640270362242011,2.621639422185867,2.613654733590378
2015-01-27,2015-01-26,000919,13.90590879336387,13.93524615368742,13.91568791347172
2015-01-27,2015-01-26,002204,6.052235710709462,6.047500002015636,6.033292875934158
2015-01-27,2015-01-26,002208,5.010718395780917,5.016777305570253,5.028895125148925
2015-01-27,2015-01-26,002345,8.91721311683359,8.834731186667607,8.843895845574938
2015-01-27,2015-01-26,002510,4.748715259315209,4.734118798477151,4.74384977236919
2015-01-27,2015-01-26,002535,6.946541693491672,6.923489010880528,6.938857465954624
2015-01-27,2015-01-26,002548,8.172433276296005,8.194988289938038,8.194988289938038
2015-01-27,2015-01-26,002583,5.000603946382091,5.014082663218701,4.978139418321075
2015-01-27,2015-01-26,002594,12.69280305348262,12.71179477874968,12.68014190330459
2015-01-27,2015-01-26,002605,17.32843518340353,17.2569777187297,17.14979152171896
2015-01-27,2015-01-26,002697,4.392422177270773,4.435626329834092,4.450027714021865
2015-01-27,2015-01-26,300034,11.08969998287836,11.21176353752072,11.25245138906817
2015-01-27,2015-01-26,300096,13.58810987479798,13.51811961054222,13.5481154380804
2015-01-27,2015-01-26,300107,4.602668461368592,4.551996881977377,4.556219513593311
2015-01-27,2015-01-26,300110,4.073140519402719,4.039338523391078,4.016803859383317
2015-01-27,2015-01-26,300127,11.84276513163713,11.79704016973892,11.76960519259999
2015-01-27,2015-01-26,300132,7.619524256046367,7.629305416837184,7.629305416837184
2015-01-27,2015-01-26,300302,7.005793912532853,7.068885489981555,7.166151671881636
2015-01-27,2015-01-26,300308,5.320241349565207,5.290380312991409,5.325218188994174
2015-01-27,2015-01-26,600039,2.731160529464209,2.731160529464209,2.720931463810785
2015-01-27,2015-01-26,600056,,,
2015-01-27,2015-01-26,600138,17.34885863580182,17.24324853895964,17.25284945685438
2015-01-27,2015-01-26,600173,6.813123291249188,6.73678577538085,6.784496722798562
2015-01-27,2015-01-26,600663,13.55516808801586,13.38147477308051,13.32475858861182
2015-01-27,2015-01-26,600776,9.288098503268387,9.33745078011891,9.278228047898283
2015-01-27,2015-01-26,600787,9.671470030562729,9.662613373025584,9.503193537356967
2015-01-27,2015-01-26,600967,12.82367960445115,12.8946757545104,12.93904834829743
2015-01-28,2015-01-27,000034,4.40427602447514,4.378215219596588,4.391245622035864
2015-01-28,2015-01-27,000518,5.73,5.76,5.74
2015-01-28,2015-01-27,000559,9.230673287893,9.216494066252611,9.237762898713195
2015-01-28,2015-01-27,000628,9.893727578372143,9.776757400105675,9.698777281261362
2015-01-28,2015-01-27,000756,6.050517354128141,6.057643994121225,6.114657114065896
2015-01-28,2015-01-27,000838,2.640270362242011,2.67220911662397,2.674870679489134
2015-01-28,2015-01-27,000919,14.09171207541304,14.08193295530518,14.06237471508948
2015-01-28,2015-01-27,002060,2.995976214766759,2.983423241799859,2.987607566122159
2015-01-28,2015-01-27,002204,6.028557167240333,5.981200080302075,5.9859357889959
2015-01-28,2015-01-27,002345,9.128000271702216,9.118835612794884,9.228811519682862
2015-01-28,2015-01-27,002546,4.593158168024787,4.593158168024787,4.599922760319374
2015-01-28,2015-01-27,002548,8.255134992983454,8.179951614176684,8.202506627818714
2015-01-28,2015-01-27,002583,4.982632323933278,4.960167795872263,4.969153607096669
2015-01-28,2015-01-27,002587,5.06899172954585,5.051255579337503,5.051255579337503
2015-01-28,2015-01-27,300096,14.20802364392048,14.14803198884411,14.47798609176415
2015-01-28,2015-01-27,300107,4.518215829049901,4.49710267097023,4.492880039354294
2015-01-28,2015-01-27,300110,4.022437525385257,3.994269195375557,4.033704857389138
2015-01-28,2015-01-27,300127,11.76960519259999,11.71473523832214,11.73302522308142
2015-01-28,2015-01-27,300132,7.678211220791268,7.668430060000452,7.639086577628
2015-01-28,2015-01-27,300232,4.030126042374679,4.017159098866395,4.037906208479649
2015-01-28,2015-01-27,300304,4.71654015004993,4.728919520522503,4.699209031388329
2015-01-28,2015-01-27,300308,5.205774042698978,5.136098290693446,5.210750882127944
2015-01-28,2015-01-27,300337,6.320829087098059,6.280137054348501,6.284658391320674
2015-01-28,2015-01-27,600039,2.782305857731329,2.761847726424481,2.792534923384753
2015-01-28,2015-01-27,600056,,10.80392856246544,10.80983880784972
2015-01-28,2015-01-27,600152,7.446618833881322,7.346798206081305,7.396708519981313
2015-01-28,2015-01-27,600390,8.51020566504309,8.469291214730383,8.530662890199443
2015-01-28,2015-01-27,600480,6.815342464369923,6.74517764833317,6.777921229150322
2015-01-28,2015-01-27,600698,5.89,5.86,5.88
2015-01-28,2015-01-27,600789,6.636720186165239,6.717120981372087,6.69519349177022
2015-01-28,2015-01-27,600820,6.489791362510742,6.434793130625057,6.442650020894441
2015-01-28,2015-01-27,600843,13.19073476702509,13.05198924731183,13.10154121863799
2015-01-28,2015-01-27,600980,15.63590342963818,15.76239175856494,15.80131124438855
2015-01-29,2015-01-28,000034,4.332608811059124,4.482458439110793,4.423821628134053
2015-01-29,2015-01-28,000518,5.67,5.64,5.65
2015-01-29,2015-01-28,000559,9.010895352466976,8.904551190164062,8.897461579343867
2015-01-29,2015-01-28,000628,9.552564558428278,9.445341895017346,9.747514855539057
2015-01-29,2015-01-28,000756,6.036264074141974,5.979250954197304,5.957871034218051
2015-01-29,2015-01-28,000838,2.645593487972337,2.629624110781358,2.661562865163317
2015-01-29,2015-01-28,000919,14.11127031562874,14.13082855584444,14.15038679606014
2015-01-29,2015-01-28,002060,2.966685944510659,2.95831729586606,2.95831729586606
2015-01-29,2015-01-28,002204,5.929107284669989,5.895957323813208,5.976464371608248
2015-01-29,2015-01-28,002345,9.522080604717473,9.604562534883456,9.668715147234778
2015-01-29,2015-01-28,002546,4.657421794823366,4.633745721792311,4.610069648761256
2015-01-29,2015-01-28,002548,8.119804911131267,7.976956491398401,8.044621532324495
2015-01-29,2015-01-28,002583,5.063504624952935,4.987125229545481,5.014082663218701
2015-01-29,2015-01-28,002587,5.129294640254234,5.06899172954585,5.037066659170824
2015-01-29,2015-01-28,300096,14.09803894294713,13.93806119607681,13.82807649510347
2015-01-29,2015-01-28,300107,4.543551618745508,4.509770565818032,4.505547934202098
2015-01-29,2015-01-28,300110,4.13511084542406,4.090041517408538,4.12947717942212
2015-01-29,2015-01-28,300127,11.55012537548857,11.46782044407179,11.5775603526275
2015-01-29,2015-01-28,300132,7.73689818553617,7.678211220791268,7.776022828699438
2015-01-29,2015-01-28,300232,4.271311191628762,4.237597138507224,4.211663251490655
2015-01-29,2015-01-28,300304,4.830430358397592,4.704160779577358,4.652167423592555
2015-01-29,2015-01-28,300308,5.156005648409312,5.146051969551379,5.245588758130709
2015-01-29,2015-01-28,300337,6.375085130764137,6.302743739209366,6.338914434986751
2015-01-29,2015-01-28,600039,2.981772637973097,2.910169178399129,2.894825579918993
2015-01-29,2015-01-28,600056,10.36066015864437,9.781456110984847,9.811007337906251
2015-01-29,2015-01-28,600152,7.396708519981313,7.406690582761315,7.526475336121337
2015-01-29,2015-01-28,600390,8.394281389157086,8.442014914521911,8.421557689365557
2015-01-29,2015-01-28,600480,6.679690486698868,6.618880979467016,6.632913942674366
2015-01-29,2015-01-28,600698,5.85,5.78,5.77
2015-01-29,2015-01-28,600789,6.651338512566484,6.534391901356524,6.54901022775777
2015-01-29,2015-01-28,600820,6.521218923588277,6.466220691702592,6.497648252780126
2015-01-29,2015-01-28,600843,13.09163082437276,13.03216845878136,13.0420788530466
2015-01-29,2015-01-28,600980,15.81104111584446,15.64563330109408,15.6650930440059
2015-01-30,2015-01-29,000034,4.430336829353691,4.40427602447514,4.40427602447514
2015-01-30,2015-01-29,000518,5.57,5.58,5.58
2015-01-30,2015-01-29,000559,9.003805741646781,8.9825369091862,9.003805741646781
2015-01-30,2015-01-29,000628,9.533069528717197,9.533069528717197,9.562312073283817
2015-01-30,2015-01-29,000756,5.915111194259549,5.979250954197304,5.943617754231885
2015-01-30,2015-01-29,000838,2.666885990893644,2.717455685331747,2.773348505500176
2015-01-30,2015-01-29,000919,14.12104943573659,14.16994503627584,14.15038679606014
2015-01-30,2015-01-29,002060,2.979238917477559,2.991791890444459,2.966685944510659
2015-01-30,2015-01-29,002204,5.995407206383552,6.033292875934158,6.023821458546507
2015-01-30,2015-01-29,002345,9.347952085478171,9.375446062200169,9.192152884053536
2015-01-30,2015-01-29,002546,4.579628983435612,4.5863935757302,4.583011279582906
2015-01-30,2015-01-29,002548,7.901773112591631,8.00702984292111,7.931846464114339
2015-01-30,2015-01-29,002583,5.11292658668717,5.153362737196997,5.135391114748185
2015-01-30,2015-01-29,002587,5.07253895958752,5.33858121271274,5.299561682254375
2015-01-30,2015-01-29,300096,13.73808901248891,13.92806258689742,13.77808344920649
2015-01-30,2015-01-29,300107,4.999595833266433,4.94047899064335,4.856026358324661
2015-01-30,2015-01-29,300110,4.090041517408538,4.073140519402719,4.067506853400778
2015-01-30,2015-01-29,300127,11.47696543645143,11.55927036786822,11.58670534500714
2015-01-30,2015-01-29,300132,7.981427205306593,7.961864883724959,7.883615597398424
2015-01-30,2015-01-29,300232,4.214256640192312,4.266124414225448,4.214256640192312
2015-01-30,2015-01-29,300304,4.704160779577358,4.679402038632213,4.691781409104786
2015-01-30,2015-01-29,300308,5.146051969551379,5.20079720327001,5.190843524412077
2015-01-30,2015-01-29,300337,6.329871761042405,6.302743739209366,6.320829087098059
2015-01-30,2015-01-29,600039,2.838565718825161,2.864138382958721,2.853909317305297
2015-01-30,2015-01-29,600056,9.811007337906251,9.799186847137687,9.822827828674813
2015-01-30,2015-01-29,600152,7.586367712801347,7.436636771101321,7.426654708321319
2015-01-30,2015-01-29,600390,8.360186013896497,8.401100464209204,8.38064323905285
2015-01-30,2015-01-29,600480,6.511294928210661,6.600170361857215,6.567426781040063
2015-01-30,2015-01-29,600698,5.78,5.84,5.82
2015-01-30,2015-01-29,600789,6.468609432550921,6.483227758952166,6.439372779748432
2015-01-30,2015-01-29,600820,6.419079350086291,6.458363801433209,6.426936240355674
2015-01-30,2015-01-29,600843,13.19073476702509,13.26010752688172,13.24028673835125
2015-01-30,2015-01-29,600980,15.71374240128542,15.85969047312398,15.80131124438855
2015-02-02,2015-01-30,000034,4.410791225694777,4.339124012278762,4.293517603741297
2015-02-02,2015-01-30,000518,5.58,5.55,5.52
2015-02-02,2015-01-30,000559,8.911640800984255,8.840744692782312,8.975447298366005
2015-02-02,2015-01-30,000628,9.386856805884113,9.113926389929018,9.016451241373629
2015-02-02,2015-01-30,000756,5.915111194259549,5.843844794328711,5.85809807431488
2015-02-02,2015-01-30,000838,2.786656319825993,2.730763499657563,2.653578176567827
2015-02-02,2015-01-30,000919,13.82767583250106,13.88635055314817,13.86679231293247
2015-02-02,2015-01-30,002060,2.93739567425456,2.88718378238696,2.89136810670926
2015-02-02,2015-01-30,002204,5.867543071650253,5.758621771692258,5.772828897773736
2015-02-02,2015-01-30,002345,9.265470155312189,9.063847659350897,9.09134163607289
2015-02-02,2015-01-30,002546,4.576246687288318,4.599922760319374,4.566099798846437
2015-02-02,2015-01-30,002548,7.924328126233661,8.210024965699391,8.179951614176684
2015-02-02,2015-01-30,002583,4.996111040769887,4.919731645362434,4.897267117301419
2015-02-02,2015-01-30,002587,5.207333701170965,5.104464029962546,5.147030790462582
2015-02-02,2015-01-30,300096,13.15816968008399,12.82821557716395,12.87820862306093
2015-02-02,2015-01-30,300107,4.822245305397185,4.767351094390036,4.813800042165315
2015-02-02,2015-01-30,300110,4.033704857389138,4.073140519402719,4.050605855394958
2015-02-02,2015-01-30,300127,11.26663061171965,11.28492059647894,11.30321058123822
2015-02-02,2015-01-30,300132,7.639086577628,7.482588004974931,7.472806844184113
2015-02-02,2015-01-30,300232,4.071620261601187,3.934170660413377,3.967884713534916
2015-02-02,2015-01-30,300304,4.449145747842374,4.369917776817914,4.364966028628885
2015-02-02,2015-01-30,300308,5.076376217545848,4.937024713534785,5.006700465540317
2015-02-02,2015-01-30,300337,6.225881010682423,6.126411597294614,6.19423165187721
2015-02-02,2015-01-30,600039,2.761847726424481,2.726045996637497,2.710702398157361
2015-02-02,2015-01-30,600056,9.586418013303575,9.355918443316623,9.296815989473814
2015-02-02,2015-01-30,600152,7.486547085001329,7.346798206081305,7.396708519981313
2015-02-02,2015-01-30,600390,8.182890062541432,8.073784861707546,8.073784861707546
2015-02-02,2015-01-30,600480,6.45984072978371,6.399031222551857,6.347577024124905
2015-02-02,2015-01-30,600698,5.65,5.6,5.58
2015-02-02,2015-01-30,600789,6.644029349365862,,
2015-02-02,2015-01-30,600820,6.214800203082321,6.089089958772186,6.096946849041569
2015-02-02,2015-01-30,600843,12.79431899641577,12.48709677419355,12.58620071684588
2015-02-02,2015-01-30,600980,15.451035871976,15.41211638615238,15.59698394381457
2015-02-03,2015-02-02,000034,4.332608811059124,4.352154414718037,4.365184817157314
2015-02-03,2015-02-02,000518,5.54,5.54,5.55
2015-02-03,2015-02-02,000559,8.904551190164062,8.961268076725617,8.954178465905422
2015-02-03,2015-02-02,000628,9.065188815651325,9.113926389929018,9.084683845362402
2015-02-03,2015-02-02,000756,5.922237834252633,5.957871034218051,5.957871034218051
2015-02-03,2015-02-02,000838,2.682855368084624,2.674870679489134,2.68817849381495
2015-02-03,2015-02-02,000919,13.88635055314817,13.92546703357957,13.93524615368742
2015-02-03,2015-02-02,002060,2.91647405264306,2.93321134993226,2.93739567425456
2015-02-03,2015-02-02,002204,5.734943228223129,5.763357480386084,5.777564606467561
2015-02-03,2015-02-02,002345,9.219646860775532,9.375446062200169,9.39377538001483
2015-02-03,2015-02-02,002546,4.576246687288318,4.576246687288318,4.59654046417208
2015-02-03,2015-02-02,002548,8.149878262653974,,
2015-02-03,2015-02-02,002583,4.955674890260059,5.000603946382091,4.969153607096669
2015-02-03,2015-02-02,002587,5.267636611879348,5.303108912296044,5.232164311462652
2015-02-03,2015-02-02,300096,13.38813769121008,13.41813351874826,13.51811961054222
2015-02-03,2015-02-02,300107,4.771573726005971,4.805354778933447,4.771573726005971
2015-02-03,2015-02-02,300110,4.044972189393018,4.095675183410479,4.078774185404659
2015-02-03,2015-02-02,300127,11.33064555837715,11.33979055075679,11.45867545169215
2015-02-03,2015-02-02,300132,7.482588004974931,7.551056130510649,7.5803996128831
2015-02-03,2015-02-02,300232,3.973071490938229,4.024939264971365,4.048279763286276
2015-02-03,2015-02-02,300304,4.493711481543634,4.548180711622951,4.478856236976547
2015-02-03,2015-02-02,300308,5.026607823256183,5.036561502114115,5.036561502114115
2015-02-03,2015-02-02,300337,6.153539619127653,6.230402347654596,6.234923684626769
2015-02-03,2015-02-02,600039,2.700473332503937,2.726045996637497,2.726045996637497
2015-02-03,2015-02-02,600056,9.296815989473814,9.385469670238027,9.373649179469465
2015-02-03,2015-02-02,600152,7.556421524461342,7.596349775581349,7.606331838361351
2015-02-03,2015-02-02,600390,8.169251912437197,8.216985437802022,8.223804512854139
2015-02-03,2015-02-02,600480,6.403708876954306,6.436452457771458,6.441130112173908
2015-02-03,2015-02-02,600698,5.61,5.61,5.63
2015-02-03,2015-02-02,600789,,6.117769598921041,6.285880352535359
2015-02-03,2015-02-02,600820,6.104803739310952,6.199086422543554,6.206943312812938
2015-02-03,2015-02-02,600843,12.67539426523297,12.72494623655914,12.7447670250896
2015-02-03,2015-02-02,600980,16.01536841641845,15.9083398304035,15.93752944477122
2015-02-04,2015-02-03,000151,19.19392088256734,19.25093252875319,19.26043446978416
2015-02-04,2015-02-03,000518,5.58,5.58,5.67
2015-02-04,2015-02-03,000559,9.053433017388143,9.11723951476989,9.166866790511252
2015-02-04,2015-02-03,000597,7.160376613346541,7.153777187896452,7.173575464246719
2015-02-04,2015-02-03,000739,6.839421889154225,6.847834462203615,6.839421889154225
2015-02-04,2015-02-03,000753,6.560230014330214,6.638444381118056,6.628667585269576
2015-02-04,2015-02-03,000901,17.17981607028836,17.24582881215306,17.49337659414569
2015-02-04,2015-02-03,002060,2.94994864722146,2.94157999857686,2.94157999857686
2015-02-04,2015-02-03,002066,12.57076651849411,12.48140087973704,12.42182378723233
2015-02-04,2015-02-03,002124,2.069212608558357,2.065252393039585,2.047431423205111
2015-02-04,2015-02-03,002204,5.886485906425556,5.910164449894686,5.895957323813208
2015-02-04,2015-02-03,002212,6.988941780833981,6.979028388237054,7.018681958624764
2015-02-04,2015-02-03,002249,5.419608217036654,5.406683873116853,5.406683873116853
2015-02-04,2015-02-03,002274,4.38587112435176,4.405392805914156,4.411900033101622
2015-02-04,2015-02-03,002276,8.867019247665631,8.876657312065269,8.876657312065269
2015-02-04,2015-02-03,002379,4.081394302848576,4.081394302848576,4.09130059970015
2015-02-04,2015-02-03,002518,7.830657276325184,7.854201044444021,7.858909798067789
2015-02-04,2015-02-03,002548,,,
2015-02-04,2015-02-03,002583,5.148869831584794,5.207277604543435,5.130898209135982
2015-02-04,2015-02-03,002594,12.25915865988484,12.37310901148718,12.3129685481415
2015-02-04,2015-02-03,300096,14.19802503474108,14.30800973571443,14.777944367146
2015-02-04,2015-02-03,300132,7.570618452092283,7.5803996128831,7.629305416837184
2015-02-04,2015-02-03,300232,4.369859962291721,4.317992188258584,4.349112852678466
2015-02-04,2015-02-03,300245,15.71164913626245,15.80943948358359,15.80292012709551
2015-02-04,2015-02-03,600039,2.726045996637497,2.715816930984073,2.715816930984073
2015-02-04,2015-02-03,600056,9.533225804845047,9.456392614849397,9.385469670238027
2015-02-04,2015-02-03,600138,17.02242742738053,16.96482192001207,16.93601916632784
2015-02-04,2015-02-03,600182,13.08220877465152,13.05789240146443,13.09031423238055
2015-02-04,2015-02-03,600210,4.395796188457868,4.395796188457868,4.422013660754833
2015-02-04,2015-02-03,600390,8.2851761883232,8.305633413479553,8.326090638635907
2015-02-04,2015-02-03,600405,9.030410969470946,9.012824969530399,9.039203969441219
2015-02-04,2015-02-03,600420,11.75937061925103,11.66067678274871,11.66561147457383
2015-02-04,2015-02-03,600843,12.88351254480287,12.94297491039427,12.8934229390681
2015-02-05,2015-02-04,000151,18.92786653370007,18.95637235679299,19.01338400297884
2015-02-05,2015-02-04,000518,5.55,5.58,5.58
2015-02-05,2015-02-04,000559,9.159777179691057,9.173956401331445,9.13141873641028
2015-02-05,2015-02-04,000597,7.074584082495385,7.120780060646007,7.081183507945473
2015-02-05,2015-02-04,000739,6.738471012561542,6.763708731709712,6.755296158660322
2015-02-05,2015-02-04,000753,6.462462055845412,6.501569239239333,6.482015647542372
2015-02-05,2015-02-04,000901,17.32834473948394,17.30083943037365,17.19081819393248
2015-02-05,2015-02-04,002060,2.979238917477559,3.037819457989758,3.016897836378259
2015-02-05,2015-02-04,002066,12.40196475639743,12.29274008680546,12.37217621014507
2015-02-05,2015-02-04,002124,2.039510992167568,2.045451315445725,2.047431423205111
2015-02-05,2015-02-04,002204,5.834393110793473,5.853335945568776,5.839128819487298
2015-02-05,2015-02-04,002212,6.879894462267777,6.94928821044627,6.939374817849343
2015-02-05,2015-02-04,002249,5.329137809598044,5.398067643836984,5.389451414557117
2015-02-05,2015-02-04,002274,4.340320534039501,4.372856669976828,4.353334988414432
2015-02-05,2015-02-04,002276,9.011590213660179,8.905571505264179,8.876657312065269
2015-02-05,2015-02-04,002379,4.041769115442279,4.071488005997002,4.051675412293853
2015-02-05,2015-02-04,002518,7.769443479216208,7.830657276325184,7.807113508206347
2015-02-05,2015-02-04,002548,,,
2015-02-05,2015-02-04,002583,5.08596915301395,5.108433681074966,5.148869831584794
2015-02-05,2015-02-04,002594,12.11355543283741,12.15786945846054,12.10089428265937
2015-02-05,2015-02-04,300096,15.61782753821519,16.10775938800555,16.03776912374979
2015-02-05,2015-02-04,300132,7.815147471862706,7.785803989490255,7.824928632653522
2015-02-05,2015-02-04,300232,4.413947570219886,4.369859962291721,4.481375676462964
2015-02-05,2015-02-04,300245,15.65297492786977,15.64645557138169,15.83551690953589
2015-02-05,2015-02-04,600039,2.720931463810785,2.731160529464209,2.710702398157361
2015-02-05,2015-02-04,600056,9.190431572556758,9.261354517168128,9.243623781015286
2015-02-05,2015-02-04,600138,16.84961090527515,16.85921182316989,16.90721641264361
2015-02-05,2015-02-04,600182,12.97683782417415,13.04168148600638,13.03357602827735
2015-02-05,2015-02-04,600210,4.360839558728581,4.387057031025545,4.378317873593224
2015-02-05,2015-02-04,600390,8.244261738010493,8.312452488531671,8.298814338427436
2015-02-05,2015-02-04,600405,9.144719969084502,9.11834096917368,9.153512969054775
2015-02-05,2015-02-04,600420,12.14427658161007,12.04064805328263,11.95182360043055
2015-02-05,2015-02-04,600843,12.75467741935484,12.804229390681,12.70512544802867
2015-02-06,2015-02-05,000151,18.78533741823546,18.90886265163812,18.81384324132838
2015-02-06,2015-02-05,000518,5.58,5.56,5.6
2015-02-06,2015-02-05,000559,9.003805741646781,8.96835768754581,9.017984963287171
2015-02-06,2015-02-05,000597,6.97559270074405,7.008589827994494,6.968993275293961
2015-02-06,2015-02-05,000739,6.66275785511703,6.67117042816642,6.63752013596886
2015-02-06,2015-02-05,000753,6.530899626784773,6.501569239239333,6.521122830936293
2015-02-06,2015-02-05,000901,16.83324917549869,16.73973112452369,16.69572262994723
2015-02-06,2015-02-05,002060,2.954132971543759,3.037819457989758,3.000160539089059
2015-02-06,2015-02-05,002066,12.7792863422606,12.62041409558137,12.98780616602709
2015-02-06,2015-02-05,002124,2.035550776648795,2.035550776648795,2.033570668889409
2015-02-06,2015-02-05,002204,5.739678936916954,5.749150354304606,5.711264684754
2015-02-06,2015-02-05,002212,6.869981069670849,6.850154284476995,6.810500714089284
2015-02-06,2015-02-05,002249,5.324829694958111,5.367910841357449,5.329137809598044
2015-02-06,2015-02-05,002274,4.281755489352311,4.281755489352311,4.262233807789914
2015-02-06,2015-02-05,002276,8.838105054466723,8.867019247665631,8.81882892566745
2015-02-06,2015-02-05,002379,4.02195652173913,4.031862818590705,4.002143928035983
2015-02-06,2015-02-05,002518,7.769443479216208,7.80240475458258,7.741190957473604
2015-02-06,2015-02-05,002548,,,
2015-02-06,2015-02-05,002583,5.211770510155638,5.265685377502076,5.220756321380044
2015-02-06,2015-02-05,002594,11.9426299054339,11.96478691824547,11.78753081575294
2015-02-06,2015-02-05,300096,16.17774965226132,16.69767732958987,16.17774965226132
2015-02-06,2015-02-05,300132,7.648867738418819,7.639086577628,7.541274969719832
2015-02-06,2015-02-05,300232,4.478782287761306,4.546210394004384,4.424321125026514
2015-02-06,2015-02-05,300245,16.46137513239116,16.43529770643886,16.09629116905892
2015-02-06,2015-02-05,600039,2.654442537063529,2.649328004236817,2.618640807276545
2015-02-06,2015-02-05,600056,9.054495928718298,9.403200406390869,9.27317500793669
2015-02-06,2015-02-05,600138,16.4655741894854,16.54238153264335,16.57118428632758
2015-02-06,2015-02-05,600182,12.9038887046129,12.9038887046129,12.85525595823873
2015-02-06,2015-02-05,600210,4.317143771566972,4.299665456702328,4.308404614134649
2015-02-06,2015-02-05,600390,8.210166362749902,8.244261738010493,8.210166362749902
2015-02-06,2015-02-05,600405,9.135926969114228,9.135926969114228,9.109547969203406
2015-02-06,2015-02-05,600420,12.02584397780729,12.11960312248449,12.44529278294213
2015-02-06,2015-02-05,600843,12.48709677419355,12.57629032258065,12.45736559139785
2015-02-09,2015-02-06,000151,19.00388206194786,19.38395970318682,18.93736847473104
2015-02-09,2015-02-06,000518,5.42,5.37,5.36
2015-02-09,2015-02-06,000559,8.847834303602507,8.862013525242896,8.847834303602507
2015-02-09,2015-02-06,000597,6.764411086341203,6.810607064491825,6.744612809990936
2015-02-09,2015-02-06,000739,6.511331540228007,6.519744113277397,6.528156686326787
2015-02-09,2015-02-06,000753,6.227818955481887,6.257149343027328,6.237595751330367
2015-02-09,2015-02-06,000901,16.04109627312228,16.12911326227521,16.14011538591933
2015-02-09,2015-02-06,002060,2.945764322899159,2.88718378238696,2.857893512130861
2015-02-09,2015-02-06,002066,12.95801761977473,12.70977973433843,11.92534801635973
2015-02-09,2015-02-06,002124,2.009809375776778,2.009809375776778,1.986048082664146
2015-02-09,2015-02-06,002204,5.692321849978696,5.716000393447826,5.701793267366347
2015-02-09,2015-02-06,002212,6.632059647344587,6.661799825135369,6.651886432538442
2015-02-09,2015-02-06,002249,5.199894370400032,5.24297551679937,5.204202485039966
2015-02-09,2015-02-06,002274,4.249219353414984,4.249219353414984,4.242712126227517
2015-02-09,2015-02-06,002276,8.481496671680171,8.539325058077988,8.577877315676536
2015-02-09,2015-02-06,002379,3.962518740629685,3.982331334332833,3.962518740629685
2015-02-09,2015-02-06,002518,7.491627015413932,7.491627015413932,7.468083247295095
2015-02-09,2015-02-06,002548,,,
2015-02-09,2015-02-06,002583,5.036547191279716,5.027561380055309,4.969153607096669
2015-02-09,2015-02-06,002594,11.46783677375749,11.50898551183611,11.48999378656906
2015-02-09,2015-02-06,300096,16.38772044502862,16.48770653682257,16.05776634210858
2015-02-09,2015-02-06,300132,7.374995236275945,7.404338718648396,7.414119879439212
2015-02-09,2015-02-06,300232,4.478782287761306,,
2015-02-09,2015-02-06,300245,15.76380398816706,15.92026854388087,16.09629116905892
2015-02-09,2015-02-06,600039,2.593068143142985,2.603297208796409,2.598182675969697
2015-02-09,2015-02-06,600056,9.255444271783848,9.048585683334018,8.948111511801242
2015-02-09,2015-02-06,600138,16.11994114527463,16.0911383915904,16.00473013053771
2015-02-09,2015-02-06,600182,12.74177955003234,12.70935771911622,12.70935771911622
2015-02-09,2015-02-06,600210,4.238491354676075,4.221013039811432,4.238491354676075
2015-02-09,2015-02-06,600390,8.046508561499076,8.066965786655429,8.019232261290604
2015-02-09,2015-02-06,600405,9.276614968638606,9.250235968727784,9.223856968816964
2015-02-09,2015-02-06,600420,12.37620709739051,11.81858692115242,11.83832568845289
2015-02-09,2015-02-06,600843,12.06094982078853,12.14023297491039,12.09068100358423
2015-02-10,2015-02-09,000151,18.93736847473104,18.77583547720449,18.224722897408
2015-02-10,2015-02-09,000518,5.32,5.34,5.32
2015-02-10,2015-02-09,000559,8.65641481145726,8.628056368176484,8.670594033097649
2015-02-10,2015-02-09,000597,6.731413959090757,6.771010511791292,6.744612809990936
2015-02-10,2015-02-09,000739,6.519744113277397,6.511331540228007,6.528156686326787
2015-02-10,2015-02-09,000753,6.247372547178847,6.218042159633407,6.227818955481887
2015-02-10,2015-02-09,000901,15.93657609850317,16.09610689134286,16.10160795316492
2015-02-10,2015-02-09,002060,2.91228972832076,2.874630809420061,2.89136810670926
2015-02-10,2015-02-09,002066,11.66718061550598,10.97211453628435,11.24021145255555
2015-02-10,2015-02-09,002124,1.956346466273356,1.956346466273356,1.956346466273356
2015-02-10,2015-02-09,002204,5.635493345652786,5.635493345652786,5.644964763040437
2015-02-10,2015-02-09,002212,6.641973039941514,6.651886432538442,6.661799825135369
2015-02-10,2015-02-09,002249,5.186970026480231,5.165429453280562,5.204202485039966
2015-02-10,2015-02-09,002274,4.255726580602449,4.255726580602449,4.255726580602449
2015-02-10,2015-02-09,002276,8.577877315676536,8.510410864879079,8.626067637674717
2015-02-10,2015-02-09,002379,3.962518740629685,3.952612443778111,3.962518740629685
2015-02-10,2015-02-09,002518,7.534005798027838,7.505753276285233,7.534005798027838
2015-02-10,2015-02-09,002548,,,
2015-02-10,2015-02-09,002583,4.933210362199044,4.964660701484466,4.982632323933278
2015-02-10,2015-02-09,002594,11.46783677375749,11.49632436165808,11.50582022429161
2015-02-10,2015-02-09,300096,15.29787204447455,15.33786648119213,14.87793045893996
2015-02-10,2015-02-09,300132,7.286964789158593,7.306527110740226,7.306527110740226
2015-02-10,2015-02-09,300232,,,
2015-02-10,2015-02-09,300245,15.64645557138169,15.33352645995406,15.30744903400176
2015-02-10,2015-02-09,600039,2.618640807276545,2.613526274449833,2.623755340103257
2015-02-10,2015-02-09,600056,8.93629102103268,9.030854947181174,8.93629102103268
2015-02-10,2015-02-09,600138,15.96632645895873,16.04313380211668,16.06233563790617
2015-02-10,2015-02-09,600182,12.85525595823873,12.8471505005097,12.88767778915484
2015-02-10,2015-02-09,600210,4.229752197243753,4.238491354676075,4.238491354676075
2015-02-10,2015-02-09,600390,7.882850760248247,7.9033079854046,7.882850760248247
2015-02-10,2015-02-09,600405,9.179891968965595,9.144719969084502,9.074375969322313
2015-02-10,2015-02-09,600420,11.84819507210312,11.83832568845289,11.67054616639895
2015-02-10,2015-02-09,600843,12.10059139784946,12.16996415770609,12.16996415770609
2015-02-11,2015-02-10,000521,5.372505258653796,5.398884171544076,5.398884171544076
2015-02-11,2015-02-10,000559,8.72022130883901,8.713131698018815,8.70604208719862
2015-02-11,2015-02-10,000631,3.2624042365781,3.27793949484752,3.26758265600124
2015-02-11,2015-02-10,000638,6.03,6.06,6.07
2015-02-11,2015-02-10,002030,8.615098470107316,8.555167350315266,8.67877528488637
2015-02-11,2015-02-10,002048,10.6299764997967,10.66788654437515,10.68305056220652
2015-02-11,2015-02-10,002062,3.798313183275439,3.805132416997656,3.798313183275439
2015-02-11,2015-02-10,002204,5.668643306509567,5.730207519529303,5.706528976060174
2015-02-11,2015-02-10,002212,6.760933751104646,6.760933751104646,6.770847143701573
2015-02-11,2015-02-10,002246,9.525030866692028,9.632713641135615,9.583766925479438
2015-02-11,2015-02-10,002249,5.204202485039966,5.195586255760099,5.264516089999039
2015-02-11,2015-02-10,002276,8.577877315676536,8.587515380076173,8.597153444475808
2015-02-11,2015-02-10,002345,9.237976178590195,9.366281403292836,9.32962276766351
2015-02-11,2015-02-10,002548,,,
2015-02-11,2015-02-10,002583,5.009589757606498,5.005096851994294,5.032054285667512
2015-02-11,2015-02-10,002587,5.083180649712529,5.083180649712529,5.083180649712529
2015-02-11,2015-02-10,002594,11.75587794030785,11.67991103923962,11.79386139084196
2015-02-11,2015-02-10,002605,17.14979152171896,16.89969039536056,17.26590990181393
2015-02-11,2015-02-10,002682,4.780994161943834,4.802290349747593,4.791642255845713
2015-02-11,2015-02-10,002697,4.181201875850102,4.200403721433799,4.205204182829723
2015-02-11,2015-02-10,300034,10.37540214460083,10.35731865502418,10.38444388938915
2015-02-11,2015-02-10,300046,9.667495387979661,9.673843054025609,9.648452389841815
2015-02-11,2015-02-10,300132,7.326089432321861,7.374995236275945,7.384776397066761
2015-02-11,2015-02-10,300134,21.74042244146094,22.046057027508,22.20175766568292
2015-02-11,2015-02-10,300150,8.405456828662574,8.42970800243252,8.42970800243252
2015-02-11,2015-02-10,300232,,,
2015-02-11,2015-02-10,300245,15.77684270114321,15.90722983090472,16.01153953471393
2015-02-11,2015-02-10,300302,7.15037877751946,7.15037877751946,7.242387327965483
2015-02-11,2015-02-10,300304,4.347634909967284,4.263455190753795,4.30554505036054
2015-02-11,2015-02-10,600039,2.659557069890241,2.649328004236817,2.649328004236817
2015-02-11,2015-02-10,600135,11.88606529812541,11.9642630961394,11.97403782089114
2015-02-11,2015-02-10,600138,16.06233563790617,16.07193655580091,16.12954206316937
2015-02-11,2015-02-10,600338,9.840194493830253,9.738258777388641,9.779033063965286
2015-02-11,2015-02-10,600420,11.78404407837661,11.69521962552453,11.68535024187429
2015-02-11,2015-02-10,600820,6.14408819065787,6.128374410119103,6.159801971196637
2015-02-11,2015-02-10,600843,12.29879928315412,12.31862007168459,12.28888888888889
2015-02-12,2015-02-11,000521,5.442849026361211,5.46922793925149,5.513192794068624
2015-02-12,2015-02-11,000559,8.698952476378427,8.70604208719862,8.734400530479398
2015-02-12,2015-02-11,000631,3.26758265600124,3.27276107542438,3.257225817154961
2015-02-12,2015-02-11,000638,6.04,6.05,6.05
2015-02-12,2015-02-11,002030,8.727469319717411,8.727469319717411,8.712486539769399
2015-02-12,2015-02-11,002048,10.53899239280842,10.5541564106398,10.56173841955549
2015-02-12,2015-02-11,002062,3.777855482108784,3.811951650719874,3.811951650719874
2015-02-12,2015-02-11,002204,5.701793267366347,5.692321849978696,5.68758614128487
2015-02-12,2015-02-11,002212,6.74110696591079,6.780760536298501,6.770847143701573
2015-02-12,2015-02-11,002246,9.642502984266851,9.711028386185498,9.769764444972912
2015-02-12,2015-02-11,002249,5.294672892478574,5.320521580318177,5.419608217036654
2015-02-12,2015-02-11,002276,8.809190861267814,8.780276668068902,8.780276668068902
2015-02-12,2015-02-11,002345,9.256305496404858,9.347952085478171,9.421269356736826
2015-02-12,2015-02-11,002548,,,
2015-02-12,2015-02-11,002583,4.960167795872263,4.969153607096669,4.955674890260059
2015-02-12,2015-02-11,002587,5.274731071962687,5.278278302004357,5.320845062504392
2015-02-12,2015-02-11,002594,11.58811770044885,11.61660528834943,11.60077885062689
2015-02-12,2015-02-11,002605,17.89116271770993,18.22165349182639,18.40922933659519
2015-02-12,2015-02-11,002682,4.83955867840417,4.84488272535511,4.855530819256989
2015-02-12,2015-02-11,002697,4.363619408895227,4.34441756331153,4.320415256331907
2015-02-12,2015-02-11,300034,10.37992301699499,10.56979965754977,10.53815355079064
2015-02-12,2015-02-11,300046,9.597671061474225,9.667495387979661,9.788101042852682
2015-02-12,2015-02-11,300132,7.384776397066761,7.384776397066761,7.472806844184113
2015-02-12,2015-02-11,300134,22.61119267717993,22.43242527779391,22.53045901294109
2015-02-12,2015-02-11,300150,8.512161993250329,8.560664340790217,8.614016923084094
2015-02-12,2015-02-11,300232,,,
2015-02-12,2015-02-11,300245,15.9137491873928,15.90722983090472,16.14844602096352
2015-02-12,2015-02-11,300302,7.413260350222382,7.41851798167644,7.460579033308908
2015-02-12,2015-02-11,300304,4.394676517763058,4.355062532250828,4.327827917211169
2015-02-12,2015-02-11,600039,2.639098938583393,2.639098938583393,2.649328004236817
2015-02-12,2015-02-11,600135,12.08155979316037,12.10110924266387,12.02291144464988
2015-02-12,2015-02-11,600138,16.5327806147486,16.47517510738014,16.40796868211694
2015-02-12,2015-02-11,600338,9.792624492824167,9.758645920676964,9.846990208259694
2015-02-12,2015-02-11,600420,11.81365222932731,11.79391346202684,11.64587270727337
2015-02-12,2015-02-11,600820,6.112660629580336,6.14408819065787,6.175515751735404
2015-02-12,2015-02-11,600843,12.23933691756272,12.29879928315412,12.30870967741935
2015-02-13,2015-02-12,000521,5.574743590812613,5.557157648885759,5.557157648885759
2015-02-13,2015-02-12,000559,8.862013525242896,8.883282357703479,8.96835768754581
2015-02-13,2015-02-12,000631,3.252047397731821,3.27276107542438,3.298653172540079
2015-02-13,2015-02-12,000638,6.2,6.2,6.25
2015-02-13,2015-02-12,002030,8.716232234756401,8.8323487793535,9.10203881841773
2015-02-13,2015-02-12,002048,10.67546855329083,10.74370663353204,10.74370663353204
2015-02-13,2015-02-12,002062,3.852867053053183,3.893782455386491,3.893782455386491
2015-02-13,2015-02-12,002204,5.682850432591044,5.720736102141651,5.711264684754
2015-02-13,2015-02-12,002212,6.988941780833981,7.048422136415547,7.028595351221691
2015-02-13,2015-02-12,002246,9.808921817497852,9.828500503760322,9.877447219416499
2015-02-13,2015-02-12,002249,5.510078624475262,5.669478866152811,5.738408700391751
2015-02-13,2015-02-12,002276,8.857381183265995,8.934485698463087,8.847743118866358
2015-02-13,2015-02-12,002345,9.833679007566746,10.0536308213427,9.897831619918065
2015-02-13,2015-02-12,002548,,,
2015-02-13,2015-02-12,002583,5.018575568830903,5.027561380055309,5.027561380055309
2015-02-13,2015-02-12,002587,5.271183841921017,5.320845062504392,5.313750602421052
2015-02-13,2015-02-12,002594,11.99010921860154,12.25915865988484,12.43958004992187
2015-02-13,2015-02-12,002605,17.65892595751999,17.73038342219382,17.62319722518307
2015-02-13,2015-02-12,002682,4.892799147913567,4.898123194864507,4.914095335717326
2015-02-13,2015-02-12,002697,4.310814333540059,4.330016179123756,4.382821254478925
2015-02-13,2015-02-12,300034,10.51554918881984,10.58788314712642,10.66925885022133
2015-02-13,2015-02-12,300046,9.845230037266219,9.864273035404064,10.02931235259873
2015-02-13,2015-02-12,300132,7.404338718648396,7.433682201020846,7.521712648138199
2015-02-13,2015-02-12,300134,22.37475837476616,22.41512520688559,22.6400261286938
2015-02-13,2015-02-12,300150,8.58491551456016,8.609166688330104,8.667369505377971
2015-02-13,2015-02-12,300232,,,
2015-02-13,2015-02-12,300245,15.97242339578548,16.29839122018927,16.22015894233236
2015-02-13,2015-02-12,300302,7.597277451114427,7.660369028563128,7.705058895922624
2015-02-13,2015-02-12,300304,4.503614977921692,4.506090852016206,4.53084959296135
2015-02-13,2015-02-12,600039,2.654442537063529,2.664671602716953,2.674900668370377
2015-02-13,2015-02-12,600135,12.10110924266387,12.23795538918833,12.23795538918833
2015-02-13,2015-02-12,600138,16.42717051790643,16.49437694316963,16.64799162948553
2015-02-13,2015-02-12,600338,9.880968780406898,9.880968780406898,9.867377351548015
2015-02-13,2015-02-12,600420,11.5619829462464,11.55211356259617,11.55704825442128
2015-02-13,2015-02-12,600820,6.301225996045539,6.309082886314922,6.309082886314922
2015-02-13,2015-02-12,600843,12.30870967741935,12.37808243727599,12.45736559139785
2015-02-16,2015-02-13,000521,5.565950619849186,5.565950619849186,5.592329532739466
2015-02-16,2015-02-13,000559,9.393734336757468,9.528436942341161,9.790752542688351
2015-02-16,2015-02-13,000631,3.309010011386359,3.309010011386359,3.324545269655778
2015-02-16,2015-02-13,000638,6.31,,
2015-02-16,2015-02-13,002030,9.588979166728143,9.809975170961332,9.667638761455208
2015-02-16,2015-02-13,002048,11.04698699015962,11.062151007991,11.00149493666548
2015-02-16,2015-02-13,002062,3.941517091442017,3.948336325164235,3.968794026330889
2015-02-16,2015-02-13,002204,5.739678936916954,5.753886062998433,5.763357480386084
2015-02-16,2015-02-13,002212,7.207036417966388,7.296256951338738,7.246689988354099
2015-02-16,2015-02-13,002246,9.916604591941443,10.0144980232538,10.06344473890997
2015-02-16,2015-02-13,002249,5.833187222470293,5.828879107830359,5.850419681030028
2015-02-16,2015-02-13,002276,8.915209569663816,8.982676020461271,9.088694728857273
2015-02-16,2015-02-13,002345,9.833679007566746,9.778691054122755,9.989478208991381
2015-02-16,2015-02-13,002548,,,
2015-02-16,2015-02-13,002583,5.041040096891919,5.14437692597259,5.153362737196997
2015-02-16,2015-02-13,002587,5.320845062504392,5.33858121271274,5.391789663337783
2015-02-16,2015-02-13,002594,13.1897531979706,13.92409990829677,14.32292613890496
2015-02-16,2015-02-13,002605,17.73038342219382,17.62319722518307,17.84650180228879
2015-02-16,2015-02-13,002682,4.946039617422963,4.951363664373904,4.967335805226723
2015-02-16,2015-02-13,002697,4.334816640519681,4.378020793083,4.435626329834092
2015-02-16,2015-02-13,300034,10.60596663670307,10.70994670176878,10.61048750909723
2015-02-16,2015-02-13,300046,10.08009368096632,10.11183201119606,10.21339466793124
2015-02-16,2015-02-13,300132,7.590180773673916,7.619524256046367,7.648867738418819
2015-02-16,2015-02-13,300134,22.71499310262988,22.74959324444653,22.83609359898815
2015-02-16,2015-02-13,300150,8.672219740131958,8.914731477831397,9.123291572252915
2015-02-16,2015-02-13,300232,,,
2015-02-16,2015-02-13,300245,16.85905587816378,16.88513330411608,16.8525365216757
2015-02-16,2015-02-13,300302,7.699801264468566,7.728718237465887,7.649853765655012
2015-02-16,2015-02-13,300304,4.503614977921692,4.523421970677806,4.540753089339407
2015-02-16,2015-02-13,600039,2.685129734023801,2.690244266850513,2.690244266850513
2015-02-16,2015-02-13,600135,12.28682901294708,12.37480153571281,12.47254878323028
2015-02-16,2015-02-13,600138,16.70559713685399,16.75360172632771,16.88801457685412
2015-02-16,2015-02-13,600338,9.785828778394727,9.819807350541931,9.867377351548015
2015-02-16,2015-02-13,600420,11.93208483313009,12.00117051868171,12.21336226716169
2015-02-16,2015-02-13,600820,6.32479666685369,6.364081118200606,6.387651789008758
2015-02-16,2015-02-13,600843,12.57629032258065,12.68530465949821,12.63575268817204
2015-02-17,2015-02-16,000521,5.680259242373735,5.662673300446881,5.645087358520027
2015-02-17,2015-02-16,000559,10.08851619713651,10.34374218666351,10.53516167880875
2015-02-17,2015-02-16,000631,3.345258947348338,3.350437366771478,3.365972625040897
2015-02-17,2015-02-16,000638,,6.3,6.31
2015-02-17,2015-02-16,002030,9.91485463059742,10.07217382005155,10.35684663906379
2015-02-17,2015-02-16,002048,11.12280707931652,11.19862716847341,11.14555310606358
2015-02-17,2015-02-16,002062,4.009709428664197,4.030167129830851,3.968794026330889
2015-02-17,2015-02-16,002204,5.772828897773736,5.79177173254904,5.787036023855213
2015-02-17,2015-02-16,002212,7.405304269904941,7.355737306920303,7.335910521726449
2015-02-17,2015-02-16,002246,10.12218079769738,10.16133817022233,10.12218079769738
2015-02-17,2015-02-16,002249,5.966738776308239,6.259690571823733,6.18645262294486
2015-02-17,2015-02-16,002276,9.329646338848187,9.474217304842735,9.666978592835466
2015-02-17,2015-02-16,002345,10.00780752680604,10.00780752680604,9.87033764319607
2015-02-17,2015-02-16,002548,,,
2015-02-17,2015-02-16,002583,5.274671188726482,5.247713755053264,5.193798887706826
2015-02-17,2015-02-16,002587,5.42726196375448,5.441450883921158,5.391789663337783
2015-02-17,2015-02-16,002594,14.50967810403101,15.46242965492833,15.95937979941631
2015-02-17,2015-02-16,002605,18.30204313958445,18.23058567491062,18.03407764705759
2015-02-17,2015-02-16,002682,4.999280086932361,5.0046041338833,5.0046041338833
2015-02-17,2015-02-16,002697,4.440426791230016,4.488431405189259,4.498032327981108
2015-02-17,2015-02-16,300034,10.7551554257104,10.81844763922866,10.70090495698046
2015-02-17,2015-02-16,300046,10.34669565489616,10.26417599629883,10.21974233397719
2015-02-17,2015-02-16,300132,7.727117024745354,7.746679346326987,7.658648899209635
2015-02-17,2015-02-16,300134,23.12442811412689,23.26859537169626,23.00909430807139
2015-02-17,2015-02-16,300150,9.263948380118592,9.215446032578704,9.118441337498927
2015-02-17,2015-02-16,300232,,,
2015-02-17,2015-02-16,300245,17.08071399875835,17.82392063839898,18.02602068952933
2015-02-17,2015-02-16,300302,7.875931918179524,7.860159023817348,7.807582709276764
2015-02-17,2015-02-16,300304,4.865092595720793,4.77843700241279,4.748726513278617
2015-02-17,2015-02-16,600039,2.705587865330649,2.710702398157361,2.726045996637497
2015-02-17,2015-02-16,600135,12.78533997528622,12.79511470003796,13.00038391982467
2015-02-17,2015-02-16,600138,17.03202834527528,17.07043201685425,16.93601916632784
2015-02-17,2015-02-16,600338,9.90135592369522,9.874173065977455,9.935334495842422
2015-02-17,2015-02-16,600420,12.38114178921563,12.64268045594677,12.53905192761933
2015-02-17,2015-02-16,600820,6.395508679278141,6.474077581971976,6.52907581385766
2015-02-17,2015-02-16,600843,12.70512544802867,12.7447670250896,12.71503584229391
2015-02-25,2015-02-17,000151,19.76403734442578,19.71652763927091,19.56449658277532
2015-02-25,2015-02-17,000554,9.001580000945303,9.634953433847636,9.538987762195767
2015-02-25,2015-02-17,000559,10.14523308369807,10.23739802436059,9.967992813193209
2015-02-25,2015-02-17,000603,13.46806169206657,13.32539154702349,13.29685751801488
2015-02-25,2015-02-17,000988,12.43399463253563,12.58096856436229,12.76713554467607
2015-02-25,2015-02-17,002048,11.15313511497927,11.17588114172634,11.10006105256945
2015-02-25,2015-02-17,002066,12.17358590179603,12.14379735554368,12.08422026303897
2015-02-25,2015-02-17,002124,2.041491099926954,2.045451315445725,2.043471207686339
2015-02-25,2015-02-17,002338,21.43276501241787,21.31084939801276,21.31572602258897
2015-02-25,2015-02-17,002345,9.98031355008405,9.989478208991381,9.879502302103402
2015-02-25,2015-02-17,002535,6.846646735510045,6.862015190584141,6.846646735510045
2015-02-25,2015-02-17,002548,,,
2015-02-25,2015-02-17,002567,5.585099232315893,5.585099232315893,5.572878008612794
2015-02-25,2015-02-17,002583,5.229742132604451,5.283656999950888,5.247713755053264
2015-02-25,2015-02-17,300008,5.579558111576141,5.551897412722719,5.579558111576141
2015-02-25,2015-02-17,300034,10.6376127434622,10.60596663670307,10.59692489191474
2015-02-25,2015-02-17,300096,16.03776912374979,15.91778581359705,15.79780250344431
2015-02-25,2015-02-17,300132,7.668430060000452,7.668430060000452,7.619524256046367
2015-02-25,2015-02-17,300134,23.03216106928249,23.23976192018238,23.38969586805453
2015-02-25,2015-02-17,300232,,,
2015-02-25,2015-02-17,300265,9.471217324305336,9.471217324305336,9.490673399334723
2015-02-25,2015-02-17,300302,7.768150473371326,7.757635210463209,7.791809814914589
2015-02-25,2015-02-17,300304,5.075541893754518,5.050783152809373,5.08792126422709
2015-02-25,2015-02-17,300308,5.325218188994174,5.285403473562441,5.300333991849342
2015-02-25,2015-02-17,600039,2.731160529464209,2.726045996637497,2.731160529464209
2015-02-25,2015-02-17,600138,16.86881274106463,16.85921182316989,16.91681733053835
2015-02-25,2015-02-17,600215,5.91803259450692,5.956461377588134,5.88921100719601
2015-02-25,2015-02-17,600368,2.2856962182666,2.29378717833126,2.301878138395921
2015-02-25,2015-02-17,600531,3.841244975061411,3.832734092546505,3.770320954103852
2015-02-25,2015-02-17,600650,15.80541298032992,15.62044618126228,15.59270116140213
2015-02-25,2015-02-17,600663,12.36767297570275,12.33577012193912,12.30032250664619
2015-02-25,2015-02-17,600846,7.768346185718302,7.817669018643498,7.858771379414495
2015-02-25,2015-02-17,600967,12.54856952297158,12.62844019178823,12.61956567303083
2015-02-25,2015-02-17,601008,9.208731230228567,9.218633091766447,9.505787076364971
2015-02-26,2015-02-25,000151,21.06580326566921,20.85676056298778,20.83775668092583
2015-02-26,2015-02-25,000554,9.251090747240161,9.183914777083853,9.116738806927545
2015-02-26,2015-02-25,000559,9.8545590400701,9.890007094171072,9.925455148272043
2015-02-26,2015-02-25,000603,13.30636886101775,13.33490289002636,13.80095869716708
2015-02-26,2015-02-25,000988,12.4927842052663,12.4927842052663,12.36540679768319
2015-02-26,2015-02-25,002048,10.94842087425566,10.9863309188341,11.03940498124393
2015-02-26,2015-02-25,002066,12.35231717931017,12.21330396346584,12.21330396346584
2015-02-26,2015-02-25,002124,2.126635733580551,2.126635733580551,2.174158319805815
2015-02-26,2015-02-25,002338,22.20814832003435,22.02283658613858,22.13987557596749
2015-02-26,2015-02-25,002345,9.760361736308093,9.861172984288739,9.732867759586098
2015-02-26,2015-02-25,002535,6.984962831176914,6.938857465954624,6.931173238417576
2015-02-26,2015-02-25,002548,,,
2015-02-26,2015-02-25,002567,5.572878008612794,5.560656784909696,5.578988620464345
2015-02-26,2015-02-25,002583,5.256699566277669,5.261192471889873,5.238727943828857
2015-02-26,2015-02-25,300008,5.528188242276928,5.500527543423504,5.516333657054032
2015-02-26,2015-02-25,300034,10.54719529557897,10.49294482684903,10.520070061214
2015-02-26,2015-02-25,300096,15.37786091790971,15.44785118216548,15.46784840052427
2015-02-26,2015-02-25,300132,7.639086577628,7.639086577628,7.599961934464734
2015-02-26,2015-02-25,300134,23.41276262926563,23.41276262926563,23.52232974501835
2015-02-26,2015-02-25,300232,,,
2015-02-26,2015-02-25,300265,9.443978819264194,9.455652464281826,9.436196389252441
2015-02-26,2015-02-25,300302,7.584133372479281,7.644596134200953,7.636709687019865
2015-02-26,2015-02-25,300304,5.347888044151102,5.266184199032127,5.414736644702991
2015-02-26,2015-02-25,300308,5.325218188994174,5.315264510136241,5.320241349565207
2015-02-26,2015-02-25,600039,2.772076792077905,2.761847726424481,2.756733193597769
2015-02-26,2015-02-25,600138,16.64799162948553,16.6863953010645,16.66719346527502
2015-02-26,2015-02-25,600215,6.004497356439651,5.966068573358437,5.946854181817831
2015-02-26,2015-02-25,600368,2.28974169829893,2.28165073823427,2.28165073823427
2015-02-26,2015-02-25,600531,3.781668797457062,3.775994875780457,3.801527523325178
2015-02-26,2015-02-25,600650,15.39848602238111,15.32449930275405,15.30600262284729
2015-02-26,2015-02-25,600663,12.27550917594114,12.25778536829467,12.14080823782801
2015-02-26,2015-02-25,600846,7.784787130026702,7.817669018643498,7.760125713564103
2015-02-26,2015-02-25,600967,12.69943634184748,12.76155797314932,12.63731471054563
2015-02-26,2015-02-25,601008,9.396866599448289,9.396866599448289,9.258240537917967
2015-02-27,2015-02-26,000151,21.22733626319576,21.17982655804089,21.03729744257628
2015-02-27,2015-02-26,000554,9.299073583066095,9.241494180074975,9.203107911414227
2015-02-27,2015-02-26,000559,9.960903202373014,9.996351256473986,9.861648650890293
2015-02-27,2015-02-26,000603,14.01020824323027,14.12434435926473,14.0672763012475
2015-02-27,2015-02-26,000988,12.54177551587519,12.60056508860585,12.63975813709296
2015-02-27,2015-02-26,002048,10.99391292774979,11.03940498124393,11.03182297232824
2015-02-27,2015-02-26,002066,12.27288105597055,12.37217621014507,12.38210572556252
2015-02-27,2015-02-26,002124,2.241481983624938,2.237521768106166,2.227621229309236
2015-02-27,2015-02-26,002338,22.13987557596749,22.02283658613858,22.62266140901172
2015-02-27,2015-02-26,002345,9.897831619918065,9.98031355008405,10.26441797621133
2015-02-27,2015-02-26,002535,7.008015513788059,7.038752423936252,7.069489334084445
2015-02-27,2015-02-26,002548,,,
2015-02-27,2015-02-26,002567,5.609541679722089,5.572878008612794,5.60343106787054
2015-02-27,2015-02-26,002583,5.189305982094623,5.157855642809201,5.135391114748185
2015-02-27,2015-02-26,300008,5.559800469537982,5.559800469537982,5.717861605843256
2015-02-27,2015-02-26,300034,10.56075791276145,10.76871804289288,10.94051119387102
2015-02-27,2015-02-26,300096,15.52784005560064,15.4078567454479,15.34786509037152
2015-02-27,2015-02-26,300132,7.727117024745354,7.746679346326987,7.73689818553617
2015-02-27,2015-02-26,300134,23.29166213290736,23.33779565532955,23.3954625583573
2015-02-27,2015-02-26,300232,,,
2015-02-27,2015-02-26,300265,9.498455829346478,9.572388914458147,9.556824054434635
2015-02-27,2015-02-26,300302,7.521041795030579,7.497382453487316,7.539443505119784
2015-02-27,2015-02-26,300304,5.130011123833834,5.013645041391658,5.021072663675201
2015-02-27,2015-02-26,300308,5.315264510136241,5.340148707281074,5.355079225567972
2015-02-27,2015-02-26,600039,2.838565718825161,2.828336653171737,2.812993054691601
2015-02-27,2015-02-26,600138,16.71519805474874,16.75360172632771,16.73439989053822
2015-02-27,2015-02-26,600215,6.004497356439651,6.004497356439651,5.994890160669348
2015-02-27,2015-02-26,600368,2.334241978654563,2.330196498622233,2.326151018589902
2015-02-27,2015-02-26,600531,3.912168996018971,3.929190761048785,3.929190761048785
2015-02-27,2015-02-26,600650,15.48172108196154,15.56495614154198,15.50946610182169
2015-02-27,2015-02-26,600663,12.37476249876134,12.43147868323002,12.40312059099568
2015-02-27,2015-02-26,600846,7.91631468449389,7.965637517419085,7.990298933881683
2015-02-27,2015-02-26,600967,12.78818152942153,12.84142864196597,13.09878968593073
2015-02-27,2015-02-26,601008,9.495885214827091,9.436474045599811,9.386964737910411
2015-03-02,2015-02-27,000151,21.37936731969134,21.11331297082407,21.37936731969134
2015-03-02,2015-02-27,000554,9.692532836838758,9.615760299517262,9.538987762195767
2015-03-02,2015-02-27,000559,9.861648650890293,9.932544759092238,10.18068113779904
2015-03-02,2015-02-27,000603,13.98167421422165,14.17190107427909,14.26701450430781
2015-03-02,2015-02-27,000988,12.78673206891962,12.81612685528495,12.77693380679784
2015-03-02,2015-02-27,002048,11.06973301690669,11.02424096341255,11.12280707931652
2015-03-02,2015-02-27,002066,12.57076651849411,12.5310484568243,12.50125991057194
2015-03-02,2015-02-27,002124,2.237521768106166,2.237521768106166,2.237521768106166
2015-03-02,2015-02-27,002338,22.38858342935391,22.27642106410121,22.14475220054369
2015-03-02,2015-02-27,002345,10.30107661184065,10.20026536386001,10.17277138713801
2015-03-02,2015-02-27,002535,7.069489334084445,7.069489334084445,7.077173561621494
2015-03-02,2015-02-27,002548,,,
2015-03-02,2015-02-27,002567,5.633984127128286,5.652315962682933,5.67064779823758
2015-03-02,2015-02-27,002583,5.31510733923631,5.306121528011905,5.292642811175294
2015-03-02,2015-02-27,300008,5.650685622913515,5.788989117180628,5.879874270556161
2015-03-02,2015-02-27,300034,11.18463830315575,11.27505575103898,11.31122273019227
2015-03-02,2015-02-27,300096,15.69781641165035,15.58783171067701,15.79780250344431
2015-03-02,2015-02-27,300132,7.73689818553617,7.776022828699438,7.834709793444339
2015-03-02,2015-02-27,300134,23.70686383470714,24.21433258135133,24.01826511105698
2015-03-02,2015-02-27,300232,,,
2015-03-02,2015-02-27,300265,9.630757139546304,9.611301064516917,9.642430784563937
2015-03-02,2015-02-27,300302,7.962682837171487,7.965311652898516,7.957425205717429
2015-03-02,2015-02-27,300304,5.144866368400922,5.08792126422709,4.991362174541028
2015-03-02,2015-02-27,300308,5.374986583283839,5.414801298715571,5.384940262141772
2015-03-02,2015-02-27,600039,2.818107587518313,2.828336653171737,2.828336653171737
2015-03-02,2015-02-27,600138,16.73439989053822,16.81120723369617,16.76320264422246
2015-03-02,2015-02-27,600215,5.966068573358437,5.985282964899045,6.071747726831775
2015-03-02,2015-02-27,600368,2.568879820529718,2.548652420368067,2.528425020206416
2015-03-02,2015-02-27,600531,3.92351683937218,3.971745173623321,3.985929977814833
2015-03-02,2015-02-27,600650,15.68518456093595,15.72217792074948,15.62969452121566
2015-03-02,2015-02-27,600663,12.40312059099568,12.45983677546437,12.36767297570275
2015-03-02,2015-02-27,600846,8.006739878190082,8.105385544040471,8.130046960503071
2015-03-02,2015-02-27,600967,12.85030316072337,12.8946757545104,12.76155797314932
2015-03-02,2015-02-27,601008,9.446375907137689,9.386964737910411,9.327553568683129
2015-03-03,2015-03-02,000151,21.37936731969134,21.17982655804089,20.72373338855414
2015-03-03,2015-03-02,000554,9.730919105499506,9.625356866682448,9.606163732352076
2015-03-03,2015-03-02,000559,9.989261645653793,9.861648650890293,9.790752542688351
2015-03-03,2015-03-02,000603,14.79964971246863,14.45724136436524,14.40968464935089
2015-03-03,2015-03-02,000988,12.94350426286806,12.85531990377206,13.04148688408584
2015-03-03,2015-03-02,002048,11.46399748052254,11.38817739136565,11.30477529329306
2015-03-03,2015-03-02,002066,12.7792863422606,12.61048458016391,12.50125991057194
2015-03-03,2015-03-02,002124,2.243462091384324,2.217720690512306,2.231581444828008
2015-03-03,2015-03-02,002338,22.47636267172559,22.36907693104909,22.35932368189668
2015-03-03,2015-03-02,002345,10.4018878598213,10.26441797621133,10.31940592965532
2015-03-03,2015-03-02,002535,7.323068842807039,7.261595022510653,7.215489657288364
2015-03-03,2015-03-02,002548,,,
2015-03-03,2015-03-02,002567,5.731753916753072,5.707311469346875,5.695090245643777
2015-03-03,2015-03-02,002583,5.369022206582748,5.333078961685122,5.333078961685122
2015-03-03,2015-03-02,300008,5.769231475142469,5.741570776289046,5.706007020620359
2015-03-03,2015-03-02,300034,11.25697226146233,11.09422085527252,11.11230434484916
2015-03-03,2015-03-02,300096,17.26759805281539,17.28759527117418,17.05762726004809
2015-03-03,2015-03-02,300132,7.912959079770874,7.864053275816789,7.864053275816789
2015-03-03,2015-03-02,300134,24.01826511105698,23.70686383470714,23.70109714440437
2015-03-03,2015-03-02,300232,,4.927438533147934,4.927438533147934
2015-03-03,2015-03-02,300265,9.829209104846047,9.759167234740255,9.716363869675606
2015-03-03,2015-03-02,300302,8.180874542514912,8.115154149339181,7.996857441622867
2015-03-03,2015-03-02,300304,5.142390494306406,5.040879656431316,5.021072663675201
2015-03-03,2015-03-02,300308,5.439685495860403,5.379963422712805,5.394893940999705
2015-03-03,2015-03-02,600039,2.838565718825161,2.823222120345025,2.828336653171737
2015-03-03,2015-03-02,600138,17.32965680001233,17.16644119580169,17.08963385264374
2015-03-03,2015-03-02,600215,6.19664127184572,6.177426880305113,6.263891642237843
2015-03-03,2015-03-02,600368,2.625516540982342,2.568879820529718,2.572925300562049
2015-03-03,2015-03-02,600531,4.031321351227671,4.002951742844647,4.008625664521252
2015-03-03,2015-03-02,600650,15.79616464037653,15.62969452121566,15.60194950135551
2015-03-03,2015-03-02,600663,12.59453771357749,12.51300819840376,12.44565772934719
2015-03-03,2015-03-02,600846,8.278015459278658,8.187590265582466,8.220472154199262
2015-03-03,2015-03-02,600967,12.91242479202521,12.86805219823818,12.88580123575299
2015-03-03,2015-03-02,601008,9.396866599448289,9.327553568683129,9.268142399455847
2015-03-04,2015-03-03,000055,5.724117694185583,5.724117694185583,5.730200709801083
2015-03-04,2015-03-03,000518,6.03,6.02,6.1
2015-03-04,2015-03-03,000559,9.932544759092238,9.953813591552819,9.996351256473986
2015-03-04,2015-03-03,000603,14.24799181830206,14.2004351032877,14.25750316130494
2015-03-04,2015-03-03,000628,10.3323657468714,10.22514308346047,10.29337568744925
2015-03-04,2015-03-03,000753,6.902417869027021,6.902417869027021,6.902417869027021
2015-03-04,2015-03-03,002094,8.348647592615274,8.500441185208278,8.757322649596441
2015-03-04,2015-03-03,002120,5.204149763142494,5.273863758630003,5.245978160435
2015-03-04,2015-03-03,002124,2.25534273794064,2.277123923293886,2.281084138812658
2015-03-04,2015-03-03,002139,6.883719643949275,6.930060473865702,6.963762895623105
2015-03-04,2015-03-03,002345,10.44771115435796,10.41105251872863,10.37439388309931
2015-03-04,2015-03-03,002382,9.647903482965139,9.69566538139566,9.729098710297025
2015-03-04,2015-03-03,002424,14.26100151416237,14.19310737863814,14.24160318972688
2015-03-04,2015-03-03,002427,9.304348230012634,10.06900115775539,9.863380202395989
2015-03-04,2015-03-03,002538,9.636845573033764,9.504228432120454,9.645686715761316
2015-03-04,2015-03-03,002548,,,
2015-03-04,2015-03-03,002587,5.544320555129577,5.615265155962968,5.703945907004708
2015-03-04,2015-03-03,002613,4.46293429439792,4.487591389947079,4.497454228166743
2015-03-04,2015-03-03,002682,5.089788885098335,5.089788885098335,5.111085072902094
2015-03-04,2015-03-03,300096,16.40771766338741,16.57769401943712,16.65768289287229
2015-03-04,2015-03-03,300132,8.196612742704566,8.294424350612735,8.362892476148453
2015-03-04,2015-03-03,300134,24.04709856257086,24.32389969710404,23.93176475651536
2015-03-04,2015-03-03,300245,18.53453049559923,18.61928212994422,18.97132738030031
2015-03-04,2015-03-03,300304,5.167149235251551,5.107728256983204,5.199335598480237
2015-03-04,2015-03-03,600152,8.125399102921444,8.155345291261447,8.245183856281464
2015-03-04,2015-03-03,600182,13.17947426739986,13.17947426739986,13.17947426739986
2015-03-04,2015-03-03,600192,10.91242074816232,10.97216027780554,10.94229051298393
2015-03-04,2015-03-03,600390,8.796606817232039,8.817064042388393,8.803425892284157
2015-03-04,2015-03-03,600480,7.096001728516934,7.180199507761038,7.273752595810042
2015-03-04,2015-03-03,600650,15.43547938219463,15.44472772214801,15.42623104224125
2015-03-04,2015-03-03,600789,6.768285123776445,6.724430144572709,6.739048470973955
2015-03-04,2015-03-03,600843,12.81413978494624,12.90333333333333,13.03216845878136
2015-03-04,2015-03-03,600967,12.67281278557526,12.69943634184748,12.82367960445115
2015-03-05,2015-03-04,000055,5.864027053342086,5.827528959649085,5.900525147035085
2015-03-05,2015-03-04,000518,6.46,6.4,6.31
2015-03-05,2015-03-04,000559,10.12396425123748,10.11687464041729,10.11687464041729
2015-03-05,2015-03-04,000603,14.09581033025611,14.0006969002274,14.14336704527047
2015-03-05,2015-03-04,000628,10.13741544976062,10.23489059831601,10.25438562802709
2015-03-05,2015-03-04,000753,6.941525052420942,6.961078644117903,7.009962623360303
2015-03-05,2015-03-04,002094,8.804028370394288,8.944145532787831,8.874086951591059
2015-03-05,2015-03-04,002120,5.301749356825006,5.294777957276255,5.340092054343136
2015-03-05,2015-03-04,002124,2.292964785368974,2.289004569850202,2.348407802631781
2015-03-05,2015-03-04,002139,7.069082963614985,7.031167739137908,7.039593344577258
2015-03-05,2015-03-04,002345,10.49353444889461,10.61267501468993,10.65849830922658
2015-03-05,2015-03-04,002382,10.34522720005074,10.36433195942295,10.63179859063386
2015-03-05,2015-03-04,002424,14.30626427117853,14.26746762230754,14.48408224517058
2015-03-05,2015-03-04,002427,10.09470377717531,9.80554930870116,9.856954547541008
2015-03-05,2015-03-04,002538,10.60053013033714,10.94533469671174,10.88344669761887
2015-03-05,2015-03-04,002548,,,
2015-03-05,2015-03-04,002587,5.686209756796361,5.696851446921368,5.647190226337995
2015-03-05,2015-03-04,002613,4.561562676594558,4.546768419265063,4.581288353033886
2015-03-05,2015-03-04,002682,5.201593871068068,5.228214105822768,5.190945777166189
2015-03-05,2015-03-04,300096,16.64768428369289,16.89764951317777,16.8476564672808
2015-03-05,2015-03-04,300132,8.578078013546424,8.499828727219889,8.37267363693927
2015-03-05,2015-03-04,300134,23.64343024137662,23.27436206199903,23.12442811412689
2015-03-05,2015-03-04,300245,20.02094377488049,19.57762753369135,19.49287589934636
2015-03-05,2015-03-04,300304,5.2958946881663,5.33550867367853,5.233997835803439
2015-03-05,2015-03-04,600152,8.354986546861483,8.305076232961476,8.404896860761493
2015-03-05,2015-03-04,600182,13.26863430241917,13.29295067560625,13.25242338696111
2015-03-05,2015-03-04,600192,11.30072769084327,11.25094474947392,11.20116180810457
2015-03-05,2015-03-04,600390,9.014817218899811,8.946626468378632,8.932988318274397
2015-03-05,2015-03-04,600480,7.339239757444344,7.278430250212492,7.23165370618799
2015-03-05,2015-03-04,600650,15.90714471981712,15.83315800019006,15.77766796046977
2015-03-05,2015-03-04,600789,6.848685918983292,6.848685918983292,6.782903450177689
2015-03-05,2015-03-04,600843,13.29974910394265,13.37903225806452,13.19073476702509
2015-03-05,2015-03-04,600967,13.2052839110196,13.28515457983625,13.38277428616771
2015-03-06,2015-03-05,000055,5.809279912802585,5.821445944033584,5.857944037726585
2015-03-06,2015-03-05,000518,6.27,6.41,6.33
2015-03-06,2015-03-05,000559,10.83292533325691,10.69113311685303,10.52807206798856
2015-03-06,2015-03-05,000603,14.14336704527047,14.22896913229632,14.52382076538535
2015-03-06,2015-03-05,000628,10.23489059831601,10.22514308346047,10.37135580629356
2015-03-06,2015-03-05,000753,7.176168152784467,7.156614561087506,7.127284173542066
2015-03-06,2015-03-05,002094,9.130968415979222,9.037556974383527,9.031718759283796
2015-03-06,2015-03-05,002120,5.294777957276255,5.277349458404379,5.263406659306876
2015-03-06,2015-03-05,002124,2.296925000887746,2.316726078481606,2.322666401759764
2015-03-06,2015-03-05,002139,7.043806147296933,7.039593344577258,7.014316528259206
2015-03-06,2015-03-05,002345,11.0709079600565,10.91510875863187,11.17171920803715
2015-03-06,2015-03-05,002382,10.62224621094776,10.51239384455756,10.53149860392977
2015-03-06,2015-03-05,002424,15.45399846694539,15.38933738549374,15.13069305968712
2015-03-06,2015-03-05,002427,9.779846689281236,9.702738831021462,9.792697998991198
2015-03-06,2015-03-05,002538,11.66146725764361,11.97974839583555,11.93554268219778
2015-03-06,2015-03-05,002548,,,
2015-03-06,2015-03-05,002587,5.650737456379664,5.664926376546343,5.615265155962968
2015-03-06,2015-03-05,002613,4.887036337843468,4.852516404074644,5.025116072918762
2015-03-06,2015-03-05,002682,5.217566011920888,5.217566011920888,5.238862199724647
2015-03-06,2015-03-05,300096,17.12761752430386,17.02763143250991,16.97763838661293
2015-03-06,2015-03-05,300132,8.646546139082142,8.666108460663775,8.71501426461786
2015-03-06,2015-03-05,300134,23.10136135291579,23.06676121109914,23.10136135291579
2015-03-06,2015-03-05,300245,20.07961798327317,19.72105337642901,19.56458882071519
2015-03-06,2015-03-05,300304,5.541006223523224,5.511295734389052,5.43701951155362
2015-03-06,2015-03-05,600152,8.544645739681517,8.634484304701534,8.574591928021523
2015-03-06,2015-03-05,600182,13.93328183619948,13.96570366711559,13.86033271663823
2015-03-06,2015-03-05,600192,11.47994627977295,11.41025016185585,11.37042380876037
2015-03-06,2015-03-05,600390,9.205751320359111,9.151198719942169,9.103465194577343
2015-03-06,2015-03-05,600480,7.203587779773289,7.175521853358588,7.105357037321835
2015-03-06,2015-03-05,600650,15.78691630042315,15.82390966023668,15.76841962051639
2015-03-06,2015-03-05,600789,6.658647675767106,6.709811818171464,6.614792696563373
2015-03-06,2015-03-05,600843,13.22046594982079,13.27001792114695,13.12136200716846
2015-03-06,2015-03-05,600967,13.04554257338629,13.09878968593073,13.06329161090111
2015-03-09,2015-03-06,000055,5.736283725416583,5.705868647339083,5.675453569261582
2015-03-09,2015-03-06,000518,6.29,,
2015-03-09,2015-03-06,000559,10.08851619713651,9.882917483350877,9.719856434486408
2015-03-09,2015-03-06,000603,14.49528673637673,13.99118555722452,14.16238973127622
2015-03-09,2015-03-06,000628,10.31287071716032,10.16665799432724,10.06918284577185
2015-03-09,2015-03-06,000753,7.068623398451185,7.068623398451185,7.156614561087506
2015-03-09,2015-03-06,002094,8.885763381790522,8.798190155294558,8.798190155294558
2015-03-09,2015-03-06,002120,5.120492968557484,5.075178871490604,5.075178871490604
2015-03-09,2015-03-06,002124,2.300885216406518,2.356328233669326,2.336527156075466
2015-03-09,2015-03-06,002139,6.727845943321293,6.609887467170387,6.64358988892779
2015-03-09,2015-03-06,002345,10.77763887502189,10.44771115435796,10.67682762704125
2015-03-09,2015-03-06,002382,10.65567953984912,10.56970812267418,10.44552718675483
2015-03-09,2015-03-06,002424,14.78152321984819,14.73626046283203,14.9852056264209
2015-03-09,2015-03-06,002427,9.349327813997503,9.22081471689788,9.477840911097124
2015-03-09,2015-03-06,002538,11.93554268219778,11.43159754672721,11.51116783127519
2015-03-09,2015-03-06,002548,,,
2015-03-09,2015-03-06,002587,5.484017644421193,5.462734264171176,5.530131634962898
2015-03-09,2015-03-06,002613,4.822927889415652,4.748956602768174,4.650328220571533
2015-03-09,2015-03-06,002682,5.132381260705853,5.095112932049275,5.116409119853033
2015-03-09,2015-03-06,300096,16.2177440889789,15.71781363000914,15.94778164113523
2015-03-09,2015-03-06,300132,8.362892476148453,8.196612742704566,8.17705042112293
2015-03-09,2015-03-06,300134,22.89952719231867,22.43819196809669,22.52469232263831
2015-03-09,2015-03-06,300245,18.75618861619381,18.24115945363583,18.39762400934964
2015-03-09,2015-03-06,300304,5.063162523281946,5.02602441186423,5.112680005172233
2015-03-09,2015-03-06,600152,8.335022421301479,8.364968609641487,8.215237667941459
2015-03-09,2015-03-06,600182,13.73064539297378,13.69011810432863,13.64959081568349
2015-03-09,2015-03-06,600192,11.27085792602166,11.16133545500909,11.25094474947392
2015-03-09,2015-03-06,600390,9.314856521192997,9.178475020150641,9.151198719942169
2015-03-09,2015-03-06,600480,6.913573206821377,6.922928515626278,6.96034975084588
2015-03-09,2015-03-06,600650,16.22158827823211,16.073614838978,15.96263475953741
2015-03-09,2015-03-06,600789,6.475918595751544,6.395517800544697,6.410136126945941
2015-03-09,2015-03-06,600843,12.90333333333333,12.8339605734767,12.96279569892473
2015-03-09,2015-03-06,600967,12.81480508569375,12.96567190456964,13.03666805462889
2015-03-10,2015-03-09,000055,5.718034678570083,5.754532772263084,5.748449756647583
2015-03-10,2015-03-09,000518,,,
2015-03-10,2015-03-09,000559,9.890007094171072,9.840379818429712,10.03179931057496
2015-03-10,2015-03-09,000603,14.39066196334514,14.33359390532791,14.42870733535663
2015-03-10,2015-03-09,000628,10.24463811317155,10.22514308346047,10.27388065773817
2015-03-10,2015-03-09,000753,7.283712907117749,7.303266498814709,7.38148086560255
2015-03-10,2015-03-09,002094,9.382011665267653,9.91328923934317,9.854907088345859
2015-03-10,2015-03-09,002120,5.197178363593744,5.193692663819368,5.256435259758126
2015-03-10,2015-03-09,002124,2.413751358691519,2.413751358691519,2.415731466450905
2015-03-10,2015-03-09,002139,6.765761167798369,6.791037984116421,6.87108123579025
2015-03-10,2015-03-09,002345,10.96093205316853,11.04341398333451,11.18088386694448
2015-03-10,2015-03-09,002382,10.85627951325731,10.98046044917666,11.32434611787641
2015-03-10,2015-03-09,002424,14.930243707187,14.98843868049348,15.19535414113878
2015-03-10,2015-03-09,002427,9.413584362547313,9.497117875662067,9.593502698486784
2015-03-10,2015-03-09,002538,11.50232668854764,11.28129812035879,11.24593354944858
2015-03-10,2015-03-09,002548,,,
2015-03-10,2015-03-09,002587,5.586887315629611,5.601076235796289,5.604623465837959
2015-03-10,2015-03-09,002613,4.803202212976324,4.882104918733636,4.946213367161451
2015-03-10,2015-03-09,002682,5.190945777166189,5.233538152773707,5.265482434479345
2015-03-10,2015-03-09,300096,16.39771905420801,16.59769123779592,16.6376856745135
2015-03-10,2015-03-09,300132,8.382454797730086,8.392235958520903,8.499828727219889
2015-03-10,2015-03-09,300134,23.19939508806296,23.09559466261301,23.3723957971462
2015-03-10,2015-03-09,300245,19.39508555202523,19.31033391768024,19.39508555202523
2015-03-10,2015-03-09,300304,5.082969516038061,5.144866368400922,5.122583501550292
2015-03-10,2015-03-09,600152,8.574591928021523,8.504717488561509,8.514699551341511
2015-03-10,2015-03-09,600182,13.91707092074143,13.86843817436725,14.0548637021349
2015-03-10,2015-03-09,600192,11.71890439834585,11.62929510388101,11.6989912217981
2015-03-10,2015-03-09,600390,9.198932245306993,9.178475020150641,9.205751320359111
2015-03-10,2015-03-09,600480,7.007126294870381,7.016481603675281,6.98373802285813
2015-03-10,2015-03-09,600650,16.04586981911785,16.04586981911785,16.11985653874491
2015-03-10,2015-03-09,600789,6.541701064557146,6.563628554159015,6.592865206961504
2015-03-10,2015-03-09,600843,13.15109318996416,13.15109318996416,13.27992831541219
2015-03-10,2015-03-09,600967,13.08104064841592,13.06329161090111,13.14316227971776
2015-03-11,2015-03-10,000151,20.42917321659395,20.47668292174882,20.37216157040811
2015-03-11,2015-03-10,000518,,,
2015-03-11,2015-03-10,000559,9.911275926631655,9.996351256473986,9.890007094171072
2015-03-11,2015-03-10,000597,7.622336394852771,7.589339267602325,7.595938693052414
2015-03-11,2015-03-10,000603,14.54284345139109,14.9803652295232,14.76160434045714
2015-03-11,2015-03-10,000736,4.531664151976223,4.395674230381173,4.379675416075873
2015-03-11,2015-03-10,000753,7.479248824087353,7.430364844844951,7.469472028238872
2015-03-11,2015-03-10,000962,12.48465751458347,12.54406111893518,12.57376292111103
2015-03-11,2015-03-10,002060,3.238667025460156,3.247035674104755,3.238667025460156
2015-03-11,2015-03-10,002066,13.02752422769689,13.01759471227944,12.90837004268747
2015-03-11,2015-03-10,002120,5.312206456148132,5.489977144641278,5.54923404080566
2015-03-11,2015-03-10,002130,7.000118916679483,7.052252503736677,6.94798532962229
2015-03-11,2015-03-10,002212,7.87123372196054,7.970367647929816,8.029848003511383
2015-03-11,2015-03-10,002222,7.018673526420897,7.05442228801557,6.971008510961332
2015-03-11,2015-03-10,002401,16.21352787601248,16.09390027240197,16.02212371023565
2015-03-11,2015-03-10,002538,11.59957925855073,11.48464440309253,11.32550383399656
2015-03-11,2015-03-10,002548,,,
2015-03-11,2015-03-10,002613,4.931419109831955,4.96593904360078,4.926487690722124
2015-03-11,2015-03-10,002651,10.15183353299217,9.911666235741508,9.843047007955604
2015-03-11,2015-03-10,002669,15.07482361753484,15.24667087853271,15.06527654747941
2015-03-11,2015-03-10,002682,5.313398857037803,5.286778622283103,5.297426716184983
2015-03-11,2015-03-10,300134,23.10136135291579,22.95142740504364,22.74959324444653
2015-03-11,2015-03-10,300150,9.22514650208668,9.278499084380558,9.108740867990951
2015-03-11,2015-03-10,300232,5.002646805495981,4.945592254059532,4.930031921849592
2015-03-11,2015-03-10,600039,2.981772637973097,2.992001703626521,2.956199973839537
2015-03-11,2015-03-10,600080,11.21577250878514,11.24521023190531,11.13727191379801
2015-03-11,2015-03-10,600152,8.504717488561509,8.394914797981491,8.434843049101497
2015-03-11,2015-03-10,600192,11.65916486870262,11.70894781007197,11.56955557423778
2015-03-11,2015-03-10,600301,9.323753616325073,9.284035816042536,9.204600215477466
2015-03-11,2015-03-10,600345,16.6183058407617,16.6183058407617,16.521631577581
2015-03-11,2015-03-10,600390,9.171655945098522,9.198932245306993,9.164836870046404
2015-03-11,2015-03-10,600410,17.2955994473629,17.2955994473629,17.35157226110841
2015-03-11,2015-03-10,600420,12.81539466982582,12.72163552514862,12.66735391507235
2015-03-12,2015-03-11,000151,20.54319650896564,20.6667217423683,20.97078385535946
2015-03-12,2015-03-11,000518,,,
2015-03-12,2015-03-11,000559,10.18068113779904,10.25157724600098,10.1097850295971
2015-03-12,2015-03-11,000597,7.556342140351879,7.54974271490179,7.569540991252058
2015-03-12,2015-03-11,000603,14.60942285241119,14.39066196334514,14.44773002136237
2015-03-12,2015-03-11,000736,4.395674230381173,4.343678083888948,4.379675416075873
2015-03-12,2015-03-11,000753,7.8018830870872,7.723668720299358,7.762775903693279
2015-03-12,2015-03-11,000962,12.54406111893518,12.57376292111103,12.69257012981444
2015-03-12,2015-03-11,002060,3.284694593005455,3.293063241650055,3.288878917327755
2015-03-12,2015-03-11,002066,12.66013215725117,12.66013215725117,12.71970924975589
2015-03-12,2015-03-11,002120,5.521348442610657,5.531805541933783,5.483005745092528
2015-03-12,2015-03-11,002130,6.872154657539101,6.843718155507903,6.838978738502704
2015-03-12,2015-03-11,002212,8.228115855449936,8.238029248046864,8.178548892465297
2015-03-12,2015-03-11,002222,7.042506034150679,7.006757272556006,7.078254795745353
2015-03-12,2015-03-11,002401,15.84666989160689,15.97427266879145,15.83869471803286
2015-03-12,2015-03-11,002538,11.21056897853836,11.11331640853527,11.1840455503557
2015-03-12,2015-03-11,002548,,,
2015-03-12,2015-03-11,002613,4.857447823184476,4.896899176063132,4.872242080513972
2015-03-12,2015-03-11,002651,9.648625862562213,9.721057269669556,9.7058085523838
2015-03-12,2015-03-11,002669,14.97935291698048,15.07482361753484,15.09391775764572
2015-03-12,2015-03-11,002682,5.419879796056596,5.430527889958475,5.409231702154717
2015-03-12,2015-03-11,300134,22.72075979293265,22.47279210991334,22.86492705050202
2015-03-12,2015-03-11,300150,9.021436642419152,9.205745563070726,9.399754953230277
2015-03-12,2015-03-11,300232,4.958559197567816,4.97930630718107,5.02858069251255
2015-03-12,2015-03-11,600039,3.135208622774457,3.171010352561441,3.130094089947745
2015-03-12,2015-03-11,600080,10.99989587257055,10.99989587257055,11.00970844694394
2015-03-12,2015-03-11,600152,8.764251120841555,8.734304932501551,8.834125560301569
2015-03-12,2015-03-11,600192,11.50981604459456,11.44011992667746,11.54964239769004
2015-03-12,2015-03-11,600301,9.224459115618734,9.204600215477466,9.244318015760003
2015-03-12,2015-03-11,600345,16.93733090925799,16.81165436712309,16.91799605662186
2015-03-12,2015-03-11,600390,9.430780797079001,9.423961722026883,9.505790622652297
2015-03-12,2015-03-11,600410,18.56898096007328,18.8068654184917,19.10771929237382
2015-03-12,2015-03-11,600420,12.45516216659236,12.42061932381655,12.31699079548912
2015-03-13,2015-03-12,000151,21.00879161948336,21.01829356051433,21.00879161948336
2015-03-13,2015-03-12,000518,,,
2015-03-13,2015-03-12,000559,10.02470969975476,10.02470969975476,9.932544759092238
2015-03-13,2015-03-12,000597,7.457350758600546,7.49034788585099,7.510146162201258
2015-03-13,2015-03-12,000603,14.4382186783595,14.39066196334514,14.29554853331642
2015-03-13,2015-03-12,000736,4.459669487602373,4.435671266144423,4.467668894755023
2015-03-13,2015-03-12,000753,7.743222311996318,7.762775903693279,7.616123965966076
2015-03-13,2015-03-12,000962,12.89058214432012,12.83117853996842,12.76187433489143
2015-03-13,2015-03-12,002060,3.238667025460156,3.251219998427055,3.234482701137856
2015-03-13,2015-03-12,002066,12.7792863422606,12.98780616602709,12.83886343476531
2015-03-13,2015-03-12,002120,5.570148239451913,5.580605338775039,5.570148239451913
2015-03-13,2015-03-12,002130,6.815281653476708,6.838978738502704,6.815281653476708
2015-03-13,2015-03-12,002212,8.158722107271442,8.119068536883731,8.099241751689876
2015-03-13,2015-03-12,002222,6.935259749366659,6.994841018691115,6.959092257096441
2015-03-13,2015-03-12,002401,15.45588638647919,15.61538985795989,15.47183673362726
2015-03-13,2015-03-12,002538,11.01606383853217,11.07795183762505,10.8569232694362
2015-03-13,2015-03-12,002548,,,
2015-03-13,2015-03-12,002613,4.768682279207501,4.837722146745149,4.827859308525484
2015-03-13,2015-03-12,002651,9.652438041883654,9.709620731705238,9.629564965955019
2015-03-13,2015-03-12,002669,15.17984138814465,16.23001909424271,16.06771890330028
2015-03-13,2015-03-12,002682,5.340019091792501,5.398583608252838,5.35066718569438
2015-03-13,2015-03-12,300134,22.57082584506051,22.81879352807983,22.78419338626318
2015-03-13,2015-03-12,300150,9.453107535524154,9.491909413556066,9.356102840444379
2015-03-13,2015-03-12,300232,5.163436904998703,5.287919562678231,5.077855077844029
2015-03-13,2015-03-12,600039,3.119865024294321,3.140323155601169,3.099406892987473
2015-03-13,2015-03-12,600080,11.02933359569072,11.07839646755767,11.07839646755767
2015-03-13,2015-03-12,600152,8.634484304701534,8.644466367481535,8.604538116361526
2015-03-13,2015-03-12,600192,11.46998969149908,11.4301633384036,11.49985945632069
2015-03-13,2015-03-12,600301,9.075517364559229,9.095376264700496,9.194670765406833
2015-03-13,2015-03-12,600345,16.56996870917135,16.62797326707977,16.76331723553274
2015-03-13,2015-03-12,600390,9.348951896453586,9.383047271714176,9.226208545515464
2015-03-13,2015-03-12,600410,18.47802513773682,18.45003873086407,18.54799115491871
2015-03-13,2015-03-12,600420,12.34659894643982,12.23803572628727,12.24297041811238
2015-03-16,2015-03-13,000151,20.8472586219568,20.79024697577096,20.71423144752317
2015-03-16,2015-03-13,000518,,,
2015-03-16,2015-03-13,000559,9.982172034833598,9.967992813193209,10.07433697549612
2015-03-16,2015-03-13,000597,7.602538118502503,7.681731223903571,7.747725478404461
2015-03-16,2015-03-13,000603,14.46675270736812,14.41919599235376,14.41919599235376
2015-03-16,2015-03-13,000736,4.459669487602373,4.447670376873398,4.459669487602373
2015-03-16,2015-03-13,000753,7.909427841420482,8.007195799905283,8.222285308571848
2015-03-16,2015-03-13,000962,12.82127793924314,12.81137733851785,13.00938935302354
2015-03-16,2015-03-13,002060,3.238667025460156,3.242851349782455,3.272141620038555
2015-03-16,2015-03-13,002066,12.84879295018276,12.85872246560021,12.75942731142569
2015-03-16,2015-03-13,002120,5.573633939226288,5.681690632231926,5.758376027268185
2015-03-16,2015-03-13,002130,6.848457572513103,6.872154657539101,6.895851742565098
2015-03-16,2015-03-13,002212,8.327249781419212,8.475950670373127,8.634564951923968
2015-03-16,2015-03-13,002222,6.982924764826224,7.018673526420897,7.066338541880461
2015-03-16,2015-03-13,002401,15.75894298229251,16.0779499252539,16.2853044381788
2015-03-16,2015-03-13,002538,11.5288501167303,11.7587198276467,11.69683182855382
2015-03-16,2015-03-13,002548,,,
2015-03-16,2015-03-13,002613,4.906762014282795,4.975801881820443,4.990596139149939
2015-03-16,2015-03-13,002651,9.747742524919628,9.743930345598189,9.823986111348409
2015-03-16,2015-03-13,002669,15.88632457224698,16.03907769313397,16.09636011346659
2015-03-16,2015-03-13,002682,5.387935514350957,5.425203843007536,5.446500030811294
2015-03-16,2015-03-13,300134,24.32966638740682,24.31236631649849,24.46806695467341
2015-03-16,2015-03-13,300150,9.875077959121178,9.972082654200955,10.18549298337646
2015-03-16,2015-03-13,300232,5.178997237208645,5.396841888147816,5.370908001131249
2015-03-16,2015-03-13,600039,3.135208622774457,3.124979557121033,3.171010352561441
2015-03-16,2015-03-13,600080,11.37277369875938,11.32371082689243,11.42183657062633
2015-03-16,2015-03-13,600152,8.774233183621558,8.824143497521566,8.814161434741566
2015-03-16,2015-03-13,600192,11.55959898596391,11.57951216251166,11.67907804525036
2015-03-16,2015-03-13,600301,9.26417691590127,9.23438856568937,9.293965266113171
2015-03-16,2015-03-13,600345,16.7439823828966,16.81165436712309,16.93733090925799
2015-03-16,2015-03-13,600390,9.27394207088029,9.321675596245115,9.27394207088029
2015-03-16,2015-03-13,600410,18.93980085113729,19.07273628378288,19.19867511471028
2015-03-16,2015-03-13,600420,12.69696206602304,12.59826822952073,12.62787638047142
2015-03-17,2015-03-16,000151,20.99928967845239,20.92327415020459,20.78074503473999
2015-03-17,2015-03-16,000518,,,
2015-03-17,2015-03-16,000559,10.20194997025962,10.20194997025962,10.26575646764137
2015-03-17,2015-03-16,000597,7.780722605654905,7.807120307455262,7.774123180204816
2015-03-17,2015-03-16,000603,14.76160434045714,14.7425816544514,14.6760022534313
2015-03-17,2015-03-16,000736,4.579660594892123,4.551662669857849,4.579660594892123
2015-03-17,2015-03-16,000753,8.104963758390085,7.987642208208323,8.007195799905283
2015-03-17,2015-03-16,000962,13.06879295737524,13.06879295737524,13.08859415882581
2015-03-17,2015-03-16,002060,3.393487025385253,3.401855674029854,3.389302701062953
2015-03-17,2015-03-16,002066,13.07717180478415,12.98780616602709,13.01759471227944
2015-03-17,2015-03-16,002120,5.911746817340704,5.922203916663829,5.971003713505085
2015-03-17,2015-03-16,002130,6.981161248658686,7.000118916679483,6.995379499674284
2015-03-17,2015-03-16,002212,8.644478344520897,8.58499798893933,8.575084596342403
2015-03-17,2015-03-16,002222,7.185501080529374,7.209333588259155,7.1497523189347
2015-03-17,2015-03-16,002401,16.79571554691702,16.66811276973246,16.69203829045457
2015-03-17,2015-03-16,002538,11.93554268219778,12.28918839129994,12.32455296221015
2015-03-17,2015-03-16,002548,,,
2015-03-17,2015-03-16,002613,4.995527558259771,5.030047492028594,5.025116072918762
2015-03-17,2015-03-16,002651,9.854483545919923,9.915478415062948,9.854483545919923
2015-03-17,2015-03-16,002669,17.0033317687331,16.71691966706999,16.83148450773523
2015-03-17,2015-03-16,002682,5.531684782026329,5.749970707014857,5.68608214360358
2015-03-17,2015-03-16,300134,24.8602018952621,24.73333470860105,25.21197000373136
2015-03-17,2015-03-16,300150,10.02058500174084,10.1709422791145,10.1272901663286
2015-03-17,2015-03-16,300232,5.440929496075982,5.420182386462727,5.510950991020716
2015-03-17,2015-03-16,600039,3.181239418214865,3.191468483868289,3.222155680828561
2015-03-17,2015-03-16,600080,11.68677607870787,11.62790063246753,11.64752578121431
2015-03-17,2015-03-16,600152,8.874053811421577,8.933946188101586,8.884035874201578
2015-03-17,2015-03-16,600192,11.73881757489359,11.64920828042875,11.73881757489359
2015-03-17,2015-03-16,600301,9.462765917313943,9.472695367384578,9.492554267525845
2015-03-17,2015-03-16,600345,17.18868399352781,17.15001428825553,17.2853582567085
2015-03-17,2015-03-16,600390,9.362590046557822,9.389866346766294,9.417142646974765
2015-03-17,2015-03-16,600410,19.25464792845579,19.15669550440114,19.36659355594681
2015-03-17,2015-03-16,600420,12.72163552514862,12.64761514777188,12.5291825439691
2015-03-18,2015-03-17,000518,,,
2015-03-18,2015-03-17,000546,8.279064992481265,8.269720675333994,8.325786578217617
2015-03-18,2015-03-17,000554,10.26832686674997,10.13397492643736,10.15316806076773
2015-03-18,2015-03-17,000559,10.43590712732603,10.39336946240487,10.42881751650584
2015-03-18,2015-03-17,000567,2.893969639761424,2.885829078186849,2.887864218580493
2015-03-18,2015-03-17,000631,3.811316695430924,3.816495114854063,3.811316695430924
2015-03-18,2015-03-17,000638,7.48,7.51,7.41
2015-03-18,2015-03-17,000803,10.59285714285714,10.63571428571429,10.56428571428571
2015-03-18,2015-03-17,000809,8.0512,8.031466666666667,8.057777777777778
2015-03-18,2015-03-17,000922,10.61703220911452,10.78332307504041,10.65540702432819
2015-03-18,2015-03-17,000953,8.6,8.609999999999999,8.59
2015-03-18,2015-03-17,002139,7.161764623447839,7.132275004410112,7.178615834326539
2015-03-18,2015-03-17,002212,8.634564951923968,8.545344418551618,8.654391737117823
2015-03-18,2015-03-17,002222,7.227207969056493,7.185501080529374,7.20337546132671
2015-03-18,2015-03-17,002265,13.04194752259435,12.93243498614509,12.96230204154034
2015-03-18,2015-03-17,002388,9.319789983394745,9.419466881612871,9.31480613848384
2015-03-18,2015-03-17,002490,10.54,10.52,10.6
2015-03-18,2015-03-17,002548,,,
2015-03-18,2015-03-17,002639,8.12153962315789,7.968804209149196,7.952202533713469
2015-03-18,2015-03-17,002651,10.20520404349231,10.18233096756368,10.16708225027792
2015-03-18,2015-03-17,300008,6.520021872592516,6.52792492940778,6.520021872592516
2015-03-18,2015-03-17,300021,5.724711261018895,5.754450020816395,5.799058160512646
2015-03-18,2015-03-17,300134,24.71026794738995,24.58340076072891,24.78523492132603
2015-03-18,2015-03-17,300223,19.94012678014582,19.90410590596234,19.97614765432931
2015-03-18,2015-03-17,300246,21.60723124189655,21.46123643620806,21.29619882977759
2015-03-18,2015-03-17,300281,8.088495237507237,8.156465785721585,8.085258544735126
2015-03-18,2015-03-17,300304,5.466730000687792,5.422164266986534,5.409784896513962
2015-03-18,2015-03-17,600039,3.268186476268969,3.242613812135409,3.252842877788833
2015-03-18,2015-03-17,600099,10.28293613440528,10.35208171840224,10.45086112411219
2015-03-18,2015-03-17,600152,9.273336322621645,9.233408071501639,9.233408071501639
2015-03-18,2015-03-17,600192,11.7686873397152,11.80851369281068,11.8383834576323
2015-03-18,2015-03-17,600215,6.955609737699692,6.955609737699692,6.888359367307568
2015-03-18,2015-03-17,600456,18.6837974907506,18.58225511308348,18.62841073929581
2015-03-18,2015-03-17,600760,6.265648439898424,6.255904041080542,6.197437648173247
2015-03-18,2015-03-17,600765,16.72332603593792,16.68230397697814,16.56607480992542
2015-03-18,2015-03-17,600877,9,9.029999999999999,9.02
2015-03-19,2015-03-18,000518,,,
2015-03-19,2015-03-18,000546,8.428574066837585,8.335130895364886,8.465951335426666
2015-03-19,2015-03-18,000554,10.35469597123665,10.28752000108035,10.3930822398974
2015-03-19,2015-03-18,000559,10.54225128962895,10.51389284634817,10.71240194931361
2015-03-19,2015-03-18,000567,2.94077786881523,2.912285903304218,2.92449674566608
2015-03-19,2015-03-18,000631,3.977026116971398,3.93559876158628,3.961490858701979
2015-03-19,2015-03-18,000638,7.67,7.53,7.54
2015-03-19,2015-03-18,000803,10.7,10.72857142857143,10.85714285714286
2015-03-19,2015-03-18,000809,8.327466666666666,8.20248888888889,8.2288
2015-03-19,2015-03-18,000922,11.67873543002597,11.32696629056736,11.40371592099469
2015-03-19,2015-03-18,000953,8.68,8.640000000000001,8.69
2015-03-19,2015-03-18,002139,7.532491262779256,7.439809602946402,7.481937630143155
2015-03-19,2015-03-18,002212,8.703958700102461,8.713872092699388,8.694045307505533
2015-03-19,2015-03-18,002222,7.441700538624533,7.376161142367632,7.40595177702986
2015-03-19,2015-03-18,002265,13.07181457798961,12.96230204154034,13.13154868878011
2015-03-19,2015-03-18,002388,9.469305330721935,9.424450726523778,9.509176090009184
2015-03-19,2015-03-18,002490,10.76,10.66,10.7
2015-03-19,2015-03-18,002548,,,
2015-03-19,2015-03-18,002639,8.450252796785293,8.270954702079436,8.350642744170928
2015-03-19,2015-03-18,002651,10.39581300956427,10.30050852652829,10.28907198856397
2015-03-19,2015-03-18,300008,6.543731043038306,6.500264230554357,6.448894361255143
2015-03-19,2015-03-18,300021,5.843666300208898,5.862253025082335,5.906861164778586
2015-03-19,2015-03-18,300134,25.08510281707031,25.01590253343702,25.02166922373979
2015-03-19,2015-03-18,300223,20.93327373977631,20.82521111722584,20.70685681633724
2015-03-19,2015-03-18,300246,22.56571887924273,22.47050487553284,22.62919488171599
2015-03-19,2015-03-18,300281,8.20177948453115,8.243856490568602,8.247093183340713
2015-03-19,2015-03-18,300304,5.692034543288603,5.595475453602542,5.66232405415443
2015-03-19,2015-03-18,600039,3.303988206055953,3.268186476268969,3.288644607575817
2015-03-19,2015-03-18,600099,10.39159348068622,10.34220377783125,10.42122730239921
2015-03-19,2015-03-18,600152,9.263354259841645,9.163533632041627,9.203461883161635
2015-03-19,2015-03-18,600192,12.24660357686099,12.05742839965745,12.19682063549164
2015-03-19,2015-03-18,600215,7.157360848876064,7.109324870024547,7.263040002349402
2015-03-19,2015-03-18,600456,18.90534449656978,18.83149549463005,19.20997162957115
2015-03-19,2015-03-18,600760,6.333859231623602,6.241287442853718,6.285137237534189
2015-03-19,2015-03-18,600765,16.85322922264389,16.66862995732487,16.87374025212379
2015-03-19,2015-03-18,600877,9.06,9.029999999999999,9.140000000000001
2015-03-20,2015-03-19,000518,,,
2015-03-20,2015-03-19,000546,8.493984286868477,8.568738824046637,8.559394506899368
2015-03-20,2015-03-19,000554,10.70976895634857,10.62339985186189,10.60420671753151
2015-03-20,2015-03-19,000559,10.54225128962895,10.69113311685303,10.62732661947128
2015-03-20,2015-03-19,000567,2.926531886059724,2.928567026453368,2.926531886059724
2015-03-20,2015-03-19,000631,4.106486602549895,4.065059247164776,4.106486602549895
2015-03-20,2015-03-19,000638,7.62,7.61,7.62
2015-03-20,2015-03-19,000803,10.82857142857143,10.85,10.97857142857143
2015-03-20,2015-03-19,000809,8.097244444444446,8.044622222222223,8.005155555555556
2015-03-20,2015-03-19,000922,11.40371592099469,11.37173690831664,11.32696629056736
2015-03-20,2015-03-19,000953,8.75,8.75,8.74
2015-03-20,2015-03-19,002139,7.444022405666078,7.456660813825103,7.477724827423479
2015-03-20,2015-03-19,002212,8.882399766847159,8.842746196459448,8.822919411265593
2015-03-20,2015-03-19,002222,7.489365554084098,7.453616792489425,7.45957491942187
2015-03-20,2015-03-19,002265,13.21119416983412,13.09172594825311,13.0519032077261
2015-03-20,2015-03-19,002388,9.504192245098279,9.653707592425468,9.668659127158186
2015-03-20,2015-03-19,002490,10.9,10.83,10.78
2015-03-20,2015-03-19,002548,,,
2015-03-20,2015-03-19,002639,8.566464524835386,8.629550891491149,8.825450661632734
2015-03-20,2015-03-19,002651,10.46443223735017,10.60929505156485,10.49492967192168
2015-03-20,2015-03-19,300008,6.523973401000148,6.444942832847511,6.437039776032248
2015-03-20,2015-03-19,300021,5.862253025082335,5.884557094930461,5.843666300208898
2015-03-20,2015-03-19,300134,26.1404071424781,26.2557409485336,26.34800799337799
2015-03-20,2015-03-19,300223,20.6965651379991,20.61937755046305,20.67598178132282
2015-03-20,2015-03-19,300246,23.58133491881483,23.77176292623461,24.62868895962357
2015-03-20,2015-03-19,300281,8.412164514718413,8.473661677388534,8.415401207490524
2015-03-20,2015-03-19,300304,5.54348209761774,5.479109371160365,5.486536993443908
2015-03-20,2015-03-19,600039,3.375591665629921,3.334675403016225,3.365362599976497
2015-03-20,2015-03-19,600099,10.70768757895805,10.67805375724506,10.58915229210611
2015-03-20,2015-03-19,600152,9.18349775760163,9.243390134281642,9.18349775760163
2015-03-20,2015-03-19,600192,12.23664698858712,12.16695087067003,12.1769074589439
2015-03-20,2015-03-19,600215,7.195789631957278,7.339897568511829,7.445576721985168
2015-03-20,2015-03-19,600456,19.22843388005608,19.29305175675334,19.10842925190402
2015-03-20,2015-03-19,600760,6.582341401479604,6.577469202070663,6.606702398524311
2015-03-20,2015-03-19,600765,16.75751108507107,16.73016304576455,16.6959779966314
2015-03-20,2015-03-19,600877,9.25,9.380000000000001,9.210000000000001
2015-03-23,2015-03-20,000518,,,
2015-03-23,2015-03-20,000546,8.559394506899368,8.615460409782989,8.624804726930257
2015-03-23,2015-03-20,000554,10.56582044887076,10.57541701603595,10.52743418021002
2015-03-23,2015-03-20,000559,10.91091105227905,10.90382144145886,10.89673183063866
2015-03-23,2015-03-20,000567,2.918391324485149,2.910250762910574,2.971304974719887
2015-03-23,2015-03-20,000631,4.204876571589551,4.215233410435832,4.26701760466723
2015-03-23,2015-03-20,000638,7.77,7.8,7.85
2015-03-23,2015-03-20,000803,11.26428571428571,11.09285714285714,11.15
2015-03-23,2015-03-20,000809,8.156444444444444,8.195911111111112,8.20248888888889
2015-03-23,2015-03-20,000922,11.36534110578103,11.49965295902886,11.49965295902886
2015-03-23,2015-03-20,000953,8.75,8.75,8.84
2015-03-23,2015-03-20,002139,7.507214446461205,7.701003371566265,7.701003371566265
2015-03-23,2015-03-20,002212,8.902226552041014,8.822919411265593,8.882399766847159
2015-03-23,2015-03-20,002222,7.656193108192574,7.66215123512502,7.656193108192574
2015-03-23,2015-03-20,002265,13.04194752259435,13.04194752259435,13.04194752259435
2015-03-23,2015-03-20,002388,9.424450726523778,9.608852988227312,9.613836833138217
2015-03-23,2015-03-20,002490,10.88,10.93,10.84
2015-03-23,2015-03-20,002548,,,
2015-03-23,2015-03-20,002639,9.423110977318924,9.150843500172993,9.602409072024782
2015-03-23,2015-03-20,002651,10.47968095463592,10.55973672038614,10.57879761699334
2015-03-23,2015-03-20,300008,6.437039776032248,6.480506588516198,6.603003969152785
2015-03-23,2015-03-20,300021,5.944034614525462,5.996077444171088,5.906861164778586
2015-03-23,2015-03-20,300134,25.88667276915601,26.22690749701972,25.96740643339486
2015-03-23,2015-03-20,300223,21.00016964897422,20.87152366974748,20.98473213146701
2015-03-23,2015-03-20,300246,24.62868895962357,24.31130894725728,25.00319737421578
2015-03-23,2015-03-20,300281,8.379797586997295,8.412164514718413,8.3539040448204
2015-03-23,2015-03-20,300304,5.533578601239682,5.489012867538423,5.533578601239682
2015-03-23,2015-03-20,600039,3.360248067149785,3.360248067149785,3.355133534323073
2015-03-23,2015-03-20,600099,10.71756551952904,11.03365961780086,11.28060813207573
2015-03-23,2015-03-20,600152,9.29330044818165,9.333228699301657,9.243390134281642
2015-03-23,2015-03-20,600192,12.21673381203938,12.23664698858712,12.14703769412229
2015-03-23,2015-03-20,600215,7.916329314730036,8.04122285974398,7.964365293581552
2015-03-23,2015-03-20,600456,19.14535375287388,19.20997162957115,19.0345802499643
2015-03-23,2015-03-20,600760,6.465408615665014,6.436175419211367,6.504386210936544
2015-03-23,2015-03-20,600765,16.52505275096564,16.5387267706189,16.55240079027216
2015-03-23,2015-03-20,600877,9.119999999999999,9.039999999999999,9.02
2015-03-24,2015-03-23,000518,,,
2015-03-24,2015-03-23,000546,8.755625166992038,8.652837678372068,8.727592215550228
2015-03-24,2015-03-23,000554,10.62339985186189,10.49864447871446,10.50824104587964
2015-03-24,2015-03-23,000559,10.96053832802041,11.08106171196372,11.48516952871479
2015-03-24,2015-03-23,000567,2.993691519049968,2.948918430389806,2.981480676688106
2015-03-24,2015-03-23,000631,4.220411829858971,4.168627635627573,4.178984474473852
2015-03-24,2015-03-23,000638,7.88,7.79,7.82
2015-03-24,2015-03-23,000803,11.26428571428571,11.17857142857143,11.17857142857143
2015-03-24,2015-03-23,000809,8.2288,8.14328888888889,8.130133333333333
2015-03-24,2015-03-23,000922,11.48686135395764,11.44848653874397,11.50604876156447
2015-03-24,2015-03-23,000953,8.859999999999999,8.84,8.779999999999999
2015-03-24,2015-03-23,002139,7.747344201482692,7.667300949808863,7.684152160687563
2015-03-24,2015-03-23,002212,9.219455115142699,9.100494403979566,9.159974759561132
2015-03-24,2015-03-23,002222,7.757481266044149,7.960057581747299,8.275838309166916
2015-03-24,2015-03-23,002265,13.27092828062463,13.20123848470237,13.24106122522938
2015-03-24,2015-03-23,002388,10.36639741468507,11.39306946633176,10.96445880399382
2015-03-24,2015-03-23,002490,11.12,10.98,11.05
2015-03-24,2015-03-23,002548,,,
2015-03-24,2015-03-23,002639,9.56588538606618,9.522721029933289,9.303578914181687
2015-03-24,2015-03-23,002651,11.05532003217322,10.90283285931566,10.92189375592285
2015-03-24,2015-03-23,300008,6.83219261679543,,
2015-03-24,2015-03-23,300021,6.022098858993902,5.955186649449525,5.966338684373588
2015-03-24,2015-03-23,300134,26.74590962426945,27.04577752001374,27.81274733028279
2015-03-24,2015-03-23,300223,21.5507744400647,21.40669094333074,21.68971209762958
2015-03-24,2015-03-23,300246,26.20924142120766,25.8474282071101,25.96168501156196
2015-03-24,2015-03-23,300281,8.713176942524804,8.671099936487352,8.638733008766234
2015-03-24,2015-03-23,300304,5.692034543288603,5.64499293549283,6.065891531560277
2015-03-24,2015-03-23,600039,3.380706198456633,3.344904468669649,3.339789935842937
2015-03-24,2015-03-23,600099,11.18182872636578,10.95463609323291,11.02378167722987
2015-03-24,2015-03-23,600152,9.29330044818165,9.243390134281642,9.253372197061642
2015-03-24,2015-03-23,600192,12.66478028436357,12.47560510716002,12.5851275781726
2015-03-24,2015-03-23,600215,7.973972489351858,7.887507727419126,7.89711492318943
2015-03-24,2015-03-23,600456,19.36690075869306,19.22843388005608,19.45921201111772
2015-03-24,2015-03-23,600760,6.470280815073956,6.411814422166661,6.562852603843839
2015-03-24,2015-03-23,600765,16.59342284923194,16.55240079027216,16.78485912437759
2015-03-24,2015-03-23,600877,9.1,9.02,9.09
2015-03-25,2015-03-24,000518,,,
2015-03-25,2015-03-24,000554,10.40267880706259,10.28752000108035,10.18195776226329
2015-03-25,2015-03-24,000559,12.05942800515053,12.4706254327218,12.35719165959869
2015-03-25,2015-03-24,000561,11.7254702968132,11.60561881166689,11.58564356414251
2015-03-25,2015-03-24,000603,15.31326223462371,15.26570551960936,15.40837566465243
2015-03-25,2015-03-24,000803,10.88571428571429,10.77857142857143,10.8
2015-03-25,2015-03-24,000809,8.011733333333334,7.873600000000001,7.886755555555556
2015-03-25,2015-03-24,000838,3.531893922071722,3.444062347521332,3.454708598981986
2015-03-25,2015-03-24,000953,8.65,8.6,8.609999999999999
2015-03-25,2015-03-24,000988,14.78557754176223,14.59941056144846,14.62880534781379
2015-03-25,2015-03-24,002026,10.49663883025578,10.58411082050792,11.54630271328136
2015-03-25,2015-03-24,002049,25.70211431376755,25.97368907893605,26.25222729962169
2015-03-25,2015-03-24,002139,7.637811330771136,7.540916868218607,7.460873616544778
2015-03-25,2015-03-24,002185,5.640648447035786,5.587245858188109,5.573895210976191
2015-03-25,2015-03-24,002265,13.21119416983412,13.17137142930712,13.21119416983412
2015-03-25,2015-03-24,002272,9.189676025917926,9.061079913606912,9.110539956803457
2015-03-25,2015-03-24,002345,11.88656260280901,11.53830556433041,11.62995215340373
2015-03-25,2015-03-24,002427,9.946913715510744,9.863380202395989,9.831251928121086
2015-03-25,2015-03-24,002548,,,
2015-03-25,2015-03-24,002634,5.718339869024315,5.608371794620001,5.62211780392054
2015-03-25,2015-03-24,300008,,,
2015-03-25,2015-03-24,300239,6.861092211375015,6.797653947685203,6.807413680560558
2015-03-25,2015-03-24,300261,8.595824474106285,8.665790487267616,8.580831757000286
2015-03-25,2015-03-24,300265,11.87209698293163,11.87209698293163,11.92657399301391
2015-03-25,2015-03-24,300281,8.583709231640334,8.538395532830769,8.480135062932758
2015-03-25,2015-03-24,300302,10.83597842681442,10.4837171193925,10.54417988111418
2015-03-25,2015-03-24,300304,6.073319153843821,5.942097826834558,6.070843279749306
2015-03-25,2015-03-24,600052,6.693513810474551,6.65601513366517,6.67476447206986
2015-03-25,2015-03-24,600152,9.033766815901604,8.834125560301569,8.983856502001595
2015-03-25,2015-03-24,600192,12.29638651823035,12.11716792930067,12.12712451757455
2015-03-25,2015-03-24,600368,2.831836022631186,2.799472182372543,2.852063422792837
2015-03-25,2015-03-24,600655,12.59450660402495,12.49428506606189,12.41911891258959
2015-03-25,2015-03-24,600663,13.82811472577141,13.68986902612899,13.98408423306029
2015-03-25,2015-03-24,600768,14.98544068321148,14.76883115953825,14.75898527209856
2015-03-25,2015-03-24,600794,10.48581006989827,10.38319093220353,10.66306130773462
2015-03-26,2015-03-25,000518,,,
2015-03-26,2015-03-25,000554,10.21074746375885,10.28752000108035,10.49864447871446
2015-03-26,2015-03-25,000559,13.05197351997774,12.57696959502472,12.37846049205928
2015-03-26,2015-03-25,000561,12.07503712848991,11.88527227700826,12.48452970273977
2015-03-26,2015-03-25,000603,15.33228492062946,15.20863746159212,15.33228492062946
2015-03-26,2015-03-25,000803,11.12142857142857,10.97142857142857,11.02142857142857
2015-03-26,2015-03-25,000809,7.926222222222223,7.807822222222222,7.853866666666667
2015-03-26,2015-03-25,000838,3.468016413307802,3.446723910386496,3.425431407465189
2015-03-26,2015-03-25,000953,8.81,8.75,8.73
2015-03-26,2015-03-25,000988,15.50085067665199,15.38327153119065,15.6674211327222
2015-03-26,2015-03-25,002026,11.54630271328136,12.59596659630694,12.7028768066151
2015-03-26,2015-03-25,002049,27.0182074065072,,
2015-03-26,2015-03-25,002139,8.400328623032348,8.286582949601119,8.172837276169886
2015-03-26,2015-03-25,002185,5.85759646422947,5.820882184396694,5.764141933746036
2015-03-26,2015-03-25,002265,13.13154868878011,13.0120804671991,13.15146005904362
2015-03-26,2015-03-25,002272,9.229244060475162,9.100647948164147,9.189676025917926
2015-03-26,2015-03-25,002345,11.64828147121839,11.70326942466238,11.84990396717968
2015-03-26,2015-03-25,002427,10.09470377717531,10.27462211311478,10.48024306847418
2015-03-26,2015-03-25,002548,,,
2015-03-26,2015-03-25,002634,5.767825502506256,5.666105033682266,5.67435263926259
2015-03-26,2015-03-25,300008,,,
2015-03-26,2015-03-25,300239,7.119725132571938,6.978209005879283,7.090445933945872
2015-03-26,2015-03-25,300261,8.895678816226273,8.775737079378276,8.890681243857605
2015-03-26,2015-03-25,300265,12.72427306921876,12.30791306358988,12.31569549360164
2015-03-26,2015-03-25,300281,8.619312852133563,8.460714906300089,8.5189753761981
2015-03-26,2015-03-25,300302,10.54417988111418,10.15248633778682,10.04733370870565
2015-03-26,2015-03-25,300304,6.412513904792293,6.152547124868282,6.15749887305731
2015-03-26,2015-03-25,600052,6.571643110844062,6.487271088022954,6.51539509562999
2015-03-26,2015-03-25,600152,9.003820627561598,8.943928250881589,9.033766815901604
2015-03-26,2015-03-25,600192,12.27647334168261,12.1072113410268,12.08729816447906
2015-03-26,2015-03-25,600368,2.827790542598855,2.771153822146232,2.783290262243222
2015-03-26,2015-03-25,600655,12.17691686251219,11.9681219917558,11.88460404345325
2015-03-26,2015-03-25,600663,13.41692238837344,13.04472242779769,12.98446148179971
2015-03-26,2015-03-25,600768,15.46788916775639,15.65496102911055,15.64511514167085
2015-03-26,2015-03-25,600794,11.51200144684561,11.45602737173939,11.86650392251832
2015-03-27,2015-03-26,000518,,,
2015-03-27,2015-03-26,000554,10.84412089666118,10.91129686681749,10.84412089666118
2015-03-27,2015-03-26,000559,12.3501020487785,12.44935660026122,12.32174360549772
2015-03-27,2015-03-26,000561,12.4545668314532,12.54445544531293,12.34470297006909
2015-03-27,2015-03-26,000603,15.49397775167828,15.57006849570126,15.57006849570126
2015-03-27,2015-03-26,000803,11.07857142857143,11.08571428571429,11.01428571428571
2015-03-27,2015-03-26,000809,8.123555555555555,8.2288,8.156444444444444
2015-03-27,2015-03-26,000838,3.486647353363945,3.513262982015578,3.529232359206559
2015-03-27,2015-03-26,000953,9.69,9.56,9.630000000000001
2015-03-27,2015-03-26,000988,15.148113240268,15.08932366753733,15.00113930844133
2015-03-27,2015-03-26,002026,12.7028768066151,12.97501188739951,12.92641633725944
2015-03-27,2015-03-26,002049,,,
2015-03-27,2015-03-26,002139,8.038027589140279,8.118070840814109,8.046453194579632
2015-03-27,2015-03-26,002185,5.687375712277502,5.71741466850432,5.71741466850432
2015-03-27,2015-03-26,002265,13.12159300364836,13.07181457798961,13.30079533601989
2015-03-27,2015-03-26,002272,9.367732181425486,9.446868250539959,9.436976241900648
2015-03-27,2015-03-26,002345,11.6207874944964,11.67577544794039,11.65744613012572
2015-03-27,2015-03-26,002427,10.1653859805801,10.33887866166459,10.21679121941995
2015-03-27,2015-03-26,002548,,,
2015-03-27,2015-03-26,002634,5.66060662996205,5.600124189039678,5.655108226241835
2015-03-27,2015-03-26,300008,,,
2015-03-27,2015-03-26,300239,7.119725132571938,7.119725132571938,7.090445933945872
2015-03-27,2015-03-26,300261,8.690778349110948,8.805722513590275,8.700773493848279
2015-03-27,2015-03-26,300265,12.29234820356637,12.34682521364866,12.21063268844295
2015-03-27,2015-03-26,300281,8.735833791929586,8.716413635296917,8.680810014803686
2015-03-27,2015-03-26,300302,9.59517740365663,9.616207929472862,9.653011349651271
2015-03-27,2015-03-26,300304,5.771262514313063,5.528626853050652,5.64499293549283
2015-03-27,2015-03-26,600052,6.83413384850973,6.871632525319112,6.852883186914421
2015-03-27,2015-03-26,600152,9.323246636521656,9.40310313876167,9.512905829341689
2015-03-27,2015-03-26,600192,12.39595240096905,12.25656016513486,12.3461694595997
2015-03-27,2015-03-26,600368,2.872290822954488,2.9006091831808,2.920836583342452
2015-03-27,2015-03-26,600655,11.95977019692555,12.00988096590708,12.09339891420963
2015-03-27,2015-03-26,600663,12.89229768203809,13.02345385862193,12.9383795819189
2015-03-27,2015-03-26,600768,15.37927618079916,15.28081730640224,15.26112553152286
2015-03-27,2015-03-26,600794,10.84964155808869,10.17795265681406,10.26191376947339
2015-03-30,2015-03-27,000518,,,
2015-03-30,2015-03-27,000554,10.73855865784413,10.68097925485301,10.74815522500931
2015-03-30,2015-03-27,000559,12.222489054015,12.16577216745345,12.26502671893617
2015-03-30,2015-03-27,000561,12.35469059383128,12.3347153463069,12.34470297006909
2015-03-30,2015-03-27,000603,15.90296550080177,15.79834072777018,15.92198818680751
2015-03-30,2015-03-27,000803,11.42857142857143,11.35,11.27857142857143
2015-03-30,2015-03-27,000809,8.241955555555556,7.899911111111111,7.978844444444445
2015-03-30,2015-03-27,000838,3.83531208870034,3.832650525835177,3.87523553167779
2015-03-30,2015-03-27,000953,9.69,9.48,9.49
2015-03-30,2015-03-27,000988,15.16770976451155,15.43226284179954,15.60863155999154
2015-03-30,2015-03-27,002026,12.92641633725944,12.48905638599878,12.53765193613885
2015-03-30,2015-03-27,002049,,,
2015-03-30,2015-03-27,002139,8.610968759016108,8.636245575334158,8.741565643326039
2015-03-30,2015-03-27,002185,5.964401641924822,5.961063980121843,5.890973082259267
2015-03-30,2015-03-27,002265,13.7288897966852,13.75875685208045,13.93795918445198
2015-03-30,2015-03-27,002272,10.28768898488121,9.971144708423326,10.00082073434125
2015-03-30,2015-03-27,002345,12.15233771112162,12.06069112204831,11.914056579531
2015-03-30,2015-03-27,002427,10.12683205145022,10.08827812232033,10.08827812232033
2015-03-30,2015-03-27,002548,,,
2015-03-30,2015-03-27,002634,5.66060662996205,5.740333483905178,5.781571511806796
2015-03-30,2015-03-27,300008,,,
2015-03-30,2015-03-27,300239,7.168523796948716,7.163643930511038,7.183163396261751
2015-03-30,2015-03-27,300261,8.685780776742281,8.785732224115609,8.890681243857605
2015-03-30,2015-03-27,300265,12.10556988328426,12.64644876910121,12.52582110391901
2015-03-30,2015-03-27,300281,8.635496315994121,8.726123713613251,8.648443087082569
2015-03-30,2015-03-27,300302,9.75553516300541,9.634609639562067,9.511055300391694
2015-03-30,2015-03-27,300304,5.714317410139232,5.773738388407579,5.714317410139232
2015-03-30,2015-03-27,600052,6.927880540533184,6.965379217342565,6.937255209735529
2015-03-30,2015-03-27,600152,9.323246636521656,9.323246636521656,9.29330044818165
2015-03-30,2015-03-27,600192,12.25656016513486,12.24660357686099,12.29638651823035
2015-03-30,2015-03-27,600368,3.159519905249937,3.042200984312359,3.005791664021387
2015-03-30,2015-03-27,600655,12.09339891420963,12.17691686251219,12.30219378496601
2015-03-30,2015-03-27,600663,13.04117766626839,13.21132621967445,13.20423669661587
2015-03-30,2015-03-27,600768,15.55650215471363,15.48758094263578,15.65496102911055
2015-03-30,2015-03-27,600794,10.48581006989827,10.38319093220353,10.44849401982745
2015-03-31,2015-03-30,000518,,,
2015-03-31,2015-03-30,000554,10.72896209067894,10.68097925485301,10.9017002996523
2015-03-31,2015-03-30,000559,12.52734231928336,12.37137088123908,12.3501020487785
2015-03-31,2015-03-30,000561,12.25481435620936,12.28477722749594,12.25481435620936
2015-03-31,2015-03-30,000603,15.74127266975295,15.71273864074433,15.75078401275582
2015-03-31,2015-03-30,000803,11.42142857142857,11.40714285714286,11.77857142857143
2015-03-31,2015-03-30,000809,8.274844444444446,8.419555555555556,8.393244444444445
2015-03-31,2015-03-30,000838,4.218577141283857,4.378270913193656,4.418194356171107
2015-03-31,2015-03-30,000953,9.58,9.74,9.58
2015-03-31,2015-03-30,000988,15.60863155999154,15.54004372513909,15.21670107512044
2015-03-31,2015-03-30,002026,12.50849460605481,12.54737104616687,12.3724270656626
2015-03-31,2015-03-30,002049,,,
2015-03-31,2015-03-30,002139,8.640458378053834,8.530925507342278,8.404541425752022
2015-03-31,2015-03-30,002185,5.944375671106943,5.941038009303965,5.934362685698005
2015-03-31,2015-03-30,002265,13.85831370339797,13.86826938852972,13.7288897966852
2015-03-31,2015-03-30,002272,9.911792656587473,9.733736501079914,9.901900647948164
2015-03-31,2015-03-30,002345,11.914056579531,11.74909271919904,11.73992806029171
2015-03-31,2015-03-30,002427,10.21036556456497,10.22321687427493,10.17181163543508
2015-03-31,2015-03-30,002548,,,
2015-03-31,2015-03-30,002634,5.734835080184962,5.770574704366364,5.696346254143452
2015-03-31,2015-03-30,300008,,,
2015-03-31,2015-03-30,300239,7.095325800383549,7.046527136006771,7.031887536693738
2015-03-31,2015-03-30,300261,8.705771066216947,8.705771066216947,8.670788059636282
2015-03-31,2015-03-30,300265,12.52192988891314,12.44410558879559,12.4596704488191
2015-03-31,2015-03-30,300281,8.684046707575797,8.59665600272878,8.616076159361452
2015-03-31,2015-03-30,300302,9.458478985851109,9.384872145494292,9.508426484664666
2015-03-31,2015-03-30,300304,5.58309608312997,5.630137690925743,5.625185942736714
2015-03-31,2015-03-30,600052,7.11537392458009,7.302867308626996,7.246619293412924
2015-03-31,2015-03-30,600152,9.313264573741654,9.273336322621645,9.213443945941636
2015-03-31,2015-03-30,600192,12.1072113410268,12.15699428239616,12.12712451757455
2015-03-31,2015-03-30,600368,3.232338545831882,3.151428945185277,3.102883184797313
2015-03-31,2015-03-30,600655,12.40241532292908,12.4358225022501,12.52769224538291
2015-03-31,2015-03-30,600663,13.56580237260374,13.96281566388454,13.65442141083606
2015-03-31,2015-03-30,600768,16.20633072573331,16.29494371269054,16.43278613684623
2015-03-31,2015-03-30,600794,10.26191376947339,10.15929463177866,10.27124278199109
2015-04-01,2015-03-31,000055,6.685234161434597,6.654819083357096,6.703483208281097
2015-04-01,2015-03-31,000518,,,
2015-04-01,2015-03-31,000545,7.224111095030064,7.199754685404204,7.19001212155386
2015-04-01,2015-03-31,000546,9.06398763285195,9.082676267146491,9.07333194999922
2015-04-01,2015-03-31,000559,12.28629555139675,12.65495531404686,12.78256830881035
2015-04-01,2015-03-31,000603,15.47495506567254,15.56055715269838,15.37984163564382
2015-04-01,2015-03-31,000628,11.8042404900578,11.8042404900578,11.85297806433549
2015-04-01,2015-03-31,000632,7.93,7.94,7.83
2015-04-01,2015-03-31,000753,8.896884222116981,8.945768201359384,8.965321793056344
2015-04-01,2015-03-31,000803,11.85714285714286,11.7,11.72142857142857
2015-04-01,2015-03-31,000809,8.20248888888889,8.169600000000001,8.103822222222222
2015-04-01,2015-03-31,000922,11.37173690831664,11.38452851338786,11.32696629056736
2015-04-01,2015-03-31,000962,13.46481698638661,13.43511518421076,13.40541338203491
2015-04-01,2015-03-31,002049,,,
2015-04-01,2015-03-31,002240,17.03111424947896,17.15691225245807,17.38915471949641
2015-04-01,2015-03-31,002424,16.00361765928446,16.10060928146194,15.98745238892155
2015-04-01,2015-03-31,002548,,,
2015-04-01,2015-03-31,002613,5.09415594045641,5.123744455115402,5.11881303600557
2015-04-01,2015-03-31,300008,,,
2015-04-01,2015-03-31,300132,9.810504273189354,9.820285433980169,9.869191237934254
2015-04-01,2015-03-31,300281,9.182497394481008,9.027136141419643,8.994769213698525
2015-04-01,2015-03-31,300302,9.69507240128374,9.729247005735118,9.745019900097294
2015-04-01,2015-03-31,300304,5.669751676437973,5.709365661950204,5.781166010691122
2015-04-01,2015-03-31,600152,9.502923766561686,9.742493273281729,9.632690582701711
2015-04-01,2015-03-31,600192,12.14703769412229,12.12712451757455,12.1769074589439
2015-04-01,2015-03-31,600265,12.88,13.09,13.09
2015-04-01,2015-03-31,600390,9.935392350935722,9.955849576092076,9.983125876300548
2015-04-01,2015-03-31,600480,7.96604544737267,8.040887917811872,7.909913594543267
2015-04-01,2015-03-31,600624,9.627228638400474,9.644796573872005,9.533532982552295
2015-04-01,2015-03-31,600794,10.39251994472124,10.34587488213272,10.27124278199109
2015-04-01,2015-03-31,600833,16.56418746783316,16.62896361994201,16.47165010767767
2015-04-01,2015-03-31,600980,19.78082866985341,19.71271956966208,19.7516390554857
2015-04-02,2015-04-01,000055,6.837309551822099,6.812977489360098,6.794728442513598
2015-04-02,2015-04-01,000518,,,
2015-04-02,2015-04-01,000545,7.350764425084535,7.418962372036944,7.4092198081866
2015-04-02,2015-04-01,000546,9.391038733006402,9.391038733006402,9.363005781564592
2015-04-02,2015-04-01,000559,12.75420986552957,12.78256830881035,12.7258514222488
2015-04-02,2015-04-01,000603,15.95052221581613,15.95052221581613,15.97905624482475
2015-04-02,2015-04-01,000628,11.87247309404657,11.83348303462442,11.79449297520226
2015-04-02,2015-04-01,000632,7.98,7.97,7.99
2015-04-02,2015-04-01,000753,9.454161585480353,9.532375952268195,9.512822360571235
2015-04-02,2015-04-01,000803,12.12142857142857,12.07142857142857,12.32857142857143
2015-04-02,2015-04-01,000809,8.215644444444445,8.222222222222223,8.261688888888889
2015-04-02,2015-04-01,000922,11.47406974888642,11.53802777424253,11.73629765284647
2015-04-02,2015-04-01,000962,13.77173560887043,13.78163620959571,13.76183500814514
2015-04-02,2015-04-01,002049,,,
2015-04-02,2015-04-01,002240,17.69881134221421,17.70848811167415,17.82460934519332
2015-04-02,2015-04-01,002424,16.12970676811518,16.17496952513134,16.1458720384781
2015-04-02,2015-04-01,002548,,,
2015-04-02,2015-04-01,002613,5.163195807994057,5.187852903543217,5.266755609300528
2015-04-02,2015-04-01,300008,,,
2015-04-02,2015-04-01,300132,10.08437677533223,10.17240722244958,10.2995623127302
2015-04-02,2015-04-01,300281,9.629160997032427,9.71007831633522,9.888096418801366
2015-04-02,2015-04-01,300302,9.79233858318382,9.879089502175784,10.01841673570833
2015-04-02,2015-04-01,300304,5.996567056913874,6.065891531560277,6.021325797859018
2015-04-02,2015-04-01,600152,9.682600896601718,9.682600896601718,9.722529147721726
2015-04-02,2015-04-01,600192,12.59508416644647,12.53534463680325,12.60504075472034
2015-04-02,2015-04-01,600265,13.3,13.27,13.25
2015-04-02,2015-04-01,600390,10.08541200208231,10.09223107713443,10.26270795343738
2015-04-02,2015-04-01,600480,8.125085697055976,8.190572858690279,8.120408042653525
2015-04-02,2015-04-01,600624,9.656508530853028,9.674076466324562,9.650652552362518
2015-04-02,2015-04-01,600794,10.36453290716813,10.39251994472124,10.34587488213272
2015-04-02,2015-04-01,600833,16.92508317243959,17.02687426861063,16.95284438048623
2015-04-02,2015-04-01,600980,20.15056378517777,20.14083391372187,20.05326507061873
2015-04-03,2015-04-02,000055,6.843392567437599,6.837309551822099,6.971135895363101
2015-04-03,2015-04-02,000518,,,
2015-04-03,2015-04-02,000545,7.31179416968316,7.365378270860051,7.414091090111772
2015-04-03,2015-04-02,000546,9.540547807362723,9.484481904479102,9.615302344540883
2015-04-03,2015-04-02,000559,12.81092675209113,13.10869040653929,12.9739878009556
2015-04-03,2015-04-02,000603,16.18830579088792,16.05514698884772,16.06465833185059
2015-04-03,2015-04-02,000628,12.04792836144627,11.95045321289088,11.96020072774642
2015-04-03,2015-04-02,000632,8.210000000000001,8.15,8.15
2015-04-03,2015-04-02,000753,9.79634944017716,9.786572644328679,10.20697486581333
2015-04-03,2015-04-02,000803,12.46428571428571,12.3,12.62857142857143
2015-04-03,2015-04-02,000809,8.2288,8.195911111111112,8.432711111111111
2015-04-03,2015-04-02,000922,11.70431864016842,11.62756900974108,11.61477740466986
2015-04-03,2015-04-02,000962,14.10835603353009,14.04895242917839,14.14795843643123
2015-04-03,2015-04-02,002049,,,
2015-04-03,2015-04-02,002240,17.80525580627346,17.70848811167415,17.77622549789367
2015-04-03,2015-04-02,002424,16.63406320343809,16.22993144436525,16.15557120069585
2015-04-03,2015-04-02,002548,,,
2015-04-03,2015-04-02,002613,5.414698182595488,5.365383991497167,5.597160689659269
2015-04-03,2015-04-02,300008,,,
2015-04-03,2015-04-02,300132,10.27021883035775,10.17240722244958,10.20175070482203
2015-04-03,2015-04-02,300281,10.45451765392092,10.26031608759422,10.4221507261998
2015-04-03,2015-04-02,300302,9.989499762711011,9.818626740454112,9.839657266270345
2015-04-03,2015-04-02,300304,6.026277546048047,5.95447719730713,6.182257614002454
2015-04-03,2015-04-02,600152,9.862278026641752,9.722529147721726,9.79240358718174
2015-04-03,2015-04-02,600192,12.70460663745905,12.69465004918518,12.77430275537614
2015-04-03,2015-04-02,600265,13.51,13.44,13.76
2015-04-03,2015-04-02,600390,10.35135592911491,10.32407962890644,10.48773743015727
2015-04-03,2015-04-02,600480,8.256060020324581,8.185895204287828,8.419777924410338
2015-04-03,2015-04-02,600624,9.703356358777119,9.627228638400474,9.644796573872005
2015-04-03,2015-04-02,600794,10.41117796975664,10.2992298195442,10.2992298195442
2015-04-03,2015-04-02,600833,17.4340386532948,17.21194898892161,17.40627744524815
2015-04-03,2015-04-02,600980,20.07272481353053,19.95596635605969,19.90731699878016
2015-04-07,2015-04-03,000055,6.837309551822099,6.9042227235926,6.9163887548236
2015-04-07,2015-04-03,000518,,,
2015-04-07,2015-04-03,000545,7.779437234499671,7.672269032145887,7.696625441771747
2015-04-07,2015-04-03,000546,9.605958027393612,9.708745516013584,9.904976176106254
2015-04-07,2015-04-03,000559,13.73257615871639,13.64750082887406,13.56242549903173
2015-04-07,2015-04-03,000603,16.32146459292813,16.18830579088792,16.34048727893387
2015-04-07,2015-04-03,000628,12.38909138139014,12.27212120312367,12.3793438665346
2015-04-07,2015-04-03,000632,8.49,8.75,8.710000000000001
2015-04-07,2015-04-03,000753,10.68603786238886,11.06733290047959,10.96956494199478
2015-04-07,2015-04-03,000803,13.70714285714286,13.58571428571429,13.96428571428572
2015-04-07,2015-04-03,000809,8.419555555555556,8.590577777777778,8.584000000000001
2015-04-07,2015-04-03,000922,12.22237864555292,12.15842062019681,12.19039963287486
2015-04-07,2015-04-03,000962,14.29646744731049,14.4152746560139,14.49447946181618
2015-04-07,2015-04-03,002049,,,
2015-04-07,2015-04-03,002240,17.80525580627346,17.89234673141284,18.28909427927002
2015-04-07,2015-04-03,002424,16.25256282287333,16.15233814662326,16.1652703629136
2015-04-07,2015-04-03,002548,,,
2015-04-07,2015-04-03,002613,5.592229270549438,5.54784649856095,5.636612042537925
2015-04-07,2015-04-03,300008,,,
2015-04-07,2015-04-03,300132,10.91577544255166,10.66146526199042,10.69080874436287
2015-04-07,2015-04-03,300281,10.51925150936315,10.48041119609782,11.00475542517992
2015-04-07,2015-04-03,300302,9.939552263897456,10.03944726152456,10.03944726152456
2015-04-07,2015-04-03,300304,6.412513904792293,,
2015-04-07,2015-04-03,600152,10.25157847506182,10.31147085174183,10.6907892373819
2015-04-07,2015-04-03,600192,13.09291358014001,13.00330428567517,13.03317405049678
2015-04-07,2015-04-03,600265,13.82,13.81,13.87
2015-04-07,2015-04-03,600390,10.52865188046998,10.74004320708563,10.89688193328434
2015-04-07,2015-04-03,600480,8.546074593276492,8.550752247678943,8.48058743164219
2015-04-07,2015-04-03,600624,9.773628100663254,9.797052014625299,9.949307455378591
2015-04-07,2015-04-03,600794,10.23392673192028,10.27124278199109,10.14063660674325
2015-04-07,2015-04-03,600833,18.16508379852318,18.02627775828995,18.06329270235214
2015-04-07,2015-04-03,600980,20.4424599288549,20.64678722942889,20.39381057157538
2015-04-08,2015-04-07,000055,7.202290488752104,7.104962238904102,7.153626363828104
2015-04-08,2015-04-07,000518,,,
2015-04-08,2015-04-07,000545,7.891476718778627,7.79892236220036,7.833021335676562
2015-04-08,2015-04-07,000546,9.933009127548065,9.867598907517175,9.904976176106254
2015-04-08,2015-04-07,000559,13.64750082887406,13.64750082887406,13.81765148855872
2015-04-08,2015-04-07,000603,16.61631622601716,16.48315742397695,16.44511205196547
2015-04-08,2015-04-07,000628,12.36959635167906,12.33060629225691,12.4280814408123
2015-04-08,2015-04-07,000632,8.82,8.85,8.859999999999999
2015-04-08,2015-04-07,000753,11.73215501817624,11.78103899741864,12.39697713587289
2015-04-08,2015-04-07,000803,13.8,13.89285714285714,14.22857142857143
2015-04-08,2015-04-07,000809,8.748444444444445,8.755022222222223,8.774755555555556
2015-04-08,2015-04-07,000922,12.30552407851586,12.21598284301731,12.31191988105148
2015-04-08,2015-04-07,000962,14.79149748357471,14.50438006254146,14.48457886109089
2015-04-08,2015-04-07,002049,,,
2015-04-08,2015-04-07,002240,19.03420552768473,18.92776106362548,19.22774091688335
2015-04-08,2015-04-07,002424,16.54030463533319,16.48857577017187,16.53707158126061
2015-04-08,2015-04-07,002548,,,
2015-04-08,2015-04-07,002613,5.607023527878933,5.592229270549438,5.597160689659269
2015-04-08,2015-04-07,300008,,,
2015-04-08,2015-04-07,300132,10.90599428176085,10.77883919148023,10.72993338752614
2015-04-08,2015-04-07,300281,11.15040659992495,11.02093888904047,11.02093888904047
2015-04-08,2015-04-07,300302,10.05784897161377,10.07362186597595,10.03156081434348
2015-04-08,2015-04-07,300304,,,
2015-04-08,2015-04-07,600152,10.47118385622186,10.36138116564184,10.44123766788186
2015-04-08,2015-04-07,600192,13.24226240424807,13.27213216906968,13.12278334496162
2015-04-08,2015-04-07,600265,13.85,13.82,13.82
2015-04-08,2015-04-07,600390,10.6513952314081,10.66503338151233,10.69912875677292
2015-04-08,2015-04-07,600480,8.494620394849541,8.452521505227489,8.401067306800538
2015-04-08,2015-04-07,600624,10.25381833688518,10.160122681037,10.11913083160342
2015-04-08,2015-04-07,600794,10.53245513248678,10.42983599479205,10.39251994472124
2015-04-08,2015-04-07,600833,18.15583006250764,18.12806885446099,18.17433753453874
2015-04-08,2015-04-07,600980,21.16247041659182,20.96787298747373,21.14301067368001
2015-04-09,2015-04-08,000050,26.51465781006023,26.16825503911879,26.06928281884981
2015-04-09,2015-04-08,000151,21.82595854814712,21.56940614031082,21.49339061206303
2015-04-09,2015-04-08,000518,,,
2015-04-09,2015-04-08,000545,7.643041340594855,7.516388010540384,7.394605962411084
2015-04-09,2015-04-08,000603,16.14074907587356,16.23586250590229,16.18830579088792
2015-04-09,2015-04-08,000628,12.15515102485721,12.18439356942382,12.09666593572397
2015-04-09,2015-04-08,000809,8.774755555555556,8.774755555555556,8.755022222222223
2015-04-09,2015-04-08,000962,14.17766023860708,14.17766023860708,14.07865423135424
2015-04-09,2015-04-08,002027,2.629085764003433,2.597049788000141,2.569285275463955
2015-04-09,2015-04-08,002049,,,
2015-04-09,2015-04-08,002066,14.92406167243021,14.72547136408117,14.77511894116843
2015-04-09,2015-04-08,002138,17.79205556787467,17.67726811259806,17.88771178060518
2015-04-09,2015-04-08,002201,7.156664815860078,7.024791474107873,7.014647370896165
2015-04-09,2015-04-08,002212,10.18105419704468,10.07200687847848,9.893565811733778
2015-04-09,2015-04-08,002222,8.57970278272164,8.460540244072728,8.400958974748272
2015-04-09,2015-04-08,002262,12.04264184072624,11.90096370142358,11.84340695733187
2015-04-09,2015-04-08,002362,32.08,31.59,31.2
2015-04-09,2015-04-08,002401,18.94901241190638,18.63798064251903,18.30302335240957
2015-04-09,2015-04-08,002424,16.08444401109903,16.66639374416392,16.41421552650246
2015-04-09,2015-04-08,002487,10.9441555332426,11.02239793205041,10.69964803696818
2015-04-09,2015-04-08,002548,,,
2015-04-09,2015-04-08,002613,5.464012373693807,5.399903925265991,5.380178248826663
2015-04-09,2015-04-08,300008,,,
2015-04-09,2015-04-08,300245,24.48018361272428,23.86736410284516,23.59355113034598
2015-04-09,2015-04-08,300270,15.34253839551234,15.13857555125885,14.68079227860102
2015-04-09,2015-04-08,300304,,,
2015-04-09,2015-04-08,600152,10.47118385622186,10.6808071746019,10.48116591900186
2015-04-09,2015-04-08,600192,12.84399887329324,12.7543895788284,12.68469346091131
2015-04-09,2015-04-08,600210,6.161105989786872,6.169845147219194,6.108671045192942
2015-04-09,2015-04-08,600338,13.3807617115689,13.14970742096791,13.08854599110295
2015-04-09,2015-04-08,600390,10.35817500416703,10.37181315427127,10.26270795343738
2015-04-09,2015-04-08,600822,12.82,12.6,12.54
2015-04-09,2015-04-08,600877,9.65,9.49,9.42
2015-04-10,2015-04-09,000050,25.46555227520902,25.17853283642897,25.52493560737041
2015-04-10,2015-04-09,000151,24.01140498527112,24.54351368300566,24.80956803187293
2015-04-10,2015-04-09,000518,,,
2015-04-10,2015-04-09,000545,7.365378270860051,7.355635707009707,7.462803909363492
2015-04-10,2015-04-09,000603,15.50348909468115,15.44642103666392,15.53202312368976
2015-04-10,2015-04-09,000628,11.73600788606903,11.64828025236917,11.77499794549118
2015-04-10,2015-04-09,000809,9.03128888888889,8.972088888888889,9.024711111111111
2015-04-10,2015-04-09,000962,13.722232605244,13.78163620959571,13.81133801177156
2015-04-10,2015-04-09,002027,2.537249299460665,2.520163445592243,2.545792226394875
2015-04-10,2015-04-09,002049,,,
2015-04-10,2015-04-09,002066,16.10567400710698,15.76807048291362,15.75814096749617
2015-04-10,2015-04-09,002138,19.57126112466214,20.2025921286835,19.94432035431112
2015-04-10,2015-04-09,002201,6.750900687391754,6.82190940987371,6.872629925932252
2015-04-10,2015-04-09,002212,9.744864922779863,9.715124744989081,9.695297959795225
2015-04-10,2015-04-09,002222,8.246047674504688,8.263922055302023,8.311587070761588
2015-04-10,2015-04-09,002262,11.96294788736849,11.91867346883641,11.86997160845112
2015-04-10,2015-04-09,002362,31.23,30.77,31.24
2015-04-10,2015-04-09,002401,18.18339574879905,18.10364401305871,18.46252682389026
2015-04-10,2015-04-09,002424,16.59203350049451,16.36895276948631,16.27196114730882
2015-04-10,2015-04-09,002487,11.73635982117169,11.57009472370509,11.61899622295997
2015-04-10,2015-04-09,002548,,,
2015-04-10,2015-04-09,002613,5.266755609300528,5.251961351971032,5.330864057728344
2015-04-10,2015-04-09,300008,,,
2015-04-10,2015-04-09,300245,23.27410266243027,22.93509612505033,23.30669944487065
2015-04-10,2015-04-09,300270,14.67625977095095,14.63999970975032,14.6853247862511
2015-04-10,2015-04-09,300304,,,
2015-04-10,2015-04-09,600152,10.17172197282181,10.26156053784182,10.19168609838181
2015-04-10,2015-04-09,600192,12.25656016513486,12.13708110584841,12.22669040031325
2015-04-10,2015-04-09,600210,5.995061998572758,5.986322841140436,6.082453572895976
2015-04-10,2015-04-09,600338,12.83710455721364,12.77594312734867,13.11572884882071
2015-04-10,2015-04-09,600390,9.996764026404783,10.01722125156114,10.09905015218655
2015-04-10,2015-04-09,600822,12.47,12.4,12.65
2015-04-10,2015-04-09,600877,10.01,9.98,9.970000000000001
2015-04-13,2015-04-10,000050,25.83174949020426,25.78226338006976,26.21774114925328
2015-04-13,2015-04-10,000151,25.18964567311189,24.68604279847027,24.62903115228443
2015-04-13,2015-04-10,000518,,,
2015-04-13,2015-04-10,000545,7.779437234499671,7.871991591077939,7.847635181452079
2015-04-13,2015-04-10,000603,16.14074907587356,16.27390787791377,16.32146459292813
2015-04-13,2015-04-10,000628,12.00893830202412,12.00893830202412,12.2038885991349
2015-04-13,2015-04-10,000809,9.458844444444445,9.281244444444445,9.366755555555557
2015-04-13,2015-04-10,000962,14.07865423135424,14.14795843643123,14.13805783570594
2015-04-13,2015-04-10,002027,2.620542837069221,2.631221495736985,2.624814300536327
2015-04-13,2015-04-10,002049,,,
2015-04-13,2015-04-10,002066,16.26454625378621,16.11560352252444,16.09574449168953
2015-04-13,2015-04-10,002138,19.78170479266926,19.169505031194,18.79644580154501
2015-04-13,2015-04-10,002201,6.999431216078603,6.999431216078603,7.09580019658983
2015-04-13,2015-04-10,002212,9.923305989524559,9.953046167315343,10.03235330809076
2015-04-13,2015-04-10,002222,8.317545197694034,8.412875228613164,8.460540244072728
2015-04-13,2015-04-10,002262,12.05592416628586,11.98508509663453,11.94966556180887
2015-04-13,2015-04-10,002362,32.04,33.58,33.88
2015-04-13,2015-04-10,002401,18.50240269176044,18.44657647674219,18.40670060887202
2015-04-13,2015-04-10,002424,17.36796647791436,17.19661461206748,17.3615003697692
2015-04-13,2015-04-10,002487,11.56031442385411,11.57009472370509,11.24734482862286
2015-04-13,2015-04-10,002548,,,
2015-04-13,2015-04-10,002613,5.488669469242967,5.626749204318261,5.577435013219942
2015-04-13,2015-04-10,300008,,,
2015-04-13,2015-04-10,300245,23.09808003725223,22.68084122201538,22.68736057850345
2015-04-13,2015-04-10,300270,15.80032166817016,15.78672414521993,15.65981393101776
2015-04-13,2015-04-10,300304,,,
2015-04-13,2015-04-10,600152,10.41129147954185,10.34141704008184,10.66084304904189
2015-04-13,2015-04-10,600192,12.46564851888615,12.47560510716002,12.55525781335099
2015-04-13,2015-04-10,600210,6.19606261951616,6.222280091813125,6.213540934380803
2015-04-13,2015-04-10,600338,13.12932027767959,12.93224455922581,12.95942741694357
2015-04-13,2015-04-10,600390,10.59002355593904,10.58320448088692,10.54229003057421
2015-04-13,2015-04-10,600822,12.85,12.88,12.75
2015-04-13,2015-04-10,600877,10.11,10.1,10.14
2015-04-14,2015-04-13,000050,26.60373280830231,26.93034113518995,26.89075224708236
2015-04-14,2015-04-13,000151,25.72175437084643,25.09462626280215,25.09462626280215
2015-04-14,2015-04-13,000518,,,
2015-04-14,2015-04-13,000545,8.159397224663087,7.90121928262897,8.061971586159647
2015-04-14,2015-04-13,000603,16.49266876697983,16.2643965349109,16.2643965349109
2015-04-14,2015-04-13,000628,12.80823452017832,12.603536708212,12.78873949046724
2015-04-14,2015-04-13,000809,9.38648888888889,9.261511111111112,9.248355555555555
2015-04-14,2015-04-13,000962,14.25686504440936,14.11825663425537,14.11825663425537
2015-04-14,2015-04-13,002027,2.710243569878437,2.65044308133896,2.712379301611989
2015-04-14,2015-04-13,002049,,,
2015-04-14,2015-04-13,002066,16.61207929339703,16.34398237712583,16.38370043879564
2015-04-14,2015-04-13,002138,19.31298935028976,19.10254568228264,18.91123325682162
2015-04-14,2015-04-13,002201,7.334186622064971,7.222601486736181,7.28346610600643
2015-04-14,2015-04-13,002212,10.31984169340167,10.16122741185082,10.55776311572793
2015-04-14,2015-04-13,002222,8.603535290451422,8.543954021126966,8.645242178978542
2015-04-14,2015-04-13,002262,12.25515904968023,12.15332788705644,12.4012646308361
2015-04-14,2015-04-13,002362,34.31,34.07,34.37
2015-04-14,2015-04-13,002401,18.53430338605657,18.23124679024326,18.25517231096536
2015-04-14,2015-04-13,002424,18.39607767299567,18.22472580714879,18.30231910489077
2015-04-14,2015-04-13,002487,11.36470842683458,11.10064033085822,11.18866302951701
2015-04-14,2015-04-13,002548,,,
2015-04-14,2015-04-13,002613,5.690857652746076,5.636612042537925,5.651406299867421
2015-04-14,2015-04-13,300008,,,
2015-04-14,2015-04-13,300245,23.28062201891835,22.81774770826497,23.14371553266876
2015-04-14,2015-04-13,300270,16.04507708127435,15.90456934412195,15.78219163756985
2015-04-14,2015-04-13,300304,,,
2015-04-14,2015-04-13,600152,10.91039461854194,10.81057399074192,10.96030493244195
2015-04-14,2015-04-13,600192,12.8240856967455,12.74443299055453,12.9236515794842
2015-04-14,2015-04-13,600210,6.327149981000987,6.248497564110091,6.257236721542412
2015-04-14,2015-04-13,600338,13.06815884781462,12.92544884479637,12.9798145602319
2015-04-14,2015-04-13,600390,10.78777673245045,10.60366170604327,10.58320448088692
2015-04-14,2015-04-13,600822,13.27,13.15,13.45
2015-04-14,2015-04-13,600877,10.18,10.17,10.28
2015-04-15,2015-04-14,000050,26.85116335897477,26.46517169992574,26.33650781357606
2015-04-15,2015-04-14,000151,24.74305444465611,24.09692245454989,24.78106220878001
2015-04-15,2015-04-14,000518,,,
2015-04-15,2015-04-14,000545,8.003516203057583,7.940189538030348,7.92070441032966
2015-04-15,2015-04-14,000603,16.54973682499705,16.30244190692239,16.29293056391952
2015-04-15,2015-04-14,000628,12.51580907451215,12.45732398537892,12.78873949046724
2015-04-15,2015-04-14,000809,9.051022222222223,8.893155555555555,8.91288888888889
2015-04-15,2015-04-14,000962,13.99944942555196,13.98954882482668,14.01925062700253
2015-04-15,2015-04-14,002027,2.851201864292918,2.810622961355416,2.881102108562657
2015-04-15,2015-04-14,002049,,,
2015-04-15,2015-04-14,002066,16.24468722295131,15.98651982209756,15.90708369875795
2015-04-15,2015-04-14,002138,18.51904278462654,18.18424604006976,18.24163976770806
2015-04-15,2015-04-14,002201,7.334186622064971,7.278394054400576,7.28346610600643
2015-04-15,2015-04-14,002212,10.50819615274329,10.53793633053407,10.33966847859552
2015-04-15,2015-04-14,002222,9.461505568723586,9.384049918601793,9.413840553264022
2015-04-15,2015-04-14,002262,12.30828835191873,11.92752835254283,11.96294788736849
2015-04-15,2015-04-14,002362,33.92,33.52,34.02
2015-04-15,2015-04-14,002401,18.02389227731836,17.76071154937521,17.72083568150504
2015-04-15,2015-04-14,002424,18.72261613432653,18.59329397142321,18.36698018634243
2015-04-15,2015-04-14,002487,11.12020093056017,10.90503433383869,10.90503433383869
2015-04-15,2015-04-14,002548,,,
2015-04-15,2015-04-14,002613,5.607023527878933,5.552777917670782,5.47387521191347
2015-04-15,2015-04-14,300008,,,
2015-04-15,2015-04-14,300245,25.02780955772264,24.38239326540314,23.95863509367822
2015-04-15,2015-04-14,300270,15.63715139276737,15.14310805890893,15.13857555125885
2015-04-15,2015-04-14,300304,,,
2015-04-15,2015-04-14,600152,10.82055605352192,10.93035874410194,10.93035874410194
2015-04-15,2015-04-14,600192,13.37169805180839,13.28208875734355,13.06304381531839
2015-04-15,2015-04-14,600210,6.231019249245446,6.204801776948481,6.222280091813125
2015-04-15,2015-04-14,600338,13.25164313740953,12.91865313036693,13.33319171056282
2015-04-15,2015-04-14,600390,10.49455650520939,10.55592818067845,10.5013755802615
2015-04-15,2015-04-14,600822,13.4,12.99,12.79
2015-04-15,2015-04-14,600877,10.85,10.78,10.8
2015-04-16,2015-04-15,000518,,,
2015-04-16,2015-04-15,000697,26.98404726711827,26.10456720804182,26.82414180183164
2015-04-16,2015-04-15,000733,20.89539055214141,20.50042817446817,21.08346787484296
2015-04-16,2015-04-15,000922,11.69792283763281,12.7276470458662,12.63171000783204
2015-04-16,2015-04-15,002049,,,
2015-04-16,2015-04-15,002101,12.69373950810134,12.21741736795208,12.53660230722736
2015-04-16,2015-04-15,002138,17.21811829149161,16.42417172582839,16.52939355983195
2015-04-16,2015-04-15,002139,8.379264609433973,8.080155616337032,8.261306133283066
2015-04-16,2015-04-15,002212,10.03235330809076,9.41772296708125,10.06209348588155
2015-04-16,2015-04-15,002232,16.29781514959665,15.56909108852707,16.23872941491533
2015-04-16,2015-04-15,002262,11.68844649246958,11.68844649246958,11.82569718991904
2015-04-16,2015-04-15,002268,34.41889114814802,32.28702087056973,33.15212764987686
2015-04-16,2015-04-15,002487,10.47470114039573,9.985686147846909,10.53338293950159
2015-04-16,2015-04-15,002494,13.79496564569545,13.14754848542815,13.11766769341582
2015-04-16,2015-04-15,002540,11.67645077545096,10.97923488269109,11.27037998076664
2015-04-16,2015-04-15,002548,,,
2015-04-16,2015-04-15,002562,5.329410264957491,5.176442117283624,5.21621383567883
2015-04-16,2015-04-15,300008,,,
2015-04-16,2015-04-15,300034,12.54994176619255,12.54542089379838,13.06532121912697
2015-04-16,2015-04-15,300036,13.71382875894241,13.18344285006133,13.62543110746223
2015-04-16,2015-04-15,300139,24.66829315886381,23.76019660649463,24.45873241600939
2015-04-16,2015-04-15,300172,10.74910018642888,10.1970922403471,10.61862558099137
2015-04-16,2015-04-15,300236,18.13176891869482,18.38929959130833,18.70718901531562
2015-04-16,2015-04-15,300270,15.01166533705668,14.91195016875497,15.05245790590738
2015-04-16,2015-04-15,300304,,,
2015-04-16,2015-04-15,300328,11.71034711017548,11.32978801188751,11.57986970504817
2015-04-16,2015-04-15,600135,16.13807056513574,15.54181235527912,15.82527937307981
2015-04-16,2015-04-15,600178,9.564998210857006,9.496885303963822,9.672032778832008
2015-04-16,2015-04-15,600192,12.84399887329324,12.5851275781726,12.8240856967455
2015-04-16,2015-04-15,600338,13.7477302907587,13.25843885183897,13.28562170955673
2015-04-16,2015-04-15,600560,14.28833922803353,13.86611832404866,14.04844098713303
2015-04-16,2015-04-15,600822,12.6,12.2,12.42
2015-04-16,2015-04-15,600960,10.41660899363379,9.855941654033108,9.964140614306926
2015-04-17,2015-04-16,000518,,,
2015-04-17,2015-04-16,000697,28.63307237788661,28.88292466739696,29.00285376636193
2015-04-17,2015-04-16,000733,21.38439159116542,21.79816170110882,21.62889211067743
2015-04-17,2015-04-16,000922,12.86835470164965,14.15391101130749,13.8149334769201
2015-04-17,2015-04-16,002049,,,
2015-04-17,2015-04-16,002101,12.85578724650263,12.96381907210349,12.94908745952156
2015-04-17,2015-04-16,002138,16.79723095547737,16.99810900221144,17.05550272984975
2015-04-17,2015-04-16,002139,8.446669452948775,8.476159071986501,8.484584677425852
2015-04-17,2015-04-16,002212,11.03360596038046,11.49953541243605,11.69780326437461
2015-04-17,2015-04-16,002232,16.86897725151605,16.86897725151605,16.90836774130359
2015-04-17,2015-04-16,002262,11.92310091068962,11.98951253848774,11.90981858512999
2015-04-17,2015-04-16,002268,34.1717177826317,34.41889114814802,34.95031388400812
2015-04-17,2015-04-16,002487,10.36711784203499,10.49426174009768,10.59206473860745
2015-04-17,2015-04-16,002494,13.33679350150629,13.05790610939114,13.16746901343638
2015-04-17,2015-04-16,002540,11.69177420166546,11.69177420166546,11.70709762787997
2015-04-17,2015-04-16,002548,,,
2015-04-17,2015-04-16,002562,5.307994724283149,5.360003894492263,5.369181983352695
2015-04-17,2015-04-16,300008,,,
2015-04-17,2015-04-16,300034,12.8618819613897,13.33657356277666,13.19642651855765
2015-04-17,2015-04-16,300036,13.51569609183166,13.60104554843321,13.59799735355459
2015-04-17,2015-04-16,300139,24.42879516703018,24.73814673981529,24.56850232893314
2015-04-17,2015-04-16,300172,11.21579781357075,11.44161924605875,11.35630892711884
2015-04-17,2015-04-16,300236,19.71719212197172,20.11958379793033,20.38113838730343
2015-04-17,2015-04-16,300270,15.85471175997109,15.78219163756985,16.52099038453249
2015-04-17,2015-04-16,300304,,,
2015-04-17,2015-04-16,300328,11.78283455746842,11.83720014293813,12.03654062299373
2015-04-17,2015-04-16,600135,16.05009804237001,16.38243868392944,16.35311450967419
2015-04-17,2015-04-16,600178,10.04178855910929,10.12936229654338,10.17801437289565
2015-04-17,2015-04-16,600192,13.13273993323549,13.17256628633097,13.1626096980571
2015-04-17,2015-04-16,600338,13.31960028170393,13.31280456727449,13.78850457733535
2015-04-17,2015-04-16,600560,14.57621711711412,14.57621711711412,14.51864153929801
2015-04-17,2015-04-16,600822,12.72,12.72,12.74
2015-04-17,2015-04-16,600960,10.15102972750715,10.37726391717059,10.29857376424418
2015-04-20,2015-04-17,000518,,,
2015-04-20,2015-04-17,000697,28.88292466739696,27.93348596725761,28.28327917257211
2015-04-20,2015-04-17,000733,22.06146995289098,21.49723798478635,21.64769984294758
2015-04-20,2015-04-17,000922,12.98347914729065,12.02410876694898,12.35029469626514
2015-04-20,2015-04-17,002049,,,
2015-04-20,2015-04-17,002101,13.08167197275898,12.89507154672113,13.18970379835984
2015-04-20,2015-04-17,002138,17.76335870405552,16.83549344056958,17.34247136804128
2015-04-20,2015-04-17,002139,8.375051806714296,8.164411670730535,8.23181651424534
2015-04-20,2015-04-17,002212,11.44996844945142,10.85516489363576,11.08317292336509
2015-04-20,2015-04-17,002232,16.74095815970653,16.17964368023401,16.49476759853437
2015-04-20,2015-04-17,002262,11.84783439918508,11.67073672505675,11.63531719023109
2015-04-20,2015-04-17,002268,36.88444546917334,36.89062480331125,38.86801172744184
2015-04-20,2015-04-17,002487,10.52360263965061,10.31821634278011,10.45514054069378
2015-04-20,2015-04-17,002494,13.47623719756386,,
2015-04-20,2015-04-17,002540,11.63048049680745,11.23207141523039,11.37764396426816
2015-04-20,2015-04-17,002548,,,
2015-04-20,2015-04-17,002562,5.338588353817922,5.222332561585784,5.271282368841421
2015-04-20,2015-04-17,300008,,,
2015-04-20,2015-04-17,300034,13.34561530756499,13.48576235178399,13.70728509909791
2015-04-20,2015-04-17,300036,13.85709391823787,13.62847930234086,13.71382875894241
2015-04-20,2015-04-17,300139,24.24917167315497,23.83005018744611,24.03961093030054
2015-04-20,2015-04-17,300172,10.7842279648159,10.2874208133423,10.54335177016204
2015-04-20,2015-04-17,300236,20.11958379793033,19.4355179488007,19.81779004096138
2015-04-20,2015-04-17,300270,16.02694705067404,15.60542383921683,15.65528142336768
2015-04-20,2015-04-17,300304,,,
2015-04-20,2015-04-17,300328,11.71397148254012,11.40952420390975,11.67772775889365
2015-04-20,2015-04-17,600135,16.14784528988748,15.61023542854135,15.6200101532931
2015-04-20,2015-04-17,600178,9.915293160593375,9.662302363561553,9.652571948291099
2015-04-20,2015-04-17,600192,13.22234922770032,12.72451981400679,12.83404228501937
2015-04-20,2015-04-17,600338,13.4147402837161,12.97301884580245,12.98661027466133
2015-04-20,2015-04-17,600560,14.45147003184587,14.08682470567711,14.24995550948945
2015-04-20,2015-04-17,600822,12.93,12.55,12.72
2015-04-20,2015-04-17,600960,10.01332195988593,10.06250330546494,10.25922868778097
2015-04-21,2015-04-20,000518,,,
2015-04-21,2015-04-20,000697,29.38262924641767,29.38262924641767,29.06281831584442
2015-04-21,2015-04-20,000733,22.16491248037683,22.2589511417276,21.92041196086482
2015-04-21,2015-04-20,000922,12.24156605315975,12.35029469626514,12.14562901512559
2015-04-21,2015-04-20,002049,,28.68943673062105,27.92345662373554
2015-04-21,2015-04-20,002101,12.66427628293747,12.89016100919382,12.57097606991854
2015-04-21,2015-04-20,002138,16.89288716820788,17.05550272984975,17.0459371085767
2015-04-21,2015-04-20,002139,8.025389180981255,8.105432432655084,8.13492205169281
2015-04-21,2015-04-20,002212,10.6568970416972,10.63707025650335,10.61724347130949
2015-04-21,2015-04-20,002232,16.4750723536406,16.78034864949407,16.77050102704719
2015-04-21,2015-04-20,002262,11.23684742344235,11.3696706790386,11.32539626050651
2015-04-21,2015-04-20,002268,38.25007831365103,39.57863515330126,39.20787510502679
2015-04-21,2015-04-20,002487,10.12261034576058,10.33777694248206,10.17151184501546
2015-04-21,2015-04-20,002494,,,
2015-04-21,2015-04-20,002540,10.96391145647659,11.15545428415787,10.94858803026209
2015-04-21,2015-04-20,002548,,,
2015-04-21,2015-04-20,002562,5.072423776865395,5.185620206144056,5.182560843190579
2015-04-21,2015-04-20,300008,,,
2015-04-21,2015-04-20,300034,13.65303463036797,13.93784959120015,13.93332871880599
2015-04-21,2015-04-20,300036,12.76279195681082,13.04322588564449,12.95178003928569
2015-04-21,2015-04-20,300139,23.85000835343224,24.15935992621735,24.30904617111337
2015-04-21,2015-04-20,300172,10.32756684578461,10.5132422458303,10.44298668905626
2015-04-21,2015-04-20,300236,19.27456127841726,19.37515919740691,19.02507843932292
2015-04-21,2015-04-20,300270,17.2235290702945,18.36118849046395,18.13003060031
2015-04-21,2015-04-20,300304,,5.939621952740042,5.80840062573078
2015-04-21,2015-04-20,300328,11.09057943582079,11.19568623439556,11.25367619222991
2015-04-21,2015-04-20,600135,15.36586730974765,15.44406510776164,15.24857061272668
2015-04-21,2015-04-20,600178,9.642841533020643,9.983406067486559,9.808258592618374
2015-04-21,2015-04-20,600192,12.52538804852937,12.63491051954195,12.52538804852937
2015-04-21,2015-04-20,600338,12.64002883875986,12.50411455017104,12.49052312131216
2015-04-21,2015-04-20,600560,13.99086540931692,14.20197586130935,14.01005726858896
2015-04-21,2015-04-20,600822,12.3,12.4,12.22
2015-04-21,2015-04-20,600960,9.944468076075323,9.964140614306926,10.03299449811754
2015-04-22,2015-04-21,000518,,,
2015-04-22,2015-04-21,000697,29.37263515483726,29.86234564227755,30.57192614448696
2015-04-22,2015-04-21,000733,22.99245270026362,22.89841403891285,22.66331738553592
2015-04-22,2015-04-21,000922,12.36308630133636,12.97068754221943,12.82358408390037
2015-04-22,2015-04-21,002049,29.10724406164951,28.77996165234388,29.49023411509227
2015-04-22,2015-04-21,002101,13.16515111072328,13.32719884912458,13.32719884912458
2015-04-22,2015-04-21,002138,17.60074314241365,17.77292432532856,17.65813687005196
2015-04-22,2015-04-21,002139,8.505648691024229,8.594117548137406,8.691012010689937
2015-04-22,2015-04-21,002212,10.95429881960503,11.10299970855895,11.16248006414051
2015-04-22,2015-04-21,002232,17.41059648609479,17.69617753705448,17.84389187375778
2015-04-22,2015-04-21,002262,11.803559980653,11.86554416659791,11.78585021324016
2015-04-22,2015-04-21,002268,42.07508614501614,45.38102990879695,46.28321269293154
2015-04-22,2015-04-21,002487,10.66052683756428,10.63118593801135,10.90503433383869
2015-04-22,2015-04-21,002494,,,
2015-04-22,2015-04-21,002540,11.47724623466243,11.6228187837002,11.82202332448874
2015-04-22,2015-04-21,002548,,,
2015-04-22,2015-04-21,002562,5.558862486468289,5.583337390096108,5.632287197351745
2015-04-22,2015-04-21,300008,,,
2015-04-22,2015-04-21,300034,14.11868448696661,14.37637421343383,14.53008387483532
2015-04-22,2015-04-21,300036,13.88452767214551,14.26555203197388,14.44539552981287
2015-04-22,2015-04-21,300139,25.3867871343647,25.65622237517753,25.8857412840181
2015-04-22,2015-04-21,300172,10.92975733241929,11.18067003518373,11.14052400274142
2015-04-22,2015-04-21,300236,20.24030130071791,20.72317131186824,21.02898898559678
2015-04-22,2015-04-21,300270,18.94588197732395,20.0427488286427,20.32829681059759
2015-04-22,2015-04-21,300304,6.684860055188877,6.548686979990585,6.853219493615856
2015-04-22,2015-04-21,300328,11.92418507968967,12.0872818360988,12.42072409364635
2015-04-22,2015-04-21,600135,15.81550464832806,15.99144969385952,16.15762001463923
2015-04-22,2015-04-21,600178,10.08071022019111,10.29477935614111,10.56723098371384
2015-04-22,2015-04-21,600192,12.95352134430582,13.08295699186614,13.15265310978323
2015-04-22,2015-04-21,600338,12.63323312433042,12.74196455520147,12.84390027164308
2015-04-22,2015-04-21,600560,14.6625804838383,14.84490314692268,14.92167058401084
2015-04-22,2015-04-21,600822,12.51,12.62,12.64
2015-04-22,2015-04-21,600960,10.33791884070738,10.39693645540219,10.38710018628639
2015-04-23,2015-04-22,000059,8.981809965237563,9.223884769133372,9.148758105855363
2015-04-23,2015-04-22,000518,,,
2015-04-23,2015-04-22,000603,19.21291286580118,20.01186567804242,20.63961431623196
2015-04-23,2015-04-22,000812,7.95973878035861,7.979360157795813,7.940117402921408
2015-04-23,2015-04-22,002079,10.43608433841083,10.47520742871415,10.35783815780419
2015-04-23,2015-04-22,002120,7.382712122127129,7.344369424608999,7.354826523932125
2015-04-23,2015-04-22,002162,8.5,8.415384615384614,8.623076923076923
2015-04-23,2015-04-22,002245,7.345205400449365,7.378114026795465,7.371532301526244
2015-04-23,2015-04-22,002338,28.30880566486592,28.01620819029366,27.65046134707834
2015-04-23,2015-04-22,002388,10.41623586379413,10.40128432906141,10.32652665539782
2015-04-23,2015-04-22,002487,11.18866302951701,11.10064033085822,11.16910242981505
2015-04-23,2015-04-22,002494,,,
2015-04-23,2015-04-22,002501,18.65419413919414,18.79355311355311,18.92295787545788
2015-04-23,2015-04-22,002535,9.728232061903162,9.643705558995631,9.589915966236292
2015-04-23,2015-04-22,002548,,,
2015-04-23,2015-04-22,002632,16.88445457508937,16.44406279729422,16.48560919142584
2015-04-23,2015-04-22,002658,22.82404357243421,23.65966900114501,23.24185628678961
2015-04-23,2015-04-22,300008,,,
2015-04-23,2015-04-22,300139,26.40465359965763,26.54436076156058,25.86578311803196
2015-04-23,2015-04-22,300172,11.12546924057555,11.31616289467653,11.34627241900827
2015-04-23,2015-04-22,300238,35.09432073215812,35.11420419999504,34.79606871460437
2015-04-23,2015-04-22,300265,14.35858337168722,14.35080094167546,14.13678411635221
2015-04-23,2015-04-22,300285,12.83065476727852,12.83065476727852,12.89249709111877
2015-04-23,2015-04-22,300304,6.731901662984651,6.771515648496881,6.585825091408301
2015-04-23,2015-04-22,300328,12.14527179393315,12.2866223161544,12.14164742156851
2015-04-23,2015-04-22,600052,7.790350107148953,7.790350107148953,7.73410209193488
2015-04-23,2015-04-22,600338,12.8642874149314,12.78953455620755,12.78273884177811
2015-04-23,2015-04-22,600663,14.91990127679361,15.12904220702188,14.98016222279158
2015-04-23,2015-04-22,600794,10.14996561926096,10.18728166933177,10.05667549408392
2015-04-23,2015-04-22,600960,10.53464422302341,10.57398929948662,10.41660899363379
2015-04-23,2015-04-22,601008,12.98134047616091,13.10016281461548,12.93183116847151
2015-04-24,2015-04-23,000059,8.965115151175784,8.915030708990443,9.031894407422902
2015-04-24,2015-04-23,000518,,,
2015-04-24,2015-04-23,000603,21.1342041523813,20.78228446127504,20.68717103124632
2015-04-24,2015-04-23,000812,8.182114391313576,8.044764749253156,8.208276227896514
2015-04-24,2015-04-23,002079,10.5241112915933,10.36761893038002,10.35783815780419
2015-04-24,2015-04-23,002120,7.494254514907142,7.407112020547756,7.421054819645258
2015-04-24,2015-04-23,002162,8.746153846153845,8.561538461538461,8.523076923076923
2015-04-24,2015-04-23,002245,7.325460224641706,7.233316070872628,7.233316070872628
2015-04-24,2015-04-23,002338,27.76262371233104,27.30909762674404,27.39200024453952
2015-04-24,2015-04-23,002388,10.33151050030872,10.16704361824881,10.316558965576
2015-04-24,2015-04-23,002487,11.05173883160334,10.86591313443478,10.87569343428576
2015-04-24,2015-04-23,002494,,,
2015-04-24,2015-04-23,002501,18.84332417582418,18.73382783882784,18.61437728937729
2015-04-24,2015-04-23,002535,9.91265352279232,9.974127343088707,10.11244343875558
2015-04-24,2015-04-23,002548,,,
2015-04-24,2015-04-23,002632,16.81798034447878,16.58532053734172,16.88445457508937
2015-04-24,2015-04-23,002658,23.11897019433214,22.7175422923044,22.6929650738129
2015-04-24,2015-04-23,300008,,,
2015-04-24,2015-04-23,300139,25.8857412840181,25.32691263640629,25.42670346633697
2015-04-24,2015-04-23,300172,11.34125416495298,10.99499463513804,10.93979384052986
2015-04-24,2015-04-23,300238,36.16802799535163,35.79024210645021,36.5557556181715
2015-04-24,2015-04-23,300265,14.33912729665783,14.23406449149914,14.21071720146388
2015-04-24,2015-04-23,300285,12.98037828815493,12.72324441534544,12.84041934472698
2015-04-24,2015-04-23,300304,6.48926600172224,6.372899919280062,6.414989778886808
2015-04-24,2015-04-23,300328,12.43159721074029,12.19601300703822,12.29024668851904
2015-04-24,2015-04-23,600052,8.05284084481462,7.902846137577096,8.005967498802894
2015-04-24,2015-04-23,600338,13.48269742801051,13.15650313539735,13.08854599110295
2015-04-24,2015-04-23,600663,14.8738193769128,14.70012606197745,14.72848415421179
2015-04-24,2015-04-23,600794,10.07533351911933,9.888753268765269,9.972714381424597
2015-04-24,2015-04-23,600960,11.35105455963494,11.18383798466631,11.0854752935083
2015-04-24,2015-04-23,601008,13.41702238382764,13.06055536846396,12.96153675308515
2015-04-27,2015-04-24,000059,9.407527723812949,9.474306980060069,9.649602527708758
2015-04-27,2015-04-24,000518,,,
2015-04-27,2015-04-24,000603,22.82722320689249,22.52286023080059,23.39790378706481
2015-04-27,2015-04-24,000812,8.326004492519729,8.528758726037491,8.587622858349102
2015-04-27,2015-04-24,002079,10.83709601401987,10.93490373977817,10.89578064947485
2015-04-27,2015-04-24,002120,7.692939402046541,7.912538487832191,7.797510395277803
2015-04-27,2015-04-24,002162,8.484615384615383,8.538461538461537,8.507692307692308
2015-04-27,2015-04-24,002245,7.16091709291121,7.253061246680287,7.206989169795747
2015-04-27,2015-04-24,002338,28.43072127927103,28.92326036146766,29.02079285299175
2015-04-27,2015-04-24,002388,10.21189822244697,10.33649434521963,10.54581583147769
2015-04-27,2015-04-24,002487,10.84635253473283,11.05173883160334,11.11042063070919
2015-04-27,2015-04-24,002494,,,
2015-04-27,2015-04-24,002501,18.18634615384615,18.226163003663,18.10671245421246
2015-04-27,2015-04-24,002535,10.30454912718178,10.29686489964474,10.38907563008932
2015-04-27,2015-04-24,002548,,,
2015-04-27,2015-04-24,002632,17.53257832354261,17.68214534241643,17.31653707405819
2015-04-27,2015-04-24,002658,22.29153717178517,22.7421195107959,22.26695995329368
2015-04-27,2015-04-24,300008,,,
2015-04-27,2015-04-24,300139,24.8578957357321,24.8279584867529,25.0474983126004
2015-04-27,2015-04-24,300172,11.05019542974622,10.9699033648616,11.02510415946977
2015-04-27,2015-04-24,300238,38.67334494280314,38.67334494280314,39.26984897791064
2015-04-27,2015-04-24,300265,13.89552878598782,14.18347869642274,14.14845776136984
2015-04-27,2015-04-24,300285,14.27906708880032,14.97235208764109,15.70795025542519
2015-04-27,2015-04-24,300304,6.375375793374578,6.439748519831952,6.390231037941663
2015-04-27,2015-04-24,300328,11.98942378225332,12.22863235832004,12.46784093438676
2015-04-27,2015-04-24,600052,8.080964852421657,8.202835552052147,8.1934608828498
2015-04-27,2015-04-24,600338,13.10893313439127,13.54385885787548,13.44871885586331
2015-04-27,2015-04-24,600663,15.3204593296037,15.57568215971278,15.4197126524239
2015-04-27,2015-04-24,600794,9.83277919365905,9.972714381424597,9.916740306318379
2015-04-27,2015-04-24,600960,10.90842244942387,10.96744006411868,10.97727633323448
2015-04-27,2015-04-24,601008,12.87241999924423,12.90212558385787,12.91202744539575
2015-04-28,2015-04-27,000059,9.607865492554307,9.541086236307187,9.35744328162761
2015-04-28,2015-04-27,000518,,,
2015-04-28,2015-04-27,000603,23.25523364202173,22.77966649187813,22.17094053969433
2015-04-28,2015-04-27,000812,8.352166329102667,8.240978523625184,8.18865485045931
2015-04-28,2015-04-27,002079,10.81753446886821,10.75884983341323,10.53389206416913
2015-04-28,2015-04-27,002120,7.633682505882158,7.678996602949039,7.581397009266527
2015-04-28,2015-04-27,002162,8.307692307692308,8.238461538461538,8.169230769230769
2015-04-28,2015-04-27,002245,7.239897796141848,7.220152620334188,7.147753642372769
2015-04-28,2015-04-27,002338,27.79676008436447,27.53342235724944,27.67972109453557
2015-04-28,2015-04-27,002388,10.68037964407216,10.46607431290319,10.46109046799228
2015-04-28,2015-04-27,002487,11.29624632787775,12.43076111059101,12.43076111059101
2015-04-28,2015-04-27,002494,,,
2015-04-28,2015-04-27,002501,17.80808608058608,17.9076282051282,17.9076282051282
2015-04-28,2015-04-27,002535,10.2277068518113,10.20465416920016,10.08170652860738
2015-04-28,2015-04-27,002548,,,
2015-04-28,2015-04-27,002632,16.90938241156834,17.18358861283702,16.78474322917349
2015-04-28,2015-04-27,002658,22.0375725807064,21.67710670949782,21.36579527527222
2015-04-28,2015-04-27,300008,,,
2015-04-28,2015-04-27,300139,25.12733097654494,24.92774931668358,24.48866966498859
2015-04-28,2015-04-27,300172,10.91470257025342,10.74910018642888,10.65375335937839
2015-04-28,2015-04-27,300238,37.58969594569118,37.87800622932647,37.06278404801288
2015-04-28,2015-04-27,300265,13.85272542092317,13.90720243100545,13.84883420591729
2015-04-28,2015-04-27,300285,15.37920948132699,15.17740821405878,15.16764363661032
2015-04-28,2015-04-27,300304,6.231775095892742,6.226823347703713,6.127788383923138
2015-04-28,2015-04-27,300328,12.06915997427556,12.13439867683921,11.90606321786643
2015-04-28,2015-04-27,600052,7.996592829600548,8.05284084481462,8.034091506409931
2015-04-28,2015-04-27,600338,13.25164313740953,13.48949314243995,13.38755742599834
2015-04-28,2015-04-27,600663,15.12904220702188,15.29919076042794,15.25310886054713
2015-04-28,2015-04-27,600794,9.888753268765269,9.804792156105941,9.739489068482019
2015-04-28,2015-04-27,600960,11.01662140969769,10.96744006411868,10.96744006411868
2015-04-28,2015-04-27,601008,12.76349952232755,12.62487346079723,12.54565856849419
2015-04-29,2015-04-28,000059,9.123715884762692,8.990157372268452,8.956767744144894
2015-04-29,2015-04-28,000518,,,
2015-04-29,2015-04-28,000603,20.93446594932099,21.21029489640427,21.17224952439279
2015-04-29,2015-04-28,000812,7.992441076087283,7.78968684256952,7.861631893172596
2015-04-29,2015-04-28,002079,10.13288038856009,10.04485343537762,10.19156502401507
2015-04-29,2015-04-28,002120,7.494254514907142,7.393169221450255,7.581397009266527
2015-04-29,2015-04-28,002162,7.923076923076923,7.838461538461537,8.007692307692308
2015-04-29,2015-04-28,002245,6.963465334834614,6.877902906334755,6.897648082142415
2015-04-29,2015-04-28,002338,26.22648697082669,26.22648697082669,26.48007144878931
2015-04-29,2015-04-28,002388,9.962705976901656,9.843093699039906,10.11222132422884
2015-04-29,2015-04-28,002487,12.43076111059101,12.92955640299081,12.47966260984589
2015-04-29,2015-04-28,002494,,,
2015-04-29,2015-04-28,002501,16.96197802197802,17.09138278388279,17.13119963369963
2015-04-29,2015-04-28,002535,9.605284421310389,9.55149482855105,9.758968972051354
2015-04-29,2015-04-28,002548,,,
2015-04-29,2015-04-28,002632,16.70165044091025,16.65179476795231,16.78474322917349
2015-04-29,2015-04-28,002658,21.01352181022747,20.88244331160617,21.570605429368
2015-04-29,2015-04-28,300008,,,
2015-04-29,2015-04-28,300139,23.40094961874419,23.44086595071646,23.959778266356
2015-04-29,2015-04-28,300172,10.41287716472453,10.36771287822692,10.31753033767403
2015-04-29,2015-04-28,300238,35.08437899823966,35.38263101579341,36.00896025265629
2015-04-29,2015-04-28,300265,13.03557026968894,12.99665811963016,13.04335269970069
2015-04-29,2015-04-28,300285,14.8421577216616,,
2015-04-29,2015-04-28,300304,5.833159366675924,5.934670204551014,5.979235938252273
2015-04-29,2015-04-28,300328,11.42402169336834,11.3370367566168,11.57986970504817
2015-04-29,2015-04-28,600052,7.677854076720807,7.630980730709083,7.57473271549501
2015-04-29,2015-04-28,600338,13.06815884781462,12.89826598707861,12.66041598204818
2015-04-29,2015-04-28,600663,14.7213946311532,14.63986511597947,14.61859654680371
2015-04-29,2015-04-28,600794,9.524921780574848,9.394315605327005,9.450289680433224
2015-04-29,2015-04-28,600960,10.56415303037082,10.4657903392128,10.37726391717059
2015-04-29,2015-04-28,601008,13.139770260767,13.12986839922912,13.3378074915246
2015-04-30,2015-04-29,000518,,,
2015-04-30,2015-04-29,000559,13.16355598608933,13.29328879804159,13.22409796500038
2015-04-30,2015-04-29,000628,12.95444724301141,12.95444724301141,12.93495221330033
2015-04-30,2015-04-29,000922,11.4101117235303,11.5252361691713,11.56361098438497
2015-04-30,2015-04-29,001914,10.78587250232549,10.7769732675876,10.72357785916024
2015-04-30,2015-04-29,002124,3.496870303075655,3.465188578925479,3.484989656519339
2015-04-30,2015-04-29,002162,8.076923076923077,8.076923076923077,8.084615384615384
2015-04-30,2015-04-29,002240,17.17626579137793,17.24400317759745,17.07949809677861
2015-04-30,2015-04-29,002284,11.95485766758494,12.04444444444444,12.09421487603306
2015-04-30,2015-04-29,002294,28.23971655647804,28.66335737299718,28.33886653481231
2015-04-30,2015-04-29,002338,26.63124681065165,26.96773390640974,26.65562993353267
2015-04-30,2015-04-29,002494,,,
2015-04-30,2015-04-29,002538,11.86481354037735,11.93554268219778,11.8736546831049
2015-04-30,2015-04-29,002548,,,
2015-04-30,2015-04-29,002562,5.448725420143105,5.509912679212652,5.534387582840471
2015-04-30,2015-04-29,300008,,,
2015-04-30,2015-04-29,300172,10.45804145122213,10.42793192689039,10.29745732145288
2015-04-30,2015-04-29,300238,35.68088303334716,35.79024210645021,35.39257274971187
2015-04-30,2015-04-29,300281,9.942066588935848,9.922623173181737,9.838368371580584
2015-04-30,2015-04-29,300285,,,
2015-04-30,2015-04-29,300303,6.490840193323913,6.616534232698892,6.732172748923873
2015-04-30,2015-04-29,300304,6.182257614002454,6.283768451877545,6.301099570539145
2015-04-30,2015-04-29,300329,16.43624569673861,16.31148211554225,16.2518125767092
2015-04-30,2015-04-29,300365,9.24602139973665,9.310951325296598,9.25900738484864
2015-04-30,2015-04-29,600052,7.799724776351297,7.780975437946608,7.837223453160678
2015-04-30,2015-04-29,600064,7.008188377761417,6.925062055762422,6.873907396070733
2015-04-30,2015-04-29,600095,11.81303393367487,11.76528521122671,11.82258367816451
2015-04-30,2015-04-29,600114,11.06882000784873,11.28005703089928,11.20159756519479
2015-04-30,2015-04-29,600119,23.00321129167138,23.06211836284084,23.08175405323066
2015-04-30,2015-04-29,600184,25.65023780509008,26.0911318850095,26.00295306902562
2015-04-30,2015-04-29,600480,8.012821991397171,8.045565572214322,7.97540075617757
2015-04-30,2015-04-29,600794,9.599553880716472,9.580895855681067,9.571566843163364
2015-04-30,2015-04-29,600960,10.70186079799204,10.70186079799204,10.78055095091845
2015-04-30,2015-04-29,600979,6.356388697749432,6.41352477593145,6.320678648885671
2015-05-04,2015-04-30,000518,,,
2015-05-04,2015-04-30,000559,12.99922775761646,12.97328119522601,13.36247963108279
2015-05-04,2015-04-30,000628,12.90570966873371,12.94469972815587,12.91545718358925
2015-05-04,2015-04-30,000922,11.35894530324542,11.55081937931375,11.44848653874397
2015-05-04,2015-04-30,001914,10.91046178865598,10.98165566655912,10.7769732675876
2015-05-04,2015-04-30,002124,3.483009548759953,3.465188578925479,3.389944484068812
2015-05-04,2015-04-30,002162,7.938461538461538,7.984615384615385,7.83076923076923
2015-05-04,2015-04-30,002240,16.87628593812006,16.86660916866013,17.05046778839882
2015-05-04,2015-04-30,002284,12.04444444444444,12.17384756657484,11.94490358126722
2015-05-04,2015-04-30,002294,27.95128025586927,28.05043023420353,27.50059853616805
2015-05-04,2015-04-30,002338,26.43130520302727,26.48494807336552,26.28988309031734
2015-05-04,2015-04-30,002494,,,
2015-05-04,2015-04-30,002538,11.89133696856001,12.06815982311109,12.02395410947332
2015-05-04,2015-04-30,002548,,,
2015-05-04,2015-04-30,002562,5.427309879468764,5.439547331282674,5.460962871957015
2015-05-04,2015-04-30,300008,,,
2015-05-04,2015-04-30,300172,10.48313272149857,10.52829700799617,10.28240255928701
2015-05-04,2015-04-30,300238,35.25338847485345,34.96507819121816,34.39839935786603
2015-05-04,2015-04-30,300281,9.909660896012328,9.786519262902953,9.579122828192427
2015-05-04,2015-04-30,300285,,,
2015-05-04,2015-04-30,300303,6.727144987348874,6.74725603364887,6.536090047498905
2015-05-04,2015-04-30,300304,6.051036286993192,5.984187686441302,5.87029747809364
2015-05-04,2015-04-30,300329,16.11077548492201,15.91006885430176,15.51408009659156
2015-05-04,2015-04-30,300365,9.362895265744557,9.236281910902658,8.992794690052852
2015-05-04,2015-04-30,600052,8.043466175612275,8.024716837207585,7.771600768744261
2015-05-04,2015-04-30,600064,7.353482330680318,7.260764509989132,7.283144673604246
2015-05-04,2015-04-30,600095,12.18547396877052,12.16637447979126,11.99447907897788
2015-05-04,2015-04-30,600114,11.50336474098129,11.67838970293746,11.31023374847793
2015-05-04,2015-04-30,600119,23.1308432792052,23.45483217063719,23.10138974362048
2015-05-04,2015-04-30,600184,25.66983309753094,25.32691547981583,24.9154143385577
2015-05-04,2015-04-30,600480,8.054920881019223,8.789312622203902,8.574140519691193
2015-05-04,2015-04-30,600794,9.71150203092891,9.636869930787286,9.543579805610255
2015-05-04,2015-04-30,600960,10.79038722003425,10.80022348915005,10.78055095091845
2015-05-04,2015-04-30,600979,6.399240756385947,6.463518844340715,6.377814727067689
2015-05-05,2015-05-04,000518,,,
2015-05-05,2015-05-04,000559,13.09436515304812,13.05976973652752,12.88679265392451
2015-05-05,2015-05-04,000628,13.46131801549944,13.50030807492159,13.68551085717684
2015-05-05,2015-05-04,000922,11.54442357677814,11.48686135395764,11.39732011845908
2015-05-05,2015-05-04,001914,10.99945413603491,10.99055490129701,10.88376408444231
2015-05-05,2015-05-04,002124,3.585975152248024,3.595875691044954,3.57805472121048
2015-05-05,2015-05-04,002162,7.961538461538461,7.946153846153845,7.861538461538461
2015-05-05,2015-05-04,002240,17.27303348597724,17.15691225245807,16.93434655487965
2015-05-05,2015-05-04,002284,12.14398530762167,11.99467401285583,11.96481175390266
2015-05-05,2015-05-04,002294,28.27577109405414,28.14056657814377,27.83410300874695
2015-05-05,2015-05-04,002338,27.25545475640579,27.11403264369587,27.56268210470667
2015-05-05,2015-05-04,002494,,,
2015-05-05,2015-05-04,002538,12.09468325129375,11.94438382492533,11.8736546831049
2015-05-05,2015-05-04,002548,,,
2015-05-05,2015-05-04,002562,5.690415093467815,5.690415093467815,5.665940189839995
2015-05-05,2015-05-04,300008,,,
2015-05-05,2015-05-04,300172,10.27738430523172,10.16698271601537,10.16698271601537
2015-05-05,2015-05-04,300238,35.69082476726562,35.41245621754879,34.81595218244129
2015-05-05,2015-05-04,300281,10.25316124100164,10.20131213232401,10.44111425995805
2015-05-05,2015-05-04,300285,,,
2015-05-05,2015-05-04,300303,6.5662566169489,6.536090047498905,6.485812431748914
2015-05-05,2015-05-04,300304,5.986663560535817,5.999042931008389,5.979235938252273
2015-05-05,2015-05-04,300329,15.75818275545402,15.58459864248516,15.47068406834935
2015-05-05,2015-05-04,300365,9.112915052338757,9.252514392292646,9.528466575922426
2015-05-05,2015-05-04,600052,7.940344814386478,7.902846137577096,7.89347146837475
2015-05-05,2015-05-04,600064,7.184032520451598,7.081723201068219,7.091314699760411
2015-05-05,2015-05-04,600095,11.8512329116334,11.59338981041333,11.51699185449628
2015-05-05,2015-05-04,600114,11.40076390121388,11.58182420668578,11.5456121455914
2015-05-05,2015-05-04,600119,23.16029681478993,23.15047896959502,22.6792224002394
2015-05-05,2015-05-04,600184,26.53202596492892,27.15907532303655,26.4634424413859
2015-05-05,2015-05-04,600480,8.859477438240656,9.079327195155814,8.793990276606353
2015-05-05,2015-05-04,600794,9.702173018411207,9.646198943304988,9.590224868198769
2015-05-05,2015-05-04,600960,10.81989602738166,10.92809498765547,10.83956856561326
2015-05-05,2015-05-04,600979,6.74205722547805,6.634927078886767,6.606359039795759
2015-05-06,2015-05-05,000518,,,
2015-05-06,2015-05-05,000559,12.36786140611547,12.58408275936923,12.48894536393757
2015-05-06,2015-05-05,000628,13.14939754012219,13.25662020353312,13.37359038179959
2015-05-06,2015-05-05,000922,11.10311320182097,11.16707122717708,10.94321813843069
2015-05-06,2015-05-05,001914,10.34981000016877,10.45660081702347,10.29641459174141
2015-05-06,2015-05-05,002124,3.451327824609776,3.477069225481794,3.465188578925479
2015-05-06,2015-05-05,002162,7.453846153846153,7.53076923076923,7.423076923076922
2015-05-06,2015-05-05,002240,16.37309392620364,16.45050808188309,16.3634171567437
2015-05-06,2015-05-05,002284,11.94490358126722,12.74123048668503,12.49237832874197
2015-05-06,2015-05-05,002294,26.77049415025208,27.29328494510549,27.16709406358915
2015-05-06,2015-05-05,002338,27.65046134707834,27.74311721402622,27.31885087589645
2015-05-06,2015-05-05,002494,,,
2015-05-06,2015-05-05,002538,11.46696211763742,11.53769125945785,11.44043868945476
2015-05-06,2015-05-05,002548,,,
2015-05-06,2015-05-05,002562,5.460962871957015,5.506853316259175,5.46708159786397
2015-05-06,2015-05-05,300008,,,
2015-05-06,2015-05-05,300172,10.07163588896488,10.20211049440239,10.12683668357305
2015-05-06,2015-05-05,300238,34.08026387247536,34.51770016488753,34.48787496313216
2015-05-06,2015-05-05,300281,10.57073703165213,10.99849217824259,11.13459608852137
2015-05-06,2015-05-05,300285,,,
2015-05-06,2015-05-05,300303,6.365146153948934,6.435534815998922,6.39028496182393
2015-05-06,2015-05-05,300304,5.64499293549283,5.669751676437973,5.731648528800833
2015-05-06,2015-05-05,300329,15.26997743772911,15.32964697656215,15.51950460012184
2015-05-06,2015-05-05,300365,9.499248109420449,9.499248109420449,9.375881250856546
2015-05-06,2015-05-05,600052,7.490360692673902,7.471611354269212,7.490360692673902
2015-05-06,2015-05-05,600064,6.726837749457125,6.774795242918085,6.611739765150825
2015-05-06,2015-05-05,600095,10.85805948471167,10.98220616307688,10.87715897369093
2015-05-06,2015-05-05,600114,10.94811313753413,11.04467863378581,10.91793641995548
2015-05-06,2015-05-05,600119,21.81525202308742,22.07051599815505,21.99197323659578
2015-05-06,2015-05-05,600184,26.18910834721382,26.40465656406331,25.70902368241266
2015-05-06,2015-05-05,600480,8.335580145166235,8.396389652398087,8.195250513092729
2015-05-06,2015-05-05,600794,9.235722392526053,9.329012517703084,9.189077329937538
2015-05-06,2015-05-05,600960,10.31824630247578,10.455954070097,10.32808257159158
2015-05-06,2015-05-05,600979,6.456376834567962,6.470660854113468,6.306394629340168
2015-05-07,2015-05-06,000518,,,
2015-05-07,2015-05-06,000559,12.26407515655366,12.25542630242351,12.28137286481396
2015-05-07,2015-05-06,000628,13.79273352058777,13.70500588688792,13.99743133255409
2015-05-07,2015-05-06,000922,10.7193650496843,10.96240554603752,10.80890628518285
2015-05-07,2015-05-06,001914,9.780258976943658,9.869251324322581,9.753561272729982
2015-05-07,2015-05-06,002124,3.38598426855004,3.439447178053461,3.411725669422057
2015-05-07,2015-05-06,002162,7.192307692307692,7.369230769230769,7.3
2015-05-07,2015-05-06,002240,15.56024529156941,15.47315436643003,15.26994220777148
2015-05-07,2015-05-06,002284,12.6416896235078,13.59728191000918,13.33847566574839
2015-05-07,2015-05-06,002294,27.00484864449672,27.67185758965451,27.58172124571427
2015-05-07,2015-05-06,002338,26.97748715556215,26.52883769455135,26.33377271150318
2015-05-07,2015-05-06,002494,,,
2015-05-07,2015-05-06,002538,11.12215755126282,11.21941012126591,11.11331640853527
2015-05-07,2015-05-06,002548,,,
2015-05-07,2015-05-06,002562,5.353885168585308,5.292697909515763,5.213154472725352
2015-05-07,2015-05-06,300008,,,
2015-05-07,2015-05-06,300172,9.785595407813409,9.720358105094654,9.514609688827807
2015-05-07,2015-05-06,300238,34.16973947774149,34.28904028476299,34.14985600990457
2015-05-07,2015-05-06,300281,11.62716262095887,11.47161529492598,11.05034128692022
2015-05-07,2015-05-06,300285,,,
2015-05-07,2015-05-06,300303,6.365146153948934,6.350062869223937,6.264590922448951
2015-05-07,2015-05-06,300304,5.484061119349393,5.550909719901282,5.456826504309735
2015-05-07,2015-05-06,300329,15.17233637418413,15.13436484947219,15.28625094831994
2015-05-07,2015-05-06,300365,10.05115247668001,9.879088173946148,9.788186278162218
2015-05-07,2015-05-06,600052,7.199745947401198,7.255993962615269,7.199745947401198
2015-05-07,2015-05-06,600064,6.490247448383064,6.423106957537722,6.339980635538726
2015-05-07,2015-05-06,600095,10.68616408389829,10.69571382838792,10.75301229532571
2015-05-07,2015-05-06,600114,10.48339168682293,10.36872016002406,10.30233138135103
2015-05-07,2015-05-06,600119,21.65816649996887,21.84470555867214,22.01160892698559
2015-05-07,2015-05-06,600184,25.44448723446101,24.8860213998964,24.86642610745554
2015-05-07,2015-05-06,600480,8.139118660263327,8.031532609006973,7.95669013856777
2015-05-07,2015-05-06,600794,8.65732361642846,8.610678553839946,8.489401391109805
2015-05-07,2015-05-06,600960,9.993649421654331,9.934631806959521,9.914959268727918
2015-05-07,2015-05-06,600979,6.256400560930902,6.199264482748885,6.006430218884576
2015-05-08,2015-05-07,000151,22.95668953083302,23.23224582073126,23.0707128232047
2015-05-08,2015-05-07,000518,,,
2015-05-08,2015-05-07,000559,11.85757901243658,12.06515151156019,11.97866297025868
2015-05-08,2015-05-07,000753,6.706881952057417,6.804649910542219,6.804649910542219
2015-05-08,2015-05-07,000880,8.485862629915141,8.581589016583061,8.536541305209923
2015-05-08,2015-05-07,000962,13.3460097776832,13.55392239291417,13.56382299363946
2015-05-08,2015-05-07,002066,13.72259030691853,13.95096916151992,13.89139206901521
2015-05-08,2015-05-07,002138,15.11368161142042,15.38151900706584,15.35282214324669
2015-05-08,2015-05-07,002154,6.771069491218724,6.786302493448687,6.847234502368541
2015-05-08,2015-05-07,002162,7.115384615384615,7.276923076923077,7.215384615384616
2015-05-08,2015-05-07,002205,12.77446025051855,12.96004562946071,12.89818383647999
2015-05-08,2015-05-07,002210,8.671163639312322,8.800850975846648,8.787435044481027
2015-05-08,2015-05-07,002216,11.15214205753617,11.27385711409864,11.16735643960648
2015-05-08,2015-05-07,002240,14.48612388151705,14.74739665693519,14.74739665693519
2015-05-08,2015-05-07,002334,11.82893137602949,12.00345659305287,12.02284828383325
2015-05-08,2015-05-07,002338,26.18747397421706,26.43618182760347,26.28988309031734
2015-05-08,2015-05-07,002423,13.13107648034126,13.36816536123631,13.31345254256822
2015-05-08,2015-05-07,002427,11.05214509518492,11.26867691745793,11.18747748410556
2015-05-08,2015-05-07,002487,11.62877652281094,12.06889001610488,12.49922320954784
2015-05-08,2015-05-07,002494,,,
2015-05-08,2015-05-07,002538,10.60937127306469,10.90112898307397,10.80387641307088
2015-05-08,2015-05-07,002548,,,
2015-05-08,2015-05-07,002563,8.679910819677813,8.821913450674588,8.69766114855241
2015-05-08,2015-05-07,002580,10.59026748653909,10.82818248191641,10.56586594855167
2015-05-08,2015-05-07,002615,6.749521728819724,6.92703208621376,6.873366164210911
2015-05-08,2015-05-07,300008,,,
2015-05-08,2015-05-07,300238,34.05043867071999,34.79606871460437,34.85571911811512
2015-05-08,2015-05-07,300281,11.21236975153782,11.29014341455427,11.22533202870723
2015-05-08,2015-05-07,300283,11.4422354629321,12.12681365302206,11.9605589497145
2015-05-08,2015-05-07,300285,,,
2015-05-08,2015-05-07,600184,24.01403088627799,24.49411555107914,24.15119793336403
2015-05-08,2015-05-07,600390,10.16724090270773,10.28316517859373,10.29680332869797
2015-05-08,2015-05-07,600410,24.5930550394339,24.781963285825,24.83793609957051
2015-05-08,2015-05-07,600673,8.032935274322234,7.636360972604832,7.562579707169037
2015-05-08,2015-05-07,600742,8.762407909327289,8.891799638643995,8.842630781503647
2015-05-08,2015-05-07,600960,10.10184838192815,10.21988361131777,10.19037480397036
2015-05-08,2015-05-07,600976,30.8219825244753,30.9768210891668,30.79465807188268
2015-05-11,2015-05-08,000151,23.327265231041,23.24174776176223,23.18473611557639
2015-05-11,2015-05-08,000518,,,
2015-05-11,2015-05-08,000559,12.28137286481396,12.40245682263607,12.66192244654059
2015-05-11,2015-05-08,000753,7.009962623360303,7.176168152784467,7.195721744481427
2015-05-11,2015-05-08,000880,8.67168443932934,8.744886970310692,8.705470222859196
2015-05-11,2015-05-08,000962,13.90044341829912,14.14795843643123,14.11825663425537
2015-05-11,2015-05-08,002066,14.16941850070386,14.41765638614016,14.39779735530526
2015-05-11,2015-05-08,002138,16.37634361946314,16.35721237691704,16.37634361946314
2015-05-11,2015-05-08,002154,7.273758564807516,7.220443057002644,7.228059558117626
2015-05-11,2015-05-08,002162,7.353846153846153,7.476923076923077,7.446153846153845
2015-05-11,2015-05-08,002205,13.32503020804695,13.4240090768161,13.49824322839297
2015-05-11,2015-05-08,002210,9.391151955933923,9.511895338224502,9.471647544127643
2015-05-11,2015-05-08,002216,11.53250160929389,11.63900228378605,11.9128611610516
2015-05-11,2015-05-08,002240,15.13446743533244,15.25058866885161,15.41509374967044
2015-05-11,2015-05-08,002334,12.25554857319777,12.38159456327021,12.40098625405058
2015-05-11,2015-05-08,002338,26.95798065725733,27.3773703708109,28.22590304707045
2015-05-11,2015-05-08,002423,13.47759099857249,13.64172945457675,13.60525424213136
2015-05-11,2015-05-08,002427,11.1694331655828,11.22356612115106,11.17845532484418
2015-05-11,2015-05-08,002487,12.79263220507714,13.15450329956326,13.06648060090447
2015-05-11,2015-05-08,002494,,,
2015-05-11,2015-05-08,002538,11.04258726671483,11.13099869399037,11.36086840490677
2015-05-11,2015-05-08,002548,,,
2015-05-11,2015-05-08,002563,9.002966805195474,9.105918712668135,9.155619633517006
2015-05-11,2015-05-08,002580,11.09049901528114,11.40771900911757,12.00555668980929
2015-05-11,2015-05-08,002615,7.244899470384475,7.249027618230847,7.364615757929289
2015-05-11,2015-05-08,300008,,,
2015-05-11,2015-05-08,300238,36.58558081992688,36.76453203045913,36.57563908600842
2015-05-11,2015-05-08,300281,11.6660494524671,12.44378608263157,12.21694623216693
2015-05-11,2015-05-08,300283,12.10725427616235,12.12681365302206,12.19527147203105
2015-05-11,2015-05-08,300285,,,
2015-05-11,2015-05-08,600184,24.85662846123511,24.81743787635338,24.78804493769209
2015-05-11,2015-05-08,600390,10.37863222932338,10.42636575468821,10.5013755802615
2015-05-11,2015-05-08,600410,25.52360306795302,25.50960986451664,25.37667443187106
2015-05-11,2015-05-08,600673,7.802368819835373,7.765478187117474,7.67325160532273
2015-05-11,2015-05-08,600742,8.938380661198009,9.00825219502903,9.023779202547034
2015-05-11,2015-05-08,600960,10.4264452627496,10.50513541567601,10.52480795390761
2015-05-11,2015-05-08,600976,31.50509383929079,31.14987595558673,30.92217218398157
2015-05-12,2015-05-11,000151,24.15393410073573,23.83086810568262,24.1634360417667
2015-05-12,2015-05-11,000518,,,
2015-05-12,2015-05-11,000559,12.91273921631496,12.91273921631496,12.97328119522601
2015-05-12,2015-05-11,000753,7.596570374269115,7.479248824087353,7.479248824087353
2015-05-12,2015-05-11,000880,8.941970707568178,8.874399140508467,8.981387455019673
2015-05-12,2015-05-11,000962,14.40537405528862,14.30636804803578,14.43507585746447
2015-05-12,2015-05-11,002066,14.95385021868256,15.07300440369199,15.16237004244905
2015-05-12,2015-05-11,002138,17.05550272984975,16.94071527457314,16.89288716820788
2015-05-12,2015-05-11,002154,7.753598135051362,,
2015-05-12,2015-05-11,002162,7.723076923076921,7.93076923076923,8.115384615384615
2015-05-12,2015-05-11,002205,13.85704162768114,13.90653106206571,13.91890342066186
2015-05-12,2015-05-11,002210,10.2318836548461,10.21846772348048,10.21846772348048
2015-05-12,2015-05-11,002216,12.68879464663734,13.22129801909814,13.92115959433233
2015-05-12,2015-05-11,002240,15.78281098914783,15.69572006400845,15.81184129752763
2015-05-12,2015-05-11,002334,13.47722509236147,13.63235861860448,13.96201736187087
2015-05-12,2015-05-11,002338,28.79646812248635,28.94276685977248,30.19605937585698
2015-05-12,2015-05-11,002423,14.01560038214202,13.97000636658528,14.1432636257009
2015-05-12,2015-05-11,002427,11.58445249160607,11.54836385456057,11.90925022501559
2015-05-12,2015-05-11,002487,13.88802578838649,13.70220009121794,14.10319238510797
2015-05-12,2015-05-11,002494,,,
2015-05-12,2015-05-11,002538,11.60842040127829,11.84713125492224,11.79408439855692
2015-05-12,2015-05-11,002548,,8.961858753767102,8.961858753767102
2015-05-12,2015-05-11,002563,9.29407219873886,9.361523448462329,9.421874566635957
2015-05-12,2015-05-11,002580,12.20076899370863,12.31667629914886,12.48748706506078
2015-05-12,2015-05-11,002615,7.575151298094308,7.781558690412955,7.872377943033158
2015-05-12,2015-05-11,300008,,,
2015-05-12,2015-05-11,300238,37.77858889014188,38.22596691647252,38.30550078782018
2015-05-12,2015-05-11,300281,12.83265439771381,,
2015-05-12,2015-05-11,300283,13.31993564146455,13.63288567121996,13.94583570097537
2015-05-12,2015-05-11,300285,,,
2015-05-12,2015-05-11,600184,25.84619072949871,25.76780955973526,25.66983309753094
2015-05-12,2015-05-11,600390,10.82187210771104,10.77413858234622,10.76050043224198
2015-05-12,2015-05-11,600410,26.34920207069931,26.86695059784529,26.4191680878812
2015-05-12,2015-05-11,600673,8.198943121552773,8.162052488834876,8.42028691786016
2015-05-12,2015-05-11,600742,9.147995262691072,9.114353413068727,9.204927623590422
2015-05-12,2015-05-11,600960,11.1149841008557,11.0756390243925,11.15432917731891
2015-05-12,2015-05-11,600976,32.52520673608193,32.42501707657566,32.39769262398304
2015-05-13,2015-05-12,000151,24.32496903929326,24.11592633661184,24.42949039063398
2015-05-13,2015-05-12,000518,,,
2015-05-13,2015-05-12,000559,13.05112088239737,12.90409036218481,12.8521972374039
2015-05-13,2015-05-12,000753,7.430364844844951,7.342373682208629,7.625900761814556
2015-05-13,2015-05-12,000880,8.992649382862959,8.925077815803249,8.913815887959965
2015-05-13,2015-05-12,000962,14.46477765964032,14.32616924948634,14.33606985021163
2015-05-13,2015-05-12,002066,15.22194713495377,14.99356828035237,15.02335682660473
2015-05-13,2015-05-12,002138,16.83549344056958,16.5772216661972,16.59635290874331
2015-05-13,2015-05-12,002154,,8.225821204180228,8.111573687455502
2015-05-13,2015-05-12,002162,8.492307692307691,8.930769230769229,8.769230769230768
2015-05-13,2015-05-12,002205,14.49421809538255,14.2405847441616,14.61175550204591
2015-05-13,2015-05-12,002210,10.33921110577106,10.00828479875244,9.972508981777452
2015-05-13,2015-05-12,002216,13.9591955495081,13.70055105431286,14.37759105644158
2015-05-13,2015-05-12,002240,15.9279625310468,15.7731342196879,15.75378068076804
2015-05-13,2015-05-12,002334,13.76810045406711,13.36087494767921,13.54509601009278
2015-05-13,2015-05-12,002338,31.67855324702309,31.21039728770748,32.62461841480673
2015-05-13,2015-05-12,002423,14.19797644436899,14.10678841325551,14.19797644436899
2015-05-13,2015-05-12,002427,12.42351330291399,12.10773772876585,11.99947181762935
2015-05-13,2015-05-12,002487,14.1325332846609,13.73154099077087,13.9271469877904
2015-05-13,2015-05-12,002494,,,
2015-05-13,2015-05-12,002538,12.17425353584174,12.32455296221015,12.55442267312655
2015-05-13,2015-05-12,002548,8.961858753767102,9.856540961567676,9.856540961567676
2015-05-13,2015-05-12,002563,10.12123752429507,9.904683512024988,9.897583380475149
2015-05-13,2015-05-12,002580,12.43868398908595,12.13976514874008,12.32277668364571
2015-05-13,2015-05-12,002615,7.802199429644818,7.711380177024615,8.029247561195328
2015-05-13,2015-05-12,300008,,,
2015-05-13,2015-05-12,300238,39.96577035220273,39.07101429954147,39.17043163872606
2015-05-13,2015-05-12,300281,,,
2015-05-13,2015-05-12,300283,13.6915638017991,13.05588405385842,13.00698561170914
2015-05-13,2015-05-12,300285,,,
2015-05-13,2015-05-12,600184,27.14927767681612,26.65939536579454,27.15907532303655
2015-05-13,2015-05-12,600390,10.89006285823222,10.78095765739834,10.78095765739834
2015-05-13,2015-05-12,600410,25.85943995042609,25.57257927998034,25.26472880438003
2015-05-13,2015-05-12,600673,8.328060336065414,8.272724386988569,8.48484552511648
2015-05-13,2015-05-12,600742,9.06000888675571,8.979786014579355,9.101414240137059
2015-05-13,2015-05-12,600960,11.25269186847692,11.01662140969769,11.1248203699715
2015-05-13,2015-05-12,600976,33.97340272349079,33.24475065435426,33.15366914571219
2015-05-14,2015-05-13,000151,23.62182540300119,23.327265231041,23.40328075928879
2015-05-14,2015-05-13,000518,,,
2015-05-14,2015-05-13,000559,13.21544911087023,13.30193765217174,13.25004452739083
2015-05-14,2015-05-13,000753,7.752999107844798,7.977865412359844,8.016972595753764
2015-05-14,2015-05-13,000880,9.071482877765952,9.105268661295808,9.105268661295808
2015-05-14,2015-05-13,000962,14.67269027487129,14.62318727124487,14.58358486834374
2015-05-14,2015-05-13,002066,15.4205374433028,15.88722466792304,15.8971541833405
2015-05-14,2015-05-13,002138,17.0841995936689,17.32334012549518,17.65813687005196
2015-05-14,2015-05-13,002154,8.103957186340521,8.301986215330045,8.560947253239421
2015-05-14,2015-05-13,002162,8.823076923076922,8.684615384615384,8.576923076923077
2015-05-14,2015-05-13,002205,15.44688970728562,15.47782060377599,15.51493767956442
2015-05-14,2015-05-13,002210,10.1156122496774,9.990396890264945,10.28554738030858
2015-05-14,2015-05-13,002216,14.36237667437128,14.1417681343518,14.00483869571903
2015-05-14,2015-05-13,002240,15.83119483644749,15.91828576158687,16.14085145916529
2015-05-14,2015-05-13,002334,14.33045948669802,14.3498511774784,14.25289272357651
2015-05-14,2015-05-13,002338,31.30792977923156,32.08818971142425,31.45422851651769
2015-05-14,2015-05-13,002423,14.17973883814629,14.30740208170516,14.27092686925977
2015-05-14,2015-05-13,002427,12.07164909172035,12.57689001035737,12.40546898439124
2015-05-14,2015-05-13,002487,14.04451058600212,14.2987983821275,14.1325332846609
2015-05-14,2015-05-13,002494,,,
2015-05-14,2015-05-13,002538,12.49253467403368,12.64283410040209,12.4306466749408
2015-05-14,2015-05-13,002548,9.856540961567676,10.84143744504485,10.84143744504485
2015-05-14,2015-05-13,002563,9.780431209902812,9.759130815253295,9.656178907780633
2015-05-14,2015-05-13,002580,12.4447843735828,12.42648322009224,12.78640590540664
2015-05-14,2015-05-13,002615,8.55352233768469,8.966337122321981,8.999362305092966
2015-05-14,2015-05-13,300008,,,
2015-05-14,2015-05-13,300238,38.27567558606481,38.0370739720218,38.76282054806927
2015-05-14,2015-05-13,300281,,,
2015-05-14,2015-05-13,300283,13.22213875716598,13.06566374228828,13.33949501832426
2015-05-14,2015-05-13,300285,,,
2015-05-14,2015-05-13,600184,26.73777653555799,27.13948003059569,26.93372945996662
2015-05-14,2015-05-13,600390,11.33330273661988,11.44922701250589,11.37421718693259
2015-05-14,2015-05-13,600410,25.30670841468917,25.411657440462,25.21575259235271
2015-05-14,2015-05-13,600673,8.881419826833882,8.890642485013357,8.724634637782817
2015-05-14,2015-05-13,600742,9.041894044651372,9.000488691270027,9.088475067205387
2015-05-14,2015-05-13,600960,12.04942966685685,11.91172189923562,11.87237682277242
2015-05-14,2015-05-13,600976,34.60186513312105,35.52178837040592,35.13924603410924
2015-05-15,2015-05-14,000518,,,
2015-05-15,2015-05-14,000753,8.525365979874735,8.82844665117762,8.701348305147379
2015-05-15,2015-05-14,000880,9.330507218161506,9.234780831493582,9.234780831493582
2015-05-15,2015-05-14,000922,11.72350604777525,11.56361098438497,11.38452851338786
2015-05-15,2015-05-14,002066,15.74821145207872,15.78792951374852,15.98651982209756
2015-05-15,2015-05-14,002154,8.91130630452858,9.162650841322975,8.78182578557389
2015-05-15,2015-05-14,002191,13.28289145671366,13.20184330545236,12.96770420180859
2015-05-15,2015-05-14,002216,14.92530881097269,14.48409173093374,14.61341397853137
2015-05-15,2015-05-14,002334,14.39833040442934,14.25289272357651,14.10745504272369
2015-05-15,2015-05-14,002402,10.23701045894491,10.48527444885491,10.28355995705303
2015-05-15,2015-05-14,002434,7.509557560796703,7.245684858487603,7.20242703843693
2015-05-15,2015-05-14,002494,,14.82087283811901,14.80095231011079
2015-05-15,2015-05-14,002495,8.411299919129432,8.354418770056705,8.325978195520342
2015-05-15,2015-05-14,002540,11.921625594883,12.1744621274223,12.83336945464591
2015-05-15,2015-05-14,002563,9.418324500861038,9.301172330288699,9.18757022549128
2015-05-15,2015-05-14,002580,13.1524289752179,12.92671474883429,12.7254020604381
2015-05-15,2015-05-14,002588,13.34611540296521,12.96028815084269,13.04797616268872
2015-05-15,2015-05-14,002615,8.615444555380284,8.388396423829773,8.462703085064486
2015-05-15,2015-05-14,002702,13.91967638979823,14.13311527352079,13.90813915284026
2015-05-15,2015-05-14,002725,15.95279130229443,16.01391310805034,16.11170799725981
2015-05-15,2015-05-14,300008,,,
2015-05-15,2015-05-14,300019,16.11396422145292,15.91993695810009,15.58038924723263
2015-05-15,2015-05-14,300107,7.960314673347733,7.833423366121148,7.76574800226697
2015-05-15,2015-05-14,300139,26.53438167856751,26.04540661190718,25.86578311803196
2015-05-15,2015-05-14,300150,15.66788677893122,15.34574331244852,15.10169523177981
2015-05-15,2015-05-14,300172,10.68888113776542,10.54837002421733,10.43295018094568
2015-05-15,2015-05-14,300238,37.50022034042505,37.75870542230496,39.26984897791064
2015-05-15,2015-05-14,300281,,,
2015-05-15,2015-05-14,300285,,,
2015-05-15,2015-05-14,300306,22.68943900065509,22.07407258064507,21.88946265464207
2015-05-15,2015-05-14,300328,13.36306090845465,13.19996415204552,12.94263371415556
2015-05-15,2015-05-14,300375,8.667892569591869,8.556495548030599,8.436066335531926
2015-05-15,2015-05-14,600064,6.579768102843519,6.519021944459639,6.455078619845027
2015-05-15,2015-05-14,600673,8.687744005064918,8.586294765090701,8.512513499654904
2015-05-15,2015-05-14,600960,11.7543415933828,11.65597890222478,11.80352293896181
2015-05-15,2015-05-14,601058,4.241074374503828,4.257689749134597,4.199535937926905
2015-05-18,2015-05-15,000518,,,
2015-05-18,2015-05-15,000753,8.701348305147379,9.004428976450265,9.141304118328986
2015-05-18,2015-05-15,000880,9.037697094236099,9.037697094236099,9.009542274627886
2015-05-18,2015-05-15,000922,11.24382085760441,10.98798875617997,11.05834258407169
2015-05-18,2015-05-15,002066,16.03616739918482,16.05602643001973,15.98651982209756
2015-05-18,2015-05-15,002154,9.520626393727115,9.406378877002389,9.528242894842096
2015-05-18,2015-05-15,002191,12.81461324942613,12.72455974802468,12.88665605054729
2015-05-18,2015-05-15,002216,14.30151914609004,14.59059240542591,14.43084139368766
2015-05-18,2015-05-15,002334,13.84566721718861,13.63235861860448,14.08806335194332
2015-05-18,2015-05-15,002402,11.26109941732364,12.02916613610768,11.74211089777425
2015-05-18,2015-05-15,002434,7.245684858487603,7.384109882649755,7.513883342801772
2015-05-18,2015-05-15,002494,14.82087283811901,16.0360250466207,15.43840920637397
2015-05-18,2015-05-15,002495,8.070013024693072,8.21221589737489,8.176665179204434
2015-05-18,2015-05-15,002540,12.28938782403106,11.95993416041926,11.89864045556125
2015-05-18,2015-05-15,002563,9.904683512024988,9.808831736102166,9.872732920050714
2015-05-18,2015-05-15,002580,13.40864512408578,13.48795012254489,13.42084589307949
2015-05-18,2015-05-15,002588,12.92082854551198,12.56130769694327,12.75860572359683
2015-05-18,2015-05-15,002615,8.945696383090118,9.329614132802799,9.742428917440092
2015-05-18,2015-05-15,002702,14.70420850294061,14.60614198879781,15.17146659973865
2015-05-18,2015-05-15,002725,16.46010229006854,16.35008303970789,16.64957988791188
2015-05-18,2015-05-15,300008,,,
2015-05-18,2015-05-15,300019,15.75501378425018,15.73561105791489,15.99754786344122
2015-05-18,2015-05-15,300107,7.714991479376335,7.841882786602921,7.909558150457099
2015-05-18,2015-05-15,300139,25.55643154524686,25.67618054116367,26.29488368673388
2015-05-18,2015-05-15,300150,14.96502830660534,15.29693369631478,15.39455292858226
2015-05-18,2015-05-15,300172,10.43796843500097,10.59855256477022,10.6035708188255
2015-05-18,2015-05-15,300238,41.24825402768386,43.65415363595079,42.84887318855566
2015-05-18,2015-05-15,300281,,,
2015-05-18,2015-05-15,300285,,,
2015-05-18,2015-05-15,300306,22.06528163178779,22.23230966007622,22.58394761436766
2015-05-18,2015-05-15,300328,12.8302781708515,12.60919145660801,12.88464375632121
2015-05-18,2015-05-15,300375,8.43305560521946,8.514345323656064,8.571549199592932
2015-05-18,2015-05-15,600064,6.394332461461146,6.36236079915384,6.320797638154343
2015-05-18,2015-05-15,600673,8.401841601501211,8.281947045168044,8.374173626962788
2015-05-18,2015-05-15,600960,11.52810740371937,11.37072709786654,11.7740141316144
2015-05-18,2015-05-15,601058,4.187074406953828,4.174612875980752,4.191228250611521
2015-05-19,2015-05-18,000518,,,
2015-05-19,2015-05-18,000753,9.571483135662115,10.16786768241941,10.52960912881317
2015-05-19,2015-05-18,000880,9.347400109926433,9.381185893456287,9.521959991497347
2015-05-19,2015-05-18,000922,11.34615369817419,11.34615369817419,11.39092431592347
2015-05-19,2015-05-18,002066,16.41348898504799,16.9496828175904,18.05185902892756
2015-05-19,2015-05-18,002154,10.09186397735074,10.09948047846572,10.12232998181067
2015-05-19,2015-05-18,002191,12.868645350267,12.84162929984656,12.76058114858526
2015-05-19,2015-05-18,002216,15.59474162206627,,
2015-05-19,2015-05-18,002334,14.31106779591764,14.38863455903915,14.21410934201576
2015-05-19,2015-05-18,002402,12.3860456216033,13.08428809322515,13.19290358881078
2015-05-19,2015-05-18,002434,7.695566187014594,7.829665429171679,7.87292324922235
2015-05-19,2015-05-18,002494,15.83681976653846,15.98622372660014,15.55793237442331
2015-05-19,2015-05-18,002495,8.098453599229437,8.091343455595347,8.020242019254436
2015-05-19,2015-05-18,002540,12.00590443906277,11.88331702934675,12.09018328324253
2015-05-19,2015-05-18,002563,10.72829877180628,10.65019732475805,10.72119864025644
2015-05-19,2015-05-18,002580,14.27489972263909,14.12239011021774,13.87227434584671
2015-05-19,2015-05-18,002588,13.27596499348839,13.51272262547266,13.28473379467299
2015-05-19,2015-05-18,002615,9.304845245724561,9.630968925588022,9.370895611266528
2015-05-19,2015-05-18,002702,14.38693448659627,14.33501692028537,14.30617382789043
2015-05-19,2015-05-18,002725,17.09576906993008,16.93685237496469,16.74737477712135
2015-05-19,2015-05-18,300008,,,
2015-05-19,2015-05-18,300019,16.2012764899617,17.15201008039059,16.51172011132623
2015-05-19,2015-05-18,300107,8.476339322735843,8.840094403452051,8.535555266108249
2015-05-19,2015-05-18,300139,26.16515560782399,26.1950928568032,25.9156785329973
2015-05-19,2015-05-18,300150,16.30241178866987,16.7124125641933,15.94122062928018
2015-05-19,2015-05-18,300172,11.39143670550587,11.50183829472222,11.20576130546018
2015-05-19,2015-05-18,300238,44.62844355995972,43.99217258917838,43.23660081137555
2015-05-19,2015-05-18,300281,,,
2015-05-19,2015-05-18,300285,,,
2015-05-19,2015-05-18,300306,23.57732483524097,24.35092833468214,23.95533563610427
2015-05-19,2015-05-18,300328,13.54065515432237,13.76899061329515,13.49353831358195
2015-05-19,2015-05-18,300375,9.002083634275682,9.092405543649685,8.818429085215207
2015-05-19,2015-05-18,600064,6.429501289999182,6.461472952306488,6.451881453614297
2015-05-19,2015-05-18,600673,8.411064259680684,8.438732234219108,8.374173626962788
2015-05-19,2015-05-18,600960,12.23631878005707,12.24615504917287,12.14779235801486
2015-05-19,2015-05-18,601058,4.157997501349982,4.187074406953828,4.162151345007675
2015-05-20,2015-05-19,000518,,,
2015-05-20,2015-05-19,000753,10.21675166166181,9.913670990358924,10.43184117032837
2015-05-20,2015-05-19,000880,9.797877223657826,9.702150836989905,9.882341682482464
2015-05-20,2015-05-19,000922,11.90258851877236,11.99212975427092,12.2671492633022
2015-05-20,2015-05-19,002066,18.05185902892756,18.87600880857607,18.73699559273174
2015-05-20,2015-05-19,002154,10.03854846954587,10.03093196843089,9.985232961740998
2015-05-20,2015-05-19,002191,13.20184330545236,13.37294495811511,13.60708406175888
2015-05-20,2015-05-19,002216,,,
2015-05-20,2015-05-19,002334,15.30004402571683,15.95936151224962,16.48293716331978
2015-05-20,2015-05-19,002402,12.4481116190808,12.4131994954997,12.3239796241258
2015-05-20,2015-05-19,002434,7.695566187014594,7.87292324922235,7.916181069273024
2015-05-20,2015-05-19,002494,16.47427666280164,17.12169382306894,17.53006464723754
2015-05-20,2015-05-19,002495,8.233546328277162,8.233546328277162,8.525062217274884
2015-05-20,2015-05-19,002540,12.28938782403106,12.37366666821083,12.41197523374708
2015-05-20,2015-05-19,002563,10.60759653545902,10.64664725898313,10.47979416756192
2015-05-20,2015-05-19,002580,14.10408895672717,14.51891510251327,14.34810433660135
2015-05-20,2015-05-19,002588,13.35049980355751,13.20143018341926,13.56533543258027
2015-05-20,2015-05-19,002615,10.23367851115847,9.907554831295007,10.05204000591806
2015-05-20,2015-05-19,002702,14.65805955510871,14.66959679206668,14.57729889640287
2015-05-20,2015-05-19,002725,17.01631072244739,16.73515041597017,16.84516966633082
2015-05-20,2015-05-19,300008,,,
2015-05-20,2015-05-19,300019,16.48261602182331,16.6669419220085,16.74455282734964
2015-05-20,2015-05-19,300107,8.780878460079647,8.68782483478015,9.093877017905221
2015-05-20,2015-05-19,300139,26.26494643775468,26.56431892754672,26.99341949624863
2015-05-20,2015-05-19,300150,16.62455525515257,16.79050795000729,17.53241411524017
2015-05-20,2015-05-19,300172,11.34125416495298,11.44663750011404,11.71762321909965
2015-05-20,2015-05-19,300238,42.94829052774025,43.65415363595079,43.65415363595079
2015-05-20,2015-05-19,300281,,,
2015-05-20,2015-05-19,300285,,,
2015-05-20,2015-05-19,300306,24.83443052183287,26.28493708328505,26.92667634986693
2015-05-20,2015-05-19,300328,13.46091896230013,13.46091896230013,13.79436121984768
2015-05-20,2015-05-19,300375,8.971976331151014,8.971976331151014,9.035201667712817
2015-05-20,2015-05-19,600064,6.675683089765436,6.768400910456624,6.777992409148815
2015-05-20,2015-05-19,600673,8.429509576039635,8.438732234219108,8.411064259680684
2015-05-20,2015-05-19,600960,12.03959339774104,12.17730116536226,12.17730116536226
2015-05-20,2015-05-19,601058,4.216151312557675,4.253535905476905,4.253535905476905
2015-05-21,2015-05-20,000518,,,
2015-05-21,2015-05-20,000753,10.10920690732853,10.04076933638916,10.20697486581333
2015-05-21,2015-05-20,000880,10.32155686837057,10.22583048170265,10.16388987856458
2015-05-21,2015-05-20,000922,11.83223469088064,12.06887938469825,11.92817172891481
2015-05-21,2015-05-20,002066,17.88305726683088,17.96249339017049,17.94263435933559
2015-05-21,2015-05-20,002154,9.977616460626017,9.909067950591181,9.9014514494762
2015-05-21,2015-05-20,002191,13.490014509937,13.67012151273989,13.9132659665238
2015-05-21,2015-05-20,002216,,,
2015-05-21,2015-05-20,002334,15.79453214061642,16.0563199661515,16.25023687395527
2015-05-21,2015-05-20,002402,13.69331069347311,14.03467367959935,14.42258616383372
2015-05-21,2015-05-20,002434,8.089212349475712,8.175727989577057,8.305501449729073
2015-05-21,2015-05-20,002494,18.11772022348016,18.8049784397639,19.46235586403531
2015-05-21,2015-05-20,002495,8.788137531736245,8.766807100833972,8.773917244468063
2015-05-21,2015-05-20,002540,12.90998658571842,13.23944024933022,13.30839566729549
2015-05-21,2015-05-20,002563,10.61114660123394,10.57919600925967,10.70699837715676
2015-05-21,2015-05-20,002580,14.03698472726178,14.08578780323661,14.2077954931737
2015-05-21,2015-05-20,002588,13.96431588647969,14.51675036110966,15.03849403159352
2015-05-21,2015-05-20,002615,10.58044293025379,10.45659849486261,10.72905625272322
2015-05-21,2015-05-20,002702,16.00791627919192,16.24442963683043,16.51555470534286
2015-05-21,2015-05-20,002725,16.99186200014502,16.60068244330715,16.90017929151114
2015-05-21,2015-05-20,300008,,,
2015-05-21,2015-05-20,300019,16.85126782219369,16.90947600119954,17.2005168962288
2015-05-21,2015-05-20,300107,9.389956734767251,9.779090076928778,9.796008917892321
2015-05-21,2015-05-20,300139,27.74185072072872,27.93145329759701,28.42042836425734
2015-05-21,2015-05-20,300150,17.3762233436122,17.92289104431011,18.586701823729
2015-05-21,2015-05-20,300172,11.64234940827031,11.82300655426071,11.99864544619583
2015-05-21,2015-05-20,300238,44.71791916522584,43.54479456284775,44.83721997224735
2015-05-21,2015-05-20,300281,,,
2015-05-21,2015-05-20,300285,,,
2015-05-21,2015-05-20,300306,26.46075606043077,26.61020219100463,25.84538964042075
2015-05-21,2015-05-20,300328,13.76174186856586,13.99007732753864,14.02632105118511
2015-05-21,2015-05-20,300375,8.950901218963747,8.999072903963215,8.860579309589744
2015-05-21,2015-05-20,600064,6.934653554454614,7.08492036729895,7.08492036729895
2015-05-21,2015-05-20,600673,8.50329084147543,8.429509576039635,8.475622866937005
2015-05-21,2015-05-20,600960,12.08877474332005,12.09861101243585,12.18713743447807
2015-05-21,2015-05-20,601058,4.336612778630751,4.361535840576904,4.361535840576904
2015-05-22,2015-05-21,000518,,,
2015-05-22,2015-05-21,000631,4.57254435063248,4.582901189478759,4.670934319672137
2015-05-22,2015-05-21,002154,9.8176699372114,9.939533955051109,9.863368943901291
2015-05-22,2015-05-21,002208,13.52954555958741,13.88702123715824,13.7961375903182
2015-05-22,2015-05-21,002214,15.31927756513558,16.52762714544537,15.9761655920154
2015-05-22,2015-05-21,002216,,,
2015-05-22,2015-05-21,002245,7.786180993487096,7.904652048333054,7.838834795640855
2015-05-22,2015-05-21,002269,11.86,,
2015-05-22,2015-05-21,002378,13.10798988881778,13.13715115664607,12.90386101401972
2015-05-22,2015-05-21,002404,11.34126012193151,11.31528777050724,11.38454737430529
2015-05-22,2015-05-21,002436,8.535249549570079,8.71239623833474,8.573899736209642
2015-05-22,2015-05-21,002540,14.20481610084389,14.90203199360375,14.61854860863545
2015-05-22,2015-05-21,002563,10.8596512054783,10.86320127125321,10.74959916645579
2015-05-22,2015-05-21,002580,14.50671433351956,14.6348224079535,14.34810433660135
2015-05-22,2015-05-21,002603,19.19023206431031,19.24328039068021,18.84541794290598
2015-05-22,2015-05-21,002632,21.26344451656186,22.22732086041539,21.24682595890921
2015-05-22,2015-05-21,002658,24.47071721136431,24.9376843627027,24.33144630657918
2015-05-22,2015-05-21,002725,17.10188125050567,17.32803193180257,17.2241248620175
2015-05-22,2015-05-21,300008,,,
2015-05-22,2015-05-21,300139,30.19670513702343,31.1347389383718,30.48609854382239
2015-05-22,2015-05-21,300150,19.11384567797341,19.8167041502993,19.55313222317709
2015-05-22,2015-05-21,300172,12.54061688416703,12.94709546264543,12.59581767877521
2015-05-22,2015-05-21,300209,42.47910237762368,43.39284505210144,42.87638180130966
2015-05-22,2015-05-21,300281,,,
2015-05-22,2015-05-21,300285,,,
2015-05-22,2015-05-21,300306,27.24315050872922,27.24315050872922,26.55745649786092
2015-05-22,2015-05-21,300328,14.52286006514179,14.75481989647922,14.35613893636802
2015-05-22,2015-05-21,300375,9.122512846774354,9.218856216773291,9.056276779900085
2015-05-22,2015-05-21,600251,14.08100314504997,13.94774444020722,14.12542271333088
2015-05-22,2015-05-21,600673,8.890642485013357,9.075095648602845,9.277994128551283
2015-05-22,2015-05-21,600960,12.62976954468913,13.22978196075302,12.87567627258417
2015-05-22,2015-05-21,601058,4.606612616380749,4.739535613426903,4.714612551480749
2015-05-25,2015-05-22,000518,,,
2015-05-25,2015-05-22,000631,4.541473834093641,4.494868059285382,4.515581736977943
2015-05-25,2015-05-22,002154,9.680572917141731,9.520626393727115,9.62725740933686
2015-05-25,2015-05-22,002208,14.53532458461719,14.37173402030512,14.3353805615691
2015-05-25,2015-05-22,002214,15.55445969821601,15.01110787351295,15.06787597460132
2015-05-25,2015-05-22,002216,,,
2015-05-25,2015-05-22,002245,7.819089619833195,,
2015-05-25,2015-05-22,002269,,,
2015-05-25,2015-05-22,002378,13.34857034840119,13.2100543262168,13.15902210751729
2015-05-25,2015-05-22,002404,11.13348131053734,10.80449819249658,10.86510034581988
2015-05-25,2015-05-22,002436,8.287244185299551,7.923288261110337,8.052122216575546
2015-05-25,2015-05-22,002540,14.21247781395114,13.83705387169582,13.83705387169582
2015-05-25,2015-05-22,002563,10.60049640390918,10.34489166811499,10.34844173388991
2015-05-25,2015-05-22,002580,14.03088434276492,13.69536319543793,13.6465601194631
2015-05-25,2015-05-22,002603,18.60006943344521,18.16242074089356,18.20220698567098
2015-05-25,2015-05-22,002632,22.7258775899948,22.11099095684686,22.06944456271524
2015-05-25,2015-05-22,002658,23.99555765386209,23.15993222515129,23.34016516075558
2015-05-25,2015-05-22,002725,17.27302230662224,17.2241248620175,17.35859283468052
2015-05-25,2015-05-22,300008,,,
2015-05-25,2015-05-22,300139,29.1788386717305,28.41044928126427,27.79174613569406
2015-05-25,2015-05-22,300150,18.54765413082201,17.83503373526937,17.66908104041465
2015-05-25,2015-05-22,300172,12.31981370573432,11.80293353803956,11.72765972721022
2015-05-25,2015-05-22,300209,41.9229111844633,40.42318136004872,40.47284128800947
2015-05-25,2015-05-22,300281,,,
2015-05-25,2015-05-22,300285,,,
2015-05-25,2015-05-22,300306,25.91571723127904,24.59707490268615,24.71135723783086
2015-05-25,2015-05-22,300328,14.01544793409117,13.66388381472038,13.47541645175872
2015-05-25,2015-05-22,300375,9.002083634275682,8.794343242715474,8.824450545840142
2015-05-25,2015-05-22,600251,13.90332487192631,13.5923878939599,13.90332487192631
2015-05-25,2015-05-22,600673,9.287216786730756,9.619232481191837,9.600787164832887
2015-05-25,2015-05-22,600960,12.75764104319455,12.49206177706791,12.61993327557333
2015-05-25,2015-05-22,601058,4.722920238796133,4.619074147353826,4.677227958561518
2015-05-26,2015-05-25,000518,,,
2015-05-26,2015-05-25,000631,4.645042222556438,4.665755900248997,4.660577480825857
2015-05-26,2015-05-25,002154,9.992849462855979,9.9014514494762,9.977616460626017
2015-05-26,2015-05-25,002208,15.79557782079909,15.78951891100976,15.76528327185241
2015-05-26,2015-05-25,002214,16.41409094326861,16.75469954979889,16.75469954979889
2015-05-26,2015-05-25,002216,,,
2015-05-26,2015-05-25,002245,,,
2015-05-26,2015-05-25,002269,,,
2015-05-26,2015-05-25,002378,13.8661828523534,14.1650858475934,13.87347316931047
2015-05-26,2015-05-25,002404,11.15079621148686,11.16811111243637,11.18542601338589
2015-05-26,2015-05-25,002436,8.28402333641292,8.406415594104869,8.374207105238566
2015-05-26,2015-05-25,002540,14.03625841248436,14.10521383044962,14.52660805134844
2015-05-26,2015-05-25,002563,10.60759653545902,10.66084752208281,10.60759653545902
2015-05-26,2015-05-25,002580,13.88447511484042,13.9942820357838,14.09188818773347
2015-05-26,2015-05-25,002603,18.69290400459253,18.60670047424144,18.77910753494361
2015-05-26,2015-05-25,002632,23.2244343195742,23.26598071370582,23.15796008896362
2015-05-26,2015-05-25,002658,24.07748171550041,24.06109690317275,23.92182599838761
2015-05-26,2015-05-25,002725,17.78644547497194,17.62141659943097,17.92702562821055
2015-05-26,2015-05-25,300008,,,
2015-05-26,2015-05-25,300139,28.38051203228507,28.72977993704244,29.53808565948095
2015-05-26,2015-05-25,300150,18.07908181593808,18.38170143596728,18.77217836503722
2015-05-26,2015-05-25,300172,12.10904703541218,12.08395576513574,12.3750145003425
2015-05-26,2015-05-25,300209,40.8601887261033,40.52250121597021,41.21774020742068
2015-05-26,2015-05-25,300281,,,
2015-05-26,2015-05-25,300285,,,
2015-05-26,2015-05-25,300306,28.5090471441784,29.28265064361957,29.60791575133915
2015-05-26,2015-05-25,300328,13.73274688964868,13.88859490132851,14.05531603010229
2015-05-26,2015-05-25,300375,9.032190937400349,9.270038632085226,9.814980818641715
2015-05-26,2015-05-25,600251,14.05435140408142,13.92997661289485,13.99216400848814
2015-05-26,2015-05-25,600673,9.471669950320244,9.573119190294465,9.471669950320244
2015-05-26,2015-05-25,600960,12.76747731231035,12.93469388727898,12.95436642551058
2015-05-26,2015-05-25,601058,4.739535613426903,4.785227893661518,4.739535613426903
2015-05-27,2015-05-26,000518,,,
2015-05-27,2015-05-26,000631,4.800394805250633,4.831465321789472,4.821108482943193
2015-05-27,2015-05-26,002154,10.99061110891858,11.04392661672345,10.92967909999873
2015-05-27,2015-05-26,002208,16.22576041584195,16.17728913752726,15.9652272949005
2015-05-27,2015-05-26,002214,17.11152761378299,16.89256493815638,16.81146765088727
2015-05-27,2015-05-26,002216,,,
2015-05-27,2015-05-26,002245,,,
2015-05-27,2015-05-26,002269,,,
2015-05-27,2015-05-26,002378,14.34734377152024,14.14321489672218,14.15050521367926
2015-05-27,2015-05-26,002404,11.63561343807324,11.47112187905286,11.2633430676587
2015-05-27,2015-05-26,002436,8.641537562828875,8.693071145014958,8.599666527302682
2015-05-27,2015-05-26,002540,14.48829948581218,14.30441837123815,14.18949267462938
2015-05-27,2015-05-26,002563,10.88095160012781,11.36021047974192,11.09040548084805
2015-05-27,2015-05-26,002580,14.47011202653843,14.39690741257618,14.57991894748181
2015-05-27,2015-05-26,002603,19.76713261358294,19.40905641058614,19.48199785934474
2015-05-27,2015-05-26,002632,23.681444655022,23.34907350196906,23.14134153131097
2015-05-27,2015-05-26,002658,25.39645910787726,25.30634264007512,25.76511738524967
2015-05-27,2015-05-26,002725,18.58714113037446,18.82551617282254,18.54435586634532
2015-05-27,2015-05-26,300008,,,
2015-05-27,2015-05-26,300139,29.93724897920366,29.72768823634923,29.2087759207097
2015-05-27,2015-05-26,300150,19.03575029215943,18.83074990439771,18.87955952053145
2015-05-27,2015-05-26,300172,12.52054386794587,12.59079942471992,12.83167561937379
2015-05-27,2015-05-26,300209,43.0849534987448,42.98563364282331,42.26059869459639
2015-05-27,2015-05-26,300281,,,
2015-05-27,2015-05-26,300285,,,
2015-05-27,2015-05-26,300306,29.87164421705772,28.93980363818542,28.72882086561055
2015-05-27,2015-05-26,300328,15.10638401585001,16.03784771356437,16.11395953322197
2015-05-27,2015-05-26,300375,9.935410031140385,10.38099811738547,10.34486935363587
2015-05-27,2015-05-26,600251,14.48966317323438,14.55185056882766,15.00493016529299
2015-05-27,2015-05-26,600673,9.573119190294465,9.471669950320244,9.425556659422874
2015-05-27,2015-05-26,600960,14.04619229736455,14.50849694580722,14.29209902525959
2015-05-27,2015-05-26,601058,4.855843235842286,4.822612486580748,5.017843138492286
2015-05-28,2015-05-27,000518,,,
2015-05-28,2015-05-27,000631,4.790037966404354,4.945390549098549,4.976461065637388
2015-05-28,2015-05-27,002154,10.94491210222869,10.80781508215902,10.73926657212419
2015-05-28,2015-05-27,002208,16.06216985152988,15.92887383616449,16.31664406268199
2015-05-28,2015-05-27,002214,16.70604117743742,16.43031040072244,17.16018598614446
2015-05-28,2015-05-27,002216,,,
2015-05-28,2015-05-27,002245,,,
2015-05-28,2015-05-27,002269,,,
2015-05-28,2015-05-27,002378,15.78353621206367,15.59398797117977,16.25740681427344
2015-05-28,2015-05-27,002404,11.40186227525481,11.25468561718394,11.87802205136644
2015-05-28,2015-05-27,002436,9.321136677907852,9.024818580337872,8.973284998151788
2015-05-28,2015-05-27,002540,14.08989040423512,13.70680474887255,13.74511331440881
2015-05-28,2015-05-27,002563,11.69746672835926,11.64421574173547,11.75071771498305
2015-05-28,2015-05-27,002580,15.14115432119241,14.85443624984026,15.0618493227333
2015-05-28,2015-05-27,002603,20.07879153100609,19.76050157278671,19.89975342950769
2015-05-28,2015-05-27,002632,23.116413694832,22.92530028182656,22.65109408055789
2015-05-28,2015-05-27,002658,27.93610501866499,28.03441389263096,28.90280894599709
2015-05-28,2015-05-27,002725,20.44524402535435,21.27038840305923,21.23371531960568
2015-05-28,2015-05-27,300008,,,
2015-05-28,2015-05-27,300139,29.61791832342549,28.98923609486221,29.1788386717305
2015-05-28,2015-05-27,300150,18.77217836503722,18.54765413082201,18.73313067213023
2015-05-28,2015-05-27,300172,13.28331848434979,12.97218673292188,12.95211371670072
2015-05-28,2015-05-27,300209,41.81365934294966,40.59202511511526,40.96944056761694
2015-05-28,2015-05-27,300281,,,
2015-05-28,2015-05-27,300285,,,
2015-05-28,2015-05-27,300306,29.70461618876929,31.11995895479233,31.33973267622448
2015-05-28,2015-05-27,300328,16.38941183293516,15.69353233892287,15.91461905316636
2015-05-28,2015-05-27,300375,10.92895103425442,11.32937816581251,11.67862288205865
2015-05-28,2015-05-27,600251,15.38693845250886,15.05823364723009,15.36917062519649
2015-05-28,2015-05-27,600673,9.462447292140771,9.39788868488445,9.370220710346027
2015-05-28,2015-05-27,600960,14.22324514144898,14.02651975913295,14.48882440757562
2015-05-28,2015-05-27,601058,5.333535256476901,5.192304572115362,5.171535353826901
2015-05-29,2015-05-28,000518,,,
2015-05-29,2015-05-28,000656,7.77595527871827,7.743214414386824,7.415805771072371
2015-05-29,2015-05-28,000659,7.35,6.98,6.98
2015-05-29,2015-05-28,000753,10.63715388314646,10.68603786238886,9.933224582055884
2015-05-29,2015-05-28,002154,9.848135941671327,9.840519440556346,9.177883843552939
2015-05-29,2015-05-28,002214,15.83019047493099,16.2600060974573,15.31116783640867
2015-05-29,2015-05-28,002216,,16.3554607255817,16.3554607255817
2015-05-29,2015-05-28,002230,33.79059176219732,34.21496340128299,33.13414188298665
2015-05-29,2015-05-28,002245,,,
2015-05-29,2015-05-28,002269,,,
2015-05-29,2015-05-28,002284,19.46023875114784,19.59959595959596,18.35533516988063
2015-05-29,2015-05-28,002436,8.767150669407453,8.921751415965705,8.341998616372265
2015-05-29,2015-05-28,002550,13.07770892642938,13.24972287249333,12.53377293482176
2015-05-29,2015-05-28,002557,18.52276040332321,18.8164899051539,17.97980586963618
2015-05-29,2015-05-28,002603,18.10274137372742,18.56691422946402,17.20091982543917
2015-05-29,2015-05-28,002613,7.404525793412681,7.5154827233839,7.138229161481756
2015-05-29,2015-05-28,300008,,,
2015-05-29,2015-05-28,300019,20.38256401521529,21.05195807378256,19.56764950913338
2015-05-29,2015-05-28,300045,26.07392047459501,26.73099521736831,25.38697869805929
2015-05-29,2015-05-28,300107,9.322281370913073,9.466091519103202,8.7639596191161
2015-05-29,2015-05-28,300172,11.95348115969823,11.99362719214054,11.21077955951546
2015-05-29,2015-05-28,300258,13.30965280368186,13.36696709805178,12.51998919236294
2015-05-29,2015-05-28,300270,29.64714386210035,30.41551480702856,28.42972496234395
2015-05-29,2015-05-28,300281,,,
2015-05-29,2015-05-28,300283,15.15851706627757,15.27587332743585,14.55217638362647
2015-05-29,2015-05-28,300285,,,
2015-05-29,2015-05-28,300303,8.310889883473608,8.496917061748576,7.94386328849867
2015-05-29,2015-05-28,300306,26.73327547500664,27.07612248044079,25.52012453270117
2015-05-29,2015-05-28,300314,34.67757978055667,35.06572631918698,32.56644128995767
2015-05-29,2015-05-28,600251,13.85002138998921,13.77006616708356,13.07712090190129
2015-05-29,2015-05-28,600673,8.973646408628627,9.102763623141268,8.567849448731749
2015-05-29,2015-05-28,601058,4.801843268292287,4.814304799265364,4.556766492488443
2015-06-01,2015-05-29,000518,,,
2015-06-01,2015-05-29,000656,7.669547469641071,7.677732685723934,7.743214414386824
2015-06-01,2015-05-29,000659,6.98,6.63,6.63
2015-06-01,2015-05-29,000753,10.27541243675269,10.45139476202533,10.6176002914495
2015-06-01,2015-05-29,002154,9.459694384807261,9.535859395957077,9.680572917141731
2015-06-01,2015-05-29,002214,15.67610562911968,15.83019047493099,16.13836016655362
2015-06-01,2015-05-29,002216,17.1542157842729,16.58367645663633,16.68256994009333
2015-06-01,2015-05-29,002230,34.01603919546158,34.86478247363294,35.83951108215786
2015-06-01,2015-05-29,002245,,,
2015-06-01,2015-05-29,002269,,,
2015-06-01,2015-05-29,002284,18.81322314049586,18.79331496786042,18.81322314049586
2015-06-01,2015-05-29,002436,8.474053420724104,8.470832571837475,8.406415594104869
2015-06-01,2015-05-29,002550,13.15674236110741,13.37059753729503,13.4031407162801
2015-06-01,2015-05-29,002557,18.11331927955922,18.17562553752331,18.47825593334887
2015-06-01,2015-05-29,002603,17.9038101498403,18.66637984140758,18.89846626927588
2015-06-01,2015-05-29,002613,7.263980348782471,7.263980348782471,7.360143021424193
2015-06-01,2015-05-29,300008,,,
2015-06-01,2015-05-29,300019,21.32359624247654,21.60493577433814,21.95418484837325
2015-06-01,2015-05-29,300045,27.22877911340869,27.87589817826118,28.32390368469752
2015-06-01,2015-05-29,300107,9.296903109467756,9.263065427540667,9.491469780548519
2015-06-01,2015-05-29,300172,11.60722162988329,11.70758671098907,11.89828036509005
2015-06-01,2015-05-29,300258,13.78090366850122,13.60896078539145,13.87642749245109
2015-06-01,2015-05-29,300270,29.21805359415342,30.18600140789416,30.05627644316602
2015-06-01,2015-05-29,300281,,,
2015-06-01,2015-05-29,300283,15.07049987040886,15.07049987040886,15.28565301586571
2015-06-01,2015-05-29,300285,,,
2015-06-01,2015-05-29,300303,8.195251367248627,8.220390175123624,8.310889883473608
2015-06-01,2015-05-29,300306,28.0694997013141,28.31564626931811,29.06287692218742
2015-06-01,2015-05-29,300314,35.73788252022971,37.49874242718672,37.87742197706995
2015-06-01,2015-05-29,600251,13.45912918911716,13.53020049836662,13.645691375897
2015-06-01,2015-05-29,600673,8.66929868870597,8.71541197960334,8.816861219577561
2015-06-01,2015-05-29,601058,4.610766460038442,4.64399720929998,4.664766427588442
2015-06-02,2015-06-01,000518,,,
2015-06-02,2015-06-01,000656,8.005141329038386,7.95603003254122,7.972400464706942
2015-06-02,2015-06-01,000659,7.04,6.87,6.85
2015-06-02,2015-06-01,000753,11.30197600084311,11.92769093514584,11.7028246306308
2015-06-02,2015-06-01,002154,9.832902939441365,9.924300952821143,10.00808246508594
2015-06-02,2015-06-01,002214,16.62494389016831,16.70604117743742,16.86823575197565
2015-06-02,2015-06-01,002216,17.26832364980021,16.81949937872611,16.75103465940972
2015-06-02,2015-06-01,002230,35.40850863621147,36.13789739088998,36.72803920149351
2015-06-02,2015-06-01,002245,,,
2015-06-02,2015-06-01,002269,,,
2015-06-02,2015-06-01,002284,19.41046831955923,19.84844811753903,19.62945821854913
2015-06-02,2015-06-01,002436,9.050585371430914,9.163315082462971,9.066689615864064
2015-06-02,2015-06-01,002550,13.57515466234405,13.60769784132912,13.66813517372996
2015-06-02,2015-06-01,002557,19.39504801482041,19.52856142474345,19.67097572866136
2015-06-02,2015-06-01,002603,19.1172906155517,19.16370790112536,19.1703389419216
2015-06-02,2015-06-01,002613,7.648631039349363,7.65602816801411,7.722602325996841
2015-06-02,2015-06-01,300008,,,
2015-06-02,2015-06-01,300019,21.80866440085862,21.59523441117051,21.42060987415295
2015-06-02,2015-06-01,300045,28.77190919113386,29.2199146975702,29.01084546123325
2015-06-02,2015-06-01,300107,9.702955292592828,9.7114147130746,9.922900225118907
2015-06-02,2015-06-01,300172,12.2345033867944,12.6460002193281,12.69618275988099
2015-06-02,2015-06-01,300258,14.51325298545022,14.67882761363,14.50051647559024
2015-06-02,2015-06-01,300270,30.58515514551921,31.23377996915991,31.5331452723787
2015-06-02,2015-06-01,300281,,,
2015-06-02,2015-06-01,300283,16.01912964810494,16.08758746711394,16.13648590926322
2015-06-02,2015-06-01,300285,,,
2015-06-02,2015-06-01,300303,8.552222439073567,8.713110809473539,8.798582756248527
2015-06-02,2015-06-01,300306,30.10899983620445,31.42764216479734,31.37489647165363
2015-06-02,2015-06-01,300314,39.31640426662622,41.99556208205006,41.78728832961429
2015-06-02,2015-06-01,600251,14.30310098645454,14.45412751860965,14.38305620936019
2015-06-02,2015-06-01,600673,9.093540964961793,9.14887691403864,9.075095648602845
2015-06-02,2015-06-01,601058,5.071843106042286,5.520458221073053,5.487227471811515
2015-06-03,2015-06-02,000518,,,
2015-06-03,2015-06-02,000656,8.21795694719278,8.152475218529892,8.226142163275643
2015-06-03,2015-06-02,000659,6.85,,
2015-06-03,2015-06-02,000753,11.53661910120664,11.16510085896439,11.34108318423703
2015-06-03,2015-06-02,002154,10.2746600041103,10.25181050076536,10.26704350299532
2015-06-03,2015-06-02,002214,17.38725839049798,17.35481947559033,17.63865998103223
2015-06-03,2015-06-02,002216,16.91078567114796,16.68256994009333,16.57606926560117
2015-06-03,2015-06-02,002230,38.65760399796121,38.57803431563264,39.32068468403259
2015-06-03,2015-06-02,002245,,,
2015-06-03,2015-06-02,002269,,,
2015-06-03,2015-06-02,002284,20.50541781450872,21.32165289256199,21.79944903581267
2015-06-03,2015-06-02,002436,9.955643908574004,9.958864757460635,9.952423059687373
2015-06-03,2015-06-02,002550,13.89593742662546,13.89593742662546,13.98426891244208
2015-06-03,2015-06-02,002557,20.31184009629196,19.98250701848179,20.07151595843048
2015-06-03,2015-06-02,002603,19.24991143147645,18.97140771803448,19.09076645236675
2015-06-03,2015-06-02,002613,8.025884601251507,7.922324799945037,8.099855887898986
2015-06-03,2015-06-02,300008,,,
2015-06-03,2015-06-02,300019,23.06984161265205,22.56537072793468,22.90491843880214
2015-06-03,2015-06-02,300045,31.34047409470222,30.99202536747395,31.27078434925656
2015-06-03,2015-06-02,300107,10.2612770443898,10.15130457812676,10.48968139739765
2015-06-03,2015-06-02,300172,13.22309943568633,13.13778911674641,13.17291689513343
2015-06-03,2015-06-02,300258,15.02908163477952,14.95903083054961,14.77435143757987
2015-06-03,2015-06-02,300270,33.14971790976013,33.42912552609767,34.12764456694151
2015-06-03,2015-06-02,300281,,,
2015-06-03,2015-06-02,300283,16.81128441092332,16.83084378778304,17.35894696299528
2015-06-03,2015-06-02,300285,,,
2015-06-03,2015-06-02,300303,9.401914145248425,9.220914728548456,9.386830860523428
2015-06-03,2015-06-02,300306,31.7089525282305,32.42101938567066,32.97484916367967
2015-06-03,2015-06-02,300314,42.17543486824459,40.6039147362292,42.61091635061031
2015-06-03,2015-06-02,600251,14.93385885604353,14.68510927367041,14.92497494238735
2015-06-03,2015-06-02,600673,9.324107419448653,9.268771470371808,9.434779317602349
2015-06-03,2015-06-02,601058,5.578612032280745,6.002304085365359,6.02307330365382
2015-06-04,2015-06-03,000518,,,
2015-06-04,2015-06-03,000656,8.013326545121247,7.841437007381161,7.816881359132577
2015-06-04,2015-06-03,000659,,6.76,6.67
2015-06-04,2015-06-03,000753,11.29219920499463,11.04777930878263,10.98911853369174
2015-06-04,2015-06-03,002154,9.985232961740998,9.756737928291548,9.954766957281072
2015-06-04,2015-06-03,002214,17.5413432363093,16.86823575197565,17.09530815632917
2015-06-04,2015-06-03,002216,16.41631825386293,16.61410522077694,16.50760454628478
2015-06-04,2015-06-03,002230,37.92158443642198,37.31818101209704,37.24524213662918
2015-06-04,2015-06-03,002245,,,
2015-06-04,2015-06-03,002269,,,
2015-06-04,2015-06-03,002284,21.77954086317722,21.72977043158861,22.53605142332415
2015-06-04,2015-06-03,002436,9.659325811004024,9.507945913332405,9.839693348655317
2015-06-04,2015-06-03,002550,13.66813517372996,13.29621312818629,13.33340533274066
2015-06-04,2015-06-03,002557,20.09821864041509,19.86679539654849,19.76888556260493
2015-06-04,2015-06-03,002603,18.87857314688716,18.64648671901887,18.57354527026026
2015-06-04,2015-06-03,002613,8.159032917216969,7.981501829263019,8.210812817870206
2015-06-04,2015-06-03,300008,,,
2015-06-04,2015-06-03,300019,25.02951697251568,24.44743518245717,26.1742778262974
2015-06-04,2015-06-03,300045,29.84712240658108,28.99093410539163,29.0805352066789
2015-06-04,2015-06-03,300107,10.37970893113461,9.956737907045994,10.30357414679866
2015-06-04,2015-06-03,300172,12.80658434909734,12.45530656522712,12.68614625177041
2015-06-04,2015-06-03,300258,14.57693553475013,14.26489104318056,14.29673231783052
2015-06-04,2015-06-03,300270,32.43124118203505,31.94227785344437,32.4112834951538
2015-06-04,2015-06-03,300281,,,
2015-06-04,2015-06-03,300283,17.60343917374169,17.19269225968772,17.20247194811758
2015-06-04,2015-06-03,300285,,,
2015-06-04,2015-06-03,300303,9.256109059573449,8.964498888223497,9.044943073423484
2015-06-04,2015-06-03,300306,33.03638580568067,32.70232974910381,32.13091807338022
2015-06-04,2015-06-03,300314,42.63931731685155,42.41210958692162,41.96716111580882
2015-06-04,2015-06-03,600251,14.59627013710858,14.7384127556075,14.99604625163681
2015-06-04,2015-06-03,600673,10.25559589557557,10.06192007380661,10.75361943726719
2015-06-04,2015-06-03,601058,5.794611902480744,5.586919719596129,5.67830428006536
2015-06-05,2015-06-04,000151,27.35250759442885,27.46812227957613,27.41031493700249
2015-06-05,2015-06-04,000518,,,
2015-06-05,2015-06-04,000659,6.51,6.57,6.56
2015-06-05,2015-06-04,000888,17.00645908761767,17.10464880521362,16.98682114409848
2015-06-05,2015-06-04,002023,27.79723089345269,28.17447902700669,28.26382726916422
2015-06-05,2015-06-04,002154,10.56408704647961,10.76211607546913,10.96014510445866
2015-06-05,2015-06-04,002214,16.86012602324874,17.05475951269461,17.01421086906005
2015-06-05,2015-06-04,002216,15.95988679175368,16.47717578214417,16.69017713112849
2015-06-05,2015-06-04,002245,,,
2015-06-05,2015-06-04,002269,,,
2015-06-05,2015-06-04,002284,23.95948576675849,24.29792470156107,25.93039485766759
2015-06-05,2015-06-04,002334,16.77381252502542,16.91925020587824,17.15195049524276
2015-06-05,2015-06-04,002487,16.577608247405,16.74387334487161,16.78299454427551
2015-06-05,2015-06-04,002550,13.00797354288994,13.45427999754235,13.3984916907108
2015-06-05,2015-06-04,002557,20.29403830830222,20.47205618819961,20.445353506215
2015-06-05,2015-06-04,002563,10.78154975843007,10.9342025867516,10.93065252097668
2015-06-05,2015-06-04,002588,14.11776990721024,14.46852195459435,14.38083394274832
2015-06-05,2015-06-04,002613,8.277386975852936,8.343961133835668,8.351358262500415
2015-06-05,2015-06-04,002615,10.81574735749705,10.89005401873176,11.15012733305326
2015-06-05,2015-06-04,002725,19.00888159009029,19.3756124246258,19.24725663253837
2015-06-05,2015-06-04,300008,,,
2015-06-05,2015-06-04,300092,19.62686650416471,19.70093015135024,19.65464037185928
2015-06-05,2015-06-04,300258,14.02289735584089,14.13752594458073,14.20120849388065
2015-06-05,2015-06-04,300281,,,
2015-06-05,2015-06-04,300283,16.86996254150246,17.241590701837,17.84793138448811
2015-06-05,2015-06-04,300285,,,
2015-06-05,2015-06-04,300375,10.28164401707406,10.49841659957167,10.62185654238281
2015-06-05,2015-06-04,600184,37.51518737803281,38.19122496724259,37.90709322685007
2015-06-05,2015-06-04,600251,15.68899151681908,16.3019815590957,16.94162334234087
2015-06-05,2015-06-04,600436,60.81679907033642,59.10139016798724,58.92861517062833
2015-06-05,2015-06-04,600673,11.27931095349724,11.34386956075356,11.28853361167671
2015-06-08,2015-06-05,000151,29.77078142542625,28.92294040101282,30.58971877855286
2015-06-08,2015-06-05,000518,,,
2015-06-08,2015-06-05,000659,6.66,6.83,6.99
2015-06-08,2015-06-05,000888,17.01627805937726,16.80026068066618,17.14392469225199
2015-06-08,2015-06-05,002023,28.31346518147395,28.31346518147395,28.66093056764212
2015-06-08,2015-06-05,002154,10.87636359219386,10.6097860531695,10.76211607546913
2015-06-08,2015-06-05,002214,16.96555249669859,16.54384660289919,16.64927307634904
2015-06-08,2015-06-05,002216,16.96403600839404,16.59128364767148,16.65974836698787
2015-06-08,2015-06-05,002245,,,
2015-06-08,2015-06-05,002269,,,
2015-06-08,2015-06-05,002284,25.83085399449036,26.17924701561065,27.23438016528926
2015-06-08,2015-06-05,002334,17.14225464985257,16.84168344275674,17.113167113682
2015-06-08,2015-06-05,002487,17.84904722803194,17.22310803756945,17.4480549341419
2015-06-08,2015-06-05,002550,13.6309429691756,13.41243876741869,13.53331343222038
2015-06-08,2015-06-05,002557,20.08931774642022,19.75998466861006,19.90239897252797
2015-06-08,2015-06-05,002563,10.9342025867516,10.72119864025644,10.98035344182555
2015-06-08,2015-06-05,002588,14.38521834334062,14.16599831372556,14.26245512675618
2015-06-08,2015-06-05,002613,8.410535291818398,8.336564005170921,8.395741034488903
2015-06-08,2015-06-05,002615,10.84877254026803,10.62172440871752,10.72492810487685
2015-06-08,2015-06-05,002725,19.30226625771869,19.51619257786441,20.20686898290627
2015-06-08,2015-06-05,300008,,,
2015-06-08,2015-06-05,300092,19.18248462105154,18.5159117963818,18.59923339946552
2015-06-08,2015-06-05,300258,13.81911319808117,13.55801474595152,13.66627507976138
2015-06-08,2015-06-05,300281,,,
2015-06-08,2015-06-05,300283,18.56184863986763,18.75744240846476,18.57162832829749
2015-06-08,2015-06-05,300285,,16.32637349382776,16.32637349382776
2015-06-08,2015-06-05,300375,11.3113137839377,11.19991676237644,11.39260350237431
2015-06-08,2015-06-05,600184,38.11284379747914,38.26960613700605,37.53478267047367
2015-06-08,2015-06-05,600251,17.26144423396346,17.76782731236589,18.25644256345595
2015-06-08,2015-06-05,600436,56.87999734480125,54.36241881185713,54.17113220763834
2015-06-08,2015-06-05,600673,11.27931095349724,10.9657405753951,11.12252576444617
2015-06-09,2015-06-08,000151,30.27177839439783,29.68407041156578,28.86513305843918
2015-06-09,2015-06-08,000518,,,
2015-06-09,2015-06-08,000659,6.99,7.34,7.34
2015-06-09,2015-06-08,000888,16.97700217233889,16.55478638667632,16.50569152787835
2015-06-09,2015-06-08,002023,27.33063451774116,27.0030242964969,27.48947583713232
2015-06-09,2015-06-08,002154,10.40414052306499,10.4422230286399,10.42699002640994
2015-06-09,2015-06-08,002214,15.95183640583467,15.79775156002335,15.85451966111173
2015-06-09,2015-06-08,002216,16.07399465728099,15.53388409378504,15.9218508365779
2015-06-09,2015-06-08,002245,,,
2015-06-09,2015-06-08,002269,,,
2015-06-09,2015-06-08,002284,25.00466483011938,24.75581267217631,25.74126721763085
2015-06-09,2015-06-08,002334,16.38597870941789,16.16297426544357,16.25993271934545
2015-06-09,2015-06-08,002487,16.79277484412649,16.32332045127962,16.24507805247181
2015-06-09,2015-06-08,002550,13.44033292083446,13.55190953449756,13.44498194640376
2015-06-09,2015-06-08,002557,19.24373281690763,19.06571493701025,18.87879616311799
2015-06-09,2015-06-08,002563,10.84900100815354,10.62889693010854,10.57209587770983
2015-06-09,2015-06-08,002588,14.28876153030999,13.94677828411049,14.13969191017175
2015-06-09,2015-06-08,002613,8.795185982385293,8.625052023096091,8.91354004102126
2015-06-09,2015-06-08,002615,10.39880442501339,10.46898293840172,10.55980219102193
2015-06-09,2015-06-08,002725,19.50396821671322,19.13112520160213,19.13112520160213
2015-06-09,2015-06-08,300008,,,
2015-06-09,2015-06-08,300092,18.24743107533427,17.96043444249035,18.07152991326864
2015-06-09,2015-06-08,300258,13.20139246987201,13.21412897973199,13.43701790228169
2015-06-09,2015-06-08,300281,,14.11591983748519,14.11591983748519
2015-06-09,2015-06-08,300283,17.68167668118055,17.13401412910858,17.5349813547327
2015-06-09,2015-06-08,300285,16.32637349382776,17.96031278687033,17.96031278687033
2015-06-09,2015-06-08,300375,11.14271288643956,10.85067204613029,10.76637159738122
2015-06-09,2015-06-08,600184,36.51582746354879,36.27088630803799,36.66279215685526
2015-06-09,2015-06-08,600251,17.61680078021077,16.99492682427797,17.22590857933873
2015-06-09,2015-06-08,600436,51.58567778287464,48.07464301511678,49.17916889108982
2015-06-09,2015-06-08,600673,10.86429133542088,10.67061551365192,10.61527956457508
2015-06-10,2015-06-09,000151,29.05782420035132,28.20034861884228,28.32559786108517
2015-06-10,2015-06-09,000518,,,
2015-06-10,2015-06-09,000659,7.34,7.65,7.64
2015-06-10,2015-06-09,000888,18.0276321506155,17.82143374366401,17.54650253439537
2015-06-10,2015-06-09,002023,26.92360363680132,26.80447264725795,26.59599341555706
2015-06-10,2015-06-09,002154,10.16802898850056,9.985232961740998,10.07663097512078
2015-06-10,2015-06-09,002214,15.83830020365791,15.85451966111173,15.95994613456158
2015-06-10,2015-06-09,002216,15.3893474641171,15.17634611513278,15.76209982483966
2015-06-10,2015-06-09,002245,,,
2015-06-10,2015-06-09,002269,,,
2015-06-10,2015-06-09,002284,25.94034894398531,25.95030303030303,26.81630853994491
2015-06-10,2015-06-09,002334,16.41506624558846,16.24054102856508,16.26962856473564
2015-06-10,2015-06-09,002487,16.36244165068353,16.23529775262083,16.51892644829915
2015-06-10,2015-06-09,002550,14.67697372226717,14.27250849773843,14.55145003189619
2015-06-10,2015-06-09,002557,19.16362477095381,18.92330063309234,19.39504801482041
2015-06-10,2015-06-09,002563,10.43009324671305,10.37684226008926,10.476244101787
2015-06-10,2015-06-09,002588,14.61759157473259,14.47729075577895,14.84996480612456
2015-06-10,2015-06-09,002613,9.675444293490296,9.749415580137775,9.571884492183825
2015-06-10,2015-06-09,002615,11.43909768229936,12.38444353911876,11.96337245878872
2015-06-10,2015-06-09,002725,20.59193635916855,20.85476012391899,21.53932434838527
2015-06-10,2015-06-09,300008,,,
2015-06-10,2015-06-09,300092,18.719586826142,18.5159117963818,18.45110610509446
2015-06-10,2015-06-09,300258,13.38607186284176,13.30965280368186,13.60259253046146
2015-06-10,2015-06-09,300281,14.11591983748519,14.71218458727795,14.32331627219572
2015-06-10,2015-06-09,300283,17.57410010845213,17.40784540514457,17.35894696299528
2015-06-10,2015-06-09,300285,17.96031278687033,19.75699503738726,19.75699503738726
2015-06-10,2015-06-09,300375,10.95905833737909,10.81454328238069,10.93497249487936
2015-06-10,2015-06-09,600184,35.95736162898418,35.12456170024749,35.86918281300029
2015-06-10,2015-06-09,600251,17.45689033439948,17.12818552912072,17.65233643483551
2015-06-10,2015-06-09,600436,49.93814477234504,49.21002156918963,50.16645459028359
2015-06-10,2015-06-09,600673,11.31620158621513,11.22397500442039,11.4360961425483
2015-06-11,2015-06-10,000151,28.60500001685778,29.00001685777768,29.00001685777768
2015-06-11,2015-06-10,000518,,,
2015-06-11,2015-06-10,000659,7.46,7.45,7.45
2015-06-11,2015-06-10,000888,17.75270094134685,17.74288196958726,17.54650253439537
2015-06-11,2015-06-10,002023,27.20157594573585,27.41005517743674,27.4001275949748
2015-06-11,2015-06-10,002154,10.39652402195001,10.57170354759459,10.29750950745525
2015-06-11,2015-06-10,002214,16.29244501236494,16.42220067199553,16.29244501236494
2015-06-11,2015-06-10,002216,15.88381488140213,15.89142207243729,16.05878027521068
2015-06-11,2015-06-10,002245,,,
2015-06-11,2015-06-10,002269,,,
2015-06-11,2015-06-10,002284,28.53836547291093,29.25505968778696,29.51386593204775
2015-06-11,2015-06-10,002334,16.5411122356609,16.52172054488053,16.43445793636884
2015-06-11,2015-06-10,002487,16.69497184561672,16.66563094606379,16.58738854725598
2015-06-11,2015-06-10,002550,14.84433864276183,15.05819381894944,14.90477597516267
2015-06-11,2015-06-10,002557,19.40394890881528,19.21703013492302,19.26153460489737
2015-06-11,2015-06-10,002563,10.53659521996063,10.53304515418571,10.49044436488668
2015-06-11,2015-06-10,002588,15.54270009970817,15.79261093346934,15.60846610859269
2015-06-11,2015-06-10,002613,9.394353404229873,9.349970632241387,9.460927562212605
2015-06-11,2015-06-10,002615,11.92621912817137,11.67440210954262,11.61247989184702
2015-06-11,2015-06-10,002725,21.71046540450184,21.82048465486249,22.24222511457832
2015-06-11,2015-06-10,300008,,,
2015-06-11,2015-06-10,300092,18.68255500254924,18.5159117963818,18.36778450201075
2015-06-11,2015-06-10,300258,13.94647829668099,13.940110041751,14.00379259105092
2015-06-11,2015-06-10,300281,15.52880804895065,16.39079948071627,17.08428130927959
2015-06-11,2015-06-10,300283,17.59365948531184,17.90660951506725,18.02396577622553
2015-06-11,2015-06-10,300285,19.75699503738726,21.54716756960522,21.67736193558471
2015-06-11,2015-06-10,300375,11.15475580768943,11.32335670518757,11.2842172111255
2015-06-11,2015-06-10,600184,36.33946983158101,35.98675456764547,35.86918281300029
2015-06-11,2015-06-10,600251,17.43912250708712,17.40358685246239,17.1370694427769
2015-06-11,2015-06-10,600436,51.13522868261749,50.61690369054075,50.16028405466363
2015-06-11,2015-06-10,600673,11.81422512790675,11.82344778608623,11.75888917882991
2015-06-12,2015-06-11,000518,,,
2015-06-12,2015-06-11,000656,8.389846484932869,8.406216917098591,8.316179540187118
2015-06-12,2015-06-11,000659,7.83,8.199999999999999,8.15
2015-06-12,2015-06-11,002041,22.77288109042206,22.76309472123838,22.46950364572799
2015-06-12,2015-06-11,002191,16.77696731108987,16.85801546235117,16.67790845954827
2015-06-12,2015-06-11,002245,,,
2015-06-12,2015-06-11,002269,,,
2015-06-12,2015-06-11,002284,27.27419651056015,27.67235996326906,27.00543617998163
2015-06-12,2015-06-11,002448,18.66274839518264,18.67216451445367,18.59683556028542
2015-06-12,2015-06-11,002540,14.5802400430992,14.49596119891944,14.44999092027593
2015-06-12,2015-06-11,002563,10.40879285206354,10.39459258896386,10.40524278628862
2015-06-12,2015-06-11,002580,17.00787197722983,16.81265967333049,16.72115390587767
2015-06-12,2015-06-11,002588,16.81417627147555,16.44150222112994,16.46342422409144
2015-06-12,2015-06-11,002615,12.35967465204052,12.21931762526384,11.97988505017421
2015-06-12,2015-06-11,002631,37.34509758700229,,
2015-06-12,2015-06-11,002658,33.26116902515538,32.93347277860212,32.30265750398711
2015-06-12,2015-06-11,300008,,,
2015-06-12,2015-06-11,300019,22.70118981228166,22.99223070731091,22.85641162296393
2015-06-12,2015-06-11,300045,27.96549927954845,27.97545495746926,27.94558792370684
2015-06-12,2015-06-11,300092,18.90474594410582,18.93251981180039,18.76587660563295
2015-06-12,2015-06-11,300139,31.68358850299054,31.73348391795588,32.29231256556768
2015-06-12,2015-06-11,300150,18.45003489855452,18.59646374695575,18.49884451468827
2015-06-12,2015-06-11,300172,12.71123752204685,12.71123752204685,12.59581767877521
2015-06-12,2015-06-11,300236,27.68454730595213,27.81331264225889,27.8841335772276
2015-06-12,2015-06-11,300258,14.50051647559024,14.8953482812497,14.85077049673976
2015-06-12,2015-06-11,300265,21.84705204469653,22.05168544921866,21.85679649253091
2015-06-12,2015-06-11,300303,8.783499471523529,8.808638279398524,8.763388425223532
2015-06-12,2015-06-11,300306,30.47821968821046,30.75953005164361,30.75953005164361
2015-06-12,2015-06-11,300320,11.59520169697293,11.92010169858769,12.07988858462774
2015-06-12,2015-06-11,300328,17.75942458677185,17.81379017224155,17.35349488193135
2015-06-12,2015-06-11,300346,9.878522306682715,9.963535407428694,9.793509205936736
2015-06-12,2015-06-11,600673,11.74966652065043,11.53754538252252,11.57443601524042
2015-06-15,2015-06-12,000518,,,
2015-06-15,2015-06-12,000656,8.324364756269979,8.21795694719278,8.152475218529892
2015-06-15,2015-06-12,000659,8.220000000000001,,
2015-06-15,2015-06-12,002041,22.99796758164668,22.99796758164668,22.90010388980989
2015-06-15,2015-06-12,002191,16.63288170884755,16.57884960800668,16.51581215702567
2015-06-15,2015-06-12,002245,,8.60231492687036,8.60231492687036
2015-06-15,2015-06-12,002269,,,
2015-06-15,2015-06-12,002284,27.67235996326906,26.78644628099174,26.69685950413223
2015-06-15,2015-06-12,002448,18.48384212903305,18.29551974361244,18.23902302798626
2015-06-15,2015-06-12,002540,14.77178287078048,14.71815087902972,14.77178287078048
2015-06-15,2015-06-12,002563,10.61824673278378,10.57919600925967,10.61469666700886
2015-06-15,2015-06-12,002580,17.09937774468264,16.86146274930532,17.05057466870781
2015-06-15,2015-06-12,002588,16.77033226555254,16.55549663652977,16.39765821520692
2015-06-15,2015-06-12,002615,11.93034727601774,11.84778431909028,12.13675466833638
2015-06-15,2015-06-12,002631,,,
2015-06-15,2015-06-12,002658,31.81111313415722,31.70461185402742,31.70461185402742
2015-06-15,2015-06-12,300008,,,
2015-06-15,2015-06-12,300019,22.84671025979629,22.45865573309062,22.52656527526411
2015-06-15,2015-06-12,300045,28.30399232885591,28.41350478598479,28.37368207430156
2015-06-15,2015-06-12,300092,18.86771412051305,18.74736069383657,18.86771412051305
2015-06-15,2015-06-12,300139,32.51185239141517,31.55386042408066,31.53390225809452
2015-06-15,2015-06-12,300150,18.50860643791501,18.25479643401955,18.24503451079281
2015-06-15,2015-06-12,300172,12.55065339227761,12.47036132739299,12.59581767877521
2015-06-15,2015-06-12,300236,28.31549745385523,28.45713932379266,29.35849667793994
2015-06-15,2015-06-12,300258,14.51325298545022,14.07384339528082,14.14389419951073
2015-06-15,2015-06-12,300265,23.13331915883566,23.03587468049178,23.25025253284831
2015-06-15,2015-06-12,300303,8.733221855773538,8.667860955298547,8.602500054823558
2015-06-15,2015-06-12,300306,32.18366376652394,32.17487281766665,33.31769616911383
2015-06-15,2015-06-12,300320,11.91477546905303,11.34486890884352,11.44074104046755
2015-06-15,2015-06-12,300328,17.21576873207475,16.41115806712304,16.5996254300847
2015-06-15,2015-06-12,300346,10.25257994996502,10.03397483376108,10.10198531435786
2015-06-15,2015-06-12,600673,11.40842816800988,11.55599069888147,11.62054930613779
2015-06-16,2015-06-15,000518,,,
2015-06-16,2015-06-15,000656,8.062437841618417,7.939659600375496,7.890548303878329
2015-06-16,2015-06-15,000659,,,
2015-06-16,2015-06-15,002041,23.86895443899416,23.68301342450424,23.48728604083065
2015-06-16,2015-06-15,002191,16.91204756319204,17.02011176487378,17.28126691893798
2015-06-16,2015-06-15,002245,8.60231492687036,8.174502784371068,7.898070323063834
2015-06-16,2015-06-15,002269,,,
2015-06-16,2015-06-15,002284,25.75122130394858,24.8852157943067,24.93498622589532
2015-06-16,2015-06-15,002448,17.56106244047205,17.46690124776175,17.2974111008832
2015-06-16,2015-06-15,002540,14.24312466638014,13.84471558480308,13.82939215858857
2015-06-16,2015-06-15,002563,10.43719337826289,10.27744041839152,10.25969008951692
2015-06-16,2015-06-15,002580,15.99520815075201,15.47057508402254,15.47057508402254
2015-06-16,2015-06-15,002588,15.45062768726984,14.90696201382448,14.87627120967837
2015-06-16,2015-06-15,002615,11.97162875448147,11.69504284877448,11.36066287321828
2015-06-16,2015-06-15,002631,,36.48488485465672,35.59500961429924
2015-06-16,2015-06-15,002658,31.29499154583585,30.13986227673562,30.51671296027187
2015-06-16,2015-06-15,300008,,,
2015-06-16,2015-06-15,300019,21.58553304800286,20.85793081042973,20.59599400490341
2015-06-16,2015-06-15,300045,27.05953258875496,26.38254649014005,26.13365454211986
2015-06-16,2015-06-15,300092,19.03435732668049,18.97880959129134,18.86771412051305
2015-06-16,2015-06-15,300139,30.05699797512047,29.33850399961958,28.959298845883
2015-06-16,2015-06-15,300150,17.40550911329244,16.92717487518177,16.7514602571003
2015-06-16,2015-06-15,300172,11.88322560292418,11.56707559744098,11.51689305688809
2015-06-16,2015-06-15,300236,31.14833485260382,29.35849667793994,30.90368071362099
2015-06-16,2015-06-15,300258,13.54527823609154,13.30965280368186,13.24597025438195
2015-06-16,2015-06-15,300265,21.9444965230404,21.04800732227676,20.96030729176727
2015-06-16,2015-06-15,300303,8.341056452923603,8.23547345984862,8.155029274648633
2015-06-16,2015-06-15,300306,33.13308624311082,32.43860128338523,32.43860128338523
2015-06-16,2015-06-15,300320,11.09986235024877,10.76430988956467,10.6418066102673
2015-06-16,2015-06-15,300328,15.54855744433698,14.54823067169432,14.67508370445698
2015-06-16,2015-06-15,300346,9.497177826193612,9.30286216734566,9.166841206152094
2015-06-16,2015-06-15,600673,11.4360961425483,11.29775626985618,11.18708437170249
2015-06-17,2015-06-16,000518,,,
2015-06-17,2015-06-16,000656,7.546769228398152,7.554954444481014,7.538584012315291
2015-06-17,2015-06-16,000659,,7.81,7.81
2015-06-17,2015-06-16,002041,22.69459013695262,22.66523102940158,22.4205717998096
2015-06-17,2015-06-16,002191,17.12817596655552,17.22723481809711,17.14618666683581
2015-06-17,2015-06-16,002245,7.740108916602557,7.522911982718301,7.391277477333904
2015-06-17,2015-06-16,002269,,,
2015-06-17,2015-06-16,002284,24.38751147842057,24.59654729109275,25.1440220385675
2015-06-17,2015-06-16,002448,16.17689290763056,16.29930245815396,16.79835677951858
2015-06-17,2015-06-16,002540,13.18580825757947,13.29307224108098,13.385012798368
2015-06-17,2015-06-16,002563,9.933084038224344,9.929533972449423,9.872732920050714
2015-06-17,2015-06-16,002580,14.4213089505636,14.7019266374189,14.92764086380251
2015-06-17,2015-06-16,002588,15.44624328667754,15.37170847660842,15.3278644706854
2015-06-17,2015-06-16,002615,10.77446587903332,10.64236514794939,10.3203696159323
2015-06-17,2015-06-16,002631,37.47363512172059,37.77026020183975,37.3747600950142
2015-06-17,2015-06-16,002658,28.57511269944384,29.08304188160138,28.75534563504812
2015-06-17,2015-06-16,300008,,,
2015-06-17,2015-06-16,300019,19.84898904099499,19.98480812534198,20.37286265204764
2015-06-17,2015-06-16,300045,24.70003692152357,25.18786513964314,25.02857429291022
2015-06-17,2015-06-16,300092,17.701211677341,17.59011620656271,17.5993741624609
2015-06-17,2015-06-16,300139,28.24080487038212,28.53019827718109,28.6200100241187
2015-06-17,2015-06-16,300150,16.11693524736165,16.40003102093736,16.40003102093736
2015-06-17,2015-06-16,300172,11.12546924057555,11.19070654329431,11.2408890838472
2015-06-17,2015-06-16,300236,29.98944682584303,30.31136016660992,29.93794069132033
2015-06-17,2015-06-16,300258,12.9912400571823,13.11860515578212,13.15044643043208
2015-06-17,2015-06-16,300265,19.86892913431588,19.95662916482537,19.92739582132221
2015-06-17,2015-06-16,300303,7.747780587073702,7.782974918098696,7.818169249123691
2015-06-17,2015-06-16,300306,30.85623048907376,31.36610552279634,30.97051282421847
2015-06-17,2015-06-16,300320,10.79626726677268,11.07323120257543,10.99866398909007
2015-06-17,2015-06-16,300328,14.19304217995889,14.27277837198113,14.73307366229134
2015-06-17,2015-06-16,300346,8.98709922171774,9.008959733338134,8.926375578327754
2015-06-17,2015-06-16,600673,10.54149829913928,10.70750614636982,10.58761159003665
2015-06-18,2015-06-17,000518,,,
2015-06-18,2015-06-17,000656,7.571324876646736,7.538584012315291,7.530398796232428
2015-06-18,2015-06-17,000659,7.81,7.42,7.42
2015-06-18,2015-06-17,002041,22.24441715450337,21.79424417205411,21.53001220409477
2015-06-18,2015-06-17,002191,17.30828296935841,,
2015-06-18,2015-06-17,002245,7.516330257449082,7.5887292354105,7.674291663910358
2015-06-18,2015-06-17,002269,,,
2015-06-18,2015-06-17,002284,26.78644628099174,26.76653810835629,27.77190082644628
2015-06-18,2015-06-17,002448,17.0525919998364,17.15616931181774,17.47631736703278
2015-06-18,2015-06-17,002540,13.63018761780004,13.72978988819431,14.15884582220038
2015-06-18,2015-06-17,002563,9.762680881028215,9.759130815253295,9.73783042060378
2015-06-18,2015-06-17,002580,15.86099969182122,16.16601891666393,16.02571007323628
2015-06-18,2015-06-17,002588,15.58654410563118,15.48570289200825,15.77945773169244
2015-06-18,2015-06-17,002615,10.30798517239318,10.09744963222816,10.20065332838749
2015-06-18,2015-06-17,002631,37.96801025525252,38.37339786474871,38.31407284872488
2015-06-18,2015-06-17,002658,29.24689000487801,29.16496594323969,28.96834819530774
2015-06-18,2015-06-17,300008,,,
2015-06-18,2015-06-17,300019,20.51838309956227,20.51838309956227,20.79972263142388
2015-06-18,2015-06-17,300045,25.41684573182172,25.34715598637606,26.64139411608105
2015-06-18,2015-06-17,300092,17.91414466299939,17.73824350093377,17.74750145683196
2015-06-18,2015-06-17,300139,29.19879683771664,29.03913150982755,28.96927792887607
2015-06-18,2015-06-17,300150,17.11265141648999,16.95646064486202,16.99550833776901
2015-06-18,2015-06-17,300172,11.27601686223422,11.29107162440009,11.09034146218853
2015-06-18,2015-06-17,300236,30.06670602762708,29.68684828552216,30.19547136393384
2015-06-18,2015-06-17,300258,13.5007004515816,13.5007004515816,13.37333535298178
2015-06-18,2015-06-17,300265,20.32691818253209,20.16126256934751,20.05407364316924
2015-06-18,2015-06-17,300303,7.94386328849867,7.888557911173678,7.87850238802368
2015-06-18,2015-06-17,300306,31.10237705707777,31.82323486337522,32.08696332909379
2015-06-18,2015-06-17,300320,11.1797557932688,11.18508202280347,11.33421644977418
2015-06-18,2015-06-17,300328,15.61379614690063,15.37096319846926,16.30242689618362
2015-06-18,2015-06-17,300346,9.424309454125629,9.373301593678043,9.468030477366417
2015-06-18,2015-06-17,600673,10.75361943726719,10.71672880454929,10.82740070270299
2015-06-19,2015-06-18,000518,,,
2015-06-19,2015-06-18,000656,7.432176203238093,7.366694474575203,7.293027529829451
2015-06-19,2015-06-18,000659,7.42,7.05,7.05
2015-06-19,2015-06-18,000789,7.410783496178589,7.321568606577723,7.256144354203754
2015-06-19,2015-06-18,000888,16.34858797972484,16.07365677045619,15.75944967414917
2015-06-19,2015-06-18,002154,10.28989300634027,10.24419399965038,9.916684451706162
2015-06-19,2015-06-18,002191,,,
2015-06-19,2015-06-18,002269,,,
2015-06-19,2015-06-18,002327,12.10450796166445,11.79824094020773,11.52677698937109
2015-06-19,2015-06-18,002334,15.76544460444586,15.41639417039909,15.09643127252288
2015-06-19,2015-06-18,002448,17.09967259619156,16.67594722899518,16.05448335710716
2015-06-19,2015-06-18,002540,13.82173044548132,13.77576016683781,13.40799793768975
2015-06-19,2015-06-18,002557,18.78088632917442,18.42485056937965,18.23793179548739
2015-06-19,2015-06-18,002563,9.29762226451378,9.159169699291926,9.443174961285473
2015-06-19,2015-06-18,002580,16.59304583144374,16.63574852292172,16.68455159889655
2015-06-19,2015-06-18,002631,39.06552305169342,37.79003520718103,37.31543507899038
2015-06-19,2015-06-18,002658,26.95301627900522,25.5111527941709,25.68319332361136
2015-06-19,2015-06-18,002713,22.46891855732925,21.76166446230436,21.56580948214362
2015-06-19,2015-06-18,300008,,,
2015-06-19,2015-06-18,300019,19.46093451428932,18.86915136106317,18.53930501336336
2015-06-19,2015-06-18,300092,16.46990354288161,15.87739436539739,15.65520342384081
2015-06-19,2015-06-18,300139,26.89362866631795,26.34477910169922,25.97555303095571
2015-06-19,2015-06-18,300150,16.20479255640238,16.00955409186741,15.8045537041057
2015-06-19,2015-06-18,300172,10.2874208133423,10.03650811057786,9.845814456476877
2015-06-19,2015-06-18,300180,6.672557104422363,6.551438081074763,6.39728659681418
2015-06-19,2015-06-18,300283,19.65717374401156,18.93347680020218,18.58140801672734
2015-06-19,2015-06-18,300303,7.415948323123757,7.335504137923771,7.265115475873783
2015-06-19,2015-06-18,300306,29.41451487647886,28.83431225189798,29.0101312290437
2015-06-19,2015-06-18,300328,14.62796686371656,14.31627084035689,14.19304217995889
2015-06-19,2015-06-18,300346,8.885083500822565,8.838933531846177,8.78792567139859
2015-06-19,2015-06-18,300375,10.55260974519607,10.23648306238706,10.18530064707513
2015-06-19,2015-06-18,600251,15.5201971573516,15.07600147454245,15.05823364723009
2015-06-19,2015-06-18,600673,10.35704513554979,10.25559589557557,10.07114273198608
2015-06-23,2015-06-19,000518,,,
2015-06-23,2015-06-19,000656,6.752803268360602,6.908322373934968,6.842840645272076
2015-06-23,2015-06-19,000659,7.05,6.7,6.7
2015-06-23,2015-06-19,000789,6.780331609665804,6.899284795800291,6.869546499266669
2015-06-23,2015-06-19,000888,14.8070094134685,15.09175959449674,14.72845763939175
2015-06-23,2015-06-19,002154,9.261665355817737,9.215966349127847,8.896073302298616
2015-06-23,2015-06-19,002191,,,
2015-06-23,2015-06-19,002269,,,
2015-06-23,2015-06-19,002327,10.8933611040856,11.08129768543404,10.54533039788479
2015-06-23,2015-06-19,002334,14.20441349662557,14.58255146684291,14.24319687818632
2015-06-23,2015-06-19,002448,15.48951620084532,15.85674485241552,15.52718067792945
2015-06-23,2015-06-19,002540,12.76441403668064,13.25476367554473,13.07088256097069
2015-06-23,2015-06-19,002557,17.44575222994401,17.66827457981575,17.35674328999532
2015-06-23,2015-06-19,002563,8.715411477427006,9.038467462944668,8.971016213221199
2015-06-23,2015-06-19,002580,14.93374124829936,14.67142471493463,14.05528588075234
2015-06-23,2015-06-19,002631,35.15995949679114,35.98062221845415,34.29974676444557
2015-06-23,2015-06-19,002658,24.52806405451113,24.82299067640906,24.29048427576002
2015-06-23,2015-06-19,002713,21.21762285074675,21.64197530776168,21.43523949536979
2015-06-23,2015-06-19,300008,,,
2015-06-23,2015-06-19,300019,17.51096051759333,17.75349459678438,17.46245370175512
2015-06-23,2015-06-19,300092,14.8497612606982,15.09046811405117,14.88679308429097
2015-06-23,2015-06-19,300139,24.20925534118269,24.64833499287768,24.548544162947
2015-06-23,2015-06-19,300150,14.61359907044239,14.77955176529712,14.81859945820411
2015-06-23,2015-06-19,300172,9.258678732008072,9.454390640164339,9.419262861777318
2015-06-23,2015-06-19,300180,6.008237612727948,6.125686362640772,6.070632261119135
2015-06-23,2015-06-19,300283,17.6914563696104,17.21225163654744,17.11445475224887
2015-06-23,2015-06-19,300303,6.676867371598881,6.837755741998854,6.787478126248863
2015-06-23,2015-06-19,300306,27.51566992330509,29.0101312290437,28.96617648475728
2015-06-23,2015-06-19,300328,13.53340640959308,13.91396550788104,13.89946801842246
2015-06-23,2015-06-19,300346,8.26570233824472,8.294849687071913,8.302136524278712
2015-06-23,2015-06-19,300375,9.498854135832701,9.516918517707502,9.333263968647028
2015-06-23,2015-06-19,600251,14.18761010892416,14.29421707279836,14.00104792214432
2015-06-23,2015-06-19,600673,9.324107419448653,9.573119190294465,9.425556659422874
2015-06-24,2015-06-23,000518,,,
2015-06-24,2015-06-23,000656,6.662765891449128,6.785544132692047,6.891951941769245
2015-06-24,2015-06-23,000659,6.7,6.79,6.77
2015-06-24,2015-06-23,000789,6.934970751640638,7.11340053084237,7.11340053084237
2015-06-24,2015-06-23,000888,14.74809558291094,14.94447501810283,14.9935698769008
2015-06-24,2015-06-23,002154,8.896073302298616,9.025553821253304,9.155034340207994
2015-06-24,2015-06-23,002191,,,
2015-06-24,2015-06-23,002269,,,
2015-06-24,2015-06-23,002327,10.58013346850487,10.69846390861314,10.67062145211708
2015-06-24,2015-06-23,002334,14.45650547677046,14.71829330230554,14.74738083847611
2015-06-24,2015-06-23,002448,15.05637471437792,15.34827441177987,15.37652276959296
2015-06-24,2015-06-23,002540,13.28541052797373,13.53824706051303,13.55357048672753
2015-06-24,2015-06-23,002557,17.20542809208254,17.40124775996967,17.57036474587218
2015-06-24,2015-06-23,002563,9.407674303536281,9.421874566635957,9.279871935639184
2015-06-24,2015-06-23,002580,14.18949433968314,14.2871004916328,14.3542047210982
2015-06-24,2015-06-23,002631,33.93390916563195,34.59637184456474,35.14018449144986
2015-06-24,2015-06-23,002658,23.75797787511098,24.08567412166424,24.73287420860692
2015-06-24,2015-06-23,002713,22.84974768541957,22.47435897344483,22.85518810153515
2015-06-24,2015-06-23,300008,,,
2015-06-24,2015-06-23,300019,17.35573870691107,18.12214639715476,18.22886139199882
2015-06-24,2015-06-23,300092,15.13675789354212,15.38672270279328,15.47930226177519
2015-06-24,2015-06-23,300139,25.24707997246175,25.71609687313594,25.78595045408742
2015-06-24,2015-06-23,300150,15.18955254082055,15.51169600730325,15.66788677893122
2015-06-24,2015-06-23,300172,9.665157310486476,9.790613661868699,9.956216045693232
2015-06-24,2015-06-23,300180,6.166059370423306,6.235794565684045,6.323881128118664
2015-06-24,2015-06-23,300283,16.30274061257078,16.91886098365174,17.0166578679503
2015-06-24,2015-06-23,300303,6.857866788298852,7.013727397123825,7.089143820748812
2015-06-24,2015-06-23,300306,30.10899983620445,31.04963136393405,31.16391369907877
2015-06-24,2015-06-23,300328,14.37426079819125,14.47936759676602,14.60984500189333
2015-06-24,2015-06-23,300346,8.54017320636745,8.622757361377831,8.688338896239015
2015-06-24,2015-06-23,300375,9.4807897539579,9.682508684893174,9.814980818641715
2015-06-24,2015-06-23,600251,14.14319054064325,14.31198490011072,14.39194012301637
2015-06-24,2015-06-23,600673,9.499337924858668,9.720681721166054,9.868244252037645
2015-06-25,2015-06-24,000518,,,
2015-06-25,2015-06-24,000656,6.867396293520661,6.801914564857771,6.760988484443463
2015-06-25,2015-06-24,000659,6.68,6.59,6.57
2015-06-25,2015-06-24,000789,7.214510739056684,7.279934991430652,7.369149881031518
2015-06-25,2015-06-24,000888,15.11139753801593,15.01320782041999,14.91501810282404
2015-06-25,2015-06-24,002154,9.048403324598251,9.010320819023342,8.949388810103487
2015-06-25,2015-06-24,002191,,,
2015-06-25,2015-06-24,002269,,,
2015-06-25,2015-06-24,002327,10.77503066397733,10.71934575098519,10.64277899562101
2015-06-25,2015-06-24,002334,14.56315977606253,14.72798914769573,14.82494760159761
2015-06-25,2015-06-24,002448,15.30119381542471,15.28236157688265,15.09403919146204
2015-06-25,2015-06-24,002540,13.7144664619798,13.70680474887255,13.53058534740577
2015-06-25,2015-06-24,002557,17.35674328999532,17.08971647014924,17.25883345605176
2015-06-25,2015-06-24,002563,9.514176276783861,9.326022790713134,9.361523448462329
2015-06-25,2015-06-24,002580,14.45181087304787,14.15289203270201,14.03088434276492
2015-06-25,2015-06-24,002631,34.55682183388218,34.61614684990601,33.82514663625492
2015-06-25,2015-06-24,002658,25.69957813593902,25.6422312927922,25.0933400798155
2015-06-25,2015-06-24,002713,22.81166477261054,22.45803772509809,22.41451439617349
2015-06-25,2015-06-24,300008,,,
2015-06-25,2015-06-24,300019,18.64602000820742,18.37438183951345,18.72363091354855
2015-06-25,2015-06-24,300092,15.47930226177519,15.4607863499788,15.55336590896071
2015-06-25,2015-06-24,300139,25.44666163232311,25.22712180647562,25.01756106362119
2015-06-25,2015-06-24,300150,15.58002946989049,15.58002946989049,15.56050562343699
2015-06-25,2015-06-24,300172,9.835777948366299,9.906033505140343,9.87592398080861
2015-06-25,2015-06-24,300180,6.261486479727475,6.276167573466579,6.2578162062927
2015-06-25,2015-06-24,300283,17.60343917374169,17.42740478200428,17.378506339855
2015-06-25,2015-06-24,300303,7.189699052248796,7.139421436498804,7.094171582323812
2015-06-25,2015-06-24,300306,31.01446756850491,31.77928011908878,31.25182318765162
2015-06-25,2015-06-24,300328,14.12055473266594,14.09880849847806,13.83785368822345
2015-06-25,2015-06-24,300346,8.620328415642232,,
2015-06-25,2015-06-24,300375,9.956485143327653,9.935410031140385,9.784873515517045
2015-06-25,2015-06-24,600251,14.36528838204782,14.31198490011072,14.34752055473545
2015-06-25,2015-06-24,600673,9.960470833832391,10.02502944108871,9.923580201114493
2015-06-26,2015-06-25,000518,,,
2015-06-26,2015-06-25,000656,6.548172866289069,6.400838976797565,6.138912062146002
2015-06-26,2015-06-25,000659,6.35,6.03,6.03
2015-06-26,2015-06-25,000789,7.053923937775124,6.893337136493566,6.685169060758213
2015-06-26,2015-06-25,000888,15.32741491672701,15.1604923968139,14.74809558291094
2015-06-26,2015-06-25,002154,8.362918224249897,7.997326170730776,7.555569106061839
2015-06-26,2015-06-25,002191,,,
2015-06-26,2015-06-25,002269,,,
2015-06-26,2015-06-25,002327,9.939756969095361,9.431632138042168,8.993113448229137
2015-06-26,2015-06-25,002334,13.88445059874937,13.47722509236147,12.84699514199924
2015-06-26,2015-06-25,002448,15.18820038417235,14.53848815447123,14.01118547529352
2015-06-26,2015-06-25,002540,12.98660371679093,12.52690093035585,12.05187471770627
2015-06-26,2015-06-25,002557,16.1996270706623,15.75458237091883,15.3273394591651
2015-06-26,2015-06-25,002563,8.903564963497731,8.626659833054022,8.417205952333781
2015-06-26,2015-06-25,002580,13.23783435817386,12.51798898754505,11.94455284484075
2015-06-26,2015-06-25,002631,31.10608340182928,29.09892035968963,27.9915200605781
2015-06-26,2015-06-25,002658,24.49529442985581,23.5531677210152,22.979699289547
2015-06-26,2015-06-25,002713,21.4787628242944,20.2492287821742,19.58549801607392
2015-06-26,2015-06-25,300008,,,
2015-06-26,2015-06-25,300019,17.28782916473757,16.5505255639968,16.22067921629698
2015-06-26,2015-06-25,300092,14.50721689246514,14.05357705345379,13.58142130264605
2015-06-26,2015-06-25,300139,23.60053127860555,22.93193271807,22.05377341468003
2015-06-26,2015-06-25,300150,14.59407522398889,14.2524079110527,13.84240713552927
2015-06-26,2015-06-25,300172,9.333952542837405,9.208496191455183,8.93751047246958
2015-06-26,2015-06-25,300180,5.938502417467207,5.788021206641401,5.604507534902611
2015-06-26,2015-06-25,300283,15.98979058281538,15.34433114644484,14.46415918775776
2015-06-26,2015-06-25,300303,6.782450364673864,6.616534232698892,6.485812431748914
2015-06-26,2015-06-25,300306,29.449678671908,27.84972597988196,26.60141124214735
2015-06-26,2015-06-25,300328,12.92088747996768,12.24312984777863,11.85169763239672
2015-06-26,2015-06-25,300346,,,
2015-06-26,2015-06-25,300375,9.22788840771069,9.002083634275682,8.68595695146667
2015-06-26,2015-06-25,600251,14.01881574945668,13.63680746224082,13.21926352040022
2015-06-26,2015-06-25,600673,9.453224633961296,9.222658179474436,8.927533117731253
2015-06-29,2015-06-26,000518,,,
2015-06-29,2015-06-26,000656,5.893355579660162,5.958837308323053,5.876985147494439
2015-06-29,2015-06-26,000659,6.03,5.85,5.73
2015-06-29,2015-06-26,000888,13.79565532223027,13.85456915278784,13.7367414916727
2015-06-29,2015-06-26,002154,7.525103101601912,7.372773079302277,7.007181025783156
2015-06-29,2015-06-26,002191,,,
2015-06-29,2015-06-26,002269,,,
2015-06-29,2015-06-26,002334,12.49794470795247,12.5561197802936,12.17798181007626
2015-06-29,2015-06-26,002455,13.30908070573563,13.53954097769642,12.96339029779445
2015-06-29,2015-06-26,002550,9.865232258045912,9.563045596041679,9.242262831760261
2015-06-29,2015-06-26,002557,14.57966436359607,,
2015-06-29,2015-06-26,002563,8.023148651317733,8.158051150764669,8.097700032591039
2015-06-29,2015-06-26,002631,27.9915200605781,26.2018820771925,26.79513223743082
2015-06-29,2015-06-26,002658,22.04576498687023,22.06214979919789,20.98894459173598
2015-06-29,2015-06-26,002713,19.32979845864184,18.1329069132151,18.018658174788
2015-06-29,2015-06-26,300008,,,
2015-06-29,2015-06-26,300045,19.55295143646606,18.91578804953437,18.21889059507784
2015-06-29,2015-06-26,300092,13.05371781644917,12.97039621336545,12.32233930049209
2015-06-29,2015-06-26,300107,7.613478433595069,7.698072638412791,7.486587126368484
2015-06-29,2015-06-26,300134,29.56799782072984,28.8971189912972,27.86120315173209
2015-06-29,2015-06-26,300172,8.400557288553664,8.430666812885399,8.039242996572861
2015-06-29,2015-06-26,300258,10.00452849501637,9.87716339641654,9.78163957246667
2015-06-29,2015-06-26,300270,18.83007757246158,18.85003525934284,17.38314527357079
2015-06-29,2015-06-26,300283,14.39570136874877,13.41773252576312,13.40795283733326
2015-06-29,2015-06-26,300306,26.5047108047172,25.49375168612931,24.35092833468214
2015-06-29,2015-06-26,300346,,,
2015-06-29,2015-06-26,600064,6.333586303077265,6.378346630307493,6.266445812231924
2015-06-29,2015-06-26,600251,12.61515739177978,12.69511261468543,12.43747911865612
2015-06-29,2015-06-26,600496,6.816955785900694,6.834457597931247,6.641937665595156
2015-06-29,2015-06-26,600673,8.512513499654904,8.733857295962292,8.567849448731749
2015-06-29,2015-06-26,600674,10.5735249856707,10.6535668099377,10.0452489455085
2015-06-29,2015-06-26,601058,4.872458610473056,4.403074277153827,4.436305026415366
2015-06-30,2015-06-29,000518,,,
2015-06-30,2015-06-29,000656,5.336760886025591,5.287649589528423,4.927500081882524
2015-06-30,2015-06-29,000659,5.73,5.44,5.44
2015-06-30,2015-06-29,000888,13.53054308472122,13.56,13.15742215785663
2015-06-30,2015-06-29,002154,6.771069491218724,6.512108453309347,6.100817393100335
2015-06-30,2015-06-29,002191,,,
2015-06-30,2015-06-29,002269,,,
2015-06-30,2015-06-29,002334,11.2471806526182,11.02417620864387,10.30668364976996
2015-06-30,2015-06-29,002455,11.97433163062939,11.7918839153271,10.77401771416694
2015-06-30,2015-06-29,002550,8.879638837355181,8.554207047504466,8.075357413866989
2015-06-30,2015-06-29,002557,,,
2015-06-30,2015-06-29,002563,7.884696086095879,7.881146020320958,7.717842994674668
2015-06-30,2015-06-29,002631,25.19335680478735,23.670681393509,22.67204362377449
2015-06-30,2015-06-29,002658,19.84200772879959,18.94084305077814,17.8594454371524
2015-06-30,2015-06-29,002713,17.39845073761233,16.86528995828587,15.66295799674356
2015-06-30,2015-06-29,300008,,,
2015-06-30,2015-06-29,300045,17.60163856398777,16.82509568616478,15.83948357200484
2015-06-30,2015-06-29,300092,11.74834603480425,11.38728575477481,10.64664928291953
2015-06-30,2015-06-29,300107,6.852130590235562,6.742158123972522,6.412240725183402
2015-06-30,2015-06-29,300134,26.60823827911524,24.66466284678833,23.94445469166211
2015-06-30,2015-06-29,300172,7.562508861320414,7.356760445053568,6.869989801690542
2015-06-30,2015-06-29,300258,9.004712471007728,8.851874352687938,8.705404489298136
2015-06-30,2015-06-29,300270,16.94407616218324,16.56488011143944,15.69672073210496
2015-06-30,2015-06-29,300283,12.95808716955986,12.32240742161919,11.6671682968188
2015-06-30,2015-06-29,300306,23.85863519867413,21.47628805834963,21.47628805834963
2015-06-30,2015-06-29,300346,,,
2015-06-30,2015-06-29,600064,5.719730386776996,5.828434038621835,5.627012566085809
2015-06-30,2015-06-29,600251,11.36252556625798,11.63792688959966,10.90944596979265
2015-06-30,2015-06-29,600496,6.143136022724374,6.099381492647989,5.793099782113298
2015-06-30,2015-06-29,600673,8.291169703347517,8.521736157834379,8.245056412450145
2015-06-30,2015-06-29,600674,9.516972905346302,9.733085830867202,9.372897621665702
2015-06-30,2015-06-29,601058,4.386458902523058,4.095689846484597,3.987689911384598
2015-07-01,2015-06-30,000518,,,
2015-07-01,2015-06-30,000656,5.655984313257184,5.549576504179986,5.680539961505768
2015-07-01,2015-06-30,000659,5.48,5.34,5.4
2015-07-01,2015-06-30,000888,14.65972483707458,14.70881969587256,15.09175959449674
2015-07-01,2015-06-30,002154,7.106195540277919,7.045263531358065,7.129045043622863
2015-07-01,2015-06-30,002191,,,
2015-07-01,2015-06-30,002269,,,
2015-07-01,2015-06-30,002334,12.08102335617438,11.97436905688231,11.93558567532156
2015-07-01,2015-06-30,002455,12.32962454990228,12.19518939125848,12.00313916462449
2015-07-01,2015-06-30,002550,9.767602721090698,9.790847848937178,10.32083676383691
2015-07-01,2015-06-30,002557,,,
2015-07-01,2015-06-30,002563,8.576958912205152,8.619559701504185,8.587609109529911
2015-07-01,2015-06-30,002631,27.71466998580022,27.92230754188363,28.85173279292366
2015-07-01,2015-06-30,002658,21.21833196432326,21.21833196432326,21.83276242661061
2015-07-01,2015-06-30,002713,18.27979814833566,17.91529026859206,18.06762191982819
2015-07-01,2015-06-30,300008,,,
2015-07-01,2015-06-30,300045,18.2985360184443,18.8162312703263,18.96556643913841
2015-07-01,2015-06-30,300092,12.77597913950344,12.66488366872515,12.9148484779763
2015-07-01,2015-06-30,300107,7.29202045528772,7.21588567095177,7.32585813721481
2015-07-01,2015-06-30,300134,27.57509306270935,27.61455652326421,27.82173969117723
2015-07-01,2015-06-30,300172,8.034224742517575,8.179754110120953,8.109498553346906
2015-07-01,2015-06-30,300258,9.902636416136506,10.04273802459631,10.41209681053581
2015-07-01,2015-06-30,300270,18.22136812258339,18.21138927914276,18.55066995612405
2015-07-01,2015-06-30,300283,13.56442785221096,13.37861377204369,13.64266535964981
2015-07-01,2015-06-30,300306,24.73773008440272,24.94871285697758,24.9399219081203
2015-07-01,2015-06-30,300346,,,
2015-07-01,2015-06-30,600064,6.234474149924617,6.253657147309001,6.314403305692882
2015-07-01,2015-06-30,600251,12.28645258650101,12.28645258650101,12.28645258650101
2015-07-01,2015-06-30,600496,6.396912297167403,6.309403237014634,6.335655955060465
2015-07-01,2015-06-30,600673,9.121208939500217,9.517783241217618,9.536228557576566
2015-07-01,2015-06-30,600674,10.0132322158017,10.0532531279352,10.1813200467624
2015-07-01,2015-06-30,601058,4.631535678326903,4.664766427588442,4.548458805173057
2015-07-02,2015-07-01,000518,,,
2015-07-02,2015-07-01,000656,5.189426996534087,4.927500081882524,5.02572267487686
2015-07-02,2015-07-01,000659,5.35,5.08,5.11
2015-07-02,2015-07-01,000888,14.13931933381608,13.85456915278784,14.33569876900797
2015-07-02,2015-07-01,002154,6.397860936584621,5.940870869685719,6.138899898675244
2015-07-02,2015-07-01,002191,,,
2015-07-02,2015-07-01,002269,,10.67,10.67
2015-07-02,2015-07-01,002334,10.90782606396162,10.34546703133071,10.77208422849898
2015-07-02,2015-07-01,002455,11.10050309944473,9.996214296299275,10.32269968157706
2015-07-02,2015-07-01,002550,9.270156985176037,9.000513502156874,9.377084573269842
2015-07-02,2015-07-01,002557,,,
2015-07-02,2015-07-01,002563,8.129650624565313,7.994748125118378,8.466906873182653
2015-07-02,2015-07-01,002631,27.78388250449469,,
2015-07-02,2015-07-01,002658,20.33355209862947,19.5061190760825,20.71859518832954
2015-07-02,2015-07-01,002713,16.45725874961767,15.22772470749747,15.98394254756255
2015-07-02,2015-07-01,300008,,,
2015-07-02,2015-07-01,300045,16.46669128101571,15.88926196160888,16.75540594071913
2015-07-02,2015-07-01,300092,11.50763918145129,10.4800060767521,11.40580166657119
2015-07-02,2015-07-01,300107,6.649104498673027,6.268430576993273,6.589888555300621
2015-07-02,2015-07-01,300134,25.15795610372409,23.92472296138468,24.260162376101
2015-07-02,2015-07-01,300172,7.366796953164146,7.025555677404498,7.296541396390101
2015-07-02,2015-07-01,300258,10.27836345700599,9.940845945716452,10.41209681053581
2015-07-02,2015-07-01,300270,17.02390690970824,16.16572637381439,17.02390690970824
2015-07-02,2015-07-01,300283,12.20505116046091,11.31509951334397,11.97033863814435
2015-07-02,2015-07-01,300306,22.26747345550536,20.33346470690245,20.65872981462203
2015-07-02,2015-07-01,300346,,,
2015-07-02,2015-07-01,600064,6.004278181312017,5.917954693082291,6.141756329233432
2015-07-02,2015-07-01,600251,11.68234645788057,11.21149903410287,11.7711855944424
2015-07-02,2015-07-01,600496,5.854356124220237,5.5655762257161,5.740594346021637
2015-07-02,2015-07-01,600673,9.324107419448653,9.121208939500217,9.471669950320244
2015-07-02,2015-07-01,600674,9.372897621665702,9.124767966438002,9.276847432545301
2015-07-02,2015-07-01,601058,4.170459032323059,3.817382321419214,4.054151409907675
2015-07-03,2015-07-02,000518,,,
2015-07-03,2015-07-02,000656,4.673758383313823,4.436387116910844,4.280868011336479
2015-07-03,2015-07-02,000659,5.08,4.83,4.83
2015-07-03,2015-07-02,000888,13.42253439536568,12.97086169442433,12.45045619116582
2015-07-03,2015-07-02,002154,5.758074842926159,5.339167281602166,5.255385769337368
2015-07-03,2015-07-02,002191,,,
2015-07-03,2015-07-02,002269,10.67,9.6,9.6
2015-07-03,2015-07-02,002334,9.821891380260551,9.453449255433402,9.094702975996443
2015-07-03,2015-07-02,002455,9.986611784967575,8.987950606470816,8.987950606470816
2015-07-03,2015-07-02,002550,8.34500089688615,8.252020385500233,7.852204186540785
2015-07-03,2015-07-02,002557,,,
2015-07-03,2015-07-02,002563,7.87404588877112,7.636191481851524,7.668142073825798
2015-07-03,2015-07-02,002631,,,
2015-07-03,2015-07-02,002658,20.31716728630181,19.45696463909951,19.04734433090794
2015-07-03,2015-07-02,002713,14.81425308271369,13.54119571166889,13.34534073150815
2015-07-03,2015-07-02,300008,,,
2015-07-03,2015-07-02,300045,14.99325094873619,14.48551137477501,13.80852527616009
2015-07-03,2015-07-02,300092,10.35965265007562,9.720853693100446,9.544952531034818
2015-07-03,2015-07-02,300107,5.997729121576559,5.718568245678074,5.464785631224904
2015-07-03,2015-07-02,300134,22.64216049335168,,
2015-07-03,2015-07-02,300172,6.629113607036674,6.518712017820318,6.302927093442894
2015-07-03,2015-07-02,300258,9.488699845687069,9.163918844257513,8.539829861118362
2015-07-03,2015-07-02,300270,15.49714386329244,14.51921720611108,14.41942877170481
2015-07-03,2015-07-02,300283,10.98259010672885,9.91660406787449,9.887265002584918
2015-07-03,2015-07-02,300306,20.04336339461202,,
2015-07-03,2015-07-02,300346,,,
2015-07-03,2015-07-02,600064,5.777279378930146,5.91475752685156,5.882785864544254
2015-07-03,2015-07-02,600251,10.78507117860609,10.5718572508577,10.3142237548284
2015-07-03,2015-07-02,600496,5.268045421196685,4.909258274570333,4.839251026448118
2015-07-03,2015-07-02,600673,8.872197168654406,8.604740081449648,8.263501728809095
2015-07-03,2015-07-02,600674,8.572479378995702,8.628508655982602,8.292332994061201
2015-07-03,2015-07-02,601058,3.75507466655383,3.435228704911524,3.381228737361524
2015-07-06,2015-07-03,000151,21.42725498063042,22.15948131989656,21.65848435092499
2015-07-06,2015-07-03,000518,,,
2015-07-06,2015-07-03,000659,4.83,4.85,4.59
2015-07-06,2015-07-03,000888,12.07733526430123,12.87267197682839,12.65665459811731
2015-07-06,2015-07-03,002064,6.25842013752198,6.704123648799509,6.564841301525282
2015-07-06,2015-07-03,002154,5.17922075818755,5.560045813936635,5.415332292751983
2015-07-06,2015-07-03,002191,,,
2015-07-06,2015-07-03,002436,4.406121276910138,4.734647863346421,4.509188441282306
2015-07-06,2015-07-03,002455,8.987950606470816,9.448871150392398,9.122385765114611
2015-07-06,2015-07-03,002550,7.90334346780304,8.605346328766723,8.521663868519395
2015-07-06,2015-07-03,002557,,,
2015-07-06,2015-07-03,002563,7.27408477280975,7.721393060449588,7.721393060449588
2015-07-06,2015-07-03,002588,9.189703641463561,9.92189854037788,9.72021611313202
2015-07-06,2015-07-03,002631,,,
2015-07-06,2015-07-03,002641,4.918310938523792,5.220553510164919,5.248030107586839
2015-07-06,2015-07-03,002713,13.33445989927699,14.23212855834705,14.03627357818631
2015-07-06,2015-07-03,300008,,,
2015-07-06,2015-07-03,300092,9.322761589478237,10.09117192902808,9.850465075675119
2015-07-06,2015-07-03,300134,,,
2015-07-06,2015-07-03,300150,11.66549825596437,,
2015-07-06,2015-07-03,300246,20.36310159342072,21.20098482606771,18.71907312936338
2015-07-06,2015-07-03,300258,8.692667979438154,9.348598237227259,9.10660454988759
2015-07-06,2015-07-03,300270,14.51921720611108,15.86636107059561,15.46720733297056
2015-07-06,2015-07-03,300283,9.887265002584918,10.69897914226301,10.24911347448961
2015-07-06,2015-07-03,300306,,,
2015-07-06,2015-07-03,300338,13.84072198982701,14.44987353483383,13.00189035407992
2015-07-06,2015-07-03,300346,,,
2015-07-06,2015-07-03,300375,6.135868376807304,,
2015-07-06,2015-07-03,600233,6.24552033557284,6.662815680934053,6.57935661186181
2015-07-06,2015-07-03,600251,9.958867208581081,10.77618726494991,10.55408942354534
2015-07-06,2015-07-03,600436,38.44243691235754,41.95347168011539,40.8119225904226
2015-07-06,2015-07-03,600673,8.309615019706467,9.028982357705472,8.89986514319283
2015-07-06,2015-07-03,601058,3.381228737361524,3.593074763903831,3.522459421723062
2015-07-07,2015-07-06,000151,19.28838330540562,17.390375557571,17.36147188628417
2015-07-07,2015-07-06,000518,,,
2015-07-07,2015-07-06,000659,4.59,4.36,4.36
2015-07-07,2015-07-06,000888,10.93833454018827,10.11354091238233,9.97607530774801
2015-07-07,2015-07-06,002064,5.96128446333696,5.729147217879913,5.682719768788504
2015-07-07,2015-07-06,002154,4.691764686828722,4.402337644459418,4.257624123274765
2015-07-07,2015-07-06,002191,,,
2015-07-07,2015-07-06,002436,4.009956863854621,,
2015-07-07,2015-07-06,002455,8.085314541291055,7.27870358942829,7.27870358942829
2015-07-07,2015-07-06,002550,7.852204186540785,7.801064905278531,7.46168603871993
2015-07-07,2015-07-06,002557,,,
2015-07-07,2015-07-06,002563,7.490638785079831,7.366386482957653,7.295385167459266
2015-07-07,2015-07-06,002588,9.514149285293858,9.338773261601805,9.251085249755779
2015-07-07,2015-07-06,002631,,,
2015-07-07,2015-07-06,002641,5.378543945340962,5.241160958231359,5.206815211453959
2015-07-07,2015-07-06,002713,12.012438783192,10.9896405534637,10.88083223115218
2015-07-07,2015-07-06,300008,,,
2015-07-07,2015-07-06,300092,8.387708043760956,8.035905719629701,7.758167042683976
2015-07-07,2015-07-06,300134,,,
2015-07-07,2015-07-06,300150,,,
2015-07-07,2015-07-06,300246,18.32552191402919,16.49106544255207,16.49106544255207
2015-07-07,2015-07-06,300258,8.310572683638675,7.9985281920691,7.762902759659421
2015-07-07,2015-07-06,300270,14.17993652912979,13.45148095796408,13.09224259410153
2015-07-07,2015-07-06,300283,8.899516471169413,8.302955476948167,8.009564824052472
2015-07-07,2015-07-06,300306,,,
2015-07-07,2015-07-06,300338,12.45265535448361,11.20439399176472,11.20439399176472
2015-07-07,2015-07-06,300346,,,
2015-07-07,2015-07-06,300375,,,
2015-07-07,2015-07-06,600233,5.619577317531017,5.563937938149523,5.610304087634102
2015-07-07,2015-07-06,600251,9.763421108145055,9.639046316958494,9.194850634149347
2015-07-07,2015-07-06,600436,39.55313332395053,39.04714940311373,38.06603423953991
2015-07-07,2015-07-06,600673,8.364950968783313,8.1897204633733,8.00526729978381
2015-07-07,2015-07-06,601058,3.044767401088448,,
2015-07-08,2015-07-07,000151,17.36147188628417,15.62725160907488,15.62725160907488
2015-07-08,2015-07-07,000518,,,
2015-07-08,2015-07-07,000659,4.36,4.14,4.14
2015-07-08,2015-07-07,000888,9.848428674873281,8.866531498913831,8.866531498913831
2015-07-08,2015-07-07,002064,5.36701311496692,4.828454705506572,4.921309603689391
2015-07-08,2015-07-07,002154,4.219541617699857,3.800634056375864,3.800634056375864
2015-07-08,2015-07-07,002191,,,
2015-07-08,2015-07-07,002436,,,
2015-07-08,2015-07-07,002455,7.27870358942829,,
2015-07-08,2015-07-07,002550,7.066518865329777,,
2015-07-08,2015-07-07,002557,,,
2015-07-08,2015-07-07,002563,6.741574906571847,6.06706240933717,6.06706240933717
2015-07-08,2015-07-07,002588,8.562734356764473,7.707776241265714,7.751620247188728
2015-07-08,2015-07-07,002631,,,
2015-07-08,2015-07-07,002641,5.557141828583446,5.000740730789554,5.000740730789554
2015-07-08,2015-07-07,002713,10.81010682164969,9.727464014650046,9.727464014650046
2015-07-08,2015-07-07,300008,,,
2015-07-08,2015-07-07,300092,7.545234057025584,6.795339629272121,6.795339629272121
2015-07-08,2015-07-07,300134,,,
2015-07-08,2015-07-07,300150,,,
2015-07-08,2015-07-07,300246,16.49106544255207,14.8406893782474,14.8406893782474
2015-07-08,2015-07-07,300258,7.482699542739803,6.737613715930818,6.737613715930818
2015-07-08,2015-07-07,300270,12.76294076056087,11.48564880016072,11.48564880016072
2015-07-08,2015-07-07,300283,8.009564824052472,7.207630372804239,7.207630372804239
2015-07-08,2015-07-07,300306,,,
2015-07-08,2015-07-07,300338,11.20439399176472,10.0859518107686,10.0859518107686
2015-07-08,2015-07-07,300346,,,
2015-07-08,2015-07-07,300375,,,
2015-07-08,2015-07-07,600233,5.202281972169804,4.687617712890972,4.69225432783943
2015-07-08,2015-07-07,600251,8.786190605964931,,
2015-07-08,2015-07-07,600436,35.59781999155548,,
2015-07-08,2015-07-07,600673,7.525689074451139,,
2015-07-08,2015-07-07,601058,,,
2015-07-09,2015-07-08,000151,15.62725160907488,14.06645335958651,14.06645335958651
2015-07-09,2015-07-08,000518,,,
2015-07-09,2015-07-08,000659,4.14,3.93,3.93
2015-07-09,2015-07-08,000888,8.866531498913831,8.081013758146272,8.051556842867488
2015-07-09,2015-07-08,002064,5.859144075335859,5.942713483700397,6.016997402246652
2015-07-09,2015-07-08,002154,3.800634056375864,3.861566065295718,4.00627958648037
2015-07-09,2015-07-08,002191,,,
2015-07-09,2015-07-08,002436,,,
2015-07-09,2015-07-08,002455,,,
2015-07-09,2015-07-08,002550,,,
2015-07-09,2015-07-08,002557,,,
2015-07-09,2015-07-08,002563,6.745124972346767,6.819676353620073,6.929728392642573
2015-07-09,2015-07-08,002588,8.479430745510747,8.505737149064554,8.746879181641127
2015-07-09,2015-07-08,002631,,,
2015-07-09,2015-07-08,002641,5.825038653447173,5.845646101513613,6.086066328955418
2015-07-09,2015-07-08,002713,10.9896405534637,10.9896405534637,11.02228305015716
2015-07-09,2015-07-08,300008,,,
2015-07-09,2015-07-08,300092,7.452654498043676,7.19343173289433,7.711877263193021
2015-07-09,2015-07-08,300134,,,
2015-07-09,2015-07-08,300150,,,
2015-07-09,2015-07-08,300246,14.8406893782474,14.78990857626879,15.51988260471124
2015-07-09,2015-07-08,300258,8.151366310388893,7.769271014589412,8.151366310388893
2015-07-09,2015-07-08,300270,11.9746121287514,12.18416784100455,12.67313116959524
2015-07-09,2015-07-08,300283,7.51080071412979,7.34454601082223,7.696614794297064
2015-07-09,2015-07-08,300306,,,
2015-07-09,2015-07-08,300338,10.0859518107686,,
2015-07-09,2015-07-08,300346,,,
2015-07-09,2015-07-08,300375,,,
2015-07-09,2015-07-08,600233,4.78498662680859,4.845262621138542,4.951904764953075
2015-07-09,2015-07-08,600251,,,
2015-07-09,2015-07-08,600436,,,
2015-07-09,2015-07-08,600673,,,
2015-07-09,2015-07-08,601058,,,
2015-07-10,2015-07-09,000151,17.18804985856325,18.47908050937461,18.62359886580872
2015-07-10,2015-07-09,000518,,,
2015-07-10,2015-07-09,000659,4.33,4.25,4.35
2015-07-10,2015-07-09,000888,9.750238957277336,10.62412744388125,10.65358435916003
2015-07-10,2015-07-09,002064,6.444129933887617,6.908404424801711,7.084828731349066
2015-07-10,2015-07-09,002154,4.181459112124949,4.600366673448942,4.600366673448942
2015-07-10,2015-07-09,002191,,,
2015-07-10,2015-07-09,002436,,,
2015-07-10,2015-07-09,002455,,,
2015-07-10,2015-07-09,002550,,,
2015-07-10,2015-07-09,002557,,,
2015-07-10,2015-07-09,002563,7.419637469581443,8.058649309066926,8.161601216539587
2015-07-10,2015-07-09,002588,9.325620059824901,10.21565338006207,10.25949738598508
2015-07-10,2015-07-09,002631,,,
2015-07-10,2015-07-09,002641,6.408916348662986,6.917233400968517,7.04774723872264
2015-07-10,2015-07-09,002713,12.08860460881007,13.10052200630722,13.29637698646796
2015-07-10,2015-07-09,300008,,,
2015-07-10,2015-07-09,300092,8.202548925797137,9.026507000736128,9.026507000736128
2015-07-10,2015-07-09,300134,,,
2015-07-10,2015-07-09,300150,,,
2015-07-10,2015-07-09,300246,16.3260278361216,17.9573610996843,17.9573610996843
2015-07-10,2015-07-09,300258,8.96650294142778,9.807112592186636,9.858058631626566
2015-07-10,2015-07-09,300270,13.17207334162654,14.4892806757892,14.4892806757892
2015-07-10,2015-07-09,300283,8.26383672322874,8.987533667038122,9.095110239766544
2015-07-10,2015-07-09,300306,,,
2015-07-10,2015-07-09,300338,,,
2015-07-10,2015-07-09,300346,,,
2015-07-10,2015-07-09,300375,,,
2015-07-10,2015-07-09,600233,5.262557966499757,5.791132070623962,5.791132070623962
2015-07-10,2015-07-09,600251,,,
2015-07-10,2015-07-09,600436,,,
2015-07-10,2015-07-09,600673,,,
2015-07-10,2015-07-09,601058,,3.347997988099986,3.347997988099986
2015-07-13,2015-07-10,000025,8.969181590246494,9.792537612827438,9.536082458253047
2015-07-13,2015-07-10,000518,,,
2015-07-13,2015-07-10,000789,4.43100618350967,4.704598511618991,4.615383622018125
2015-07-13,2015-07-10,000888,10.72231716147719,11.46855901520637,10.99724837074584
2015-07-13,2015-07-10,000922,7.054570196779106,7.51506797934311,7.342381310881608
2015-07-13,2015-07-10,002191,,,
2015-07-13,2015-07-10,002246,10.22986357214097,11.20879788526451,10.60185861112792
2015-07-13,2015-07-10,002436,,,
2015-07-13,2015-07-10,002455,,,
2015-07-13,2015-07-10,002540,7.500817131999009,8.244003303402385,8.129077606793615
2015-07-13,2015-07-10,002550,,7.773170751862755,7.773170751862755
2015-07-13,2015-07-10,002557,,,
2015-07-13,2015-07-10,002563,8.161601216539587,8.449156544308055,8.477557070507409
2015-07-13,2015-07-10,002588,10.25949738598508,11.28544712458359,11.00484548667631
2015-07-13,2015-07-10,002615,6.691727658970503,7.195361696227999,6.935288381906505
2015-07-13,2015-07-10,002631,,,
2015-07-13,2015-07-10,002641,7.04774723872264,7.542325992317212,7.246952570031565
2015-07-13,2015-07-10,300008,,,
2015-07-13,2015-07-10,300092,9.026507000736128,9.933786678758837,9.933786678758837
2015-07-13,2015-07-10,300134,,,
2015-07-13,2015-07-10,300139,16.43554968958281,18.08209838343901,17.44343707188267
2015-07-13,2015-07-10,300150,,,
2015-07-13,2015-07-10,300236,15.80594503165407,17.38975866822714,17.38975866822714
2015-07-13,2015-07-10,300258,9.864426886556558,10.61588096829553,10.24015392742604
2015-07-13,2015-07-10,300306,,21.79276221721192,21.73122557521092
2015-07-13,2015-07-10,300338,,,
2015-07-13,2015-07-10,300346,,,
2015-07-13,2015-07-10,300354,26.02603724889283,28.63152527787324,28.4584670324059
2015-07-13,2015-07-10,300375,,,
2015-07-13,2015-07-10,600148,14.89723290430898,16.28302201168656,16.38888090183346
2015-07-13,2015-07-10,600150,36.14059288032793,38.77270808338326,37.86943607643069
2015-07-13,2015-07-10,600251,,9.665698057927044,9.665698057927044
2015-07-13,2015-07-10,600261,6.920538867573988,7.29483728733921,6.992213033060946
2015-07-13,2015-07-10,600436,,,
2015-07-13,2015-07-10,600673,,,
2015-07-13,2015-07-10,601058,3.347997988099986,3.684459324373061,3.684459324373061
2015-07-14,2015-07-13,000025,9.866774631256867,10.66313537440893,10.85210233041111
2015-07-14,2015-07-13,000518,,,
2015-07-14,2015-07-13,000789,4.877080631513999,4.877080631513999,4.96034786180814
2015-07-14,2015-07-13,000888,11.79258508327299,11.58638667632151,11.90059377262853
2015-07-14,2015-07-13,000922,7.758108475696334,7.57263020216361,7.860441316266112
2015-07-14,2015-07-13,002191,,,
2015-07-14,2015-07-13,002246,11.25774460092069,11.49268883607034,11.85489453192605
2015-07-14,2015-07-13,002436,,,
2015-07-14,2015-07-13,002455,,,
2015-07-14,2015-07-13,002540,8.251665016509635,8.764999794695472,8.902910630625994
2015-07-14,2015-07-13,002550,7.773170751862755,8.549558021935171,8.549558021935171
2015-07-14,2015-07-13,002557,,,
2015-07-14,2015-07-13,002563,8.978116344771038,8.80771318757491,9.052667726044344
2015-07-14,2015-07-13,002588,11.28544712458359,11.78526879210594,11.9694136169826
2015-07-14,2015-07-13,002615,7.360487610082916,7.306821688080068,7.575151298094308
2015-07-14,2015-07-13,002631,,30.27553317749563,29.85037056265817
2015-07-14,2015-07-13,002641,7.755269622337096,7.542325992317212,7.562933440383652
2015-07-14,2015-07-13,300008,,,
2015-07-14,2015-07-13,300092,9.933786678758837,10.92438795986526,10.92438795986526
2015-07-14,2015-07-13,300134,,,
2015-07-14,2015-07-13,300139,18.08209838343901,18.99019493580819,18.97023676982205
2015-07-14,2015-07-13,300150,,,
2015-07-14,2015-07-13,300236,17.38975866822714,17.55071533861059,18.05933841702226
2015-07-14,2015-07-13,300258,10.85150640070521,10.50125237955569,10.70503653731541
2015-07-14,2015-07-13,300306,22.04769973407321,23.46304250009626,23.73556191467212
2015-07-14,2015-07-13,300338,,11.09454699184546,11.09454699184546
2015-07-14,2015-07-13,300346,,,
2015-07-14,2015-07-13,300354,28.63152527787324,29.55450258703234,30.68899552954042
2015-07-14,2015-07-13,300375,,6.750057360550529,6.750057360550529
2015-07-14,2015-07-13,600148,16.38888090183346,17.63031697719254,17.76504647374314
2015-07-14,2015-07-13,600150,39.75368090813819,39.190349979071,41.45338629756507
2015-07-14,2015-07-13,600251,9.665698057927044,10.63404464645098,10.63404464645098
2015-07-14,2015-07-13,600261,7.613389133947909,7.35854765666095,7.398366637487037
2015-07-14,2015-07-13,600436,,,
2015-07-14,2015-07-13,600673,,8.281947045168044,8.281947045168044
2015-07-14,2015-07-13,601058,3.684459324373061,3.941997631149983,3.99184375504229
2015-07-15,2015-07-14,000025,10.85210233041111,11.10180866512828,11.54048195584764
2015-07-15,2015-07-14,000518,,,
2015-07-15,2015-07-14,000789,4.805708719833306,4.680807874392094,4.639174259245023
2015-07-15,2015-07-14,000888,12.23443881245475,11.64530050687907,11.73367125271542
2015-07-15,2015-07-14,000922,7.7389210680895,7.489484769200665,7.431922546380163
2015-07-15,2015-07-14,002191,,,
2015-07-15,2015-07-14,002246,11.88426256131975,11.65910766930134,11.36542737536428
2015-07-15,2015-07-14,002436,,,
2015-07-15,2015-07-14,002455,,,
2015-07-15,2015-07-14,002540,9.079130032092774,8.757338081588221,8.657735811193955
2015-07-15,2015-07-14,002550,8.549558021935171,9.158580371512935,8.926129093048139
2015-07-15,2015-07-14,002557,,,
2015-07-15,2015-07-14,002563,8.711861411652087,8.601809372629587,8.520157859806442
2015-07-15,2015-07-14,002588,11.41259474176033,11.3117535281374,11.27229392280669
2015-07-15,2015-07-14,002615,7.595792037326172,7.298565392387323,7.154080217764269
2015-07-15,2015-07-14,002631,25.00549425404522,22.84013116917535,22.77091865048088
2015-07-15,2015-07-14,002641,7.391204706496648,7.075223836144562,6.937840849034957
2015-07-15,2015-07-14,300008,,,
2015-07-15,2015-07-14,300092,10.92438795986526,11.34099597528385,11.2947061957929
2015-07-15,2015-07-14,300134,,,
2015-07-15,2015-07-14,300139,19.17979751267648,18.11203563241821,18.16193104738355
2015-07-15,2015-07-14,300150,,,
2015-07-15,2015-07-14,300236,18.21385682059037,17.19017239695167,16.74593198669337
2015-07-15,2015-07-14,300258,10.45030634011576,10.1255253386862,9.864426886556558
2015-07-15,2015-07-14,300306,22.5575747677958,,
2015-07-15,2015-07-14,300338,11.09454699184546,12.20300308193983,12.20300308193983
2015-07-15,2015-07-14,300346,,,
2015-07-15,2015-07-14,300354,31.49660067505464,32.30420582056886,32.20806235086479
2015-07-15,2015-07-14,300375,6.750057360550529,7.379299995856086,7.045108931172273
2015-07-15,2015-07-14,600148,18.02488193137643,18.02488193137643,18.24622324713813
2015-07-15,2015-07-14,600150,38.95724752566389,37.74317224750184,37.51006979409473
2015-07-15,2015-07-14,600251,10.63404464645098,11.01605293366685,10.82060683323082
2015-07-15,2015-07-14,600261,7.071850994713121,6.864792294417466,6.824973313591379
2015-07-15,2015-07-14,600436,,39.15821904427303,39.15821904427303
2015-07-15,2015-07-14,600673,8.281947045168044,8.945978434090202,8.475622866937005
2015-07-15,2015-07-14,601058,3.966920693096137,3.850613070680752,3.701074699003831
2015-07-16,2015-07-15,000025,11.47974257713265,10.67663301412337,11.2367850622727
2015-07-16,2015-07-15,000518,,,
2015-07-16,2015-07-15,000789,4.32394831598863,4.080094284412931,4.169309174013796
2015-07-16,2015-07-15,000888,11.00706734250543,9.995713251267199,10.21173062997828
2015-07-16,2015-07-15,000922,6.96502896128055,6.280678089970157,6.395802535611157
2015-07-16,2015-07-15,002191,,,
2015-07-16,2015-07-15,002246,10.69975204244027,9.691449699923028,10.15154882709109
2015-07-16,2015-07-15,002436,,,
2015-07-16,2015-07-15,002455,,,
2015-07-16,2015-07-15,002540,8.175047885437122,7.661713107251287,7.791962230074558
2015-07-16,2015-07-15,002550,8.512365817380804,8.149741822975724,8.275265513346714
2015-07-16,2015-07-15,002557,,,
2015-07-16,2015-07-15,002563,7.888246151870797,7.884696086095879,8.165151282314508
2015-07-16,2015-07-15,002588,10.27703498835429,10.08412136229303,10.41295140671563
2015-07-16,2015-07-15,002615,6.836212833593555,6.233503248023109,6.584395814964807
2015-07-16,2015-07-15,002631,22.50395607837363,20.24960546946801,20.24960546946801
2015-07-16,2015-07-15,002641,6.649336576104791,6.195972718643101,6.463869543506827
2015-07-16,2015-07-15,300008,,,
2015-07-16,2015-07-15,300092,12.01682675585179,11.10028912193089,11.2947061957929
2015-07-16,2015-07-15,300134,,,
2015-07-16,2015-07-15,300139,17.26381357800744,15.66716029911658,16.35571702563827
2015-07-16,2015-07-15,300150,,,
2015-07-16,2015-07-15,300236,16.3918273118498,14.75006927393868,14.91746421113746
2015-07-16,2015-07-15,300258,9.405912531597181,8.648090194928216,9.195760118907469
2015-07-16,2015-07-15,300306,,,
2015-07-16,2015-07-15,300338,12.20300308193983,11.36417144619274,11.78358726406628
2015-07-16,2015-07-15,300346,,,
2015-07-16,2015-07-15,300354,29.03532785063035,26.96824325199276,26.92017151714072
2015-07-16,2015-07-15,300375,6.075653770557969,5.485550629314479,5.777591469623758
2015-07-16,2015-07-15,600148,16.22528079887916,14.86836229790528,15.41690381957557
2015-07-16,2015-07-15,600150,35.55783674681015,33.7998557440315,35.1401948511224
2015-07-16,2015-07-15,600251,9.674581971583226,8.990520620057138,9.310341511679725
2015-07-16,2015-07-15,600261,6.363073136008765,6.156014435713111,6.203797212704416
2015-07-16,2015-07-15,600436,39.15821904427303,35.98039319999307,37.14045389654575
2015-07-16,2015-07-15,600673,7.516466416271665,6.769431103734235,7.083001481836367
2015-07-16,2015-07-15,601058,3.572305545615369,3.269074958603832,3.360459519073062
2015-07-17,2015-07-16,000025,12.62704195286019,13.09271052300843,13.03197114429344
2015-07-17,2015-07-16,000518,,,
2015-07-17,2015-07-16,000789,4.407215546282772,4.448849161429843,4.478587457963465
2015-07-17,2015-07-16,000888,10.80086893555395,10.96779145546705,10.92851556842868
2015-07-17,2015-07-16,000922,6.843508713103938,6.95863315874494,6.977820566351772
2015-07-17,2015-07-16,002191,,,
2015-07-17,2015-07-16,002246,11.04237905203351,11.23816591465822,11.30669131657687
2015-07-17,2015-07-16,002436,,,
2015-07-17,2015-07-16,002455,,,
2015-07-17,2015-07-16,002540,8.39723756554741,8.542810114585185,8.512163262156179
2015-07-17,2015-07-16,002550,8.819201504954332,8.940076169756027,8.912182016340253
2015-07-17,2015-07-16,002557,,,
2015-07-17,2015-07-16,002563,8.520157859806442,8.555658517555637,8.711861411652087
2015-07-17,2015-07-16,002588,10.77685665587664,10.93907947779178,11.21091231451447
2015-07-17,2015-07-16,002615,6.836212833593555,6.972441712523862,6.89813505128915
2015-07-17,2015-07-16,002631,20.57589305759909,21.15925571516677,21.09993069914294
2015-07-17,2015-07-16,002641,6.821065309991795,6.944709998390437,6.985924894523319
2015-07-17,2015-07-16,300008,,,
2015-07-17,2015-07-16,300092,12.25753360920475,12.22050178561199,11.94276310866626
2015-07-17,2015-07-16,300134,,,
2015-07-17,2015-07-16,300139,17.44343707188267,17.73283047868163,17.52326973582721
2015-07-17,2015-07-16,300150,,,
2015-07-17,2015-07-16,300236,16.22443237465102,16.34675944414244,16.30169157643507
2015-07-17,2015-07-16,300258,9.743430042886722,9.800744337256644,9.870795141486548
2015-07-17,2015-07-16,300306,,,
2015-07-17,2015-07-16,300338,12.68233544522388,12.72227980883089,13.06180689949042
2015-07-17,2015-07-16,300346,,,
2015-07-17,2015-07-16,300354,31.25624200079445,31.10241244926794,31.63120153264034
2015-07-17,2015-07-16,300375,6.253286858993509,6.376726801804647,6.500166744615785
2015-07-17,2015-07-16,600148,17.85165829295423,18.18848203433073,18.85250598161582
2015-07-17,2015-07-16,600150,37.48093198741884,38.24822756321726,38.6561568566797
2015-07-17,2015-07-16,600251,10.28757201385985,10.35864332310931,10.39417897773404
2015-07-17,2015-07-16,600261,6.546240447808768,6.609950817130508,6.586059428634854
2015-07-17,2015-07-16,600436,38.99161458253408,38.99161458253408,38.99161458253408
2015-07-17,2015-07-16,600673,7.581025023527987,7.728587554399578,7.664028947143256
2015-07-17,2015-07-16,601058,3.6096901385346,3.659536262426907,3.630459356823061
2015-07-20,2015-07-17,000518,,,
2015-07-20,2015-07-17,000639,8.090196517094075,8.273501643323396,8.223959717315472
2015-07-20,2015-07-17,000789,4.692703193005543,4.752179786072786,4.775970423299684
2015-07-20,2015-07-17,000888,11.48819695872556,11.68457639391745,11.76312816799421
2015-07-20,2015-07-17,002064,7.65124361026426,7.734813018628797,7.65124361026426
2015-07-20,2015-07-17,002191,,,
2015-07-20,2015-07-17,002436,,,
2015-07-20,2015-07-17,002455,,,
2015-07-20,2015-07-17,002540,8.956542622376753,9.094453458307276,9.002512901020262
2015-07-20,2015-07-17,002550,9.600237800596044,9.790847848937178,9.776900772229292
2015-07-20,2015-07-17,002557,,,
2015-07-20,2015-07-17,002563,8.946165752796764,9.006516870970394,9.166269830841765
2015-07-20,2015-07-17,002631,21.94036842614723,22.34575603564342,22.19744349558383
2015-07-20,2015-07-17,002713,14.56943435751277,14.93938265337194,15.05907180791461
2015-07-20,2015-07-17,300008,,,
2015-07-20,2015-07-17,300092,13.06297577234736,12.87781665438354,12.67414162462334
2015-07-20,2015-07-17,300134,,,
2015-07-20,2015-07-17,300139,18.72075969499535,18.87044593989137,18.91036227186364
2015-07-20,2015-07-17,300150,,,
2015-07-20,2015-07-17,300180,5.476047964685459,5.534772339641872,5.487058784989786
2015-07-20,2015-07-17,300225,7.784640976820058,7.901850125780963,7.843245551300511
2015-07-20,2015-07-17,300283,11.17818387532598,11.38355733235296,11.62804954309938
2015-07-20,2015-07-17,300306,,,
2015-07-20,2015-07-17,300320,8.351527910359922,8.351527910359922,8.303591844547906
2015-07-20,2015-07-17,300338,13.95056898974627,14.49980398934258,14.84931717090387
2015-07-20,2015-07-17,300346,,,
2015-07-20,2015-07-17,300375,6.8795187639866,7.084248425234342,7.16854887398341
2015-07-20,2015-07-17,600251,10.89167814248029,10.82060683323082,10.92721379710502
2015-07-20,2015-07-17,600496,5.346803575334177,5.443063541502223,5.469316259548053
2015-07-20,2015-07-17,600518,12.04575449656343,12.09442421170105,11.86324306479731
2015-07-20,2015-07-17,600673,8.088271223399079,8.245056412450145,8.300392361526992
2015-07-20,2015-07-17,600690,11.22775312406646,11.08552965029222,10.94330617651798
2015-07-21,2015-07-20,000518,,,
2015-07-21,2015-07-20,000639,8.199188754311509,7.976250087275849,8.050562976287734
2015-07-21,2015-07-20,000789,4.764075104686236,4.67486021508537,4.704598511618991
2015-07-21,2015-07-20,000888,11.68457639391745,11.45874004344678,11.75330919623461
2015-07-21,2015-07-20,002064,7.641958120445978,7.521246752808314,7.567674201899724
2015-07-21,2015-07-20,002191,,,
2015-07-21,2015-07-20,002436,,,
2015-07-21,2015-07-20,002455,,,
2015-07-21,2015-07-20,002540,8.956542622376753,8.726691229159217,8.803308360231728
2015-07-21,2015-07-20,002550,9.930318616016056,9.646728056289005,9.814092976783657
2015-07-21,2015-07-20,002557,,,
2015-07-21,2015-07-20,002563,8.860964174198701,8.662160490803215,8.669260622353056
2015-07-21,2015-07-20,002631,21.59430583267487,20.67476808430548,21.08015569380166
2015-07-21,2015-07-20,002713,14.75440850544235,14.44430478685452,14.3572581290053
2015-07-21,2015-07-20,300008,,,
2015-07-21,2015-07-20,300092,12.60933593333601,12.22050178561199,12.22975974151018
2015-07-21,2015-07-20,300134,,,
2015-07-21,2015-07-20,300139,18.8305296079191,18.31161729227957,18.50121986914786
2015-07-21,2015-07-20,300150,,,
2015-07-21,2015-07-20,300180,5.6669021832938,5.50173987872889,5.549453433380974
2015-07-21,2015-07-20,300225,7.765106118659908,7.530687820738099,7.618594682458777
2015-07-21,2015-07-20,300283,11.23686200590512,10.98259010672885,11.19774325218569
2015-07-21,2015-07-20,300306,,22.5575747677958,22.06528163178779
2015-07-21,2015-07-20,300320,8.143804958507857,7.941408236190462,8.04260659734916
2015-07-21,2015-07-20,300338,15.34862171599142,14.77941453459161,15.56831571582995
2015-07-21,2015-07-20,300346,,,
2015-07-21,2015-07-20,300375,7.279945895544682,7.069194773672008,7.261881513669882
2015-07-21,2015-07-20,600251,11.17596337947814,10.82060683323082,11.0960081565725
2015-07-21,2015-07-20,600496,5.4518144475175,5.329301763303623,5.355554481349454
2015-07-21,2015-07-20,600518,11.79023849209087,11.47996905808848,11.57730848836374
2015-07-21,2015-07-20,600673,8.152829830655401,7.949931350706962,8.088271223399079
2015-07-21,2015-07-20,600690,10.79318139864517,10.54033966749096,10.50873445109669
2015-07-22,2015-07-21,000518,,,
2015-07-22,2015-07-21,000639,8.268547450722604,8.536073851165396,8.54598223636698
2015-07-22,2015-07-21,000789,4.835447016366929,4.835447016366929,4.86518531290055
2015-07-22,2015-07-21,000888,12.6664735698769,12.6664735698769,12.62719768283852
2015-07-22,2015-07-21,002064,7.567674201899724,7.641958120445978,7.614101650991132
2015-07-22,2015-07-21,002191,,,
2015-07-22,2015-07-21,002436,,,
2015-07-22,2015-07-21,002455,,,
2015-07-22,2015-07-21,002540,8.941219196162251,8.941219196162251,8.918234056840499
2015-07-22,2015-07-21,002550,9.809443951214362,9.83268907906084,9.897775437030983
2015-07-22,2015-07-21,002557,,,
2015-07-22,2015-07-21,002563,8.708311345877169,8.811263253349829,8.782862727150473
2015-07-22,2015-07-21,002631,23.41360632407239,23.9277564629456,24.5407816285252
2015-07-22,2015-07-21,002713,14.78705100213581,15.31477136534669,15.46710301658282
2015-07-22,2015-07-21,300008,,,
2015-07-22,2015-07-21,300092,13.77583837650806,13.59993721444243,13.49809969956233
2015-07-22,2015-07-21,300134,,,
2015-07-22,2015-07-21,300139,18.92034135485671,19.28956742560022,19.37937917253783
2015-07-22,2015-07-21,300150,,,
2015-07-22,2015-07-21,300180,5.59716698803306,5.59716698803306,5.637539995815593
2015-07-22,2015-07-21,300225,7.784640976820058,7.813943264060285,7.833478122220435
2015-07-22,2015-07-21,300283,11.36399795549325,11.5106932819411,11.55959172409038
2015-07-22,2015-07-21,300306,23.40150585809526,23.29601447180782,23.17294118780582
2015-07-22,2015-07-21,300320,8.95871807731211,9.107852504282823,9.113178733817492
2015-07-22,2015-07-21,300338,15.80798189747197,15.86789844288248,15.80798189747197
2015-07-22,2015-07-21,300346,,,
2015-07-22,2015-07-21,300375,7.608115499603562,,
2015-07-22,2015-07-21,600251,11.36252556625798,11.85114081734805,11.76230168078622
2015-07-22,2015-07-21,600496,5.443063541502223,5.434312635486946,5.434312635486946
2015-07-22,2015-07-21,600518,11.74156877695324,12.07617306852445,11.97274992385698
2015-07-22,2015-07-21,600673,8.23583375427067,8.1897204633733,8.392618943321736
2015-07-22,2015-07-21,600690,10.41391880191386,10.40601749781529,10.58774749208238
2015-07-23,2015-07-22,000518,,,
2015-07-23,2015-07-22,000639,8.268547450722604,8.248730680319433,8.223959717315472
2015-07-23,2015-07-22,000789,4.871132972207274,4.859237653593826,4.859237653593826
2015-07-23,2015-07-22,000888,12.58792179580015,12.64683562635771,12.47991310644461
2015-07-23,2015-07-22,002064,7.604816161172851,7.595530671354568,7.493390283353468
2015-07-23,2015-07-22,002191,,,
2015-07-23,2015-07-22,002436,,,
2015-07-23,2015-07-22,002455,,,
2015-07-23,2015-07-22,002540,8.787984934017226,8.879925491304242,9.033159753449267
2015-07-23,2015-07-22,002550,9.683920260843371,9.683920260843371,9.609535851734638
2015-07-23,2015-07-22,002557,,,
2015-07-23,2015-07-22,002563,8.669260622353056,8.672810688127974,8.683460885452734
2015-07-23,2015-07-22,002631,24.52100662318392,24.91650673000947,24.61988164989031
2015-07-23,2015-07-22,002713,15.23316512361305,15.3582946942713,15.26580762030651
2015-07-23,2015-07-22,300008,,,
2015-07-23,2015-07-22,300092,13.47032583186776,13.45180992007138,13.24813489031118
2015-07-23,2015-07-22,300134,,,
2015-07-23,2015-07-22,300139,19.29954650859329,19.30952559158636,19.1398811807042
2015-07-23,2015-07-22,300150,,,
2015-07-23,2015-07-22,300180,5.534772339641872,5.556793980250527,5.454026324076804
2015-07-23,2015-07-22,300225,7.765106118659908,7.765106118659908,7.67719925693923
2015-07-23,2015-07-22,300283,11.38355733235296,11.39333702078282,11.34443857863354
2015-07-23,2015-07-22,300306,22.41691958607922,22.32021914864908,21.81913506378378
2015-07-23,2015-07-22,300320,8.745668895925379,8.735016436856039,8.63914430523201
2015-07-23,2015-07-22,300338,15.5583296249282,15.6581905339457,15.45846871591069
2015-07-23,2015-07-22,300346,,,
2015-07-23,2015-07-22,300375,,,
2015-07-23,2015-07-22,600251,11.73564993981767,11.99328343584697,11.95774778122224
2015-07-23,2015-07-22,600496,5.381807199395285,5.346803575334177,5.320550857288347
2015-07-23,2015-07-22,600518,11.80848963526748,11.80240592087527,11.6807316330312
2015-07-23,2015-07-22,600673,8.245056412450145,8.217388437911723,8.208165779732248
2015-07-23,2015-07-22,600690,10.39021488961815,10.4534253224067,10.42972141011099
2015-07-24,2015-07-23,000518,,,
2015-07-24,2015-07-23,000639,8.54598223636698,8.620295125378867,8.550936428967773
2015-07-24,2015-07-23,000789,5.067405729329179,5.019824454875383,5.049562751409006
2015-07-24,2015-07-23,000888,12.68611151339609,12.62719768283852,12.68611151339609
2015-07-24,2015-07-23,002064,7.771954977901924,7.725527528810515,7.762669488083642
2015-07-24,2015-07-23,002191,,,
2015-07-24,2015-07-23,002436,,,
2015-07-24,2015-07-23,002455,,,
2015-07-24,2015-07-23,002540,9.247687720452303,9.270672859774058,9.285996285988558
2015-07-24,2015-07-23,002550,10.00935205069409,10.12557768992648,10.25575040586677
2015-07-24,2015-07-23,002557,,,
2015-07-24,2015-07-23,002563,8.946165752796764,8.967466147446281,8.878714503073297
2015-07-24,2015-07-23,002631,25.25268182081118,25.50975689024779,25.90525699707334
2015-07-24,2015-07-23,002713,15.96218088310025,16.21244002441675,16.15803586326098
2015-07-24,2015-07-23,300008,,,
2015-07-24,2015-07-23,300092,13.34997240519128,13.57216334674786,13.71103268522072
2015-07-24,2015-07-23,300134,,,
2015-07-24,2015-07-23,300139,20.33737113987235,20.36730838885155,20.29745480790008
2015-07-24,2015-07-23,300150,,,
2015-07-24,2015-07-23,300180,5.83206448785871,5.846745581597813,5.828394214423934
2015-07-24,2015-07-23,300225,8.146035852782846,8.136268423702772,8.146035852782846
2015-07-24,2015-07-23,300283,12.03879645715335,12.02901676872349,12.08769489930263
2015-07-24,2015-07-23,300306,22.83888513122895,23.16415023894853,23.47183344895354
2015-07-24,2015-07-23,300320,8.852193486618745,8.900129552430759,8.948065618242774
2015-07-24,2015-07-23,300338,16.26734207895252,16.32725862436303,16.57691089690681
2015-07-24,2015-07-23,300346,,,
2015-07-24,2015-07-23,300375,,,
2015-07-24,2015-07-23,600251,11.99328343584697,12.01105126315934,11.88667647197278
2015-07-24,2015-07-23,600496,5.653085285868868,5.679338003914699,5.653085285868868
2015-07-24,2015-07-23,600518,12.46553078962548,12.41077736009565,12.40469364570345
2015-07-24,2015-07-23,600673,8.392618943321736,8.346505652424366,8.374173626962788
2015-07-24,2015-07-23,600690,10.50083314699812,10.43762271420957,10.42972141011099
2015-07-27,2015-07-24,000518,,,
2015-07-27,2015-07-24,000656,5.909726011825884,5.844244283162994,5.786947770582965
2015-07-27,2015-07-24,000888,12.78430123099204,13.0199565532223,13.2065170166546
2015-07-27,2015-07-24,002154,6.679671477838943,6.542574457769273,6.550190958884254
2015-07-27,2015-07-24,002191,,,
2015-07-27,2015-07-24,002436,,,
2015-07-27,2015-07-24,002455,,,
2015-07-27,2015-07-24,002550,9.735059542105628,9.470065084655761,9.442170931239984
2015-07-27,2015-07-24,002557,,,
2015-07-27,2015-07-24,002563,8.750912135176199,8.733161806301604,8.715411477427006
2015-07-27,2015-07-24,002588,12.18424924600536,11.93872281283649,11.84665040039816
2015-07-27,2015-07-24,002631,24.38258158579498,24.32325656977115,24.3628065804537
2015-07-27,2015-07-24,300008,,,
2015-07-27,2015-07-24,300082,6.749022454185126,6.673940622185539,6.523776958186364
2015-07-27,2015-07-24,300092,13.05371781644917,12.60007797743781,12.85004278668897
2015-07-27,2015-07-24,300107,6.471456668555809,6.369943622774541,6.310727679402135
2015-07-27,2015-07-24,300134,,,
2015-07-27,2015-07-24,300139,19.41929550451011,18.88042502288444,18.96025768682898
2015-07-27,2015-07-24,300150,,,
2015-07-27,2015-07-24,300258,10.75598257675534,10.51398888941567,10.5713031837856
2015-07-27,2015-07-24,300270,19.43878702233978,18.78018335525845,19.06956981503661
2015-07-27,2015-07-24,300283,11.75518549268751,11.41289639764253,11.40311670921268
2015-07-27,2015-07-24,300306,23.42787870466711,22.80372133579981,22.32901009750637
2015-07-27,2015-07-24,300338,15.87788453378423,15.37857998869667,15.1089555343494
2015-07-27,2015-07-24,300346,,,
2015-07-27,2015-07-24,300375,,,
2015-07-27,2015-07-24,600251,11.50466818475691,11.14042772485341,11.22926686141524
2015-07-27,2015-07-24,600436,42.08305292813458,41.49068150861831,41.52770472233808
2015-07-27,2015-07-24,600496,5.863107030235514,5.959366996403559,5.906861560311898
2015-07-27,2015-07-24,600673,8.429509576039635,8.1897204633733,8.25427907062962
2015-07-27,2015-07-24,600674,10.005228033375,9.805123472707502,9.789115107854103
2015-07-27,2015-07-24,600690,10.2005835912525,10.01885359698541,9.939840555999723
2015-07-27,2015-07-24,601058,4.004305286015367,3.917074569203829,3.925382256519214
2015-07-28,2015-07-27,000518,,,
2015-07-28,2015-07-27,000656,5.320390453859869,,
2015-07-28,2015-07-27,000888,11.66493845039826,10.79104996379435,10.67322230267922
2015-07-28,2015-07-27,002154,6.009419379720555,5.58289531728158,5.483880802786818
2015-07-28,2015-07-27,002191,,,
2015-07-28,2015-07-27,002436,,,
2015-07-28,2015-07-27,002455,,,
2015-07-28,2015-07-27,002550,8.763413198122784,8.117198643990653,7.940535672357407
2015-07-28,2015-07-27,002557,,,
2015-07-28,2015-07-27,002563,7.881146020320958,7.476438521980152,7.703642731574991
2015-07-28,2015-07-27,002588,10.96538588134559,10.58832743040768,10.38226060256952
2015-07-28,2015-07-27,002631,21.94036842614723,21.05049318578974,20.26938047480929
2015-07-28,2015-07-27,300008,,,
2015-07-28,2015-07-27,300082,6.07328596618884,5.689534380413172,5.572740419524925
2015-07-28,2015-07-27,300092,11.74834603480425,10.61887541522496,10.59110154753039
2015-07-28,2015-07-27,300107,5.828540711941113,5.48170447218845,5.354813164961865
2015-07-28,2015-07-27,300134,,,
2015-07-28,2015-07-27,300139,17.47337432086187,16.11621903380463,15.91663737394328
2015-07-28,2015-07-27,300150,,,
2015-07-28,2015-07-27,300258,9.679747493586808,9.017448980867712,9.10660454988759
2015-07-28,2015-07-27,300270,17.49291255141767,16.84428772777697,16.05595909596751
2015-07-28,2015-07-27,300283,10.58162288110473,9.750349364566929,9.681891545557933
2015-07-28,2015-07-27,300306,21.08948630862904,19.07635902031056,18.97965858288041
2015-07-28,2015-07-27,300338,14.29009608040581,12.98191817227641,12.8620850814554
2015-07-28,2015-07-27,300346,,,
2015-07-28,2015-07-27,300375,,,
2015-07-28,2015-07-27,600251,10.35864332310931,9.870028072019251,9.736769367176507
2015-07-28,2015-07-27,600436,37.87474763532112,36.51722979892968,36.75788068810817
2015-07-28,2015-07-27,600496,5.320550857288347,5.031770958784209,4.909258274570333
2015-07-28,2015-07-27,600673,8.069825907040132,7.728587554399578,7.67325160532273
2015-07-28,2015-07-27,600674,9.004705230037501,8.668529568116101,8.604496108702502
2015-07-28,2015-07-27,600690,9.181315362537104,8.817855374002933,8.580816251045864
2015-07-28,2015-07-27,601058,3.605536294876908,3.339690300784601,3.293998020549986
2015-07-29,2015-07-28,000518,,,
2015-07-29,2015-07-28,000656,,,
2015-07-29,2015-07-28,000888,10.94815351194787,11.09543808834178,11.03652425778422
2015-07-29,2015-07-28,002154,5.62859432397147,5.826623352960994,5.71999233735125
2015-07-29,2015-07-28,002191,,,
2015-07-29,2015-07-28,002436,,,
2015-07-29,2015-07-28,002455,,,
2015-07-29,2015-07-28,002550,8.019569107035437,8.252020385500233,8.089304490574875
2015-07-29,2015-07-28,002557,,,
2015-07-29,2015-07-28,002563,7.913096612295233,8.122550493015474,8.076399637941524
2015-07-29,2015-07-28,002588,11.11007110089154,11.35998193465271,11.09691789911463
2015-07-29,2015-07-28,002631,19.74534283326544,19.88376787065438,19.75523033593608
2015-07-29,2015-07-28,300008,,,
2015-07-29,2015-07-28,300082,5.772958638190491,5.881410173301005,5.839698044412346
2015-07-29,2015-07-28,300092,10.5818435916322,10.93364591576345,10.64664928291953
2015-07-29,2015-07-28,300107,5.507082733633766,5.66781172278744,5.583217517969716
2015-07-29,2015-07-28,300134,,,
2015-07-29,2015-07-28,300139,16.14615628278384,16.58523593447883,16.22598894672839
2015-07-29,2015-07-28,300150,,,
2015-07-29,2015-07-28,300258,9.686115748516801,9.896268161206514,9.794376082326654
2015-07-29,2015-07-28,300270,16.61477432864257,17.34322989980828,17.05384344003012
2015-07-29,2015-07-28,300283,9.721010299277358,10.03396032903277,10.0046212637432
2015-07-29,2015-07-28,300306,18.97965858288041,18.9884495317377,17.74892574286038
2015-07-29,2015-07-28,300338,12.8620850814554,13.3314313538377,12.98191817227641
2015-07-29,2015-07-28,300346,,,
2015-07-29,2015-07-28,300375,,,
2015-07-29,2015-07-28,600251,10.46525028698351,10.58962507817007,10.49190202795206
2015-07-29,2015-07-28,600436,38.63989405219629,39.40504046907147,38.84352172765501
2015-07-29,2015-07-28,600496,5.014269146753656,5.17178545502864,5.093027300891148
2015-07-29,2015-07-28,600673,7.931486034348015,8.208165779732248,8.060603248860657
2015-07-29,2015-07-28,600674,9.092751236731202,9.284851614972002,9.140776331291402
2015-07-29,2015-07-28,600690,8.904769719087192,9.102302321551415,9.031190584664294
2015-07-29,2015-07-28,601058,3.256613427630755,3.385382581019217,3.343844144442293
2015-07-30,2015-07-29,000518,,,
2015-07-30,2015-07-29,000656,,,
2015-07-30,2015-07-29,000888,11.81222302679218,12.16570601013758,12.44063721940623
2015-07-30,2015-07-29,002154,6.192215406480116,6.237914413170006,6.359778431009713
2015-07-30,2015-07-29,002191,,,
2015-07-30,2015-07-29,002436,,,
2015-07-30,2015-07-29,002455,,,
2015-07-30,2015-07-29,002550,8.572803149781651,8.451928484979957,8.484471663965028
2015-07-30,2015-07-29,002557,,,
2015-07-30,2015-07-29,002563,8.303603847536362,8.662160490803215,8.626659833054022
2015-07-30,2015-07-29,002588,11.53097355775246,11.68881197907531,11.82472839743665
2015-07-30,2015-07-29,002631,20.69454308964675,20.46713052822206,20.81319312169442
2015-07-30,2015-07-29,300008,,,
2015-07-30,2015-07-29,300082,6.156710223966159,6.1149980950775,6.181737501299355
2015-07-30,2015-07-29,300092,11.28544823989471,11.13732094552365,11.27619028399652
2015-07-30,2015-07-29,300107,6.006188542058331,5.887756655313519,5.989269701094788
2015-07-30,2015-07-29,300134,,,
2015-07-30,2015-07-29,300139,17.2139181630421,17.00435742018768,17.26381357800744
2015-07-30,2015-07-29,300150,,,
2015-07-30,2015-07-29,300258,10.30383647672596,10.25925869221602,10.25925869221602
2015-07-30,2015-07-29,300270,18.28124118322714,18.02179125377086,18.41096614795528
2015-07-30,2015-07-29,300283,10.68919945383315,10.58162288110473,10.84567446871086
2015-07-30,2015-07-29,300306,19.03240427602412,18.32912836744125,18.50494734458697
2015-07-30,2015-07-29,300338,14.15029080778129,14.11034644417429,14.28010998950406
2015-07-30,2015-07-29,300346,,,
2015-07-30,2015-07-29,300375,,,
2015-07-30,2015-07-29,600251,11.05158858829158,10.83837466054319,10.94498162441739
2015-07-30,2015-07-29,600436,39.82463689122883,39.23843600733252,39.5099395746108
2015-07-30,2015-07-29,600496,5.399309011425839,5.303049045257793,5.381807199395285
2015-07-30,2015-07-29,600673,8.309615019706467,8.208165779732248,8.337282994244889
2015-07-30,2015-07-29,600674,9.460943628359402,9.404914351372502,9.444935263506002
2015-07-30,2015-07-29,600690,9.252427099424226,9.157611450241397,9.078598409255708
2015-07-30,2015-07-29,601058,3.455997923199985,3.41030564296537,3.439382548569216
2015-07-31,2015-07-30,000518,,6.92,6.92
2015-07-31,2015-07-30,000656,,,
2015-07-31,2015-07-30,000888,12.35226647356988,12.11661115133961,12.04787834902245
2015-07-31,2015-07-30,002154,6.009419379720555,5.872322359650885,5.910404865225793
2015-07-31,2015-07-30,002191,,,
2015-07-31,2015-07-30,002436,,,
2015-07-31,2015-07-30,002455,,,
2015-07-31,2015-07-30,002550,8.112549618421356,7.977727876911775,7.92658859564952
2015-07-31,2015-07-30,002557,,,
2015-07-31,2015-07-30,002563,8.378155228809669,8.513057728256603,8.498857465156927
2015-07-31,2015-07-30,002588,11.12760870326074,11.17145270918376,10.9873078843071
2015-07-31,2015-07-30,002631,19.77500534127736,19.68601781724161,19.95298038934885
2015-07-31,2015-07-30,300008,,,
2015-07-31,2015-07-30,300082,6.089970817744303,5.93980715374513,5.981519282633789
2015-07-31,2015-07-30,300092,10.52629585624305,10.11894579672265,10.10042988492627
2015-07-31,2015-07-30,300107,5.760865348086935,5.608595779415034,5.642433461342123
2015-07-31,2015-07-30,300134,,,
2015-07-31,2015-07-30,300139,16.54531960250655,16.16611444876997,16.16611444876997
2015-07-31,2015-07-30,300150,,,
2015-07-31,2015-07-30,300258,9.698852258376784,9.539645885126999,9.475963335827087
2015-07-31,2015-07-30,300270,17.78229901119584,17.16361071787701,17.4629760210958
2015-07-31,2015-07-30,300283,10.39580880093746,10.29801191663889,10.15131659019105
2015-07-31,2015-07-30,300306,17.13355932285036,16.52698385169763,16.35116487455191
2015-07-31,2015-07-30,300338,13.26152871752544,12.72227980883089,13.09176517219568
2015-07-31,2015-07-30,300346,,,
2015-07-31,2015-07-30,300375,,,
2015-07-31,2015-07-30,600251,10.50078594160824,10.3142237548284,10.34975940945313
2015-07-31,2015-07-30,600436,38.38073155615793,38.0845458463998,37.95496459838061
2015-07-31,2015-07-30,600496,5.189287267059193,5.119280018936978,5.101778206906425
2015-07-31,2015-07-30,600673,7.913040717989066,7.793146161655898,7.857704768912218
2015-07-31,2015-07-30,600674,9.044726142171003,8.884642493637001,8.964684317904002
2015-07-31,2015-07-30,600690,8.69143450842583,8.588717555144433,8.612421467440141
2015-07-31,2015-07-30,601058,3.385382581019217,3.331382613469216,3.381228737361524
2015-08-03,2015-07-31,000639,7.287617315765698,7.119174767338754,7.134037345141132
2015-08-03,2015-07-31,000651,17.03855787554063,16.87817700804338,16.9469116655422
2015-08-03,2015-07-31,000656,,,
2015-08-03,2015-07-31,000888,11.63548153511948,11.44892107168718,11.53729181752353
2015-08-03,2015-07-31,000895,12.99831580504079,12.90485077100351,12.99163973118098
2015-08-03,2015-07-31,002064,6.843405996073738,6.787693057164046,6.741265608072637
2015-08-03,2015-07-31,002191,,,
2015-08-03,2015-07-31,002436,,,
2015-08-03,2015-07-31,002455,,,
2015-08-03,2015-07-31,002550,7.894045416664448,7.717382445031205,7.647647061491765
2015-08-03,2015-07-31,002557,,,
2015-08-03,2015-07-31,002615,6.481192118805484,6.600908406350299,6.691727658970503
2015-08-03,2015-07-31,002631,21.75250587540509,22.11834347421872,22.23699350626639
2015-08-03,2015-07-31,300008,,,
2015-08-03,2015-07-31,300082,5.998204134189253,6.140025372410696,6.165052649743891
2015-08-03,2015-07-31,300134,,,
2015-08-03,2015-07-31,300150,,,
2015-08-03,2015-07-31,300246,16.3260278361216,16.23081383241172,15.58970620743183
2015-08-03,2015-07-31,300258,9.374071256947225,9.348598237227259,9.100236294957599
2015-08-03,2015-07-31,300270,17.5428067686208,17.26339915228327,16.96403384906449
2015-08-03,2015-07-31,300283,10.2295540976299,9.877485314155063,9.789468118286354
2015-08-03,2015-07-31,300306,15.6039342216826,15.3489967048213,14.99735875052986
2015-08-03,2015-07-31,300338,12.8820572632589,12.70230762702738,12.51257189989411
2015-08-03,2015-07-31,300346,,,
2015-08-03,2015-07-31,300354,26.97785759896316,26.01642290192242,25.40110469581635
2015-08-03,2015-07-31,300375,,,
2015-08-03,2015-07-31,600095,7.76880689562591,7.740139711509208,7.654138159159106
2015-08-03,2015-07-31,600251,10.37641115042168,9.967751122237264,10.09212591342382
2015-08-03,2015-07-31,600436,38.25115030813875,37.76367799416182,37.52302710498334
2015-08-03,2015-07-31,600496,5.075525488860594,4.996767334723102,4.961763710661995
2015-08-03,2015-07-31,600613,14.71327509270031,14.53044172006375,14.4342136292024
2015-08-03,2015-07-31,600673,7.802368819835373,7.700919579861154,7.553357048989562
2015-08-03,2015-07-31,601628,24.48226674588657,24.14416178728545,24.23952472432679
2015-08-04,2015-08-03,000639,7.183579271149056,7.282663123164904,7.456059864192642
2015-08-04,2015-08-03,000651,17.6342582405304,17.60370950386426,17.64189542469693
2015-08-04,2015-08-03,000656,,,
2015-08-04,2015-08-03,000888,11.00706734250543,11.02670528602462,11.23290369297611
2015-08-04,2015-08-03,000895,13.3988802366291,13.33211949803105,13.36549986733007
2015-08-04,2015-08-03,002064,7.530532242626595,7.669814589900824,7.669814589900824
2015-08-04,2015-08-03,002191,,,
2015-08-04,2015-08-03,002436,,,
2015-08-04,2015-08-03,002455,,,
2015-08-04,2015-08-03,002550,7.401248706319082,7.522123371120776,7.661594138199654
2015-08-04,2015-08-03,002557,,,
2015-08-04,2015-08-03,002615,6.646318032660401,6.646318032660401,6.790803207283453
2015-08-04,2015-08-03,002631,21.73273087006381,,
2015-08-04,2015-08-03,300008,,,
2015-08-04,2015-08-03,300082,5.948149579522862,5.964834431078326,6.156710223966159
2015-08-04,2015-08-03,300134,,,
2015-08-04,2015-08-03,300150,,,
2015-08-04,2015-08-03,300246,14.72008497354821,15.0628553869038,15.7801342148516
2015-08-04,2015-08-03,300258,8.756350528738068,8.77545529352804,8.947398176637808
2015-08-04,2015-08-03,300270,15.79650916651123,15.9761283484425,16.40521861638942
2015-08-04,2015-08-03,300283,9.310263385223385,9.535196219110086,9.681891545557933
2015-08-04,2015-08-03,300306,14.06551817165755,14.32924663737613,14.80395787566957
2015-08-04,2015-08-03,300338,11.62380980963827,11.79357335496804,12.08316999111882
2015-08-04,2015-08-03,300346,,,
2015-08-04,2015-08-03,300354,24.27622610027868,24.31468348816031,24.75694344879905
2015-08-04,2015-08-03,300375,,,
2015-08-04,2015-08-03,600095,7.157240301136293,7.185907485252994,7.491690782497802
2015-08-04,2015-08-03,600251,10.96274945172975,10.85614248785556,10.9894011926983
2015-08-04,2015-08-03,600436,38.84969226327497,38.88671547699474,39.27545922105229
2015-08-04,2015-08-03,600496,4.909258274570333,4.979265522692549,5.023020052768933
2015-08-04,2015-08-03,600613,14.38609958377173,14.54968733823602,14.90573127442301
2015-08-04,2015-08-03,600673,7.710142238040627,7.664028947143256,7.774700845296949
2015-08-04,2015-08-03,601628,25.12379923143742,24.96775078900614,24.84637977822624
2015-08-05,2015-08-04,000639,7.852395272256037,7.832578501852868,7.783036575844943
2015-08-05,2015-08-04,000651,17.86337376552646,17.73354163469536,17.65716979303
2015-08-05,2015-08-04,000656,,,
2015-08-05,2015-08-04,000888,11.80240405503259,11.91041274438813,11.83186097031137
2015-08-05,2015-08-04,000895,13.66592319102131,13.60583852628306,13.48566919680657
2015-08-05,2015-08-04,002064,7.827667916811615,7.706956549173952,7.623387140809415
2015-08-05,2015-08-04,002191,,,
2015-08-05,2015-08-04,002436,,,
2015-08-05,2015-08-04,002455,,,
2015-08-05,2015-08-04,002550,8.131145720698539,8.182285001960794,8.140443771837132
2015-08-05,2015-08-04,002557,,,
2015-08-05,2015-08-04,002615,7.310949835926442,7.356359462236544,7.236643174691729
2015-08-05,2015-08-04,002631,,,
2015-08-05,2015-08-04,300008,,,
2015-08-05,2015-08-04,300082,6.482064829297704,6.5070921066309,6.398640571520385
2015-08-05,2015-08-04,300134,,,
2015-08-05,2015-08-04,300150,,,
2015-08-05,2015-08-04,300246,16.19272823092777,17.23373467148917,17.15121586827394
2015-08-05,2015-08-04,300258,9.354966492157251,9.444122061177129,9.361334747087243
2015-08-05,2015-08-04,300270,17.37316643013016,17.78229901119584,17.49291255141767
2015-08-05,2015-08-04,300283,10.20021503234033,10.27845253977918,10.1610962786209
2015-08-05,2015-08-04,300306,15.47206998882331,16.08743640883333,17.01927698770564
2015-08-05,2015-08-04,300338,12.78219635424139,13.10175126309743,13.13170953580268
2015-08-05,2015-08-04,300346,,,
2015-08-05,2015-08-04,300354,26.17025245344894,26.13179506556731,25.47801947157961
2015-08-05,2015-08-04,300375,,,
2015-08-05,2015-08-04,600095,7.873919904053812,7.873919904053812,7.912142816209412
2015-08-05,2015-08-04,600251,11.30922208432089,11.3536416526018,11.23815077507142
2015-08-05,2015-08-04,600436,40.10848152974703,40.04060563792746,39.60249760891023
2015-08-05,2015-08-04,600496,5.276796327211962,5.346803575334177,5.329301763303623
2015-08-05,2015-08-04,600613,15.54083667410792,15.67555600131381,15.75253847400289
2015-08-05,2015-08-04,600673,8.014489957963285,7.931486034348015,7.866927427091693
2015-08-05,2015-08-04,601628,25.32319446343296,25.12379923143742,25.00242822065753
2015-08-06,2015-08-05,000639,8.040654591086151,8.199188754311509,8.159555213505168
2015-08-06,2015-08-05,000651,17.33640805803551,17.07674379637331,17.09201816470638
2015-08-06,2015-08-05,000656,,,
2015-08-06,2015-08-05,000888,11.74349022447502,11.46855901520637,11.71403330919624
2015-08-06,2015-08-05,000895,13.31209127645163,13.17856979925553,13.265358759433
2015-08-06,2015-08-05,002064,7.511961262990032,7.279824017532985,7.391249895352368
2015-08-06,2015-08-05,002191,,,
2015-08-06,2015-08-05,002436,,,
2015-08-06,2015-08-05,002455,,,
2015-08-06,2015-08-05,002550,8.112549618421356,7.912641518941632,7.991674953619663
2015-08-06,2015-08-05,002557,,,
2015-08-06,2015-08-05,002615,7.286180948848203,6.947672825445624,7.009595043141218
2015-08-06,2015-08-05,002631,,,
2015-08-06,2015-08-05,300008,,,
2015-08-06,2015-08-05,300082,6.381955719964922,6.131682946632964,6.181737501299355
2015-08-06,2015-08-05,300134,,,
2015-08-06,2015-08-05,300150,,,
2015-08-06,2015-08-05,300246,17.18295386951057,16.56723664551998,16.821140655413
2015-08-06,2015-08-05,300258,9.233969648487417,8.998344216077738,9.093868040027607
2015-08-06,2015-08-05,300270,16.87422425809885,16.28547249510191,16.75447813681134
2015-08-06,2015-08-05,300283,10.17087596705076,9.740569676137072,9.906824379444632
2015-08-06,2015-08-05,300306,17.01927698770564,17.31816924885336,16.9841131922765
2015-08-06,2015-08-05,300338,12.92200162686591,12.50258580899236,12.42269708177835
2015-08-06,2015-08-05,300346,,,
2015-08-06,2015-08-05,300354,25.75683553372142,25.38187600187553,25.75683553372142
2015-08-06,2015-08-05,300375,,,
2015-08-06,2015-08-05,600095,7.77836262366481,7.558580878770104,7.577692334847904
2015-08-06,2015-08-05,600251,10.94498162441739,10.58074116451389,10.70511595570045
2015-08-06,2015-08-05,600436,39.65803242948987,38.73862262211567,39.17056011551294
2015-08-06,2015-08-05,600496,5.320550857288347,5.154283642998085,5.17178545502864
2015-08-06,2015-08-05,600613,15.41574015598816,15.06931902888731,15.27139801969614
2015-08-06,2015-08-05,600673,7.700919579861154,7.498021099912717,7.516466416271665
2015-08-06,2015-08-05,601628,24.43891995632233,24.14416178728545,24.32621830345528
2015-08-07,2015-08-06,000639,8.258639065521018,8.313135184129736,8.26359325812181
2015-08-07,2015-08-06,000651,16.93163729720913,17.11492971720598,17.03092069137409
2015-08-07,2015-08-06,000656,,,
2015-08-07,2015-08-06,000888,11.5962056480811,11.76312816799421,11.76312816799421
2015-08-07,2015-08-06,000895,13.30541520259183,13.39220416276929,13.34547164575066
2015-08-07,2015-08-06,002064,7.344822446260959,7.54910322226316,7.465533813898622
2015-08-07,2015-08-06,002191,,,
2015-08-07,2015-08-06,002436,,,
2015-08-07,2015-08-06,002455,,,
2015-08-07,2015-08-06,002550,8.019569107035437,8.205530129807274,8.196232078668682
2015-08-07,2015-08-06,002557,,,
2015-08-07,2015-08-06,002615,7.154080217764269,7.377000201468408,7.315077983772814
2015-08-07,2015-08-06,002631,,,
2015-08-07,2015-08-06,300008,,,
2015-08-07,2015-08-06,300082,6.306873887965334,6.440352700409044,6.46537997774224
2015-08-07,2015-08-06,300134,,,
2015-08-07,2015-08-06,300150,,,
2015-08-07,2015-08-06,300246,17.40511987816697,18.01448950191023,18.07796550438349
2015-08-07,2015-08-06,300258,9.138445824537547,9.374071256947225,9.323125217507295
2015-08-07,2015-08-06,300270,17.06382228347075,17.66255288990832,17.36318758668953
2015-08-07,2015-08-06,300283,10.04374001746262,10.32735098192846,10.26867285134932
2015-08-07,2015-08-06,300306,18.45220165144325,17.75771669171766,17.4851972771418
2015-08-07,2015-08-06,300338,13.3314313538377,13.64100017179199,13.49120880826572
2015-08-07,2015-08-06,300346,,,
2015-08-07,2015-08-06,300354,25.73760683978061,25.75683553372142,25.18958906246738
2015-08-07,2015-08-06,300375,,,
2015-08-07,2015-08-06,600095,8.074590192870717,8.170147473259721,8.208370385415321
2015-08-07,2015-08-06,600251,10.69623204204426,10.90944596979265,10.89167814248029
2015-08-07,2015-08-06,600436,39.52228064585073,39.97890028172785,39.87400117618851
2015-08-07,2015-08-06,600496,5.224290891120301,5.31179995127307,5.28554723322724
2015-08-07,2015-08-06,600613,15.40611734690203,15.85838937395037,15.67555600131381
2015-08-07,2015-08-06,600673,7.525689074451139,7.617915656245883,7.571802365348512
2015-08-07,2015-08-06,601628,24.17016986102399,24.40424252467093,24.41291188258378
2015-08-10,2015-08-07,000029,10.27062184810225,10.28013168314679,10.58444640457204
2015-08-10,2015-08-07,000639,8.516257080762227,8.654974473584414,8.694608014390754
2015-08-10,2015-08-07,000656,,,
2015-08-10,2015-08-07,002041,18.45709228041942,18.43751954205207,18.88769252450132
2015-08-10,2015-08-07,002189,21.66271302721069,22.3351697508935,22.86352860521572
2015-08-10,2015-08-07,002191,,,
2015-08-10,2015-08-07,002237,9.927912587364023,9.94682289705424,9.994098671279783
2015-08-10,2015-08-07,002244,6.597703123607356,6.614685628430027,6.597703123607356
2015-08-10,2015-08-07,002271,8.624750303988163,8.652305416780457,8.662638584077568
2015-08-10,2015-08-07,002285,11.83366203917797,12.04881953079939,12.11822517325791
2015-08-10,2015-08-07,002386,5.016622467733722,5.052817435033388,5.117968376172787
2015-08-10,2015-08-07,002436,,,
2015-08-10,2015-08-07,002455,,,
2015-08-10,2015-08-07,002540,8.213356450973381,8.266988442724138,8.27465015583139
2015-08-10,2015-08-07,002542,9.754250424184702,9.91200110489928,9.918574049929054
2015-08-10,2015-08-07,002557,,,
2015-08-10,2015-08-07,002588,11.55727996130627,11.80280639447515,11.88172560513657
2015-08-10,2015-08-07,002615,7.455435010549492,7.537997967476953,7.533869819630579
2015-08-10,2015-08-07,002631,,,
2015-08-10,2015-08-07,002641,7.954474953646021,7.9269983562241,7.975082401712461
2015-08-10,2015-08-07,002658,24.56083367916646,24.88033751955588,24.86395270722822
2015-08-10,2015-08-07,300008,,,
2015-08-10,2015-08-07,300134,,,
2015-08-10,2015-08-07,300139,17.16402274807676,17.41349982290346,17.44343707188267
2015-08-10,2015-08-07,300150,,,
2015-08-10,2015-08-07,300180,5.523761519337545,5.542112886511423,5.545783159946199
2015-08-10,2015-08-07,300225,7.110688370294859,7.159525515695236,7.198595232015538
2015-08-10,2015-08-07,300236,16.88113558981546,17.04853052701424,16.93264172433816
2015-08-10,2015-08-07,300346,,,
2015-08-10,2015-08-07,300375,,,
2015-08-10,2015-08-07,600352,11.96264369012879,12.08199470161895,12.05445216050584
2015-08-10,2015-08-07,600476,24.16,25.78,26.58
2015-08-10,2015-08-07,600690,8.967980151875743,9.236624491227087,9.323538836311345
2015-08-10,2015-08-07,600707,11.75884700769331,11.79864006017282,11.85832963889207
2015-08-11,2015-08-10,000029,10.63199557979474,10.52738739430481,10.47983821908211
2015-08-11,2015-08-10,000639,8.937363451829583,9.011676340841472,8.962134414833546
2015-08-11,2015-08-10,000656,,,
2015-08-11,2015-08-10,002041,19.39658372205265,19.5629519981752,19.48466104470576
2015-08-11,2015-08-10,002189,23.83378759224378,24.72719438227952,25.07302926874497
2015-08-11,2015-08-10,002191,,,
2015-08-11,2015-08-10,002237,10.3439394005488,10.55195280714119,10.447946103845
2015-08-11,2015-08-10,002244,6.886405705592749,6.85244069594741,6.809984433890733
2015-08-11,2015-08-10,002271,8.927856544703403,9.0587433304668,9.151741836140795
2015-08-11,2015-08-10,002285,13.01355796097284,13.08296360343137,12.8608655475641
2015-08-11,2015-08-10,002386,5.277226232291317,5.306182206131051,5.248270258451585
2015-08-11,2015-08-10,002436,,,
2015-08-11,2015-08-10,002455,,,
2015-08-11,2015-08-10,002540,8.634750671872199,8.665397524301206,8.627088958764949
2015-08-11,2015-08-10,002542,10.33266958680482,10.37210725698346,10.19463774117957
2015-08-11,2015-08-10,002557,,,
2015-08-11,2015-08-10,002588,12.05710162882862,12.14040524008235,12.12286763771314
2015-08-11,2015-08-10,002615,7.810455725337565,7.822840168876683,7.727892768410106
2015-08-11,2015-08-10,002631,,23.90798145760432,23.90798145760432
2015-08-11,2015-08-10,002641,8.339147317552911,8.455922856596073,8.462792005951552
2015-08-11,2015-08-10,002658,25.54392241882622,25.23261098460063,25.15068692296232
2015-08-11,2015-08-10,300008,,,
2015-08-11,2015-08-10,300134,,,
2015-08-11,2015-08-10,300139,18.21182646234889,18.29165912629343,18.16193104738355
2015-08-11,2015-08-10,300150,,,
2015-08-11,2015-08-10,300180,5.721956284815437,5.725626558250212,5.707275191076334
2015-08-11,2015-08-10,300225,7.579524966138476,7.559990107978326,7.520920391658025
2015-08-11,2015-08-10,300236,17.95632614797686,17.64085107402531,17.60865973994862
2015-08-11,2015-08-10,300346,,,
2015-08-11,2015-08-10,300375,,,
2015-08-11,2015-08-10,600352,12.49513281831564,12.47677112424024,12.57776044165498
2015-08-11,2015-08-10,600476,26.58,28.75,28.49
2015-08-11,2015-08-10,600690,9.544775351071275,9.552676655169844,9.924037947802585
2015-08-11,2015-08-10,600707,12.44527716296475,12.47512195232438,12.45522542608463
2015-08-12,2015-08-11,000029,10.3562103635031,10.08042514721147,10.1850333327014
2015-08-12,2015-08-11,000639,9.046355689047019,8.976996992635925,8.96708860743434
2015-08-12,2015-08-11,000656,,,
2015-08-12,2015-08-11,002041,19.42594282960369,19.25957455348114,19.57273836735888
2015-08-12,2015-08-11,002189,24.20844205258135,24.57348998829487,25.16909451498537
2015-08-12,2015-08-11,002191,,,
2015-08-12,2015-08-11,002237,11.37455127866564,11.45964767227161,11.27999973021455
2015-08-12,2015-08-11,002244,6.877914453181414,6.759036919422723,6.784510676656729
2015-08-12,2015-08-11,002271,8.920967766505328,8.745303922454452,8.686749307770825
2015-08-12,2015-08-11,002285,12.77063821236802,12.45831282130467,12.58324297773001
2015-08-12,2015-08-11,002386,5.335138179970784,5.269987238831384,5.284465225751251
2015-08-12,2015-08-11,002436,,,
2015-08-12,2015-08-11,002455,,,
2015-08-12,2015-08-11,002540,8.87226377819699,8.757338081588221,8.795646647124478
2015-08-12,2015-08-11,002542,10.05660589555431,9.990876445256569,10.20121068620934
2015-08-12,2015-08-11,002557,,,
2015-08-12,2015-08-11,002588,11.85103480099046,11.75457798795983,12.05271722823632
2015-08-12,2015-08-11,002615,7.802199429644818,7.711380177024615,7.756789803334716
2015-08-12,2015-08-11,002631,23.90798145760432,26.2018820771925,25.26256932348182
2015-08-12,2015-08-11,002641,8.297932421420029,8.201764330443307,8.146811135599465
2015-08-12,2015-08-11,002658,24.85576030106439,24.58541089765795,24.64275774080477
2015-08-12,2015-08-11,300008,,,
2015-08-12,2015-08-11,300134,,,
2015-08-12,2015-08-11,300139,18.2417637113281,17.97232847051527,18.11203563241821
2015-08-12,2015-08-11,300150,,,
2015-08-12,2015-08-11,300180,5.696264370772006,5.674242730163352,5.685253550467679
2015-08-12,2015-08-11,300225,7.657664398779079,7.599059824298627,7.628362111538853
2015-08-12,2015-08-11,300236,18.34906042371246,18.02070881613024,18.05933841702226
2015-08-12,2015-08-11,300346,,,
2015-08-12,2015-08-11,300375,,,
2015-08-12,2015-08-11,600352,13.11024956984184,12.93581347612545,13.09188787576643
2015-08-12,2015-08-11,600476,28.23,27.7,27.88
2015-08-12,2015-08-11,600690,9.718604041239793,9.679097520746947,9.789715778126913
2015-08-12,2015-08-11,600707,12.40548411048525,12.30600147928649,12.54475979416351
2015-08-13,2015-08-12,000029,11.39278238335787,11.8872938056739,12.53396258870256
2015-08-13,2015-08-12,000639,8.86800475541849,8.917546681426414,8.833325407212943
2015-08-13,2015-08-12,000656,,,
2015-08-13,2015-08-12,002041,19.85654307368558,19.62167021327728,19.58252473654256
2015-08-13,2015-08-12,002189,24.82325962851992,24.88089877626416,24.48703126667851
2015-08-13,2015-08-12,002191,,,
2015-08-13,2015-08-12,002237,11.71493685308955,11.64875076917379,11.39346158835585
2015-08-13,2015-08-12,002244,7.090195763464791,7.098687015876126,7.124160773110132
2015-08-13,2015-08-12,002271,8.404309401649808,8.486974740026691,8.397420623451733
2015-08-13,2015-08-12,002285,12.97191457549773,12.95109288276018,12.90944949728506
2015-08-13,2015-08-12,002386,5.204836297691986,5.241031264991652,5.284465225751251
2015-08-13,2015-08-12,002436,,,
2015-08-13,2015-08-12,002455,,,
2015-08-13,2015-08-12,002540,8.550471827692435,8.565795253906938,8.596442106335944
2015-08-13,2015-08-12,002542,10.18806479614979,10.18149185112002,10.21435657626889
2015-08-13,2015-08-12,002557,,,
2015-08-13,2015-08-12,002588,11.6449679731523,11.72388718381372,11.71511838262912
2015-08-13,2015-08-12,002615,7.880634238725904,7.851737203801293,7.806327577491191
2015-08-13,2015-08-12,002631,24.9758317460333,24.52100662318392,24.50123161784265
2015-08-13,2015-08-12,002641,7.89952175880218,7.981951551067941,7.92012920686862
2015-08-13,2015-08-12,002658,24.91310714421121,25.47019076335174,25.18345654761764
2015-08-13,2015-08-12,300008,,,
2015-08-13,2015-08-12,300134,,,
2015-08-13,2015-08-12,300139,17.61308148276482,17.62306056575789,17.76276772766084
2015-08-13,2015-08-12,300150,,,
2015-08-13,2015-08-12,300180,5.479718238120235,5.498069605294114,5.509080425598441
2015-08-13,2015-08-12,300225,7.433013529937346,7.520920391658025,7.540455249818175
2015-08-13,2015-08-12,300236,17.02921572656823,17.05496879382958,17.11291319516762
2015-08-13,2015-08-12,300346,,,
2015-08-13,2015-08-12,300375,,,
2015-08-13,2015-08-12,600352,12.6053029827681,12.6053029827681,12.62366467684351
2015-08-13,2015-08-12,600476,27.87,27.65,27.79
2015-08-13,2015-08-12,600690,9.52107143877557,9.837123602718325,9.750209257634067
2015-08-13,2015-08-12,600707,12.03739837504984,12.08713969064922,12.12693274312872
2015-08-14,2015-08-13,000029,12.53396258870256,13.26621988713207,13.45641658802286
2015-08-14,2015-08-13,000639,8.788737673805811,8.86800475541849,8.858096370216904
2015-08-14,2015-08-13,000656,,,
2015-08-14,2015-08-13,002041,19.66081569001199,19.75867938184879,19.65102932082831
2015-08-14,2015-08-13,002189,26.38912314223847,26.03368173114899,26.21620569900575
2015-08-14,2015-08-13,002191,,,
2015-08-14,2015-08-13,002237,11.64875076917379,11.45964767227161,11.38400643351074
2015-08-14,2015-08-13,002244,7.803460966016938,8.228023586583692,8.346901120342384
2015-08-14,2015-08-13,002271,8.538640576512243,8.559306911106464,8.500752296422839
2015-08-14,2015-08-13,002285,13.63126817885369,13.66597100008295,13.62432761460784
2015-08-14,2015-08-13,002386,5.34961616689065,5.400289121110182,5.472679055709515
2015-08-14,2015-08-13,002436,,,
2015-08-14,2015-08-13,002455,,,
2015-08-14,2015-08-13,002540,8.787984934017226,8.856940351982487,8.864602065089739
2015-08-14,2015-08-13,002542,10.23407541135821,10.30637780668572,10.16834596106047
2015-08-14,2015-08-13,002557,,,
2015-08-14,2015-08-13,002588,11.81157519565975,12.13163643889775,12.29824366140519
2015-08-14,2015-08-13,002615,7.843480908108548,7.88889053441865,7.773302394720208
2015-08-14,2015-08-13,002631,24.42213159647753,24.42213159647753,24.08595650567582
2015-08-14,2015-08-13,002641,8.023166447200822,7.981951551067941,7.954474953646021
2015-08-14,2015-08-13,002658,25.21622617227297,25.24080339076446,25.01141601817719
2015-08-14,2015-08-13,300008,,,
2015-08-14,2015-08-13,300134,,,
2015-08-14,2015-08-13,300139,18.26172187731423,18.44134537118945,18.59103161608547
2015-08-14,2015-08-13,300150,,,
2015-08-14,2015-08-13,300180,5.593496714598285,5.641210269250369,5.630199448946042
2015-08-14,2015-08-13,300225,7.960454700261415,7.940919842101265,7.911617554861038
2015-08-14,2015-08-13,300236,17.68591894173268,17.94344961434619,17.76961641033207
2015-08-14,2015-08-13,300346,,,
2015-08-14,2015-08-13,300375,,,
2015-08-14,2015-08-13,600352,12.84400500574841,12.90827093501234,12.91745178205004
2015-08-14,2015-08-13,600476,28.03,28.84,28.95
2015-08-14,2015-08-13,600690,9.726505345338362,9.766011865831205,9.679097520746947
2015-08-14,2015-08-13,600707,12.55470805728338,12.69398374096165,12.93274205583867
2015-08-17,2015-08-14,000656,,,
2015-08-17,2015-08-14,000888,13.31452570601014,13.37343953656771,13.30470673425055
2015-08-17,2015-08-14,002064,8.124803590996635,8.459081224454781,8.264085938270863
2015-08-17,2015-08-14,002154,6.5730404622292,6.504491952194364,6.466409446619457
2015-08-17,2015-08-14,002191,,,
2015-08-17,2015-08-14,002271,8.404309401649808,8.269978226787373,8.249311892193152
2015-08-17,2015-08-14,002304,46.75701254962274,46.26312640098255,46.29998357625421
2015-08-17,2015-08-14,002422,17.42498821369833,17.29082083572952,17.25727899123732
2015-08-17,2015-08-14,002436,,,
2015-08-17,2015-08-14,002448,11.87372640076958,11.87372640076958,11.73248461170412
2015-08-17,2015-08-14,002455,,,
2015-08-17,2015-08-14,002540,8.726691229159217,8.742014655373719,8.772661507802722
2015-08-17,2015-08-14,002557,,,
2015-08-17,2015-08-14,002563,8.647960227703539,8.708311345877169,8.619559701504185
2015-08-17,2015-08-14,002631,24.01674398698135,23.83876893890985,23.27518128668345
2015-08-17,2015-08-14,002673,20.47649557852925,20.27431848948374,20.03979306619095
2015-08-17,2015-08-14,002713,16.21788044053232,16.64767331366283,17.02850244175316
2015-08-17,2015-08-14,300008,,,
2015-08-17,2015-08-14,300092,11.78537785839702,11.82240968198978,11.79463581429521
2015-08-17,2015-08-14,300134,,,
2015-08-17,2015-08-14,300139,18.26172187731423,18.06214021745287,18.08209838343901
2015-08-17,2015-08-14,300150,,,
2015-08-17,2015-08-14,300180,5.567804800554854,5.567804800554854,5.505410152163666
2015-08-17,2015-08-14,300225,7.872547838540737,7.853012980380585,7.82371069314036
2015-08-17,2015-08-14,300259,5.397392717586581,5.370054259538025,5.416920187621265
2015-08-17,2015-08-14,300283,11.63782923152923,11.4422354629321,11.48135421665153
2015-08-17,2015-08-14,300346,,,
2015-08-17,2015-08-14,300375,,,
2015-08-17,2015-08-14,600352,12.63284552388121,12.51349451239105,12.44004773608942
2015-08-17,2015-08-14,600436,41.63877436349738,41.46599936613847,41.2870538331596
2015-08-17,2015-08-14,600518,11.06019276502642,11.0297741930654,11.13319733773286
2015-08-17,2015-08-14,600577,5.631272205519384,5.648652675289505,5.613891735749262
2015-08-17,2015-08-14,600690,9.647492304352673,9.568479263366982,9.552676655169844
2015-08-17,2015-08-14,600887,12.77318976301803,12.85944653125451,13.00320781164863
2015-08-18,2015-08-17,000656,,,
2015-08-18,2015-08-17,000888,13.2065170166546,13.25561187545257,13.29488776249095
2015-08-18,2015-08-17,002064,8.561221612455883,8.524079653182756,8.440510244818219
2015-08-18,2015-08-17,002154,6.626355970034071,6.580656963344182,6.588273464459164
2015-08-18,2015-08-17,002191,,,
2015-08-18,2015-08-17,002271,8.235534335797004,8.1322026628259,8.035759768052868
2015-08-18,2015-08-17,002304,46.54324093304714,46.55061236810146,46.59484097842746
2015-08-18,2015-08-17,002422,17.61785381952848,17.59269743615933,17.54238466942103
2015-08-18,2015-08-17,002436,,,
2015-08-18,2015-08-17,002448,11.93963923566679,11.95847147420885,12.01496818983504
2015-08-18,2015-08-17,002455,,,
2015-08-18,2015-08-17,002540,9.079130032092774,8.98718947480576,8.964204335484006
2015-08-18,2015-08-17,002557,,,
2015-08-18,2015-08-17,002563,8.651510293478459,8.69766114855241,8.743812003626362
2015-08-18,2015-08-17,002631,23.13675624929451,23.38394381606047,23.95741897095752
2015-08-18,2015-08-17,002673,19.95892223057275,20.31475390729284,20.75954350319297
2015-08-18,2015-08-17,002713,16.80000496489896,16.81088579713011,16.3810929239996
2015-08-18,2015-08-17,300008,,,
2015-08-18,2015-08-17,300092,11.9057312850735,12.01682675585179,11.98905288815722
2015-08-18,2015-08-17,300134,,,
2015-08-18,2015-08-17,300139,18.17191013037662,18.14197288139741,18.38147087323105
2015-08-18,2015-08-17,300150,,,
2015-08-18,2015-08-17,300180,5.575145347424405,5.560464253685303,5.578815620859181
2015-08-18,2015-08-17,300225,7.979989558421566,7.931152413021189,7.979989558421566
2015-08-18,2015-08-17,300259,5.436447657655949,5.405203705600455,5.330999319468657
2015-08-18,2015-08-17,300283,11.77474486954722,11.7356261158278,11.93121988442493
2015-08-18,2015-08-17,300346,,,
2015-08-18,2015-08-17,300375,,,
2015-08-18,2015-08-17,600352,12.54103705350417,12.55939874757957,12.66956891203203
2015-08-18,2015-08-17,600436,41.24386008381988,41.41046454555882,41.49068150861831
2015-08-18,2015-08-17,600518,11.57122477397153,11.52863877322611,11.43738305734305
2015-08-18,2015-08-17,600577,5.779006198565417,5.761625728795295,5.779006198565417
2015-08-18,2015-08-17,600690,9.489466222381292,9.465762310085585,9.43415709369131
2015-08-18,2015-08-17,600887,13.26197811635805,13.09665264390481,13.01758393968804
2015-08-19,2015-08-18,000656,,,
2015-08-19,2015-08-18,000888,11.92023171614772,11.88095582910934,11.99878349022448
2015-08-19,2015-08-18,002064,7.706956549173952,7.35410793607924,7.465533813898622
2015-08-19,2015-08-18,002154,5.963720373030664,5.712375836236269,5.750458341811178
2015-08-19,2015-08-18,002191,,,
2015-08-19,2015-08-18,002271,7.429547286622392,7.305549279057066,7.512212624999274
2015-08-19,2015-08-18,002304,44.28758180642179,44.67089642924702,44.9510109613116
2015-08-19,2015-08-18,002422,16.01623074502589,16.03300166727199,16.1839399674869
2015-08-19,2015-08-18,002436,,,
2015-08-19,2015-08-18,002448,10.74379208824591,10.32006672104953,10.40481179448881
2015-08-19,2015-08-18,002455,,,
2015-08-19,2015-08-18,002540,8.175047885437122,7.891564500468826,7.952858205326836
2015-08-19,2015-08-18,002557,,,
2015-08-19,2015-08-18,002563,8.303603847536362,8.268103189787167,8.353304768385232
2015-08-19,2015-08-18,002631,21.15925571516677,20.10129292940843,20.54623054958718
2015-08-19,2015-08-18,002673,18.9884722031543,18.89951428397427,19.14212679082889
2015-08-19,2015-08-18,002713,15.11891638518595,14.29741355173396,14.09067773934207
2015-08-19,2015-08-18,300008,,,
2015-08-19,2015-08-18,300092,10.71145497420687,10.19300944390818,10.35039469417743
2015-08-19,2015-08-18,300134,,,
2015-08-19,2015-08-18,300139,16.38565427461747,15.92661645693635,16.0962608678185
2015-08-19,2015-08-18,300150,,,
2015-08-19,2015-08-18,300180,5.017263785338487,4.88513394168656,4.951198863512523
2015-08-19,2015-08-18,300225,7.179060373855386,6.964176934093729,7.042316366734331
2015-08-19,2015-08-18,300259,4.893583990691742,4.756891700448955,4.760797194455892
2015-08-19,2015-08-18,300283,10.60118225796444,10.13175721333133,10.21977440920004
2015-08-19,2015-08-18,300346,,,
2015-08-19,2015-08-18,300375,,,
2015-08-19,2015-08-18,600352,11.38425032675342,11.21899508007474,11.42097371490423
2015-08-19,2015-08-18,600436,38.70159940839591,38.65223512343621,38.80649851393525
2015-08-19,2015-08-18,600518,10.48223989776706,10.61608161439554,10.65866761514097
2015-08-19,2015-08-18,600577,5.205450696151406,5.005575293795007,5.057716703105372
2015-08-19,2015-08-18,600690,8.983782760072881,8.928473631382898,8.833657982200071
2015-08-19,2015-08-18,600887,12.24846108957947,12.41378656203272,12.31315366575683
2015-08-20,2015-08-19,000656,,,
2015-08-20,2015-08-19,000888,12.27371469949312,12.1264301230992,12.07733526430123
2015-08-20,2015-08-19,002064,7.836953406629897,7.781240467720207,7.79981144735677
2015-08-20,2015-08-19,002154,6.108433894215317,5.978953375260628,5.978953375260628
2015-08-20,2015-08-19,002191,,,
2015-08-20,2015-08-19,002271,7.594877963376159,7.336548780948398,7.364103893740692
2015-08-20,2015-08-19,002304,45.1868968830502,44.52346772816039,44.30969611158478
2015-08-20,2015-08-19,002422,16.536129334655,16.32649280657875,16.2342527342252
2015-08-20,2015-08-19,002436,,,
2015-08-20,2015-08-19,002448,10.96036283147961,10.69671149189075,10.59313417990942
2015-08-20,2015-08-19,002455,,,
2015-08-20,2015-08-19,002540,8.259326729616886,8.144401033008119,8.044798762613851
2015-08-20,2015-08-19,002557,,,
2015-08-20,2015-08-19,002563,8.360404899935071,8.30715391331128,8.30715391331128
2015-08-20,2015-08-19,002631,21.33723076323827,20.86263063504761,20.53634304691654
2015-08-20,2015-08-19,002673,19.19064929219981,18.78629511410879,18.81055636479425
2015-08-20,2015-08-19,002713,15.42357968765821,14.8795380761006,14.7217660087489
2015-08-20,2015-08-19,300008,,,
2015-08-20,2015-08-19,300092,11.17435276911642,11.10954707782908,11.10954707782908
2015-08-20,2015-08-19,300134,,,
2015-08-20,2015-08-19,300139,16.6850267644095,16.48544510454815,16.19605169774918
2015-08-20,2015-08-19,300150,,,
2015-08-20,2015-08-19,300180,5.167744996164294,5.083328707164451,5.039285425947142
2015-08-20,2015-08-19,300225,7.354874097296744,7.227897519255764,7.237664948335839
2015-08-20,2015-08-19,300259,4.999032328879034,4.920922448740298,4.901394978705615
2015-08-20,2015-08-19,300283,11.09016667945727,10.80655571499143,10.77721664970186
2015-08-20,2015-08-19,300346,,,
2015-08-20,2015-08-19,300375,,7.316074659294284,7.011990897735139
2015-08-20,2015-08-19,600352,12.18298401903369,11.92592030197797,12.10035639569436
2015-08-20,2015-08-19,600436,40.01592349544761,39.39269939783155,39.30631189915209
2015-08-20,2015-08-19,600518,10.84726276129929,10.67691875831758,10.60391418561114
2015-08-20,2015-08-19,600577,5.335804219427317,5.283662810116953,5.309733514772135
2015-08-20,2015-08-19,600690,9.094401017452846,9.291933619917069,9.402551877297034
2015-08-20,2015-08-19,600887,12.46410301017066,12.24846108957947,12.26283721761888
2015-08-21,2015-08-20,000656,,5.852429499245856,5.852429499245856
2015-08-21,2015-08-20,000888,11.86131788559015,11.66493845039826,11.74349022447502
2015-08-21,2015-08-20,002064,7.920522814994434,7.744098508447078,7.688385569537387
2015-08-21,2015-08-20,002154,5.773307845156123,5.651443827316415,5.598128319511543
2015-08-21,2015-08-20,002191,,,
2015-08-21,2015-08-20,002271,7.229772718878256,6.957665980054349,6.930110867262055
2015-08-21,2015-08-20,002304,44.15489597544383,43.94849579392255,43.68312413196663
2015-08-21,2015-08-20,002422,15.89883428930319,15.69758322234998,15.67242683898083
2015-08-21,2015-08-20,002436,,,
2015-08-21,2015-08-20,002448,10.36714731740468,10.21648940906819,10.26357000542335
2015-08-21,2015-08-20,002455,,,
2015-08-21,2015-08-20,002540,8.657735811193955,8.435546131083667,8.335943860689401
2015-08-21,2015-08-20,002557,,,
2015-08-21,2015-08-20,002563,8.342654571060475,8.328454307960797,8.349754702610314
2015-08-21,2015-08-20,002631,19.97275539469013,19.67613031457097,19.88376787065438
2015-08-21,2015-08-20,002673,18.17976384697226,18.46281177163597,18.47898593875961
2015-08-21,2015-08-20,002713,14.41710270627664,13.87306109471903,13.70984861125174
2015-08-21,2015-08-20,300008,,,
2015-08-21,2015-08-20,300092,11.20212663681099,11.06325729833813,11.14657890142184
2015-08-21,2015-08-20,300134,,,
2015-08-21,2015-08-20,300139,16.0663236188393,15.5673694691859,15.60728580115817
2015-08-21,2015-08-20,300150,,,
2015-08-21,2015-08-20,300180,4.973220504121178,4.863112301077905,4.866782574512681
2015-08-21,2015-08-20,300225,7.179060373855386,7.042316366734331,7.032548937654257
2015-08-21,2015-08-20,300259,4.725647748393461,4.592860952157612,4.596766446164549
2015-08-21,2015-08-20,300283,10.64030101168387,10.32735098192846,10.37624942407774
2015-08-21,2015-08-20,300346,,,
2015-08-21,2015-08-20,300375,6.97285140367307,6.728982248363261,6.665756911801458
2015-08-21,2015-08-20,600352,11.68721827899766,12.13707978384517,11.81575013752552
2015-08-21,2015-08-20,600436,38.94842083319435,38.87437440575481,38.91139761947458
2015-08-21,2015-08-20,600518,11.08452762259523,11.5225550588339,11.21228562483151
2015-08-21,2015-08-20,600577,5.161999521726102,5.101167877530676,5.083787407760554
2015-08-21,2015-08-20,600690,9.110203625649984,8.833657982200071,8.802052765805795
2015-08-21,2015-08-20,600887,12.10469980918535,12.04000723300799,11.97531465683063
2015-08-24,2015-08-21,000888,11.04634322954381,10.40811006517017,10.23136857349747
2015-08-24,2015-08-21,000895,12.68454033362994,12.2505955327426,11.97687650449059
2015-08-24,2015-08-21,002064,7.214825588805012,6.639125220071537,6.490557382979027
2015-08-24,2015-08-21,002154,5.415332292751983,5.011657733657954,4.920259720278173
2015-08-24,2015-08-21,002191,,,
2015-08-24,2015-08-21,002436,,,
2015-08-24,2015-08-21,002448,9.792764041871816,9.256045243423072,8.982977784563184
2015-08-24,2015-08-21,002455,,,
2015-08-24,2015-08-21,002550,7.898694442233744,7.336162348348939,7.205989632408654
2015-08-24,2015-08-21,002557,,13.11991774843749,13.11991774843749
2015-08-24,2015-08-21,002631,18.16334240596325,16.80875454008575,16.36381691990701
2015-08-24,2015-08-21,002641,6.56690678383903,6.230318465420502,6.031113134111576
2015-08-24,2015-08-21,300008,,,
2015-08-24,2015-08-21,300045,17.39256932765081,16.36713450180764,15.68019272527192
2015-08-24,2015-08-21,300082,6.140025372410696,5.806328341301419,5.614452548413585
2015-08-24,2015-08-21,300092,10.54481176803944,9.906012811064263,9.720853693100446
2015-08-24,2015-08-21,300134,,,
2015-08-24,2015-08-21,300139,14.86883365967115,13.98069527328811,13.51167837261392
2015-08-24,2015-08-21,300150,,,
2015-08-24,2015-08-21,300151,13.39045448571144,12.33457635422165,12.21938964896822
2015-08-24,2015-08-21,300258,8.565302880838328,8.195944094898831,7.839321818819317
2015-08-24,2015-08-21,300283,9.809027495146067,9.290704008363672,9.026652420757548
2015-08-24,2015-08-21,300306,16.18413684626347,14.68088459166757,14.56660225652285
2015-08-24,2015-08-21,300346,,,
2015-08-24,2015-08-21,600066,16.57685517783455,15.80420514835921,15.46178070347809
2015-08-24,2015-08-21,600251,11.63792688959966,10.50078594160824,10.47413420063969
2015-08-24,2015-08-21,600352,11.769845902337,11.03537813932065,10.7232293400387
2015-08-24,2015-08-21,600496,5.836854312189683,5.399309011425839,5.3380526693189
2015-08-24,2015-08-21,600673,7.581025023527987,6.926216292785301,6.935438950964775
2015-08-24,2015-08-21,600674,8.884642493637001,8.508445919582103,8.284328811634502
2015-08-24,2015-08-21,600690,8.39908625677878,7.917106706766074,7.656363671513299
2015-08-24,2015-08-21,600887,11.64466371192415,11.14868729456441,10.95460956603234
2015-08-25,2015-08-24,000888,9.946618392469228,9.072729905865316,9.259290369297611
2015-08-25,2015-08-24,000895,11.41608630026695,10.61495743709032,10.73512676656681
2015-08-25,2015-08-24,002064,6.490557382979027,5.840573095699296,5.840573095699296
2015-08-25,2015-08-24,002154,4.874560713588283,4.387104642229454,4.402337644459418
2015-08-25,2015-08-24,002191,,,
2015-08-25,2015-08-24,002436,,,
2015-08-25,2015-08-24,002448,8.813487637684634,7.928372426207759,7.94720466474982
2015-08-25,2015-08-24,002455,,,
2015-08-25,2015-08-24,002550,7.10836009545344,6.397059183351167,6.397059183351167
2015-08-25,2015-08-24,002557,13.11991774843749,11.81148633119169,11.81148633119169
2015-08-25,2015-08-24,002631,16.34404191456574,14.71260397391035,14.71260397391035
2015-08-25,2015-08-24,002641,5.907468445712934,5.316721601141642,5.316721601141642
2015-08-25,2015-08-24,300008,,,
2015-08-25,2015-08-24,300045,15.65032569150949,14.08728425794271,14.08728425794271
2015-08-25,2015-08-24,300082,5.522685864858533,4.980428189305958,5.005455466639154
2015-08-25,2015-08-24,300092,9.489404795645672,8.545093294030201,8.545093294030201
2015-08-25,2015-08-24,300134,,,
2015-08-25,2015-08-24,300139,13.38195029370404,12.04475317263294,12.12458583657748
2015-08-25,2015-08-24,300150,,,
2015-08-25,2015-08-24,300151,12.05620848319252,10.84674807803149,10.84674807803149
2015-08-25,2015-08-24,300258,7.71195672021949,7.641905915989586,7.648274170919577
2015-08-25,2015-08-24,300283,8.831058652160417,7.999785135622615,8.058463266201754
2015-08-25,2015-08-24,300306,14.56660225652285,13.10730474621338,13.10730474621338
2015-08-25,2015-08-24,300346,,,
2015-08-25,2015-08-24,600066,15.02277500491256,14.59254942031834,14.76815169974455
2015-08-25,2015-08-24,600251,10.47413420063969,9.425832389210102,9.425832389210102
2015-08-25,2015-08-24,600352,10.59469748151084,9.566442613287951,9.548080919212541
2015-08-25,2015-08-24,600496,5.250543609166131,4.725489248249518,4.725489248249518
2015-08-25,2015-08-24,600673,6.824767052811082,6.142290347529975,6.142290347529975
2015-08-25,2015-08-24,600674,7.996178244273302,7.571956575658202,7.868111325446102
2015-08-25,2015-08-24,600690,7.561548022330473,7.047963255923491,7.063765864120628
2015-08-25,2015-08-24,600887,10.48019734073173,9.926716411214349,10.28611961219966
2015-08-26,2015-08-25,000888,8.954902244750182,9.141462708182479,9.328023171614774
2015-08-26,2015-08-25,000895,10.28115374410006,10.54819669849227,10.67504210182856
2015-08-26,2015-08-25,002064,5.840573095699296,5.868429565154141,5.840573095699296
2015-08-26,2015-08-25,002154,4.387104642229454,4.478502655609235,4.478502655609235
2015-08-26,2015-08-25,002191,,,
2015-08-26,2015-08-25,002436,,,
2015-08-26,2015-08-25,002448,7.928372426207759,8.07903033454425,7.984869141833943
2015-08-26,2015-08-25,002455,,,
2015-08-26,2015-08-25,002550,6.397059183351167,6.378463081073983,6.392410157781871
2015-08-26,2015-08-25,002557,11.81148633119169,10.94809961368936,11.34863984345848
2015-08-26,2015-08-25,002631,14.71260397391035,13.84250373889415,14.2380038457197
2015-08-26,2015-08-25,002641,5.316721601141642,5.399151393407403,5.323590750497122
2015-08-26,2015-08-25,300008,,,
2015-08-26,2015-08-25,300045,14.08728425794271,14.22666374883401,14.04746154625947
2015-08-26,2015-08-25,300082,4.972085763528226,4.98877061508369,5.03048274397235
2015-08-26,2015-08-25,300092,8.545093294030201,8.517319426335629,8.572867161724774
2015-08-26,2015-08-25,300134,,,
2015-08-26,2015-08-25,300139,12.04475317263294,12.07469042161214,12.13456491957055
2015-08-26,2015-08-25,300150,,,
2015-08-26,2015-08-25,300151,10.84674807803149,10.85634697013594,10.84674807803149
2015-08-26,2015-08-25,300258,6.941397873690541,7.177023306100219,7.247074110330124
2015-08-26,2015-08-25,300283,7.950886693473334,8.214938281079458,8.136700773640607
2015-08-26,2015-08-25,300306,13.10730474621338,12.57105686591894,12.39523788877322
2015-08-26,2015-08-25,300346,,,
2015-08-26,2015-08-25,600066,14.68913067400275,14.8910732953429,15.06667557476911
2015-08-26,2015-08-25,600251,9.425832389210102,9.425832389210102,9.23038628877408
2015-08-26,2015-08-25,600352,9.538900072174838,9.548080919212541,9.548080919212541
2015-08-26,2015-08-25,600496,4.725489248249518,4.865503744493948,4.900507368555056
2015-08-26,2015-08-25,600673,6.142290347529975,5.893278576684164,5.893278576684164
2015-08-26,2015-08-25,600674,7.764056953899001,8.0361991564068,8.084224250967001
2015-08-26,2015-08-25,600690,6.803022828867854,6.968950214937802,6.98475282313494
2015-08-26,2015-08-25,600887,9.869211899056699,10.10641801170701,10.15673445984495
2015-08-27,2015-08-26,000888,9.229833454018829,9.524402606806662,9.49494569152788
2015-08-27,2015-08-26,000895,10.61495743709032,11.14904334587474,10.92873290850116
2015-08-27,2015-08-26,002064,5.385584094603484,5.654863299333658,5.478438992786303
2015-08-27,2015-08-26,002154,4.417570646689382,4.569900668989015,4.516585161184143
2015-08-27,2015-08-26,002191,,,
2015-08-27,2015-08-26,002436,,,
2015-08-27,2015-08-26,002448,7.485814820469321,7.758882279329208,7.721217802245086
2015-08-27,2015-08-26,002455,,,
2015-08-27,2015-08-26,002550,5.941454677560167,6.238992313995106,6.066978367931157
2015-08-27,2015-08-26,002557,11.11721659959187,11.52665772335586,11.37534252544309
2015-08-27,2015-08-26,002631,13.23936607598519,13.55576616144563,13.35801610803285
2015-08-27,2015-08-26,002641,5.083170523055316,5.357936497274522,5.172469464676558
2015-08-27,2015-08-26,300008,,,
2015-08-27,2015-08-26,300045,12.70344502695045,13.22114027883245,13.0319823983371
2015-08-27,2015-08-26,300082,4.838606951084516,5.038825169750082,4.938716060417298
2015-08-27,2015-08-26,300092,7.81371477807312,8.230322793491711,8.045163675527892
2015-08-27,2015-08-26,300134,,,
2015-08-27,2015-08-26,300139,11.35619644611126,11.82521334678544,11.63561076991716
2015-08-27,2015-08-26,300150,,,
2015-08-27,2015-08-26,300151,9.762073270228338,10.27081455176433,9.934853328108485
2015-08-27,2015-08-26,300258,7.056026462430385,7.355334444139977,7.164286796240237
2015-08-27,2015-08-26,300283,7.941107005043476,8.273616411658598,8.195378904219746
2015-08-27,2015-08-26,300306,11.79745336647777,12.28974650248579,11.70075292904763
2015-08-27,2015-08-26,300346,,,
2015-08-27,2015-08-26,600066,15.61104264099037,16.02370799764197,16.00614776969935
2015-08-27,2015-08-26,600251,8.484137541654711,8.750654951340199,8.617396246497455
2015-08-27,2015-08-26,600352,8.923783320648646,9.346102284383045,9.162485343628958
2015-08-27,2015-08-26,600496,4.786745590356456,4.979265522692549,4.865503744493948
2015-08-27,2015-08-26,600673,5.524372249505187,5.681157438556252,5.515149591325713
2015-08-27,2015-08-26,600674,8.020190791553402,8.292332994061201,8.188278622514103
2015-08-27,2015-08-26,600690,6.961048910839233,7.205989337894869,7.063765864120628
2015-08-27,2015-08-26,600887,10.46582121269232,10.83960054171704,10.59520636504703
2015-08-28,2015-08-27,000888,9.926980448950037,10.06444605358436,10.09390296886314
2015-08-28,2015-08-27,000895,11.31594519236987,11.44946666956597,11.6096924422013
2015-08-28,2015-08-27,002064,5.729147217879913,5.868429565154141,5.840573095699296
2015-08-28,2015-08-27,002154,4.646065680138832,4.760313196863557,4.691764686828722
2015-08-28,2015-08-27,002191,,,
2015-08-28,2015-08-27,002436,,,
2015-08-28,2015-08-27,002448,7.95662078402085,8.135527050170433,8.220272123609709
2015-08-28,2015-08-27,002455,,,
2015-08-28,2015-08-27,002550,6.173905956024963,6.299429646395953,6.271535492980177
2015-08-28,2015-08-27,002557,11.57116219333021,11.64236934528917,11.48215325338152
2015-08-28,2015-08-27,002631,13.07127853058433,13.43711612939796,13.54587865877499
2015-08-28,2015-08-27,002641,5.302983302430681,5.419758841473843,5.419758841473843
2015-08-28,2015-08-27,300008,,,
2015-08-28,2015-08-27,300045,13.39038680348617,13.77865824239767,13.82843663200171
2015-08-28,2015-08-27,300082,5.063852447083278,5.130591853305133,5.155619130638328
2015-08-28,2015-08-27,300092,8.22106483759352,8.508061470437436,8.489545558641055
2015-08-28,2015-08-27,300134,,,
2015-08-28,2015-08-27,300139,11.98487867467453,12.26429299848043,12.2742720814735
2015-08-28,2015-08-27,300150,,,
2015-08-28,2015-08-27,300151,10.22282009124207,10.47239128595783,10.40519904122666
2015-08-28,2015-08-27,300258,7.361702699069968,7.489067797669794,7.431753503299872
2015-08-28,2015-08-27,300283,8.420311738106443,8.743041456291708,8.625685195133432
2015-08-28,2015-08-27,300306,12.14030037191193,12.19304606505564,12.13150942305464
2015-08-28,2015-08-27,300346,,,
2015-08-28,2015-08-27,600066,16.62953586166241,16.85781882491649,16.41881312635095
2015-08-28,2015-08-27,600251,8.919449310807675,8.954984965432407,8.954984965432407
2015-08-28,2015-08-27,600352,9.364463978458454,9.483814989948611,9.346102284383045
2015-08-28,2015-08-27,600496,4.996767334723102,5.05802367683004,4.996767334723102
2015-08-28,2015-08-27,600673,5.579708198582034,5.625821489479406,5.505926933146238
2015-08-28,2015-08-27,600674,8.404391548035001,8.524454284435501,8.468425007448602
2015-08-28,2015-08-27,600690,7.482534981344783,7.569449326429041,7.490436285443352
2015-08-28,2015-08-27,600887,11.30682470299795,11.39308147123443,11.23494406280089
2015-08-31,2015-08-28,000651,14.89250912474416,14.01423294559259,13.69347121059809
2015-08-31,2015-08-28,000888,10.3491962346126,10.20191165821868,10.11354091238233
2015-08-31,2015-08-28,002064,6.128423280066033,6.063424851338061,5.96128446333696
2015-08-31,2015-08-28,002191,,,
2015-08-31,2015-08-28,002229,10.21260459748581,9.981550194827763,9.651472476744834
2015-08-31,2015-08-28,002293,11.57152377462966,11.35509876637598,11.18195875977305
2015-08-31,2015-08-28,002436,,,
2015-08-31,2015-08-28,002448,8.634581371535054,8.483923463198565,8.286184958506922
2015-08-31,2015-08-28,002455,,,
2015-08-31,2015-08-28,002550,6.634159487385258,6.573722154984411,6.41565528562835
2015-08-31,2015-08-28,002573,16.50306613639924,16.5610394366442,16.13590190151448
2015-08-31,2015-08-28,002631,14.366541380438,14.13912881901331,14.01059128429501
2015-08-31,2015-08-28,002666,8.489144422231073,8.348682880601604,8.164327107212925
2015-08-31,2015-08-28,002690,16.06826431900174,15.56098976285578,15.25251199222648
2015-08-31,2015-08-28,300008,,,
2015-08-31,2015-08-28,300067,5.9838169539879,5.872432563944693,5.730108065556148
2015-08-31,2015-08-28,300082,5.430919181303482,5.330810071970698,5.289097943082039
2015-08-31,2015-08-28,300092,8.887637662263264,8.850605838670502,8.73951036789221
2015-08-31,2015-08-28,300102,7.143676230755759,7.074892553155634,6.956977677269707
2015-08-31,2015-08-28,300107,4.982598663763883,4.914923299909705,4.762653731237804
2015-08-31,2015-08-28,300134,,,
2015-08-31,2015-08-28,300150,,,
2015-08-31,2015-08-28,300246,14.87242737948403,14.48522376439716,14.1741913522782
2015-08-31,2015-08-28,300258,7.845690073749308,7.750166249799438,7.610064641339629
2015-08-31,2015-08-28,300270,14.35955571106106,14.0701692512829,13.95042312999539
2015-08-31,2015-08-28,300283,9.251585254644247,9.153788370345682,8.899516471169413
2015-08-31,2015-08-28,300338,10.74503381028417,10.5153537195439,10.35557626511588
2015-08-31,2015-08-28,300346,,,
2015-08-31,2015-08-28,600029,7.999756290755935,7.814169758980158,7.716492636992906
2015-08-31,2015-08-28,600233,7.223846089697464,7.0986574860891,6.936375962893072
2015-08-31,2015-08-28,600251,9.639046316958494,9.488019784803383,9.274805857054993
2015-08-31,2015-08-28,600436,34.14157358524466,33.32089234778984,32.81490842695303
2015-08-31,2015-08-28,600496,5.3380526693189,5.206789079089747,5.084276394875871
2015-08-31,2015-08-28,600594,15.01720307764109,15.06216476350229,15.43085058756414
2015-08-31,2015-08-28,601628,21.4826689080407,20.85847513831554,20.64174119049431
2015-09-01,2015-08-31,000651,14.09060478725794,13.59418781643313,13.57127626393353
2015-09-01,2015-08-31,000888,9.966256335988415,9.720782041998554,9.622592324402609
2015-09-01,2015-08-31,002064,5.831287605881014,5.784860156789605,5.868429565154141
2015-09-01,2015-08-31,002191,,,
2015-09-01,2015-08-31,002229,9.189363671428735,8.582020670156146,8.549012898347852
2015-09-01,2015-08-31,002293,10.79960791185823,10.6192537383135,10.50382706724488
2015-09-01,2015-08-31,002436,,,
2015-09-01,2015-08-31,002448,8.173191527254554,7.966036903291882,7.871875710581575
2015-09-01,2015-08-31,002455,,,
2015-09-01,2015-08-31,002550,6.266886467410881,6.080925444639045,5.973997856545239
2015-09-01,2015-08-31,002573,16.07792860126952,16.03927973443954,16.23252406858942
2015-09-01,2015-08-31,002631,12.98229100654859,12.45825336500473,11.8353406967545
2015-09-01,2015-08-31,002666,7.918519409361353,7.655154018806098,7.584923247991363
2015-09-01,2015-08-31,002690,14.73152731294144,13.99118066343112,13.9706154787225
2015-09-01,2015-08-31,300008,,,
2015-09-01,2015-08-31,300067,5.538279393815068,5.38357885208839,5.266006440376115
2015-09-01,2015-08-31,300082,5.214016111082452,5.130591853305133,5.080537298638741
2015-09-01,2015-08-31,300092,8.563609205826584,8.304386440677238,8.33216030837181
2015-09-01,2015-08-31,300102,6.750626644469335,6.622885528926247,6.563928090983283
2015-09-01,2015-08-31,300107,4.652681264974764,4.576546480638814,4.500411696302863
2015-09-01,2015-08-31,300134,,,
2015-09-01,2015-08-31,300150,,,
2015-09-01,2015-08-31,300246,13.38708892160982,12.73328609613528,12.56824848970481
2015-09-01,2015-08-31,300258,7.393543973719924,7.323493169490019,7.126077266660289
2015-09-01,2015-08-31,300270,13.21198871538905,12.92260225561089,12.76294076056087
2015-09-01,2015-08-31,300283,8.919075848029125,8.791939898440992,9.046211797617261
2015-09-01,2015-08-31,300338,9.996076992652839,9.686508174698554,9.676522083796804
2015-09-01,2015-08-31,300346,,,
2015-09-01,2015-08-31,600029,7.882543744371234,7.638350939403105,7.569976954012027
2015-09-01,2015-08-31,600233,6.866826738666203,6.91782950309924,6.936375962893072
2015-09-01,2015-08-31,600251,8.90168148349531,8.679583642090735,8.670699728434553
2015-09-01,2015-08-31,600436,32.11146736627747,31.62399505230054,31.36483255626218
2015-09-01,2015-08-31,600496,4.94426189863144,4.760492872310627,4.725489248249518
2015-09-01,2015-08-31,600594,14.81037932267956,14.49564752165116,14.14494637193379
2015-09-01,2015-08-31,601628,22.05484653028875,21.26593496021946,21.34395918143511
2015-09-02,2015-09-01,000651,13.89203799892802,13.34216073893746,13.44908131726896
2015-09-02,2015-09-01,000888,9.29856625633599,8.876350470673426,8.99417813178856
2015-09-02,2015-09-01,002064,5.385584094603484,5.125590379691591,5.209159788056128
2015-09-02,2015-09-01,002191,,,
2015-09-02,2015-09-01,002229,8.271747615158192,7.644599950800628,7.855849690373703
2015-09-02,2015-09-01,002293,9.811267040833126,9.284632854082524,9.515486196219774
2015-09-02,2015-09-01,002436,,,
2015-09-02,2015-09-01,002448,7.45756646265623,7.062089453272945,7.14683452671222
2015-09-02,2015-09-01,002455,,8.008494450637459,8.008494450637459
2015-09-02,2015-09-01,002550,5.681109245679598,5.374273558106068,5.467254069491985
2015-09-02,2015-09-01,002573,14.8701515128328,13.88460540866845,14.29041851038318
2015-09-02,2015-09-01,002631,11.68702815669492,10.52030284155955,10.6587278789485
2015-09-02,2015-09-01,002666,7.128423237695586,6.636807841992442,6.838721308084805
2015-09-02,2015-09-01,002690,13.25768907549034,11.97579256198636,12.24313996319842
2015-09-02,2015-09-01,300008,,,
2015-09-02,2015-09-01,300067,4.987545465268095,4.628640208462203,4.770964706850746
2015-09-02,2015-09-01,300082,4.846949376862247,4.613361455085753,4.630046306641217
2015-09-02,2015-09-01,300092,7.730393174989402,7.221205600588902,7.276753335978048
2015-09-02,2015-09-01,300102,6.111921066753895,5.797481397724757,5.836786356353399
2015-09-02,2015-09-01,300107,4.331223286667417,4.162034877031971,4.272007343295011
2015-09-02,2015-09-01,300134,,,
2015-09-02,2015-09-01,300150,,,
2015-09-02,2015-09-01,300246,12.04774526942411,10.89882962465816,11.15273363455119
2015-09-02,2015-09-01,300258,7.584591621619664,7.100604246940324,7.310756659630037
2015-09-02,2015-09-01,300270,11.89478138122639,11.08649506253567,11.25613540102632
2015-09-02,2015-09-01,300283,8.175819527360032,7.745513236446346,7.980225758762902
2015-09-02,2015-09-01,300338,8.99746790247773,8.218552812141146,8.398302448372664
2015-09-02,2015-09-01,300346,,,
2015-09-02,2015-09-01,600029,7.931382305364859,7.560209241813302,7.716492636992906
2015-09-02,2015-09-01,600233,6.250156950521298,5.869954524747746,5.967323438665363
2015-09-02,2015-09-01,600251,8.03105794518938,7.498023125818404,7.515790953130771
2015-09-02,2015-09-01,600436,30.11838436103004,28.70533170405895,28.81640134521825
2015-09-02,2015-09-01,600496,4.497965691852319,4.261691229439844,4.401705725684274
2015-09-02,2015-09-01,600594,13.32664368925994,12.63423372699744,12.90400384216465
2015-09-02,2015-09-01,601628,22.58367736297257,22.0635158882016,22.17621754106864
2015-09-07,2015-09-02,000651,13.63237373726581,13.69347121059809,13.80802897309612
2015-09-07,2015-09-02,000888,9.239652425778424,9.514583635047067,9.573497465604635
2015-09-07,2015-09-02,002064,5.757003687334759,5.859144075335859,5.951998973518678
2015-09-07,2015-09-02,002191,,,
2015-09-07,2015-09-02,002229,7.624795287715653,7.888857462181995,8.014286995053508
2015-09-07,2015-09-02,002293,10.34511539452552,10.66253873996424,10.81403624574181
2015-09-07,2015-09-02,002436,,,
2015-09-07,2015-09-02,002448,7.15625064598325,7.45756646265623,7.570559893908596
2015-09-07,2015-09-02,002455,8.008494450637459,7.768431667344969,7.835649246666867
2015-09-07,2015-09-02,002550,5.490499197338465,5.718301450233964,5.788036833773402
2015-09-07,2015-09-02,002573,15.47887116540491,16.02961751773205,16.18421298505195
2015-09-07,2015-09-02,002631,10.59940286292466,11.17287801782171,11.16299051515107
2015-09-07,2015-09-02,002666,6.698259766455335,7.014298235121642,7.110865544991902
2015-09-07,2015-09-02,002690,12.2225747784898,12.76412464248346,12.9080809354438
2015-09-07,2015-09-02,300008,,,
2015-09-07,2015-09-02,300067,4.702896468491008,5.006109530275296,5.043237660289699
2015-09-07,2015-09-02,300082,4.671758435529877,4.805237247973587,4.913688783084103
2015-09-07,2015-09-02,300092,7.29526924777443,7.591523836516537,7.748909086785783
2015-09-07,2015-09-02,300102,5.846612596010559,6.092268587439574,6.17087850469686
2015-09-07,2015-09-02,300107,4.246629081849694,4.424276911966913,4.458114593894001
2015-09-07,2015-09-02,300134,,,
2015-09-07,2015-09-02,300150,,,
2015-09-07,2015-09-02,300246,10.84170122243223,11.31142364073433,11.59071805161666
2015-09-07,2015-09-02,300258,7.215232835680167,7.482699542739803,7.489067797669794
2015-09-07,2015-09-02,300270,11.18628349694194,11.82492947714201,12.04446403283579
2015-09-07,2015-09-02,300283,8.048683577771898,8.449650803396015,8.459430491825872
2015-09-07,2015-09-02,300338,8.348371993863909,8.737829539032202,8.877634811656717
2015-09-07,2015-09-02,300346,,,
2015-09-07,2015-09-02,600029,7.98998857855721,8.195110534730441,8.292787656717692
2015-09-07,2015-09-02,600233,5.948776978871531,6.31043294485125,6.273340025263587
2015-09-07,2015-09-02,600251,7.959986635939918,8.217620131969223,8.306459268531052
2015-09-07,2015-09-02,600436,29.95177989929109,30.91438345600502,31.16120488080346
2015-09-07,2015-09-02,600496,4.63798018809675,4.734240154264795,4.812998308402287
2015-09-07,2015-09-02,600594,13.55145211856594,14.02804598869467,14.01905365152243
2015-09-07,2015-09-02,601628,22.91311296366084,22.40162084680273,22.60968543671111
2015-09-08,2015-09-07,000651,13.22760297643943,13.22760297643943,13.25815171310557
2015-09-08,2015-09-07,000888,9.426212889210717,9.455669804489503,9.573497465604635
2015-09-08,2015-09-07,002064,5.701290748425067,5.71057623824335,5.775574666971322
2015-09-08,2015-09-07,002191,,,
2015-09-08,2015-09-07,002229,7.921865233990289,7.91526367962863,7.921865233990289
2015-09-08,2015-09-07,002293,10.32347289370015,10.28018789204942,10.31625872675836
2015-09-08,2015-09-07,002436,,,
2015-09-08,2015-09-07,002448,7.438734224114169,7.485814820469321,7.561143774637565
2015-09-08,2015-09-07,002455,7.211486010106393,6.683347886862916,6.712155420858014
2015-09-08,2015-09-07,002550,5.746195603649739,5.839176115035658,5.815930987189178
2015-09-08,2015-09-07,002573,16.03927973443954,16.19387520175944,16.39678175261681
2015-09-08,2015-09-07,002631,11.12344050446851,11.05422798577404,11.12344050446851
2015-09-08,2015-09-07,002666,6.961625157010591,7.040634774177167,7.163538623102953
2015-09-08,2015-09-07,002690,13.2508340139208,12.99034167427828,13.24397895235126
2015-09-08,2015-09-07,300008,,,
2015-09-08,2015-09-07,300067,4.962793378591826,4.993733486937162,5.067989746965967
2015-09-08,2015-09-07,300082,4.922031208861835,4.880319079973175,4.938716060417298
2015-09-08,2015-09-07,300092,7.60078179241473,7.545234057025584,7.637813616007493
2015-09-08,2015-09-07,300102,6.02348490983945,6.111921066753895,6.17087850469686
2015-09-08,2015-09-07,300107,4.38197980955805,4.365060968594507,4.407358071003367
2015-09-08,2015-09-07,300134,,,
2015-09-08,2015-09-07,300150,,,
2015-09-08,2015-09-07,300246,11.45741844642282,11.54628484988538,11.56532765062736
2015-09-08,2015-09-07,300258,7.355334444139977,7.348966189209984,7.37443920892995
2015-09-08,2015-09-07,300270,11.91473906810765,11.79499294682013,11.87482369434514
2015-09-08,2015-09-07,300283,8.498549245545297,8.508328933975152,8.518108622405011
2015-09-08,2015-09-07,300338,8.867648720754968,8.867648720754968,9.007453993379482
2015-09-08,2015-09-07,300346,,,
2015-09-08,2015-09-07,600029,7.70672492479418,7.628583227204379,7.68718950039673
2015-09-08,2015-09-07,600233,6.35679909433583,6.366072324232745,6.463441238150362
2015-09-08,2015-09-07,600251,8.09324534078266,8.102129254438843,8.111013168095027
2015-09-08,2015-09-07,600436,30.16774864598973,30.08136114731027,30.53798078318739
2015-09-08,2015-09-07,600496,4.646731094112026,4.646731094112026,4.672983812157857
2015-09-08,2015-09-07,600594,13.7223065248385,13.89316093111107,14.02804598869467
2015-09-08,2015-09-07,601628,21.26593496021946,21.32662046560941,21.78609643499042
2015-09-09,2015-09-08,000338,3.772399963164727,3.772399963164727,3.822137488034039
2015-09-09,2015-09-08,000639,6.083748513773132,6.083748513773132,6.187786558389774
2015-09-09,2015-09-08,000789,3.94329812035827,3.937350461051545,4.032513009959136
2015-09-09,2015-09-08,000888,9.917161477190442,10.02517016654598,10.16263577118031
2015-09-09,2015-09-08,001914,7.466457945091656,7.457558710353764,7.626644170373718
2015-09-09,2015-09-08,002041,15.72669527817286,15.61904521715239,15.83434533919333
2015-09-09,2015-09-08,002191,,,
2015-09-09,2015-09-08,002244,5.307032757084425,5.374962776375106,5.425910290843116
2015-09-09,2015-09-08,002436,,,
2015-09-09,2015-09-08,002540,6.351560165911316,6.359221879018569,6.474147575627336
2015-09-09,2015-09-08,002542,6.257443668344903,6.303454283553322,6.52693441456564
2015-09-09,2015-09-08,002563,7.433837732681122,7.43738779845604,7.558090034803298
2015-09-09,2015-09-08,002588,9.422076872855529,9.549224490032268,9.72021611313202
2015-09-09,2015-09-08,002615,5.189081842890761,5.465667748597746,5.515205522754221
2015-09-09,2015-09-08,002641,5.529665231161526,5.557141828583446,5.605225874071808
2015-09-09,2015-09-08,002658,16.22915661054995,16.54866045093937,16.76166301119899
2015-09-09,2015-09-08,300008,,,
2015-09-09,2015-09-08,300092,8.184033014000756,8.285870528880855,8.452513735048292
2015-09-09,2015-09-08,300102,6.554101851326123,6.554101851326123,6.760452884126495
2015-09-09,2015-09-08,300107,4.678059526420081,4.661140685456536,4.906463879427933
2015-09-09,2015-09-08,300134,,,
2015-09-09,2015-09-08,300139,12.44391649235565,12.65347723521008,12.8031634801061
2015-09-09,2015-09-08,300150,,,
2015-09-09,2015-09-08,300180,4.385976754557054,4.411668668600484,4.492414684165551
2015-09-09,2015-09-08,300225,5.938596880685816,5.948364309765892,6.114410604127173
2015-09-09,2015-09-08,300236,11.64682466894591,11.71764560391462,12.23270694914164
2015-09-09,2015-09-08,300265,9.052592038145882,9.169525412158531,9.403392160183829
2015-09-09,2015-09-08,300283,9.095110239766544,9.095110239766544,9.261364943074105
2015-09-09,2015-09-08,300346,,,
2015-09-09,2015-09-08,300354,18.74797659229443,19.38252349234132,20.09398516815146
2015-09-09,2015-09-08,300365,6.518964526218817,6.596880436890756,6.697521821508675
2015-09-09,2015-09-08,600617,10.80464440306207,10.84506077863462,11.06735084428366
2015-09-09,2015-09-08,600690,7.814389753484678,7.79858714528754,7.893402794470368
2015-09-10,2015-09-09,000338,3.837441341839981,3.749444182455814,3.760922072810271
2015-09-10,2015-09-09,000639,6.316595566010377,6.177878173188189,6.192740750990565
2015-09-10,2015-09-09,000789,4.151466196093623,4.068198965799482,4.127675558866726
2015-09-10,2015-09-09,000888,10.41792903692976,10.21173062997828,10.26082548877625
2015-09-10,2015-09-09,001914,7.804628865131563,7.671140344063178,7.653341874587394
2015-09-10,2015-09-09,002041,15.98114087694852,15.66797706307078,15.68754980143814
2015-09-10,2015-09-09,002191,,,
2015-09-10,2015-09-09,002244,5.485349057722462,5.485349057722462,5.680647863183169
2015-09-10,2015-09-09,002436,,,
2015-09-10,2015-09-09,002540,6.635043550879614,6.527779567378096,6.558426419807102
2015-09-10,2015-09-09,002542,6.520361469535866,6.303454283553322,6.303454283553322
2015-09-10,2015-09-09,002563,7.643291613401363,7.593590692552492,7.575840363677895
2015-09-10,2015-09-09,002588,9.369464065747914,9.277391653309586,9.382617267524818
2015-09-10,2015-09-09,002615,5.535846261986086,5.374848495977542,5.325310721821067
2015-09-10,2015-09-09,002641,5.680786516982089,5.577749276649887,5.612095023427288
2015-09-10,2015-09-09,002658,16.98285797762244,16.79443263585432,16.72889338654367
2015-09-10,2015-09-09,300008,,,
2015-09-10,2015-09-09,300092,8.545093294030201,8.378450087862765,8.359934176066382
2015-09-10,2015-09-09,300102,6.858715280698102,6.701495446183532,6.701495446183532
2015-09-10,2015-09-09,300107,4.889545038464389,4.771113151719576,4.71189720834717
2015-09-10,2015-09-09,300134,,,
2015-09-10,2015-09-09,300139,13.03268238894666,12.67343540119621,12.66345631820315
2015-09-10,2015-09-09,300150,,,
2015-09-10,2015-09-09,300180,4.547468785687188,4.51076605133943,4.679598629339115
2015-09-10,2015-09-09,300225,6.153480320447474,6.046038600566646,6.026503742406494
2015-09-10,2015-09-09,300236,12.36147228544839,12.14257121372691,12.20051561506495
2015-09-10,2015-09-09,300265,9.422881055852603,9.062336485980271,9.208503203496081
2015-09-10,2015-09-09,300283,9.388500892662238,9.173347747205396,9.144008681915825
2015-09-10,2015-09-09,300346,,,
2015-09-10,2015-09-09,300354,20.19012863785554,19.80555475903924,19.59403912569028
2015-09-10,2015-09-09,300365,6.902051087022514,6.65531736989471,6.700768317786673
2015-09-10,2015-09-09,600617,11.10776721985621,11.33679334810066,11.41762609924577
2015-09-10,2015-09-09,600690,7.917106706766074,7.759080624794696,7.830192361681816
2015-09-11,2015-09-10,000338,3.68440280378056,3.722662438295416,3.699706657586502
2015-09-11,2015-09-10,000639,6.093656898974717,6.093656898974717,6.153107210184226
2015-09-11,2015-09-10,000789,4.109832580946553,4.103884921639828,4.074146625106206
2015-09-11,2015-09-10,000888,10.11354091238233,10.24118754525706,10.21173062997828
2015-09-11,2015-09-10,001914,7.724535752490532,7.786830395655779,7.813528099869456
2015-09-11,2015-09-10,002041,15.51139515613191,15.43310420266248,15.4233178334788
2015-09-11,2015-09-10,002191,,,
2015-09-11,2015-09-10,002244,6.037280464459242,6.325983046444635,6.368439308501309
2015-09-11,2015-09-10,002436,,,
2015-09-11,2015-09-10,002540,6.512456141163594,6.527779567378096,6.581411559128855
2015-09-11,2015-09-10,002542,6.270589558404452,6.303454283553322,6.310027228583096
2015-09-11,2015-09-10,002563,7.554539969028379,7.558090034803298,7.582940495227733
2015-09-11,2015-09-10,002588,9.312466858047996,9.338773261601805,9.277391653309586
2015-09-11,2015-09-10,002615,5.32943886966744,5.407873678748525,5.391361087363034
2015-09-11,2015-09-10,002641,5.502188633739605,5.550272679227966,5.543403529872486
2015-09-11,2015-09-10,002658,16.52408323244788,16.712508574216,16.85997188516497
2015-09-11,2015-09-10,300008,,6.322445452210925,6.14067514545986
2015-09-11,2015-09-10,300092,8.424739867353718,8.433997823251909,8.461771690946483
2015-09-11,2015-09-10,300102,6.622885528926247,6.730974165155013,6.740800404812174
2015-09-11,2015-09-10,300107,4.71189720834717,4.745734890274259,4.779572572201349
2015-09-11,2015-09-10,300134,,,
2015-09-11,2015-09-10,300139,12.50379099031406,12.61356090323781,12.70337265017542
2015-09-11,2015-09-10,300150,,,
2015-09-11,2015-09-10,300180,4.547468785687188,4.521776871643757,4.554809332556739
2015-09-11,2015-09-10,300225,5.977666597006118,6.03627117148657,6.03627117148657
2015-09-11,2015-09-10,300236,11.98161454334347,12.06531201194286,12.13613294691157
2015-09-11,2015-09-10,300265,9.101314277317821,9.159780964324145,9.24748099483363
2015-09-11,2015-09-10,300283,8.987533667038122,9.007093043897836,9.055991486047116
2015-09-11,2015-09-10,300346,,,
2015-09-11,2015-09-10,300354,19.78632606509843,19.81516910600965,19.98822735147698
2015-09-11,2015-09-10,300365,7.083854878590369,7.07086889347838,7.074115389756376
2015-09-11,2015-09-10,600617,10.99325415573398,11.01346234352025,10.93262959237515
2015-09-11,2015-09-10,600690,7.845994969878953,7.845994969878953,7.830192361681816
2015-09-14,2015-09-11,000338,3.653795096168676,3.71883647484393,3.703532621037988
2015-09-14,2015-09-11,000639,6.103565284176302,6.187786558389774,6.158061402785019
2015-09-14,2015-09-11,000789,4.097937262333104,4.109832580946553,4.097937262333104
2015-09-14,2015-09-11,000888,10.3491962346126,10.47684286748733,10.36883417813179
2015-09-14,2015-09-11,001914,7.831326569345241,8.062706672530441,8.018210498840979
2015-09-14,2015-09-11,002041,15.31566777245832,15.43310420266248,15.28630866490728
2015-09-14,2015-09-11,002191,,,
2015-09-14,2015-09-11,002244,6.640159385664033,6.691106900132042,6.614685628430027
2015-09-14,2015-09-11,002436,,,
2015-09-14,2015-09-11,002540,6.558426419807102,6.619720124665112,6.543102993592599
2015-09-14,2015-09-11,002542,6.349464898761741,6.408621404029708,6.369183733851063
2015-09-14,2015-09-11,002563,7.550989903253459,7.611341021427089,7.572290297902975
2015-09-14,2015-09-11,002588,9.264238451532682,9.334388861009502,9.338773261601805
2015-09-14,2015-09-11,002615,5.6555625495309,5.548230705525204,5.498692931368729
2015-09-14,2015-09-11,002641,5.557141828583446,5.570880127294407,5.529665231161526
2015-09-14,2015-09-11,002658,16.75347060503516,17.19586053788205,17.17947572555439
2015-09-14,2015-09-11,300008,6.603003969152785,6.697840650935948,6.381718378325401
2015-09-14,2015-09-11,300092,8.489545558641055,8.591383073521156,8.471029646844674
2015-09-14,2015-09-11,300102,6.770279123783656,6.82923656172662,6.789931603097977
2015-09-14,2015-09-11,300107,5.185624755326419,5.405569687852498,5.278678380625914
2015-09-14,2015-09-11,300134,,,
2015-09-14,2015-09-11,300139,12.77322623112689,12.8031634801061,12.64349815221701
2015-09-14,2015-09-11,300150,,,
2015-09-14,2015-09-11,300180,4.558479605991515,4.569490426295842,4.488744410730775
2015-09-14,2015-09-11,300225,6.055806029646721,6.075340887806871,6.046038600566646
2015-09-14,2015-09-11,300236,12.23270694914164,12.23270694914164,12.07818854557354
2015-09-14,2015-09-11,300265,9.266969890502406,9.364414368846278,9.237736546999244
2015-09-14,2015-09-11,300283,9.339602450512956,9.339602450512956,9.24180556621439
2015-09-14,2015-09-11,300346,,,
2015-09-14,2015-09-11,300354,20.67084598637591,20.47855904696776,20.19012863785554
2015-09-14,2015-09-11,300365,7.200728744598276,7.100087359980357,6.979966997694452
2015-09-14,2015-09-11,600617,10.96630990535228,11.12797540764248,11.05387871909281
2015-09-14,2015-09-11,600690,7.727475408400419,7.790685841188971,7.751179320696127
2015-09-15,2015-09-14,000338,3.370673800758747,3.28267664137458,3.31711031243795
2015-09-15,2015-09-14,000639,5.49419959427883,5.375298971859811,5.504107979480414
2015-09-15,2015-09-14,000789,3.776763659769987,3.687548770169121,3.723234726009467
2015-09-15,2015-09-14,000888,9.917161477190442,9.818971759594499,9.67168718320058
2015-09-15,2015-09-14,001914,7.057093147148608,6.807914574487624,6.896906921866547
2015-09-15,2015-09-14,002041,13.80856691817169,13.79878054898801,13.8966442408248
2015-09-15,2015-09-14,002191,,,
2015-09-15,2015-09-14,002244,6.40240431814665,6.410895570557985,6.750545667011388
2015-09-15,2015-09-14,002436,,,
2015-09-15,2015-09-14,002540,5.899519092583491,5.792255109081973,5.746284830438465
2015-09-15,2015-09-14,002542,5.711889230873656,5.488409099861339,5.435825539623147
2015-09-15,2015-09-14,002563,7.21728372041104,7.124982010263137,7.139182273362815
2015-09-15,2015-09-14,002588,8.900333202371673,8.773185585194936,8.795107588156441
2015-09-15,2015-09-14,002615,5.519333670600593,5.217978877815371,5.176697399351641
2015-09-15,2015-09-14,002641,5.007609880145034,5.351067347919042,5.302983302430681
2015-09-15,2015-09-14,002658,15.08221974761356,14.58248297161985,14.58248297161985
2015-09-15,2015-09-14,300008,5.943098725078269,5.350369463933495,5.350369463933495
2015-09-15,2015-09-14,300092,7.637813616007493,7.424880630349102,7.452654498043676
2015-09-15,2015-09-14,300102,6.092268587439574,5.915396273610683,5.935048752925004
2015-09-15,2015-09-14,300107,5.244840698698825,4.745734890274259,4.813410254128438
2015-09-15,2015-09-14,300134,,,
2015-09-15,2015-09-14,300139,11.4959036080142,11.08676120529842,11.04684487332615
2015-09-15,2015-09-14,300150,,,
2015-09-15,2015-09-14,300180,4.103365700079318,4.074003512601112,4.162090075035731
2015-09-15,2015-09-14,300225,5.450225426682048,5.372085994041446,5.420923139441823
2015-09-15,2015-09-14,300236,11.02231278785815,10.57163411078451,10.62314024530721
2015-09-15,2015-09-14,300265,8.341247346235605,8.019680567700821,8.039169463369594
2015-09-15,2015-09-14,300283,8.410532049676588,8.254057034798883,8.185599215789887
2015-09-15,2015-09-14,300346,,7.758052679504449,7.758052679504449
2015-09-15,2015-09-14,300354,18.60376138773832,18.62299008167913,18.60376138773832
2015-09-15,2015-09-14,300365,6.480006570882849,6.187821905863081,6.184575409585084
2015-09-15,2015-09-14,600617,9.868331702297965,9.679721949626057,9.699930137412334
2015-09-15,2015-09-14,600690,7.838093665780385,7.680067583809007,7.703771496104713
2015-09-16,2015-09-15,000639,5.499153786879623,5.533833135085169,5.528878942484377
2015-09-16,2015-09-15,000888,9.328023171614774,9.47530774800869,9.47530774800869
2015-09-16,2015-09-15,001914,6.354053602855116,6.425247480758254,6.336255133379331
2015-09-16,2015-09-15,002041,13.38775304327347,13.70091685715122,13.57369405776338
2015-09-16,2015-09-15,002064,4.884167644416263,4.995593522235645,4.995593522235645
2015-09-16,2015-09-15,002154,3.823483559720809,3.930114575330553,3.945347577560516
2015-09-16,2015-09-15,002191,,,
2015-09-16,2015-09-15,002293,9.962764546610696,10.06376288379574,9.969978713552486
2015-09-16,2015-09-15,002422,12.06667855606925,12.2427732396533,12.2260023174072
2015-09-16,2015-09-15,002436,,,
2015-09-16,2015-09-15,002448,6.704276920973783,6.836102590768211,6.82668647149718
2015-09-16,2015-09-15,002563,7.068180957864428,7.132082141812976,7.096581484063782
2015-09-16,2015-09-15,002615,4.966161859186623,4.999187041957605,4.953777415647504
2015-09-16,2015-09-15,002631,11.11355300179788,11.12344050446851,11.07400299111532
2015-09-16,2015-09-15,002641,4.973264133367634,4.973264133367634,4.932049237234752
2015-09-16,2015-09-15,002673,11.16017531531215,11.24104615093036,11.12782698106487
2015-09-16,2015-09-15,002713,7.616582561806524,7.71995046800247,7.768914213042654
2015-09-16,2015-09-15,300008,5.350369463933495,4.82086465731083,4.899895225463466
2015-09-16,2015-09-15,300092,6.980498747235939,7.128626041606993,7.165657865199758
2015-09-16,2015-09-15,300102,5.483041728695617,5.581304125267223,5.600956604581544
2015-09-16,2015-09-15,300107,4.720356628828942,4.610384162565903,4.517330537266408
2015-09-16,2015-09-15,300134,,,
2015-09-16,2015-09-15,300139,10.52793255768662,10.79736779849945,10.78738871550638
2015-09-16,2015-09-15,300150,,,
2015-09-16,2015-09-15,300180,4.000598043905597,4.066662965731561,4.018949411079475
2015-09-16,2015-09-15,300258,6.833137539880688,6.864978814530645,6.941397873690541
2015-09-16,2015-09-15,300259,2.632302960675366,2.702601852800227,2.679168888758607
2015-09-16,2015-09-15,300283,8.508328933975152,8.449650803396015,8.459430491825872
2015-09-16,2015-09-15,300380,49.61816755054071,48.37746522131135,50.37251456671216
2015-09-16,2015-09-15,600251,7.622397917004966,7.764540535503893,7.702353139910612
2015-09-16,2015-09-15,600352,8.675900450630627,8.758528073969966,8.72180468581915
2015-09-16,2015-09-15,600496,4.139178545225968,4.209185793348182,4.200434887332905
2015-09-16,2015-09-15,600673,4.777336936967758,4.823450227865131,4.878786176941976
2015-09-16,2015-09-15,600690,7.632659759217593,7.616857151020455,7.608955846921886
2015-09-16,2015-09-15,600887,11.02649020622941,11.01211407819,10.99773795015058
2015-09-16,2015-09-15,600966,2.855267583415485,2.900733627737387,2.900733627737387
2015-09-17,2015-09-16,000639,5.994573046958867,5.949985313551736,5.885580809741434
2015-09-17,2015-09-16,000888,10.19209268645909,10.16263577118031,10.11354091238233
2015-09-17,2015-09-16,001914,6.968100799769686,6.852410748177086,6.816813809225517
2015-09-17,2015-09-16,002041,14.54254460694765,14.34681722327406,14.47404002266189
2015-09-17,2015-09-16,002064,5.339156645512075,5.283443706602384,5.302014686238947
2015-09-17,2015-09-16,002154,4.204308615469894,4.204308615469894,4.196692114354912
2015-09-17,2015-09-16,002191,,,
2015-09-17,2015-09-16,002293,10.89339208210149,10.86453541433433,10.67696707384781
2015-09-17,2015-09-16,002422,13.02262112409697,12.93876651286647,12.80459913489766
2015-09-17,2015-09-16,002436,,,
2015-09-17,2015-09-16,002448,7.372821389216955,7.316324673590771,7.288076315777679
2015-09-17,2015-09-16,002563,7.59714075832741,7.565190166353136,7.533239574378863
2015-09-17,2015-09-16,002615,5.432642565826763,5.308798130435575,5.350079608899304
2015-09-17,2015-09-16,002631,12.19129079289749,12.10230326886174,11.84522819942514
2015-09-17,2015-09-16,002641,5.378543945340962,5.323590750497122,5.25489925694232
2015-09-17,2015-09-16,002673,12.05784159067422,11.84757741806689,11.79905491669596
2015-09-17,2015-09-16,002713,8.378240817987177,8.432644979142937,8.525132053107731
2015-09-17,2015-09-16,300008,5.524236713869295,5.251581253742699,5.054004833361108
2015-09-17,2015-09-16,300092,7.674845439600256,7.674845439600256,7.665587483702065
2015-09-17,2015-09-16,300102,6.03331114949661,6.003832430525129,6.003832430525129
2015-09-17,2015-09-16,300107,5.15178707339933,5.04181460713629,5.04181460713629
2015-09-17,2015-09-16,300134,,,
2015-09-17,2015-09-16,300139,11.58571535495181,11.72542251685477,11.81523426379238
2015-09-17,2015-09-16,300150,,,
2015-09-17,2015-09-16,300180,4.330922653035417,4.286879371818108,4.294219918687659
2015-09-17,2015-09-16,300258,7.51454081738976,7.444490013159855,7.355334444139977
2015-09-17,2015-09-16,300259,2.893971059140128,2.929120505202559,2.9759864332858
2015-09-17,2015-09-16,300283,9.310263385223385,9.232025877784533,9.192907124065108
2015-09-17,2015-09-16,300380,54.58097686745817,56.27825765384394,55.28569579046045
2015-09-17,2015-09-16,600251,8.35976275046815,8.137664909063576,8.137664909063576
2015-09-17,2015-09-16,600352,9.309378896232229,9.217570425855184,9.162485343628958
2015-09-17,2015-09-16,600496,4.550471127943981,4.63798018809675,4.585474752005088
2015-09-17,2015-09-16,600673,5.173911238685158,5.100129973249363,5.109352631428838
2015-09-17,2015-09-16,600690,8.043527572343177,8.004021051850334,7.87760018627323
2015-09-17,2015-09-16,600887,11.54403081564826,11.45777404741178,11.3643292151556
2015-09-17,2015-09-16,600966,3.091691013889378,3.055318178431856,3.037131760703095
2015-09-18,2015-09-17,000639,5.796405342927169,5.865764039338264,5.920260157946981
2015-09-18,2015-09-17,000888,9.88770456191166,10.01535119478639,10.05462708182477
2015-09-18,2015-09-17,001914,6.718922227108701,6.790116105011839,6.745619931322378
2015-09-18,2015-09-17,002041,14.14130347041679,14.28809900817198,14.18044894715151
2015-09-18,2015-09-17,002064,5.162732338964719,5.227730767692692,5.172017828783002
2015-09-18,2015-09-17,002154,4.044362092055279,4.112910602090114,4.029129089825315
2015-09-18,2015-09-17,002191,,,
2015-09-18,2015-09-17,002293,10.35232956146731,10.59039707054635,10.38840039617625
2015-09-18,2015-09-17,002422,12.68720267917496,12.76267182928241,12.49433707334481
2015-09-18,2015-09-17,002436,,,
2015-09-18,2015-09-17,002448,7.165666765254281,7.240995719422527,7.14683452671222
2015-09-18,2015-09-17,002563,7.242134180835476,7.465788324655396,7.348636154083056
2015-09-18,2015-09-17,002615,5.193209990737134,5.2592603562791,5.069365555345946
2015-09-18,2015-09-17,002631,11.50905310862342,11.3508530658932,11.27175304452809
2015-09-18,2015-09-17,002641,5.172469464676558,5.227422659520399,5.199946062098479
2015-09-18,2015-09-17,002673,11.43513615641405,11.52409407559407,11.32191698654856
2015-09-18,2015-09-17,002713,8.378240817987177,8.47072789195197,8.383681234102752
2015-09-18,2015-09-17,300008,4.97102273680084,4.812961600495567,4.741834089158194
2015-09-18,2015-09-17,300092,7.526718145229203,7.563749968821965,7.51746018933101
2015-09-18,2015-09-17,300102,5.915396273610683,6.062789868468093,5.994006190867968
2015-09-18,2015-09-17,300107,4.703437787865398,4.796491413164893,4.63576242401122
2015-09-18,2015-09-17,300134,,,
2015-09-18,2015-09-17,300139,11.58571535495181,11.78529701481317,11.58571535495181
2015-09-18,2015-09-17,300150,,,
2015-09-18,2015-09-17,300180,4.235495543731246,4.257517184339902,4.169430621905282
2015-09-18,2015-09-17,300258,7.22796934554015,7.310756659630037,7.170655051170228
2015-09-18,2015-09-17,300259,2.878349083112381,2.956458963251116,2.890065565133191
2015-09-18,2015-09-17,300283,9.124449305056112,9.202686812494965,9.114669616626257
2015-09-18,2015-09-17,300380,54.25343145254161,54.29313392707696,51.58344004004002
2015-09-18,2015-09-17,600251,8.048825772501747,8.297575354874869,8.128780995407393
2015-09-18,2015-09-17,600352,8.923783320648646,9.043134332138802,8.960506708799462
2015-09-18,2015-09-17,600496,4.401705725684274,4.462962067791212,4.375453007638443
2015-09-18,2015-09-17,600673,4.924899467839349,5.026348707813567,4.943344784198298
2015-09-18,2015-09-17,600690,7.711672800203281,7.79858714528754,7.695870192006145
2015-09-18,2015-09-17,600887,11.17025148662353,11.29244857495854,11.2493201908403
2015-09-18,2015-09-17,600966,2.982572507516812,2.991665716381192,2.964386089788051
2015-09-21,2015-09-18,000639,5.845947268935094,5.821176305931131,5.915305965346188
2015-09-21,2015-09-18,000888,10.50629978276611,10.47684286748733,10.60448950036206
2015-09-21,2015-09-18,001914,6.799015339749731,6.710022992370808,6.807914574487624
2015-09-21,2015-09-18,002041,14.21959442388622,14.12173073204943,14.26852626980462
2015-09-21,2015-09-18,002064,5.218445277874411,5.162732338964719,5.190588808419565
2015-09-21,2015-09-18,002154,4.09767759986015,4.021512588710333,4.044362092055279
2015-09-21,2015-09-18,002191,,,
2015-09-21,2015-09-18,002293,10.26575955816584,10.157547054039,10.09983371850469
2015-09-21,2015-09-18,002422,12.62850445131361,12.53626437896006,12.48595161222176
2015-09-21,2015-09-18,002436,,,
2015-09-21,2015-09-18,002448,7.231579600151495,7.099753930357068,7.118586168899128
2015-09-21,2015-09-18,002563,7.504839048179508,7.582940495227733,7.590040626777572
2015-09-21,2015-09-18,002615,5.180825547198014,5.077621851038692,5.123031477348793
2015-09-21,2015-09-18,002631,11.37062807123448,11.27175304452809,11.26186554185746
2015-09-21,2015-09-18,002641,5.131254568543676,5.069432224344355,5.048824776277915
2015-09-21,2015-09-18,002673,11.45131032353769,11.21678490024489,11.22487198380671
2015-09-21,2015-09-18,002713,8.40000248244948,8.296634576253535,8.280313327906807
2015-09-21,2015-09-18,300008,4.643045878967398,4.698367276674244,4.801107015272671
2015-09-21,2015-09-18,300092,7.711877263193021,7.60078179241473,7.656329527803874
2015-09-21,2015-09-18,300102,6.072616108125253,6.03331114949661,6.082442347782414
2015-09-21,2015-09-18,300107,4.694978367383626,4.627303003529447,4.593465321602358
2015-09-21,2015-09-18,300134,,,
2015-09-21,2015-09-18,300139,11.97489959168146,11.78529701481317,11.90504601072999
2015-09-21,2015-09-18,300150,,,
2015-09-21,2015-09-18,300180,4.235495543731246,4.184111715644386,4.206133356253041
2015-09-21,2015-09-18,300258,7.304388404700046,7.247074110330124,7.304388404700046
2015-09-21,2015-09-18,300259,3.030663349382914,2.99941939732742,3.030663349382914
2015-09-21,2015-09-18,300283,9.339602450512956,9.144008681915825,9.153788370345682
2015-09-21,2015-09-18,300380,53.27079520779196,51.51396070960318,50.3526633294445
2015-09-21,2015-09-18,600251,8.190968391000675,8.137664909063576,8.137664909063576
2015-09-21,2015-09-18,600352,8.969687555837167,8.841155697309306,8.850336544347011
2015-09-21,2015-09-18,600496,4.445460255760658,4.41045663169955,4.419207537714827
2015-09-21,2015-09-18,600673,4.971012758736721,4.9064541514804,4.934122126018822
2015-09-21,2015-09-18,600690,7.80648844938611,7.743278016597558,7.743278016597558
2015-09-21,2015-09-18,600887,11.32120083103736,11.2493201908403,11.34995308711619
2015-09-21,2015-09-18,600966,3.009852134109954,2.973479298652431,2.973479298652431
2015-09-22,2015-09-21,000639,6.093656898974717,6.390908455022264,6.420633610627019
2015-09-22,2015-09-21,000888,11.23290369297611,11.0561622013034,11.03652425778422
2015-09-22,2015-09-21,001914,7.083790851362286,7.110488555575963,7.146085494527531
2015-09-22,2015-09-21,002041,14.51318549939661,14.50339913021293,14.60126282204972
2015-09-22,2015-09-21,002064,5.46915350296802,5.413440564058329,5.441297033513176
2015-09-22,2015-09-21,002154,4.272857125504729,4.280473626619711,4.303323129964657
2015-09-22,2015-09-21,002191,,,
2015-09-22,2015-09-21,002293,10.51825540112845,10.51104123418667,10.60482540442992
2015-09-22,2015-09-21,002422,12.94715197398952,12.94715197398952,13.02262112409697
2015-09-22,2015-09-21,002436,,,
2015-09-22,2015-09-21,002448,7.532895416824474,7.561143774637565,7.570559893908596
2015-09-22,2015-09-21,002563,7.831445099472088,7.842095296796846,7.898896349195556
2015-09-22,2015-09-21,002615,5.345951461052931,5.449155157212254,5.490436635675984
2015-09-22,2015-09-21,002631,12.10230326886174,13.30857859467966,13.30857859467966
2015-09-22,2015-09-21,002641,5.27550670500876,5.289245003719721,5.309852451786162
2015-09-22,2015-09-21,002673,11.90418700299963,12.00123200574147,12.04975450711239
2015-09-22,2015-09-21,002713,8.949484510122666,9.069173664665341,9.036531167971884
2015-09-22,2015-09-21,300008,4.82086465731083,4.844573827756621,4.899895225463466
2015-09-22,2015-09-21,300092,8.267354617084473,8.424739867353718,8.369192131964573
2015-09-22,2015-09-21,300102,6.377229537497232,6.485318173725998,6.52462313235464
2015-09-22,2015-09-21,300107,4.847247936055528,4.872626197500844,4.89800445894616
2015-09-22,2015-09-21,300134,,,
2015-09-22,2015-09-21,300139,12.89297522704371,12.94287064200905,12.89297522704371
2015-09-22,2015-09-21,300150,,,
2015-09-22,2015-09-21,300180,4.51076605133943,4.58050124660017,4.609863434078376
2015-09-22,2015-09-21,300258,7.667378935709551,7.692851955429517,7.724693230079474
2015-09-22,2015-09-21,300259,3.229843543736688,3.249371013771372,3.233749037743625
2015-09-22,2015-09-21,300283,9.730789987707215,9.779688429856497,9.760129052996785
2015-09-22,2015-09-21,300380,56.01026595073039,55.59338996810933,56.0698196625334
2015-09-22,2015-09-21,600251,8.679583642090735,8.697351469403101,8.688467555746918
2015-09-22,2015-09-21,600352,9.217570425855184,9.281836355119115,9.263474661043706
2015-09-22,2015-09-21,600496,4.550471127943981,4.541720221928705,4.550471127943981
2015-09-22,2015-09-21,600673,5.072461998710939,5.100129973249363,5.127797947787786
2015-09-22,2015-09-21,600690,7.861797578076091,7.87760018627323,7.87760018627323
2015-09-22,2015-09-21,600887,11.48652630349061,11.4793382394709,11.44339791937237
2015-09-22,2015-09-21,600966,3.073504596160617,3.064411387296237,3.073504596160617
2015-09-23,2015-09-22,000338,3.50458252156074,3.454844996691429,3.451019033239943
2015-09-23,2015-09-22,000888,10.96779145546705,10.75177407675598,10.77141202027516
2015-09-23,2015-09-22,000895,11.89676361817292,11.79662251027585,11.76324214097682
2015-09-23,2015-09-22,002064,5.385584094603484,5.302014686238947,5.283443706602384
2015-09-23,2015-09-22,002154,4.326172633309601,4.23477461992982,4.242391121044802
2015-09-23,2015-09-22,002191,,,
2015-09-23,2015-09-22,002436,,,
2015-09-23,2015-09-22,002550,6.592318257261595,6.462145541321309,6.490039694737085
2015-09-23,2015-09-22,002563,7.760443783973701,7.728493191999426,7.728493191999426
2015-09-23,2015-09-22,002603,9.760892052061084,9.508912501804073,9.522174583396547
2015-09-23,2015-09-22,300045,14.49546705269582,14.11715129170513,14.27644213843805
2015-09-23,2015-09-22,300082,5.24738581419338,5.163961556416061,5.188988833749256
2015-09-23,2015-09-22,300092,8.322902352473619,8.202548925797137,8.33216030837181
2015-09-23,2015-09-22,300107,4.923382720391478,4.838788515573754,4.8557073565373
2015-09-23,2015-09-22,300134,,,
2015-09-23,2015-09-22,300150,,,
2015-09-23,2015-09-22,300151,12.26738410949048,11.92182399373018,12.28658189369938
2015-09-23,2015-09-22,300258,7.654642425849568,7.489067797669794,7.520909072319751
2015-09-23,2015-09-22,300270,13.53131170548909,13.2319464022703,13.32175599323594
2015-09-23,2015-09-22,300283,9.760129052996785,9.505857153820516,9.63299310340865
2015-09-23,2015-09-22,600251,8.866145828870579,8.706235383059285,8.90168148349531
2015-09-23,2015-09-22,600252,5.3106217231454,5.179956162294722,5.179956162294722
2015-09-23,2015-09-22,600352,9.235932119930593,9.098219414365028,9.089038567327323
2015-09-23,2015-09-22,600415,7.159788601293216,6.922260069496759,6.905293745797013
2015-09-23,2015-09-22,600436,29.99497364863082,29.61857097581319,29.51984240589382
2015-09-23,2015-09-22,600496,4.594225658020365,4.489214785837042,4.480463879821766
2015-09-23,2015-09-22,600673,5.072461998710939,4.943344784198298,4.971012758736721
2015-09-23,2015-09-22,600674,8.684537932969501,8.604496108702502,8.588487743849102
2015-09-23,2015-09-22,600690,7.87760018627323,7.751179320696127,7.751179320696127
2015-09-23,2015-09-22,600887,11.45058598339208,11.32120083103736,11.34276502309648
2015-09-23,2015-09-22,600966,3.137157058211281,3.055318178431856,3.064411387296237
2015-09-23,2015-09-22,601058,2.716613752130757,2.650152253607681,2.654306097265373
2015-09-23,2015-09-22,601318,23.77570577389628,23.44642310028864,23.51377637443566
2015-09-24,2015-09-23,000338,3.397455544919146,3.431889215982516,3.416585362176573
2015-09-24,2015-09-23,000888,10.49648081100652,10.65358435916003,10.68304127443881
2015-09-24,2015-09-23,000895,11.62972066378071,11.70983355009838,11.68980532851896
2015-09-24,2015-09-23,002064,5.357727625148638,5.348442135330356,5.329871155693793
2015-09-24,2015-09-23,002154,4.196692114354912,4.242391121044802,4.23477461992982
2015-09-24,2015-09-23,002191,,,
2015-09-24,2015-09-23,002436,,,
2015-09-24,2015-09-23,002550,6.373814055504687,6.462145541321309,6.462145541321309
2015-09-24,2015-09-23,002563,7.849195428346685,7.976997796243781,7.937947072719669
2015-09-24,2015-09-23,002603,9.535436664989023,9.654795399321291,9.648164358525053
2015-09-24,2015-09-23,300045,14.22666374883401,14.48551137477501,14.53528976437904
2015-09-24,2015-09-23,300082,5.172303982193792,5.222358536860184,5.24738581419338
2015-09-24,2015-09-23,300092,8.415481911455528,8.517319426335629,8.53583533813201
2015-09-24,2015-09-23,300107,4.830329095091982,4.872626197500844,4.89800445894616
2015-09-24,2015-09-23,300134,,,
2015-09-24,2015-09-23,300150,,,
2015-09-24,2015-09-23,300151,13.00649880153333,13.03529547784669,12.84331763575764
2015-09-24,2015-09-23,300258,7.508172562459768,7.578223366689673,7.610064641339629
2015-09-24,2015-09-23,300270,13.55126939237034,13.87059238247038,13.83067700870787
2015-09-24,2015-09-23,300283,10.19043534391047,10.29801191663889,10.34691035878818
2015-09-24,2015-09-23,600251,8.706235383059285,8.848378001558212,8.706235383059285
2015-09-24,2015-09-23,600252,5.142623144908814,5.207955925334153,5.198622670987676
2015-09-24,2015-09-23,600352,8.997230096950281,9.061496026214209,9.070676873251916
2015-09-24,2015-09-23,600415,6.879844260247391,6.89681058394714,6.905293745797013
2015-09-24,2015-09-23,600436,29.26685044547541,29.60622990457327,29.67410579639284
2015-09-24,2015-09-23,600496,4.445460255760658,4.480463879821766,4.489214785837042
2015-09-24,2015-09-23,600673,4.878786176941976,4.924899467839349,4.943344784198298
2015-09-24,2015-09-23,600674,8.428404095315102,8.556471014142302,8.596491926275801
2015-09-24,2015-09-23,600690,7.616857151020455,7.680067583809007,7.632659759217593
2015-09-24,2015-09-23,600887,11.27807244691913,11.30682470299795,11.29963663897825
2015-09-24,2015-09-23,600966,3.1280638493469,3.146250267075661,3.137157058211281
2015-09-24,2015-09-23,601058,2.637690722634604,2.662613784580758,2.662613784580758
2015-09-24,2015-09-23,601318,23.02733606115167,23.36410243188674,23.34913503763185
2015-09-25,2015-09-24,000338,3.420411325628059,3.389803618016174,3.39362958146766
2015-09-25,2015-09-24,000888,10.59467052860246,10.54557566980449,10.7124981897176
2015-09-25,2015-09-24,000895,12.04363724308864,11.94349613519156,12.03696116922883
2015-09-25,2015-09-24,002064,5.329871155693793,5.26487272696582,5.26487272696582
2015-09-25,2015-09-24,002154,4.265240624389747,4.257624123274765,4.257624123274765
2015-09-25,2015-09-24,002191,,,
2015-09-25,2015-09-24,002436,,,
2015-09-25,2015-09-24,002550,6.462145541321309,6.392410157781871,6.448198464613421
2015-09-25,2015-09-24,002563,7.803044573272733,7.675242205375637,7.611341021427089
2015-09-25,2015-09-24,002603,9.707843725691188,9.60837811374763,9.661426440117527
2015-09-25,2015-09-24,300045,14.36604323972532,14.31626485012128,14.46560001893339
2015-09-25,2015-09-24,300082,5.272413091526576,5.255728239971112,5.255728239971112
2015-09-25,2015-09-24,300092,8.480287602742864,8.489545558641055,8.517319426335629
2015-09-25,2015-09-24,300107,4.948760981836794,4.940301561355022,4.948760981836794
2015-09-25,2015-09-24,300134,,,
2015-09-25,2015-09-24,300150,,,
2015-09-25,2015-09-24,300151,13.2560699962491,13.03529547784669,13.15048218310012
2015-09-25,2015-09-24,300258,7.692851955429517,7.622801151199613,7.654642425849568
2015-09-25,2015-09-24,300270,14.12006346848603,13.90052891279225,13.94044428655476
2015-09-25,2015-09-24,300283,10.1610962786209,10.36646973564789,10.46426661994645
2015-09-25,2015-09-24,600251,8.821726260589662,8.741771037684016,8.786190605964931
2015-09-25,2015-09-24,600252,5.189289416641198,5.151956399255291,5.291955214452446
2015-09-25,2015-09-24,600352,9.162485343628958,9.089038567327323,9.116581108440437
2015-09-25,2015-09-24,600415,6.905293745797013,6.786529479898784,6.820462127298277
2015-09-25,2015-09-24,600436,30.61819774624689,30.58117453252712,31.16737541642342
2015-09-25,2015-09-24,600496,4.497965691852319,4.454211161775935,4.471712973806489
2015-09-25,2015-09-24,600673,4.943344784198298,4.980235416916195,5.007903391454618
2015-09-25,2015-09-24,600674,8.556471014142302,8.548466831715601,8.596491926275801
2015-09-25,2015-09-24,600690,7.656363671513299,7.569449326429041,7.569449326429041
2015-09-25,2015-09-24,600887,11.30682470299795,11.31401276701766,11.29963663897825
2015-09-25,2015-09-24,600966,3.191716311397564,3.173529893668803,3.182623102533183
2015-09-25,2015-09-24,601058,2.675075315553835,2.658459940923066,2.658459940923066
2015-09-25,2015-09-24,601318,23.30423285486717,23.08720563817123,23.13959151806336
2015-09-28,2015-09-25,000338,3.271198751020124,3.286502604826066,3.286502604826066
2015-09-28,2015-09-25,000888,10.10372194062274,10.18227371469949,10.16263577118031
2015-09-28,2015-09-25,000895,12.01025687378961,11.94349613519156,11.83667895343468
2015-09-28,2015-09-25,002064,4.921309603689391,4.912024113871109,4.884167644416263
2015-09-28,2015-09-25,002154,4.09767759986015,4.09767759986015,4.074828096515205
2015-09-28,2015-09-25,002191,,,
2015-09-28,2015-09-25,002436,,,
2015-09-28,2015-09-25,002550,6.169256930455667,6.173905956024963,6.118117649193413
2015-09-28,2015-09-25,002563,7.213733654636121,7.100131549838702,7.142732339137734
2015-09-28,2015-09-25,002603,9.263563992343299,9.217146706769638,9.250301910750823
2015-09-28,2015-09-25,300045,13.66914578526879,13.73883553071444,13.66914578526879
2015-09-28,2015-09-25,300082,5.005455466639154,5.005455466639154,4.980428189305958
2015-09-28,2015-09-25,300092,7.869262513462266,7.924810248851411,7.906294337055028
2015-09-28,2015-09-25,300107,4.610384162565903,4.593465321602358,4.618843583047675
2015-09-28,2015-09-25,300134,,,
2015-09-28,2015-09-25,300150,,,
2015-09-28,2015-09-25,300151,11.93142288583464,12.13299962002814,11.9986151305658
2015-09-28,2015-09-25,300258,7.540013837109725,7.520909072319751,7.406280483579907
2015-09-28,2015-09-25,300270,13.36167136699844,13.35169252355782,13.22196755882968
2015-09-28,2015-09-25,300283,9.652552480268362,9.779688429856497,9.730789987707215
2015-09-28,2015-09-25,600251,8.279807527562504,8.306459268531052,8.182084477344493
2015-09-28,2015-09-25,600252,5.114623381869384,,
2015-09-28,2015-09-25,600352,8.850336544347011,8.859517391384715,8.78607061508308
2015-09-28,2015-09-25,600415,6.5574841099522,6.549000948102326,6.438719844053971
2015-09-28,2015-09-25,600436,29.76666383069226,29.6802763320128,29.73581115259245
2015-09-28,2015-09-25,600496,4.340449383577336,4.366702101623166,4.35795119560789
2015-09-28,2015-09-25,600673,4.805004911506181,4.841895544224078,4.795782253326706
2015-09-28,2015-09-25,600674,8.356366453474802,8.364370635901501,8.324349723768002
2015-09-28,2015-09-25,600690,7.450929764950507,7.419324548556232,7.324508899373404
2015-09-28,2015-09-25,600887,11.06961859034764,10.98336182211117,10.91148118191411
2015-09-28,2015-09-25,600966,3.055318178431856,3.091691013889378,3.064411387296237
2015-09-28,2015-09-25,601058,2.587844598742297,2.600306129715373,2.587844598742297
2015-09-28,2015-09-25,601318,23.37158612901419,23.23687958072016,23.07972194104379
2015-09-29,2015-09-28,000338,3.320936275889435,3.240591043408239,3.236765079956754
2015-09-29,2015-09-28,000888,10.40811006517017,10.23136857349747,10.21173062997828
2015-09-29,2015-09-28,000895,11.95684828291117,11.83667895343468,11.81665073185526
2015-09-29,2015-09-28,002064,4.958451562962518,4.847025685143135,4.828454705506572
2015-09-29,2015-09-28,002154,4.204308615469894,4.112910602090114,4.105294100975132
2015-09-29,2015-09-28,002191,,,
2015-09-29,2015-09-28,002436,,,
2015-09-29,2015-09-28,002550,6.308727697534544,6.192502058302146,6.187853032732851
2015-09-29,2015-09-28,002563,7.298935233234185,7.128532076038056,7.38413681183225
2015-09-29,2015-09-28,002603,9.462495216230412,9.256932951547062,9.223777747565876
2015-09-29,2015-09-28,300045,14.28639781635886,14.05741722418028,13.92799341120978
2015-09-29,2015-09-28,300082,5.188988833749256,5.113907001749669,5.055510021305545
2015-09-29,2015-09-28,300092,8.239580749389901,8.072937543222466,8.008131851935129
2015-09-29,2015-09-28,300107,4.804950833646665,4.71189720834717,4.678059526420081
2015-09-29,2015-09-28,300134,,,
2015-09-29,2015-09-28,300150,,,
2015-09-29,2015-09-28,300151,12.71853203839975,12.38257081474391,12.29618078580384
2015-09-29,2015-09-28,300258,8.291467918848701,8.087683761088979,8.011264701929083
2015-09-29,2015-09-28,300270,14.01029619063914,13.64107898333597,13.56124823581096
2015-09-29,2015-09-28,300283,10.2295540976299,9.926383756304345,9.945943133164059
2015-09-29,2015-09-28,600251,8.377530577780515,8.164316650032125,8.14654882271976
2015-09-29,2015-09-28,600252,,4.769292971049736,4.72262669931735
2015-09-29,2015-09-28,600352,8.859517391384715,8.758528073969966,8.72180468581915
2015-09-29,2015-09-28,600415,6.616866242901314,6.464169329603592,6.430236682204097
2015-09-29,2015-09-28,600436,30.11838436103004,29.61857097581319,29.649423653913
2015-09-29,2015-09-28,600496,4.419207537714827,4.340449383577336,4.349200289592612
2015-09-29,2015-09-28,600673,4.897231493300925,4.768114278788283,4.768114278788283
2015-09-29,2015-09-28,600674,8.348362271048101,8.292332994061201,8.388383183181602
2015-09-29,2015-09-28,600690,7.403521940359093,7.237594554289146,7.1980880337963
2015-09-29,2015-09-28,600887,11.08399471838706,11.00492601417029,11.17025148662353
2015-09-29,2015-09-28,600966,3.1280638493469,3.082597805024998,3.11897064048252
2015-09-29,2015-09-28,601058,2.616921504346143,2.57538306776922,2.571229224111528
2015-09-29,2015-09-28,601318,23.12462412380846,22.71302078179893,22.66063490190681
2015-09-30,2015-09-29,000338,3.221461226150812,3.255894897214181,3.271198751020124
2015-09-30,2015-09-29,000599,6.039277388119385,6.088779661792495,6.118481025996361
2015-09-30,2015-09-29,000651,12.02856506229336,12.15076000895793,12.25768058728943
2015-09-30,2015-09-29,000821,10.59529857355312,10.85037057624977,10.93866473102938
2015-09-30,2015-09-29,000895,11.72318569781799,11.81665073185526,11.85003110115429
2015-09-30,2015-09-29,002064,4.828454705506572,4.884167644416263,4.902738624052827
2015-09-30,2015-09-29,002096,13.01138879102456,13.20768129433743,13.0861668875247
2015-09-30,2015-09-29,002191,,,
2015-09-30,2015-09-29,002293,10.0926195515629,10.21526038957331,10.17197538792258
2015-09-30,2015-09-29,002363,10.1566332489807,10.33867895321934,10.33109371554273
2015-09-30,2015-09-29,002402,5.450170403492838,5.531632025182055,5.566544148763148
2015-09-30,2015-09-29,002422,12.38532607874515,12.50272253446786,12.57819168457531
2015-09-30,2015-09-29,002436,,,
2015-09-30,2015-09-29,002448,7.372821389216955,7.504647059011383,7.495230939740352
2015-09-30,2015-09-29,002550,6.085574470208341,6.127415700332004,6.146011802609188
2015-09-30,2015-09-29,002573,17.06347470543387,17.24705682287625,17.30503012312122
2015-09-30,2015-09-29,002666,7.093307852288219,7.181096315806637,7.24254824026953
2015-09-30,2015-09-29,002690,18.85141931623497,18.61149216130107,18.72117314641371
2015-09-30,2015-09-29,300067,5.074177768635034,5.129869963656638,5.129869963656638
2015-09-30,2015-09-29,300082,5.047167595527814,5.088879724416473,5.097222150194205
2015-09-30,2015-09-29,300102,6.367403297840071,6.426360735783035,6.455839454754517
2015-09-30,2015-09-29,300107,4.661140685456536,4.71189720834717,4.737275469792487
2015-09-30,2015-09-29,300120,8.769763815292947,8.897078917649889,8.919546288654056
2015-09-30,2015-09-29,300134,,,
2015-09-30,2015-09-29,300150,,,
2015-09-30,2015-09-29,300229,16.21495973182536,16.47733772101347,16.20184083236595
2015-09-30,2015-09-29,300246,14.60582816909635,14.6439137705803,14.78990857626879
2015-09-30,2015-09-29,300270,13.37165021043907,13.48141748828595,13.52133286204846
2015-09-30,2015-09-29,300338,10.50536762864214,10.64517290126666,11.55390717332601
2015-09-30,2015-09-29,300386,20.12425553051447,19.88796290197614,19.74028000913968
2015-09-30,2015-09-29,600436,29.4581370496942,29.55069508399362,29.66793526077288
2015-09-30,2015-09-29,600496,4.331698477562059,4.375453007638443,4.392954819668996
2015-09-30,2015-09-29,600594,14.43270116144548,14.51363219599564,14.45068583578996
2015-09-30,2015-09-29,600673,4.749668962429334,4.795782253326706,4.795782253326706
2015-09-30,2015-09-29,600690,7.134877601007749,7.182285425599163,7.205989337894869
2015-09-30,2015-09-29,600774,12.30384907845661,12.3572114970125,12.31909548375829
2015-09-30,2015-09-29,601318,22.39870550244619,22.41367289670108,22.46605877659321
2015-10-08,2015-09-30,000338,3.255894897214181,3.424237289079544,3.408933435273602
2015-10-08,2015-09-30,000599,6.088779661792495,6.286788756484933,6.326390575423421
2015-10-08,2015-09-30,000651,12.35696398145439,13.15123113477408,12.99085026727683
2015-10-08,2015-09-30,000821,10.67378226669055,11.10544257894642,11.08582165566206
2015-10-08,2015-09-30,000895,11.74988999325721,12.05031331694844,12.14377835098572
2015-10-08,2015-09-30,002064,4.874882154597981,5.01416450187221,5.032735481508773
2015-10-08,2015-09-30,002096,13.16094498402484,13.65634987333827,13.76851701808849
2015-10-08,2015-09-30,002191,,,
2015-10-08,2015-09-30,002293,10.21526038957331,10.4893987333613,10.54711206889561
2015-10-08,2015-09-30,002363,10.14904801130409,10.5358951328112,10.77862273846272
2015-10-08,2015-09-30,002402,5.582060648132523,5.857478511938922,5.872995011308297
2015-10-08,2015-09-30,002422,12.48595161222176,12.97230835735867,13.10647573532747
2015-10-08,2015-09-30,002436,,,
2015-10-08,2015-09-30,002448,7.410485866301077,7.692969444431994,7.683553325160964
2015-10-08,2015-09-30,002550,6.113468623624116,6.411006260059054,6.434251387905534
2015-10-08,2015-09-30,002573,17.03448805531139,17.61422105776101,17.89442534227833
2015-10-08,2015-09-30,002666,7.172317469454796,7.418125167306367,7.42690401365821
2015-10-08,2015-09-30,002690,18.70060796170509,19.19417239471197,18.98852054762577
2015-10-08,2015-09-30,300067,5.080365790304102,5.241254353699847,5.247442375368914
2015-10-08,2015-09-30,300082,5.03048274397235,5.24738581419338,5.239043388415648
2015-10-08,2015-09-30,300102,6.35757705818291,6.563928090983283,6.593406809954765
2015-10-08,2015-09-30,300107,4.694978367383626,4.838788515573754,4.872626197500844
2015-10-08,2015-09-30,300120,8.844655051973501,9.219111235376275,9.219111235376275
2015-10-08,2015-09-30,300134,,,
2015-10-08,2015-09-30,300150,,,
2015-10-08,2015-09-30,300229,15.54589585939567,16.49701607020258,16.70691846155307
2015-10-08,2015-09-30,300246,14.25036255524611,14.69469457255891,15.20250259234496
2015-10-08,2015-09-30,300270,13.20200987194842,13.76082510462349,13.85063469558912
2015-10-08,2015-09-30,300338,11.55390717332601,12.38275271817135,12.14308653652932
2015-10-08,2015-09-30,300386,19.24800369968483,19.76489382461242,19.93719053292162
2015-10-08,2015-09-30,600436,29.56920669085351,31.28461559320269,31.17354595204339
2015-10-08,2015-09-30,600496,4.366702101623166,4.489214785837042,4.497965691852319
2015-10-08,2015-09-30,600594,14.27083909234515,14.93627204309093,15.01720307764109
2015-10-08,2015-09-30,600673,4.758891620608809,4.9064541514804,4.915676809659875
2015-10-08,2015-09-30,600690,7.158581513303456,7.435127156753369,7.411423244457663
2015-10-08,2015-09-30,600774,11.80071770350114,12.16663143074148,12.21999384929737
2015-10-08,2015-09-30,601318,22.34631962255407,23.85802644229818,23.70835249974926
2015-10-09,2015-10-08,000338,3.382151691113203,3.385977654564689,3.397455544919146
2015-10-09,2015-10-08,000599,6.346191484892666,6.356091939627287,6.356091939627287
2015-10-09,2015-10-08,000651,12.85338095227919,12.95266434644415,12.92975279394455
2015-10-09,2015-10-08,000821,11.74312258568805,12.01781551166905,12.16497243630173
2015-10-09,2015-10-08,000895,12.08369368624747,12.10372190782688,12.13710227712591
2015-10-09,2015-10-08,002064,5.060591950963619,5.051306461145337,5.032735481508773
2015-10-09,2015-10-08,002096,13.96480952140136,13.91807321108877,14.17979654883926
2015-10-09,2015-10-08,002191,,,
2015-10-09,2015-10-08,002293,10.60482540442992,10.6192537383135,10.6192537383135
2015-10-09,2015-10-08,002363,10.9985946310844,11.1502993846166,11.08961748320372
2015-10-09,2015-10-08,002402,5.977731382051576,5.985489631736263,6.059193003740792
2015-10-09,2015-10-08,002422,13.38319595238813,13.12324665757357,13.04777750746612
2015-10-09,2015-10-08,002436,,,
2015-10-09,2015-10-08,002448,7.721217802245086,7.730633921516118,7.711801682974055
2015-10-09,2015-10-08,002550,6.499337745875676,6.503986771444972,6.485390669167789
2015-10-09,2015-10-08,002573,17.85577647544836,17.92341199240081,18.2422651437481
2015-10-09,2015-10-08,002666,7.892182870305827,8.050202104638981,8.111654029101874
2015-10-09,2015-10-08,002690,19.57120078103667,19.31756350296369,19.39296918022863
2015-10-09,2015-10-08,300067,5.587783567167604,5.705355978879881,5.587783567167604
2015-10-09,2015-10-08,300082,5.264070665748843,5.280755517304308,5.297440368859771
2015-10-09,2015-10-08,300102,6.760452884126495,6.721147925497853,6.760452884126495
2015-10-09,2015-10-08,300107,4.957220402318567,4.982598663763883,5.033355186654518
2015-10-09,2015-10-08,300120,9.338937214065162,9.383871956073493,9.413828450745715
2015-10-09,2015-10-08,300134,,,
2015-10-09,2015-10-08,300150,,,
2015-10-09,2015-10-08,300229,17.08736654587583,16.96929645074118,16.81842910695802
2015-10-09,2015-10-08,300246,15.43101620124868,15.40562580025938,15.21519779283961
2015-10-09,2015-10-08,300270,14.04023272096102,14.12006346848603,14.03025387752039
2015-10-09,2015-10-08,300338,12.29287790005559,12.02325344570831,11.9433647184943
2015-10-09,2015-10-08,300386,20.47869447332197,20.19317421383815,20.23255631859454
2015-10-09,2015-10-08,600436,30.93906559848486,30.9328950628649,30.88353077790521
2015-10-09,2015-10-08,600496,4.497965691852319,4.506716597867596,4.497965691852319
2015-10-09,2015-10-08,600594,14.92727970591869,14.97224139177989,15.08014943784677
2015-10-09,2015-10-08,600673,4.980235416916195,4.961790100557247,4.961790100557247
2015-10-09,2015-10-08,600690,7.379818028063386,7.356114115767681,7.379818028063386
2015-10-09,2015-10-08,600774,12.19712424134485,12.1513850254398,12.28097947050409
2015-10-09,2015-10-08,601318,22.97495018125954,23.38655352326908,23.56616225432778
2015-10-12,2015-10-09,000338,3.416585362176573,3.439541142885487,3.458670960142914
2015-10-12,2015-10-09,000599,6.534300124850482,6.583802398523592,6.663006036400568
2015-10-12,2015-10-09,000651,12.8762925047788,12.84574376811266,12.86101813644573
2015-10-12,2015-10-09,000821,12.35137120750313,12.26307705272352,12.62606413348414
2015-10-12,2015-10-09,000895,12.15045442484552,12.16380657256513,12.21053908958377
2015-10-12,2015-10-09,002064,5.125590379691591,5.153446849146437,5.218445277874411
2015-10-12,2015-10-09,002096,14.16110202471423,14.29196369358947,14.6752014381527
2015-10-12,2015-10-09,002191,,,
2015-10-12,2015-10-09,002293,10.70582374161497,,
2015-10-12,2015-10-09,002363,11.24132223673592,11.453708891681,11.62058412056642
2015-10-12,2015-10-09,002402,6.097984252164229,6.245390996173288,6.408314239551721
2015-10-12,2015-10-09,002422,13.26579949666542,13.24902857441933,13.47543602474168
2015-10-12,2015-10-09,002436,,,
2015-10-12,2015-10-09,002448,7.975453022562913,8.239104362151769,8.27676883923589
2015-10-12,2015-10-09,002550,6.680649743078217,6.787577331172023,6.903802970404421
2015-10-12,2015-10-09,002573,18.11665632655069,18.26158957716309,18.5514560783879
2015-10-12,2015-10-09,002666,8.243336724379501,8.14676941450924,8.190663646268451
2015-10-12,2015-10-09,002690,19.20102745628151,19.42038942650679,19.70144695085793
2015-10-12,2015-10-09,300067,5.662039827196411,5.612535653843874,5.748672130563349
2015-10-12,2015-10-09,300082,5.364179775081626,5.305782794637503,5.380864626637091
2015-10-12,2015-10-09,300102,6.898020239326743,6.917672718641065,7.025761354869832
2015-10-12,2015-10-09,300107,5.033355186654518,5.109489970990468,5.117949391472241
2015-10-12,2015-10-09,300120,9.496208811094325,9.631013037119324,9.818241128820709
2015-10-12,2015-10-09,300134,,,
2015-10-12,2015-10-09,300150,,,
2015-10-12,2015-10-09,300229,17.05456929722732,17.32350673614513,17.65147922263027
2015-10-12,2015-10-09,300246,15.3611925985281,15.53892540545322,15.73570101312032
2015-10-12,2015-10-09,300270,14.56911142331421,14.73875176180485,15.12792665598927
2015-10-12,2015-10-09,300338,12.06319780931531,11.99329517300306,12.07318390021707
2015-10-12,2015-10-09,300386,20.25224737097273,20.64114565544207,20.62145460306387
2015-10-12,2015-10-09,600436,30.96374774096471,31.27844505758272,31.43887898370171
2015-10-12,2015-10-09,600496,4.524218409898149,4.524218409898149,4.576723845989812
2015-10-12,2015-10-09,600594,15.54775097080326,16.13225288699887,17.08544062725633
2015-10-12,2015-10-09,600673,5.072461998710939,5.118575289608311,5.146243264146735
2015-10-12,2015-10-09,600690,7.403521940359093,7.450929764950507,7.490436285443352
2015-10-12,2015-10-09,600774,12.31909548375829,12.57828437388687,12.58590757653771
2015-10-12,2015-10-09,601318,23.70835249974926,23.86551013942563,23.86551013942563
2015-10-13,2015-10-12,000338,3.588753717493422,3.569623900235995,3.565797936784509
2015-10-13,2015-10-12,000599,6.960019678439227,6.870915585827629,6.880816040562251
2015-10-13,2015-10-12,000651,13.36507229143707,13.25051452893904,13.25051452893904
2015-10-13,2015-10-12,000821,13.00867213752911,12.93018844439168,12.80265244304336
2015-10-13,2015-10-12,000895,12.58439922573286,12.510962413275,12.47758204397598
2015-10-13,2015-10-12,002064,5.404155074240048,5.348442135330356,5.339156645512075
2015-10-13,2015-10-12,002096,15.51645502377929,15.60992764440446,16.08663800959286
2015-10-13,2015-10-12,002191,,,
2015-10-13,2015-10-12,002293,,,
2015-10-13,2015-10-12,002363,12.09086885651624,11.99984600439692,12.3639374128742
2015-10-13,2015-10-12,002402,6.509171485452657,6.412193364394065,6.458742862502188
2015-10-13,2015-10-12,002422,13.73538531955623,13.65153070832574,13.64314524720268
2015-10-13,2015-10-12,002436,,,
2015-10-13,2015-10-12,002448,8.531004059553718,8.436842866843412,8.465091224656502
2015-10-13,2015-10-12,002550,7.043273737483298,7.033975686344706,7.052571788621889
2015-10-13,2015-10-12,002573,19.40173114864735,19.28578454815742,19.3244334149874
2015-10-13,2015-10-12,002666,8.989538664286059,8.717394427378961,8.726173273730803
2015-10-13,2015-10-12,002690,19.90024373637459,19.73572225870563,19.73572225870563
2015-10-13,2015-10-12,300067,5.934312780635364,5.847680477268423,5.872432563944693
2015-10-13,2015-10-12,300082,5.631137399969048,5.564397993747193,5.572740419524925
2015-10-13,2015-10-12,300102,7.251764866984526,7.251764866984526,7.251764866984526
2015-10-13,2015-10-12,300107,5.33789432399832,5.346353744480093,5.625514620378579
2015-10-13,2015-10-12,300120,10.23014293056376,10.14027344654709,10.14027344654709
2015-10-13,2015-10-12,300134,,,
2015-10-13,2015-10-12,300150,,,
2015-10-13,2015-10-12,300229,17.63180087344116,17.83514381506195,18.1827946507362
2015-10-13,2015-10-12,300246,16.01499542400265,15.87534821856148,15.87534821856148
2015-10-13,2015-10-12,300270,15.31752468136117,15.34746121168305,15.22771509039553
2015-10-13,2015-10-12,300338,12.78219635424139,12.53254408169762,12.49259971809061
2015-10-13,2015-10-12,300386,21.12849920180237,20.77406025899488,20.79375131137307
2015-10-13,2015-10-12,600436,32.3768003979358,32.17934325809704,32.12380843751739
2015-10-13,2015-10-12,600496,4.769243778325903,4.751741966295349,4.716738342234241
2015-10-13,2015-10-12,600594,16.84264752360584,16.7437318147112,16.98652491836169
2015-10-13,2015-10-12,600673,5.413700351351494,5.339919085915699,5.312251111377274
2015-10-13,2015-10-12,600690,7.680067583809007,7.632659759217593,7.672166279710438
2015-10-13,2015-10-12,600774,13.55405431319446,13.91234483778396,13.83611281127556
2015-10-13,2015-10-12,601318,24.42678742398409,24.29208087569006,24.30704826994495
2015-10-14,2015-10-13,000039,8.615207661439701,8.565145704611473,8.628860922392855
2015-10-14,2015-10-13,000042,14.76920750993595,14.61536159837412,14.73074603204549
2015-10-14,2015-10-13,000338,3.565797936784509,3.546668119527081,3.57344986368748
2015-10-14,2015-10-13,000505,7.997970761601149,8.007820479287851,8.066918785408056
2015-10-14,2015-10-13,000629,3.17,3.16,3.31
2015-10-14,2015-10-13,001914,7.733434987228424,7.662241109325286,7.706737283014748
2015-10-14,2015-10-13,002041,15.71690890898918,16.49981844368353,16.38238201347938
2015-10-14,2015-10-13,002064,5.645577809515377,5.599150360423967,5.636292319697095
2015-10-14,2015-10-13,002191,,,
2015-10-14,2015-10-13,002285,10.16792662017345,10.08463984922322,10.14016436319004
2015-10-14,2015-10-13,002293,,,
2015-10-14,2015-10-13,002436,,,
2015-10-14,2015-10-13,002493,3.890644937047044,3.924923747065079,3.959202557083115
2015-10-14,2015-10-13,002540,6.818924665453645,6.765292673702886,6.918526935847911
2015-10-14,2015-10-13,002542,7.769221025192937,7.723210409984519,7.710064519924972
2015-10-14,2015-10-13,002641,6.257795062842422,6.223449316065022,6.202841867998581
2015-10-14,2015-10-13,002658,18.92445823845047,18.99818989392496,19.04734433090794
2015-10-14,2015-10-13,002713,10.27694604232323,10.27150562620766,10.32046937124784
2015-10-14,2015-10-13,300102,7.350027263556132,7.80203428778552,8.086995237843178
2015-10-14,2015-10-13,300134,,,
2015-10-14,2015-10-13,300139,14.51956575491377,14.43973309096923,14.56946116987911
2015-10-14,2015-10-13,300150,,,
2015-10-14,2015-10-13,300180,5.351258667903083,5.365939761642186,5.343918121033531
2015-10-14,2015-10-13,300225,6.72975863617192,6.680921490771543,6.768828352492221
2015-10-14,2015-10-13,300265,10.81633709617,11.01122605285775,11.18662611387672
2015-10-14,2015-10-13,300380,65.81677716095929,64.75473596713894,64.3180087472502
2015-10-14,2015-10-13,600022,3.029666464014963,3.011192888014872,3.103560768015329
2015-10-14,2015-10-13,600050,5.191884571180382,5.216451848331078,5.241019125481774
2015-10-14,2015-10-13,600079,15.94008625747357,16.23089740926328,16.42174222762528
2015-10-14,2015-10-13,600130,7.08,7.07,7.13
2015-10-14,2015-10-13,600352,9.658251083664993,9.575623460325655,9.639889389589586
2015-10-14,2015-10-13,600690,7.680067583809007,7.656363671513299,7.640561063316161
2015-10-14,2015-10-13,600711,7.212187056889842,7.163977250359829,7.356816476479879
2015-10-15,2015-10-14,000039,8.619758748424086,8.569696791595856,8.610656574455318
2015-10-15,2015-10-14,000042,14.42305420892183,14.72113066257288,14.78843824888118
2015-10-15,2015-10-14,000338,3.50458252156074,3.489278667754798,3.512234448463711
2015-10-15,2015-10-14,000505,8.214664550708569,8.106317656154859,8.135866809214962
2015-10-15,2015-10-14,000629,3.21,3.17,3.21
2015-10-15,2015-10-14,001914,7.457558710353764,7.377465597712732,7.475357179829548
2015-10-15,2015-10-14,002041,15.89306355429541,15.72669527817286,15.74626801654022
2015-10-15,2015-10-14,002064,5.506295462241148,5.432011543694893,5.478438992786303
2015-10-15,2015-10-14,002191,,,
2015-10-15,2015-10-14,002285,9.959709692797885,9.925006871568623,10.02911533525641
2015-10-15,2015-10-14,002293,,,
2015-10-15,2015-10-14,002436,,4.412562974683398,4.412562974683398
2015-10-15,2015-10-14,002493,3.972057110839878,3.864935829533517,3.942063152074097
2015-10-15,2015-10-14,002540,6.73464582127388,6.688675542630373,6.703998968844876
2015-10-15,2015-10-14,002542,7.447146718734008,7.394563158495816,7.506303224001975
2015-10-15,2015-10-14,002641,6.044851432822538,6.003636536689656,6.079197179599938
2015-10-15,2015-10-14,002658,19.10469117405476,18.93265064461431,19.11288358021859
2015-10-15,2015-10-14,002713,9.988603988197699,9.999484820428851,10.06476981381577
2015-10-15,2015-10-14,300102,8.086995237843178,8.489871063786762,8.362129948243673
2015-10-15,2015-10-14,300134,,,
2015-10-15,2015-10-14,300139,14.56946116987911,13.87092536036436,14.12040243519106
2015-10-15,2015-10-14,300150,,,
2015-10-15,2015-10-14,300180,5.131042261816536,5.138382808686088,5.145723355555639
2015-10-15,2015-10-14,300225,6.739526065251996,6.671154061691468,6.72975863617192
2015-10-15,2015-10-14,300265,10.75787040916367,10.65068148298541,10.77735930483245
2015-10-15,2015-10-14,300380,62.53139739315993,61.40980248753658,62.61080234223061
2015-10-15,2015-10-14,600022,3.038903252015009,3.048140040015054,3.057376828015101
2015-10-15,2015-10-14,600050,5.183695478796817,5.306531864550297,5.363855511235253
2015-10-15,2015-10-14,600079,15.73106574212471,17.18512150107327,16.8125197128427
2015-10-15,2015-10-14,600130,6.91,6.88,6.98
2015-10-15,2015-10-14,600352,9.382825672533864,9.35528313142075,9.41954906068468
2015-10-15,2015-10-14,600690,7.553646718231904,7.529942805936196,7.57735063052761
2015-10-15,2015-10-14,600711,7.192903134277837,7.202545095583839,7.212187056889842
2015-10-16,2015-10-15,000039,8.801802227799461,8.901926141455919,8.961090272252918
2015-10-16,2015-10-15,000042,15.00959174675131,15.07689933305962,15.36536041723805
2015-10-16,2015-10-15,000338,3.584927754041936,3.619361425105307,3.630839315459763
2015-10-16,2015-10-15,000505,8.313161727575578,8.244213703768672,8.293462292202177
2015-10-16,2015-10-15,000629,3.27,3.27,3.28
2015-10-16,2015-10-15,001914,7.786830395655779,7.822427334607347,7.964815090413625
2015-10-16,2015-10-15,002041,16.13772278388739,16.10836367633636,16.15729552225476
2015-10-16,2015-10-15,002064,5.627006829878813,5.654863299333658,5.682719768788504
2015-10-16,2015-10-15,002191,,,
2015-10-16,2015-10-15,002285,10.31367846933635,10.32755959782805,10.50107370397436
2015-10-16,2015-10-15,002293,,,
2015-10-16,2015-10-15,002436,4.412562974683398,4.853819272151739,4.853819272151739
2015-10-16,2015-10-15,002493,4.134881458425547,4.10917235091202,4.1862996734526
2015-10-16,2015-10-15,002540,6.91086522274066,6.956835501384169,6.918526935847911
2015-10-16,2015-10-15,002542,7.591751509389038,7.723210409984519,7.690345684835648
2015-10-16,2015-10-15,002641,6.285271660264343,6.292140809619823,6.326486556397224
2015-10-16,2015-10-15,002658,19.88296975961875,20.33355209862947,20.00585585207622
2015-10-16,2015-10-15,002713,10.3966351968659,10.67953683487586,10.70129849933817
2015-10-16,2015-10-15,300102,8.509523543101082,,
2015-10-16,2015-10-15,300134,,,
2015-10-16,2015-10-15,300139,14.93868724062263,14.93868724062263,15.02849898756024
2015-10-16,2015-10-15,300150,,,
2015-10-16,2015-10-15,300180,5.26684237890324,5.274182925772791,5.321896480424877
2015-10-16,2015-10-15,300225,6.925107217773427,6.954409505013653,7.013014079494106
2015-10-16,2015-10-15,300265,11.29381504005498,11.34253727922692,11.65435960992732
2015-10-16,2015-10-15,300380,65.27086813609837,64.13934761184119,67.15673567652699
2015-10-16,2015-10-15,600022,3.158981496015602,3.131271132015466,3.149744708015557
2015-10-16,2015-10-15,600050,5.470313712221602,5.445746435070906,5.478502804605167
2015-10-16,2015-10-15,600079,17.13968225860613,17.07606731915213,17.24873644052727
2015-10-16,2015-10-15,600130,7.21,7.23,7.28
2015-10-16,2015-10-15,600352,9.814325483305968,9.887772259607603,9.814325483305968
2015-10-16,2015-10-15,600690,7.727475408400419,7.790685841188971,7.901304098568937
2015-10-16,2015-10-15,600711,7.511087857375919,7.549655702599928,7.433952166927899
2015-10-19,2015-10-16,000039,8.888272880502766,8.860966358596459,8.874619619549613
2015-10-19,2015-10-16,000042,15.69228297930695,15.54805243721773,15.49036022038204
2015-10-19,2015-10-16,000338,3.638491242362734,3.623187388556792,3.619361425105307
2015-10-19,2015-10-16,000505,8.42150862212929,8.372260033695785,8.22451426839527
2015-10-19,2015-10-16,000629,3.28,3.28,3.25
2015-10-19,2015-10-16,001914,8.09830361148201,8.027109733578872,8.05380743779255
2015-10-19,2015-10-16,002041,16.10836367633636,16.12793641470372,16.14750915307108
2015-10-19,2015-10-16,002064,5.654863299333658,5.654863299333658,5.692005258606786
2015-10-19,2015-10-16,002191,,,
2015-10-19,2015-10-16,002285,11.00773489392156,10.93138868721719,10.82728022352941
2015-10-19,2015-10-16,002293,,11.77352044899975,11.77352044899975
2015-10-19,2015-10-16,002436,4.853819272151739,5.340167454032901,5.340167454032901
2015-10-19,2015-10-16,002493,4.194869375957109,4.130596607173293,4.177729970948092
2015-10-19,2015-10-16,002540,6.903203509633409,6.956835501384169,6.933850362062415
2015-10-19,2015-10-16,002542,7.604897399448586,7.604897399448586,7.631189179567682
2015-10-19,2015-10-16,002641,6.285271660264343,6.237187614775982,6.189103569287621
2015-10-19,2015-10-16,002658,20.04681788289537,20.28439766164648,20.61209390819974
2015-10-19,2015-10-16,002713,10.65233475429798,11.14741262081541,11.34870801709172
2015-10-19,2015-10-16,300102,,,
2015-10-19,2015-10-16,300134,,,
2015-10-19,2015-10-16,300139,15.0085408215741,14.86883365967115,14.64929383382366
2015-10-19,2015-10-16,300150,,,
2015-10-19,2015-10-16,300180,5.277853199207568,5.310885660120549,5.314555933555325
2015-10-19,2015-10-16,300225,7.022781508574181,6.98371179225388,6.973944363173804
2015-10-19,2015-10-16,300265,11.71282629693364,11.69333740126486,11.86873746228384
2015-10-19,2015-10-16,300380,67.64309098958492,65.68774411871944,65.09220700068933
2015-10-19,2015-10-16,600022,3.158981496015602,3.149744708015557,3.168218284015648
2015-10-19,2015-10-16,600050,5.593150097975081,5.634095559892907,5.650473744660037
2015-10-19,2015-10-16,600079,17.15785795559298,17.81218304711984,17.52137189533013
2015-10-19,2015-10-16,600130,7.28,7.24,7.23
2015-10-19,2015-10-16,600352,10.26418698815348,10.13565512962562,10.0805700473994
2015-10-19,2015-10-16,600690,7.838093665780385,,
2015-10-19,2015-10-16,600711,7.858198464392007,7.694285122189966,7.694285122189966
2015-10-20,2015-10-19,000039,8.820006575736999,8.897375054471535,8.838210923674538
2015-10-20,2015-10-19,000042,16.26920514766382,16.18266682241029,16.26920514766382
2015-10-20,2015-10-19,000338,3.61553546165382,3.592579680944908,3.61553546165382
2015-10-20,2015-10-19,000505,8.116167373841561,8.175265679961766,8.273762856828775
2015-10-20,2015-10-19,000629,3.27,3.25,3.24
2015-10-20,2015-10-19,001914,8.089404376744117,8.089404376744117,8.062706672530441
2015-10-20,2015-10-19,002041,15.49182241776455,15.61904521715239,15.68754980143814
2015-10-20,2015-10-19,002064,5.747718197516478,5.747718197516478,5.729147217879913
2015-10-20,2015-10-19,002191,,,
2015-10-20,2015-10-19,002285,11.13960561459276,11.04243771515083,11.22983294978883
2015-10-20,2015-10-19,002293,11.77352044899975,12.32901130351751,12.25686963409962
2015-10-20,2015-10-19,002436,5.340167454032901,5.768540355954721,5.675135738242445
2015-10-20,2015-10-19,002493,4.096317797155257,4.07060868964173,4.074893540893985
2015-10-20,2015-10-19,002540,6.864894944097154,6.903203509633409,6.91086522274066
2015-10-20,2015-10-19,002542,7.361698433346946,7.54574089418062,7.57860561932949
2015-10-20,2015-10-19,002641,6.154757822510221,6.182234419932141,6.175365270576661
2015-10-20,2015-10-19,002658,20.25162803699116,20.50559262806993,20.31716728630181
2015-10-20,2015-10-19,002713,11.15285303693098,10.98420013734812,11.04948513073504
2015-10-20,2015-10-19,300102,,,
2015-10-20,2015-10-19,300134,,,
2015-10-20,2015-10-19,300139,14.43973309096923,14.46967033994843,14.51956575491377
2015-10-20,2015-10-19,300150,,,
2015-10-20,2015-10-19,300180,5.189766636772949,5.149393628990415,5.164074722729518
2015-10-20,2015-10-19,300225,6.856735214212899,6.876270072373051,6.886037501453126
2015-10-20,2015-10-19,300265,11.73231519260241,11.65435960992732,11.79078187960874
2015-10-20,2015-10-19,300380,64.12942199320734,64.47681864539156,65.50908298331041
2015-10-20,2015-10-19,600022,3.168218284015648,3.149744708015557,3.149744708015557
2015-10-20,2015-10-19,600050,5.453935527454471,5.43755734268734,5.42117915792021
2015-10-20,2015-10-19,600079,16.92157389476385,16.73072907640185,16.7489047733887
2015-10-20,2015-10-19,600130,7.47,7.35,7.4
2015-10-20,2015-10-19,600352,10.19992105888955,10.19992105888955,10.21828275296496
2015-10-20,2015-10-19,600690,,,
2015-10-20,2015-10-19,600711,7.983543961370038,7.838914541780002,7.935334154840027
2015-10-21,2015-10-20,000425,3.99010439556826,4.025028722881768,3.998835477396637
2015-10-21,2015-10-20,000809,4.98,4.94,4.95
2015-10-21,2015-10-20,000816,8.59,8.52,8.43
2015-10-21,2015-10-20,000829,10.77205377722422,10.64555269402285,10.50932075826753
2015-10-21,2015-10-20,000888,11.31145546705286,11.29181752353367,11.21326574945692
2015-10-21,2015-10-20,002041,15.85391807756069,15.63861795551975,15.46246331021351
2015-10-21,2015-10-20,002064,5.849858585517578,5.840573095699296,5.840573095699296
2015-10-21,2015-10-20,002191,,,
2015-10-21,2015-10-20,002271,7.026553762035085,7.05410887482738,7.029998151134122
2015-10-21,2015-10-20,002293,12.36508213822646,12.3362254704593,12.27851213492498
2015-10-21,2015-10-20,002304,44.30232467653045,44.2654675012588,44.50135342299739
2015-10-21,2015-10-20,002339,18.34940775495864,19.32511822502858,19.21166351920649
2015-10-21,2015-10-20,002422,14.00372007549384,13.97856369212469,13.90309454201724
2015-10-21,2015-10-20,002448,9.613857775722236,9.604441656451204,9.717435087703572
2015-10-21,2015-10-20,002493,4.14773601218231,4.113457202164275,4.117742053416529
2015-10-21,2015-10-20,002540,7.002805780027677,6.987482353813173,6.987482353813173
2015-10-21,2015-10-20,002542,7.75607513513339,8.01899293632435,7.99927410123503
2015-10-21,2015-10-20,002563,8.413655886558862,8.498857465156927,8.541458254455957
2015-10-21,2015-10-20,300102,,,
2015-10-21,2015-10-20,300134,,,
2015-10-21,2015-10-20,300150,,,
2015-10-21,2015-10-20,300180,5.29253429294667,5.380620855381289,5.351258667903083
2015-10-21,2015-10-20,300193,10.7174044754436,10.73560040833909,10.59913091162291
2015-10-21,2015-10-20,300225,6.98371179225388,6.954409505013653,6.925107217773427
2015-10-21,2015-10-20,300259,3.893777524915935,3.854722584846567,3.819573138784136
2015-10-21,2015-10-20,300380,70.5413716306647,73.8962307289009,75.72254455752653
2015-10-21,2015-10-20,600201,14.49585930519144,14.5898276869037,14.54037064389725
2015-10-21,2015-10-20,600352,10.20910190592726,10.18155936481414,10.15401682370103
2015-10-21,2015-10-20,600388,13.96727822318483,13.99275046310553,14.11162091606881
2015-10-21,2015-10-20,600518,10.062463604705,10.08071474788161,9.946873031253133
2015-10-21,2015-10-20,600550,8.029999999999999,7.99,7.92
2015-10-21,2015-10-20,600690,,,
2015-10-21,2015-10-20,600887,11.57997113574679,11.50809049554973,11.53684275162855
2015-10-21,2015-10-20,600993,18.89484137179398,18.92171881329013,18.96651454911705
2015-10-22,2015-10-21,000425,3.667054367918313,3.684516531575067,3.667054367918313
2015-10-22,2015-10-21,000809,4.48,4.5,4.52
2015-10-22,2015-10-21,000816,7.73,7.73,7.72
2015-10-22,2015-10-21,000829,9.691929143735612,9.701659996289564,9.789237669275126
2015-10-22,2015-10-21,000888,10.50629978276611,10.47684286748733,10.54557566980449
2015-10-22,2015-10-21,002041,14.7089128830702,14.6110491912334,14.55233097613133
2015-10-22,2015-10-21,002064,5.376298604785203,5.413440564058329,5.422726053876612
2015-10-22,2015-10-21,002191,,,
2015-10-22,2015-10-21,002271,6.406563724208461,6.48234028438727,6.485784673486306
2015-10-22,2015-10-21,002293,11.18917292671484,11.10981709035516,11.26131459613273
2015-10-22,2015-10-21,002304,43.94112435886822,44.33918185180211,44.22861032598714
2015-10-22,2015-10-21,002339,16.72322363817542,16.85180563810711,16.89718752043595
2015-10-22,2015-10-21,002422,13.23225765217322,13.27418495778847,13.24064311329627
2015-10-22,2015-10-21,002448,8.88881659185288,9.030058380918339,9.161884050712768
2015-10-22,2015-10-21,002493,3.770669101983919,3.774953953236173,3.873505532038025
2015-10-22,2015-10-21,002540,6.359221879018569,6.389868731447573,6.42817729698383
2015-10-22,2015-10-21,002542,7.019905291798695,7.05934296197734,7.131645357304854
2015-10-22,2015-10-21,002563,7.803044573272733,7.703642731574991,7.781744178623218
2015-10-22,2015-10-21,300102,,,
2015-10-22,2015-10-21,300134,,,
2015-10-22,2015-10-21,300150,,,
2015-10-22,2015-10-21,300180,4.866782574512681,4.870452847947456,4.88513394168656
2015-10-22,2015-10-21,300193,9.64384443460969,9.73482409908714,9.762117998430375
2015-10-22,2015-10-21,300225,6.397666047449358,6.446503192849734,6.43673576376966
2015-10-22,2015-10-21,300259,3.50322812422226,3.499322630215324,3.50322812422226
2015-10-22,2015-10-21,300380,71.67289215492187,73.44957789037834,74.14437119474678
2015-10-22,2015-10-21,600201,13.84302633750626,14.03590880523142,14.0111802837282
2015-10-22,2015-10-21,600352,9.364463978458454,9.474634142910908,9.428729907722385
2015-10-22,2015-10-21,600388,12.6597032405888,12.89744414651535,12.90593489315558
2015-10-22,2015-10-21,600518,9.934705602468723,9.867784744154482,9.898203316115502
2015-10-22,2015-10-21,600550,7.24,7.33,7.35
2015-10-22,2015-10-21,600690,,,
2015-10-22,2015-10-21,600887,11.09118278240676,11.10555891044618,11.134311166525
2015-10-22,2015-10-21,600993,17.47929611966337,17.67639735730181,17.70327479879796
2015-10-23,2015-10-22,000425,3.754365186202082,3.728171940716951,3.719440858888574
2015-10-23,2015-10-22,000809,4.64,4.64,4.64
2015-10-23,2015-10-22,000816,7.9,7.89,7.89
2015-10-23,2015-10-22,000829,10.02277813056996,10.70393780934656,11.02505594362696
2015-10-23,2015-10-22,000888,10.72231716147719,10.72231716147719,10.68304127443881
2015-10-23,2015-10-22,002041,14.9927175893969,14.88506752837643,14.85570842082539
2015-10-23,2015-10-22,002064,5.56200840115084,5.552722911332558,5.543437421514276
2015-10-23,2015-10-22,002191,,,
2015-10-23,2015-10-22,002271,6.58911634645741,6.475451506189196,6.441007615198828
2015-10-23,2015-10-22,002293,11.65087961098934,11.66530794487292,11.70859294652365
2015-10-23,2015-10-22,002304,44.22861032598714,44.56769633848638,44.67089642924702
2015-10-23,2015-10-22,002339,18.39478963728748,19.02257234283635,19.06039057811038
2015-10-23,2015-10-22,002422,13.61798886383353,13.80246900854064,13.92825092538639
2015-10-23,2015-10-22,002448,9.500864344469868,9.623273894993266,9.783347922600786
2015-10-23,2015-10-22,002493,3.946348003326352,4.002051069605659,4.113457202164275
2015-10-23,2015-10-22,002540,6.635043550879614,6.635043550879614,6.619720124665112
2015-10-23,2015-10-22,002542,7.480011443882879,7.460292608793557,7.434000828674461
2015-10-23,2015-10-22,002563,8.016048519767894,7.973447730468862,7.93084694116983
2015-10-23,2015-10-22,300102,,,
2015-10-23,2015-10-22,300134,,,
2015-10-23,2015-10-22,300150,,,
2015-10-23,2015-10-22,300180,5.009923238468936,5.028274605642815,5.017263785338487
2015-10-23,2015-10-22,300193,9.998665126071744,10.12603665634018,10.21701632081762
2015-10-23,2015-10-22,300225,6.700456348931694,6.768828352492221,6.749293494332071
2015-10-23,2015-10-22,300259,3.651636896485857,3.675069860527477,3.698502824569098
2015-10-23,2015-10-22,300380,78.83918880855069,83.33549404967789,84.89381617518998
2015-10-23,2015-10-22,600201,14.3821081062766,14.41178233208047,14.2733026116624
2015-10-23,2015-10-22,600352,9.639889389589586,9.639889389589586,9.64907023662729
2015-10-23,2015-10-22,600388,13.23707401212471,13.42387043820986,13.48330566469149
2015-10-23,2015-10-22,600518,10.5491607560813,10.73167218784742,10.5369933272969
2015-10-23,2015-10-22,600550,7.49,7.55,7.45
2015-10-23,2015-10-22,600690,,,
2015-10-23,2015-10-22,600887,11.15587535858412,11.14868729456441,11.15587535858412
2015-10-23,2015-10-22,600993,19.05610602077088,19.8086743826631,19.6474097336862
2015-10-26,2015-10-23,000425,3.754365186202082,3.780558431687213,3.771827349858836
2015-10-26,2015-10-23,000809,4.84,4.94,4.92
2015-10-26,2015-10-23,000816,8.17,8.380000000000001,8.5
2015-10-26,2015-10-23,000829,11.02505594362696,10.96667082830325,10.84990059765583
2015-10-26,2015-10-23,000888,10.95797248370746,11.00706734250543,10.97761042722665
2015-10-26,2015-10-23,002041,15.325454141642,15.62883158633607,16.12793641470372
2015-10-26,2015-10-23,002064,5.719861728061631,5.775574666971322,5.738432707698195
2015-10-26,2015-10-23,002191,,,
2015-10-26,2015-10-23,002271,6.509895397179564,6.530561731773785,6.50300661898149
2015-10-26,2015-10-23,002293,11.75187794817438,12.04765879278773,12.50936547706224
2015-10-26,2015-10-23,002304,45.26061123359351,44.9510109613116,44.89941091593128
2015-10-26,2015-10-23,002339,19.8848281070842,19.74111881304289,19.68060963660444
2015-10-26,2015-10-23,002422,14.3307530592928,14.2972112148006,14.17142929795485
2015-10-26,2015-10-23,002448,9.858676876769032,10.04699926218964,9.971670308021398
2015-10-26,2015-10-23,002493,4.340554318533761,4.434821046083359,4.460530153596886
2015-10-26,2015-10-23,002540,6.780616099917388,6.895541796526159,6.864894944097154
2015-10-26,2015-10-23,002542,7.696918629865423,7.841523420520452,7.867815200639549
2015-10-26,2015-10-23,002563,8.413655886558862,8.59115917530483,8.704761280102248
2015-10-26,2015-10-23,300102,,,
2015-10-26,2015-10-23,300134,,,
2015-10-26,2015-10-23,300150,,,
2015-10-26,2015-10-23,300180,5.068647613425348,5.17141526959907,5.138382808686088
2015-10-26,2015-10-23,300193,10.56273904583193,10.78109024057781,11.04493126756242
2015-10-26,2015-10-23,300225,6.876270072373051,7.061851224894482,6.98371179225388
2015-10-26,2015-10-23,300259,3.82738412679801,3.870344560874314,3.987509381082417
2015-10-26,2015-10-23,300380,86.72013000381561,83.37519652421324,81.85657687323649
2015-10-26,2015-10-23,600201,14.81238438043274,14.97064691805339,14.82722149333468
2015-10-26,2015-10-23,600352,9.786782942192856,9.915314800720717,9.878591412569898
2015-10-26,2015-10-23,600388,14.5616304880012,15.28334395242109,15.11352901961641
2015-10-26,2015-10-23,600518,10.56741189925792,10.58566304243453,10.50049104094368
2015-10-26,2015-10-23,600550,7.67,7.76,7.77
2015-10-26,2015-10-23,600690,,,
2015-10-26,2015-10-23,600887,11.26369631887971,11.37151727917531,11.32838889505707
2015-10-26,2015-10-23,600993,20.15808112211306,20.23871344660152,19.93410244297847
2015-10-27,2015-10-26,000425,4.007566559225014,3.928986822769621,3.911524659112867
2015-10-27,2015-10-26,000809,4.86,4.8,4.74
2015-10-27,2015-10-26,000816,8.99,9.029999999999999,9.300000000000001
2015-10-27,2015-10-26,000829,11.04451764873486,10.88882400787164,10.66501439913075
2015-10-27,2015-10-26,000888,10.84014482259233,10.73213613323679,10.80086893555395
2015-10-27,2015-10-26,002041,16.13772278388739,15.87349081592805,15.64840432470342
2015-10-27,2015-10-26,002064,5.719861728061631,5.654863299333658,5.589864870605685
2015-10-27,2015-10-26,002191,,,
2015-10-27,2015-10-26,002271,6.389341778713276,6.354897887722908,6.251566214751803
2015-10-27,2015-10-26,002293,12.24244130021604,11.98994545725342,11.67973627875649
2015-10-27,2015-10-26,002304,44.96575383142026,45.17952544799586,44.81832513033363
2015-10-27,2015-10-26,002339,21.8740672824981,21.39755751804534,20.63362916550997
2015-10-27,2015-10-26,002422,14.09596014784739,13.87793815864809,13.75215624180234
2015-10-27,2015-10-26,002448,10.42364403303087,10.17882493198407,10.02816702364758
2015-10-27,2015-10-26,002493,4.773324295011461,4.863306171308804,4.961857750110656
2015-10-27,2015-10-26,002540,6.880218370311656,6.818924665453645,6.711660681952127
2015-10-27,2015-10-26,002542,8.170170672009155,8.012419991294577,7.953263486026611
2015-10-27,2015-10-26,002563,8.505957596706764,8.456256675857894,8.278753387111927
2015-10-27,2015-10-26,300102,,,
2015-10-27,2015-10-26,300134,,,
2015-10-27,2015-10-26,300150,,,
2015-10-27,2015-10-26,300180,5.03194487907759,5.002582691599384,4.918166402599542
2015-10-27,2015-10-26,300193,11.09951906624889,10.84477600571203,10.63552277741389
2015-10-27,2015-10-26,300225,6.964176934093729,6.925107217773427,6.817665497892599
2015-10-27,2015-10-26,300259,3.987509381082417,3.905494006936745,3.800045668749453
2015-10-27,2015-10-26,300380,79.43472592658078,76.90369317495288,74.93842068545356
2015-10-27,2015-10-26,600201,15.30695481049727,15.1140723427721,14.83711290193597
2015-10-27,2015-10-26,600352,9.869410565532196,9.759240401079744,9.612346848476474
2015-10-27,2015-10-26,600388,14.76540840736682,15.0371122998543,14.81635288720822
2015-10-27,2015-10-26,600518,10.48832361215926,10.40923532506062,10.28147732282434
2015-10-27,2015-10-26,600550,7.78,7.68,7.59
2015-10-27,2015-10-26,600690,,,
2015-10-27,2015-10-26,600887,11.33557695907678,11.27088438289942,11.23494406280089
2015-10-27,2015-10-26,600993,19.55781826203236,19.44134934888238,19.19945237541702
2015-10-28,2015-10-27,000338,3.523712338818168,3.49693059465777,3.508408485012226
2015-10-28,2015-10-27,000829,11.22940384725993,11.08344105895066,11.14182617427437
2015-10-28,2015-10-27,000888,10.94815351194787,10.86960173787111,10.80086893555395
2015-10-28,2015-10-27,000895,12.85811825398488,12.60442744731228,12.53099063485442
2015-10-28,2015-10-27,002064,5.673434278970222,5.645577809515377,5.636292319697095
2015-10-28,2015-10-27,002191,,,
2015-10-28,2015-10-27,002293,12.40836713987719,12.30015463575035,12.37229630516824
2015-10-28,2015-10-27,002563,8.484657202057248,8.456256675857894,8.463356807407733
2015-10-28,2015-10-27,300045,18.51756093270207,18.35827008596915,18.44787118725642
2015-10-28,2015-10-27,300082,5.923122302189666,5.906437450634201,5.89809502485647
2015-10-28,2015-10-27,300102,,,
2015-10-28,2015-10-27,300134,,,
2015-10-28,2015-10-27,300150,,,
2015-10-28,2015-10-27,300151,14.83028830137933,14.63831045929028,14.64790935139473
2015-10-28,2015-10-27,300258,9.386807766807209,9.253074413277389,9.310388707647311
2015-10-28,2015-10-27,300270,16.92411847530198,16.82433004089572,17.00394922282699
2015-10-28,2015-10-27,300283,11.4422354629321,11.53025265880081,11.55959172409038
2015-10-28,2015-10-27,300333,26.76546559908515,26.76546559908515,26.67716310993861
2015-10-28,2015-10-27,300354,29.50643085218031,29.03532785063035,28.8430409112222
2015-10-28,2015-10-27,600066,19.48307290233838,19.36015130674003,19.45673256042445
2015-10-28,2015-10-27,600170,4.586427106874932,4.559256330175436,4.591861262214831
2015-10-28,2015-10-27,600201,15.13385515997469,15.56907713843147,15.81636235346374
2015-10-28,2015-10-27,600251,9.310341511679725,9.336993252648274,9.425832389210102
2015-10-28,2015-10-27,600252,6.178614377367759,6.010615799131173,6.01994905347765
2015-10-28,2015-10-27,600310,7.5930329920627,7.50630052797891,7.537839605827561
2015-10-28,2015-10-27,600352,9.658251083664993,9.722517012928925,9.740878707004333
2015-10-28,2015-10-27,600491,10.59382423297026,10.69101528097916,10.62298154737293
2015-10-28,2015-10-27,600496,5.180536361043917,5.136781830967532,5.224290891120301
2015-10-28,2015-10-27,600550,7.7,7.54,7.65
2015-10-28,2015-10-27,600674,8.740567209956401,8.708550480249603,8.708550480249603
2015-10-28,2015-10-27,600690,,,
2015-10-28,2015-10-27,600875,13.03299457638262,12.89200207251371,12.96249832444816
2015-10-28,2015-10-27,600887,11.23494406280089,11.17025148662353,11.1271231025053
2015-10-28,2015-10-27,601318,25.72146702703226,25.63166266150291,25.48947241608144
2015-10-29,2015-10-28,000338,3.454844996691429,3.473974813948856,3.454844996691429
2015-10-29,2015-10-28,000829,10.616360136361,10.59689843125309,10.50932075826753
2015-10-29,2015-10-28,000888,10.56521361332368,10.58485155684287,10.5357566980449
2015-10-29,2015-10-28,000895,12.39079308379851,12.49093419169559,12.47090597011617
2015-10-29,2015-10-28,002064,5.580579380787403,5.589864870605685,5.571293890969121
2015-10-29,2015-10-28,002191,,,
2015-10-29,2015-10-28,002293,12.30736880269214,12.58872131342191,12.32179713657572
2015-10-29,2015-10-28,002563,8.214852203163378,8.257452992462412,8.221952334713217
2015-10-29,2015-10-28,300045,17.42243636141324,17.58172720814616,17.20341144715547
2015-10-29,2015-10-28,300082,5.848040470190078,5.956492005300593,5.839698044412346
2015-10-29,2015-10-28,300102,,,
2015-10-29,2015-10-28,300134,,,
2015-10-29,2015-10-28,300150,,,
2015-10-29,2015-10-28,300151,14.04317914881422,14.19676142248546,13.9663880119786
2015-10-29,2015-10-28,300258,9.004712471007728,9.157550589327521,9.036553745657685
2015-10-29,2015-10-28,300270,17.22348377852077,17.29333568260515,16.91413963186136
2015-10-29,2015-10-28,300283,11.13906512160655,11.29554013648426,11.17818387532598
2015-10-29,2015-10-28,300333,25.22507773286215,25.83338376920499,25.24470050822804
2015-10-29,2015-10-28,300354,28.72766874757731,29.32375825974257,28.72766874757731
2015-10-29,2015-10-28,600066,19.22844959717037,19.27235016702692,19.22844959717037
2015-10-29,2015-10-28,600170,4.472309844737048,4.510348932116343,4.494046466096645
2015-10-29,2015-10-28,600201,15.19320361158243,15.47510875671921,15.23276924598759
2015-10-29,2015-10-28,600251,9.408064561897737,9.4791358711472,9.336993252648274
2015-10-29,2015-10-28,600252,5.795950949162203,5.861283729587542,5.823950712201634
2015-10-29,2015-10-28,600310,7.253987905189702,7.372259447122143,7.332835599811331
2015-10-29,2015-10-28,600352,9.511357531061725,9.566442613287951,9.50217668402402
2015-10-29,2015-10-28,600491,10.0592734689213,10.16618362173109,9.845453163301716
2015-10-29,2015-10-28,600496,5.101778206906425,5.136781830967532,5.049272770814762
2015-10-29,2015-10-28,600550,7.7,7.84,7.7
2015-10-29,2015-10-28,600674,8.596491926275801,8.628508655982602,8.580483561422403
2015-10-29,2015-10-28,600690,,,
2015-10-29,2015-10-28,600875,12.71576144267756,12.84794191505467,12.68051331671034
2015-10-29,2015-10-28,600887,11.02649020622941,11.06961859034764,11.0193021422097
2015-10-29,2015-10-28,601318,25.10780386258168,25.18264083385614,24.95812992003276
2015-10-30,2015-10-29,000338,3.466322887045886,3.458670960142914,3.412759398725088
2015-10-30,2015-10-29,000829,10.58716757869914,10.53851331592938,10.3147037071885
2015-10-30,2015-10-29,000888,10.89905865314989,10.81068790731354,10.66340333091962
2015-10-30,2015-10-29,000895,12.55769493029364,12.59107529959267,12.510962413275
2015-10-30,2015-10-29,002064,5.580579380787403,5.552722911332558,5.506295462241148
2015-10-30,2015-10-29,002191,,,
2015-10-30,2015-10-29,002293,12.32901130351751,12.35786797128466,12.50215131012044
2015-10-30,2015-10-29,002563,8.221952334713217,8.839663779549184,8.782862727150473
2015-10-30,2015-10-29,300045,17.16358873547224,17.41248068349243,17.36270229388839
2015-10-30,2015-10-29,300082,5.931464727967398,5.914779876411933,5.89809502485647
2015-10-30,2015-10-29,300102,,,
2015-10-30,2015-10-29,300134,,,
2015-10-30,2015-10-29,300150,,,
2015-10-30,2015-10-29,300151,14.1679647461721,14.13916806985874,13.82240463041181
2015-10-30,2015-10-29,300258,9.062026765377651,9.074763275237633,9.081131530167625
2015-10-30,2015-10-29,300270,17.02390690970824,16.84428772777697,16.6247531720832
2015-10-30,2015-10-29,300283,11.37377764392311,11.2857604480544,11.0608276141677
2015-10-30,2015-10-29,300333,25.1171524683497,25.14658663139855,24.80318806249533
2015-10-30,2015-10-29,300354,28.99687046274872,28.67959701272527,28.25656574602734
2015-10-30,2015-10-29,600066,19.24600982511299,19.2547899390843,19.17576891334251
2015-10-30,2015-10-29,600170,4.488612310756745,4.483178155416847,4.445139068037552
2015-10-30,2015-10-29,600201,15.57896854703277,15.65315411154244,15.51962009542502
2015-10-30,2015-10-29,600251,9.452484130178652,9.443600216522469,9.248154116086445
2015-10-30,2015-10-29,600252,5.842617220894588,5.814617457855157,5.721284914390386
2015-10-30,2015-10-29,600310,7.403798524970795,7.411683294432958,7.293411752500517
2015-10-30,2015-10-29,600352,9.658251083664993,9.603166001438769,9.483814989948611
2015-10-30,2015-10-29,600491,10.03983525931952,9.942644211310617,9.806576744098155
2015-10-30,2015-10-29,600496,5.128030924952255,5.084276394875871,5.023020052768933
2015-10-30,2015-10-29,600550,7.74,7.69,7.6
2015-10-30,2015-10-29,600674,8.612500291129201,8.580483561422403,8.524454284435501
2015-10-30,2015-10-29,600690,,,
2015-10-30,2015-10-29,600875,12.73338550566118,12.73338550566118,12.73338550566118
2015-10-30,2015-10-29,600887,11.18462761466295,11.7093562881015,11.55121887966796
2015-10-30,2015-10-29,601318,24.9805810114151,25.11528755970913,25.02548319417977
2015-11-02,2015-10-30,000338,3.439541142885487,3.401281508370631,3.397455544919146
2015-11-02,2015-10-30,000829,10.23685688675689,9.867084489706738,9.88654619481464
2015-11-02,2015-10-30,000888,10.61430847212165,10.45720492396814,10.46702389572773
2015-11-02,2015-10-30,000895,12.59775137345247,12.49093419169559,12.51763848713481
2015-11-02,2015-10-30,002064,5.56200840115084,5.441297033513176,5.422726053876612
2015-11-02,2015-10-30,002191,,,
2015-11-02,2015-10-30,002293,12.98550049522031,12.82678882250095,13.22356800429935
2015-11-02,2015-10-30,002563,8.683460885452734,8.371055097259829,8.655060359253378
2015-11-02,2015-10-30,300045,17.18350009131386,16.72553890695671,16.68571619527348
2015-11-02,2015-10-30,300082,6.014888985744717,5.864725321745542,5.881410173301005
2015-11-02,2015-10-30,300102,,,
2015-11-02,2015-10-30,300134,,,
2015-11-02,2015-10-30,300150,,,
2015-11-02,2015-10-30,300151,13.85120130672516,13.51524008306932,13.83200352251626
2015-11-02,2015-10-30,300258,9.660642728796835,9.546014140056991,9.679747493586808
2015-11-02,2015-10-30,300270,16.71456276304884,16.17570521725502,16.46509167703318
2015-11-02,2015-10-30,300283,11.18796356375583,11.00214948358856,10.94347135300942
2015-11-02,2015-10-30,300333,25.36243716042343,24.52846920737276,24.45978949359212
2015-11-02,2015-10-30,300354,27.79507709144779,26.65096980196931,26.80479935349583
2015-11-02,2015-10-30,600066,19.24600982511299,19.06162743171547,19.0089467478876
2015-11-02,2015-10-30,600170,4.439704912697653,4.401665825318358,4.407099980658257
2015-11-02,2015-10-30,600201,15.60864277283664,15.37619467070631,15.36135755780437
2015-11-02,2015-10-30,600251,9.390296734585371,9.159314979524614,9.141547152212247
2015-11-02,2015-10-30,600252,5.842617220894588,5.767951186122771,5.777284440469249
2015-11-02,2015-10-30,600310,7.253987905189702,7.15937067164375,7.277642213576192
2015-11-02,2015-10-30,600352,9.557261766250246,9.474634142910908,9.474634142910908
2015-11-02,2015-10-30,600491,9.913486896907946,9.699666591288365,9.767700324894594
2015-11-02,2015-10-30,600496,5.040521864799486,4.961763710661995,4.961763710661995
2015-11-02,2015-10-30,600550,7.68,7.52,7.52
2015-11-02,2015-10-30,600674,8.524454284435501,8.460420825021902,8.468425007448602
2015-11-02,2015-10-30,600690,,,
2015-11-02,2015-10-30,600875,12.84794191505467,12.53952081284142,12.53070878134961
2015-11-02,2015-10-30,600887,11.45058598339208,11.06243052632794,10.96898569407176
2015-11-02,2015-10-30,601318,25.06290167981701,24.80845597748384,24.79348858322895
2015-11-03,2015-11-02,000338,3.39362958146766,3.416585362176573,3.416585362176573
2015-11-03,2015-11-02,000829,9.808699374383028,9.88654619481464,9.944931310138349
2015-11-03,2015-11-02,000888,10.45720492396814,10.49648081100652,10.45720492396814
2015-11-03,2015-11-02,000895,12.74462499836819,12.77132929380741,12.85144218012507
2015-11-03,2015-11-02,002064,5.348442135330356,5.394869584421765,5.36701311496692
2015-11-03,2015-11-02,002191,,,
2015-11-03,2015-11-02,002293,12.5310079778876,12.69693381754875,12.58872131342191
2015-11-03,2015-11-02,002563,8.513057728256603,8.513057728256603,8.470456938957572
2015-11-03,2015-11-02,300045,16.1879322992331,16.30740043428279,16.3173561122036
2015-11-03,2015-11-02,300082,5.781301063968223,5.839698044412346,5.797985915523687
2015-11-03,2015-11-02,300102,,,
2015-11-03,2015-11-02,300134,,,
2015-11-03,2015-11-02,300150,,,
2015-11-03,2015-11-02,300151,13.4384489462337,13.58243232780049,13.6016301120094
2015-11-03,2015-11-02,300258,9.686115748516801,9.717957023166756,9.679747493586808
2015-11-03,2015-11-02,300270,16.06593793940813,16.21562059101753,16.24555712133941
2015-11-03,2015-11-02,300283,11.61826985466952,11.54981203566052,11.53025265880081
2015-11-03,2015-11-02,300333,24.0575225985912,24.43035533054326,24.89149055164188
2015-11-03,2015-11-02,300354,25.76644988069183,25.48763381855002,25.76644988069183
2015-11-03,2015-11-02,600066,18.52604047946552,18.63140184712124,18.64018196109255
2015-11-03,2015-11-02,600170,4.466875689397149,4.45600737871735,4.445139068037552
2015-11-03,2015-11-02,600201,16.04881045559407,16.27631285342375,15.95978777818246
2015-11-03,2015-11-02,600251,9.434716302866285,9.4791358711472,9.71900153986414
2015-11-03,2015-11-02,600252,5.693285151350955,5.758617931776294,5.739951423083341
2015-11-03,2015-11-02,600310,7.127831593795099,7.167255441105913,7.143601132719425
2015-11-03,2015-11-02,600352,9.557261766250246,9.612346848476474,9.630708542551881
2015-11-03,2015-11-02,600491,9.651071067283912,9.787138534496375,9.777419429695485
2015-11-03,2015-11-02,600496,4.865503744493948,4.865503744493948,4.874254650509226
2015-11-03,2015-11-02,600550,7.51,7.52,7.54
2015-11-03,2015-11-02,600674,8.380379000754901,8.412395730461702,8.412395730461702
2015-11-03,2015-11-02,600690,,,
2015-11-03,2015-11-02,600875,12.23991174211998,12.35446815151347,12.29278393107082
2015-11-03,2015-11-02,600887,10.99773795015058,10.99054988613088,10.93304537397323
2015-11-03,2015-11-02,601318,24.71116791482704,24.81593967461128,24.85335816024851
2015-11-04,2015-11-03,000338,3.405107471822117,3.412759398725088,3.435715179434001
2015-11-04,2015-11-03,000570,9.181182400872395,9.200654685921963,9.151973973298039
2015-11-04,2015-11-03,000651,13.34216073893746,13.36507229143707,13.46435568560203
2015-11-04,2015-11-03,000821,14.41156815236068,14.67645061669951,14.82360754133219
2015-11-04,2015-11-03,000888,10.30010137581463,10.32955829109341,10.23136857349747
2015-11-04,2015-11-03,000895,12.80470966310643,12.85144218012507,12.92487899258293
2015-11-04,2015-11-03,002096,18.25520280809696,18.4888843596599,18.71321864916032
2015-11-04,2015-11-03,002191,,,
2015-11-04,2015-11-03,002363,12.77354024741113,12.94800071397316,12.95558595164977
2015-11-04,2015-11-03,002402,6.400555989867034,6.458742862502188,6.478138486713907
2015-11-04,2015-11-03,002422,13.08131935195832,13.19033034655797,13.26579949666542
2015-11-04,2015-11-03,002508,18.30747494753719,18.35453786514011,18.39218819922245
2015-11-04,2015-11-03,002666,9.402144442822626,9.525048291748412,9.542605984452095
2015-11-04,2015-11-03,002690,19.31756350296369,19.86596842852689,19.96879435206999
2015-11-04,2015-11-03,300067,5.853868498937492,5.934312780635364,5.959064867311633
2015-11-04,2015-11-03,300102,,,
2015-11-04,2015-11-03,300120,12.07246735290541,12.16982596059013,12.21476070259846
2015-11-04,2015-11-03,300134,,,
2015-11-04,2015-11-03,300150,,,
2015-11-04,2015-11-03,300229,17.67771702154909,18.00568950803422,18.03848675668274
2015-11-04,2015-11-03,300270,15.80648800995185,16.04598025252688,16.17570521725502
2015-11-04,2015-11-03,300333,24.33224145371378,24.78356528712943,24.95035887773957
2015-11-04,2015-11-03,300338,13.23157044482019,13.40133399014996,13.40133399014996
2015-11-04,2015-11-03,300354,25.83375030948468,26.57405502620605,26.69904153682135
2015-11-04,2015-11-03,300386,22.74808825990884,23.66864495858942,23.72771811572401
2015-11-04,2015-11-03,600029,7.911846880967409,7.941150017563586,7.921614593166134
2015-11-04,2015-11-03,600050,5.183695478796817,5.200073663563948,5.208262755947513
2015-11-04,2015-11-03,600252,5.870616983934019,5.861283729587542,5.833283966548111
2015-11-04,2015-11-03,600550,7.43,7.47,7.51
2015-11-04,2015-11-03,600594,17.09443296442857,17.22032568483993,17.41815710262922
2015-11-04,2015-11-03,600688,6.064115642250487,6.134322480366266,6.151874189895211
2015-11-04,2015-11-03,600690,,,
2015-11-04,2015-11-03,600816,5.700059154704756,5.679217987777133,5.724373849453649
2015-11-04,2015-11-03,600887,10.9042931178944,10.96179763005205,10.96898569407176
2015-11-04,2015-11-03,600966,3.237182355719467,3.255368773448228,3.273555191176989
2015-11-04,2015-11-03,601628,22.30625790976138,22.36694341515133,22.39295148888987
2015-11-05,2015-11-04,000338,3.577275827138965,3.577275827138965,3.577275827138965
2015-11-05,2015-11-04,000570,9.59010038691337,9.706934097210793,9.638781099537296
2015-11-05,2015-11-04,000651,13.98368420892644,14.01423294559259,14.16697662892329
2015-11-05,2015-11-04,000821,15.70654908912829,15.7948432439079,15.57901308777996
2015-11-05,2015-11-04,000888,10.77141202027516,10.73213613323679,10.77141202027516
2015-11-05,2015-11-04,000895,13.20527409469475,13.19859802083494,13.11180906065747
2015-11-05,2015-11-04,002096,19.339485207349,19.53577771066187,19.18992901434872
2015-11-05,2015-11-04,002191,,,
2015-11-05,2015-11-04,002363,13.80513257143008,13.94166684960906,13.99476351334533
2015-11-05,2015-11-04,002402,6.955270842322177,6.959149967164521,6.912600469056397
2015-11-05,2015-11-04,002422,13.65153070832574,13.81923993078674,13.91148000314029
2015-11-05,2015-11-04,002508,18.90988029285461,18.74986637300467,18.65103424603853
2015-11-05,2015-11-04,002666,10.20101946084023,10.28880792435865,10.37659638787707
2015-11-05,2015-11-04,002690,21.25069086557397,21.09302444947455,20.89422766395789
2015-11-05,2015-11-04,300067,6.194209690736182,6.243713864088719,6.206585734074316
2015-11-05,2015-11-04,300102,,9.000835525959113,8.755179534530098
2015-11-05,2015-11-04,300120,12.82886884337901,12.88129270905539,12.91873832739567
2015-11-05,2015-11-04,300134,,,
2015-11-05,2015-11-04,300150,,,
2015-11-05,2015-11-04,300229,18.85841797289559,18.97648806803024,18.98960696748965
2015-11-05,2015-11-04,300270,17.00394922282699,17.26339915228327,17.09375881379263
2015-11-05,2015-11-04,300333,26.09829123664462,26.12772539969346,26.51036951932848
2015-11-05,2015-11-04,300338,14.03045771696028,14.08038817146903,14.13031862597779
2015-11-05,2015-11-04,300354,28.08350750056001,28.70844005363649,28.78535482939975
2015-11-05,2015-11-04,300386,24.65319757749913,24.40213665967716,24.2642992930298
2015-11-05,2015-11-04,600029,8.243949095724066,8.156039685935539,8.146271973736814
2015-11-05,2015-11-04,600050,5.412990065536645,5.388422788385949,5.388422788385949
2015-11-05,2015-11-04,600252,6.094615088249467,6.075948579556512,6.075948579556512
2015-11-05,2015-11-04,600550,7.81,7.87,7.91
2015-11-05,2015-11-04,600594,18.30839848268099,18.3983218544034,18.51522223764252
2015-11-05,2015-11-04,600688,6.344942994713606,6.353718849478079,6.353718849478079
2015-11-05,2015-11-04,600690,,,
2015-11-05,2015-11-04,600816,6.269717717393105,6.314873579069619,6.512864664882033
2015-11-05,2015-11-04,600887,11.2493201908403,11.40026953525413,11.29963663897825
2015-11-05,2015-11-04,600966,3.382673697549555,3.391766906413936,3.391766906413936
2015-11-05,2015-11-04,601628,24.53428289336367,24.49960546171227,24.62097647249216
2015-11-06,2015-11-05,000338,3.646143169265704,3.642317205814219,3.638491242362734
2015-11-06,2015-11-05,000570,9.629044957012511,9.697197954686008,9.794559379933858
2015-11-06,2015-11-05,000651,14.52592428475046,14.74740262557999,14.91542067724377
2015-11-06,2015-11-05,000821,15.27488877687242,15.66730724255957,15.68692816584393
2015-11-06,2015-11-05,000888,10.83032585083273,10.95797248370746,11.065981173063
2015-11-06,2015-11-05,000895,13.3988802366291,13.3988802366291,13.35214771961046
2015-11-06,2015-11-05,002096,19.11515091784858,19.23666532466131,19.25535984878634
2015-11-06,2015-11-05,002191,,,
2015-11-06,2015-11-05,002363,13.86581447284296,14.40436634788226,14.29817302040973
2015-11-06,2015-11-05,002402,6.800105848628431,6.928116968425771,6.939754342952803
2015-11-06,2015-11-05,002422,13.81923993078674,13.85278177527894,13.94502184763249
2015-11-06,2015-11-05,002508,18.54278953555181,18.69809716364145,18.65574053779882
2015-11-06,2015-11-05,002666,10.1307886900255,10.15712522908103,10.26247138530313
2015-11-06,2015-11-05,002690,20.51034421606365,20.66801063216307,20.80511186355387
2015-11-06,2015-11-05,300067,6.169457604059915,6.218961777412451,6.268465950764988
2015-11-06,2015-11-05,300102,8.244215072357747,8.283520030986388,8.362129948243673
2015-11-06,2015-11-05,300120,12.70155374102206,12.79891234870678,12.86631446171928
2015-11-06,2015-11-05,300134,,,
2015-11-06,2015-11-05,300150,,,
2015-11-06,2015-11-05,300229,18.48452933830253,18.81250182478767,19.02240421613816
2015-11-06,2015-11-05,300270,16.92411847530198,17.15363187443639,17.44301833421455
2015-11-06,2015-11-05,300333,25.38205993578933,25.78432683079025,25.89225209530268
2015-11-06,2015-11-05,300338,13.73087498990775,13.85070808072876,14.13031862597779
2015-11-06,2015-11-05,300354,29.30452956580175,29.14108566730483,29.2372291370089
2015-11-06,2015-11-05,300386,23.80155956214223,24.00831561211328,24.29875863469164
2015-11-06,2015-11-05,600029,8.634657583673073,8.595586734878173,8.566283598281997
2015-11-06,2015-11-05,600050,5.789688315180648,5.666851929427168,5.683230114194299
2015-11-06,2015-11-05,600252,6.103948342595943,6.122614851288897,6.103948342595943
2015-11-06,2015-11-05,600550,7.98,8.02,7.98
2015-11-06,2015-11-05,600594,18.03862836751379,18.22746744813083,18.25444445964755
2015-11-06,2015-11-05,600688,6.476580816180693,6.450253251887275,6.459029106651748
2015-11-06,2015-11-05,600690,,,
2015-11-06,2015-11-05,600816,6.32182063471216,6.252350078286752,6.283611828678186
2015-11-06,2015-11-05,600887,11.44339791937237,11.42183372731325,11.43620985535266
2015-11-06,2015-11-05,600966,3.455419368464599,3.455419368464599,3.455419368464599
2015-11-06,2015-11-05,601628,24.99375886274468,24.79436363074915,24.64698454623071
2015-11-09,2015-11-06,000338,3.68440280378056,3.688228767232046,3.695880694135017
2015-11-09,2015-11-06,000570,9.960073802855206,10.01849065800392,9.940601517805636
2015-11-09,2015-11-06,000651,14.80086291474574,14.96124378224298,15.12162464974023
2015-11-09,2015-11-06,000821,15.58882354942214,15.56920262613778,15.36318293165203
2015-11-09,2015-11-06,000888,11.13471397538016,11.16417089065894,10.98742939898624
2015-11-09,2015-11-06,000895,13.43226060592813,13.57245815698403,13.49234527066637
2015-11-09,2015-11-06,002096,19.38622151766159,19.25535984878634,19.1244981799111
2015-11-09,2015-11-06,002191,,,
2015-11-09,2015-11-06,002363,14.86706584615547,14.94291822292157,14.70777585494666
2015-11-09,2015-11-06,002402,7.048369838538425,7.149227084439359,7.060007213065456
2015-11-09,2015-11-06,002422,14.08757468672434,14.02887645886299,14.18820022020095
2015-11-09,2015-11-06,002508,18.82987333292964,19.00400612806046,19.12166342206777
2015-11-09,2015-11-06,002666,10.42926946598812,10.22735599989576,10.15712522908103
2015-11-09,2015-11-06,002690,21.18214024987857,21.47690789736879,20.91479284866651
2015-11-09,2015-11-06,300067,6.317970124117525,6.34891023246286,6.367474297470061
2015-11-09,2015-11-06,300102,8.371956187900834,8.332651229272193,8.204910113729104
2015-11-09,2015-11-06,300120,12.93371657473178,12.80640147237484,12.57423863866512
2015-11-09,2015-11-06,300134,,,
2015-11-09,2015-11-06,300150,,,
2015-11-09,2015-11-06,300229,19.46188734802825,19.22574715775895,19.08799871343519
2015-11-09,2015-11-06,300270,17.58272214238331,17.71244710711145,17.43303949077392
2015-11-09,2015-11-06,300333,26.1964051134741,25.85300654457089,25.66659017859486
2015-11-09,2015-11-06,300338,14.39994308032507,14.64959535286885,14.2301795349953
2015-11-09,2015-11-06,300354,30.28519295678331,30.00637689464149,29.80447560826294
2015-11-09,2015-11-06,300386,24.30860416088074,24.12646192638244,23.82125061452043
2015-11-09,2015-11-06,600029,8.732334705660326,9.054669208218257,9.054669208218257
2015-11-09,2015-11-06,600050,5.756931945646386,5.699608298961429,5.773310130413517
2015-11-09,2015-11-06,600252,6.11328159694242,6.066615325210035,6.038615562170603
2015-11-09,2015-11-06,600550,8.26,8.279999999999999,8.140000000000001
2015-11-09,2015-11-06,600594,18.63212262088164,18.56917626067596,18.47925288895356
2015-11-09,2015-11-06,600688,6.546787654296473,6.538011799532001,6.581891073354363
2015-11-09,2015-11-06,600690,,,
2015-11-09,2015-11-06,600816,6.516338192703304,6.613596971698875,6.665699889017932
2015-11-09,2015-11-06,600887,11.50809049554973,11.57278307172708,11.57278307172708
2015-11-09,2015-11-06,600966,3.528165039379643,3.537258248244024,3.528165039379643
2015-11-09,2015-11-06,601628,25.96472694898381,26.1034366755894,27.07440476182853
2015-11-10,2015-11-09,000338,3.894830793612264,3.86422308600038,3.86422308600038
2015-11-10,2015-11-09,000570,9.969809945379991,9.940601517805636,9.969809945379991
2015-11-10,2015-11-09,000651,14.93833222974337,14.77795136224613,14.69394233641424
2015-11-10,2015-11-09,000821,16.00086293839365,15.84389555211879,15.85370601376097
2015-11-10,2015-11-09,000888,11.67475742215786,11.83186097031137,12.18534395365677
2015-11-10,2015-11-09,000895,13.44561275364774,13.33879557189085,13.35882379347027
2015-11-10,2015-11-09,002096,19.27405437291138,19.29274889703641,19.43295782797417
2015-11-10,2015-11-09,002191,,,
2015-11-10,2015-11-09,002363,15.00360012433445,14.86706584615547,14.90499203453852
2015-11-10,2015-11-09,002402,7.754370559844969,7.866865180272937,7.928931177750435
2015-11-10,2015-11-09,002422,14.1295019923396,14.07918922560129,14.07918922560129
2015-11-10,2015-11-09,002508,19.44639755352794,19.29579621719858,19.33344655128092
2015-11-10,2015-11-09,002666,10.43804831233997,10.44682715869181,10.6136252393768
2015-11-10,2015-11-09,002690,22.03216788450153,21.63457431346821,21.79909579113717
2015-11-10,2015-11-09,300067,6.472670665844203,6.4355425358298,6.497422752520471
2015-11-10,2015-11-09,300102,8.391608667215154,8.401434906872316,8.578307220701207
2015-11-10,2015-11-09,300120,13.18085765577761,13.11345554276511,13.25574889245817
2015-11-10,2015-11-09,300134,,,
2015-11-10,2015-11-09,300150,,,
2015-11-10,2015-11-09,300229,20.0522378237015,20.20966461721437,20.36053196099753
2015-11-10,2015-11-09,300270,18.7602256683772,18.5307122692428,18.74026798149595
2015-11-10,2015-11-09,300333,26.78508837445105,26.61829478384092,27.3541488600621
2015-11-10,2015-11-09,300338,14.6995258073776,14.58967880745834,14.58967880745834
2015-11-10,2015-11-09,300354,33.31371225246163,33.55407092672182,34.51550562376256
2015-11-10,2015-11-09,300386,24.98302270483389,25.33253888454683,26.01680295468908
2015-11-10,2015-11-09,600029,9.132810905808059,9.064436920416982,9.044901496019532
2015-11-10,2015-11-09,600050,5.781499222797081,5.699608298961429,5.683230114194299
2015-11-10,2015-11-09,600252,6.150614614328328,6.131948105635374,6.122614851288897
2015-11-10,2015-11-09,600550,8.199999999999999,8.130000000000001,8.18
2015-11-10,2015-11-09,600594,18.82995403867092,18.91088507322108,18.78499235280972
2015-11-10,2015-11-09,600688,6.695977185292505,6.687201330528032,6.652097911470142
2015-11-10,2015-11-09,600690,,,
2015-11-10,2015-11-09,600816,6.492023497954412,6.391291191137569,6.405185302422651
2015-11-10,2015-11-09,600887,11.64466371192415,11.57278307172708,11.57278307172708
2015-11-10,2015-11-09,600966,3.591817501430307,3.555444665972785,3.555444665972785
2015-11-10,2015-11-09,601628,25.87803336985532,25.4012186846486,25.33186382134581
2015-11-11,2015-11-10,000011,11.94370879829637,11.80365227818606,11.89702329159294
2015-11-11,2015-11-10,000029,13.11497423165697,13.14377724973528,13.15337825576139
2015-11-11,2015-11-10,000042,19.03843155577681,19.26920042311956,19.71150741885983
2015-11-11,2015-11-10,000100,3.496775448468285,3.48032003459314,3.496775448468285
2015-11-11,2015-11-10,000338,3.887178866709293,3.848919232194438,3.868049049451865
2015-11-11,2015-11-10,000505,9.761070227520614,9.751220509833914,9.770919945207316
2015-11-11,2015-11-10,000570,9.930865375280849,9.911393090231281,9.930865375280849
2015-11-11,2015-11-10,000639,7.356976012176792,7.356976012176792,7.327250856572037
2015-11-11,2015-11-10,000895,13.21195016855455,13.18524587311533,13.18524587311533
2015-11-11,2015-11-10,000915,25.00877615738061,24.90892743702907,25.04205906416445
2015-11-11,2015-11-10,001914,8.845839329464964,8.899234737892318,9.041622493698595
2015-11-11,2015-11-10,002041,16.63682761225505,16.54875028960193,16.56832302796929
2015-11-11,2015-11-10,002096,19.23666532466131,19.40491604178662,19.30209615909893
2015-11-11,2015-11-10,002191,,,
2015-11-11,2015-11-10,002244,6.606194376018692,6.631668133252697,6.674124395309373
2015-11-11,2015-11-10,002540,7.79962394318181,7.776638803860056,7.86091764803982
2015-11-11,2015-11-10,002641,6.518822738350669,6.498215290284229,6.505084439639709
2015-11-11,2015-11-10,002658,23.75797787511098,23.76617028127482,23.61051456416202
2015-11-11,2015-11-10,300120,13.10596641909706,,
2015-11-11,2015-11-10,300134,,,
2015-11-11,2015-11-10,300150,,,
2015-11-11,2015-11-10,300180,5.365939761642186,5.376950581946513,5.395301949120392
2015-11-11,2015-11-10,300225,7.647896969699004,7.599059824298627,7.638129540618928
2015-11-11,2015-11-10,600022,3.112797556015374,3.122034344015419,3.205165436015831
2015-11-11,2015-11-10,600050,5.699608298961429,5.675041021810733,5.683230114194299
2015-11-11,2015-11-10,600079,17.92123722904098,17.91214938054755,17.78491950163955
2015-11-11,2015-11-10,600130,7.85,7.78,7.8
2015-11-11,2015-11-10,600150,39.86051953261646,39.7245431014623,39.82166912371527
2015-11-11,2015-11-10,600221,4.140043748002674,4.149831085468401,4.149831085468401
2015-11-11,2015-11-10,600298,11.5976194124598,11.56017149701757,11.62757774481359
2015-11-11,2015-11-10,600511,29.57937616680779,29.57094659252257,29.61309446394863
2015-11-11,2015-11-10,600583,8.736996166845334,8.720417426490789,8.72870679666806
2015-11-11,2015-11-10,600690,,,
2015-11-11,2015-11-10,600808,2.762594627248698,2.900724358611133,3.038854089973567
2015-11-11,2015-11-10,600815,9.720000000000001,9.699999999999999,9.720000000000001
2015-11-11,2015-11-10,600863,3.850215245024029,3.857946600937732,3.865677956851434
2015-11-12,2015-11-11,000011,12.44946845425029,12.30163101635607,12.67511506998358
2015-11-12,2015-11-11,000029,13.46061044859669,13.35499938230955,13.35499938230955
2015-11-12,2015-11-11,000042,19.65381520202414,19.79804574411336,20.16342978407271
2015-11-12,2015-11-11,000100,3.505003155405857,3.513230862343429,3.488547741530712
2015-11-12,2015-11-11,000338,3.860397122548894,3.841267305291466,3.837441341839981
2015-11-12,2015-11-11,000505,10.05656175812164,10.13535949961525,10.07626119349504
2015-11-12,2015-11-11,000570,10.23268579354919,10.26189422112354,10.0963797982022
2015-11-12,2015-11-11,000639,7.317342471370452,7.31238827876966,7.262846352761735
2015-11-12,2015-11-11,000895,13.37217594118988,13.35214771961046,13.41223238434871
2015-11-12,2015-11-11,000915,25.56127240999242,25.58124215406272,25.86081857104702
2015-11-12,2015-11-11,001914,9.157312545291195,9.112816371601735,9.059420963174381
2015-11-12,2015-11-11,002041,16.8031958883776,16.93041868776543,16.85212773429599
2015-11-12,2015-11-11,002096,21.16220130953994,21.68564798504093,21.27436845429015
2015-11-12,2015-11-11,002191,,,
2015-11-12,2015-11-11,002244,7.00528323935144,6.945844472472094,6.92037071523809
2015-11-12,2015-11-11,002540,7.814947369396312,7.776638803860056,7.837932508718066
2015-11-12,2015-11-11,002641,6.525691887706149,6.58064508254999,6.518822738350669
2015-11-12,2015-11-11,002658,23.90544118605995,23.93821081071527,23.58593734567053
2015-11-12,2015-11-11,300120,,,
2015-11-12,2015-11-11,300134,,,
2015-11-12,2015-11-11,300150,,,
2015-11-12,2015-11-11,300180,5.476047964685459,5.520091245902768,5.479718238120235
2015-11-12,2015-11-11,300225,7.765106118659908,7.716268973259532,7.686966686019305
2015-11-12,2015-11-11,600022,3.140507920015511,3.094323980015283,3.075850404015191
2015-11-12,2015-11-11,600050,5.756931945646386,5.73236466849569,5.683230114194299
2015-11-12,2015-11-11,600079,18.13934559288326,18.28475116877812,18.33927825973869
2015-11-12,2015-11-11,600130,7.98,7.94,7.88
2015-11-12,2015-11-11,600150,39.89936994151764,39.78281871481408,39.60799187475875
2015-11-12,2015-11-11,600221,4.140043748002674,4.149831085468401,4.120469073071219
2015-11-12,2015-11-11,600298,11.57515066319446,11.5976194124598,11.51897879003111
2015-11-12,2015-11-11,600511,29.63838318680426,29.67210148394511,29.70581978108596
2015-11-12,2015-11-11,600583,8.736996166845334,8.670681205427153,8.645813094895335
2015-11-12,2015-11-11,600690,,,
2015-11-12,2015-11-11,600808,2.946767602398611,2.816311745000756,2.831659492929915
2015-11-12,2015-11-11,600815,9.91,9.85,9.779999999999999
2015-11-12,2015-11-11,600863,4.051230498780304,3.989379651470681,3.966185583729572
2015-11-13,2015-11-12,000011,12.00595614056762,11.76474768926652,11.78809044261824
2015-11-13,2015-11-12,000029,13.02856517742205,13.04776718947425,13.05736819550035
2015-11-13,2015-11-12,000042,20.19227589249056,19.92304554725735,20.24035273985363
2015-11-13,2015-11-12,000100,3.439181499905277,3.41449837909256,3.41449837909256
2015-11-13,2015-11-12,000338,3.79535574387364,3.768573999713241,3.776225926616212
2015-11-13,2015-11-12,000505,9.869417122074324,9.721671356773809,9.682272486027006
2015-11-13,2015-11-12,000570,9.960073802855206,9.804295522458643,9.852976235082568
2015-11-13,2015-11-12,000639,7.163762500745887,7.104312189536377,7.134037345141132
2015-11-13,2015-11-12,000895,13.32544342417124,13.21862624241436,13.17189372539572
2015-11-13,2015-11-12,000915,26.3134661033073,25.53464608456534,25.63449480491688
2015-11-13,2015-11-12,001914,8.961529381057565,8.863637798940751,8.863637798940751
2015-11-13,2015-11-12,002041,16.94999142613279,16.77383678082656,16.78362315001024
2015-11-13,2015-11-12,002096,21.59217536441575,21.90063501247883,22.12496930197926
2015-11-13,2015-11-12,002191,,,
2015-11-13,2015-11-12,002244,7.149634530344137,6.996791986940106,6.988300734528771
2015-11-13,2015-11-12,002540,7.761315377645554,7.631066254822282,7.615742828607779
2015-11-13,2015-11-12,002641,6.621859978682871,6.525691887706149,6.56690678383903
2015-11-13,2015-11-12,002658,23.46305125321306,23.64328418881734,23.89724877989612
2015-11-13,2015-11-12,300120,,,
2015-11-13,2015-11-12,300134,,,
2015-11-13,2015-11-12,300150,,,
2015-11-13,2015-11-12,300180,5.523761519337545,5.435674956902926,5.483388511555011
2015-11-13,2015-11-12,300225,7.911617554861038,7.765106118659908,7.813943264060285
2015-11-13,2015-11-12,600022,3.066613616015146,3.011192888014872,3.020429676014918
2015-11-13,2015-11-12,600050,5.601339190358646,5.535826451290124,5.568582820824385
2015-11-13,2015-11-12,600079,17.88488583506726,17.63951392574469,17.62133822875784
2015-11-13,2015-11-12,600130,8.09,8.039999999999999,8.199999999999999
2015-11-13,2015-11-12,600150,39.28747600132397,38.85040890118563,38.85040890118563
2015-11-13,2015-11-12,600221,4.120469073071219,4.120469073071219,4.140043748002674
2015-11-13,2015-11-12,600298,11.62757774481359,11.54144753929645,11.53021316466378
2015-11-13,2015-11-12,600511,28.85443277827958,28.55939767829717,28.44981321258942
2015-11-13,2015-11-12,600583,8.562919393122609,8.513183172058973,8.521472542236245
2015-11-13,2015-11-12,600690,,,
2015-11-13,2015-11-12,600808,2.946767602398611,2.877702736717394,2.885376610681973
2015-11-13,2015-11-12,600815,9.720000000000001,9.65,9.69
2015-11-13,2015-11-12,600863,3.927528804161057,3.904334736419949,4.051230498780304
2015-11-16,2015-11-13,000011,11.63247208694012,11.39126363563902,11.67137667585965
2015-11-16,2015-11-13,000029,12.8941510930566,12.49090883996026,12.56771688816909
2015-11-16,2015-11-13,000042,19.71150741885983,19.1634313589208,19.37496948731832
2015-11-16,2015-11-13,000100,3.348676723591981,3.307538188904118,3.323993602779264
2015-11-16,2015-11-13,000338,3.79535574387364,3.745618219004328,3.749444182455814
2015-11-16,2015-11-13,000505,9.898966275134429,9.623174179906801,9.761070227520614
2015-11-16,2015-11-13,000570,9.59010038691337,9.356432966318526,9.366169108843311
2015-11-16,2015-11-13,000639,7.034953493125283,6.816969018690415,6.841739981694377
2015-11-16,2015-11-13,000895,13.15186550381631,12.99163973118098,13.03837224819962
2015-11-16,2015-11-13,000915,26.39334507958852,26.2269305456693,26.36006217280468
2015-11-16,2015-11-13,001914,8.632257695755548,8.472071470473487,8.534366113638734
2015-11-16,2015-11-13,002041,17.26315524001053,17.02828237960222,17.28272797837789
2015-11-16,2015-11-13,002096,22.66711050160528,22.10627477785422,21.74173155741603
2015-11-16,2015-11-13,002191,,,
2015-11-16,2015-11-13,002244,6.826966938713404,6.623176880841362,6.699598152543378
2015-11-16,2015-11-13,002540,7.439523427141,7.339921156746732,7.370568009175737
2015-11-16,2015-11-13,002641,6.704289770948632,6.518822738350669,6.56690678383903
2015-11-16,2015-11-13,002658,23.41389681623006,22.79946635394271,23.15993222515129
2015-11-16,2015-11-13,300120,,,
2015-11-16,2015-11-13,300134,,,
2015-11-16,2015-11-13,300150,,,
2015-11-16,2015-11-13,300180,5.73663737855454,5.76232929259797,5.710945464511109
2015-11-16,2015-11-13,300225,7.589292395218552,7.452548388097497,7.511152962577949
2015-11-16,2015-11-13,600022,2.946535372014553,2.900351432014325,2.918825008014416
2015-11-16,2015-11-13,600050,5.478502804605167,5.380233696002384,5.388422788385949
2015-11-16,2015-11-13,600079,17.23056074354041,16.90339819777699,16.9397495917507
2015-11-16,2015-11-13,600130,8.44,8.16,8.1
2015-11-16,2015-11-13,600150,37.95684949645836,37.39351856739117,37.63633362302358
2015-11-16,2015-11-13,600221,4.08131972320831,3.983446348551036,3.983446348551036
2015-11-16,2015-11-13,600298,11.20816109186057,11.04339026391474,11.09207255398965
2015-11-16,2015-11-13,600511,28.11263024118095,27.64900365549431,27.74172897263163
2015-11-16,2015-11-13,600583,8.347395768513522,8.239633956208976,8.239633956208976
2015-11-16,2015-11-13,600690,,,
2015-11-16,2015-11-13,600808,2.854681114823654,2.800963997071596,2.816311745000756
2015-11-16,2015-11-13,600815,9.57,9.42,9.4
2015-11-16,2015-11-13,600863,3.919797448247355,3.865677956851434,3.857946600937732
2015-11-17,2015-11-16,000011,11.98261338721591,12.14601266067794,12.12266990732622
2015-11-17,2015-11-16,000029,12.8845500870305,13.02856517742205,13.03816618344815
2015-11-17,2015-11-16,000042,20.49996771561422,20.50958308508683,20.52881382403207
2015-11-17,2015-11-16,000100,3.365132137467126,3.373359844404698,3.406270672154987
2015-11-17,2015-11-16,000338,3.891004830160778,3.979001989544946,4.036391441317229
2015-11-17,2015-11-16,000505,10.04671204043494,10.22400695879556,10.21415724110886
2015-11-17,2015-11-16,000570,9.901656947706496,9.901656947706496,10.01849065800392
2015-11-17,2015-11-16,000639,7.034953493125283,7.069632841330829,7.168716693346679
2015-11-17,2015-11-16,000895,13.27871090715261,13.4055563104889,13.35882379347027
2015-11-17,2015-11-16,000915,26.8260228677785,27.10559928476279,26.78608337963789
2015-11-17,2015-11-16,001914,8.810242390513396,9.006025554747026,8.988227085271241
2015-11-17,2015-11-16,002041,17.54695994633724,17.69375548409242,17.51760083878619
2015-11-17,2015-11-16,002096,22.88209752904319,22.81666669460556,23.13447360473116
2015-11-17,2015-11-16,002191,,,
2015-11-17,2015-11-16,002244,6.971318229706101,7.209073297223482,7.064722006230786
2015-11-17,2015-11-16,002540,7.631066254822282,7.730668525216548,7.738330238323799
2015-11-17,2015-11-16,002641,7.006532342589759,6.985924894523319,7.02027064130072
2015-11-17,2015-11-16,002658,24.57721849149412,25.23261098460063,24.70829699011543
2015-11-17,2015-11-16,300120,,,
2015-11-17,2015-11-16,300134,,,
2015-11-17,2015-11-16,300150,,,
2015-11-17,2015-11-16,300180,6.103664722032117,6.129356636075547,6.06696198768436
2015-11-17,2015-11-16,300225,7.940919842101265,7.999524416581716,8.165570710942998
2015-11-17,2015-11-16,600022,2.983482524014736,2.992719312014781,3.001956100014826
2015-11-17,2015-11-16,600050,5.494880989372297,5.519448266522994,5.593150097975081
2015-11-17,2015-11-16,600079,17.33052707696812,17.50319619834327,17.65768962273155
2015-11-17,2015-11-16,600130,8.630000000000001,8.619999999999999,8.550000000000001
2015-11-17,2015-11-16,600150,38.31621577879433,38.82127109450974,38.75328287893267
2015-11-17,2015-11-16,600221,4.032383035879673,4.0421703733454,4.071532385742582
2015-11-17,2015-11-16,600298,11.31301525509882,11.33922879590839,11.3579527536295
2015-11-17,2015-11-16,600511,28.3655174697373,28.66055256971971,28.76170746114225
2015-11-17,2015-11-16,600583,8.455157580818064,8.47173632117261,8.521472542236245
2015-11-17,2015-11-16,600690,,,
2015-11-17,2015-11-16,600808,2.877702736717394,2.893050484646553,2.908398232575713
2015-11-17,2015-11-16,600815,9.859999999999999,9.970000000000001,10.06
2015-11-17,2015-11-16,600863,3.904334736419949,3.966185583729572,3.958454227815869
2015-11-18,2015-11-17,000425,3.911524659112867,3.885331413627736,3.911524659112867
2015-11-18,2015-11-17,000639,7.064678648730037,7.104312189536377,7.138991537741924
2015-11-18,2015-11-17,000797,7.088607339604502,7.085739780001103,7.100077578018102
2015-11-18,2015-11-17,002022,26.93730098685487,26.83455816062207,27.14278663932048
2015-11-18,2015-11-17,002041,17.12614607143902,17.07721422552062,17.10657333307166
2015-11-18,2015-11-17,002154,5.978953375260628,5.956103871915683,6.001802878605573
2015-11-18,2015-11-17,002191,,,
2015-11-18,2015-11-17,002271,6.423785669703643,6.420341280604608,6.475451506189196
2015-11-18,2015-11-17,002285,11.79895921794871,11.79201865370286,11.82672147493212
2015-11-18,2015-11-17,002304,48.20918525532599,47.95118502842439,47.82587063250076
2015-11-18,2015-11-17,002339,21.12526622407233,20.98912057708583,21.17064810640117
2015-11-18,2015-11-17,002422,14.23851298693925,14.1462729145857,14.196585681324
2015-11-18,2015-11-17,002540,7.500817131999009,7.477831992677256,7.585095976178774
2015-11-18,2015-11-17,300067,6.30559408077939,6.268465950764988,6.342722210793793
2015-11-18,2015-11-17,300120,,,
2015-11-18,2015-11-17,300134,,,
2015-11-18,2015-11-17,300139,17.41349982290346,17.37358349093119,17.54322790181334
2015-11-18,2015-11-17,300150,,12.83692904317418,12.83692904317418
2015-11-18,2015-11-17,300180,5.843075308163037,5.806372573815279,5.927491597162879
2015-11-18,2015-11-17,300193,13.32852084594641,13.24663914791671,13.30122694660318
2015-11-18,2015-11-17,300225,7.989756987501641,7.960454700261415,8.019059274741869
2015-11-18,2015-11-17,300380,74.6902802196077,74.90864382955206,76.37763538735963
2015-11-18,2015-11-17,600021,14.55507967957934,14.4511148247252,14.60706210700641
2015-11-18,2015-11-17,600079,17.1305944101127,16.92157389476385,17.03062807668498
2015-11-18,2015-11-17,600170,4.412534135998157,4.401665825318358,4.417968291338057
2015-11-18,2015-11-17,600198,22.9,22.9,23.2
2015-11-18,2015-11-17,600201,16.83023173509603,16.96376575121345,17.12202828883411
2015-11-18,2015-11-17,600221,4.032383035879673,4.032383035879673,4.051957710811127
2015-11-18,2015-11-17,600352,10.23664444704037,10.24582529407807,10.43862308186987
2015-11-18,2015-11-17,600518,10.19022160694128,10.15980303498026,10.23280760768671
2015-11-18,2015-11-17,600540,8.119999999999999,8.119999999999999,8.17
2015-11-18,2015-11-17,600550,8.31,8.289999999999999,8.279999999999999
2015-11-18,2015-11-17,600690,,,
2015-11-18,2015-11-17,600887,11.29963663897825,11.2493201908403,11.27088438289942
2015-11-18,2015-11-17,600993,19.45926764321314,19.45030849604776,19.53094082053621
2015-11-18,2015-11-17,601318,26.38751607137496,26.20790734031626,26.32016279722795
2015-11-19,2015-11-18,000425,3.998835477396637,4.01629764105339,4.051221968366898
2015-11-19,2015-11-18,000639,7.015136722722112,7.025045107923697,7.015136722722112
2015-11-19,2015-11-18,000797,7.057064183967103,7.059931743570504,6.982507634278707
2015-11-19,2015-11-18,002022,26.11535837699245,26.42358685569086,26.47962839727239
2015-11-19,2015-11-18,002041,16.97935053368383,17.1848642865411,17.34144619347997
2015-11-19,2015-11-18,002154,5.887555361880848,5.902788364110811,5.89517186299583
2015-11-19,2015-11-18,002191,,,
2015-11-19,2015-11-18,002271,6.199900378266252,6.237788658355656,6.323898385831576
2015-11-19,2015-11-18,002285,12.42361000007541,12.13210630174962,12.0765817877828
2015-11-19,2015-11-18,002304,47.7152991066858,47.56049897054483,48.03227081402203
2015-11-19,2015-11-18,002339,19.91508269530342,19.92264634235823,19.7562461071525
2015-11-19,2015-11-18,002422,14.01210553661689,14.05403284223214,14.05403284223214
2015-11-19,2015-11-18,002540,7.416538287819245,7.462508566462754,7.454846853355503
2015-11-19,2015-11-18,300067,6.132329474045512,6.181833647398048,6.200397712405249
2015-11-19,2015-11-18,300120,,,
2015-11-19,2015-11-18,300134,,,
2015-11-19,2015-11-18,300139,16.76485942835405,16.96444108821541,17.07421100113915
2015-11-19,2015-11-18,300150,12.83692904317418,14.12550290910497,14.12550290910497
2015-11-19,2015-11-18,300180,5.964194331510638,5.927491597162879,5.934832144032432
2015-11-19,2015-11-18,300193,13.02828795317083,13.15565948343926,13.60145983937876
2015-11-19,2015-11-18,300225,7.979989558421566,7.989756987501641,8.009291845661791
2015-11-19,2015-11-18,300380,73.84660263573173,74.91856944818591,74.6902802196077
2015-11-19,2015-11-18,600021,14.20853016339888,14.29516754244399,14.24318511501692
2015-11-19,2015-11-18,600079,16.58532350050699,16.90339819777699,17.05789162216527
2015-11-19,2015-11-18,600170,4.39623166997846,4.39623166997846,4.39079751463856
2015-11-19,2015-11-18,600198,22.48,22.71,22.63
2015-11-19,2015-11-18,600201,16.73626335338377,17.0231142028212,17.10224547163152
2015-11-19,2015-11-18,600221,3.993233686016763,3.983446348551036,3.983446348551036
2015-11-19,2015-11-18,600352,10.21828275296496,10.27336783519119,10.27336783519119
2015-11-19,2015-11-18,600518,10.17805417815688,10.18413789254908,10.13546817741145
2015-11-19,2015-11-18,600540,7.93,7.95,7.98
2015-11-19,2015-11-18,600550,8.119999999999999,8.16,8.15
2015-11-19,2015-11-18,600690,,,
2015-11-19,2015-11-18,600887,11.16306342260383,11.17743955064324,11.17025148662353
2015-11-19,2015-11-18,600993,19.16361578675549,19.24424811124394,19.24424811124394
2015-11-19,2015-11-18,601318,26.10313558053202,26.24532582595349,26.2303584316986
2015-11-20,2015-11-19,000425,4.190919277620929,4.155994950307421,4.182188195792552
2015-11-20,2015-11-19,000639,7.134037345141132,7.198441848951433,7.297525700967283
2015-11-20,2015-11-19,000797,7.097210018414702,7.082872220397703,7.297939190652693
2015-11-20,2015-11-19,002022,27.30157100713481,27.29223075020455,27.29223075020455
2015-11-20,2015-11-19,002041,17.36101893184733,17.27294160919421,17.1848642865411
2015-11-20,2015-11-19,002154,6.0322688830655,6.001802878605573,6.024652381950518
2015-11-20,2015-11-19,002191,,,
2015-11-20,2015-11-19,002271,6.327342774930614,6.392786167812313,6.41689689150557
2015-11-20,2015-11-19,002285,12.31950153638763,12.38890717884615,12.65264862018853
2015-11-20,2015-11-19,002304,47.89958498304408,47.61947045097948,47.58998471076217
2015-11-20,2015-11-19,002339,20.64875645961958,20.5428654008523,20.40671975386579
2015-11-20,2015-11-19,002422,14.3475239815389,14.28882575367755,14.22174206469315
2015-11-20,2015-11-19,002540,7.876241074254322,7.837932508718066,7.791962230074558
2015-11-20,2015-11-19,300067,6.398414405815397,6.39222638414633,6.373662319139129
2015-11-20,2015-11-19,300120,,,
2015-11-20,2015-11-19,300134,,,
2015-11-20,2015-11-19,300139,17.45341615487573,17.63303964875096,17.76276772766084
2015-11-20,2015-11-19,300150,14.12550290910497,15.54098177698349,15.54098177698349
2015-11-20,2015-11-19,300180,6.195421557901511,6.2578162062927,6.342232495292543
2015-11-20,2015-11-19,300193,13.55597000714004,13.53777407424455,13.28303101370769
2015-11-20,2015-11-19,300225,8.233942714503526,8.233942714503526,8.175338140023072
2015-11-20,2015-11-19,300380,76.34785853145813,76.87391631905138,75.94090816747089
2015-11-20,2015-11-19,600021,14.41645987310715,14.36447744568008,14.32982249406204
2015-11-20,2015-11-19,600079,17.24873644052727,17.65768962273155,17.67586531971841
2015-11-20,2015-11-19,600170,4.401665825318358,4.385363359298661,4.39079751463856
2015-11-20,2015-11-19,600198,23.29,23.41,23.7
2015-11-20,2015-11-19,600201,16.9687114555141,16.82528603079539,16.88463448240313
2015-11-20,2015-11-19,600221,4.022595698413946,4.012808360948218,3.993233686016763
2015-11-20,2015-11-19,600352,10.54879324632232,10.55797409336002,10.46616562298298
2015-11-20,2015-11-19,600518,10.28756103721654,10.31797960917756,10.29364475160875
2015-11-20,2015-11-19,600540,8.07,8.06,8.050000000000001
2015-11-20,2015-11-19,600550,8.41,8.42,8.390000000000001
2015-11-20,2015-11-19,600690,,,
2015-11-20,2015-11-19,600887,11.22056793476148,11.22056793476148,11.20619180672206
2015-11-20,2015-11-19,600993,19.5936548506939,19.57573655636313,19.55781826203236
2015-11-20,2015-11-19,601318,26.4249345570122,26.39499976850242,26.27526061446327
2015-11-23,2015-11-20,000425,4.513969305270876,4.487776059785745,4.505238223442499
2015-11-23,2015-11-20,000639,7.431288901188679,7.366884397378376,7.461014056793434
2015-11-23,2015-11-20,000797,7.168899008499699,7.065666862777303,7.034123707139905
2015-11-23,2015-11-20,002022,27.40431383336761,27.41365409029787,27.85264616601984
2015-11-23,2015-11-20,002041,17.51760083878619,17.44909625450044,17.49802810041884
2015-11-23,2015-11-20,002154,6.131283397560263,6.12366689644528,6.192215406480116
2015-11-23,2015-11-20,002191,,,
2015-11-23,2015-11-20,002271,6.596005124655484,6.651115350240072,6.72000313222081
2015-11-23,2015-11-20,002285,12.61794579895927,12.77063821236802,12.49301564253393
2015-11-23,2015-11-20,002304,47.67844193141414,47.50889892516452,47.54575610043618
2015-11-23,2015-11-20,002339,20.52017445968788,20.58068363612632,20.87566587126375
2015-11-23,2015-11-20,002422,14.3978367482772,14.43976405389245,14.65778604309176
2015-11-23,2015-11-20,002540,7.814947369396312,7.837932508718066,8.106092467471861
2015-11-23,2015-11-20,300067,6.460294622506068,6.454106600837001,6.466482644175135
2015-11-23,2015-11-20,300120,,,
2015-11-23,2015-11-20,300134,,,
2015-11-23,2015-11-20,300139,18.0521611344598,17.9623493875222,17.7428095616747
2015-11-23,2015-11-20,300150,15.54098177698349,17.09312757003649,17.09312757003649
2015-11-23,2015-11-20,300180,6.239464839118821,6.23212429224927,6.18808101103196
2015-11-23,2015-11-20,300193,13.8925947657066,13.78341916833366,13.65604763806523
2015-11-23,2015-11-20,300225,8.575802732306162,8.683244452186992,8.702779310347143
2015-11-23,2015-11-20,300380,76.12949492151375,74.83916449911523,74.44213975376182
2015-11-23,2015-11-20,600021,14.38180492148911,14.29516754244399,14.26051259082595
2015-11-23,2015-11-20,600079,17.49410834984984,17.37596631943527,17.34870277395498
2015-11-23,2015-11-20,600170,4.379929203958763,4.374495048618863,4.374495048618863
2015-11-23,2015-11-20,600198,25.62,25.75,25.79
2015-11-23,2015-11-20,600201,16.91925441250765,16.8055032135928,16.67691490177603
2015-11-23,2015-11-20,600221,4.012808360948218,3.973659011085308,3.983446348551036
2015-11-23,2015-11-20,600352,10.43862308186987,10.41108054075675,10.43862308186987
2015-11-23,2015-11-20,600518,10.27539360843214,10.17805417815688,10.15371932058806
2015-11-23,2015-11-20,600540,8.390000000000001,8.44,8.359999999999999
2015-11-23,2015-11-20,600550,8.41,8.4,8.470000000000001
2015-11-23,2015-11-20,600690,,,
2015-11-23,2015-11-20,600887,11.21337987074177,11.17025148662353,11.19181567868265
2015-11-23,2015-11-20,600993,19.71908291100927,19.69220546951312,19.72804205817465
2015-11-23,2015-11-20,601318,26.22287473457115,26.23784212882605,26.29771170584561
2015-11-24,2015-11-23,000425,4.339347668703336,4.365540914188467,4.391734159673598
2015-11-24,2015-11-23,000639,7.386701167781546,7.322296663971245,7.307434086168867
2015-11-24,2015-11-23,000797,6.973904955468507,7.002580551502507,7.005448111105906
2015-11-24,2015-11-23,002022,27.61913974276347,27.7779241105778,28.01143053383417
2015-11-24,2015-11-23,002041,17.04785511796959,17.11635970225534,17.16529154817374
2015-11-24,2015-11-23,002154,6.359778431009713,6.466409446619457,6.298846422089859
2015-11-24,2015-11-23,002191,,,
2015-11-24,2015-11-23,002271,6.478895895288233,6.46167394979305,6.420341280604608
2015-11-24,2015-11-23,002285,12.18069025147058,12.08352235202865,12.15292799448718
2015-11-24,2015-11-23,002304,47.73004197679445,47.67844193141414,47.6931848015228
2015-11-24,2015-11-23,002339,19.83188257770056,19.78650069537172,19.57471857783716
2015-11-24,2015-11-23,002422,14.54038958736906,14.68294242646091,14.69971334870701
2015-11-24,2015-11-23,002540,7.991166770863092,7.853255934932569,7.822609082503565
2015-11-24,2015-11-23,300067,6.447918579167934,6.423166492491666,6.4355425358298
2015-11-24,2015-11-23,300120,,,
2015-11-24,2015-11-23,300134,,,
2015-11-24,2015-11-23,300139,17.9922866365014,17.91245397255685,18.31161729227957
2015-11-24,2015-11-23,300150,17.09312757003649,15.81431562733245,15.8045537041057
2015-11-24,2015-11-23,300180,5.975205151814966,6.000897065858396,5.95318351120631
2015-11-24,2015-11-23,300193,13.164757449887,13.22844321502122,13.29212898015543
2015-11-24,2015-11-23,300225,8.321849576224203,8.331617005304278,8.224175285423449
2015-11-24,2015-11-23,300380,74.40243727922648,73.8366770170979,73.28084237360314
2015-11-24,2015-11-23,600021,14.19120268758985,14.14788399806729,14.0785740948312
2015-11-24,2015-11-23,600079,17.73039241067898,17.65768962273155,17.49410834984984
2015-11-24,2015-11-23,600170,4.358192582599164,4.341890116579467,4.331021805899669
2015-11-24,2015-11-23,600198,24.71,24.7,24.56
2015-11-24,2015-11-23,600201,16.22191010611666,16.3900640523386,16.25158433192053
2015-11-24,2015-11-23,600221,3.973659011085308,3.954084336153854,3.944296998688127
2015-11-24,2015-11-23,600352,10.25500614111578,10.26418698815348,10.31927207037971
2015-11-24,2015-11-23,600518,10.17805417815688,10.23280760768671,10.17197046376467
2015-11-24,2015-11-23,600540,8.16,8.18,8.119999999999999
2015-11-24,2015-11-23,600550,8.48,8.460000000000001,8.35
2015-11-24,2015-11-23,600690,,,
2015-11-24,2015-11-23,600887,11.1271231025053,11.11993503848559,11.06243052632794
2015-11-24,2015-11-23,600993,19.4861450847093,19.42343105455161,19.28904384707086
2015-11-24,2015-11-23,601318,26.17048885467903,26.07320079202223,26.17797255180647
2015-11-25,2015-11-24,000338,3.906308683966721,3.883352903257808,3.925438501224148
2015-11-25,2015-11-24,000516,7.934241987606372,7.922545316371571,7.988826453368774
2015-11-25,2015-11-24,000888,12.47009413468501,12.4995510499638,12.47009413468501
2015-11-25,2015-11-24,000895,13.31876735031144,13.35882379347027,13.33211949803105
2015-11-25,2015-11-24,002100,9.619979473287762,9.69217444119236,9.755345038108885
2015-11-25,2015-11-24,002191,,,
2015-11-25,2015-11-24,002318,13.05282475929031,13.20849351014649,13.14622600980402
2015-11-25,2015-11-24,002339,20.05879198934473,20.07391928345434,20.00584645996109
2015-11-25,2015-11-24,002424,28.70952016453455,28.83560927336527,28.4185452980021
2015-11-25,2015-11-24,002644,17.34275730294014,17.32348757260354,17.17896459507903
2015-11-25,2015-11-24,002690,23.6225421686348,23.54028142980033,23.67738266119112
2015-11-25,2015-11-24,300067,6.621183185901813,6.763507684290357,6.850139987657297
2015-11-25,2015-11-24,300120,,,
2015-11-25,2015-11-24,300134,,,
2015-11-25,2015-11-24,300151,15.92456200128693,16.16453430389825,16.03014981443591
2015-11-25,2015-11-24,300283,13.11456218443756,13.16346062658685,13.57420754064082
2015-11-25,2015-11-24,300333,31.95568968336523,32.92701706397719,33.34890673434401
2015-11-25,2015-11-24,300337,10.5277409907738,10.67714128865612,10.60742114964437
2015-11-25,2015-11-24,600010,2.831738919561501,2.838765567004582,2.838765567004582
2015-11-25,2015-11-24,600022,2.946535372014553,2.928061796014461,2.937298584014508
2015-11-25,2015-11-24,600057,6.347228109538637,6.34233055698498,6.298252584002073
2015-11-25,2015-11-24,600066,18.596281391236,18.50848025152289,18.4294592257811
2015-11-25,2015-11-24,600170,4.314719339879971,4.320153495219871,4.309285184540072
2015-11-25,2015-11-24,600201,16.6521863802728,16.65713208457344,16.65713208457344
2015-11-25,2015-11-24,600251,10.71399986935663,10.66958030107572,10.70511595570045
2015-11-25,2015-11-24,600310,8.744209333538457,8.689015947303318,8.66536163891683
2015-11-25,2015-11-24,600340,17.77459618154278,17.67034635056599,17.65731512169388
2015-11-25,2015-11-24,600352,10.310091223342,10.2917295292666,10.310091223342
2015-11-25,2015-11-24,600436,36.3876485509105,36.35679587281069,36.44318337149015
2015-11-25,2015-11-24,600491,10.09814988812486,10.07871167852308,10.03983525931952
2015-11-25,2015-11-24,600674,8.604496108702502,8.668529568116101,8.660525385689402
2015-11-25,2015-11-24,600690,,,
2015-11-25,2015-11-24,600875,13.0065584819072,12.94487426146455,12.93606222997274
2015-11-25,2015-11-24,600887,11.09118278240676,11.0193021422097,11.01211407819
2015-11-25,2015-11-24,601318,26.17048885467903,26.1330703690418,26.10313558053202
2015-11-26,2015-11-25,000338,3.944568318481576,3.952220245384547,3.956046208836032
2015-11-26,2015-11-25,000516,8.187669864360384,8.285142124650388,8.129186508186381
2015-11-26,2015-11-25,000888,12.53882693700217,12.59774076755974,12.58792179580015
2015-11-26,2015-11-25,000895,13.37217594118988,13.44561275364774,13.41890845820852
2015-11-26,2015-11-25,002100,9.764369409096959,9.773393780085033,9.719247554156585
2015-11-26,2015-11-25,002191,,,
2015-11-26,2015-11-25,002318,13.30189476066019,13.309678198203,13.18514319751806
2015-11-26,2015-11-25,002339,20.87566587126375,21.12526622407233,21.14795716523675
2015-11-26,2015-11-25,002424,28.61252854235707,28.51553692017958,28.20516372921164
2015-11-26,2015-11-25,002644,17.25604351642544,17.30421784226694,17.16932972991074
2015-11-26,2015-11-25,002690,24.26691795617156,24.47256980325777,23.9995705549595
2015-11-26,2015-11-25,300067,6.8872681176717,6.862516030995431,6.763507684290357
2015-11-26,2015-11-25,300120,,,
2015-11-26,2015-11-25,300134,,,
2015-11-26,2015-11-25,300151,16.75006672226986,16.62528112491198,16.39490771440511
2015-11-26,2015-11-25,300283,13.45685127948254,13.66222473650953,13.4666309679124
2015-11-26,2015-11-25,300333,32.53456155665922,32.96626261470899,33.54513448800298
2015-11-26,2015-11-25,300337,11.08550210286778,11.11538216244424,11.01578196385603
2015-11-26,2015-11-25,600010,2.852818861890743,2.845792214447662,2.845792214447662
2015-11-26,2015-11-25,600022,2.955772160014599,2.946535372014553,2.928061796014461
2015-11-26,2015-11-25,600057,6.376613424860575,6.391306082521544,6.312945241663042
2015-11-26,2015-11-25,600066,18.7631035566909,18.7631035566909,18.70164275889173
2015-11-26,2015-11-25,600170,4.314719339879971,4.336455961239569,4.320153495219871
2015-11-26,2015-11-25,600201,16.54832658995925,16.66702349317474,16.56810940716183
2015-11-26,2015-11-25,600251,10.74953552398136,10.79395509226228,10.70511595570045
2015-11-26,2015-11-25,600310,8.69690071676548,8.69690071676548,8.618053022143853
2015-11-26,2015-11-25,600340,17.78111179597882,18.07431444560105,17.90490847026376
2015-11-26,2015-11-25,600352,10.310091223342,10.35599545853053,10.37435715260593
2015-11-26,2015-11-25,600436,36.74553961686824,36.93065568546707,36.78256283058801
2015-11-26,2015-11-25,600491,10.12730720252753,10.14674541212931,10.04955436412041
2015-11-26,2015-11-25,600674,8.652521203262703,8.644517020836002,8.628508655982602
2015-11-26,2015-11-25,600690,,,
2015-11-26,2015-11-25,600875,13.14755098577611,13.21804723771056,13.18279911174334
2015-11-26,2015-11-25,600887,11.07680665436735,11.1271231025053,11.17025148662353
2015-11-26,2015-11-25,601318,26.22287473457115,26.40248346562986,26.4249345570122
2015-11-27,2015-11-26,000338,3.883352903257808,3.871875012903351,3.837441341839981
2015-11-27,2015-11-26,000516,7.938140878017972,7.906949754725171,7.87965752184397
2015-11-27,2015-11-26,000888,12.91194786386677,12.86285300506879,12.86285300506879
2015-11-27,2015-11-26,000895,13.47899312294676,13.43893667978793,13.5257256399654
2015-11-27,2015-11-26,002100,9.683150070204286,9.683150070204286,9.574857618347387
2015-11-27,2015-11-26,002191,,,
2015-11-27,2015-11-26,002318,12.81153819546324,12.67143631969268,12.50020069375089
2015-11-27,2015-11-26,002339,20.89079316537336,20.48235622441385,20.40671975386579
2015-11-27,2015-11-26,002424,28.09847294481641,27.97238383598568,27.57471818505801
2015-11-27,2015-11-26,002644,16.82247458385193,16.74539566250553,16.39854051644673
2015-11-27,2015-11-26,002690,23.47173081410493,23.08784736621068,22.60799305634288
2015-11-27,2015-11-26,300067,7.110036897758116,6.980088442707705,6.874892074333565
2015-11-27,2015-11-26,300120,,,
2015-11-27,2015-11-26,300134,,,
2015-11-27,2015-11-26,300151,16.27012211704723,16.27012211704723,16.06854538285372
2015-11-27,2015-11-26,300283,13.49597003320197,13.31993564146455,13.23191844559584
2015-11-27,2015-11-26,300333,33.99645832141864,33.76098501702786,32.62286404580577
2015-11-27,2015-11-26,300337,10.7169813680914,10.62734118936201,10.46798087162088
2015-11-27,2015-11-26,600010,2.852818861890743,2.845792214447662,2.82471227211842
2015-11-27,2015-11-26,600022,2.946535372014553,2.928061796014461,2.918825008014416
2015-11-27,2015-11-26,600057,6.190506427821634,6.146428454838727,6.097452929302163
2015-11-27,2015-11-26,600066,18.78066378463352,18.72798310080566,18.50848025152289
2015-11-27,2015-11-26,600170,4.341890116579467,4.32558765055977,4.287548563180475
2015-11-27,2015-11-26,600201,16.56810940716183,16.47414102544957,16.66207778887409
2015-11-27,2015-11-26,600251,10.58962507817007,10.68734812838808,10.58074116451389
2015-11-27,2015-11-26,600310,8.49189671074925,8.420933785589785,8.357855629892484
2015-11-27,2015-11-26,600340,17.5139716041008,17.59215897733339,17.39669054425191
2015-11-27,2015-11-26,600352,11.33834609156489,11.3567077856403,11.3475269386026
2015-11-27,2015-11-26,600436,36.44318337149015,36.46169497835003,36.23955569603143
2015-11-27,2015-11-26,600491,10.01067794491685,9.942644211310617,9.835734058500824
2015-11-27,2015-11-26,600674,8.620504473555901,8.596491926275801,8.580483561422403
2015-11-27,2015-11-26,600690,,,
2015-11-27,2015-11-26,600875,13.19161114323514,13.14755098577611,12.98893441892358
2015-11-27,2015-11-26,600887,11.1271231025053,11.11993503848559,11.04805439828853
2015-11-27,2015-11-26,601318,26.21539103744371,26.2303584316986,26.15552146042414
2015-11-30,2015-11-27,000338,3.627013352008277,3.657621059620161,3.642317205814219
2015-11-30,2015-11-27,000516,7.396195110805546,7.396195110805546,7.411790672451948
2015-11-30,2015-11-27,000888,12.16570601013758,12.11661115133961,12.02824040550326
2015-11-30,2015-11-27,000895,12.81806181082604,12.8848225494241,12.81806181082604
2015-11-30,2015-11-27,002100,8.916078536217926,8.861932310289477,8.934127278194076
2015-11-30,2015-11-27,002191,,,
2015-11-30,2015-11-27,002318,11.52727100089979,11.36381881250081,11.23928381181587
2015-11-30,2015-11-27,002339,18.80322657824698,18.37966234317787,18.30402587262981
2015-11-30,2015-11-27,002424,25.96465725691182,26.20713631235552,26.14894133904903
2015-11-30,2015-11-27,002644,15.29053102209222,15.22308696591412,15.21345210074582
2015-11-30,2015-11-27,002690,21.29867629656075,21.59344394405097,21.48376295893833
2015-11-30,2015-11-27,300067,6.491234730851404,6.528362860865807,6.577867034218344
2015-11-30,2015-11-27,300120,,,
2015-11-30,2015-11-27,300134,,,
2015-11-30,2015-11-27,300151,14.64790935139473,14.64790935139473,14.5135248619324
2015-11-30,2015-11-27,300283,12.14637302988177,12.06813552244292,12.1170339645922
2015-11-30,2015-11-27,300333,30.60171818311825,30.21907406348324,30.10133741128785
2015-11-30,2015-11-27,300337,9.651259243197554,9.591499124044629,9.611419163762271
2015-11-30,2015-11-27,600010,2.656072733484485,2.663099380927566,2.670126028370646
2015-11-30,2015-11-27,600022,2.789509976013778,2.798746764013823,2.798746764013823
2015-11-30,2015-11-27,600057,5.67136585713406,5.676263409687716,5.730136487777936
2015-11-30,2015-11-27,600066,18.07825466692867,18.24507683238357,18.38555865592455
2015-11-30,2015-11-27,600170,3.999538330165818,4.004972485505716,4.021274951525414
2015-11-30,2015-11-27,600201,15.99935341258762,16.04881045559407,16.22191010611666
2015-11-30,2015-11-27,600251,9.585742835021396,9.630162403302311,9.683465885239409
2015-11-30,2015-11-27,600310,7.947847617860022,8.034580081943812,8.184390701724904
2015-11-30,2015-11-27,600340,16.56920751087364,16.61481681192598,16.71255102846672
2015-11-30,2015-11-27,600352,11.48523964416816,11.74230336122388,11.79738844345011
2015-11-30,2015-11-27,600436,34.51797625806229,34.55499947178205,34.55499947178205
2015-11-30,2015-11-27,600491,9.349778818456317,9.349778818456317,9.262306875248306
2015-11-30,2015-11-27,600674,8.292332994061201,8.348362271048101,8.444412460168502
2015-11-30,2015-11-27,600690,,,
2015-11-30,2015-11-27,600875,12.1341673642183,12.22228767913637,12.19585158466095
2015-11-30,2015-11-27,600887,10.72459151740174,10.78209602955939,10.73177958142145
2015-11-30,2015-11-27,601318,25.32483107927762,25.27992889651294,25.25747780513061
2015-12-01,2015-11-30,000338,3.588753717493422,3.592579680944908,3.577275827138965
2015-12-01,2015-11-30,000516,7.306520631338742,7.47807180944915,7.450779576567949
2015-12-01,2015-11-30,000888,11.89077480086894,11.87113685734975,11.80240405503259
2015-12-01,2015-11-30,000895,12.83809003240546,12.81806181082604,12.84476610626526
2015-12-01,2015-11-30,002100,8.816810455349103,8.690469261516055,8.636323035587607
2015-12-01,2015-11-30,002191,,,
2015-12-01,2015-11-30,002318,11.16923287393059,11.25485068690149,11.2626341244443
2015-12-01,2015-11-30,002339,18.16788022564331,18.04686187276641,17.91071622577991
2015-12-01,2015-11-30,002424,25.99375474356506,26.05194971687155,25.84826731029884
2015-12-01,2015-11-30,002644,14.95331074120172,15.07856398838962,15.17491264007262
2015-12-01,2015-11-30,002690,21.90192171468027,21.61400912875959,21.73054517544177
2015-12-01,2015-11-30,300067,6.806823835973827,6.936772291024237,6.992464486045841
2015-12-01,2015-11-30,300120,,14.41656306100676,14.41656306100676
2015-12-01,2015-11-30,300134,,,
2015-12-01,2015-11-30,300151,14.88788165400605,15.55020520921328,15.84777086445131
2015-12-01,2015-11-30,300283,12.27350897946991,12.28328866789976,12.1854917836012
2015-12-01,2015-11-30,300333,30.87643703824083,30.41530181714222,30.12096018665375
2015-12-01,2015-11-30,300337,9.432138806303493,9.332538607715282,9.222978389268251
2015-12-01,2015-11-30,600010,2.634992791155243,2.663099380927566,2.649046086041404
2015-12-01,2015-11-30,600022,2.798746764013823,2.780273188013731,2.771036400013686
2015-12-01,2015-11-30,600057,5.651775646919434,5.651775646919434,5.656673199473091
2015-12-01,2015-11-30,600066,18.50848025152289,18.58750127726469,18.56116093535076
2015-12-01,2015-11-30,600170,3.923460155407228,3.91259184472743,3.966933398126422
2015-12-01,2015-11-30,600201,15.87076510077084,15.78668812765987,15.83119946636567
2015-12-01,2015-11-30,600251,9.665698057927044,9.603510662333763,9.692349798895592
2015-12-01,2015-11-30,600310,8.137082084951928,8.137082084951928,8.349970860430322
2015-12-01,2015-11-30,600340,16.75816032951906,16.68648857072252,16.67997295628647
2015-12-01,2015-11-30,600352,12.31151587756156,12.07281385458124,11.93510114901568
2015-12-01,2015-11-30,600436,33.90092269606618,33.98731019474564,33.75282984118712
2015-12-01,2015-11-30,600491,9.174834932040294,9.174834932040294,9.417812552062548
2015-12-01,2015-11-30,600674,8.396387365608302,8.428404095315102,8.396387365608302
2015-12-01,2015-11-30,600690,,,
2015-12-01,2015-11-30,600875,11.94911470289035,11.94030267139854,11.93149063990674
2015-12-01,2015-11-30,600887,10.60239442906674,10.60239442906674,10.56645410896821
2015-12-01,2015-11-30,601318,25.29489629076783,25.30986368502273,25.35476586778741
2015-12-02,2015-12-01,000155,8.097509663671007,8.17509059458043,8.116904896398362
2015-12-02,2015-12-01,000338,3.64996913271719,3.653795096168676,3.630839315459763
2015-12-02,2015-12-01,000554,10.69801533209574,10.76523804962237,10.6692055960129
2015-12-02,2015-12-01,000565,14.492800030494,14.38442423148962,14.24649139639314
2015-12-02,2015-12-01,000599,8.019368335043774,7.99956742557453,8.019368335043774
2015-12-02,2015-12-01,000651,14.57938457391621,14.6633935997481,14.6633935997481
2015-12-02,2015-12-01,000680,6.182301778261123,6.210747952087478,6.115927372666295
2015-12-02,2015-12-01,000821,14.32327399758107,14.41156815236068,14.28403215101236
2015-12-02,2015-12-01,000837,14.95685522359718,15.09645253901742,14.88705656588706
2015-12-02,2015-12-01,000895,12.94490721416234,12.93823114030254,12.91152684486332
2015-12-02,2015-12-01,002024,13.27763617321348,13.36563228923625,13.32652290433724
2015-12-02,2015-12-01,002096,21.7791206056661,21.80716239185366,22.59233240510514
2015-12-02,2015-12-01,002191,,,
2015-12-02,2015-12-01,002363,13.61550162951483,13.65342781789788,13.57757544113178
2015-12-02,2015-12-01,002573,22.18444956040554,21.84627197564325,21.43079665722102
2015-12-02,2015-12-01,002644,15.03038966254812,15.05929425805302,14.88586668502361
2015-12-02,2015-12-01,002666,9.981548302044189,9.999105994747874,10.08689445826629
2015-12-02,2015-12-01,002690,21.71683505230269,21.90192171468027,21.30553135813029
2015-12-02,2015-12-01,300120,14.41656306100676,14.40158481367065,13.63020507586094
2015-12-02,2015-12-01,300134,,,
2015-12-02,2015-12-01,300270,18.06170662753337,18.09164315785524,17.82221438495834
2015-12-02,2015-12-01,300337,9.372378687150567,9.41221876658585,9.193098329691788
2015-12-02,2015-12-01,300386,23.11729549199999,22.86623457417801,22.49702734208687
2015-12-02,2015-12-01,600021,13.41146627618382,13.41146627618382,13.23819151809359
2015-12-02,2015-12-01,600022,2.807983552013869,2.789509976013778,2.780273188013731
2015-12-02,2015-12-01,600029,7.745795773589081,7.677421788198005,7.609047802806929
2015-12-02,2015-12-01,600050,5.085426370194034,5.069048185426904,5.052670000659773
2015-12-02,2015-12-01,600371,15.62253199016827,16.06186916243707,15.58530002641668
2015-12-02,2015-12-01,600436,34.25264322640396,34.24030215516404,34.00582180160552
2015-12-02,2015-12-01,600496,5.110529112921701,5.136781830967532,5.093027300891148
2015-12-02,2015-12-01,600594,17.08544062725633,17.18435633615097,16.99551725553393
2015-12-02,2015-12-01,600688,5.634098758791334,5.642874613555807,5.61654704926239
2015-12-02,2015-12-01,600690,,,
2015-12-02,2015-12-01,600760,7.922196238938444,7.853985447213266,7.790646854897029
2015-12-02,2015-12-01,601318,25.53437459884611,25.53437459884611,25.51192350746377
2015-12-02,2015-12-01,601628,23.16452434313347,23.16452434313347,23.21654049061057
2015-12-03,2015-12-02,000155,8.058719198216297,8.049021581852619,8.107207280034684
2015-12-03,2015-12-02,000338,3.803007670776611,3.79535574387364,3.757096109358785
2015-12-03,2015-12-02,000554,10.73642831353953,10.78444454034427,10.73642831353953
2015-12-03,2015-12-02,000565,13.94106869010809,14.10855856129667,14.19722966957297
2015-12-03,2015-12-02,000599,8.068870608716884,8.088671518186127,8.068870608716884
2015-12-03,2015-12-02,000651,16.03808674972448,15.79369685639535,15.47293512140086
2015-12-03,2015-12-02,000680,6.352978821219253,6.286604415624424,6.229712067971715
2015-12-03,2015-12-02,000821,14.29384261265454,14.49986230714029,14.79417615640566
2015-12-03,2015-12-02,000837,14.73748801365109,14.8372003818084,14.96682646041291
2015-12-03,2015-12-02,000895,13.13183728223689,13.08510476521825,13.02502010048001
2015-12-03,2015-12-02,002024,13.55140186750654,13.59051125240555,13.45362840525902
2015-12-03,2015-12-02,002096,21.78846786772862,21.49870274379058,21.17154857160246
2015-12-03,2015-12-02,002191,,,
2015-12-03,2015-12-02,002363,13.53964925274873,13.72169495698737,13.75203590769381
2015-12-03,2015-12-02,002573,21.21822788965617,22.232760643943,22.75452034614766
2015-12-03,2015-12-02,002644,14.93404101086512,15.00148506704322,15.01111993221152
2015-12-03,2015-12-02,002666,10.1307886900255,10.13956753637734,10.14834638272919
2015-12-03,2015-12-02,002690,21.07931432633547,21.11358963418317,21.18899531144811
2015-12-03,2015-12-02,300120,12.98614044040817,12.76895585403456,13.04605342975262
2015-12-03,2015-12-02,300134,,,
2015-12-03,2015-12-02,300270,17.49291255141767,17.68251057678957,17.86212975872084
2015-12-03,2015-12-02,300337,9.163218270115324,9.262818468703536,9.262818468703536
2015-12-03,2015-12-02,300386,22.408417606385,22.63978747182878,22.84162075870527
2015-12-03,2015-12-02,600021,13.82732569560037,13.68004215122367,13.59340477217856
2015-12-03,2015-12-02,600022,2.909588220014371,2.891114644014279,2.872641068014188
2015-12-03,2015-12-02,600029,8.019291715153388,8.146271973736814,8.019291715153388
2015-12-03,2015-12-02,600050,5.241019125481774,5.200073663563948,5.175506386413252
2015-12-03,2015-12-02,600371,15.0714989266447,15.10128449764598,14.89278550063706
2015-12-03,2015-12-02,600436,34.78947982534058,34.85118518154019,34.8018208965805
2015-12-03,2015-12-02,600496,5.17178545502864,5.233041797135578,5.224290891120301
2015-12-03,2015-12-02,600594,17.04947127856737,17.05846361573961,17.12140997594529
2015-12-03,2015-12-02,600688,5.809615854080785,5.800839999316312,5.792064144551839
2015-12-03,2015-12-02,600690,,,
2015-12-03,2015-12-02,600760,7.737052661398677,7.824752250759618,7.805263453123853
2015-12-03,2015-12-02,601318,26.94879335593342,26.79163571625705,26.46983673977687
2015-12-03,2015-12-02,601628,25.47924290586425,25.09779115769888,24.94174271526759
2015-12-04,2015-12-03,000155,8.339950072762953,8.242973909126176,8.301159607308243
2015-12-04,2015-12-03,000338,3.79535574387364,3.783877853519184,3.760922072810271
2015-12-04,2015-12-03,000554,11.13976461869933,11.17817760014312,11.20698733622597
2015-12-04,2015-12-03,000565,14.15782028811684,14.0297397983844,13.99033041692826
2015-12-04,2015-12-03,000599,8.326282431817054,8.296581067613189,8.316381977082433
2015-12-04,2015-12-03,000651,15.56458133139928,15.35074017473629,15.35074017473629
2015-12-04,2015-12-03,000680,6.362460879161371,6.324532647392897,6.305568531508661
2015-12-04,2015-12-03,000821,14.83341800297437,14.85303892625873,14.92171215775398
2015-12-04,2015-12-03,000837,15.18619367035901,15.17622243354328,15.19616490717474
2015-12-04,2015-12-03,000895,13.07175261749864,13.09178083907806,13.0183440266202
2015-12-04,2015-12-03,002024,13.64917532975407,13.54162452128179,13.49273779015803
2015-12-04,2015-12-03,002096,21.66695346091589,21.34914655079029,21.27436845429015
2015-12-04,2015-12-03,002191,,,
2015-12-04,2015-12-03,002363,13.85822923516635,13.7444506700172,13.75203590769381
2015-12-04,2015-12-03,002573,22.14580069357556,21.98154300954817,21.91390749259571
2015-12-04,2015-12-03,002644,15.26162642658732,15.44468886478502,15.45432372995332
2015-12-04,2015-12-03,002666,10.26247138530313,10.21857715354392,10.18346176813655
2015-12-04,2015-12-03,002690,23.17010810504516,22.9027607038331,22.59428293320381
2015-12-04,2015-12-03,300120,13.06103167708873,12.88129270905539,12.80640147237484
2015-12-04,2015-12-03,300134,,,
2015-12-04,2015-12-03,300270,18.14153737505838,18.26128349634589,18.20141043570213
2015-12-04,2015-12-03,300337,9.491898925456418,9.511818965174061,9.442098826162313
2015-12-04,2015-12-03,300386,23.40773851457835,23.63910838002213,23.7375636419131
2015-12-04,2015-12-03,600021,13.84465317140939,13.70603336493721,13.65405093751014
2015-12-04,2015-12-03,600022,2.891114644014279,2.854167492014096,2.854167492014096
2015-12-04,2015-12-03,600029,8.048594851749563,7.902079168768684,7.872776032172509
2015-12-04,2015-12-03,600050,5.249208217865339,5.183695478796817,5.191884571180382
2015-12-04,2015-12-03,600371,15.51828249166381,15.68210313217082,15.93528048568165
2015-12-04,2015-12-03,600436,34.85118518154019,34.7709682184807,34.74628607600085
2015-12-04,2015-12-03,600496,5.259294515181408,5.224290891120301,5.206789079089747
2015-12-04,2015-12-03,600594,17.4361417769737,17.30125671939009,17.21133334766769
2015-12-04,2015-12-03,600688,5.906150256489982,5.879822692196564,5.818391708845256
2015-12-04,2015-12-03,600690,,,
2015-12-04,2015-12-03,600760,7.868602045440089,7.883218643666913,7.892963042484795
2015-12-04,2015-12-03,601318,26.91885856742364,26.54467371105133,26.4249345570122
2015-12-04,2015-12-03,601628,25.66996877994693,25.01976693648323,24.7683555570106
2015-12-07,2015-12-04,000155,8.756947576401101,9.154549847311893,9.12545699822086
2015-12-07,2015-12-04,000338,3.715010511392445,3.722662438295416,3.707358584489473
2015-12-07,2015-12-04,000554,11.02452567436796,11.10135163725554,11.0917483918946
2015-12-07,2015-12-04,000565,13.92136399938002,14.01003510765633,13.93121634474406
2015-12-07,2015-12-04,000599,8.276780158143943,8.247078793940078,8.336182886551676
2015-12-07,2015-12-04,000651,15.90825461889338,15.73259938306306,15.72496219889653
2015-12-07,2015-12-04,000680,6.229712067971715,6.20126589414536,6.229712067971715
2015-12-07,2015-12-04,000821,14.83341800297437,14.85303892625873,14.74512384819476
2015-12-07,2015-12-04,000837,15.0565675917545,15.13633748628035,15.0565675917545
2015-12-07,2015-12-04,000895,13.02502010048001,12.98496365732118,13.0116679527604
2015-12-07,2015-12-04,002024,13.28741351943823,13.33630025056199,13.31674555811249
2015-12-07,2015-12-04,002096,22.42408168797982,22.517554308605,22.50820704654248
2015-12-07,2015-12-04,002191,,,
2015-12-07,2015-12-04,002363,14.22990588132024,14.07820112778804,14.07061589011143
2015-12-07,2015-12-04,002573,21.63370320807839,22.04917852650062,22.02019187637814
2015-12-07,2015-12-04,002644,15.49286319062652,15.36760994343862,15.25199156141902
2015-12-07,2015-12-04,002666,10.00788484109971,10.07811561191445,10.05177907285892
2015-12-07,2015-12-04,002690,22.67654367203829,22.14184886961417,22.10071850019693
2015-12-07,2015-12-04,300120,12.56674951499707,12.63415162800957,12.58172776233318
2015-12-07,2015-12-04,300134,,,
2015-12-07,2015-12-04,300270,17.98187588000836,17.9619181931271,17.66255288990832
2015-12-07,2015-12-04,300337,9.32257858785646,9.362418667291745,9.32257858785646
2015-12-07,2015-12-04,300386,23.22067351698551,23.22559628008005,23.38312469910561
2015-12-07,2015-12-04,600021,13.45478496570638,13.51543113103796,13.4721124415154
2015-12-07,2015-12-04,600022,2.82645712801396,2.82645712801396,2.817220340013914
2015-12-07,2015-12-04,600029,7.804402046781433,7.833705183377607,7.814169758980158
2015-12-07,2015-12-04,600050,5.10999364734473,5.085426370194034,5.118182739728295
2015-12-07,2015-12-04,600371,16.40440322895172,16.24058258844471,16.06931555518738
2015-12-07,2015-12-04,600436,34.51797625806229,34.55499947178205,34.68458071980124
2015-12-07,2015-12-04,600496,5.163034549013363,5.145532736982808,5.128030924952255
2015-12-07,2015-12-04,600594,17.15737932463425,17.14838698746201,17.07644829008409
2015-12-07,2015-12-04,600688,5.739409015965005,5.721857306436059,5.713081451671587
2015-12-07,2015-12-04,600690,,,
2015-12-07,2015-12-04,600760,7.849113247804325,7.800391253714912,7.707819464945029
2015-12-07,2015-12-04,601318,26.15552146042414,26.19293994606137,25.99088012362032
2015-12-07,2015-12-04,601628,24.67299261996926,24.6816619778821,24.50827481962512
2015-12-08,2015-12-07,000155,9.193340312766605,9.232130778221316,9.12545699822086
2015-12-08,2015-12-07,000338,3.883352903257808,3.906308683966721,3.906308683966721
2015-12-08,2015-12-07,000554,11.21659058158691,10.91888997539754,10.88047699395375
2015-12-08,2015-12-07,000565,13.98047807156423,13.87210227255985,13.76372647355548
2015-12-08,2015-12-07,000599,8.484689707571006,8.435187433897894,8.563893345447982
2015-12-08,2015-12-07,000651,15.89298025056031,15.69441346223039,15.58749288389889
2015-12-08,2015-12-07,000680,6.229712067971715,6.172819720319005,6.163337662376887
2015-12-08,2015-12-07,000821,14.90209123446962,14.87265984954309,14.75493430983694
2015-12-08,2015-12-07,000837,15.14630872309608,14.98676893404438,14.91697027633426
2015-12-08,2015-12-07,000895,13.12516120837708,13.06507654363884,12.98496365732118
2015-12-08,2015-12-07,002024,13.85449960047386,13.71761675332733,13.67850736842832
2015-12-08,2015-12-07,002096,22.58298514304262,22.28387275704206,22.15301108816681
2015-12-08,2015-12-07,002191,,,
2015-12-08,2015-12-07,002363,14.41953682323549,14.2754173073799,14.30575825808634
2015-12-08,2015-12-07,002573,21.89458305918072,22.27140951077298,22.49364049504533
2015-12-08,2015-12-07,002644,15.57957697714122,15.36760994343862,15.34834021310202
2015-12-08,2015-12-07,002666,10.10445215096997,9.990327148396032,10.16590407543287
2015-12-08,2015-12-07,002690,22.48460194809116,22.2172545468791,22.25152985472681
2015-12-08,2015-12-07,300120,12.6116842570054,12.5442821439929,12.49934740198457
2015-12-08,2015-12-07,300134,,,
2015-12-08,2015-12-07,300270,18.23134696602401,18.04174894065211,18.02179125377086
2015-12-08,2015-12-07,300337,9.521778985032881,9.392298726868209,9.32257858785646
2015-12-08,2015-12-07,300386,23.62926285383303,23.33389706816012,23.28466943721464
2015-12-08,2015-12-07,600021,13.3941388003748,13.36814758666126,13.31616515923419
2015-12-08,2015-12-07,600022,2.82645712801396,2.798746764013823,2.798746764013823
2015-12-08,2015-12-07,600029,7.863008319973784,8.097433412743188,8.370929354307494
2015-12-08,2015-12-07,600050,5.12637183211186,5.101804554961165,5.093615462577599
2015-12-08,2015-12-07,600371,16.35227847969949,16.1586722681912,16.0767619479377
2015-12-08,2015-12-07,600436,37.02321371976649,36.64681104694886,36.46786551397
2015-12-08,2015-12-07,600496,5.154283642998085,5.093027300891148,5.110529112921701
2015-12-08,2015-12-07,600594,17.13040231311753,17.08544062725633,16.94156323250049
2015-12-08,2015-12-07,600688,5.68675388737817,5.625322904026862,5.598995339733444
2015-12-08,2015-12-07,600690,,,
2015-12-08,2015-12-07,600760,7.844241048395384,7.785774655488089,7.741924860807617
2015-12-08,2015-12-07,601318,25.99836382074777,25.78133660405183,25.87862466670863
2015-12-08,2015-12-07,601628,24.31754894554243,24.17883921893684,24.23952472432679
2015-12-09,2015-12-08,000006,9.122750542526402,9.163733249366144,9.1391436252623
2015-12-09,2015-12-08,000011,11.48463464904589,11.39126363563902,11.43794914234246
2015-12-09,2015-12-08,000031,13.45344912017829,13.69857152881504,13.51944361481126
2015-12-09,2015-12-08,000039,8.833659836690153,8.820006575736999,8.806353314783847
2015-12-09,2015-12-08,000042,18.26920199796765,18.46150938741994,18.3076634758581
2015-12-09,2015-12-08,000100,3.340449016654408,3.323993602779264,3.307538188904118
2015-12-09,2015-12-08,000338,3.776225926616212,3.741792255552843,3.722662438295416
2015-12-09,2015-12-08,000505,9.889116557447725,10.08611091118174,10.13535949961525
2015-12-09,2015-12-08,000758,7.178609519492261,7.246884338291779,7.207870156120626
2015-12-09,2015-12-08,002041,15.67776343225446,15.60925884796871,15.54075426368295
2015-12-09,2015-12-08,002191,,,
2015-12-09,2015-12-08,002424,25.20812260392746,25.89676312138758,25.65428406594388
2015-12-09,2015-12-08,002493,5.977367496894962,5.698852165498423,5.758840083029985
2015-12-09,2015-12-08,002540,7.286289164995973,7.309274304317727,7.232657173245214
2015-12-09,2015-12-08,002641,6.353963153819144,6.305879108330783,6.333355705752704
2015-12-09,2015-12-08,300134,,24.91130947525621,24.91130947525621
2015-12-09,2015-12-08,300180,5.707275191076334,5.740307651989315,5.677913003598127
2015-12-09,2015-12-08,300380,71.81185081579557,71.09720627415945,72.79448706054524
2015-12-09,2015-12-08,600010,2.592832906496759,2.592832906496759,2.59985955393984
2015-12-09,2015-12-08,600021,13.01293433257629,12.97827938095824,13.06491676000336
2015-12-09,2015-12-08,600022,2.771036400013686,2.761799612013641,2.752562824013595
2015-12-09,2015-12-08,600050,5.003535446358382,5.044480908276207,5.028102723509076
2015-12-09,2015-12-08,600150,33.60560369952557,33.96496998186154,33.7901431418062
2015-12-09,2015-12-08,600176,5.890689044280416,5.927904588783993,5.893347297459243
2015-12-09,2015-12-08,600221,3.875785636428035,3.817061611633671,3.768124924305034
2015-12-09,2015-12-08,600298,10.55282257162148,10.5565673631657,10.63520798559439
2015-12-09,2015-12-08,600523,13.39856790542121,13.37267695294696,13.3662042148284
2015-12-09,2015-12-08,600640,20.20799861201615,20.33702807270191,20.24769998453484
2015-12-09,2015-12-08,600686,17.78057627745514,17.81927176445722,17.78057627745514
2015-12-09,2015-12-08,600690,,,
2015-12-09,2015-12-08,600737,10.98458260973554,11.24523372250892,11.10373740414623
2015-12-09,2015-12-08,600815,9.890000000000001,9.92,9.859999999999999
2015-12-09,2015-12-08,600863,3.595080499871834,3.602811855785537,3.595080499871834
2015-12-09,2015-12-08,601872,4.969841902607067,5.0182270115337,4.956017585770885
2015-12-10,2015-12-09,000006,9.065374752950765,9.08996437705461,9.155536707998195
2015-12-10,2015-12-09,000011,11.32123537558386,11.15783610212182,11.21230252660917
2015-12-10,2015-12-09,000031,13.41573798038803,13.42516576533559,13.41573798038803
2015-12-10,2015-12-09,000039,8.724433749064927,8.692576140174236,8.738087010018079
2015-12-10,2015-12-09,000042,18.49035549583778,18.35574032322118,18.4999708653104
2015-12-10,2015-12-09,000100,3.291082775028974,3.274627361153829,3.307538188904118
2015-12-10,2015-12-09,000338,3.715010511392445,3.692054730683531,3.722662438295416
2015-12-10,2015-12-09,000505,10.05656175812164,10.04671204043494,10.14520921730195
2015-12-10,2015-12-09,000758,7.139595337321107,7.095704382378559,7.144472110092502
2015-12-10,2015-12-09,002041,15.47224967939719,15.45267694102983,15.71690890898918
2015-12-10,2015-12-09,002191,,,
2015-12-10,2015-12-09,002424,25.12083014396773,25.16932595505647,25.07233433287899
2015-12-10,2015-12-09,002493,5.613155140453333,5.591730884192061,5.673143057984896
2015-12-10,2015-12-09,002540,7.194348607708958,7.156040042172702,7.232657173245214
2015-12-10,2015-12-09,002641,6.374570601885584,6.367701452530104,6.367701452530104
2015-12-10,2015-12-09,300134,24.91130947525621,27.40737335535119,27.40737335535119
2015-12-10,2015-12-09,300180,5.76232929259797,5.729296831684988,5.795361753510952
2015-12-10,2015-12-09,300380,74.14437119474678,76.13942054014758,76.97317250538973
2015-12-10,2015-12-09,600010,2.578779611610598,2.571752964167517,2.585806259053679
2015-12-10,2015-12-09,600021,13.03892554628982,13.03026180838531,13.07358049790787
2015-12-10,2015-12-09,600022,2.807983552013869,2.789509976013778,2.789509976013778
2015-12-10,2015-12-09,600050,5.011724538741946,4.995346353974815,5.011724538741946
2015-12-10,2015-12-09,600150,33.86784395960857,33.65416671065205,33.93583217518565
2015-12-10,2015-12-09,600176,6.063475500904165,6.012968690506454,6.023601703221761
2015-12-10,2015-12-09,600221,3.797486936702216,3.768124924305034,3.777912261770761
2015-12-10,2015-12-09,600298,10.51911944772347,10.54907778007725,10.56031215470992
2015-12-10,2015-12-09,600523,13.52802266779243,13.4503498103697,13.4503498103697
2015-12-10,2015-12-09,600640,20.01941709255235,20.10874518071941,20.09881983758974
2015-12-10,2015-12-09,600686,17.43231689443643,17.39362140743435,17.52905561194163
2015-12-10,2015-12-09,600690,,,
2015-12-10,2015-12-09,600737,11.02926565763955,11.02181848298888,11.02926565763955
2015-12-10,2015-12-09,600815,9.75,9.6,9.630000000000001
2015-12-10,2015-12-09,600863,3.571886432130726,3.579617788044428,3.587349143958131
2015-12-10,2015-12-09,601872,4.914544635262343,4.907632476844252,4.921456793680433
2015-12-11,2015-12-10,000006,9.08176783568666,9.065374752950765,9.065374752950765
2015-12-11,2015-12-10,000011,11.08002692428276,11.08002692428276,11.16561701990573
2015-12-11,2015-12-10,000031,13.11404886206588,13.17061557175128,13.00091544269507
2015-12-11,2015-12-10,000039,9.598242450066735,9.702917450707575,9.589140276097966
2015-12-11,2015-12-10,000042,18.08650997798797,18.19227904218673,18.29804810638549
2015-12-11,2015-12-10,000100,3.274627361153829,3.282855068091401,3.282855068091401
2015-12-11,2015-12-10,000338,3.665272986523132,3.646143169265704,3.653795096168676
2015-12-11,2015-12-10,000505,10.24370639416896,10.14520921730195,10.13535949961525
2015-12-11,2015-12-10,000758,6.998168926950675,6.925017335379762,6.944524426465339
2015-12-11,2015-12-10,002041,15.57011337123399,15.56032700205031,15.57011337123399
2015-12-11,2015-12-10,002191,,15.5792557424506,15.5792557424506
2015-12-11,2015-12-10,002424,24.77166030412879,24.67466868195131,24.54857957312058
2015-12-11,2015-12-10,002493,5.570306627930789,5.506033859146972,5.433191387858646
2015-12-11,2015-12-10,002540,7.102408050421943,7.094746337314692,7.194348607708958
2015-12-11,2015-12-10,002641,6.388308900596546,6.333355705752704,6.216580166709542
2015-12-11,2015-12-10,300134,27.40737335535119,29.38054638309426,30.09088867308176
2015-12-11,2015-12-10,300180,5.710945464511109,5.659561636424248,5.641210269250369
2015-12-11,2015-12-10,300380,76.57614776003633,75.47440409168065,77.8168500892657
2015-12-11,2015-12-10,600010,2.529593079509033,2.515539784622872,2.49445984229363
2015-12-11,2015-12-10,600021,12.95228816724471,13.00427059467178,13.0215980704808
2015-12-11,2015-12-10,600022,2.752562824013595,2.74332603601355,2.734089248013504
2015-12-11,2015-12-10,600050,4.962589984440554,4.954400892056989,4.946211799673424
2015-12-11,2015-12-10,600150,33.16853659938723,33.17824920161252,33.73186752845442
2015-12-11,2015-12-10,600176,5.903980310174551,5.888030791101589,5.864106512492147
2015-12-11,2015-12-10,600221,3.748550249373579,3.728975574442125,3.748550249373579
2015-12-11,2015-12-10,600298,10.54158819698881,10.54907778007725,10.48541632382546
2015-12-11,2015-12-10,600523,13.31442230987992,13.31442230987992,13.37267695294696
2015-12-11,2015-12-10,600640,20.63478836659213,20.39658013147995,20.27747601392387
2015-12-11,2015-12-10,600686,17.15177461367136,17.16144848542188,17.08405751141772
2015-12-11,2015-12-10,600690,,,
2015-12-11,2015-12-10,600737,10.76861454486616,10.76116737021549,10.64945975045547
2015-12-11,2015-12-10,600815,9.84,9.789999999999999,10.11
2015-12-11,2015-12-10,600863,3.517766940734805,3.494572872993696,3.494572872993696
2015-12-11,2015-12-10,601872,5.052787803624152,4.983666219443248,4.990578377861338
2015-12-14,2015-12-11,000006,8.901443925591799,8.76210272233668,8.778495805072577
2015-12-14,2015-12-11,000011,10.95553223974026,10.83881847298166,10.82325663741385
2015-12-14,2015-12-11,000031,12.72750967921563,12.74636524911076,12.83121531363886
2015-12-14,2015-12-11,000039,9.229604404331598,9.115827229721987,9.011152229081144
2015-12-14,2015-12-11,000042,18.26920199796765,18.40381717058425,18.39420180111163
2015-12-14,2015-12-11,000100,3.340449016654408,3.389815258279843,3.356904430529553
2015-12-14,2015-12-11,000338,3.672924913426103,3.638491242362734,3.646143169265704
2015-12-14,2015-12-11,000505,9.967914298941333,9.810318815954121,9.731521074460513
2015-12-14,2015-12-11,000758,7.154225655635289,7.056690200207406,7.110334700692742
2015-12-14,2015-12-11,002041,15.6581906938871,15.57989974041767,15.52118152531559
2015-12-14,2015-12-11,002191,15.5792557424506,14.02133016820554,14.02133016820554
2015-12-14,2015-12-11,002424,24.81045695299979,24.62617287086257,24.63587203308032
2015-12-14,2015-12-11,002493,5.240373081507196,5.193239717732396,5.180385163975633
2015-12-14,2015-12-11,002540,7.163701755279953,7.148378329065451,7.133054902850948
2015-12-14,2015-12-11,002641,6.264664212197902,6.271533361553383,6.278402510908863
2015-12-14,2015-12-11,300134,30.15008386391405,30.15008386391405,30.82096269334669
2015-12-14,2015-12-11,300180,5.586156167728733,5.641210269250369,5.641210269250369
2015-12-14,2015-12-11,300380,80.89379186575451,78.5314946309018,76.50666842959949
2015-12-14,2015-12-11,600010,2.550673021838275,2.515539784622872,2.515539784622872
2015-12-14,2015-12-11,600021,12.83965957448606,12.76168593334546,12.77901340915448
2015-12-14,2015-12-11,600022,2.752562824013595,2.715615672013412,2.724852460013458
2015-12-14,2015-12-11,600050,4.946211799673424,4.913455430139163,4.929833614906293
2015-12-14,2015-12-11,600150,33.57646589284968,33.38221384834375,33.31422563276667
2015-12-14,2015-12-11,600176,5.845498740240358,5.89600555063807,5.901322056995723
2015-12-14,2015-12-11,600221,3.728975574442125,3.699613562044942,3.719188236976397
2015-12-14,2015-12-11,600298,10.54907778007725,10.444223616839,10.54158819698881
2015-12-14,2015-12-11,600523,13.3338405242356,13.15260385691589,13.14613111879733
2015-12-14,2015-12-11,600640,20.30725204331289,20.03926777881169,19.94001434751495
2015-12-14,2015-12-11,600686,17.09373138316824,17.03568815266512,17.0743836396672
2015-12-14,2015-12-11,600690,,,
2015-12-14,2015-12-11,600737,10.41859733628476,10.3143368911754,10.47817473349011
2015-12-14,2015-12-11,600815,10.03,9.85,9.76
2015-12-14,2015-12-11,600863,3.463647449338886,3.42499066977037,3.440453381597777
2015-12-14,2015-12-11,601872,5.045875645206062,5.14955802147742,5.108085070968876
2015-12-15,2015-12-14,000006,9.155536707998195,9.221109038941782,9.253895204413574
2015-12-15,2015-12-14,000011,11.15783610212182,11.24342619774479,11.29789262223214
2015-12-15,2015-12-14,000031,14.00026064713719,13.93426615250422,13.85884387292368
2015-12-15,2015-12-14,000039,9.256910926237904,9.275115274175441,9.261462013222289
2015-12-15,2015-12-14,000042,18.7692012105436,18.99035470841374,19.19227746733864
2015-12-15,2015-12-14,000100,3.373359844404698,3.373359844404698,3.381587551342271
2015-12-15,2015-12-14,000338,3.7532701459073,3.7532701459073,3.7532701459073
2015-12-15,2015-12-14,000505,10.02701260506154,10.07626119349504,10.09596062886845
2015-12-15,2015-12-14,000758,7.500476522404278,7.437078476376153,7.437078476376153
2015-12-15,2015-12-14,002041,15.85391807756069,15.85391807756069,15.91263629266277
2015-12-15,2015-12-14,002191,14.02133016820554,12.7875971990057,12.74257044830497
2015-12-15,2015-12-14,002424,25.35361003719368,25.87736479695208,25.93555977025857
2015-12-15,2015-12-14,002493,5.544597520417262,5.52317326415599,5.540312669165008
2015-12-15,2015-12-14,002540,7.355244582961235,7.31693601742498,7.339921156746732
2015-12-15,2015-12-14,002641,6.463869543506827,6.457000394151347,6.484476991573267
2015-12-15,2015-12-14,300134,28.98591177754564,30.07115694280433,29.88370550516873
2015-12-15,2015-12-14,300180,5.729296831684988,5.773340112902297,5.758659019163194
2015-12-15,2015-12-14,300380,76.89376755631905,76.42726348052881,77.56870962341982
2015-12-15,2015-12-14,600010,2.627966143712162,2.60688620138292,2.59985955393984
2015-12-15,2015-12-14,600021,13.3248288971387,13.2468552559981,13.22086404228456
2015-12-15,2015-12-14,600022,2.798746764013823,2.780273188013731,2.789509976013778
2015-12-15,2015-12-14,600050,5.093615462577599,5.069048185426904,5.077237277810469
2015-12-15,2015-12-14,600150,34.77111596656113,34.64485213763228,34.44088749090106
2015-12-15,2015-12-14,600176,6.244236717064394,6.217654185276126,6.191071653487856
2015-12-15,2015-12-14,600221,3.797486936702216,3.787699599236489,3.797486936702216
2015-12-15,2015-12-14,600298,10.87112985288046,10.93479130913226,10.94977047530915
2015-12-15,2015-12-14,600523,13.7157320732307,13.78693219253487,13.91638695490609
2015-12-15,2015-12-14,600640,20.73404179788887,20.6447137097218,20.75389248414822
2015-12-15,2015-12-14,600686,17.50003399669006,17.44199076618695,17.50970786844059
2015-12-15,2015-12-14,600690,,,
2015-12-15,2015-12-14,600737,11.4612017873783,11.44630743807697,11.30481111971427
2015-12-15,2015-12-14,600815,10.08,10.18,10.12
2015-12-15,2015-12-14,600863,3.571886432130726,3.548692364389617,3.556423720303319
2015-12-15,2015-12-14,601872,5.14264586305933,5.087348595714605,5.0182270115337
2015-12-16,2015-12-15,000096,15.18088301237433,15.45474139503893,15.39996971850601
2015-12-16,2015-12-15,000425,3.780558431687213,3.78928951351559,3.798020595343967
2015-12-16,2015-12-15,000528,6.934440353785355,6.968600158483806,6.951520256134581
2015-12-16,2015-12-15,000797,6.386055236771532,6.374584998357933,6.340174283117133
2015-12-16,2015-12-15,000816,8.26,8.279999999999999,8.25
2015-12-16,2015-12-15,002022,26.73181533438927,26.7878568759708,26.56369070964468
2015-12-16,2015-12-15,002041,15.89306355429541,15.92242266184645,15.96156813858117
2015-12-16,2015-12-15,002223,24.46740079294877,24.51660622440769,24.38744196682802
2015-12-16,2015-12-15,002339,18.94693587228829,19.28729998975455,19.15871798982285
2015-12-16,2015-12-15,002422,14.94289172127547,15.05190271587512,14.98481902689072
2015-12-16,2015-12-15,002424,25.69308071481487,25.85796647251659,25.61548741707288
2015-12-16,2015-12-15,002493,5.570306627930789,5.626009694210097,5.613155140453333
2015-12-16,2015-12-15,002508,18.88634883405315,19.04636275390309,18.98988725277958
2015-12-16,2015-12-15,002594,19.8020388784507,19.92548509268656,19.81786531617324
2015-12-16,2015-12-15,002644,15.33870534793372,15.43505399961672,15.43505399961672
2015-12-16,2015-12-15,300180,5.729296831684988,5.758659019163194,5.747648198858867
2015-12-16,2015-12-15,300193,11.83645434851623,11.90923808009819,11.8910421472027
2015-12-16,2015-12-15,300225,7.970222129341491,7.960454700261415,7.931152413021189
2015-12-16,2015-12-15,300380,77.41982534391229,76.30815605692278,73.74734644939338
2015-12-16,2015-12-15,600021,13.08224423581238,13.16021787695298,13.11689918743043
2015-12-16,2015-12-15,600060,14.867886245641,14.86019065234616,14.867886245641
2015-12-16,2015-12-15,600170,3.934328466087027,3.945196776766825,3.934328466087027
2015-12-16,2015-12-15,600201,16.760991874887,16.86485166520055,16.77582898778893
2015-12-16,2015-12-15,600221,3.768124924305034,3.758337586839307,3.758337586839307
2015-12-16,2015-12-15,600310,7.67976545614649,7.758613150768117,7.703419764532978
2015-12-16,2015-12-15,600518,10.48832361215926,10.45790504019825,10.43357018262943
2015-12-16,2015-12-15,600582,5.885381192560966,5.940532020335969,6.011440227475257
2015-12-16,2015-12-15,600594,17.71490422931314,17.81381993820778,17.66994254345194
2015-12-16,2015-12-15,600688,5.528788501617664,5.68675388737817,5.68675388737817
2015-12-16,2015-12-15,600690,,,
2015-12-16,2015-12-15,600795,3.460486325657108,3.460486325657108,3.460486325657108
2015-12-16,2015-12-15,600808,2.41727029884261,2.42494417280719,2.41727029884261
2015-12-16,2015-12-15,600820,8.685653132798652,8.717497873890489,8.685653132798652
2015-12-16,2015-12-15,600887,10.74615570946086,10.72459151740174,10.72459151740174
2015-12-17,2015-12-16,000096,15.65557087565964,15.55515613534929,15.70121393943707
2015-12-17,2015-12-16,000425,3.754365186202082,3.780558431687213,3.78928951351559
2015-12-17,2015-12-16,000528,6.934440353785355,6.977140109658418,7.019839865531481
2015-12-17,2015-12-16,000797,6.334439163910334,6.380320117564732,6.437671309632729
2015-12-17,2015-12-16,000816,8.199999999999999,8.27,8.34
2015-12-17,2015-12-16,002022,26.37688557103958,26.47962839727239,26.74115559131952
2015-12-17,2015-12-16,002041,15.82455897000966,15.90284992347909,15.95178176939749
2015-12-17,2015-12-16,002223,24.25827770924835,24.44894875615168,24.52890758227242
2015-12-17,2015-12-16,002339,18.84860846057582,19.16628163687766,19.60497316605639
2015-12-17,2015-12-16,002422,15.01836087138292,15.07705909924427,15.17768463272087
2015-12-17,2015-12-16,002424,25.85796647251659,25.90646228360533,25.92586060804082
2015-12-17,2015-12-16,002493,5.690282462993913,5.71599157050744,5.835967405570565
2015-12-17,2015-12-16,002508,19.11225083854718,19.0981319632663,19.1028382550266
2015-12-17,2015-12-16,002594,19.90965865496402,19.98879084357675,20.09957590763458
2015-12-17,2015-12-16,002644,16.24438267375393,16.42744511195163,16.34073132543693
2015-12-17,2015-12-16,300180,5.806372573815279,5.846745581597813,5.916480776858553
2015-12-17,2015-12-16,300193,11.91833604654594,12.09119740905309,12.22766690576927
2015-12-17,2015-12-16,300225,8.175338140023072,8.175338140023072,8.292547288983977
2015-12-17,2015-12-16,300380,74.26347861835279,74.44213975376182,74.77961078731221
2015-12-17,2015-12-16,600021,13.03026180838531,13.1688816148575,13.42013001408833
2015-12-17,2015-12-16,600060,14.90636421211523,14.97562455176883,14.92945099199976
2015-12-17,2015-12-16,600170,3.945196776766825,3.961499242786523,3.966933398126422
2015-12-17,2015-12-16,600201,16.74615476198506,16.89947159530507,16.83023173509603
2015-12-17,2015-12-16,600221,3.748550249373579,3.777912261770761,3.797486936702216
2015-12-17,2015-12-16,600310,7.640341608835676,7.695534995070815,7.774382689692442
2015-12-17,2015-12-16,600518,10.26322617964773,10.29972846600095,10.34231446674638
2015-12-17,2015-12-16,600582,5.877502502878823,5.893259882243109,5.877502502878823
2015-12-17,2015-12-16,600594,17.92172798427466,18.07459771620275,18.19149809944187
2015-12-17,2015-12-16,600688,6.081667351779431,5.976357094605761,5.967581239841289
2015-12-17,2015-12-16,600690,,,
2015-12-17,2015-12-16,600795,3.443096947136218,3.460486325657108,3.469181014917553
2015-12-17,2015-12-16,600808,2.43261804677177,2.44029192073635,2.494009038488408
2015-12-17,2015-12-16,600820,8.645847206433855,8.72545905916345,8.757303800255286
2015-12-17,2015-12-16,600887,10.66708700524409,10.71021538936233,10.73896764544116
2015-12-18,2015-12-17,000096,15.82901451801389,15.92030064556876,16.17590180272238
2015-12-18,2015-12-17,000425,3.815482759000721,3.806751677172344,3.824213840829098
2015-12-18,2015-12-17,000528,7.105239377277606,7.12231927962683,7.105239377277606
2015-12-18,2015-12-17,000797,6.644135601077521,6.618327564646922,6.684281435525119
2015-12-18,2015-12-17,000816,8.49,8.529999999999999,8.51
2015-12-18,2015-12-17,002022,27.4696956318794,27.34827229178608,27.39497357643735
2015-12-18,2015-12-17,002041,16.24537284490787,16.24537284490787,16.41174112103042
2015-12-18,2015-12-17,002223,24.84874288675541,24.84874288675541,25.11937275977948
2015-12-18,2015-12-17,002339,19.99828281290629,19.83188257770056,19.77893704831692
2015-12-18,2015-12-17,002422,15.38732116079713,15.52148853876593,15.42924846641238
2015-12-18,2015-12-17,002424,26.0422505546538,26.52720866554121,26.35262374562175
2015-12-18,2015-12-17,002493,5.698852165498423,5.758840083029985,5.750270380525476
2015-12-18,2015-12-17,002508,19.38992205240443,19.22049554903391,19.21108296551332
2015-12-18,2015-12-17,002594,20.19453453396986,20.13755935816869,20.05526188201145
2015-12-18,2015-12-17,002644,16.49488916812973,16.37927078611013,16.28292213442712
2015-12-18,2015-12-17,300180,5.942172690901984,5.967864604945414,5.927491597162879
2015-12-18,2015-12-17,300193,12.67346726170877,12.75534895973848,12.69166319460426
2015-12-18,2015-12-17,300225,8.546500445065936,8.566035303226087,8.478128441505408
2015-12-18,2015-12-17,300380,77.82677570789953,77.34042039484162,76.38756100599346
2015-12-18,2015-12-17,600021,13.29883768342517,13.38547506247028,13.30750142132968
2015-12-18,2015-12-17,600060,15.07566726460182,14.99871133165337,15.4296645561647
2015-12-18,2015-12-17,600170,3.999538330165818,3.988670019486019,3.999538330165818
2015-12-18,2015-12-17,600201,16.81539462219409,16.87474307380184,16.90441729960571
2015-12-18,2015-12-17,600221,3.826848949099399,3.885572973893763,4.0421703733454
2015-12-18,2015-12-17,600310,7.837460845389744,7.821691306465419,7.805921767541093
2015-12-18,2015-12-17,600518,10.40923532506062,10.34231446674638,10.34839818113858
2015-12-18,2015-12-17,600582,6.04295498620383,5.987804158428827,5.972046779064542
2015-12-18,2015-12-17,600594,18.16452108792515,18.13754407640843,18.13754407640843
2015-12-18,2015-12-17,600688,6.029012223192597,5.976357094605761,6.029012223192597
2015-12-18,2015-12-17,600690,,,
2015-12-18,2015-12-17,600795,3.495265082698888,3.477875704177998,3.495265082698888
2015-12-18,2015-12-17,600808,2.517030660382147,2.509356786417567,2.501682912452987
2015-12-18,2015-12-17,600820,8.757303800255286,8.757303800255286,8.781187356074163
2015-12-18,2015-12-17,600887,10.85397666975646,10.83241247769734,10.83960054171704
2015-12-21,2015-12-18,000096,15.6829567139261,15.60992781188221,15.58254197361575
2015-12-21,2015-12-18,000425,3.798020595343967,3.771827349858836,3.798020595343967
2015-12-21,2015-12-18,000528,7.036919767880706,7.045459719055318,7.045459719055318
2015-12-21,2015-12-18,000797,6.698619233542119,6.66134095869792,6.609724885836723
2015-12-21,2015-12-18,000816,8.67,8.67,8.59
2015-12-21,2015-12-18,002022,28.46910312341666,29.04819905309246,28.67458877588227
2015-12-21,2015-12-18,002041,16.52917755123458,16.69554582735712,16.84234136511232
2015-12-21,2015-12-18,002223,24.95330442860562,24.75033202383757,24.9040989971467
2015-12-21,2015-12-18,002339,19.63522775427561,19.73355516598809,19.65791869544003
2015-12-21,2015-12-18,002422,15.24476832170527,15.31185201068968,15.38732116079713
2015-12-21,2015-12-18,002424,25.96465725691182,25.75127568812136,25.70277987703262
2015-12-21,2015-12-18,002493,5.643149099219115,5.720276421759695,5.810258298057039
2015-12-21,2015-12-18,002508,19.33815284304121,19.24873329959566,19.24402700783537
2015-12-21,2015-12-18,002594,20.19136924642535,20.24517913468201,20.40027822436297
2015-12-21,2015-12-18,002644,16.12876429173432,16.10949456139772,16.34073132543693
2015-12-21,2015-12-18,300180,5.872437495641243,5.854086128467364,5.872437495641243
2015-12-21,2015-12-18,300193,12.47331199985838,12.51880183209711,12.39143030182868
2015-12-21,2015-12-18,300225,8.624639877706539,8.673477023106917,8.663709594026841
2015-12-21,2015-12-18,300380,74.97812315998891,73.90615634753473,73.44957789037834
2015-12-21,2015-12-18,600021,13.33349263504321,13.29017394552066,13.34215637294773
2015-12-21,2015-12-18,600060,15.85292218738119,16.06839879963686,16.46856965096881
2015-12-21,2015-12-18,600170,3.961499242786523,3.956065087446624,3.972367553466321
2015-12-21,2015-12-18,600201,16.69175201467796,16.75604617058635,16.73626335338377
2015-12-21,2015-12-18,600221,3.924722323756672,3.89536031135949,3.924722323756672
2015-12-21,2015-12-18,600310,7.782267459154605,7.76649792023028,7.790152228616769
2015-12-21,2015-12-18,600518,10.29972846600095,10.33014703796197,10.40923532506062
2015-12-21,2015-12-18,600582,5.877502502878823,5.830230364785963,5.814472985421677
2015-12-21,2015-12-18,600594,18.84793871301541,19.06375480514917,19.23460921142173
2015-12-21,2015-12-18,600688,6.011460513663651,5.976357094605761,5.941253675547872
2015-12-21,2015-12-18,600690,,,
2015-12-21,2015-12-18,600795,3.486570393438443,3.486570393438443,3.486570393438443
2015-12-21,2015-12-18,600808,2.478661290559248,2.486335164523828,2.494009038488408
2015-12-21,2015-12-18,600820,8.701575503344571,8.781187356074163,8.773226170801205
2015-12-21,2015-12-18,600887,11.5871591997665,12.32034172977654,12.7444375069392
2015-12-22,2015-12-21,000096,15.66469948841513,15.63731365014866,15.61905642463769
2015-12-22,2015-12-21,000425,3.850407086314229,3.841676004485852,3.867869249970982
2015-12-22,2015-12-21,000528,7.216258742547567,7.233338644896794,7.258958498420631
2015-12-22,2015-12-21,000797,6.66707607790472,6.753102866006716,6.744500187196516
2015-12-22,2015-12-21,000816,8.75,8.74,8.720000000000001
2015-12-22,2015-12-21,002022,28.29163824174182,28.37570055411411,28.46910312341666
2015-12-22,2015-12-21,002041,16.84234136511232,16.76405041164288,16.61725487388769
2015-12-22,2015-12-21,002223,25.05786597045583,25.03326325472637,24.91024967607907
2015-12-22,2015-12-21,002339,19.67304598954964,19.76380975420731,19.69573693071406
2015-12-22,2015-12-21,002422,15.59695768887338,16.00784528390284,16.10847081737944
2015-12-22,2015-12-21,002424,26.62420028771869,26.76968772098492,26.46901369223472
2015-12-22,2015-12-21,002493,6.054494819435543,5.994506901903979,5.964512943138199
2015-12-22,2015-12-21,002508,19.76642539322782,19.71936247562489,20.56649499247752
2015-12-22,2015-12-21,002594,19.94764210549813,19.903328079875,19.85584876670736
2015-12-22,2015-12-21,002644,16.26365240409053,16.35036619060523,16.29255699959543
2015-12-22,2015-12-21,300180,5.901799683119449,5.934832144032432,5.898129409684674
2015-12-22,2015-12-21,300193,12.52789979854485,12.60978149657456,12.62797742947005
2015-12-22,2015-12-21,300225,8.79068617206782,8.800453601147895,8.819988459308046
2015-12-22,2015-12-21,300380,74.33295794878964,75.61336275255435,76.63570147183933
2015-12-22,2015-12-21,600021,13.50676739313344,13.51543113103796,13.48077617941991
2015-12-22,2015-12-21,600060,16.53782999062242,16.29157100518737,16.28387541189252
2015-12-22,2015-12-21,600170,4.004972485505716,4.015840796185515,4.021274951525414
2015-12-22,2015-12-21,600201,17.58692449309477,17.40887913827154,17.38415061676831
2015-12-22,2015-12-21,600221,3.963871673619581,3.954084336153854,3.944296998688127
2015-12-22,2015-12-21,600310,7.868999923238396,7.845345614851906,7.829576075927581
2015-12-22,2015-12-21,600518,10.64041647196436,10.67083504392538,10.67691875831758
2015-12-22,2015-12-21,600582,5.84598774415025,5.86962381319668,5.84598774415025
2015-12-22,2015-12-21,600594,19.39647128052205,19.3605019318331,19.24360154859397
2015-12-22,2015-12-21,600688,5.976357094605761,5.941253675547872,5.993908804134707
2015-12-22,2015-12-21,600690,,,
2015-12-22,2015-12-21,600795,3.538738529001114,3.530043839740668,3.521349150480223
2015-12-22,2015-12-21,600808,2.532378408311306,2.540052282275886,2.563073904169625
2015-12-22,2015-12-21,600820,8.892643949895595,8.876721579349677,8.805070911893043
2015-12-22,2015-12-21,600887,12.7444375069392,13.80108291783603,13.34823488459453
2015-12-23,2015-12-22,000025,62.31185374172001,61.21179610499301,60.9485921305614
2015-12-23,2015-12-22,000338,3.860397122548894,3.845093268742952,3.860397122548894
2015-12-23,2015-12-22,000554,11.4758782063325,11.40865548880587,11.54310092385914
2015-12-23,2015-12-22,000717,5.023104102237616,4.98505028328127,4.994563738020356
2015-12-23,2015-12-22,000948,20.68434672117127,20.53391510865366,20.39852665738781
2015-12-23,2015-12-22,002100,9.547784505383163,9.448516424514342,9.457540795502416
2015-12-23,2015-12-22,002128,8.035766782551509,8.044315470618052,8.121253663216949
2015-12-23,2015-12-22,002318,11.56618818861384,11.70629006438439,11.81525818998372
2015-12-23,2015-12-22,002339,19.52177304845353,19.62766410722081,19.60497316605639
2015-12-23,2015-12-22,002380,38.68781476127322,38.36816080856366,38.35847432514822
2015-12-23,2015-12-22,002424,26.21683547457327,26.19743715013777,26.27503044787976
2015-12-23,2015-12-22,002493,6.084488778201323,6.234458572030229,6.337295002084335
2015-12-23,2015-12-22,002641,6.958448297101399,6.930971699679477,6.951579147745917
2015-12-23,2015-12-22,002644,16.15766888723923,16.31182672993203,17.13079026923754
2015-12-23,2015-12-22,300045,24.29185412677046,23.953361077463,23.89362700993816
2015-12-23,2015-12-22,300193,12.69166319460426,12.66436929526103,12.73715302684299
2015-12-23,2015-12-22,300337,9.392298726868209,9.342498627574104,9.312618567997641
2015-12-23,2015-12-22,600022,2.97424573601469,2.946535372014553,2.955772160014599
2015-12-23,2015-12-22,600170,4.010406640845615,4.032143262205213,4.075616504924406
2015-12-23,2015-12-22,600201,17.30007364365733,17.40393343397089,17.38415061676831
2015-12-23,2015-12-22,600251,10.61627681913862,10.54520550988915,10.52743768257679
2015-12-23,2015-12-22,600310,7.829576075927581,7.821691306465419,7.845345614851906
2015-12-23,2015-12-22,600352,11.70557997307307,11.65049489084684,11.65049489084684
2015-12-23,2015-12-22,600491,9.51500360007145,9.573318228876792,9.534441809673231
2015-12-23,2015-12-22,600684,8.22278884021469,8.21464746512537,8.21464746512537
2015-12-23,2015-12-22,600690,,,
2015-12-23,2015-12-22,600730,18.77652484490283,18.70831743757833,18.75703701423869
2015-12-23,2015-12-22,600787,9.503193537356967,9.47662356474553,9.47662356474553
2015-12-23,2015-12-22,600808,2.555400030205046,2.540052282275886,2.540052282275886
2015-12-23,2015-12-22,600895,27.94721512426359,29.48687806099264,30.23338130304308
2015-12-23,2015-12-22,601318,27.63729349165846,27.68219567442314,27.90670658824653
2015-12-23,2015-12-22,601390,8.699393423429351,8.684009880682348,8.722468737549853
2015-12-23,2015-12-22,601607,16.38617062101921,16.51752269012557,16.70634128946598
2015-12-23,2015-12-22,601669,6.817188291443082,6.800820492424012,6.800820492424012
2015-12-23,2015-12-22,601898,4.969475395005909,4.961722703282032,5.031496928796935
2015-12-24,2015-12-23,000025,60.77312281427366,60.33444952355431,59.60557697897445
2015-12-24,2015-12-23,000338,3.780051890067698,3.787703816970669,3.780051890067698
2015-12-24,2015-12-23,000554,11.24540031766976,11.4758782063325,11.39905224344492
2015-12-24,2015-12-23,000717,4.85186191693406,4.870888826412233,4.823321552716801
2015-12-24,2015-12-23,000948,19.84192969107265,19.93218865858322,19.9021023360797
2015-12-24,2015-12-23,002100,9.268029004752844,9.331199601669367,9.322175230681292
2015-12-24,2015-12-23,002128,7.898987773486802,7.907536461553346,7.839146957020993
2015-12-24,2015-12-23,002318,12.00984412855394,12.3367485053519,12.45350006849404
2015-12-24,2015-12-23,002339,18.83348116646621,18.77297199002776,18.37209869612306
2015-12-24,2015-12-23,002380,36.51804247621434,37.00236664698642,36.26619390741286
2015-12-24,2015-12-23,002424,26.12954301461354,25.90646228360533,25.39240668606467
2015-12-24,2015-12-23,002493,6.281591935805028,6.388713217111389,6.581531523462839
2015-12-24,2015-12-23,002641,6.759242965792474,6.759242965792474,6.752373816436994
2015-12-24,2015-12-23,002644,16.52379376363463,16.52379376363463,16.19620834791242
2015-12-24,2015-12-23,300045,22.99761599706548,23.03743870874871,22.78854676072852
2015-12-24,2015-12-23,300193,12.91911235579789,12.81903472487269,12.51880183209711
2015-12-24,2015-12-23,300337,9.093498131103578,9.063618071527115,9.163218270115324
2015-12-24,2015-12-23,600022,2.881877856014234,2.891114644014279,2.863404280014143
2015-12-24,2015-12-23,600170,4.043011572885011,4.043011572885011,4.004972485505716
2015-12-24,2015-12-23,600201,18.1358976704664,18.22492034787801,18.49198838011286
2015-12-24,2015-12-23,600251,10.29645592751603,10.61627681913862,10.58074116451389
2015-12-24,2015-12-23,600310,7.719189303457303,7.76649792023028,7.656111147760003
2015-12-24,2015-12-23,600352,11.49442049120587,11.51278218528128,11.43933540897964
2015-12-24,2015-12-23,600491,9.378936132858989,9.39837434246077,9.291464189650977
2015-12-24,2015-12-23,600684,8.475171467983657,8.410040467269086,8.296061216018584
2015-12-24,2015-12-23,600690,,,
2015-12-24,2015-12-23,600730,18.07496294099364,17.93854812634464,17.6364867510504
2015-12-24,2015-12-23,600787,9.228637153705462,9.246350468779751,9.219780496168315
2015-12-24,2015-12-23,600808,2.486335164523828,2.494009038488408,2.478661290559248
2015-12-24,2015-12-23,600895,29.18827676417246,29.12295773049305,28.74970610946782
2015-12-24,2015-12-23,601318,27.67471197729569,27.84683701122696,27.98902725664843
2015-12-24,2015-12-23,601390,8.637859252441345,8.630167481067843,8.576325081453339
2015-12-24,2015-12-23,601607,16.48468467284898,16.47647516852983,16.29586607350858
2015-12-24,2015-12-23,601669,6.817188291443082,6.800820492424012,6.743533195857263
2015-12-24,2015-12-23,601898,4.891948477767127,4.938464628110396,4.915206552938762
2015-12-25,2015-12-24,000025,58.96443909253848,61.44125598013852,63.88432876845246
2015-12-25,2015-12-24,000338,3.806833634228097,3.833615378388495,3.814485561131068
2015-12-25,2015-12-24,000554,11.15897110942123,11.32222628055734,11.42786197952776
2015-12-25,2015-12-24,000717,4.842348462194973,4.813808097977714,4.832835007455888
2015-12-25,2015-12-24,000948,19.75167072356209,19.81936494919502,19.64636859479976
2015-12-25,2015-12-24,002100,9.376321456609743,9.403394569573965,9.358272714633591
2015-12-25,2015-12-24,002128,7.651075819557021,7.642527131490477,7.642527131490477
2015-12-25,2015-12-24,002318,12.19664662958135,11.93200975312585,11.93200975312585
2015-12-25,2015-12-24,002339,18.31158951968461,18.34184410790384,18.37966234317787
2015-12-25,2015-12-24,002380,36.80863697867758,36.9539342299092,36.71177214452317
2015-12-25,2015-12-24,002424,25.42150417271792,25.45060165937116,25.42150417271792
2015-12-25,2015-12-24,002493,6.405852622120407,6.555822415949313,6.581531523462839
2015-12-25,2015-12-24,002641,6.724897219015072,6.779850413858914,6.752373816436994
2015-12-25,2015-12-24,002644,16.13839915690263,16.19620834791242,16.15766888723923
2015-12-25,2015-12-24,300045,22.74872404904529,23.10712845419436,23.09717277627355
2015-12-25,2015-12-24,300193,12.73715302684299,12.79174082552946,12.75534895973848
2015-12-25,2015-12-24,300337,9.1034581509624,9.133338210538861,9.073578091385935
2015-12-25,2015-12-24,600022,2.844930704014051,2.863404280014143,2.854167492014096
2015-12-25,2015-12-24,600170,3.972367553466321,3.972367553466321,3.972367553466321
2015-12-25,2015-12-24,600201,18.51177119731544,18.63046810053093,18.32383443389092
2015-12-25,2015-12-24,600251,10.80283900591846,10.69623204204426,10.64292856010717
2015-12-25,2015-12-24,600310,7.585148222600536,7.522070066903235,7.569378683676211
2015-12-25,2015-12-24,600352,11.20981423303703,11.27408016230096,11.25571846822555
2015-12-25,2015-12-24,600491,9.165115827239406,9.097082093633174,9.174834932040294
2015-12-25,2015-12-24,600684,8.263495715661298,8.312343966197227,8.230930215304012
2015-12-25,2015-12-24,600690,,,
2015-12-25,2015-12-24,600730,17.94829204167671,17.91906029568049,17.69495024304283
2015-12-25,2015-12-24,600787,9.140070578334008,9.148927235871152,9.175497208482588
2015-12-25,2015-12-24,600808,2.463313542630089,2.470987416594669,2.447965794700929
2015-12-25,2015-12-24,600895,29.42155902731322,30.2987003367225,30.18672485041493
2015-12-25,2015-12-24,601318,27.62980979453102,27.74206525144271,27.68967937155059
2015-12-25,2015-12-24,601390,8.514790910465333,8.514790910465333,8.507099139091832
2015-12-25,2015-12-24,601607,16.17272350872136,16.27944706487028,16.22198053463625
2015-12-25,2015-12-24,601669,6.612590803704695,6.645326401742835,6.628958602723765
2015-12-25,2015-12-24,601898,4.806668868804468,4.822174252252224,4.814421560528346
2015-12-28,2015-12-25,000025,62.15663088500393,60.61789995755757,60.19947312640988
2015-12-28,2015-12-25,000338,3.806833634228097,3.814485561131068,3.810659597679583
2015-12-28,2015-12-25,000554,11.54310092385914,11.48548145169345,11.40865548880587
2015-12-28,2015-12-25,000717,4.899429190629492,4.870888826412233,4.85186191693406
2015-12-28,2015-12-25,000948,19.66893333667741,19.87953759420206,19.78927862669149
2015-12-28,2015-12-25,002100,9.286077746728992,9.340223972657443,9.268029004752844
2015-12-28,2015-12-25,002128,7.66817319569011,7.659624507623566,7.625429755357389
2015-12-28,2015-12-25,002318,12.10324537906764,12.28226444255224,12.49241725620808
2015-12-28,2015-12-25,002339,18.49311704899995,18.59900810776723,18.53849893132879
2015-12-28,2015-12-25,002380,37.31233411628054,38.34878784173278,37.97101498853056
2015-12-28,2015-12-25,002424,25.36330919941143,25.47969914602441,25.36330919941143
2015-12-28,2015-12-25,002493,6.890040813625159,6.894325664877415,6.722931614787236
2015-12-28,2015-12-25,002641,6.972186595812359,7.102700433566482,7.0614855374336
2015-12-28,2015-12-25,002644,16.15766888723923,16.19620834791242,16.07095510072453
2015-12-28,2015-12-25,300045,22.87814786201579,22.99761599706548,22.78854676072852
2015-12-28,2015-12-25,300193,12.77354489263397,12.78264285908171,12.7189570939475
2015-12-28,2015-12-25,300337,9.1034581509624,9.133338210538861,9.173178289974146
2015-12-28,2015-12-25,600022,2.863404280014143,2.863404280014143,2.844930704014051
2015-12-28,2015-12-25,600170,3.972367553466321,3.977801708806221,3.972367553466321
2015-12-28,2015-12-25,600201,18.65025091773351,18.99150451447804,18.76400211664835
2015-12-28,2015-12-25,600251,10.74065161032518,10.75841943763754,10.61627681913862
2015-12-28,2015-12-25,600310,7.553609144751887,7.585148222600536,7.529954836365399
2015-12-28,2015-12-25,600352,11.31998439748948,11.39343117379112,11.31080355045178
2015-12-28,2015-12-25,600491,9.223430456044747,9.330340608854538,9.272025980049197
2015-12-28,2015-12-25,600684,8.32862671637587,8.320485341286549,8.190223339857406
2015-12-28,2015-12-25,600690,,,
2015-12-28,2015-12-25,600730,18.00675553366914,17.73392590437112,17.71443807370698
2015-12-28,2015-12-25,600787,9.246350468779751,9.352630359225497,9.246350468779751
2015-12-28,2015-12-25,600808,2.463313542630089,2.470987416594669,2.44029192073635
2015-12-28,2015-12-25,600895,30.31736291777376,31.28781713243934,30.88657163983722
2015-12-28,2015-12-25,601318,27.61484240027613,27.65226088591336,27.50258694336443
2015-12-28,2015-12-25,601390,8.553249767332836,8.568633310079838,8.530174453212334
2015-12-28,2015-12-25,601607,16.30407557782773,16.37796111670006,16.20556152599795
2015-12-28,2015-12-25,601669,6.686245899290514,6.694429798800049,6.653510301252372
2015-12-28,2015-12-25,601898,4.814421560528346,4.791163485356711,4.767905410185077
2015-12-29,2015-12-28,000025,60.13198492783767,61.1443079064208,60.19947312640988
2015-12-29,2015-12-28,000338,3.715010511392445,3.726488401746901,3.730314365198387
2015-12-29,2015-12-28,000554,11.55270416922008,11.52389443313724,11.52389443313724
2015-12-29,2015-12-28,000717,4.880402281151319,4.880402281151319,4.870888826412233
2015-12-29,2015-12-28,000948,19.10481478973637,19.15746585411753,19.24020324100222
2015-12-29,2015-12-28,002100,9.006322246098675,9.060468472027122,9.033395359062899
2015-12-29,2015-12-28,002128,7.249287480429446,7.249287480429446,7.266384856562534
2015-12-29,2015-12-28,002318,12.09546194152483,12.18886319203854,12.19664662958135
2015-12-29,2015-12-28,002339,18.17544387269811,18.1603165785885,18.17544387269811
2015-12-29,2015-12-28,002380,37.14766389821803,37.66104751923643,37.59324213532835
2015-12-29,2015-12-28,002424,25.02383852179025,25.07233433287899,25.11113098174998
2015-12-29,2015-12-28,002493,6.748640722300763,6.705792209778219,6.787204383571053
2015-12-29,2015-12-28,002641,6.903495102257557,6.772981264503434,6.793588712569875
2015-12-29,2015-12-28,002644,15.60848157264612,15.56030724680462,15.54103751646802
2015-12-29,2015-12-28,300045,22.93788192954063,23.2863306567689,23.32615336845213
2015-12-29,2015-12-28,300193,12.10939334194858,12.10939334194858,12.03660961036662
2015-12-29,2015-12-28,300337,9.01381797223301,9.003857952374188,9.053658051668293
2015-12-29,2015-12-28,600022,2.798746764013823,2.798746764013823,2.798746764013823
2015-12-29,2015-12-28,600170,3.858250291328438,3.874552757348135,3.874552757348135
2015-12-29,2015-12-28,600201,17.96279801994381,18.0270921758522,18.03698358445349
2015-12-29,2015-12-28,600251,10.2076167909542,10.2076167909542,10.24315244557893
2015-12-29,2015-12-28,600310,7.380144216584307,7.380144216584307,7.435337602819446
2015-12-29,2015-12-28,600352,10.82421865745345,10.89766543375508,10.83339950449115
2015-12-29,2015-12-28,600491,8.970733731221603,8.951295521619823,8.980452836022494
2015-12-29,2015-12-28,600684,7.945982087177761,7.970406212445725,7.913416586820476
2015-12-29,2015-12-28,600690,,,
2015-12-29,2015-12-28,600730,17.43186452907689,17.26621796843166,17.11031532311851
2015-12-29,2015-12-28,600787,8.971794085128247,8.989507400202537,8.980650742665391
2015-12-29,2015-12-28,600808,2.386574802984291,2.386574802984291,2.394248676948871
2015-12-29,2015-12-28,600895,28.35779190739134,27.78858318532787,27.76058931375098
2015-12-29,2015-12-28,601318,26.7167987449826,26.79163571625705,26.85150529327663
2015-12-29,2015-12-28,601390,8.314804854754314,8.345571940248316,8.337880168874815
2015-12-29,2015-12-28,601607,15.86076234459374,15.88539085755119,15.86897184891289
2015-12-29,2015-12-28,601669,6.47346451204259,6.506200110080733,6.498016210571198
2015-12-29,2015-12-28,601898,4.682625801222417,4.698131184670173,4.698131184670173
2015-12-30,2015-12-29,000031,13.5382991847064,13.52887139975883,13.58543810944423
2015-12-30,2015-12-29,000151,23.65283766971568,23.55649209875961,23.58539577004643
2015-12-30,2015-12-29,000155,9.736406829132564,9.590942583677398,9.600640200041076
2015-12-30,2015-12-29,000338,3.749444182455814,3.749444182455814,3.764748036261756
2015-12-30,2015-12-29,000565,13.70461240137127,13.73416943746338,13.70461240137127
2015-12-30,2015-12-29,000651,17.64189542469693,17.60370950386426,17.64953260886347
2015-12-30,2015-12-29,000717,4.842348462194973,4.842348462194973,4.861375371673146
2015-12-30,2015-12-29,000767,5.77,,
2015-12-30,2015-12-29,000821,15.10811092895538,15.19640508373499,15.50052939464253
2015-12-30,2015-12-29,002024,13.375409635461,13.375409635461,13.375409635461
2015-12-30,2015-12-29,002096,24.78893898979679,24.86371708629693,24.9571897069221
2015-12-30,2015-12-29,002424,25.32451255054044,25.32451255054044,25.21782176614521
2015-12-30,2015-12-29,002644,15.82044860634872,15.88789266252682,15.83971833668532
2015-12-30,2015-12-29,002666,11.63197141619046,11.41250025739441,11.57929833807941
2015-12-30,2015-12-29,300229,20.38676975991634,20.62946939991535,20.93776353721139
2015-12-30,2015-12-29,300337,9.222978389268251,9.193098329691788,9.193098329691788
2015-12-30,2015-12-29,300378,44.33274585688159,44.46547862890819,44.52447097203112
2015-12-30,2015-12-29,300386,24.52028297394632,24.53012850013542,24.85995362747017
2015-12-30,2015-12-29,600021,12.96961564305373,12.95228816724471,12.96095190514922
2015-12-30,2015-12-29,600029,8.595586734878173,8.527212749487097,8.556515886083272
2015-12-30,2015-12-29,600050,5.085426370194034,5.052670000659773,5.044480908276207
2015-12-30,2015-12-29,600322,5.427728033523586,5.407736401724236,5.427728033523586
2015-12-30,2015-12-29,600359,12.49,12.44,12.48
2015-12-30,2015-12-29,600371,16.78416925921796,16.6799197607135,16.53099190570713
2015-12-30,2015-12-29,600582,5.515082777500236,5.507204087818093,5.554476225910951
2015-12-30,2015-12-29,600594,19.32453258314413,19.32453258314413,19.57631802396686
2015-12-30,2015-12-29,600688,5.897374401725509,5.897374401725509,5.888598546961036
2015-12-30,2015-12-29,600690,,,
2015-12-30,2015-12-29,600698,7.6,7.62,7.6
2015-12-30,2015-12-29,600743,5.94641264474599,5.928974484497468,5.972569885118773
2015-12-30,2015-12-29,601390,8.345571940248316,8.38403079711582,8.37633902574232
2015-12-30,2015-12-29,601600,4.707380460770664,4.707380460770664,4.726060541964198
2015-12-30,2015-12-29,601628,25.13246858935027,25.01976693648323,25.06311372604748
2015-12-30,2015-12-29,601898,4.729141951565685,4.71363656811793,4.71363656811793
2015-12-31,2015-12-30,000031,13.5100158298637,13.5382991847064,13.5665825395491
2015-12-31,2015-12-30,000151,23.72027956938493,23.63356855552447,23.6817413410025
2015-12-31,2015-12-30,000155,9.493966420040618,9.416385489131196,9.464873570949585
2015-12-31,2015-12-30,000338,3.741792255552843,3.734140328649872,3.745618219004328
2015-12-31,2015-12-30,000565,13.79328350964758,13.87210227255985,14.48294768512996
2015-12-31,2015-12-30,000651,17.45096582053354,17.38223116303472,17.32113368970244
2015-12-31,2015-12-30,000717,4.813808097977714,4.785267733760455,4.832835007455888
2015-12-31,2015-12-30,000767,,,
2015-12-31,2015-12-30,000821,16.34422909586991,16.23631401780594,16.37366048079645
2015-12-31,2015-12-30,002024,13.44385105903427,13.41451902036001,13.36563228923625
2015-12-31,2015-12-30,002096,24.21875600398321,24.30288136254587,24.30288136254587
2015-12-31,2015-12-30,002424,25.29541506388719,25.31481338832269,25.28571590166945
2015-12-31,2015-12-30,002644,16.07095510072453,16.16730375240753,16.26365240409053
2015-12-31,2015-12-30,002666,12.64153874665227,12.31672143163412,12.43962528055991
2015-12-31,2015-12-30,300229,21.4428411663985,21.29853327234504,20.9836796853193
2015-12-31,2015-12-30,300337,9.362418667291745,9.402258746727028,9.32257858785646
2015-12-31,2015-12-30,300378,45.24712717528701,45.27662334684847,45.20288291794481
2015-12-31,2015-12-30,300386,25.36699822620867,25.41622585715416,25.16024217623763
2015-12-31,2015-12-30,600021,12.92629695353117,12.89164200191313,12.88297826400862
2015-12-31,2015-12-30,600029,8.49790961289092,8.517445037288372,8.488141900692195
2015-12-31,2015-12-30,600050,5.175506386413252,5.134560924495425,5.118182739728295
2015-12-31,2015-12-30,600322,5.447719665322936,5.437723849423262,5.447719665322936
2015-12-31,2015-12-30,600359,12.51,12.5,12.49
2015-12-31,2015-12-30,600371,16.86607957947146,16.90331154322306,16.87352597222178
2015-12-31,2015-12-30,600582,5.522961467182379,5.530840156864522,5.522961467182379
2015-12-31,2015-12-30,600594,19.27957089728293,19.21662453707725,19.12670116535485
2015-12-31,2015-12-30,600688,5.827167563609729,5.809615854080785,5.800839999316312
2015-12-31,2015-12-30,600690,,,
2015-12-31,2015-12-30,600698,7.78,7.78,7.8
2015-12-31,2015-12-30,600743,5.937693564621729,5.920255404373207,5.998727125491556
2015-12-31,2015-12-30,601390,8.368647254368819,8.38403079711582,8.407106111236322
2015-12-31,2015-12-30,601600,4.735400582560966,4.716720501367431,4.716720501367431
2015-12-31,2015-12-30,601628,24.74234748327205,24.81170234657485,24.86371849405194
2015-12-31,2015-12-30,601898,4.744647335013442,4.729141951565685,4.760152718461198
