trading_day,prev_trading_day,asset_id,prev_close_1500_qfq,close_0935_qfq,close_0950_qfq
2020-01-02,2019-12-31,000550,10.4527314829849,10.52847591402102,10.66481588988604
2020-01-02,2019-12-31,000713,6.033280506988835,6.054675118715745,6.033280506988835
2020-01-02,2019-12-31,000723,9.43,9.23,9.24
2020-01-02,2019-12-31,000966,4.338061415254312,4.356719743922072,4.394036401257592
2020-01-02,2019-12-31,002041,9.519171365245045,9.519171365245045,9.637790323067412
2020-01-02,2019-12-31,002139,5.453111983241731,5.453111983241731,5.492343004703901
2020-01-02,2019-12-31,002189,19.60379285729928,19.74879132517871,19.95178918020992
2020-01-02,2019-12-31,002194,15.80437137586251,16.04940038944177,16.22908833273323
2020-01-02,2019-12-31,002199,9.25,9.25,9.35
2020-01-02,2019-12-31,002205,8.956370772762396,8.987577639566446,8.993819012927256
2020-01-02,2019-12-31,002243,14.54562412574133,14.83653660825616,14.72017161525023
2020-01-02,2019-12-31,002467,5.008144410412833,5.054602150769168,5.101059891125502
2020-01-02,2019-12-31,002547,8.220000000000001,8.23,8.279999999999999
2020-01-02,2019-12-31,002565,6.281776861269488,6.350483795689623,6.330853242998156
2020-01-02,2019-12-31,002592,13.68776439089692,13.77716198125837,13.81689424364123
2020-01-02,2019-12-31,002599,4.685205979088049,4.675258620321407,4.655363902788125
2020-01-02,2019-12-31,300152,3.44,3.5,3.47
2020-01-02,2019-12-31,300194,5.463865885816038,5.503316181020486,5.47372845961715
2020-01-02,2019-12-31,300265,7.523340717549145,7.581964151711865,7.611275868793226
2020-01-02,2019-12-31,300310,5.09,5.13,5.16
2020-01-02,2019-12-31,300385,7.50037827461608,7.562313685636857,7.624249096657634
2020-01-02,2019-12-31,300446,15.10853121894258,15.04774977151005,15.2474602416455
2020-01-02,2019-12-31,300469,16.06,16.07,16.19
2020-01-02,2019-12-31,300538,17.43569850504177,17.55404035009862,17.53431670925581
2020-01-02,2019-12-31,300565,11.35,11.63,11.6
2020-01-02,2019-12-31,600359,5.47,5.45,5.44
2020-01-02,2019-12-31,600375,4.68,4.71,4.71
2020-01-02,2019-12-31,600379,5.477817602454872,5.411131127294551,5.430184405911786
2020-01-02,2019-12-31,600410,10.25540289341861,10.30513811598611,10.46429082820211
2020-01-02,2019-12-31,600579,6.65,6.68,6.68
2020-01-02,2019-12-31,600604,8.822340115861758,9.011532511122903,8.971702533173188
2020-01-02,2019-12-31,600734,6.79,6.83,6.85
2020-01-02,2019-12-31,600775,10.07795282997367,10.16722603417619,10.18706452399897
2020-01-02,2019-12-31,600776,20.56015853592779,20.75756764332988,20.70821536647936
2020-01-02,2019-12-31,600965,6.65784024942779,6.686051436925365,6.686051436925365
2020-01-02,2019-12-31,603779,6.002600546901594,5.992612858803588,6.11246511597966
2020-01-03,2020-01-02,000550,10.87690029678719,10.86932585368358,10.85417696747635
2020-01-03,2020-01-02,000713,6.254358161500246,6.525356576707782,6.632329635342336
2020-01-03,2020-01-02,000723,9.27,9.34,9.279999999999999
2020-01-03,2020-01-02,000966,4.412694729925353,4.394036401257592,4.394036401257592
2020-01-03,2020-01-02,002041,9.914567891319603,10.63616655140568,10.86351955389855
2020-01-03,2020-01-02,002139,5.5609972922627,5.580612802993786,5.590420558359328
2020-01-03,2020-01-02,002189,19.97112230926051,20.07745451903876,20.05812138998817
2020-01-03,2020-01-02,002194,15.97589168536799,16.0739032907997,16.1065738259436
2020-01-03,2020-01-02,002199,9.69,9.69,9.66
2020-01-03,2020-01-02,002205,9.168577467029937,9.224749827277227,9.168577467029937
2020-01-03,2020-01-02,002243,14.78805119450369,14.72017161525023,14.87532493925814
2020-01-03,2020-01-02,002467,5.305473948693372,5.333348592907173,5.361223237120973
2020-01-03,2020-01-02,002547,8.380000000000001,8.48,8.58
2020-01-03,2020-01-02,002565,6.379929624726824,6.360299072035358,6.34066851934389
2020-01-03,2020-01-02,002592,13.93609103078983,13.92615796519411,13.93609103078983
2020-01-03,2020-01-02,002599,4.685205979088049,4.665311261554766,4.645416544021483
2020-01-03,2020-01-02,300152,3.49,3.5,3.49
2020-01-03,2020-01-02,300194,5.483591033418262,5.444140738213814,5.434278164412702
2020-01-03,2020-01-02,300265,7.572193579351412,7.640587585874586,7.679669875316399
2020-01-03,2020-01-02,300310,5.29,5.31,5.32
2020-01-03,2020-01-02,300385,7.537539521228545,7.549926603432701,7.58089430894309
2020-01-03,2020-01-02,300446,15.55136747880814,15.80317633245718,15.61214892624067
2020-01-03,2020-01-02,300469,16.21,16.23,16.35
2020-01-03,2020-01-02,300538,17.73155311768388,17.80058586063371,17.69210583599827
2020-01-03,2020-01-02,300565,11.93,11.93,12
2020-01-03,2020-01-02,600359,5.6,5.8,5.82
2020-01-03,2020-01-02,600375,4.73,4.74,4.74
2020-01-03,2020-01-02,600379,5.506397520380723,5.468290963146254,5.458764323837637
2020-01-03,2020-01-02,600410,10.57370831785062,10.59360240687762,10.68312580749912
2020-01-03,2020-01-02,600579,6.77,6.78,6.81
2020-01-03,2020-01-02,600604,8.882085082786329,8.8024251268869,8.792467632399472
2020-01-03,2020-01-02,600734,6.91,6.91,6.9
2020-01-03,2020-01-02,600775,10.34577244258123,10.40528791204958,10.45488413660654
2020-01-03,2020-01-02,600776,20.89575401851135,21.21160859035469,21.36953587627636
2020-01-03,2020-01-02,600965,6.733070082754657,6.770684999418092,6.789492457749808
2020-01-03,2020-01-02,603779,6.122452804077666,6.092489739783647,6.092489739783647
2020-01-06,2020-01-03,000550,10.763283650233,10.71783699161133,10.8238791950619
2020-01-06,2020-01-03,000713,6.881933438822962,7.338351822330391,7.366877971299606
2020-01-06,2020-01-03,000723,9.26,9.109999999999999,9.289999999999999
2020-01-06,2020-01-03,000966,4.431353058593113,4.375378072589832,4.403365565591472
2020-01-06,2020-01-03,002041,10.903059206506,11.99039965321105,11.99039965321105
2020-01-06,2020-01-03,002139,5.619843824455956,5.580612802993786,5.619843824455956
2020-01-06,2020-01-03,002189,19.89378979305814,19.82612384138108,20.01945513188699
2020-01-06,2020-01-03,002194,15.91871824886616,15.6083481649991,15.76353320693263
2020-01-06,2020-01-03,002199,9.67,9.59,9.699999999999999
2020-01-06,2020-01-03,002205,9.174818840390747,9.074956866617786,9.081198239978598
2020-01-06,2020-01-03,002243,14.89471910475913,14.89471910475913,14.82683952550567
2020-01-06,2020-01-03,002467,5.361223237120973,5.305473948693372,5.333348592907173
2020-01-06,2020-01-03,002547,8.42,8.460000000000001,8.52
2020-01-06,2020-01-03,002565,6.370114348381091,6.281776861269488,6.34066851934389
2020-01-06,2020-01-03,002592,13.84669344042838,13.71756358768407,13.74736278447122
2020-01-06,2020-01-03,002599,4.625521826488201,4.555890315121712,4.585732391421636
2020-01-06,2020-01-03,300152,3.5,3.46,3.48
2020-01-06,2020-01-03,300194,5.404690443009367,5.365240147804919,5.414553016810479
2020-01-06,2020-01-03,300265,7.689440447676853,7.601505296432772,7.669899302955946
2020-01-06,2020-01-03,300310,5.34,5.29,5.35
2020-01-06,2020-01-03,300385,7.512765356820235,7.438442863595303,7.481797651309846
2020-01-06,2020-01-03,300446,15.31692475299696,15.09116509110472,15.05643283542899
2020-01-06,2020-01-03,300469,16.2,15.96,16.03
2020-01-06,2020-01-03,300538,17.75127675852669,17.61321127262704,17.85975678316213
2020-01-06,2020-01-03,300565,12.04,11.91,11.95
2020-01-06,2020-01-03,600359,6.16,6.25,6.36
2020-01-06,2020-01-03,600375,4.88,4.92,4.9
2020-01-06,2020-01-03,600379,5.430184405911786,5.334918012825614,5.439711045220402
2020-01-06,2020-01-03,600410,10.70301989652612,10.69307285201262,10.80249034166112
2020-01-06,2020-01-03,600579,6.82,6.76,6.77
2020-01-06,2020-01-03,600604,8.911957566248615,8.742680159962328,8.792467632399472
2020-01-06,2020-01-03,600734,6.91,6.8,6.87
2020-01-06,2020-01-03,600775,10.36561093240402,10.27633772820149,10.3854494222268
2020-01-06,2020-01-03,600776,20.91549492925155,20.45158352685664,20.61938126814842
2020-01-06,2020-01-03,600965,7.410138582696466,7.607616895179494,7.823902665994239
2020-01-06,2020-01-03,603779,6.122452804077666,6.032563611195612,6.052538987391624
2020-01-07,2020-01-06,000037,12.3803037315633,12.43006379479306,12.42011178214711
2020-01-07,2020-01-06,000715,6.099175053266452,6.158390345045738,6.187997990935381
2020-01-07,2020-01-06,000990,10.45042238764094,10.4714212269999,10.4994196794785
2020-01-07,2020-01-06,002122,1.98,1.99,2.05
2020-01-07,2020-01-06,002175,2.07,2.17,2.17
2020-01-07,2020-01-06,002189,20.06778795451346,20.06778795451346,20.14512047071583
2020-01-07,2020-01-06,002205,9.131129226865077,9.149853346947507,9.112405106782646
2020-01-07,2020-01-06,002437,3.09,3.1,3.12
2020-01-07,2020-01-06,002479,6.667563025210084,6.696302521008404,6.734621848739496
2020-01-07,2020-01-06,002565,6.468267111838427,6.478082388184159,6.448636559146959
2020-01-07,2020-01-06,002599,4.595679750188277,4.585732391421636,4.605627108954918
2020-01-07,2020-01-06,002733,26.6257526660107,26.49020337971101,26.63543475788925
2020-01-07,2020-01-06,002832,22.36999520131249,22.25572803525471,22.13267108719247
2020-01-07,2020-01-06,300079,6.331325162626647,6.331325162626647,6.301647075926834
2020-01-07,2020-01-06,300139,9.199999999999999,9.1,9.08
2020-01-07,2020-01-06,300310,5.38,5.42,5.37
2020-01-07,2020-01-06,300370,3.63,3.71,3.74
2020-01-07,2020-01-06,300385,7.543733062330623,7.549926603432701,7.574700767841012
2020-01-07,2020-01-06,300404,7.99571429573293,8.039406723578466,7.94109876092601
2020-01-07,2020-01-06,300446,15.09984815502365,15.04774977151005,14.91750381272607
2020-01-07,2020-01-06,300469,16.09,16.07,16.14
2020-01-07,2020-01-06,300513,13.61124777661438,13.33686697190221,13.26827177072417
2020-01-07,2020-01-06,300572,50.86615730070426,50.88604631626661,51.80094103213461
2020-01-07,2020-01-06,300600,10.10953239857065,10.09964048820023,10.05018093634812
2020-01-07,2020-01-06,300638,10.83488475500089,10.82809385261606,10.97579597948617
2020-01-07,2020-01-06,600088,14.70783153584117,14.64804360276864,14.68790222481699
2020-01-07,2020-01-06,600156,4.503770718139221,4.503770718139221,4.593646408745103
2020-01-07,2020-01-06,600218,11.17042038072595,11.27811067361639,11.3270608067484
2020-01-07,2020-01-06,600379,5.430184405911786,5.458764323837637,5.458764323837637
2020-01-07,2020-01-06,600604,8.862170093811473,8.921915060736046,8.892042577273758
2020-01-07,2020-01-06,600613,6.93019675820937,6.881733843816296,6.891426426694912
2020-01-07,2020-01-06,600624,9.334106556348136,9.244355531767866,9.264300203896815
2020-01-07,2020-01-06,600775,10.42512640187237,10.43504564678376,10.46480338151793
2020-01-07,2020-01-06,600776,20.8069199201804,20.90562447388145,21.09316312591344
2020-01-07,2020-01-06,603779,6.072514363587636,6.052538987391624,6.072514363587636
2020-01-08,2020-01-07,000037,12.3404956809795,12.22107152922808,12.15140744070642
2020-01-08,2020-01-07,000715,6.158390345045738,6.128782699156095,6.138651914452643
2020-01-08,2020-01-07,000990,10.45042238764094,10.44342277452128,10.46442161388024
2020-01-08,2020-01-07,002122,2.03,2.01,2
2020-01-08,2020-01-07,002175,2.17,2.27,2.28
2020-01-08,2020-01-07,002189,20.09678764808935,20.12578734166524,20.2031198578676
2020-01-08,2020-01-07,002205,9.293404934246137,9.218508453916417,9.224749827277227
2020-01-08,2020-01-07,002437,3.18,3.14,3.14
2020-01-08,2020-01-07,002479,6.753781512605042,6.734621848739496,6.734621848739496
2020-01-08,2020-01-07,002565,6.487897664529894,6.438821282801225,6.379929624726824
2020-01-08,2020-01-07,002599,4.794626925521103,4.754837490454538,4.695153337854689
2020-01-08,2020-01-07,002733,27.54555139447289,27.40032001629465,27.58427976198708
2020-01-08,2020-01-07,002832,22.24693825325026,22.08872217717025,22.15025065120136
2020-01-08,2020-01-07,300079,6.786389158690437,6.677569507457791,6.667676811891187
2020-01-08,2020-01-07,300139,9.119999999999999,9.18,9.130000000000001
2020-01-08,2020-01-07,300310,5.42,5.41,5.43
2020-01-08,2020-01-07,300370,3.72,3.71,3.69
2020-01-08,2020-01-07,300385,7.6056684733514,7.562313685636857,7.568507226738935
2020-01-08,2020-01-07,300404,8.37256148590067,8.388946146342747,8.378023039381363
2020-01-08,2020-01-07,300446,15.16062960245618,15.07379896326685,15.02170057975326
2020-01-08,2020-01-07,300469,16.52,16.44,16.39
2020-01-08,2020-01-07,300513,13.60144846216038,13.53285326098234,13.43486011644227
2020-01-08,2020-01-07,300572,52.84511434915786,52.80533631803316,52.92467041140725
2020-01-08,2020-01-07,300600,10.11942430894107,10.1787757711636,10.28758678523824
2020-01-08,2020-01-07,300638,11.05728680810416,10.94184146756201,10.93674829077338
2020-01-08,2020-01-07,600088,15.72422639807409,15.45518069924773,15.40535742168729
2020-01-08,2020-01-07,600156,4.6136187844353,4.573674033054908,4.583660220900005
2020-01-08,2020-01-07,600218,11.39559099313322,11.3270608067484,11.29769072686919
2020-01-08,2020-01-07,600379,5.468290963146254,5.439711045220402,5.449237684529019
2020-01-08,2020-01-07,600604,8.941830049710902,8.852212599324044,8.8024251268869
2020-01-08,2020-01-07,600613,6.959274506845213,6.901119009573526,6.881733843816296
2020-01-08,2020-01-07,600624,9.364023564541561,9.244355531767866,9.254327867832339
2020-01-08,2020-01-07,600775,10.49456111625211,10.44496489169515,10.36561093240402
2020-01-08,2020-01-07,600776,21.11290403665365,21.06355175980312,20.97471766147218
2020-01-08,2020-01-07,603779,6.372145006527815,6.31221887793978,6.352169630331804
2020-01-09,2020-01-08,000037,11.9125591372036,12.08174335218477,12.11159939012262
2020-01-09,2020-01-08,000715,6.030090546190619,6.06956740737681,6.079436622673358
2020-01-09,2020-01-08,000990,10.38742586956407,10.4854204532392,10.4714212269999
2020-01-09,2020-01-08,002122,1.99,2.02,2.04
2020-01-09,2020-01-08,002175,2.28,2.39,2.39
2020-01-09,2020-01-08,002189,19.50712721204632,19.72945819612812,19.81645727685578
2020-01-09,2020-01-08,002205,9.062474119896166,9.124887853504266,9.149853346947507
2020-01-09,2020-01-08,002437,3.09,3.13,3.13
2020-01-09,2020-01-08,002479,6.619663865546219,6.657983193277311,6.696302521008404
2020-01-09,2020-01-08,002565,6.350483795689623,6.370114348381091,6.429006006455491
2020-01-09,2020-01-08,002599,4.635469185254842,4.724995414154614,4.754837490454538
2020-01-09,2020-01-08,002733,27.55523348635144,27.59396185386564,27.3906379244161
2020-01-09,2020-01-08,002832,21.88655719106801,22.02719370313913,21.96566522910802
2020-01-09,2020-01-08,300079,6.469822900559104,6.558857160658541,6.628106029624771
2020-01-09,2020-01-08,300139,9.25,9.17,9.19
2020-01-09,2020-01-08,300310,5.34,5.41,5.45
2020-01-09,2020-01-08,300370,3.59,3.63,3.67
2020-01-09,2020-01-08,300385,7.450829945799458,7.494184733514002,7.531345980126468
2020-01-09,2020-01-08,300404,8.241484202364065,8.388946146342747,8.683870034300108
2020-01-09,2020-01-08,300446,15.20404492205084,15.30824168907803,15.42112152002415
2020-01-09,2020-01-08,300469,16,16.2,16.38
2020-01-09,2020-01-08,300513,13.18007794063812,13.46425805980429,13.50345531762032
2020-01-09,2020-01-08,300572,52.69594673244026,53.10367155146837,52.50700108459795
2020-01-09,2020-01-08,300600,10.72283084153678,10.38650588894245,10.34693824746076
2020-01-09,2020-01-08,300638,10.59720317153174,10.70925306088148,10.74660302399806
2020-01-09,2020-01-08,600088,14.95694792364336,15.2359582779818,15.33560483310268
2020-01-09,2020-01-08,600156,4.493784530294123,4.543715469519613,4.543715469519613
2020-01-09,2020-01-08,600218,11.53265136590286,11.70887184517812,11.65992171204611
2020-01-09,2020-01-08,600379,5.392077848677317,5.411131127294551,5.468290963146254
2020-01-09,2020-01-08,600604,8.623190226113186,8.692892687525186,8.742680159962328
2020-01-09,2020-01-08,600613,6.80419318078738,6.881733843816296,6.939889341087984
2020-01-09,2020-01-08,600624,9.064853482607326,9.114715162929699,9.18452151538102
2020-01-09,2020-01-08,600775,10.1573067892648,10.27633772820149,10.32593395275845
2020-01-09,2020-01-08,600776,20.38249033926591,20.59964035740821,20.74769718795978
2020-01-09,2020-01-08,603779,6.192366620763708,6.232317373155732,6.272268125547756
2020-01-10,2020-01-09,000037,11.9523671877874,11.84289504868194,11.88270309926574
2020-01-10,2020-01-09,000715,6.099175053266452,6.158390345045738,6.148521129749192
2020-01-10,2020-01-09,000990,10.40142509580337,10.41542432204268,10.40142509580337
2020-01-10,2020-01-09,002122,2.02,2.02,2.01
2020-01-10,2020-01-09,002175,2.17,2.19,2.17
2020-01-10,2020-01-09,002189,20.04845482546287,20.2127864223929,20.49311679362646
2020-01-10,2020-01-09,002205,9.206025707194797,9.349577294493429,9.337094547771809
2020-01-10,2020-01-09,002437,3.14,3.15,3.13
2020-01-10,2020-01-09,002479,6.648403361344538,6.667563025210084,6.638823529411765
2020-01-10,2020-01-09,002565,6.429006006455491,6.429006006455491,6.389744901072557
2020-01-10,2020-01-09,002599,4.734942772921255,4.744890131687896,4.963732024554005
2020-01-10,2020-01-09,002733,27.50682302695869,27.3519095569019,27.03240052490978
2020-01-10,2020-01-09,002832,22.29088716327248,22.73037626349473,22.50184193137916
2020-01-10,2020-01-09,300079,6.440144813859292,6.400574031592875,6.351110553759854
2020-01-10,2020-01-09,300139,9.44,9.35,9.460000000000001
2020-01-10,2020-01-09,300310,5.44,5.45,5.44
2020-01-10,2020-01-09,300370,3.72,3.71,3.69
2020-01-10,2020-01-09,300385,7.556120144534779,7.562313685636857,7.556120144534779
2020-01-10,2020-01-09,300404,8.847716638720865,8.902332173527784,8.869562852643632
2020-01-10,2020-01-09,300446,15.78581020461932,15.54268441488921,15.75107794894359
2020-01-10,2020-01-09,300469,16.62,16.72,16.59
2020-01-10,2020-01-09,300513,14.02281898368264,13.91502652468857,13.99342104032062
2020-01-10,2020-01-09,300572,53.0937270436872,54.24728994630337,54.73457082758089
2020-01-10,2020-01-09,300600,10.48542499264666,10.51510072375793,10.39639779931287
2020-01-10,2020-01-09,300638,10.93335283958097,11.064077710489,11.0437050033345
2020-01-10,2020-01-09,600088,15.22599362246972,15.10641775632467,15.04662982325214
2020-01-10,2020-01-09,600156,4.543715469519613,4.543715469519613,4.503770718139221
2020-01-10,2020-01-09,600218,11.57181147240848,11.45433115289164,11.43475109963883
2020-01-10,2020-01-09,600379,5.477817602454872,5.487344241763489,5.458764323837637
2020-01-10,2020-01-09,600604,8.732722665474901,8.722765170987472,8.722765170987472
2020-01-10,2020-01-09,600613,7.046507752752743,7.036815169874129,7.017430004116901
2020-01-10,2020-01-09,600624,9.164576843252069,9.204466187509968,9.18452151538102
2020-01-10,2020-01-09,600775,10.31601470784706,10.49456111625211,10.45488413660654
2020-01-10,2020-01-09,600776,20.74769718795978,20.88588356314124,20.86614265240103
2020-01-10,2020-01-09,603779,6.21234199695972,6.192366620763708,6.242305061253737
2020-01-13,2020-01-10,000037,11.74337492222243,11.70356687163862,11.61399875782506
2020-01-13,2020-01-10,000715,6.247213282714667,6.178128775638833,6.197867206231929
2020-01-13,2020-01-10,000990,10.31742973836754,10.38042625644441,10.30343051212824
2020-01-13,2020-01-10,002122,2.01,1.98,1.98
2020-01-13,2020-01-10,002175,2.17,2.12,2.12
2020-01-13,2020-01-10,002189,20.46411710005058,20.51244992267706,20.87011281011299
2020-01-13,2020-01-10,002205,9.199784333833987,9.199784333833987,9.156094720308317
2020-01-13,2020-01-10,002437,3.11,3.08,3.08
2020-01-13,2020-01-10,002479,6.610084033613446,6.581344537815126,6.571764705882353
2020-01-13,2020-01-10,002565,6.311222690306689,6.262146308578021,6.242515755886554
2020-01-13,2020-01-10,002599,4.913995230720799,4.904047871954157,4.834416360587668
2020-01-13,2020-01-10,002733,26.59670639037505,27.06144680054542,26.7225735847962
2020-01-13,2020-01-10,002832,22.50184193137916,22.90617190358363,22.73037626349473
2020-01-13,2020-01-10,300079,6.321432467060042,6.281861684793625,6.222505511394001
2020-01-13,2020-01-10,300139,9.15,9.26,9.1
2020-01-13,2020-01-10,300310,5.4,5.37,5.37
2020-01-13,2020-01-10,300370,3.68,3.65,3.63
2020-01-13,2020-01-10,300385,7.543733062330623,7.50037827461608,7.475604110207769
2020-01-13,2020-01-10,300404,9.017024796622314,9.235486935849989,9.361102665905904
2020-01-13,2020-01-10,300446,16.08971744178196,16.23732952840381,15.77712714070039
2020-01-13,2020-01-10,300469,16.55,16.36,16.34
2020-01-13,2020-01-10,300513,13.91502652468857,13.7974347512405,13.7974347512405
2020-01-13,2020-01-10,300572,53.17328310593659,53.98873274399285,53.83956512727524
2020-01-13,2020-01-10,300600,10.20845150227487,10.13920812968191,10.24801914375655
2020-01-13,2020-01-10,300638,11.00126186342929,11.04710045452691,11.11331175277904
2020-01-13,2020-01-10,600088,15.03666516774005,14.9968065456917,15.16620568939719
2020-01-13,2020-01-10,600156,4.473812154603928,4.433867403223535,4.423881215378437
2020-01-13,2020-01-10,600218,11.26832064698998,11.3270608067484,11.29769072686919
2020-01-13,2020-01-10,600379,5.430184405911786,5.430184405911786,5.449237684529019
2020-01-13,2020-01-10,600604,8.633147720600615,8.633147720600615,8.563445259188613
2020-01-13,2020-01-10,600613,6.968967089723828,7.027122586995515,6.978659672602443
2020-01-13,2020-01-10,600624,9.114715162929699,9.164576843252069,9.124687498994172
2020-01-13,2020-01-10,600775,10.29617621802428,10.01843736050532,9.879567931745839
2020-01-13,2020-01-10,600776,20.63912217888863,20.46145398222675,20.56015853592779
2020-01-13,2020-01-10,603779,6.11246511597966,6.042551299293618,6.062526675489631
2020-01-14,2020-01-13,000159,6.11,6.09,6.11
2020-01-14,2020-01-13,000663,4.85,4.81,4.83
2020-01-14,2020-01-13,000665,5.410273222862481,5.420218578051565,5.450054643618822
2020-01-14,2020-01-13,000715,6.217605636825025,6.217605636825025,6.178128775638833
2020-01-14,2020-01-13,000811,5.510950012132978,5.510950012132978,5.533753943217666
2020-01-14,2020-01-13,000990,10.36642703020511,10.3524278039658,10.42942354828198
2020-01-14,2020-01-13,000993,7.158922963194769,7.158922963194769,7.168558121960846
2020-01-14,2020-01-13,002122,1.99,1.99,1.99
2020-01-14,2020-01-13,002205,9.218508453916417,9.218508453916417,9.237232573998847
2020-01-14,2020-01-13,002565,6.281776861269488,6.281776861269488,6.301407413960955
2020-01-14,2020-01-13,002832,22.74795582750362,22.97649015961919,23.46871795186811
2020-01-14,2020-01-13,300013,7.13,7.13,7.14
2020-01-14,2020-01-13,300025,5.59,5.61,5.58
2020-01-14,2020-01-13,300033,73.67243843346324,73.75038493859476,73.46458108644589
2020-01-14,2020-01-13,300152,3.52,3.53,3.52
2020-01-14,2020-01-13,300180,8.78578505977144,8.725949974233835,8.775812545515173
2020-01-14,2020-01-13,300310,5.44,5.44,5.44
2020-01-14,2020-01-13,300385,7.556120144534779,7.543733062330623,7.562313685636857
2020-01-14,2020-01-13,300414,12.6976369464723,12.74704409412394,12.70751837600263
2020-01-14,2020-01-13,300513,14.01301966922863,13.98362172586661,13.92482583914258
2020-01-14,2020-01-13,300536,8.276401781718432,8.375877764671777,8.535039337397132
2020-01-14,2020-01-13,300600,10.28758678523824,10.25791105412697,10.19855959190444
2020-01-14,2020-01-13,300628,32.52356703064088,33.56793947384983,33.63783841689925
2020-01-14,2020-01-13,300663,18.1204524140423,18.1204524140423,18.02732233555603
2020-01-14,2020-01-13,600088,15.44521604373564,16.04309537446089,16.98973764810921
2020-01-14,2020-01-13,600156,4.453839778913731,4.453839778913731,4.453839778913731
2020-01-14,2020-01-13,600536,45.47634464505921,45.47634464505921,45.0100719355252
2020-01-14,2020-01-13,600604,8.682935193037759,8.722765170987472,8.722765170987472
2020-01-14,2020-01-13,600624,9.174549179316545,9.224410859638917,9.18452151538102
2020-01-14,2020-01-13,600776,20.73782673258967,21.0141994829526,20.97471766147218
2020-01-14,2020-01-13,600831,10.11481802373918,10.13474869964802,10.26429809305552
2020-01-14,2020-01-13,603779,6.142428180273678,6.142428180273678,6.162403556469689
2020-01-15,2020-01-14,000159,6.13,6.15,6.08
2020-01-15,2020-01-14,000663,4.88,4.83,4.81
2020-01-15,2020-01-14,000665,5.569398905887846,5.64896174740053,5.569398905887846
2020-01-15,2020-01-14,000715,6.187997990935381,6.168259560342286,6.178128775638833
2020-01-15,2020-01-14,000811,5.609767046833293,5.609767046833293,5.60216573647173
2020-01-15,2020-01-14,000990,10.46442161388024,10.53441774507677,10.40842470892302
2020-01-15,2020-01-14,000993,7.226369074557303,7.226369074557303,7.197463598259074
2020-01-15,2020-01-14,002122,1.98,1.99,2
2020-01-15,2020-01-14,002205,9.243473947359657,9.206025707194797,9.237232573998847
2020-01-15,2020-01-14,002565,6.350483795689623,6.379929624726824,6.360299072035358
2020-01-15,2020-01-14,002832,23.52145664389478,23.74999097601035,23.53024642589923
2020-01-15,2020-01-14,300013,7.11,7.08,7.01
2020-01-15,2020-01-14,300025,5.56,5.56,5.53
2020-01-15,2020-01-14,300033,72.00308411523012,71.89265989962716,71.02225725899198
2020-01-15,2020-01-14,300152,3.58,3.56,3.56
2020-01-15,2020-01-14,300180,8.78578505977144,8.765840031258904,8.765840031258904
2020-01-15,2020-01-14,300310,5.4,5.41,5.4
2020-01-15,2020-01-14,300385,7.698571589882565,7.636636178861789,7.587087850045167
2020-01-15,2020-01-14,300414,12.53953407398704,12.52965264445671,12.50000835586573
2020-01-15,2020-01-14,300513,13.70924092115444,13.65044503443041,13.68964229224643
2020-01-15,2020-01-14,300536,8.385825362967113,8.276401781718432,8.296296978309101
2020-01-15,2020-01-14,300600,10.15899195042276,10.16888386079318,10.14910004005234
2020-01-15,2020-01-14,300628,33.05808835984232,32.81960961296782,33.58438628397911
2020-01-15,2020-01-14,300663,18.1204524140423,18.2601475317717,18.16701745328543
2020-01-15,2020-01-14,600088,16.98973764810921,18.69369374067617,18.69369374067617
2020-01-15,2020-01-14,600156,4.503770718139221,4.533729281674515,4.513756905984319
2020-01-15,2020-01-14,600536,44.43165768825513,44.96875663214875,45.56487743800871
2020-01-15,2020-01-14,600604,8.653062709575471,8.682935193037759,8.712807676500043
2020-01-15,2020-01-14,600624,9.114715162929699,9.154604507187596,9.144632171123121
2020-01-15,2020-01-14,600776,20.67860400036905,20.59964035740821,20.53054716981748
2020-01-15,2020-01-14,600831,10.55329289373378,10.43370883828071,10.37391681055417
2020-01-15,2020-01-14,603779,6.232317373155732,6.192366620763708,6.242305061253737
2020-01-16,2020-01-15,000159,6.03,6.04,6.02
2020-01-16,2020-01-15,000663,4.74,4.74,4.71
2020-01-16,2020-01-15,000665,5.62907103702236,5.569398905887846,5.579344261076932
2020-01-16,2020-01-15,000715,6.187997990935381,6.168259560342286,6.158390345045738
2020-01-16,2020-01-15,000811,5.564159184663917,5.541355253579228,5.541355253579228
2020-01-16,2020-01-15,000990,10.1774374759745,10.10744134477797,10.13543979725658
2020-01-16,2020-01-15,000993,7.139652645662616,7.110747169364386,7.120382328130463
2020-01-16,2020-01-15,002122,1.96,1.98,1.99
2020-01-16,2020-01-15,002205,9.137370600225887,9.149853346947507,9.156094720308317
2020-01-16,2020-01-15,002565,6.370114348381091,6.350483795689623,6.34066851934389
2020-01-16,2020-01-15,002832,23.9345763981037,23.92578661609925,23.88183770607703
2020-01-16,2020-01-15,300013,6.82,6.72,6.71
2020-01-16,2020-01-15,300025,5.52,5.56,5.58
2020-01-16,2020-01-15,300033,71.33404327951801,71.33404327951801,70.91183304338902
2020-01-16,2020-01-15,300152,3.52,3.5,3.51
2020-01-16,2020-01-15,300180,8.686059917208768,8.706004945721302,8.696032431465035
2020-01-16,2020-01-15,300310,5.38,5.39,5.38
2020-01-16,2020-01-15,300385,7.518958897922313,7.556120144534779,7.562313685636857
2020-01-16,2020-01-15,300414,12.6976369464723,12.60870408069934,12.60870408069934
2020-01-16,2020-01-15,300513,13.82683269460252,13.74843817897047,13.73863886451646
2020-01-16,2020-01-15,300536,8.405720559557782,8.57482973057847,8.763834098189831
2020-01-16,2020-01-15,300600,9.990829474125594,9.95126183264391,10.02050520523686
2020-01-16,2020-01-15,300628,33.51037563839737,34.0448969675988,33.69951395488403
2020-01-16,2020-01-15,300663,18.55284206415711,18.40649479796441,18.35327761025797
2020-01-16,2020-01-15,600088,18.69369374067617,17.86662733317291,17.3982885241048
2020-01-16,2020-01-15,600156,4.523743093829418,4.493784530294123,4.503770718139221
2020-01-16,2020-01-15,600536,45.21074626621072,45.38781185210972,44.99826756313192
2020-01-16,2020-01-15,600604,8.722765170987472,8.722765170987472,8.702850182012615
2020-01-16,2020-01-15,600624,9.094770490800748,9.044908810478377,9.005019466220478
2020-01-16,2020-01-15,600776,20.60951081277831,20.56015853592779,20.52067671444737
2020-01-16,2020-01-15,600831,10.48353552805282,10.34402079669091,10.3838821485086
2020-01-16,2020-01-15,603779,6.362157318429809,6.322206566037785,6.392120382723828
2020-01-17,2020-01-16,000159,5.99,5.98,5.98
2020-01-17,2020-01-16,000663,4.64,4.63,4.63
2020-01-17,2020-01-16,000665,5.479890709186078,5.509726774753334,5.519672129942419
2020-01-17,2020-01-16,000715,6.059698192080261,6.049828976783714,6.079436622673358
2020-01-17,2020-01-16,000811,5.60216573647173,5.640172288279544,5.678178840087357
2020-01-17,2020-01-16,000990,10.07244327917971,10.11444095789762,10.10044173165832
2020-01-17,2020-01-16,000993,7.033665899235776,7.062571375534005,7.081841693066157
2020-01-17,2020-01-16,002122,1.94,1.96,1.95
2020-01-17,2020-01-16,002205,9.056232746535356,9.056232746535356,9.049991373174546
2020-01-17,2020-01-16,002565,6.193439374157886,6.17380882146642,6.213069926849354
2020-01-17,2020-01-16,002832,23.78515010402813,23.85546836006369,23.65330337396146
2020-01-17,2020-01-16,300013,6.55,6.56,6.54
2020-01-17,2020-01-16,300025,5.48,5.51,5.59
2020-01-17,2020-01-16,300033,70.77542665940888,71.41848532674382,71.74326243145843
2020-01-17,2020-01-16,300152,3.47,3.47,3.47
2020-01-17,2020-01-16,300180,8.686059917208768,8.696032431465035,8.666114888696232
2020-01-17,2020-01-16,300310,5.28,5.34,5.33
2020-01-17,2020-01-16,300385,7.562313685636857,7.556120144534779,7.543733062330623
2020-01-17,2020-01-16,300414,12.4901269263354,12.50988978539606,12.4209569196231
2020-01-17,2020-01-16,300513,13.67004366333842,13.92482583914258,13.90522721023456
2020-01-17,2020-01-16,300536,8.604672525464474,8.505196542511129,8.465406149329789
2020-01-17,2020-01-16,300600,10.06007284671854,10.03039711560728,10.06007284671854
2020-01-17,2020-01-16,300628,34.00377994227561,34.10657250558358,33.8680937587091
2020-01-17,2020-01-16,300663,18.2601475317717,18.38653835257449,18.37323405564788
2020-01-17,2020-01-16,600088,16.88012643747625,16.92994971503668,16.62104539416197
2020-01-17,2020-01-16,600156,4.433867403223535,4.473812154603928,4.433867403223535
2020-01-17,2020-01-16,600536,47.32372892460543,47.42406608994819,46.56824909143637
2020-01-17,2020-01-16,600604,8.553487764701185,8.603275237138329,8.553487764701185
2020-01-17,2020-01-16,600624,8.905296105575733,8.935213113769157,8.965130121962581
2020-01-17,2020-01-16,600776,20.32326760704528,20.44171307148654,20.38249033926591
2020-01-17,2020-01-16,600831,10.14471403760245,10.2543327551011,10.10485268578476
2020-01-17,2020-01-16,603779,6.601861832781953,6.691751025664007,6.751677154252042
2020-01-20,2020-01-17,000159,5.93,5.97,5.94
2020-01-20,2020-01-17,000663,4.55,4.63,4.66
2020-01-20,2020-01-17,000665,5.519672129942419,5.479890709186078,5.499781419564249
2020-01-20,2020-01-17,000715,6.020221330894071,6.020221330894071,6.010352115597524
2020-01-20,2020-01-17,000811,5.776995874787673,5.784597185149236,5.837806357680175
2020-01-20,2020-01-17,000990,9.967449082384926,9.897452951188404,9.848455659350837
2020-01-20,2020-01-17,000993,7.004760422937546,6.995125264171469,7.004760422937546
2020-01-20,2020-01-17,002122,1.94,1.95,1.95
2020-01-20,2020-01-17,002205,8.912681159236724,8.912681159236724,8.943888026040776
2020-01-20,2020-01-17,002565,6.193439374157886,6.23270047954082,6.23270047954082
2020-01-20,2020-01-17,002832,23.73241141200146,23.59177489993034,23.24018361975254
2020-01-20,2020-01-17,300013,6.4,6.38,6.33
2020-01-20,2020-01-17,300025,5.53,5.45,5.19
2020-01-20,2020-01-17,300033,71.89915544172145,71.40549424255524,72.2823924252847
2020-01-20,2020-01-17,300152,3.44,3.46,3.45
2020-01-20,2020-01-17,300180,8.666114888696232,8.745895002746369,8.795757574027707
2020-01-20,2020-01-17,300310,5.23,5.19,5.17
2020-01-20,2020-01-17,300385,7.506571815718157,7.543733062330623,7.475604110207769
2020-01-20,2020-01-17,300414,12.41107549009277,12.45060120821408,12.41107549009277
2020-01-20,2020-01-17,300513,14.39519293293487,14.52258402083694,14.97335248572122
2020-01-20,2020-01-17,300536,8.435563354443786,8.296296978309101,8.276401781718432
2020-01-20,2020-01-17,300600,9.941369922273488,9.862234639310117,9.852342728939696
2020-01-20,2020-01-17,300628,33.65839692956084,34.13124272077749,34.08601399292199
2020-01-20,2020-01-17,300663,18.32001686794144,18.04727878094594,17.90093151475324
2020-01-20,2020-01-17,600088,17.47800576820149,16.64097470518614,16.95984368157294
2020-01-20,2020-01-17,600156,4.393922651843143,4.363964088307848,4.343991712617652
2020-01-20,2020-01-17,600536,45.35239873492992,44.32541833671573,44.16605930940663
2020-01-20,2020-01-17,600604,8.453912819826899,8.424040336364614,8.364295369440041
2020-01-20,2020-01-17,600624,8.885351433446784,8.955157785898106,9.064853482607326
2020-01-20,2020-01-17,600776,20.17521077649371,20.20482214260403,20.05676531205246
2020-01-20,2020-01-17,600831,10.1247833616936,10.1247833616936,10.28422876896437
2020-01-20,2020-01-17,603779,6.631824897075971,6.462034199409869,6.432071135115851
2020-01-21,2020-01-20,000037,11.75332693486838,11.84289504868194,11.82299102339003
2020-01-21,2020-01-20,000159,6.04,5.95,5.93
2020-01-21,2020-01-20,000665,5.479890709186078,5.390382512484309,5.360546446917052
2020-01-21,2020-01-20,000990,9.848455659350837,9.85545527247049,9.85545527247049
2020-01-21,2020-01-20,002194,16.6047994868881,16.39244100845274,16.21275306516128
2020-01-21,2020-01-20,002265,8.970072303708022,8.890426822654012,8.830692711863502
2020-01-21,2020-01-20,002427,8.018181818181819,8.300000000000001,8.236363636363638
2020-01-21,2020-01-20,002565,6.281776861269488,6.23270047954082,6.262146308578021
2020-01-21,2020-01-20,002674,10.53859756097561,10.48042682926829,10.54829268292683
2020-01-21,2020-01-20,002716,2.58,2.56,2.56
2020-01-21,2020-01-20,002731,7.701284055818491,7.642345657432125,7.652168723829853
2020-01-21,2020-01-20,002832,23.54782598990812,23.70604206598813,23.61814424594368
2020-01-21,2020-01-20,300013,6.45,6.41,6.35
2020-01-21,2020-01-20,300142,29.7697433260139,30.12543889844552,30.12543889844552
2020-01-21,2020-01-20,300180,8.775812545515173,8.735922488490102,8.676087402952499
2020-01-21,2020-01-20,300267,4.997944963569705,5.105532819928348,5.213120676286992
2020-01-21,2020-01-20,300299,4.77,4.8,4.78
2020-01-21,2020-01-20,300310,5.2,5.15,5.16
2020-01-21,2020-01-20,300385,7.531345980126468,7.562313685636857,7.518958897922313
2020-01-21,2020-01-20,300469,16.8,16.62,16.49
2020-01-21,2020-01-20,300472,13.19086666757563,13.16102307782999,13.21076239407273
2020-01-21,2020-01-20,300578,28.04259398349453,27.62538217077516,27.47637795194682
2020-01-21,2020-01-20,300628,34.01200334734025,33.91743418909692,34.12713101824517
2020-01-21,2020-01-20,300663,17.87432292090002,17.66810631853757,17.62154127929444
2020-01-21,2020-01-20,300748,14.29844019643401,14.21786496991722,14.08235208895716
2020-01-21,2020-01-20,600352,13.97928343949045,13.88207006369427,13.82374203821656
2020-01-21,2020-01-20,600371,9.396901998016631,9.329244303630912,9.344279346827738
2020-01-21,2020-01-20,600379,5.353971291442848,5.353971291442848,5.325391373516997
2020-01-21,2020-01-20,600422,10.73603227126858,10.93896357432586,10.93896357432586
2020-01-21,2020-01-20,600592,14.29219553647636,13.16830073675345,13.26195863673036
2020-01-21,2020-01-20,600725,2.4,2.4,2.38
2020-01-21,2020-01-20,600797,9.881574278061512,9.812195120642825,9.802283812440155
2020-01-21,2020-01-20,600867,11.55763000194412,11.79899416262729,11.90110976907017
2020-01-21,2020-01-20,601008,3.877619631955046,3.877619631955046,3.887613496985858
2020-01-22,2020-01-21,000037,11.71351888428457,11.62395077047101,11.69361485899267
2020-01-22,2020-01-21,000159,5.88,5.76,5.71
2020-01-22,2020-01-21,000665,5.290928960593455,5.231256829458942,5.17158469832443
2020-01-22,2020-01-21,000990,9.876454111829446,9.687464557598833,9.68046494447918
2020-01-22,2020-01-21,002194,15.97589168536799,15.07745196891069,15.26530754598813
2020-01-22,2020-01-21,002265,8.75104723080949,8.571844898437966,8.59175626870147
2020-01-22,2020-01-21,002427,8.218181818181819,8.127272727272727,8.118181818181819
2020-01-22,2020-01-21,002565,6.262146308578021,6.124732439737752,6.006949123588949
2020-01-22,2020-01-21,002674,10.45134146341463,10.35439024390244,10.30591463414634
2020-01-22,2020-01-21,002716,2.57,2.53,2.5
2020-01-22,2020-01-21,002731,7.504822727863938,7.396768997488934,7.298538333511657
2020-01-22,2020-01-21,002832,23.43355882385033,23.00285950563253,22.92375146759252
2020-01-22,2020-01-21,300013,6.25,6.16,6.13
2020-01-22,2020-01-21,300142,30.23412365668852,29.83890635398671,29.31524342790681
2020-01-22,2020-01-21,300180,8.686059917208768,8.666114888696232,8.715977459977569
2020-01-22,2020-01-21,300267,5.359831389503324,5.232682104715836,5.213120676286992
2020-01-22,2020-01-21,300299,4.7,4.26,4.3
2020-01-22,2020-01-21,300310,5.06,5.06,5.07
2020-01-22,2020-01-21,300385,7.481797651309846,7.41986224028907,7.376507452574526
2020-01-22,2020-01-21,300469,16.33,16.15,16.19
2020-01-22,2020-01-21,300472,13.22071025732128,13.01180512910176,12.91232649661627
2020-01-22,2020-01-21,300578,26.80089215992499,26.93002914957622,27.96312506678608
2020-01-22,2020-01-21,300628,34.29982252460256,33.8475352460475,33.9133224865646
2020-01-22,2020-01-21,300663,17.22906451995945,16.96297858142726,16.91641354218413
2020-01-22,2020-01-21,300748,13.87358900207275,13.69412599755808,13.55861311659803
2020-01-22,2020-01-21,600352,13.54182324840764,13.41544585987261,13.2987898089172
2020-01-22,2020-01-21,600371,9.051096004489619,9.013508396497553,9.141306263670579
2020-01-22,2020-01-21,600379,5.258704898356676,5.201545062504973,5.230124980430825
2020-01-22,2020-01-21,600422,11.28684580813835,11.04526092354635,10.84232962048906
2020-01-22,2020-01-21,600592,12.85922966682965,12.35347700695434,12.2972822669682
2020-01-22,2020-01-21,600725,2.39,2.4,2.38
2020-01-22,2020-01-21,600797,9.7229933468188,9.574323723778756,9.475210641752062
2020-01-22,2020-01-21,600867,11.93824271686758,11.78971092567794,11.659745608387
2020-01-22,2020-01-21,601008,3.867625766924234,3.827650306800987,3.817656441770174
2020-01-23,2020-01-22,000037,11.86279907397384,11.73342290957647,11.78318297280623
2020-01-23,2020-01-22,000159,5.77,5.68,5.69
2020-01-23,2020-01-22,000665,5.251147539837113,5.211366119080771,5.231256829458942
2020-01-23,2020-01-22,000990,9.848455659350837,9.764460301915008,9.813457593752574
2020-01-23,2020-01-22,002194,15.80437137586251,15.66552160150093,15.62468343257105
2020-01-23,2020-01-22,002265,8.75104723080949,8.631579009228474,8.681357434887232
2020-01-23,2020-01-22,002427,8.172727272727274,7.909090909090909,7.890909090909092
2020-01-23,2020-01-22,002565,6.056025505317616,5.643783898796806,5.702675556871207
2020-01-23,2020-01-22,002674,10.40286585365854,10.32530487804878,10.37378048780488
2020-01-23,2020-01-22,002716,2.46,2.45,2.42
2020-01-23,2020-01-22,002731,7.318184466307113,7.298538333511657,7.210130735932108
2020-01-23,2020-01-22,002832,23.18744492772587,23.02922885164586,23.39839969583255
2020-01-23,2020-01-22,300013,6.11,6.05,6.04
2020-01-23,2020-01-22,300142,29.23619996736645,29.03859131601554,28.920026125205
2020-01-23,2020-01-22,300180,9.124850544484525,9.025125401921853,9.114878030228258
2020-01-23,2020-01-22,300267,5.11531353414277,5.154436391000458,5.183778533643725
2020-01-23,2020-01-22,300299,4.35,4.39,4.41
2020-01-23,2020-01-22,300310,5.19,5.14,5.17
2020-01-23,2020-01-22,300385,7.481797651309846,7.438442863595303,7.407475158084915
2020-01-23,2020-01-22,300469,16.41,16.29,16.3
2020-01-23,2020-01-22,300472,12.93222222311337,12.86258718037352,12.96206581285901
2020-01-23,2020-01-22,300578,29.4829680988352,29.70150761978344,28.91675206728749
2020-01-23,2020-01-22,300628,34.15180123343909,34.52185446134776,33.93799270175852
2020-01-23,2020-01-22,300663,17.30889030151911,17.50180260695495,17.44858541924851
2020-01-23,2020-01-22,300748,13.6977885078543,13.72342607992782,13.82597636822192
2020-01-23,2020-01-22,600352,13.48349522292993,13.32795382165605,13.33767515923567
2020-01-23,2020-01-22,600371,9.081166090883272,8.975920788505485,8.975920788505485
2020-01-23,2020-01-22,600379,5.344444652134231,5.31586473420838,5.31586473420838
2020-01-23,2020-01-22,600422,10.8230028297217,10.86165641125642,10.9679537604769
2020-01-23,2020-01-22,600592,13.48673759667494,13.58976128664954,13.37434811670265
2020-01-23,2020-01-22,600725,2.48,2.47,2.53
2020-01-23,2020-01-22,600797,9.752727271426807,9.69325942221079,9.752727271426807
2020-01-23,2020-01-22,600867,11.62261266058959,11.65046237143765,11.68759531923506
2020-01-23,2020-01-22,601008,3.867625766924234,3.837644171831798,3.867625766924234
2020-02-03,2020-01-23,000037,11.39505447961413,10.26052503797569,10.26052503797569
2020-02-03,2020-01-23,000159,5.53,4.98,4.98
2020-02-03,2020-01-23,000665,5.022404370488148,4.525136611033876,4.525136611033876
2020-02-03,2020-01-23,000990,9.540472682086135,8.588525297813415,8.588525297813415
2020-02-03,2020-01-23,002194,14.95493746212106,13.46026047928755,13.46026047928755
2020-02-03,2020-01-23,002265,8.45237667685695,7.606143440658079,7.606143440658079
2020-02-03,2020-01-23,002427,7.845454545454547,7.454545454545454,7.454545454545454
2020-02-03,2020-01-23,002565,5.526000582648003,4.976345107286923,4.976345107286923
2020-02-03,2020-01-23,002674,10.21865853658536,9.200670731707318,9.200670731707318
2020-02-03,2020-01-23,002716,2.35,2.23,2.23
2020-02-03,2020-01-23,002731,6.954731009591189,6.257293295352524,6.257293295352524
2020-02-03,2020-01-23,002832,22.06235283115691,19.85611754804122,19.85611754804122
2020-02-03,2020-01-23,300013,5.68,5.11,5.11
2020-02-03,2020-01-23,300142,27.88258070561275,26.55860274156168,26.57836360669677
2020-02-03,2020-01-23,300180,8.995207859153052,8.317076889726879,8.337021918239413
2020-02-03,2020-01-23,300267,5.037067820427393,5.076190677285082,4.968602820926439
2020-02-03,2020-01-23,300299,4.22,3.8,3.8
2020-02-03,2020-01-23,300310,4.97,4.47,4.47
2020-02-03,2020-01-23,300385,7.023475609756098,6.32360546522132,6.32360546522132
2020-02-03,2020-01-23,300469,15.58,14.02,14.02
2020-02-03,2020-01-23,300472,12.18613247947221,10.97249316314926,10.97249316314926
2020-02-03,2020-01-23,300578,29.70150761978344,32.67165838176179,32.67165838176179
2020-02-03,2020-01-23,300628,33.74885438527185,33.31712561937839,33.71596076501331
2020-02-03,2020-01-23,300663,16.89645709679422,15.20681138711479,15.20681138711479
2020-02-03,2020-01-23,300748,13.26194978260439,11.93612105537357,11.93612105537357
2020-02-03,2020-01-23,600352,12.99742834394904,11.69476910828025,11.69476910828025
2020-02-03,2020-01-23,600371,8.524869492600688,7.675389551979985,7.675389551979985
2020-02-03,2020-01-23,600379,5.115805308727419,4.601366786062092,4.610893425370709
2020-02-03,2020-01-23,600422,10.75535906203594,9.769692732900573,9.924307059039455
2020-02-03,2020-01-23,600592,12.70001123686891,11.42626379718294,11.42626379718294
2020-02-03,2020-01-23,600725,2.5,2.38,2.38
2020-02-03,2020-01-23,600797,9.257161861293332,8.335410198445066,8.335410198445066
2020-02-03,2020-01-23,600867,11.28841613041289,10.15586122259186,10.15586122259186
2020-02-03,2020-01-23,601008,3.777680981646926,3.397914110476072,3.397914110476072
2020-02-04,2020-02-03,000037,10.26052503797569,9.57383616540506,9.693260317156476
2020-02-04,2020-02-03,000159,4.98,4.62,4.56
2020-02-04,2020-02-03,000665,4.525136611033876,4.346120217630338,4.415737703953936
2020-02-04,2020-02-03,000990,8.588525297813415,8.11955121879671,8.161548897514624
2020-02-04,2020-02-03,002194,13.46026047928755,12.61899419933208,12.45564152361257
2020-02-04,2020-02-03,002265,7.606143440658079,7.028713703016497,7.04862507328
2020-02-04,2020-02-03,002427,7.454545454545454,7.081818181818183,7.090909090909092
2020-02-04,2020-02-03,002565,4.976345107286923,4.583734053457579,4.613179882494781
2020-02-04,2020-02-03,002674,9.200670731707318,8.376585365853659,8.483231707317072
2020-02-04,2020-02-03,002716,2.23,2.12,2.13
2020-02-04,2020-02-03,002731,6.257293295352524,5.864370639443417,5.893839838636601
2020-02-04,2020-02-03,002832,19.85611754804122,18.64312763142782,18.3266954792678
2020-02-04,2020-02-03,300013,5.11,4.69,4.71
2020-02-04,2020-02-03,300142,25.34330953575361,25.76816813615806,26.47955928102132
2020-02-04,2020-02-03,300180,8.117626604601535,8.466664603570887,8.446719575058353
2020-02-04,2020-02-03,300267,4.587154966563975,4.743646393994729,4.684962108708197
2020-02-04,2020-02-03,300299,3.8,3.59,3.64
2020-02-04,2020-02-03,300310,4.47,4.28,4.27
2020-02-04,2020-02-03,300385,6.32360546522132,5.964380081300813,6.044896115627823
2020-02-04,2020-02-03,300469,14.02,13.09,12.74
2020-02-04,2020-02-03,300472,10.97249316314926,9.878228205808901,10.02744615453713
2020-02-04,2020-02-03,300578,32.67165838176179,35.93981758139682,35.93981758139682
2020-02-04,2020-02-03,300628,34.32860444232879,35.27840772729441,35.27429602476209
2020-02-04,2020-02-03,300663,15.20681138711479,14.34868423534847,14.31542349303195
2020-02-04,2020-02-03,300748,11.93612105537357,11.14501883139054,10.9911933989494
2020-02-04,2020-02-03,600352,11.69476910828025,11.57811305732484,11.52950636942675
2020-02-04,2020-02-03,600371,7.675389551979985,7.013847651319614,7.14164551849264
2020-02-04,2020-02-03,600379,4.601366786062092,4.544206950210389,4.601366786062092
2020-02-04,2020-02-03,600422,9.682722174447452,9.875990082121055,9.875990082121055
2020-02-04,2020-02-03,600592,11.42626379718294,10.5365137474023,11.08909535726606
2020-02-04,2020-02-03,600725,2.38,2.26,2.26
2020-02-04,2020-02-03,600797,8.335410198445066,7.978603103148965,8.018248335959642
2020-02-04,2020-02-03,600867,10.15586122259186,10.23941035513603,10.23941035513603
2020-02-04,2020-02-03,601008,3.397914110476072,3.18804294482902,3.228018404952268
2020-02-05,2020-02-04,000031,5.184288160297924,5.193996565092489,5.252246993859882
2020-02-05,2020-02-04,000037,9.952012645951207,9.772876418324085,9.991820696535012
2020-02-05,2020-02-04,000520,3.19,3.22,3.24
2020-02-05,2020-02-04,000723,6.54,6.61,6.74
2020-02-05,2020-02-04,000893,5.307498397507287,5.367357401990452,5.377333902737646
2020-02-05,2020-02-04,000902,6.338127925117005,6.269765990639626,6.367425897035882
2020-02-05,2020-02-04,000966,3.591728268543892,3.610386597211653,3.675690747548814
2020-02-05,2020-02-04,002177,4.517313316168958,4.557113433492033,4.616813609476644
2020-02-05,2020-02-04,002194,12.46380915739855,13.03554352241683,13.31324307114
2020-02-05,2020-02-04,002198,5.004456981664316,5.004456981664316,5.133540197461213
2020-02-05,2020-02-04,002199,7.56,7.68,7.76
2020-02-05,2020-02-04,002205,6.965372670663996,7.034027777632906,7.215027605096397
2020-02-05,2020-02-04,002274,5.65,5.65,5.71
2020-02-05,2020-02-04,002565,4.613179882494781,4.642625711531982,4.72114792229785
2020-02-05,2020-02-04,002716,2.12,2.12,2.14
2020-02-05,2020-02-04,002835,9.62693866881083,9.746356801152947,9.819844882594252
2020-02-05,2020-02-04,300194,5.848506264059405,5.878093985462741,5.97671972347386
2020-02-05,2020-02-04,300267,4.841453536138951,5.11531353414277,5.11531353414277
2020-02-05,2020-02-04,300339,10.30556354940652,10.60514388514508,10.49529776204095
2020-02-05,2020-02-04,300565,8.83,9,9.199999999999999
2020-02-05,2020-02-04,300589,6.146611757027301,6.19344308469989,6.251982244290626
2020-02-05,2020-02-04,300615,15.57687634911192,15.72551066542024,15.92368975383133
2020-02-05,2020-02-04,300663,14.15577192991263,14.41520571998152,14.54159654078431
2020-02-05,2020-02-04,600359,4.55,4.57,4.64
2020-02-05,2020-02-04,600410,8.832975527988099,8.972234151177098,9.031916418258099
2020-02-05,2020-02-04,600470,3.01,2.97,3.04
2020-02-05,2020-02-04,600592,10.92051113730763,11.14529009725221,11.4637269571737
2020-02-05,2020-02-04,600725,2.26,2.28,2.29
2020-02-05,2020-02-04,600734,4.67,4.55,4.59
2020-02-05,2020-02-04,600763,67.34751198785564,67.14436263819391,68.30721753625758
2020-02-05,2020-02-04,600860,4,4.04,4.05
2020-02-05,2020-02-04,600892,3.23,3.13,3.26
2020-02-05,2020-02-04,603333,7.438775507771239,7.051959181367135,6.932938773242794
2020-02-05,2020-02-04,603779,5.263511627649151,5.273499315747157,5.343413132433199
2020-02-06,2020-02-05,000031,5.271663803449012,5.223121779476186,5.252246993859882
2020-02-06,2020-02-05,000037,10.66855755645969,10.35009315178926,10.48942132883257
2020-02-06,2020-02-05,000520,3.26,3.25,3.24
2020-02-06,2020-02-05,000723,6.82,6.78,6.79
2020-02-06,2020-02-05,000893,5.337427899748869,5.397286904232034,5.38731040348484
2020-02-06,2020-02-05,000902,6.533447737909517,6.504149765990641,6.719001560062403
2020-02-06,2020-02-05,000966,3.647703254547173,3.582399104210011,3.601057432877772
2020-02-06,2020-02-05,002177,4.586963521484339,4.567063462822802,4.586963521484339
2020-02-06,2020-02-05,002194,13.51743391578938,13.28874016978207,13.50109864821743
2020-02-06,2020-02-05,002198,5.33212976022567,5.272552891396333,5.351988716502116
2020-02-06,2020-02-05,002199,8.06,8.109999999999999,8.210000000000001
2020-02-06,2020-02-05,002205,7.495889406332848,7.533337646497709,7.570785886662569
2020-02-06,2020-02-05,002274,5.72,5.67,5.67
2020-02-06,2020-02-05,002565,4.799670133063718,4.770224304026518,4.789854856717985
2020-02-06,2020-02-05,002716,2.19,2.15,2.16
2020-02-06,2020-02-05,002835,9.764728821513275,9.62693866881083,9.783100841873599
2020-02-06,2020-02-05,300194,6.302184658910557,6.203558920899437,6.272596937507221
2020-02-06,2020-02-05,300267,5.330489246860057,5.4380771032187,5.506542102719655
2020-02-06,2020-02-05,300339,10.47532573965838,10.54522781799737,10.51526978442352
2020-02-06,2020-02-05,300565,9.35,9.4,9.4
2020-02-06,2020-02-05,300589,6.222712664495258,6.234420496413406,6.304667487922289
2020-02-06,2020-02-05,300615,15.98314348035466,16.07232407013965,16.05250616129854
2020-02-06,2020-02-05,300663,14.37529282920169,14.41520571998152,14.53494439232101
2020-02-06,2020-02-05,600359,4.81,4.95,5.06
2020-02-06,2020-02-05,600410,8.902604839582597,8.773293260907097,8.872763706042099
2020-02-06,2020-02-05,600470,3.09,3.06,3.06
2020-02-06,2020-02-05,600592,11.64167696712983,11.67914012712059,11.58548222714368
2020-02-06,2020-02-05,600725,2.26,2.25,2.25
2020-02-06,2020-02-05,600734,4.67,4.49,4.47
2020-02-06,2020-02-05,600763,67.37553258780899,67.10933688825224,68.3702638861526
2020-02-06,2020-02-05,600860,4.03,4.03,4.06
2020-02-06,2020-02-05,600892,3.32,3.24,3.24
2020-02-06,2020-02-05,603333,7.369346936365374,7.051959181367135,7.002367344648659
2020-02-06,2020-02-05,603779,5.24353625145314,5.213573187159121,5.24353625145314
2020-02-07,2020-02-06,000031,5.32020582742184,5.261955398654447,5.261955398654447
2020-02-07,2020-02-06,000037,10.82778975879491,10.60884548058399,10.64865353116779
2020-02-07,2020-02-06,000520,3.28,3.25,3.27
2020-02-07,2020-02-06,000723,6.96,6.95,7.02
2020-02-07,2020-02-06,000893,5.616769920670305,5.556910916187141,5.576863917681528
2020-02-07,2020-02-06,000902,6.933853354134166,7.031513260530422,6.972917316692668
2020-02-07,2020-02-06,000966,3.657032418881053,3.610386597211653,3.619715761545533
2020-02-07,2020-02-06,002177,4.716313902784331,4.726263932115099,4.776014078768942
2020-02-07,2020-02-06,002194,13.83597163344242,14.04833011187779,14.23618568895522
2020-02-07,2020-02-06,002198,5.560507757404795,5.709449929478138,5.67966149506347
2020-02-07,2020-02-06,002199,8.210000000000001,8.35,8.300000000000001
2020-02-07,2020-02-06,002205,7.583268633384189,7.558303139940948,7.608234126827429
2020-02-07,2020-02-06,002274,5.78,5.74,5.83
2020-02-07,2020-02-06,002565,4.878192343829586,4.878192343829586,4.897822896521054
2020-02-07,2020-02-06,002716,2.17,2.17,2.19
2020-02-07,2020-02-06,002835,9.985193065837185,10.09542518799914,10.07705316763882
2020-02-07,2020-02-06,300194,6.282459511308333,6.272596937507221,6.479710987330573
2020-02-07,2020-02-06,300267,5.653252815935987,5.594568530649454,5.770621386509053
2020-02-07,2020-02-06,300339,11.11443045590064,11.1443884894745,11.13440247828321
2020-02-07,2020-02-06,300565,9.380000000000001,9.380000000000001,9.42
2020-02-07,2020-02-06,300589,6.380768395390246,6.339790983676731,6.40418405922654
2020-02-07,2020-02-06,300615,16.13177779666298,16.04259720687799,16.19123152318631
2020-02-07,2020-02-06,300663,15.20681138711479,15.94519986654163,15.64585318569291
2020-02-07,2020-02-06,600359,5.29,5.25,5.33
2020-02-07,2020-02-06,600410,9.399957065257603,9.678474311635608,9.588950911014106
2020-02-07,2020-02-06,600470,3.2,3.21,3.21
2020-02-07,2020-02-06,600592,11.79152960709289,11.75406644710212,12.10996646701438
2020-02-07,2020-02-06,600725,2.24,2.21,2.22
2020-02-07,2020-02-06,600734,4.65,4.6,4.63
2020-02-07,2020-02-06,600763,69.67322178398297,70.21962348307312,69.49108788428626
2020-02-07,2020-02-06,600860,4.38,4.27,4.31
2020-02-07,2020-02-06,600892,3.42,3.45,3.59
2020-02-07,2020-02-06,603333,7.131306120116695,7.071795916054525,7.101551018085609
2020-02-07,2020-02-06,603779,5.333425444335194,5.263511627649151,5.293474691943169
2020-02-10,2020-02-07,000031,5.300789017832709,5.252246993859882,5.281372208243578
2020-02-10,2020-02-07,000037,10.51927736677043,10.37994918972711,10.37994918972711
2020-02-10,2020-02-07,000520,3.29,3.27,3.31
2020-02-10,2020-02-07,000723,7.05,6.98,7.13
2020-02-10,2020-02-07,000893,5.586840418428722,5.606793419923111,5.646699422911888
2020-02-10,2020-02-07,000902,6.816661466458659,6.83619344773791,6.885023400936038
2020-02-10,2020-02-07,000966,3.629044925879413,3.582399104210011,3.629044925879413
2020-02-10,2020-02-07,002177,4.925264518730472,4.925264518730472,5.004864753376621
2020-02-10,2020-02-07,002194,14.17084461866742,14.21985042138327,14.49754997010644
2020-02-10,2020-02-07,002198,5.491001410437236,5.40163610719323,5.371847672778562
2020-02-10,2020-02-07,002199,8.380000000000001,8.59,8.460000000000001
2020-02-10,2020-02-07,002205,7.514613526415278,7.552061766580138,7.68937198051796
2020-02-10,2020-02-07,002274,5.8,5.85,6.01
2020-02-10,2020-02-07,002565,4.878192343829586,4.848746514792387,4.917453449212521
2020-02-10,2020-02-07,002716,2.21,2.18,2.19
2020-02-10,2020-02-07,002835,10.15054124908012,10.08623917781898,10.31588943232305
2020-02-10,2020-02-07,300194,6.104933182888318,5.986582297274974,6.006307444877197
2020-02-10,2020-02-07,300267,5.408734960575434,5.25224353314468,5.222901390501414
2020-02-10,2020-02-07,300339,11.63370303784748,11.80346522809933,11.85339528405576
2020-02-10,2020-02-07,300565,9.449999999999999,9.529999999999999,9.59
2020-02-10,2020-02-07,300589,6.40418405922654,6.451015386899129,6.486138882653571
2020-02-10,2020-02-07,300615,16.57768074558794,16.42904642927962,16.67677028979348
2020-02-10,2020-02-07,300663,15.69907037339935,16.01837349963798,15.99841705424807
2020-02-10,2020-02-07,600359,5.16,5.09,5.43
2020-02-10,2020-02-07,600410,9.976885647040609,9.867468157392109,10.19572062633761
2020-02-10,2020-02-07,600470,3.2,3.21,3.22
2020-02-10,2020-02-07,600592,11.98821119704439,12.04440593703054,12.22235594698667
2020-02-10,2020-02-07,600725,2.21,2.19,2.18
2020-02-10,2020-02-07,600734,4.55,4.7,4.69
2020-02-10,2020-02-07,600763,69.6802269339713,68.93768103520776,68.86062438533607
2020-02-10,2020-02-07,600860,4.24,4.27,4.42
2020-02-10,2020-02-07,600892,3.76,4.11,4.14
2020-02-10,2020-02-07,603333,7.042040814023439,7.002367344648659,7.051959181367135
2020-02-10,2020-02-07,603779,5.303462380041175,5.263511627649151,5.293474691943169
2020-02-11,2020-02-10,000031,5.436706684956624,5.426998280162059,5.494957113724017
2020-02-11,2020-02-10,000037,10.51927736677043,10.41975724031091,10.44961327824877
2020-02-11,2020-02-10,000520,3.39,3.41,3.46
2020-02-11,2020-02-10,000723,7.19,7.11,7.27
2020-02-11,2020-02-10,000893,5.965947446822101,6.025806451305265,5.926041443833324
2020-02-11,2020-02-10,000902,7.060811232449299,7.0998751950078,7.051045241809673
2020-02-11,2020-02-10,000966,3.759653226553736,3.731665733552096,3.787640719555377
2020-02-11,2020-02-10,002177,4.975014665384315,4.925264518730472,4.905364460068935
2020-02-11,2020-02-10,002194,14.54655577282229,14.60372920932411,14.51388523767839
2020-02-11,2020-02-10,002198,5.242764456981664,5.183187588152327,5.153399153737659
2020-02-11,2020-02-10,002199,8.41,8.4,8.449999999999999
2020-02-11,2020-02-10,002205,7.8391649411774,7.820440821094969,7.820440821094969
2020-02-11,2020-02-10,002274,6.38,6.33,6.21
2020-02-11,2020-02-10,002565,4.966529830941189,4.946899278249722,4.966529830941189
2020-02-11,2020-02-10,002716,2.32,2.31,2.34
2020-02-11,2020-02-10,002835,10.2791453916024,10.33426145268338,10.19647129998094
2020-02-11,2020-02-10,300194,5.809055968854957,5.730155378446061,5.641392214236054
2020-02-11,2020-02-10,300267,5.095752105713926,5.066409963070659,4.997944963569705
2020-02-11,2020-02-10,300339,11.86338129524704,12.01317146311633,11.76352118333419
2020-02-11,2020-02-10,300565,9.640000000000001,9.720000000000001,9.65
2020-02-11,2020-02-10,300589,6.538824126285234,6.521262378408013,6.509554546489865
2020-02-11,2020-02-10,300615,16.73622401631681,16.70649715305515,16.62722551769071
2020-02-11,2020-02-10,300663,15.87202623344527,15.73898326417918,15.59928814644978
2020-02-11,2020-02-10,600359,5.68,5.91,5.62
2020-02-11,2020-02-10,600410,9.94704451350011,9.817732934824607,9.787891801284108
2020-02-11,2020-02-10,600470,3.34,3.3,3.3
2020-02-11,2020-02-10,600592,12.48459806692201,12.41903753693818,12.48459806692201
2020-02-11,2020-02-10,600725,2.24,2.23,2.25
2020-02-11,2020-02-10,600734,5.01,5.16,5.19
2020-02-11,2020-02-10,600763,69.30895398458954,69.00773253509112,68.79757803544105
2020-02-11,2020-02-10,600860,4.45,4.39,4.48
2020-02-11,2020-02-10,600892,4.04,3.97,3.89
2020-02-11,2020-02-10,603333,7.190816324178864,7.319755099646899,7.319755099646899
2020-02-11,2020-02-10,603779,5.443290013413259,5.443290013413259,5.493228453903289
2020-02-12,2020-02-11,000031,5.44641508975119,5.397873065778362,5.359039446600101
2020-02-12,2020-02-11,000037,10.37994918972711,10.36999717708116,10.31028510120545
2020-02-12,2020-02-11,000632,5.2,5.17,5.18
2020-02-12,2020-02-11,000669,2.85,2.82,2.82
2020-02-12,2020-02-11,000723,7.5,7.41,7.51
2020-02-12,2020-02-11,000893,5.965947446822101,5.936017944580518,5.975923947569295
2020-02-12,2020-02-11,000958,4.530297548539844,4.520719752454135,4.511141956368427
2020-02-12,2020-02-11,000966,3.824957376890898,3.815628212557018,3.778311555221497
2020-02-12,2020-02-11,000993,6.031609387563829,6.012339070031677,6.0027039112656
2020-02-12,2020-02-11,002194,14.44854416739058,14.42404126603266,14.3750354633168
2020-02-12,2020-02-11,002198,5.153399153737659,5.183187588152327,5.212976022566996
2020-02-12,2020-02-11,002205,7.889095928063881,7.889095928063881,7.87037180798145
2020-02-12,2020-02-11,002634,5.15,5.14,5.17
2020-02-12,2020-02-11,002674,9.13280487804878,9.15219512195122,9.15219512195122
2020-02-12,2020-02-11,002759,7.60036336381267,7.60036336381267,7.619411893546537
2020-02-12,2020-02-11,002869,39.37949057073221,39.12106266386178,39.20105225408358
2020-02-12,2020-02-11,300099,5.15635122484823,5.182703956832122,5.200272444821383
2020-02-12,2020-02-11,300267,5.007725677784127,5.076190677285082,5.046848534641815
2020-02-12,2020-02-11,300527,10.16303200995576,10.07362117115849,10.06368663351435
2020-02-12,2020-02-11,300530,18.9402222487267,18.90155558200593,18.90800002645939
2020-02-12,2020-02-11,300552,46.25659424292141,46.08606301990604,45.91553179689065
2020-02-12,2020-02-11,300565,9.69,9.710000000000001,9.73
2020-02-12,2020-02-11,300573,24.26822455084544,24.14172351752141,24.28154044909007
2020-02-12,2020-02-11,300589,6.538824126285234,6.509554546489865,6.53297021032616
2020-02-12,2020-02-11,300663,15.57933170105986,15.61259244337639,15.73898326417918
2020-02-12,2020-02-11,600072,12.01737723967762,11.95832378886839,11.96816603066993
2020-02-12,2020-02-11,600422,10.39781343283978,10.47512059590922,10.31084287438666
2020-02-12,2020-02-11,600536,39.78073496530813,39.4561147244933,39.4029950487236
2020-02-12,2020-02-11,600592,12.39094016694511,12.23172173698436,12.31601384696358
2020-02-12,2020-02-11,600644,4.9009074070461,4.9009074070461,4.9009074070461
2020-02-12,2020-02-11,600725,2.35,2.38,2.36
2020-02-12,2020-02-11,600793,9.657142857142858,9.62857142857143,9.621428571428574
2020-02-12,2020-02-11,600794,3.147707154544054,3.166443506654436,3.157075330599246
2020-02-12,2020-02-11,600855,10.84564329264514,10.82597757497942,10.81614471614655
2020-02-12,2020-02-11,603333,7.319755099646899,7.349510201677984,7.289999997615814
2020-02-13,2020-02-12,000031,5.436706684956624,5.494957113724017,5.786209257560979
2020-02-13,2020-02-12,000037,10.37994918972711,10.33018912649735,10.3401411391433
2020-02-13,2020-02-12,000632,5.22,5.2,5.24
2020-02-13,2020-02-12,000669,2.87,2.95,2.92
2020-02-13,2020-02-12,000723,7.61,7.72,7.88
2020-02-13,2020-02-12,000893,5.965947446822101,5.985900448316489,5.936017944580518
2020-02-13,2020-02-12,000958,4.568608732882675,4.559030936796967,4.597342121139798
2020-02-13,2020-02-12,000966,3.871603198560299,3.834286541224778,3.9182490202297
2020-02-13,2020-02-12,000993,6.099055498926364,6.099055498926364,6.070150022628135
2020-02-13,2020-02-12,002194,14.61189684311009,14.57105867418021,14.55472340660826
2020-02-13,2020-02-12,002198,5.173258110014104,5.133540197461213,5.113681241184768
2020-02-13,2020-02-12,002205,7.92030279486793,7.92654416822874,7.945268288311171
2020-02-13,2020-02-12,002634,5.18,5.18,5.22
2020-02-13,2020-02-12,002674,9.210365853658537,9.171585365853659,9.181280487804878
2020-02-13,2020-02-12,002759,8.01943101795773,7.971809693623063,7.876567044953732
2020-02-13,2020-02-12,002869,39.86558115746469,40.41935524361561,41.23155723663696
2020-02-13,2020-02-12,300099,5.296899128762321,5.384741568708628,5.340820348735475
2020-02-13,2020-02-12,300267,5.027287106212971,4.997944963569705,4.968602820926439
2020-02-13,2020-02-12,300527,10.15309747231162,10.1232938593792,10.11335932173505
2020-02-13,2020-02-12,300530,18.86288891528515,18.72111113730897,18.81777780411091
2020-02-13,2020-02-12,300552,46.40580906305986,46.52304927888294,46.29922704867526
2020-02-13,2020-02-12,300565,10.06,10.18,10.05
2020-02-13,2020-02-12,300573,24.36476481311903,24.23493480523385,24.08845992454287
2020-02-13,2020-02-12,300589,6.603217201835043,6.620778949712265,6.626632865671338
2020-02-13,2020-02-12,300663,16.16472076583069,16.56384967362897,16.19798150814721
2020-02-13,2020-02-12,600072,12.09611517408992,12.18469535030376,12.20437983390684
2020-02-13,2020-02-12,600422,10.36882324668874,10.27218929285194,10.27218929285194
2020-02-13,2020-02-12,600536,41.00838969420785,40.80771536352231,40.46538856411759
2020-02-13,2020-02-12,600592,12.43776911693356,12.34411121695665,12.4939638569197
2020-02-13,2020-02-12,600644,4.950814814449828,4.930851851488337,4.950814814449828
2020-02-13,2020-02-12,600725,2.36,2.33,2.33
2020-02-13,2020-02-12,600793,9.75714285714286,9.72857142857143,9.72857142857143
2020-02-13,2020-02-12,600794,3.185179858764817,3.185179858764817,3.203916210875199
2020-02-13,2020-02-12,600855,10.96363759863946,11.11113048113237,11.06196618696807
2020-02-13,2020-02-12,603333,7.369346936365374,7.369346936365374,7.359428569021679
2020-02-14,2020-02-13,000031,5.611457971258802,5.640583185642497,5.650291590437064
2020-02-14,2020-02-13,000037,10.35009315178926,10.3202371138514,10.36999717708116
2020-02-14,2020-02-13,000632,5.12,5.12,5.12
2020-02-14,2020-02-13,000669,2.8,2.78,2.8
2020-02-14,2020-02-13,000723,8.109999999999999,8.029999999999999,7.93
2020-02-14,2020-02-13,000893,5.856205938602965,5.846229437855771,5.856205938602965
2020-02-14,2020-02-13,000958,4.50156416028272,4.472830772025596,4.491986364197012
2020-02-14,2020-02-13,000966,3.93690734889746,3.946236513231341,3.955565677565221
2020-02-14,2020-02-13,000993,6.021974228797753,6.0027039112656,6.012339070031677
2020-02-14,2020-02-13,002194,14.29335912545705,14.2443533227412,14.3423649281729
2020-02-14,2020-02-13,002198,5.014386459802538,5.05410437235543,5.034245416078985
2020-02-14,2020-02-13,002205,7.79547532765173,7.76426846084768,7.79547532765173
2020-02-14,2020-02-13,002634,5.13,5.07,5.08
2020-02-14,2020-02-13,002674,8.997073170731706,8.997073170731706,8.997073170731706
2020-02-14,2020-02-13,002759,7.828945720619067,7.819421455752134,7.771800131417468
2020-02-14,2020-02-13,002869,41.44076078029397,41.90223918541974,42.35141149974216
2020-02-14,2020-02-13,300099,5.235409420799906,5.217840932810645,5.217840932810645
2020-02-14,2020-02-13,300267,4.909918535639905,4.92947996406875,4.92947996406875
2020-02-14,2020-02-13,300527,9.924603106496384,9.964341257072947,9.904734031208104
2020-02-14,2020-02-13,300530,18.69533335949512,18.68888891504166,18.68888891504166
2020-02-14,2020-02-13,300552,48.04717208458288,46.93871913498293,47.15188316375215
2020-02-14,2020-02-13,300565,9.98,9.98,9.91
2020-02-14,2020-02-13,300573,23.78552323947745,24.03519633156434,23.83545785789483
2020-02-14,2020-02-13,300589,6.573947622039675,6.515408462448939,6.509554546489865
2020-02-14,2020-02-13,300663,16.26450299278026,16.05828639041781,16.09819928119764
2020-02-14,2020-02-13,600072,11.91895482166224,11.88942809625763,11.85990137085301
2020-02-14,2020-02-13,600422,10.34949645592138,10.27218929285194,10.22387231593354
2020-02-14,2020-02-13,600536,40.07584427513979,40.11125739231959,40.44768200552769
2020-02-14,2020-02-13,600592,12.25045331697974,12.12869804700976,12.19425857699359
2020-02-14,2020-02-13,600644,4.870962962603863,4.860981481123117,4.880944444084609
2020-02-14,2020-02-13,600725,2.29,2.29,2.28
2020-02-14,2020-02-13,600793,9.692857142857145,9.607142857142858,9.678571428571431
2020-02-14,2020-02-13,600794,3.138338978488864,3.128970802433673,3.119602626378483
2020-02-14,2020-02-13,600855,10.98330331630518,10.93413902214088,10.87514186914372
2020-02-14,2020-02-13,603333,7.121387752772999,7.071795916054525,7.06187754871083
2020-02-17,2020-02-14,000031,5.990085758246853,5.82504287673924,5.844459686328371
2020-02-17,2020-02-14,000037,10.2804290632676,10.87754982202467,10.79793372085706
2020-02-17,2020-02-14,000632,5.1,5.12,5.15
2020-02-17,2020-02-14,000669,2.76,2.82,2.87
2020-02-17,2020-02-14,000723,7.91,8.02,7.94
2020-02-17,2020-02-14,000893,5.786370433372606,5.926041443833324,5.955970946074906
2020-02-17,2020-02-14,000958,4.511141956368427,4.578186528968383,4.578186528968383
2020-02-17,2020-02-14,000966,3.964894841899102,3.964894841899102,3.955565677565221
2020-02-17,2020-02-14,000993,6.012339070031677,6.050879705095983,6.089420340160288
2020-02-17,2020-02-14,002194,14.48938233632046,14.57922630796619,14.65273501203997
2020-02-17,2020-02-14,002198,4.994527503526093,5.044174894217208,5.083892806770099
2020-02-17,2020-02-14,002205,7.720578847322009,7.801716701012539,7.87661318134226
2020-02-17,2020-02-14,002634,5.08,5.12,5.17
2020-02-17,2020-02-14,002674,8.861341463414634,8.997073170731706,9.113414634146341
2020-02-17,2020-02-14,002759,7.781324396284401,7.781324396284401,7.828945720619067
2020-02-17,2020-02-14,002869,42.04375922965831,42.5236967709891,42.88672644968805
2020-02-17,2020-02-14,300099,5.226625176805276,5.340820348735475,5.349604592730105
2020-02-17,2020-02-14,300267,4.851234250353373,4.900137821425483,4.900137821425483
2020-02-17,2020-02-14,300527,9.845126805343261,10.03388302058193,10.25244284875302
2020-02-17,2020-02-14,300530,18.48911113698432,18.44400002581008,18.49555558143778
2020-02-17,2020-02-14,300552,46.68292230045985,46.96003553785985,47.10392125727908
2020-02-17,2020-02-14,300565,9.94,10.05,10.22
2020-02-17,2020-02-14,300573,23.83212888333367,24.09511787366519,24.34146199119092
2020-02-17,2020-02-14,300589,6.491992798612644,6.620778949712265,6.714441605057442
2020-02-17,2020-02-14,300663,16.27780728970687,16.7368055336749,16.61706686133541
2020-02-17,2020-02-14,600072,11.85990137085301,12.10595741589146,12.29296001012068
2020-02-17,2020-02-14,600422,10.16589194363146,10.41714022360714,10.35915985130506
2020-02-17,2020-02-14,600536,40.51850823988729,40.77820443253915,40.48309512270749
2020-02-17,2020-02-14,600592,12.25045331697974,12.4939638569197,12.39094016694511
2020-02-17,2020-02-14,600644,4.880944444084609,4.940833332969082,5.030666666295793
2020-02-17,2020-02-14,600725,2.29,2.29,2.37
2020-02-17,2020-02-14,600793,9.607142857142858,9.678571428571431,9.707142857142859
2020-02-17,2020-02-14,600794,3.138338978488864,3.175811682709627,3.175811682709627
2020-02-17,2020-02-14,600855,10.89480758680944,11.13079619879809,11.38645052845246
2020-02-17,2020-02-14,603333,7.081714283398219,7.131306120116695,7.121387752772999
2020-02-18,2020-02-17,000031,5.922126924684894,5.844459686328371,5.815334471944675
2020-02-18,2020-02-17,000037,10.95716592319228,11.23582227727891,11.06663806229774
2020-02-18,2020-02-17,000632,5.21,5.2,5.2
2020-02-18,2020-02-17,000669,2.93,2.96,2.93
2020-02-18,2020-02-17,000723,8.15,8.24,8.449999999999999
2020-02-18,2020-02-17,000893,5.955970946074906,6.035782952052459,6.015829950558071
2020-02-18,2020-02-17,000958,4.645231101568338,4.664386693739754,4.664386693739754
2020-02-18,2020-02-17,000966,4.011540663568502,4.020869827902382,3.992882334900743
2020-02-18,2020-02-17,000993,6.195407086587128,6.205042245353205,6.185771927821052
2020-02-18,2020-02-17,002194,14.89776402561923,15.12645777162655,15.23263701084423
2020-02-18,2020-02-17,002198,5.113681241184768,5.222905500705219,5.153399153737659
2020-02-18,2020-02-17,002205,8.013923395280081,8.120026742413851,8.070095755527371
2020-02-18,2020-02-17,002634,5.23,5.28,5.32
2020-02-18,2020-02-17,002674,9.113414634146341,9.249146341463414,9.249146341463414
2020-02-18,2020-02-17,002759,7.933712634155332,7.943236899022264,7.981333958489998
2020-02-18,2020-02-17,002869,43.63739798869263,45.34794461035881,45.24949588393198
2020-02-18,2020-02-17,300099,5.463799764660305,5.498936740638827,5.481368252649566
2020-02-18,2020-02-17,300267,4.939260678283172,4.968602820926439,5.007725677784127
2020-02-18,2020-02-17,300527,10.37165730048271,10.45113360163583,10.46106813927997
2020-02-18,2020-02-17,300530,18.87577780419208,19.0433333599821,18.81777780411091
2020-02-18,2020-02-17,300552,48.05250118530211,50.98883568159817,51.80418809164044
2020-02-18,2020-02-17,300565,10.43,10.44,10.45
2020-02-18,2020-02-17,300573,25.14707383499128,25.14041588586896,24.85079509904817
2020-02-18,2020-02-17,300589,6.802250344443546,6.878351251911504,6.884205167870577
2020-02-18,2020-02-17,300663,16.869848502941,16.99623932374379,16.92971783911074
2020-02-18,2020-02-17,600072,12.47012036254836,12.7161764075868,12.76538761659449
2020-02-18,2020-02-17,600422,10.36882324668874,10.89064659740746,10.73603227126858
2020-02-18,2020-02-17,600536,41.49236896233177,41.9055219960961,42.67870838785505
2020-02-18,2020-02-17,600592,12.63445070688507,12.90605861681811,12.89669282682041
2020-02-18,2020-02-17,600644,5.050629629257283,5.120499999622504,5.090555555180266
2020-02-18,2020-02-17,600725,2.33,2.31,2.31
2020-02-18,2020-02-17,600793,9.800000000000002,9.785714285714286,9.857142857142859
2020-02-18,2020-02-17,600794,3.278861619316724,3.288229795371914,3.250757091151152
2020-02-18,2020-02-17,600855,11.50444483444679,11.71093486993686,11.78959774059975
2020-02-18,2020-02-17,603333,7.359428569021679,7.339591834334289,7.280081630272119
2020-02-19,2020-02-18,000159,5.24,5.2,5.23
2020-02-19,2020-02-18,000568,66.83177060218568,66.35870144090896,66.50492281803085
2020-02-19,2020-02-18,000723,8.380000000000001,8.43,8.390000000000001
2020-02-19,2020-02-18,000811,5.26770808056297,5.290512011647658,5.358923804901723
2020-02-19,2020-02-18,000858,100.9770535972832,100.6906286944624,100.9443193226751
2020-02-19,2020-02-18,000958,4.741009062425418,4.721853470254001,4.788898042853956
2020-02-19,2020-02-18,000966,3.992882334900743,3.983553170566862,4.002211499234622
2020-02-19,2020-02-18,000990,9.078498216189081,9.456477324650306,9.421479259052045
2020-02-19,2020-02-18,002122,1.7,1.75,1.79
2020-02-19,2020-02-18,002194,15.77986847450458,15.95138878401007,15.85337717857836
2020-02-19,2020-02-18,002198,5.173258110014104,5.133540197461213,5.113681241184768
2020-02-19,2020-02-18,002205,8.269819703073292,8.319750689959772,8.344716183403012
2020-02-19,2020-02-18,002265,8.512110787647458,8.561889213306214,8.551933528174464
2020-02-19,2020-02-18,002438,7.473366782378267,7.434943302777349,7.454155042577807
2020-02-19,2020-02-18,002634,5.38,5.34,5.35
2020-02-19,2020-02-18,002674,9.375182926829268,9.258841463414635,9.307317073170731
2020-02-19,2020-02-18,002783,11.34992125984252,11.4392125984252,11.34
2020-02-19,2020-02-18,002832,20.3395555582857,20.34834534029014,20.68235705645905
2020-02-19,2020-02-18,300119,15.15038161236876,15.12230802074609,15.37497034535014
2020-02-19,2020-02-18,300174,16.36702346114176,15.78565417504461,15.94331364246078
2020-02-19,2020-02-18,300267,5.007725677784127,4.949041392497594,4.919699249854328
2020-02-19,2020-02-18,300310,5.06,5.05,5.06
2020-02-19,2020-02-18,300339,13.03174460462744,12.97182853747972,13.03174460462744
2020-02-19,2020-02-18,300414,11.42293253705991,11.45257682565089,11.40316967799925
2020-02-19,2020-02-18,300472,12.15628888972656,12.09660171023527,12.07670598373817
2020-02-19,2020-02-18,300527,10.53060990278896,10.51074082750068,10.45113360163583
2020-02-19,2020-02-18,300536,8.087397414107073,8.137135405583747,8.226663790241759
2020-02-19,2020-02-18,300573,25.10379716569622,24.6876753455514,24.80751842975311
2020-02-19,2020-02-18,300663,17.26897741073929,17.16254303532641,17.00289147220709
2020-02-19,2020-02-18,600081,10.86578991653221,10.98590494111973,10.88426915108413
2020-02-19,2020-02-18,600150,19.94742325024339,19.72263602106377,19.73240937885419
2020-02-19,2020-02-18,600352,12.94882165605095,12.95854299363057,12.99742834394904
2020-02-19,2020-02-18,600365,3.64,3.61,3.63
2020-02-19,2020-02-18,600422,10.71670548050122,10.49444738667658,10.4847839912929
2020-02-19,2020-02-18,600523,12.55754449856979,12.54818018499889,12.538815871428
2020-02-19,2020-02-18,600592,12.89669282682041,12.96225335680425,12.93415598681118
2020-02-19,2020-02-18,600794,3.306966147482295,3.278861619316724,3.297597971427105
2020-02-19,2020-02-18,603779,5.543166894393319,5.543166894393319,5.503216142001295
2020-02-20,2020-02-19,000159,5.28,5.28,5.25
2020-02-20,2020-02-19,000568,67.97573784672761,68.67243970242608,69.78200191705695
2020-02-20,2020-02-19,000723,8.109999999999999,8.199999999999999,8.41
2020-02-20,2020-02-19,000811,5.336119873817035,5.336119873817035,5.396930356709536
2020-02-20,2020-02-19,000858,103.1129650154606,104.2995824700036,106.0754168674921
2020-02-20,2020-02-19,000958,4.702697878082586,4.721853470254001,4.721853470254001
2020-02-20,2020-02-19,000966,3.955565677565221,3.955565677565221,3.974224006232982
2020-02-20,2020-02-19,000990,9.232489704821431,9.344483514735868,9.393480806573434
2020-02-20,2020-02-19,002122,1.79,1.75,1.76
2020-02-20,2020-02-19,002194,16.71914635989176,16.44961444495457,16.18825016380336
2020-02-20,2020-02-19,002198,5.05410437235543,5.073963328631876,5.064033850493653
2020-02-20,2020-02-19,002205,8.301026569877342,8.282302449794912,8.338474810042202
2020-02-20,2020-02-19,002265,8.502155102515706,8.551933528174464,8.482243732252202
2020-02-20,2020-02-19,002438,7.338884603775058,7.396519823176433,7.434943302777349
2020-02-20,2020-02-19,002634,5.27,5.3,5.33
2020-02-20,2020-02-19,002674,9.220060975609755,9.307317073170731,9.258841463414635
2020-02-20,2020-02-19,002783,11.45905511811024,11.45905511811024,11.70708661417323
2020-02-20,2020-02-19,002832,20.33076577628125,20.40108403231681,20.43624316033459
2020-02-20,2020-02-19,300119,15.25331811498523,15.30010743435635,15.27203384273368
2020-02-20,2020-02-19,300174,16.00243594274185,15.92360620903376,15.85463019203918
2020-02-20,2020-02-19,300267,4.851234250353373,4.880576392996639,4.870795678782217
2020-02-20,2020-02-19,300310,4.97,4.98,4.97
2020-02-20,2020-02-19,300339,13.01177258224486,12.98181454867101,12.93188449271458
2020-02-20,2020-02-19,300414,11.30435538269596,11.44269539612056,11.45257682565089
2020-02-20,2020-02-19,300472,12.04686239399253,12.21597606921786,12.10654957348382
2020-02-20,2020-02-19,300527,10.4908717522124,10.62002074158622,10.52067536514482
2020-02-20,2020-02-19,300536,8.087397414107073,8.007816627744397,8.077449815811738
2020-02-20,2020-02-19,300573,24.73428098940762,24.90405869202671,25.57984052794188
2020-02-20,2020-02-19,300663,16.80997916677125,16.89645709679422,16.84323990908778
2020-02-20,2020-02-19,600081,10.82883144742836,10.81035221287643,10.77339374377258
2020-02-20,2020-02-19,600150,19.62490244315959,19.61512908536917,19.64444915874043
2020-02-20,2020-02-19,600352,12.83216560509554,12.92937898089172,13.05575636942675
2020-02-20,2020-02-19,600365,3.56,3.63,3.69
2020-02-20,2020-02-19,600422,10.40747682822346,10.4364670143745,10.4364670143745
2020-02-20,2020-02-19,600523,12.15487901502132,12.15487901502132,12.15487901502132
2020-02-20,2020-02-19,600592,12.71874281686429,12.71874281686429,12.79366913684581
2020-02-20,2020-02-19,600794,3.278861619316724,3.288229795371914,3.278861619316724
2020-02-20,2020-02-19,603779,5.493228453903289,5.503216142001295,5.493228453903289
2020-02-21,2020-02-20,000159,5.5,5.48,5.46
2020-02-21,2020-02-20,000568,71.19260814340939,71.4592471252199,70.87436161673232
2020-02-21,2020-02-20,000723,8.92,8.94,8.93
2020-02-21,2020-02-20,000811,5.548956563940791,5.472943460325164,5.51855132249454
2020-02-21,2020-02-20,000858,106.5091460060491,107.2865850279911,106.7137352223497
2020-02-21,2020-02-20,000958,4.855942615453912,4.836787023282496,4.808053635025372
2020-02-21,2020-02-20,000966,4.002211499234622,4.011540663568502,4.020869827902382
2020-02-21,2020-02-20,000990,9.631467652641614,9.932451016786665,9.85545527247049
2020-02-21,2020-02-20,002122,1.77,1.75,1.76
2020-02-21,2020-02-20,002194,16.61296712067408,16.51495551524237,16.94784010589907
2020-02-21,2020-02-20,002198,5.083892806770099,5.064033850493653,5.073963328631876
2020-02-21,2020-02-20,002205,8.357198930124634,8.488267770701643,8.425854037093544
2020-02-21,2020-02-20,002265,8.611667638964972,8.701268805150734,8.681357434887232
2020-02-21,2020-02-20,002438,7.636666570682161,7.65587831048262,7.723119399784222
2020-02-21,2020-02-20,002634,5.42,5.41,5.43
2020-02-21,2020-02-20,002674,9.394573170731707,9.346097560975609,9.404268292682925
2020-02-21,2020-02-20,002783,11.96503937007874,11.75669291338583,11.69716535433071
2020-02-21,2020-02-20,002832,20.58566945441016,20.62961836443238,20.48019207035682
2020-02-21,2020-02-20,300119,15.3188231621048,15.18781306786566,15.12230802074609
2020-02-21,2020-02-20,300174,16.30790116086069,16.19951027701207,16.24877886057962
2020-02-21,2020-02-20,300267,4.851234250353373,4.919699249854328,4.870795678782217
2020-02-21,2020-02-20,300310,5.04,5.08,5.14
2020-02-21,2020-02-20,300339,13.03174460462744,13.28139488440957,13.35129696274857
2020-02-21,2020-02-20,300414,11.53162826189352,11.71937542296977,11.77866400015174
2020-02-21,2020-02-20,300472,12.30550683845479,12.2856111119577,12.48456837692867
2020-02-21,2020-02-20,300527,10.61008620394208,10.65975889216278,10.64982435451864
2020-02-21,2020-02-20,300536,8.18687339706042,8.137135405583747,8.196820995355754
2020-02-21,2020-02-20,300573,26.25895133841821,26.55523007436132,27.2310119102765
2020-02-21,2020-02-20,300663,17.80114928780367,18.06058307787255,18.02732233555603
2020-02-21,2020-02-20,600081,11.25385384212264,11.20765575574283,11.17993690391494
2020-02-21,2020-02-20,600150,19.81059624117754,19.98651668140506,19.91810317687213
2020-02-21,2020-02-20,600352,13.60987261146497,13.52238057324841,13.4640525477707
2020-02-21,2020-02-20,600365,3.92,4.12,4.1
2020-02-21,2020-02-20,600422,10.49444738667658,10.57175454974602,10.50411078206026
2020-02-21,2020-02-20,600523,12.19233626930489,12.32343665929742,12.31407234572652
2020-02-21,2020-02-20,600592,12.87796124682503,12.99035072679732,12.90605861681811
2020-02-21,2020-02-20,600794,3.316334323537486,3.344438851703058,3.335070675647867
2020-02-21,2020-02-20,603779,5.503216142001295,5.463265389609271,5.493228453903289
2020-02-24,2020-02-21,000159,5.52,5.45,5.44
2020-02-24,2020-02-21,000568,71.12379808358732,70.15185598860057,69.84221071940127
2020-02-24,2020-02-21,000723,8.890000000000001,9.18,9.199999999999999
2020-02-24,2020-02-21,000811,5.510950012132978,5.472943460325164,5.427335598155787
2020-02-24,2020-02-21,000858,106.3863924762688,105.3143449828541,104.864248706993
2020-02-24,2020-02-21,000958,4.798475838939664,4.817631431111081,4.827209227196788
2020-02-24,2020-02-21,000966,4.011540663568502,3.974224006232982,3.964894841899102
2020-02-24,2020-02-21,000990,10.24743360717102,10.09344211853867,10.10744134477797
2020-02-24,2020-02-21,002122,1.76,1.76,1.75
2020-02-24,2020-02-21,002194,17.96062669536003,19.75750612827463,19.75750612827463
2020-02-24,2020-02-21,002198,5.123610719322991,5.103751763046544,5.183187588152327
2020-02-24,2020-02-21,002205,8.425854037093544,8.413371290371924,8.413371290371924
2020-02-24,2020-02-21,002265,8.82073702673175,8.830692711863502,8.790869971336498
2020-02-24,2020-02-21,002438,7.732725269684454,7.790360489085827,7.780754619185598
2020-02-24,2020-02-21,002634,5.48,5.46,5.47
2020-02-24,2020-02-21,002674,9.384878048780488,9.317012195121951,9.190975609756098
2020-02-24,2020-02-21,002783,11.75669291338583,11.77653543307087,11.76661417322835
2020-02-24,2020-02-21,002832,20.45382272434348,20.47140228835237,20.44503294233904
2020-02-24,2020-02-21,300119,15.05680297362652,14.94450860713583,14.86028783226782
2020-02-24,2020-02-21,300174,16.06155824302292,16.42614576142282,16.37687717785527
2020-02-24,2020-02-21,300267,4.890357107211061,5.076190677285082,5.095752105713926
2020-02-24,2020-02-21,300310,5.18,5.7,5.7
2020-02-24,2020-02-21,300339,13.36128297393985,13.61093325372199,13.64089128729584
2020-02-24,2020-02-21,300414,11.78854542968207,12.15415832230423,12.03558116794028
2020-02-24,2020-02-21,300472,12.56415128291706,12.61389059915981,12.76310854788804
2020-02-24,2020-02-21,300527,10.60015166629794,10.47100267692411,10.46106813927997
2020-02-24,2020-02-21,300536,8.206768593651089,8.226663790241759,8.236611388537092
2020-02-24,2020-02-21,300573,27.64380475586015,27.08120805502436,26.97135189450613
2020-02-24,2020-02-21,300663,19.58392507596936,20.42209578234576,20.69483386934126
2020-02-24,2020-02-21,600081,11.64191776771308,11.23537460757072,11.34625001488227
2020-02-24,2020-02-21,600150,20.01583675477632,19.84968967233921,19.77150281001586
2020-02-24,2020-02-21,600352,13.4640525477707,13.58070859872611,13.63903662420382
2020-02-24,2020-02-21,600365,3.92,3.82,3.78
2020-02-24,2020-02-21,600422,10.63939831743178,10.8230028297217,10.86165641125642
2020-02-24,2020-02-21,600523,12.42644410857726,12.49199430357352,12.52008724428621
2020-02-24,2020-02-21,600592,13.36498232670496,13.51483496666802,13.69278497662414
2020-02-24,2020-02-21,600794,3.38191155592382,3.37254337986863,3.353807027758249
2020-02-24,2020-02-21,603779,5.523191518197307,5.523191518197307,5.463265389609271
2020-02-25,2020-02-24,000159,5.5,5.37,5.35
2020-02-25,2020-02-24,000568,69.76479940210143,68.19937054114934,68.61223090008176
2020-02-25,2020-02-24,000723,9.289999999999999,9.039999999999999,9.02
2020-02-25,2020-02-24,000811,5.412132977432663,5.229701528755156,5.229701528755156
2020-02-25,2020-02-24,000858,104.0131575671828,103.3993899182813,102.9574772110722
2020-02-25,2020-02-24,000958,4.808053635025372,4.702697878082586,4.702697878082586
2020-02-25,2020-02-24,000966,3.946236513231341,3.852944869892538,3.843615705558658
2020-02-25,2020-02-24,000990,10.21943515469241,10.18443708909415,10.45742200076059
2020-02-25,2020-02-24,002122,1.74,1.71,1.71
2020-02-25,2020-02-24,002194,19.75750612827463,21.08066280160265,21.73407350448069
2020-02-25,2020-02-24,002198,5.143469675599436,5.064033850493653,5.093822284908321
2020-02-25,2020-02-24,002205,8.388405796928682,8.219888716186812,8.288543823155722
2020-02-25,2020-02-24,002265,8.75104723080949,8.641534694360226,8.541977843042712
2020-02-25,2020-02-24,002438,8.040113106491784,7.944054407489493,8.08814245599293
2020-02-25,2020-02-24,002634,5.43,5.33,5.33
2020-02-25,2020-02-24,002674,9.200670731707318,8.987378048780487,8.977682926829267
2020-02-25,2020-02-24,002783,11.8955905511811,11.3896062992126,11.34
2020-02-25,2020-02-24,002832,21.18337463071242,20.47140228835237,20.23407817423236
2020-02-25,2020-02-24,300119,14.94450860713583,14.71056201028023,14.80414064902247
2020-02-25,2020-02-24,300174,16.93853903052539,16.63307381240655,16.7611721296822
2020-02-25,2020-02-24,300267,5.046848534641815,4.997944963569705,5.11531353414277
2020-02-25,2020-02-24,300310,5.7,6.27,6.27
2020-02-25,2020-02-24,300339,13.84061151112155,13.71079336563484,14.43977218259868
2020-02-25,2020-02-24,300414,12.41107549009277,12.31226119478949,12.70751837600263
2020-02-25,2020-02-24,300472,12.6735777786511,12.35524615469754,12.42488119743738
2020-02-25,2020-02-24,300527,10.58028259100966,10.32198461226201,10.30211553697372
2020-02-25,2020-02-24,300536,8.266454183423097,8.067502217516402,8.087397414107073
2020-02-25,2020-02-24,300573,27.49732987516918,26.88146958135485,26.96802291994498
2020-02-25,2020-02-24,300663,20.06953191379061,18.9519709719554,19.09831823814811
2020-02-25,2020-02-24,600081,11.39244810126209,11.1152595829832,11.19841613846687
2020-02-25,2020-02-24,600150,19.96696996582422,19.62490244315959,19.44898200293206
2020-02-25,2020-02-24,600352,13.56126592356688,13.32795382165605,13.20157643312102
2020-02-25,2020-02-24,600365,3.83,3.73,3.71
2020-02-25,2020-02-24,600422,10.75535906203594,10.57175454974602,10.64906171281546
2020-02-25,2020-02-24,600523,12.40771548143547,12.09869313359595,12.19233626930489
2020-02-25,2020-02-24,600592,13.31815337671651,13.05591125678116,12.90605861681811
2020-02-25,2020-02-24,600794,3.410016084089392,3.325702499592677,3.325702499592677
2020-02-25,2020-02-24,603779,5.473253077707278,5.363388508629211,5.373376196727217
2020-02-26,2020-02-25,000723,9.49,9.73,9.93
2020-02-26,2020-02-25,000958,4.693120081996878,4.673964489825462,4.702697878082586
2020-02-26,2020-02-25,000966,3.834286541224778,3.796969883889258,3.834286541224778
2020-02-26,2020-02-25,002099,6.93027328552011,6.860871407124344,6.860871407124344
2020-02-26,2020-02-25,002198,5.153399153737659,5.064033850493653,5.083892806770099
2020-02-26,2020-02-25,002205,8.400888543650304,8.375923050207064,8.631819358000275
2020-02-26,2020-02-25,002479,5.901176470588235,5.786218487394958,5.824537815126051
2020-02-26,2020-02-25,002565,5.319879779387598,5.437663095536401,5.447478371882134
2020-02-26,2020-02-25,002674,8.94859756097561,8.967987804878048,9.016463414634147
2020-02-26,2020-02-25,002726,6.49200524746518,6.501797110583528,6.609507604885364
2020-02-26,2020-02-25,002832,20.37471468630348,20.60324901841905,20.29560664826347
2020-02-26,2020-02-25,002869,52.17782500622017,51.32870474078877,54.06065689913331
2020-02-26,2020-02-25,300013,5.95,5.84,5.88
2020-02-26,2020-02-25,300099,5.90301196439184,5.867874988413317,5.885443476402579
2020-02-26,2020-02-25,300152,3.3,3.23,3.28
2020-02-26,2020-02-25,300267,5.154436391000458,5.076190677285082,4.988164249355282
2020-02-26,2020-02-25,300268,12.53,12.37,12.55
2020-02-26,2020-02-25,300345,6.98,6.91,6.96
2020-02-26,2020-02-25,300385,8.163087172538392,7.940119692863596,8.057796973803072
2020-02-26,2020-02-25,300469,15.75,15.36,15.43
2020-02-26,2020-02-25,300472,12.36519401794609,12.2657153854606,12.2259239324664
2020-02-26,2020-02-25,300513,18.89307826732364,18.44230980243936,18.65789472042749
2020-02-26,2020-02-25,300527,10.2723119240413,10.44119906399169,10.62995527923036
2020-02-26,2020-02-25,300573,26.69171803136882,28.16312478740087,28.86220944524416
2020-02-26,2020-02-25,300663,19.43092566131335,18.96527526888201,19.07836179275819
2020-02-26,2020-02-25,600072,12.38154018633452,12.73586089118987,12.96223245262524
2020-02-26,2020-02-25,600150,19.44898200293206,20.80747873580018,20.4947312865068
2020-02-26,2020-02-25,600218,10.77881931566983,10.72986918253781,10.93545974169228
2020-02-26,2020-02-25,600352,13.23074044585987,13.03631369426751,13.09464171974522
2020-02-26,2020-02-25,600379,5.07769875149295,5.030065554949864,5.049118833567099
2020-02-26,2020-02-25,600523,12.22979352358847,12.11742176073774,12.47326567643174
2020-02-26,2020-02-25,600592,12.89669282682041,12.64381649688276,12.71874281686429
2020-02-26,2020-02-25,600685,13.45382634596941,13.93987498563593,14.06624763194923
2020-02-26,2020-02-25,600794,3.344438851703058,3.288229795371914,3.316334323537486
2020-02-27,2020-02-26,000723,9.34,9.539999999999999,9.32
2020-02-27,2020-02-26,000958,4.693120081996878,4.73143126633971,4.702697878082586
2020-02-27,2020-02-26,000966,3.843615705558658,3.871603198560299,3.871603198560299
2020-02-27,2020-02-26,002099,6.831127744954729,6.831127744954729,6.841042299011268
2020-02-27,2020-02-26,002198,5.103751763046544,5.103751763046544,5.083892806770099
2020-02-27,2020-02-26,002205,8.438336783815163,8.519474637505693,8.644302104721895
2020-02-27,2020-02-26,002479,5.824537815126051,5.843697478991596,5.85327731092437
2020-02-27,2020-02-26,002565,5.329695055733331,5.427847819190667,5.388586713807733
2020-02-27,2020-02-26,002674,8.938902439024391,8.987378048780487,8.94859756097561
2020-02-27,2020-02-26,002726,6.531172699938574,6.472421521228482,6.49200524746518
2020-02-27,2020-02-26,002832,20.49777163436571,20.87573226055684,21.20095419472131
2020-02-27,2020-02-26,002869,51.67327528328267,51.9070910085464,51.31639864998542
2020-02-27,2020-02-26,300013,5.97,5.95,5.94
2020-02-27,2020-02-26,300099,5.780032548467011,5.780032548467011,5.797601036456271
2020-02-27,2020-02-26,300152,3.37,3.36,3.4
2020-02-27,2020-02-26,300267,4.939260678283172,4.92947996406875,4.900137821425483
2020-02-27,2020-02-26,300268,12.56,12.6,12.55
2020-02-27,2020-02-26,300345,6.79,6.95,7.47
2020-02-27,2020-02-26,300385,8.08876467931346,8.299345076784101,8.472764227642276
2020-02-27,2020-02-26,300469,14.98,14.95,14.8
2020-02-27,2020-02-26,300472,12.01701880424688,12.17618461622366,12.16623675297511
2020-02-27,2020-02-26,300513,18.40311254462333,18.26592214226725,18.55990157588743
2020-02-27,2020-02-26,300527,10.48093721456826,10.35178822519443,10.31205007461787
2020-02-27,2020-02-26,300573,27.69706834883869,26.85483778486559,27.08453702958552
2020-02-27,2020-02-26,300663,18.15371315635882,18.26679968023501,18.45971198567084
2020-02-27,2020-02-26,600072,12.95239021082371,12.57838502236527,12.5587005387622
2020-02-27,2020-02-26,600150,21.39388020322527,20.86611888254269,20.59246486441099
2020-02-27,2020-02-26,600218,10.62217888964738,10.6809190494058,10.67112902277939
2020-02-27,2020-02-26,600352,13.14324840764331,13.2987898089172,13.32795382165605
2020-02-27,2020-02-26,600379,5.087225390801567,5.068172112184333,5.068172112184333
2020-02-27,2020-02-26,600523,12.39835116786458,12.40771548143547,12.30470803215563
2020-02-27,2020-02-26,600592,12.55952438690354,12.58762175689661,12.78430334684812
2020-02-27,2020-02-26,600685,13.96903790401593,13.69685066580267,13.55103607390271
2020-02-27,2020-02-26,600794,3.363175203813439,3.363175203813439,3.37254337986863
2020-02-28,2020-02-27,000723,9.27,8.84,8.859999999999999
2020-02-28,2020-02-27,000958,4.664386693739754,4.50156416028272,4.520719752454135
2020-02-28,2020-02-27,000966,3.871603198560299,3.824957376890898,3.815628212557018
2020-02-28,2020-02-27,002099,6.751811312502424,6.662580325993582,6.682409434106658
2020-02-28,2020-02-27,002198,5.064033850493653,4.98459802538787,5.004456981664316
2020-02-28,2020-02-27,002205,8.319750689959772,8.051371635444941,8.132509489135471
2020-02-28,2020-02-27,002479,5.814957983193278,5.862857142857143,6.006554621848739
2020-02-28,2020-02-27,002565,5.260988121313197,5.064682594398525,5.074497870744259
2020-02-28,2020-02-27,002674,8.871036585365854,8.618963414634147,8.72560975609756
2020-02-28,2020-02-27,002726,6.560548289293621,6.403878479400041,6.452837794991785
2020-02-28,2020-02-27,002832,21.16579506670352,20.71751618447683,20.53293076238349
2020-02-28,2020-02-27,002869,50.79954283624455,48.91055789792973,48.40600817499223
2020-02-28,2020-02-27,300013,5.87,5.64,5.69
2020-02-28,2020-02-27,300099,5.832738012434795,5.639484644552919,5.604347668574396
2020-02-28,2020-02-27,300152,3.42,3.32,3.34
2020-02-28,2020-02-27,300267,4.861014964567794,5.027287106212971,5.037067820427393
2020-02-28,2020-02-27,300268,12.35,12.03,12.1
2020-02-28,2020-02-27,300345,7.47,7.1,7.64
2020-02-28,2020-02-27,300385,8.900118563685636,9.154053748870822,9.333666440831076
2020-02-28,2020-02-27,300469,14.82,14.34,14.36
2020-02-28,2020-02-27,300472,12.02696666749543,12.30550683845479,12.17618461622366
2020-02-28,2020-02-27,300513,19.27525153102987,18.60889814815746,18.62849677706548
2020-02-28,2020-02-27,300527,10.10342478409091,9.785519579478416,9.825257730054981
2020-02-28,2020-02-27,300573,27.14112959712522,25.94269875510816,26.29889903315212
2020-02-28,2020-02-27,300663,18.51958132184059,17.80780143626697,17.75458424856054
2020-02-28,2020-02-27,600072,12.44059363714374,11.99769275607454,12.02721948147916
2020-02-28,2020-02-27,600150,20.19175719500384,19.4685287185129,19.5760356542075
2020-02-28,2020-02-27,600218,10.52427862338335,10.14246758495362,10.13267755832722
2020-02-28,2020-02-27,600352,13.21129777070064,12.96826433121019,13.01687101910828
2020-02-28,2020-02-27,600379,5.058645472875716,4.963379079789545,4.963379079789545
2020-02-28,2020-02-27,600523,12.42644410857726,12.06123587931237,12.26725077787205
2020-02-28,2020-02-27,600592,12.56889017690123,12.14742962700514,12.20362436699128
2020-02-28,2020-02-27,600685,13.49271023714273,13.02610354306287,13.10387132540951
2020-02-28,2020-02-27,600794,3.363175203813439,3.269493443261533,3.288229795371914
2020-03-02,2020-02-28,000723,8.34,8.35,8.24
2020-03-02,2020-02-28,000958,4.357897218997101,4.424941791597056,4.40578619942564
2020-03-02,2020-02-28,000966,3.731665733552096,3.796969883889258,3.759653226553736
2020-03-02,2020-02-28,002099,6.484118352975897,6.603093001654353,6.603093001654353
2020-03-02,2020-02-28,002198,4.875373765867419,4.925021156558533,4.895232722143865
2020-03-02,2020-02-28,002205,7.68937198051796,7.882854554703071,7.97647515511522
2020-03-02,2020-02-28,002479,5.814957983193278,5.834117647058823,5.795798319327731
2020-03-02,2020-02-28,002565,4.838931238446652,4.917453449212521,4.897822896521054
2020-03-02,2020-02-28,002674,8.522012195121951,8.648048780487805,8.609268292682927
2020-03-02,2020-02-28,002726,6.129706312086278,6.26679239574316,6.178665627678021
2020-03-02,2020-02-28,002832,20.40108403231681,20.14618035418791,20.15497013619235
2020-03-02,2020-02-28,002869,46.46164582806233,48.16603940432683,47.18155214005853
2020-03-02,2020-02-28,300013,5.37,5.52,5.48
2020-03-02,2020-02-28,300099,5.252977908789168,5.367173080719367,5.340820348735475
2020-03-02,2020-02-28,300152,3.2,3.25,3.23
2020-03-02,2020-02-28,300267,4.909918535639905,4.890357107211061,4.880576392996639
2020-03-02,2020-02-28,300268,11.85,12.11,11.85
2020-03-02,2020-02-28,300345,7.45,7.41,7.81
2020-03-02,2020-02-28,300385,8.732892953929539,8.664764001806684,8.509925474254743
2020-03-02,2020-02-28,300469,14.09,14.22,14.16
2020-03-02,2020-02-28,300472,11.32066837684847,11.45993846232815,11.32066837684847
2020-03-02,2020-02-28,300513,17.34478658359068,17.5309735582168,17.32518795468267
2020-03-02,2020-02-28,300527,9.268923621983109,9.457679837221781,9.408007149001078
2020-03-02,2020-02-28,300573,24.7442679130911,25.666393866532,25.22364024989792
2020-03-02,2020-02-28,300663,16.67028404904185,17.1558908868631,16.8765006514043
2020-03-02,2020-02-28,600072,11.66305653482226,11.89927033805916,11.81069016184533
2020-03-02,2020-02-28,600150,18.81371374655489,19.18510134259077,19.08736776468659
2020-03-02,2020-02-28,600218,9.476745774358212,9.750866519897501,9.72149644001829
2020-03-02,2020-02-28,600352,12.55996815286624,12.95854299363057,13.26962579617834
2020-03-02,2020-02-28,600379,4.849059408086138,5.001485637024013,5.001485637024013
2020-03-02,2020-02-28,600523,12.46390136286084,12.85720253283842,13.01639586354363
2020-03-02,2020-02-28,600592,11.61357959713676,11.98821119704439,11.92265066706056
2020-03-02,2020-02-28,600685,12.64698560412298,12.87056797836958,12.80252116881627
2020-03-02,2020-02-28,600794,3.119602626378483,3.194548034820008,3.166443506654436
2020-03-03,2020-03-02,000723,8.41,8.630000000000001,8.539999999999999
2020-03-03,2020-03-02,000958,4.539875344625552,4.626075509396922,4.58776432505409
2020-03-03,2020-03-02,000966,3.834286541224778,3.88093236289418,3.9182490202297
2020-03-03,2020-03-02,002099,6.751811312502424,6.781554974672039,6.741896758445886
2020-03-03,2020-03-02,002198,5.004456981664316,5.034245416078985,5.024315937940761
2020-03-03,2020-03-02,002205,8.457060903897593,8.644302104721895,8.569405624392173
2020-03-03,2020-03-02,002479,5.920336134453781,5.929915966386555,5.920336134453781
2020-03-03,2020-03-02,002565,5.005790936324123,5.054867318052792,5.300249226696131
2020-03-03,2020-03-02,002674,8.764390243902438,8.91951219512195,8.967987804878048
2020-03-03,2020-03-02,002726,6.296167985098205,6.394086616281693,6.354919163808298
2020-03-03,2020-03-02,002832,20.61203880042349,20.44503294233904,20.30439643026792
2020-03-03,2020-03-02,002869,51.07642987932001,53.44535235896562,54.34369698761044
2020-03-03,2020-03-02,300013,5.8,5.9,5.86
2020-03-03,2020-03-02,300099,5.490152496644197,5.850306500424057,5.780032548467011
2020-03-03,2020-03-02,300152,3.31,3.36,3.35
2020-03-03,2020-03-02,300267,4.949041392497594,4.919699249854328,4.900137821425483
2020-03-03,2020-03-02,300268,12.03,12.18,12.09
2020-03-03,2020-03-02,300345,7.88,8.300000000000001,8.32
2020-03-03,2020-03-02,300385,9.364634146341464,9.166440831074977,9.154053748870822
2020-03-03,2020-03-02,300469,14.34,14.53,14.6
2020-03-03,2020-03-02,300472,11.54946923156509,11.73847863328752,11.67879145379622
2020-03-03,2020-03-02,300513,17.73675916175092,18.35411597235331,18.45210911689336
2020-03-03,2020-03-02,300527,9.537156138374904,9.616632439528027,9.855061342987401
2020-03-03,2020-03-02,300573,27.21769601203187,28.4261137777324,29.30163408731708
2020-03-03,2020-03-02,300663,17.44193327078521,17.9874094447762,17.92754010860646
2020-03-03,2020-03-02,600072,12.00753499787608,12.10595741589146,12.32248673552529
2020-03-03,2020-03-02,600150,19.35124842502788,19.58580901199792,19.87900974571046
2020-03-03,2020-03-02,600218,9.927086999172756,10.19141771808564,10.18162769145924
2020-03-03,2020-03-02,600352,13.52238057324841,13.55154458598726,13.44460987261146
2020-03-03,2020-03-02,600379,5.115805308727419,5.192018423196356,5.125331948036036
2020-03-03,2020-03-02,600523,13.03512449068542,12.93211704140558,13.25986801638689
2020-03-03,2020-03-02,600592,12.00694277703978,12.26918489697512,12.32537963696127
2020-03-03,2020-03-02,600685,13.01638257026954,13.18163910775615,13.34689564524277
2020-03-03,2020-03-02,600794,3.241388915095961,3.297597971427105,3.297597971427105
2020-03-04,2020-03-03,000037,10.37994918972711,10.3003330885595,10.47946931618662
2020-03-04,2020-03-03,000066,15.10119636995093,15.20934295853782,15.22900597464453
2020-03-04,2020-03-03,000713,6.703645007765372,6.667987321553854,6.632329635342336
2020-03-04,2020-03-03,000715,5.901790747335499,5.832706240259665,5.832706240259665
2020-03-04,2020-03-03,000723,8.65,8.539999999999999,8.550000000000001
2020-03-04,2020-03-03,000902,7.168237129485179,7.246365054602185,7.32449297971919
2020-03-04,2020-03-03,000921,8.263748356812131,8.207257889529236,8.223398023038635
2020-03-04,2020-03-03,000958,4.616497713311214,4.606919917225506,4.63565330548263
2020-03-04,2020-03-03,002177,5.422765985268904,5.392915897276597,5.382965867945829
2020-03-04,2020-03-03,002198,5.044174894217208,4.994527503526093,5.004456981664316
2020-03-04,2020-03-03,002274,6.51,6.49,6.56
2020-03-04,2020-03-03,002565,5.506370029956536,5.526000582648003,5.575076964376671
2020-03-04,2020-03-03,002589,6.242824493872565,6.183744135886389,6.193590862217419
2020-03-04,2020-03-03,002600,11.60652186010438,11.43400543278656,11.43400543278656
2020-03-04,2020-03-03,002783,10.35779527559055,10.36771653543307,10.37763779527559
2020-03-04,2020-03-03,002793,15.04720587059233,14.98761297605533,15.09686661603982
2020-03-04,2020-03-03,002822,10.22661032397084,10.1274191472107,10.16709561791476
2020-03-04,2020-03-03,002858,13.7,13.65,13.83
2020-03-04,2020-03-03,300130,15.95847509083933,16.01420899686088,16.24643360528404
2020-03-04,2020-03-03,300194,6.016170018678308,5.937269428269413,5.878093985462741
2020-03-04,2020-03-03,300527,9.725912353613573,9.63650151481631,9.686174203037012
2020-03-04,2020-03-03,300573,29.94079720305951,29.96077105042646,29.90417848288677
2020-03-04,2020-03-03,300589,6.808104260402621,6.74371118485281,6.825666008279841
2020-03-04,2020-03-03,300663,17.78784499087706,18.14040885943221,18.09384382018908
2020-03-04,2020-03-03,600072,12.09611517408992,11.987850514273,12.08627293228838
2020-03-04,2020-03-03,600136,11.03,10.77,10.98
2020-03-04,2020-03-03,600422,10.47512059590922,10.31084287438666,10.31084287438666
2020-03-04,2020-03-03,600530,3.834235114468873,3.794295165359822,3.804280152637085
2020-03-04,2020-03-03,600536,51.7031510825073,51.46706363464197,51.94514071656926
2020-03-04,2020-03-03,600592,12.24108752698205,12.25981910697743,12.24108752698205
2020-03-04,2020-03-03,600758,3.663386192265093,3.643848132573012,3.692693281803213
2020-03-04,2020-03-03,600850,16.002935392376,16.01478941859257,16.13925669386661
2020-03-04,2020-03-03,600990,26.06518507748348,25.9725294540132,26.05939410101659
2020-03-05,2020-03-04,000037,10.64865353116779,10.94721391054633,10.93726189790038
2020-03-05,2020-03-04,000066,14.95372374915063,15.17984843437776,15.03237581357746
2020-03-05,2020-03-04,000713,6.73930269397689,6.725039619492282,6.717908082249979
2020-03-05,2020-03-04,000715,5.872183101445857,5.901790747335499,5.882052316742404
2020-03-05,2020-03-04,000723,8.57,8.73,8.65
2020-03-05,2020-03-04,000902,7.627238689547582,8.037410296411858,7.900686427457098
2020-03-05,2020-03-04,000921,8.40900955839672,8.40900955839672,8.433219758660817
2020-03-05,2020-03-04,000958,4.664386693739754,4.693120081996878,4.721853470254001
2020-03-05,2020-03-04,002177,5.412815955938135,5.462566102591978,5.442666043930441
2020-03-05,2020-03-04,002198,4.954809590973202,4.964739069111425,4.974668547249647
2020-03-05,2020-03-04,002274,6.52,6.58,6.55
2020-03-05,2020-03-04,002565,5.751751938599876,5.62415334610534,5.68304500417974
2020-03-05,2020-03-04,002589,6.154203956893301,6.17389740955536,6.17389740955536
2020-03-05,2020-03-04,002600,11.44358967874866,11.62569035202858,11.47234241663496
2020-03-05,2020-03-04,002783,10.52645669291338,10.66535433070866,10.82409448818898
2020-03-05,2020-03-04,002793,15.99076003409482,15.74245630685732,15.70272771049932
2020-03-05,2020-03-04,002822,10.51426473657526,10.74240444312359,10.6134559133354
2020-03-05,2020-03-04,002858,13.96,14.14,14.01
2020-03-05,2020-03-04,300130,16.34861243299023,16.53439211972876,16.38576837033794
2020-03-05,2020-03-04,300194,5.966857149672749,5.97671972347386,5.907681706866078
2020-03-05,2020-03-04,300527,9.725912353613573,9.835192267699121,9.785519579478416
2020-03-05,2020-03-04,300573,29.96742899954878,30.7763698179103,31.52538909417096
2020-03-05,2020-03-04,300589,6.913474747665946,6.960306075338535,6.960306075338535
2020-03-05,2020-03-04,300663,18.1204524140423,18.23353893791848,18.23353893791848
2020-03-05,2020-03-04,600072,12.15516862489915,12.25359104291452,12.22406431750991
2020-03-05,2020-03-04,600136,11.29,11.39,11.49
2020-03-05,2020-03-04,600422,10.35915985130506,10.3881500374561,10.35915985130506
2020-03-05,2020-03-04,600530,3.794295165359822,3.82425012719161,3.854205089023398
2020-03-05,2020-03-04,600536,51.3490199107093,51.88611885460293,52.11630411627163
2020-03-05,2020-03-04,600592,12.36284279695203,12.42840332693587,12.42840332693587
2020-03-05,2020-03-04,600758,3.722000371341335,3.751307460879455,3.780614550417576
2020-03-05,2020-03-04,600850,16.06813253656716,16.57192865077159,16.40597228373954
2020-03-05,2020-03-04,600990,26.14625874801997,26.4358075713646,26.26207827735783
2020-03-06,2020-03-05,000037,11.71351888428457,12.7485281994635,12.53953593389852
2020-03-06,2020-03-05,000066,14.82591414445703,14.64894699949667,14.63911549144332
2020-03-06,2020-03-05,000713,6.946117274003694,7.145800316788194,6.996038034699819
2020-03-06,2020-03-05,000715,5.951136823818238,5.911659962632047,5.951136823818238
2020-03-06,2020-03-05,000723,8.66,8.51,8.51
2020-03-06,2020-03-05,000902,8.232730109204368,8.222964118564743,8.506177847113886
2020-03-06,2020-03-05,000921,8.836723096395785,8.77216256235819,8.756022428848793
2020-03-06,2020-03-05,000958,4.922987188053868,4.827209227196788,4.788898042853956
2020-03-06,2020-03-05,002177,5.512316249245822,5.432716014599672,5.402865926607366
2020-03-06,2020-03-05,002198,5.014386459802538,4.98459802538787,5.014386459802538
2020-03-06,2020-03-05,002274,6.71,6.59,6.61
2020-03-06,2020-03-05,002565,5.594707517068138,5.467108924573602,5.486739477265068
2020-03-06,2020-03-05,002589,6.242824493872565,6.252671220203593,6.351138483513887
2020-03-06,2020-03-05,002600,11.45317392471076,11.29024174335504,11.33816297316555
2020-03-06,2020-03-05,002783,11.35984251968504,11.17133858267717,11.37968503937008
2020-03-06,2020-03-05,002793,15.38489893963532,15.10679876512932,15.19618810693482
2020-03-06,2020-03-05,002822,10.51426473657526,10.38531620678707,10.37539708911106
2020-03-06,2020-03-05,002858,14.12,14.25,14.23
2020-03-06,2020-03-05,300130,16.2650115739579,16.03278696553474,16.07923188721937
2020-03-06,2020-03-05,300194,5.986582297274974,6.035895166280533,6.026032592479422
2020-03-06,2020-03-05,300527,9.914668568852244,9.715977815969433,9.795454117122558
2020-03-06,2020-03-05,300573,32.96350610459142,33.94222462557202,32.33100093797131
2020-03-06,2020-03-05,300589,7.112507890274449,6.983721739174829,6.977867823215755
2020-03-06,2020-03-05,300663,18.13375671096891,17.88097506936333,17.8477143270468
2020-03-06,2020-03-05,600072,12.59806950596835,12.40122466993759,12.42090915354067
2020-03-06,2020-03-05,600136,11.52,11.34,11.37
2020-03-06,2020-03-05,600422,10.4364670143745,10.4847839912929,10.55242775897866
2020-03-06,2020-03-05,600530,3.954054961796025,3.904130025409712,3.964039949073288
2020-03-06,2020-03-05,600536,51.33721553831604,51.2959002349396,51.39033521408573
2020-03-06,2020-03-05,600592,12.65318228688045,12.62508491688738,12.51269543691509
2020-03-06,2020-03-05,600758,3.819690669801737,3.790383580263616,3.761076490725495
2020-03-06,2020-03-05,600850,16.18074578562462,15.81919798601909,15.89032214331854
2020-03-06,2020-03-05,600990,26.23891437149026,26.11730386568551,25.91461968934427
2020-03-09,2020-03-06,000037,12.49972788331472,12.63905606035803,12.66891209829589
2020-03-09,2020-03-06,000066,14.46214834648296,14.16720310488235,13.93124691160187
2020-03-09,2020-03-06,000713,6.924722662276784,6.810618066399926,6.696513470523069
2020-03-09,2020-03-06,000715,5.921529177928594,5.753752517887285,5.753752517887285
2020-03-09,2020-03-06,000723,8.56,8.44,8.300000000000001
2020-03-09,2020-03-06,000902,8.603837753510142,8.58430577223089,8.437815912636507
2020-03-09,2020-03-06,000921,8.699531961565896,8.497780292698412,8.449359892170218
2020-03-09,2020-03-06,000958,4.798475838939664,4.741009062425418,4.693120081996878
2020-03-09,2020-03-06,002177,5.363065809284292,5.263565515976605,5.203865339991994
2020-03-09,2020-03-06,002198,4.994527503526093,4.954809590973202,4.934950634696756
2020-03-09,2020-03-06,002274,6.75,6.74,6.68
2020-03-09,2020-03-06,002565,5.673229727834007,5.476924200919335,5.4082172664992
2020-03-09,2020-03-06,002589,6.341291757182858,6.351138483513887,6.282211399196682
2020-03-09,2020-03-06,002600,11.35733146508975,11.13689380796143,10.9260403967952
2020-03-09,2020-03-06,002783,11.31023622047244,11.41937007874016,11.25070866141732
2020-03-09,2020-03-06,002793,15.00747727423432,14.83863073971283,14.67971635428083
2020-03-09,2020-03-06,002822,10.6134559133354,10.4051544421391,10.27620591235091
2020-03-09,2020-03-06,002858,14.37,14.19,14
2020-03-09,2020-03-06,300130,16.05136493420859,15.60549368603613,15.28037923424371
2020-03-09,2020-03-06,300194,6.026032592479422,5.986582297274974,5.966857149672749
2020-03-09,2020-03-06,300527,9.855061342987401,9.755715966545996,9.715977815969433
2020-03-09,2020-03-06,300573,36.25919092013834,34.81441596059555,34.0321069387233
2020-03-09,2020-03-06,300589,6.948598243420387,6.87249733595243,6.796396428484472
2020-03-09,2020-03-06,300663,17.63484557622105,17.12928229300988,16.79667486984464
2020-03-09,2020-03-06,600072,12.32248673552529,12.18469535030376,12.05674620688377
2020-03-09,2020-03-06,600136,11.32,11.1,10.84
2020-03-09,2020-03-06,600422,10.46545720052554,10.40747682822346,10.5331009682113
2020-03-09,2020-03-06,600530,4.043919847291389,3.97402493635055,3.97402493635055
2020-03-09,2020-03-06,600536,50.61124663613015,49.81445149958466,49.519342189753
2020-03-09,2020-03-06,600592,12.51269543691509,12.33474542695896,12.17552699699821
2020-03-09,2020-03-06,600758,3.819690669801737,3.770845520571536,3.751307460879455
2020-03-09,2020-03-06,600850,16.00886240548429,15.72436577628649,15.43394213398041
2020-03-09,2020-03-06,600990,26.33156999496054,26.00727531281455,25.93199261874495
2020-03-10,2020-03-09,000037,12.49972788331472,12.91771241444467,12.69876813623374
2020-03-10,2020-03-09,000066,13.56748111362779,13.67562770221468,13.6068071458412
2020-03-10,2020-03-09,000713,6.568145800161604,6.461172741527051,6.304278922196371
2020-03-10,2020-03-09,000715,5.674798795514903,5.664929580218356,5.625452719032165
2020-03-10,2020-03-09,000723,7.91,7.87,7.79
2020-03-10,2020-03-09,000902,8.437815912636507,8.349921996879877,8.213198127925118
2020-03-10,2020-03-09,000921,8.304098690585628,8.336378957604426,8.28795855707623
2020-03-10,2020-03-09,000958,4.568608732882675,4.559030936796967,4.491986364197012
2020-03-10,2020-03-09,002177,5.084464988022771,5.064564929361233,5.024764812038158
2020-03-10,2020-03-09,002198,4.875373765867419,4.865444287729196,4.795937940761636
2020-03-10,2020-03-09,002274,6.43,6.35,6.22
2020-03-10,2020-03-09,002565,5.300249226696131,5.251172844967463,5.143204805164394
2020-03-10,2020-03-09,002589,6.203437588548447,6.144357230562272,6.095123598907126
2020-03-10,2020-03-09,002600,10.59059178812167,10.59059178812167,10.42765960676595
2020-03-10,2020-03-09,002783,10.98283464566929,10.97291338582677,10.64551181102362
2020-03-10,2020-03-09,002793,15.21605240511382,14.90815578333933,14.54066626702783
2020-03-10,2020-03-09,002822,10.08774267650664,10.06790444115461,9.988551499746498
2020-03-10,2020-03-09,002858,13.82,13.99,13.84
2020-03-10,2020-03-09,300130,15.0667325944944,15.07602157883133,15.0295766571467
2020-03-10,2020-03-09,300194,5.720292804644949,5.631529640434942,5.592079345230494
2020-03-10,2020-03-09,300527,9.477548912510061,9.437810761933498,9.298727234915532
2020-03-10,2020-03-09,300573,32.63393762303674,31.66520602573961,31.61194243276108
2020-03-10,2020-03-09,300589,6.650048529507632,6.691025941221148,6.59736328587597
2020-03-10,2020-03-09,300663,16.21793795353712,16.53058893131245,16.43080670436288
2020-03-10,2020-03-09,600072,11.85990137085301,11.84021688724994,11.73195222743302
2020-03-10,2020-03-09,600136,10.69,10.72,10.62
2020-03-10,2020-03-09,600422,10.2915160836193,10.1948821297825,10.0499311990273
2020-03-10,2020-03-09,600530,3.904130025409712,3.834235114468873,3.784310178082559
2020-03-10,2020-03-09,600536,46.58595565002627,47.70737102738659,47.60703386204382
2020-03-10,2020-03-09,600592,11.81026118708827,11.73533486710674,11.49182432716677
2020-03-10,2020-03-09,600758,3.673155222111133,3.927149998108179,3.839228729493818
2020-03-10,2020-03-09,600850,14.75826263963564,14.89458394112626,14.76418965274393
2020-03-10,2020-03-09,600990,24.77379732536643,24.81433416063468,24.79117025476711
2020-03-11,2020-03-10,000595,3.02,2.99,2.98
2020-03-11,2020-03-10,000715,5.743883302590737,5.743883302590737,5.763621733183832
2020-03-11,2020-03-10,000723,8.06,8.07,8.19
2020-03-11,2020-03-10,000950,5.509552527926872,5.480906674228813,5.47135805632946
2020-03-11,2020-03-10,000958,4.597342121139798,4.63565330548263,4.798475838939664
2020-03-11,2020-03-10,002086,2.9,2.89,2.89
2020-03-11,2020-03-10,002177,5.203865339991994,5.243665457315068,5.30336563329968
2020-03-11,2020-03-10,002198,4.895232722143865,4.905162200282088,4.895232722143865
2020-03-11,2020-03-10,002733,23.51780117299636,23.7017609186888,23.71144301056735
2020-03-11,2020-03-10,002759,8.143246461227863,8.171819255828661,8.181343520695593
2020-03-11,2020-03-10,002783,11.27055118110236,11.40944881889764,11.46897637795276
2020-03-11,2020-03-10,300079,5.747656124197002,5.797119602030024,5.816904993163231
2020-03-11,2020-03-10,300085,16.38040959611221,16.42038619061157,16.40039789336189
2020-03-11,2020-03-10,300119,15.19717093173988,15.15973947624299,15.53405403121195
2020-03-11,2020-03-10,300267,4.841453536138951,4.792549965066841,4.792549965066841
2020-03-11,2020-03-10,300338,8.699999999999999,8.77,8.73
2020-03-11,2020-03-10,300446,13.44138294650754,13.71924099191338,13.80607163110271
2020-03-11,2020-03-10,300469,14.61,14.35,14.47
2020-03-11,2020-03-10,300527,9.765650504190136,9.805388654766698,9.884864955919822
2020-03-11,2020-03-10,300552,51.45246744417122,51.65497327150199,50.98350658087893
2020-03-11,2020-03-10,300572,46.29168372136429,46.60990797036185,46.86846517267237
2020-03-11,2020-03-10,300589,6.761272932730032,6.796396428484472,6.87249733595243
2020-03-11,2020-03-10,300663,17.02284791759701,17.14258658993649,17.11597799608327
2020-03-11,2020-03-10,600072,12.02721948147916,12.12564189949453,12.24374880111299
2020-03-11,2020-03-10,600088,14.5982203252082,14.5982203252082,14.68790222481699
2020-03-11,2020-03-10,600218,9.848766786161532,9.956457079051965,9.946667052425562
2020-03-11,2020-03-10,600222,5.837603099984504,5.768225813567032,5.718670608983122
2020-03-11,2020-03-10,600259,29.35340729001585,29.21362916006339,29.2635499207607
2020-03-11,2020-03-10,600422,10.22387231593354,10.25286250208458,10.1948821297825
2020-03-11,2020-03-10,600536,50.49910509839412,50.45778979501768,50.25711546433216
2020-03-11,2020-03-10,600592,12.04440593703054,12.23172173698436,12.46586648692663
2020-03-11,2020-03-10,600613,7.637755308348228,7.608677559712384,7.569907228197926
2020-03-11,2020-03-10,600794,3.456856964365346,3.484961492530918,3.559906900972443
2020-03-11,2020-03-10,600829,7.674856008452817,7.588836451695564,7.560163266109813
2020-03-11,2020-03-10,601519,8.619999999999999,8.57,8.6
2020-03-12,2020-03-11,000595,3.22,3.05,3.01
2020-03-12,2020-03-11,000715,5.684668010811451,5.576106642549427,5.566237427252879
2020-03-12,2020-03-11,000723,7.91,7.69,7.71
2020-03-12,2020-03-11,000950,5.404517731033986,5.347226023637866,5.318580169939806
2020-03-12,2020-03-11,000958,4.606919917225506,4.50156416028272,4.530297548539844
2020-03-12,2020-03-11,002086,2.93,2.87,2.87
2020-03-12,2020-03-11,002177,5.243665457315068,5.15411519333815,5.144165164007382
2020-03-12,2020-03-11,002198,4.855514809590973,4.766149506346967,4.756220028208745
2020-03-12,2020-03-11,002733,23.02401448719035,22.46245315823448,22.50118152574868
2020-03-12,2020-03-11,002759,8.057528077425463,7.924188369288398,7.886091309820665
2020-03-12,2020-03-11,002783,11.08204724409449,10.81417322834646,10.81417322834646
2020-03-12,2020-03-11,300079,5.589372995131336,5.510231430598504,5.490446039465295
2020-03-12,2020-03-11,300085,15.71080163824795,15.40098303087792,15.40098303087792
2020-03-12,2020-03-11,300119,15.3188231621048,15.00065579038118,14.88836142389049
2020-03-12,2020-03-11,300267,4.753427108209152,4.665400680279352,4.665400680279352
2020-03-12,2020-03-11,300338,8.58,8.42,8.359999999999999
2020-03-12,2020-03-11,300446,13.08537732583131,12.66859025772255,12.82488540826333
2020-03-12,2020-03-11,300469,14.09,13.86,13.91
2020-03-12,2020-03-11,300527,9.835192267699121,9.576894288951467,9.616632439528027
2020-03-12,2020-03-11,300552,49.12365042986747,49.44872557374053,49.84307902696359
2020-03-12,2020-03-11,300572,46.24196118245842,45.23756589655986,45.74473579339973
2020-03-12,2020-03-11,300589,6.737857268893737,6.802250344443546,6.74371118485281
2020-03-12,2020-03-11,300663,16.49732818899593,16.1846772112206,16.21128580507382
2020-03-12,2020-03-11,600072,12.02721948147916,11.82053240364686,11.78116343644071
2020-03-12,2020-03-11,600088,14.44875049252689,14.07009358306757,14.05016427204339
2020-03-12,2020-03-11,600218,9.701916386765484,9.555065987369437,9.525695907490229
2020-03-12,2020-03-11,600222,5.70875956806634,5.659204363482432,5.629471240732085
2020-03-12,2020-03-11,600259,29.36339144215531,28.57464342313788,28.61458003169572
2020-03-12,2020-03-11,600422,10.04026780364362,9.962960640574176,9.904980268272094
2020-03-12,2020-03-11,600536,48.30349183324655,47.0876414767401,47.30012017981889
2020-03-12,2020-03-11,600592,12.37220858694972,12.22235594698667,12.15679541700283
2020-03-12,2020-03-11,600613,7.463288816533168,7.376055570625637,7.327592656232564
2020-03-12,2020-03-11,600794,3.550538724917252,3.428752436199774,3.466225140420537
2020-03-12,2020-03-11,600829,7.53149008052406,7.474143709352558,7.464585980823974
2020-03-12,2020-03-11,601519,8.300000000000001,8.17,8.300000000000001
2020-03-13,2020-03-12,000595,3.2,3.05,3.06
2020-03-13,2020-03-12,000715,5.595845073142522,5.388591551915021,5.437937628397759
2020-03-13,2020-03-12,000723,7.66,7.18,7.18
2020-03-13,2020-03-12,000950,5.280385698342393,5.098961958254679,5.089413340355327
2020-03-13,2020-03-12,000958,4.539875344625552,4.357897218997101,4.367475015082809
2020-03-13,2020-03-12,002086,2.87,2.74,2.75
2020-03-13,2020-03-12,002177,5.094415017353539,4.815814196092017,4.845664284084323
2020-03-13,2020-03-12,002198,4.716502115655853,4.537771509167842,4.517912552891397
2020-03-13,2020-03-12,002733,22.2300829531493,20.89395427390949,20.96172891705933
2020-03-13,2020-03-12,002759,7.819421455752134,7.438450861074806,7.438450861074806
2020-03-13,2020-03-12,002783,10.79433070866142,10.25858267716535,10.21889763779528
2020-03-13,2020-03-12,300079,5.648729168530961,5.411304474932462,5.440982561632274
2020-03-13,2020-03-12,300085,15.24107665288049,14.38157987114428,14.461533060143
2020-03-13,2020-03-12,300119,14.51404686892153,13.83092280610317,13.83092280610317
2020-03-13,2020-03-12,300267,4.606716394992819,4.323075682774578,4.342637111203423
2020-03-13,2020-03-12,300338,8.33,7.99,7.93
2020-03-13,2020-03-12,300446,12.75542089691187,12.05209271947834,12.00867739988367
2020-03-13,2020-03-12,300469,13.95,13.6,13.52
2020-03-13,2020-03-12,300527,9.557025213663184,9.129840094965143,9.159643707897565
2020-03-13,2020-03-12,300552,49.3048398543213,46.35251805586756,46.91740273210601
2020-03-13,2020-03-12,300572,45.32706646659042,42.58238231898644,42.95032910688987
2020-03-13,2020-03-12,300589,6.732003352934663,6.363206647513024,6.38662231134932
2020-03-13,2020-03-12,300663,16.13811217197747,15.24007212943132,15.34650650484419
2020-03-13,2020-03-12,600072,11.70242550202841,11.21031341195152,11.23984013735613
2020-03-13,2020-03-12,600088,14.06012892755548,13.33270907517309,13.33270907517309
2020-03-13,2020-03-12,600218,9.447375694479003,8.820813990389205,8.899134203400429
2020-03-13,2020-03-12,600222,5.49071666789714,5.213207522227249,5.124008153976212
2020-03-13,2020-03-12,600259,28.66450079239303,27.29667194928685,27.53629160063391
2020-03-13,2020-03-12,600422,9.808346314435294,9.354166731402328,9.373493522169689
2020-03-13,2020-03-12,600536,47.27060924883573,45.16352877663765,45.47044245886259
2020-03-13,2020-03-12,600592,12.02567435703516,11.31387431721065,11.33260589720603
2020-03-13,2020-03-12,600613,7.172511330174733,6.862348678059068,6.80419318078738
2020-03-13,2020-03-12,600794,3.456856964365346,3.241388915095961,3.316334323537486
2020-03-13,2020-03-12,600829,7.254315953195129,6.814660440880273,6.891122269108943
2020-03-13,2020-03-12,601519,8.26,7.8,7.81
2020-03-16,2020-03-13,000595,3.06,3.1,3.08
2020-03-16,2020-03-13,000715,5.526760566066688,5.635321934328712,5.615583503735618
2020-03-16,2020-03-13,000723,7.36,7.41,7.43
2020-03-16,2020-03-13,000950,5.137156429852093,5.137156429852093,5.203996755147566
2020-03-16,2020-03-13,000958,4.482408568111303,4.482408568111303,4.45367517985418
2020-03-16,2020-03-13,002086,2.82,2.84,2.81
2020-03-16,2020-03-13,002177,5.004864753376621,5.084464988022771,5.024764812038158
2020-03-16,2020-03-13,002198,4.617207334273625,4.716502115655853,4.706572637517631
2020-03-16,2020-03-13,002733,21.62011116480069,22.02675902369976,21.51360815413664
2020-03-16,2020-03-13,002759,7.609887628679604,7.762275866550534,7.714654542215868
2020-03-16,2020-03-13,002783,10.42724409448819,10.67527559055118,10.52645669291338
2020-03-16,2020-03-13,300079,5.609158386264545,5.628943777397753,5.579480299564731
2020-03-16,2020-03-13,300085,14.87129315376142,15.20110005838113,14.9912229372595
2020-03-16,2020-03-13,300119,14.32688959143705,14.34560531918549,14.22395308882058
2020-03-16,2020-03-13,300267,4.411102110704377,4.46978639599091,4.499128538634176
2020-03-16,2020-03-13,300338,8.16,8.25,8.31
2020-03-16,2020-03-13,300446,12.50361204326283,12.67727332164148,12.69463944947934
2020-03-16,2020-03-13,300469,13.79,13.78,13.76
2020-03-16,2020-03-13,300527,9.298727234915532,9.447745299577639,9.358334460780375
2020-03-16,2020-03-13,300552,49.2888525521636,49.00108111332516,48.12177949465211
2020-03-16,2020-03-13,300572,44.01439143947547,43.71605620604026,43.47738801929209
2020-03-16,2020-03-13,300589,6.491992798612644,6.579801537998749,6.527116294367087
2020-03-16,2020-03-13,300663,15.73898326417918,15.96515631193154,15.79220045188561
2020-03-16,2020-03-13,600072,11.42684273158535,11.64337205121918,11.49573842419612
2020-03-16,2020-03-13,600088,13.77115391770494,13.89072978384999,13.74125995116868
2020-03-16,2020-03-13,600218,9.134094842434104,9.251575161950941,9.192835002192522
2020-03-16,2020-03-13,600222,5.213207522227249,5.332140013228631,5.540271872481049
2020-03-16,2020-03-13,600259,28.14532488114105,28.64453248811411,28.29508716323296
2020-03-16,2020-03-13,600422,9.557098034459612,9.653731988296412,9.663395383680092
2020-03-16,2020-03-13,600536,48.38612243999941,49.10618915598867,48.51597053632535
2020-03-16,2020-03-13,600592,11.64167696712983,12.12869804700976,11.96947961704901
2020-03-16,2020-03-13,600613,6.891426426694912,6.968967089723828,7.036815169874129
2020-03-16,2020-03-13,600794,3.335070675647867,3.37254337986863,3.363175203813439
2020-03-16,2020-03-13,600829,6.948468640280447,6.986699554394781,7.158738667909291
2020-03-16,2020-03-13,601519,8.17,8.26,8.119999999999999
2020-03-17,2020-03-16,000595,2.97,2.95,2.91
2020-03-17,2020-03-16,000715,5.428068413101212,5.47741448958395,5.428068413101212
2020-03-17,2020-03-16,000723,7.07,7.07,6.89
2020-03-17,2020-03-16,000950,5.070316104556619,5.098961958254679,5.060767486657266
2020-03-17,2020-03-16,000958,4.329163830739977,4.319586034654269,4.214230277711482
2020-03-17,2020-03-16,002086,2.76,2.75,2.74
2020-03-17,2020-03-16,002177,4.746163990776636,4.756114020107406,4.666563756130488
2020-03-17,2020-03-16,002198,4.696643159379408,4.63706629055007,4.577489421720734
2020-03-17,2020-03-16,002733,20.00320182108295,20.14843319926119,19.9935197292044
2020-03-17,2020-03-16,002759,7.381305271873208,7.400353801607073,7.267014093470009
2020-03-17,2020-03-16,002783,9.941102362204724,9.980787401574803,9.831968503937007
2020-03-17,2020-03-16,300079,5.243128650300191,5.282699432566608,5.223343259166984
2020-03-17,2020-03-16,300085,14.14172030414813,14.30162668214556,14.13172615552329
2020-03-17,2020-03-16,300119,13.58761834537334,13.47532397888266,13.38174534014042
2020-03-17,2020-03-16,300267,4.323075682774578,4.293733540131312,4.225268540630357
2020-03-17,2020-03-16,300338,8.050000000000001,8.01,7.92
2020-03-17,2020-03-16,300446,12.01736046380261,12.15628948650553,11.93052982461328
2020-03-17,2020-03-16,300469,13.8,13.71,13.53
2020-03-17,2020-03-16,300527,8.871542116217489,8.891411191505769,8.742393126843663
2020-03-17,2020-03-16,300552,45.35064712065221,45.83026618538297,45.59045665301759
2020-03-17,2020-03-16,300572,40.78242641059397,41.25976278409032,40.83214894949985
2020-03-17,2020-03-16,300589,6.21100483257711,6.275397908126921,6.181735252781743
2020-03-17,2020-03-16,300663,14.62142232234397,14.80768247931651,14.62142232234397
2020-03-17,2020-03-16,600072,11.0233108177223,11.05283754312692,10.88551943250078
2020-03-17,2020-03-16,600088,13.04373406532255,13.12345130941925,13.01384009878629
2020-03-17,2020-03-16,600218,8.625013457861142,8.732703750751575,8.58585335135553
2020-03-17,2020-03-16,600222,5.679026445315996,5.302406890478284,5.233029604060812
2020-03-17,2020-03-16,600259,27.37654516640254,27.52630744849445,27.05705229793978
2020-03-17,2020-03-16,600422,9.441137289855449,9.43147389447177,9.30584975448393
2020-03-17,2020-03-16,600536,45.83637800305385,46.6626840705825,47.21748957306603
2020-03-17,2020-03-16,600592,11.42626379718294,11.32324010720834,11.22958220723143
2020-03-17,2020-03-16,600613,6.939889341087984,6.949581923966599,6.707267352001236
2020-03-17,2020-03-16,600794,3.175811682709627,3.185179858764817,3.147707154544054
2020-03-17,2020-03-16,600829,6.872006812051777,6.814660440880273,6.699967698537267
2020-03-17,2020-03-16,601519,7.73,7.74,7.7
2020-03-18,2020-03-17,000159,5.24,5.23,5.27
2020-03-18,2020-03-17,000519,6.924198780177639,6.973657342893194,7.013224193065637
2020-03-18,2020-03-17,000595,2.92,2.94,2.97
2020-03-18,2020-03-17,000723,6.96,7.1,7.28
2020-03-18,2020-03-17,000990,9.925451403667012,9.94645024302597,9.806457980632922
2020-03-18,2020-03-17,002122,1.54,1.55,1.56
2020-03-18,2020-03-17,002205,7.558303139940948,7.608234126827429,7.633199620270669
2020-03-18,2020-03-17,002273,13.61274815311464,13.77617803913367,13.88192678891069
2020-03-18,2020-03-17,002783,9.921259842519685,10.16929133858268,10.6851968503937
2020-03-18,2020-03-17,300081,10.28,10.42,10.49
2020-03-18,2020-03-17,300119,13.33495602076929,13.65312339249291,13.81220707835472
2020-03-18,2020-03-17,300152,3.02,3.03,3.08
2020-03-18,2020-03-17,300174,15.26340718922853,15.28311462265555,15.47033524021226
2020-03-18,2020-03-17,300238,17.95,19.37,19.28
2020-03-18,2020-03-17,300267,4.14702282691498,4.186145683772668,4.244829969059201
2020-03-18,2020-03-17,300472,11.16150256487169,11.26098119735718,11.39030341958831
2020-03-18,2020-03-17,300513,14.86556002672716,15.05174700135327,15.17913808925535
2020-03-18,2020-03-17,300527,8.593375062181554,8.72252405155538,8.762262202131943
2020-03-18,2020-03-17,300573,29.08192176628062,28.79895892858215,29.45809589169153
2020-03-18,2020-03-17,300663,14.56820513463753,14.76776958853667,14.91411685472938
2020-03-18,2020-03-17,600004,12.23690858898387,12.26469869175976,12.32027889731154
2020-03-18,2020-03-17,600072,10.77725477268386,10.8658349488977,10.95441512511154
2020-03-18,2020-03-17,600081,9.886390485280156,9.941828188935933,10.06194321352345
2020-03-18,2020-03-17,600136,9.27,9.539999999999999,9.65
2020-03-18,2020-03-17,600150,17.34771007799217,17.50408380263886,17.5822706649622
2020-03-18,2020-03-17,600410,11.33963074539012,11.35952483441712,11.45899527955213
2020-03-18,2020-03-17,600536,48.03789345439805,47.87263224089232,48.22676341269031
2020-03-18,2020-03-17,600685,11.95679653579651,12.06372723652315,12.12205307328313
2020-03-18,2020-03-17,600696,10.87,10.88,10.88
2020-03-18,2020-03-17,600734,4.65,4.7,4.72
2020-03-18,2020-03-17,600812,7.203780224610099,7.272387655320671,7.282188716850753
2020-03-18,2020-03-17,603300,5.201879321699569,5.180847464603749,5.152804988475989
2020-03-19,2020-03-18,000159,4.96,4.97,4.84
2020-03-19,2020-03-18,000519,6.726364529315421,6.765931379487864,6.686797679142977
2020-03-19,2020-03-18,000595,2.82,2.83,2.77
2020-03-19,2020-03-18,000723,7.06,7.07,6.99
2020-03-19,2020-03-18,000990,9.302485836017954,9.309485449137608,9.16949318674456
2020-03-19,2020-03-18,002122,1.54,1.51,1.47
2020-03-19,2020-03-18,002205,7.414751552642318,7.339855072312598,7.346096445673408
2020-03-19,2020-03-18,002273,13.43970474438861,13.68965633477066,13.65120224394265
2020-03-19,2020-03-18,002783,10.11968503937008,10.19905511811024,10.19905511811024
2020-03-19,2020-03-18,300081,10.04,10.2,10.1
2020-03-19,2020-03-18,300119,13.10100942391369,13.28816670139817,13.03550437679412
2020-03-19,2020-03-18,300152,2.95,2.92,2.93
2020-03-19,2020-03-18,300174,15.21413860566097,15.22399232237448,15.07618657167182
2020-03-19,2020-03-18,300238,19.4,18.35,18.28
2020-03-19,2020-03-18,300267,4.058996398985181,4.049215684770759,3.96118925684096
2020-03-19,2020-03-18,300472,10.77353589817829,11.03218034264056,10.95259743665217
2020-03-19,2020-03-18,300513,14.59117922201499,14.89495797008917,14.88515865563517
2020-03-19,2020-03-18,300527,8.305273470501479,8.335077083433902,8.215862631704214
2020-03-19,2020-03-18,300573,28.28296787160258,28.62918122596307,27.84354322952966
2020-03-19,2020-03-18,300663,14.33537993842186,14.46177075922465,14.33537993842186
2020-03-19,2020-03-18,600004,12.24617195657583,12.24617195657583,12.09795807510442
2020-03-19,2020-03-18,600072,10.53119872764541,10.52135648584388,10.4229340678285
2020-03-19,2020-03-18,600081,9.720077374312826,9.710837757036863,9.655400053381086
2020-03-19,2020-03-18,600136,9.69,9.52,9.34
2020-03-19,2020-03-18,600150,17.10337613323171,17.27929657345924,17.10337613323171
2020-03-19,2020-03-18,600410,11.03127236547162,11.25010734476862,11.31973665636313
2020-03-19,2020-03-18,600536,47.25290269024583,48.15003499213408,47.61883823443709
2020-03-19,2020-03-18,600685,11.67488832478993,11.74293513434324,11.54851567847663
2020-03-19,2020-03-18,600696,10.97,10.95,10.88
2020-03-19,2020-03-18,600734,4.52,4.51,4.46
2020-03-19,2020-03-18,600812,6.968554747888136,6.860743071057237,6.76273245575642
2020-03-19,2020-03-18,603300,4.907433322358084,4.788252798815103,4.711135989463761
2020-03-20,2020-03-19,000159,4.94,4.98,5
2020-03-20,2020-03-19,000519,6.845065079832752,6.854956792375862,6.94398220526386
2020-03-20,2020-03-19,000595,2.86,2.88,2.87
2020-03-20,2020-03-19,000723,7.09,7.12,7.11
2020-03-20,2020-03-19,000990,8.987503245633599,9.029500924351513,9.253488544180389
2020-03-20,2020-03-19,002122,1.51,1.52,1.52
2020-03-20,2020-03-19,002205,7.314889578869358,7.339855072312598,7.377303312477458
2020-03-20,2020-03-19,002273,13.95883497056671,13.98767553868771,13.95883497056671
2020-03-20,2020-03-19,002783,10.25858267716535,10.34787401574803,10.25858267716535
2020-03-20,2020-03-19,300081,10.3,10.52,10.64
2020-03-20,2020-03-19,300119,13.18523019878171,13.28816670139817,13.44725038725998
2020-03-20,2020-03-19,300152,2.99,3.01,3
2020-03-20,2020-03-19,300174,15.22399232237448,15.27326090594204,15.21413860566097
2020-03-20,2020-03-19,300238,18.07,17.86,18.44
2020-03-20,2020-03-19,300267,3.980750685269804,4.01009282791307,4.14702282691498
2020-03-20,2020-03-19,300472,11.13165897512604,11.27092906060573,11.19134615461734
2020-03-20,2020-03-19,300513,15.24773329043339,15.33592712051944,15.40452232169749
2020-03-20,2020-03-19,300527,8.265535319924917,8.354946158722182,8.364880696366322
2020-03-20,2020-03-19,300573,27.83022733128502,28.39282403212081,29.49138563730311
2020-03-20,2020-03-19,300663,14.63472661927058,14.76776958853667,14.89416040933947
2020-03-20,2020-03-19,600004,11.949744193633,12.04237786955263,12.19059175102405
2020-03-20,2020-03-19,600072,10.62962114566079,10.69851683827156,10.75757028908078
2020-03-20,2020-03-19,600081,9.803233929796491,9.923348954384007,9.895630102556119
2020-03-20,2020-03-19,600136,9.630000000000001,9.66,9.69
2020-03-20,2020-03-19,600150,17.34771007799217,17.44544365589635,17.78751117856098
2020-03-20,2020-03-19,600410,11.52862459114663,11.62809503628163,11.61814799176813
2020-03-20,2020-03-19,600536,48.75205798419067,48.8996126391065,48.82878640474691
2020-03-20,2020-03-19,600685,11.74293513434324,11.84986583506988,11.9859594541765
2020-03-20,2020-03-19,600696,10.92,10.95,11
2020-03-20,2020-03-19,600734,4.57,4.6,4.59
2020-03-20,2020-03-19,600812,6.841140947997074,7.076366424719036,7.027361117068627
2020-03-20,2020-03-19,603300,4.809284655910923,4.865369608166444,4.970528893645546
2020-03-23,2020-03-20,000159,5.09,4.95,4.92
2020-03-23,2020-03-20,000519,6.94398220526386,6.785714804574087,6.854956792375862
2020-03-23,2020-03-20,000595,2.88,2.8,2.81
2020-03-23,2020-03-20,000723,7.09,6.87,6.83
2020-03-23,2020-03-20,000990,9.281486996658998,9.064498989949774,9.134495121146299
2020-03-23,2020-03-20,002122,1.53,1.49,1.51
2020-03-23,2020-03-20,002205,7.445958419446367,7.346096445673408,7.339855072312598
2020-03-23,2020-03-20,002273,13.83385917537568,13.3820236081466,13.30511542649058
2020-03-23,2020-03-20,002783,10.20897637795276,9.931181102362205,9.901417322834646
2020-03-23,2020-03-20,300081,10.53,10.19,10.35
2020-03-23,2020-03-20,300119,13.43789252338576,13.33495602076929,13.59697620924757
2020-03-23,2020-03-20,300152,3.03,2.94,2.95
2020-03-23,2020-03-20,300174,15.54916497392034,15.18457745552044,15.21413860566097
2020-03-23,2020-03-20,300238,18.02,17.69,17.76
2020-03-23,2020-03-20,300267,4.381759968061111,4.548032109706288,4.528470681277443
2020-03-23,2020-03-20,300472,11.21124188111443,11.03218034264056,11.0421282058891
2020-03-23,2020-03-20,300513,15.29672986270342,14.89495797008917,14.88515865563517
2020-03-23,2020-03-20,300527,8.374815234010462,8.195993556415933,8.146320868195231
2020-03-23,2020-03-20,300573,29.96410002498762,28.99869740225166,28.75568225928708
2020-03-23,2020-03-20,300663,14.74781314314676,14.46177075922465,14.3885971261283
2020-03-23,2020-03-20,600004,12.32027889731154,12.06090460473656,11.89416398808122
2020-03-23,2020-03-20,600072,10.71820132187463,10.47214527683619,10.41309182602696
2020-03-23,2020-03-20,600081,9.941828188935933,9.738556608864751,9.673879287933014
2020-03-23,2020-03-20,600136,9.56,9.24,9.24
2020-03-23,2020-03-20,600150,17.81683125193224,17.49431044484844,17.49431044484844
2020-03-23,2020-03-20,600410,11.71761843690313,11.31973665636313,11.51867754663313
2020-03-23,2020-03-20,600536,47.16436989729633,46.63907532579596,46.36167257455421
2020-03-23,2020-03-20,600685,11.92763361741652,11.69433027037659,11.7915399983099
2020-03-23,2020-03-20,600696,11.01,10.85,11.04
2020-03-23,2020-03-20,600734,4.58,4.48,4.47
2020-03-23,2020-03-20,600812,7.056764301658872,7.15477491695969,7.213581286140181
2020-03-23,2020-03-20,603300,5.047645702996887,5.117751893316288,5.138783750412109
2020-03-24,2020-03-23,000159,4.86,4.91,4.93
2020-03-24,2020-03-23,000519,6.736256241858531,6.815389942203419,6.845065079832752
2020-03-24,2020-03-23,000595,2.78,2.75,2.62
2020-03-24,2020-03-23,000723,6.72,6.84,6.87
2020-03-24,2020-03-23,000990,8.721517947086811,8.889508661958466,8.875509435719161
2020-03-24,2020-03-23,002122,1.48,1.49,1.5
2020-03-24,2020-03-23,002205,7.239993098539637,7.346096445673408,7.458441166167987
2020-03-24,2020-03-23,002273,12.81482576843349,13.05516383610853,13.07439088152254
2020-03-24,2020-03-23,002783,9.871653543307087,9.941102362204724,10.05023622047244
2020-03-24,2020-03-23,300081,10.06,10.3,10.29
2020-03-24,2020-03-23,300119,13.18523019878171,13.36302961239197,13.41917679563731
2020-03-24,2020-03-23,300152,2.87,2.97,2.96
2020-03-24,2020-03-23,300174,15.17472373880693,15.27326090594204,15.29296833936906
2020-03-24,2020-03-23,300238,16.55,16.83,16.75
2020-03-24,2020-03-23,300267,4.293733540131312,4.313294968560156,4.274172111702468
2020-03-24,2020-03-23,300472,11.88769658201575,12.06675812048963,12.15628888972656
2020-03-24,2020-03-23,300513,14.70877099546306,15.04194768689926,15.15953946034734
2020-03-24,2020-03-23,300527,7.997302803533124,8.12645179290695,8.146320868195231
2020-03-24,2020-03-23,300573,28.62918122596307,29.18844895223769,30.06064028726122
2020-03-24,2020-03-23,300663,13.93625103062357,14.20898911761907,14.30211919610534
2020-03-24,2020-03-23,600004,11.77374020938569,11.95900756122496,12.13501154547227
2020-03-24,2020-03-23,600072,10.13750905558391,10.30482716621005,10.33435389161466
2020-03-24,2020-03-23,600081,9.609201967001274,9.775515077968603,9.86791125072823
2020-03-24,2020-03-23,600136,9.02,9.140000000000001,9.15
2020-03-24,2020-03-23,600150,17.2011097111359,17.43567029810593,17.51385716042928
2020-03-24,2020-03-23,600410,11.16058394414712,11.41920710149813,11.54851868017363
2020-03-24,2020-03-23,600536,43.74700408944567,44.84481072201946,45.62389929997504
2020-03-24,2020-03-23,600685,11.59712054244328,11.73321416154991,11.78181902551656
2020-03-24,2020-03-23,600696,10.9,11.02,10.99
2020-03-24,2020-03-23,600734,4.33,4.38,4.47
2020-03-24,2020-03-23,600812,7.135172793899526,7.056764301658872,6.9881568709483
2020-03-24,2020-03-23,603300,5.061666941060767,5.124762512348228,5.117751893316288
2020-03-25,2020-03-24,000037,11.22587026463296,11.37515045432223,11.42491051755199
2020-03-25,2020-03-24,000058,6.169740577763496,6.249221937863509,6.25915710787601
2020-03-25,2020-03-24,000159,4.91,5,5.01
2020-03-25,2020-03-24,000663,4,4.05,4.03
2020-03-25,2020-03-24,000723,6.84,6.97,7.04
2020-03-25,2020-03-24,002205,7.458441166167987,7.533337646497709,7.539579019858518
2020-03-25,2020-03-24,002446,8.449999999999999,8.550000000000001,8.609999999999999
2020-03-25,2020-03-24,002581,11.99,11.71,11.98
2020-03-25,2020-03-24,002676,3.821526548546303,3.801570796334573,3.811548672440438
2020-03-25,2020-03-24,002716,1.9,1.93,1.93
2020-03-25,2020-03-24,002768,21.34475022824346,21.33830750254824,21.51870382201422
2020-03-25,2020-03-24,002783,10.06015748031496,10.27842519685039,10.25858267716535
2020-03-25,2020-03-24,002832,16.10288063214321,16.41052300229879,16.62147777040547
2020-03-25,2020-03-24,002869,41.22540419123528,42.62829854281762,42.33295236353712
2020-03-25,2020-03-24,300013,7,7.05,6.99
2020-03-25,2020-03-24,300238,16.29,16.49,16.76
2020-03-25,2020-03-24,300267,4.254610683273623,4.293733540131312,4.371979253846688
2020-03-25,2020-03-24,300345,6.31,6.39,6.44
2020-03-25,2020-03-24,300527,8.086713642330388,8.205928094060074,8.245666244636636
2020-03-25,2020-03-24,300663,14.58816158002745,14.82763892470642,14.85424751855964
2020-03-25,2020-03-24,300748,9.976678046897087,10.1451535205231,10.26235385000207
2020-03-25,2020-03-24,600026,5.456761830999043,5.47439272544492,5.527285408782552
2020-03-25,2020-03-24,600072,10.30482716621005,10.46230303503465,10.5016720022408
2020-03-25,2020-03-24,600150,17.45521701368677,17.73864438960889,17.76796446298015
2020-03-25,2020-03-24,600183,25.5676375744567,26.18126087624366,26.36720733133062
2020-03-25,2020-03-24,600212,3.28,3.3,3.34
2020-03-25,2020-03-24,600375,4.3,4.32,4.42
2020-03-25,2020-03-24,600536,44.73266918428343,45.62389929997504,45.68292116194139
2020-03-25,2020-03-24,600685,11.74293513434324,11.93735459020985,11.95679653579651
2020-03-25,2020-03-24,600734,4.43,4.49,4.55
2020-03-25,2020-03-24,600775,9.046351359188959,9.095947583745918,9.155463053214266
2020-03-25,2020-03-24,600980,11.44498409740945,11.72988069725912,11.64146451109888
2020-03-26,2020-03-25,000037,11.75332693486838,11.60404674517911,11.59409473253316
2020-03-26,2020-03-25,000058,6.378379148026029,6.298897787926017,6.308832957938519
2020-03-26,2020-03-25,000159,5.01,4.97,4.99
2020-03-26,2020-03-25,000663,4.13,4.09,4.06
2020-03-26,2020-03-25,000723,7.16,7.09,7.08
2020-03-26,2020-03-25,002205,7.645682366992289,7.589510006744999,7.595751380105809
2020-03-26,2020-03-25,002446,8.539999999999999,8.380000000000001,8.289999999999999
2020-03-26,2020-03-25,002581,12.24,12.37,12.55
2020-03-26,2020-03-25,002676,3.931283185710818,3.761659291911112,3.701792035275922
2020-03-26,2020-03-25,002716,1.91,1.87,1.87
2020-03-26,2020-03-25,002768,23.47729243335923,23.23891158263632,23.0907288916464
2020-03-26,2020-03-25,002783,10.37763779527559,10.35779527559055,10.28834645669291
2020-03-26,2020-03-25,002832,16.66542668042769,16.43689234831212,16.50721060434768
2020-03-26,2020-03-25,002869,42.01914704805161,41.23155723663696,41.08388414699671
2020-03-26,2020-03-25,300013,6.94,6.86,6.82
2020-03-26,2020-03-25,300238,17.26,16.97,17.4
2020-03-26,2020-03-25,300267,4.381759968061111,4.362198539632266,4.440444253347644
2020-03-26,2020-03-25,300345,6.39,6.3,6.3
2020-03-26,2020-03-25,300527,8.335077083433902,8.255600782280776,8.215862631704214
2020-03-26,2020-03-25,300663,14.84094322163303,14.84094322163303,14.96068189397251
2020-03-26,2020-03-25,300748,10.22206623674368,10.54802965310705,10.84469298710069
2020-03-26,2020-03-25,600026,5.500839067113736,5.712409800464265,5.888718744923038
2020-03-26,2020-03-25,600072,10.52135648584388,10.5016720022408,10.45246079323311
2020-03-26,2020-03-25,600150,17.71909767402806,17.60181738054304,17.56272394938136
2020-03-26,2020-03-25,600183,26.2091528445067,26.37650465408496,26.4415859133654
2020-03-26,2020-03-25,600212,3.36,3.33,3.35
2020-03-26,2020-03-25,600375,4.36,4.35,4.33
2020-03-26,2020-03-25,600536,46.66858625677913,47.80770819272935,48.10281750256102
2020-03-26,2020-03-25,600685,11.95679653579651,11.99568042696983,11.95679653579651
2020-03-26,2020-03-25,600734,4.61,4.59,4.69
2020-03-26,2020-03-25,600775,9.145543808302875,9.095947583745918,9.056270604100353
2020-03-26,2020-03-25,600980,11.72005667657465,11.68076059383677,11.83794492478831
2020-03-27,2020-03-26,000037,12.03198328895501,12.05188731424691,12.06183932689286
2020-03-27,2020-03-26,000058,6.199546087801001,6.269092277888512,6.219416427826004
2020-03-27,2020-03-26,000159,5,5.03,5.01
2020-03-27,2020-03-26,000663,4.14,4.1,4.05
2020-03-27,2020-03-26,000723,6.99,7.05,7.03
2020-03-27,2020-03-26,002205,7.645682366992289,8.032647515362511,7.939026914950361
2020-03-27,2020-03-26,002446,8.199999999999999,8.25,8.25
2020-03-27,2020-03-26,002581,13.16,12.9,13.18
2020-03-27,2020-03-26,002676,3.741703539699382,3.731725663593518,3.791592920228708
2020-03-27,2020-03-26,002716,1.88,1.89,1.89
2020-03-27,2020-03-26,002768,23.96049686050027,23.51594878753052,24.77872302379243
2020-03-27,2020-03-26,002783,10.28834645669291,10.36771653543307,10.34787401574803
2020-03-27,2020-03-26,002832,16.31383540024989,16.77090406448103,16.94669970456993
2020-03-27,2020-03-26,002869,41.40999555328558,41.74841305037781,41.46537296190068
2020-03-27,2020-03-26,300013,6.62,6.63,6.62
2020-03-27,2020-03-26,300238,17.78,17.42,17.64
2020-03-27,2020-03-26,300267,4.352417825417845,4.371979253846688,4.362198539632266
2020-03-27,2020-03-26,300345,6.23,6.29,6.27
2020-03-27,2020-03-26,300527,8.176124481127653,8.265535319924917,8.235731706992494
2020-03-27,2020-03-26,300663,14.73450884622015,14.82763892470642,14.74781314314676
2020-03-27,2020-03-26,300748,11.24390660938842,11.02415599161536,11.15966887257541
2020-03-27,2020-03-26,600026,5.791748825470712,6.038581347712995,5.985688664375363
2020-03-27,2020-03-26,600072,10.30482716621005,10.35403837521774,10.43277630963004
2020-03-27,2020-03-26,600150,17.49431044484844,17.62136409612388,17.59204402275262
2020-03-27,2020-03-26,600183,25.75358402954365,26.36720733133062,26.13477426247192
2020-03-27,2020-03-26,600212,3.32,3.35,3.33
2020-03-27,2020-03-26,600375,4.29,4.32,4.3
2020-03-27,2020-03-26,600536,48.19725248170715,47.84902349610578,46.92238026323437
2020-03-27,2020-03-26,600685,11.89847069903653,11.93735459020985,11.95679653579651
2020-03-27,2020-03-26,600734,4.57,4.58,4.57
2020-03-27,2020-03-26,600775,8.897562685518089,9.036432114277568,8.986835889720613
2020-03-27,2020-03-26,600980,11.85759296615726,11.92636111094856,11.99512925573986
2020-03-30,2020-03-27,000037,11.76327894751433,11.43486253019794,11.35524642903033
2020-03-30,2020-03-27,000058,6.199546087801001,6.040583367600975,6.110129557688487
2020-03-30,2020-03-27,000159,5.03,4.91,4.84
2020-03-30,2020-03-27,000663,3.98,3.89,3.78
2020-03-30,2020-03-27,000723,6.85,6.64,6.58
2020-03-30,2020-03-27,002205,8.413371290371924,8.176199102661142,8.269819703073292
2020-03-30,2020-03-27,002446,8.09,7.77,7.65
2020-03-30,2020-03-27,002581,12.7,12.95,12.89
2020-03-30,2020-03-27,002676,3.661880530852462,3.701792035275922,3.761659291911112
2020-03-30,2020-03-27,002716,1.88,1.79,1.79
2020-03-30,2020-03-27,002768,26.35719081911982,28.63791571522552,28.99226562846228
2020-03-30,2020-03-27,002783,10.15937007874016,9.931181102362205,9.901417322834646
2020-03-30,2020-03-27,002832,16.7445347184677,16.19956823419211,16.32262518225434
2020-03-30,2020-03-27,002869,41.59458691533589,39.87788724826804,39.62561238679929
2020-03-30,2020-03-27,300013,6.43,6.13,6.04
2020-03-30,2020-03-27,300238,17.15,16.95,17.27
2020-03-30,2020-03-27,300267,4.254610683273623,4.186145683772668,4.254610683273623
2020-03-30,2020-03-27,300345,6.11,5.74,5.76
2020-03-30,2020-03-27,300527,8.235731706992494,8.027106416465545,7.94763011531242
2020-03-30,2020-03-27,300663,14.381944977665,13.836468803674,13.76994731904095
2020-03-30,2020-03-27,300748,10.81539290473095,10.39054171036969,10.3502540971113
2020-03-30,2020-03-27,600026,5.968057769929485,6.303044764401156,6.170813056057075
2020-03-30,2020-03-27,600072,10.35403837521774,10.03908663756853,9.999717670362376
2020-03-30,2020-03-27,600150,17.51385716042928,17.02518927090837,16.99586919753711
2020-03-30,2020-03-27,600183,25.38169111936974,24.73087852656539,24.04287664274364
2020-03-30,2020-03-27,600212,3.3,3.12,3.15
2020-03-30,2020-03-27,600375,4.33,4.33,4.28
2020-03-30,2020-03-27,600536,45.58848618279524,43.89455874436151,42.95611113909682
2020-03-30,2020-03-27,600685,12.02484334534983,11.75265610713657,11.7623770799299
2020-03-30,2020-03-27,600734,4.44,4.25,4.12
2020-03-30,2020-03-27,600775,8.778531746581391,8.411519684859911,8.421438929771302
2020-03-30,2020-03-27,600980,11.76917677999701,11.37621595261815,11.2877997664579
2020-03-31,2020-03-30,000037,11.22587026463296,11.30548636580057,11.21591825198701
2020-03-31,2020-03-30,000058,6.12999989771349,6.179675747775997,6.149870237738493
2020-03-31,2020-03-30,000159,4.89,4.92,4.93
2020-03-31,2020-03-30,000663,3.9,3.94,3.93
2020-03-31,2020-03-30,000723,6.66,6.71,6.72
2020-03-31,2020-03-30,002205,9.255956694081277,9.486887508431249,9.474404761709629
2020-03-31,2020-03-30,002446,7.56,7.66,7.56
2020-03-31,2020-03-30,002581,12.23,11.98,11.74
2020-03-31,2020-03-30,002676,3.711769911381788,3.602013274217272,3.562101769793812
2020-03-31,2020-03-30,002716,1.79,1.8,1.78
2020-03-31,2020-03-30,002768,28.99226562846228,29.06313561110963,27.90988771166635
2020-03-31,2020-03-30,002783,9.822047244094488,9.941102362204724,9.921259842519685
2020-03-31,2020-03-30,002832,17.60593335490331,17.42134793280996,17.37739902278774
2020-03-31,2020-03-30,002869,39.28104184430538,39.60100020519258,39.55177584197916
2020-03-31,2020-03-30,300013,5.96,6,5.88
2020-03-31,2020-03-30,300238,16.74,16.98,16.8
2020-03-31,2020-03-30,300267,4.274172111702468,4.28395282591689,4.274172111702468
2020-03-31,2020-03-30,300345,5.83,5.84,5.88
2020-03-31,2020-03-30,300527,8.464226072807728,8.315208008145619,8.325142545789761
2020-03-31,2020-03-30,300663,13.87638169445383,13.98281606986671,13.9761639214034
2020-03-31,2020-03-30,300748,10.36856664859238,10.4747794471827,10.34292907651886
2020-03-31,2020-03-30,600026,6.232521186617647,6.426461025522297,6.329491106069971
2020-03-31,2020-03-30,600072,11.01346857592076,10.84615046529462,10.8658349488977
2020-03-31,2020-03-30,600150,18.17844549017771,17.96343161878851,18.05139183890227
2020-03-31,2020-03-30,600183,24.63790529902191,25.00050088644148,24.87963569063496
2020-03-31,2020-03-30,600212,3.16,3.17,3.15
2020-03-31,2020-03-30,600375,4.26,4.3,4.28
2020-03-31,2020-03-30,600536,42.89708927713049,43.83553688239517,43.43418822102412
2020-03-31,2020-03-30,600685,13.23024397172281,13.0358245158562,13.23996494451614
2020-03-31,2020-03-30,600734,4.17,4.19,4.13
2020-03-31,2020-03-30,600775,8.480954399239652,8.540469868707998,8.500792889062433
2020-03-31,2020-03-30,600980,11.29762378714237,11.46463213877839,11.40568801467156
2020-04-01,2020-03-31,000007,8.09,8.109999999999999,8.08
2020-04-01,2020-03-31,000037,11.1363021508194,11.1163981255275,11.18606221404916
2020-04-01,2020-03-31,000066,11.73882061570404,11.67000005933057,11.82730418818422
2020-04-01,2020-03-31,000520,3.74,3.72,3.74
2020-04-01,2020-03-31,000620,2.82,2.82,2.82
2020-04-01,2020-03-31,000723,6.58,6.64,6.65
2020-04-01,2020-03-31,000795,4.823704128038758,4.804787641262136,4.766954667708891
2020-04-01,2020-03-31,002330,6.689912458468835,6.590211825704769,6.460601003111484
2020-04-01,2020-03-31,002388,6.05,6,6.09
2020-04-01,2020-03-31,002446,7.43,7.47,7.6
2020-04-01,2020-03-31,002463,20.53319391948172,20.35110056124308,20.77598506379992
2020-04-01,2020-03-31,002506,3.03,3.06,3.07
2020-04-01,2020-03-31,002524,7.63,7.68,7.64
2020-04-01,2020-03-31,002565,4.701517369606383,4.632810435186247,4.652440987877715
2020-04-01,2020-03-31,002634,4.76,4.73,4.82
2020-04-01,2020-03-31,002655,9.144301035964302,9.164179951259879,9.372908561863412
2020-04-01,2020-03-31,002835,8.836941793316809,8.74508169151518,8.864499823857299
2020-04-01,2020-03-31,002881,16.1427224748597,16.04373408232518,16.37115722686243
2020-04-01,2020-03-31,002902,19.63458908705347,19.3955073325688,19.81390040291697
2020-04-01,2020-03-31,300322,16.44716795814544,16.50675914639959,16.71532830528912
2020-04-01,2020-03-31,300339,9.476724620529836,9.416808553382124,9.546626698868835
2020-04-01,2020-03-31,300417,19.60511499949801,19.35630477164167,19.68993666808539
2020-04-01,2020-03-31,300573,30.99608213894675,30.91285777491779,31.12258317227078
2020-04-01,2020-03-31,300615,16.67677028979348,16.76595087957848,17.04340160335401
2020-04-01,2020-03-31,300735,18.97914200826885,18.8674999964555,19.39082192683057
2020-04-01,2020-03-31,300748,11.07176862546619,10.9289307239137,10.93625574450613
2020-04-01,2020-03-31,600052,4.025706660354421,3.977204170470632,3.977204170470632
2020-04-01,2020-03-31,600136,8.43,8.380000000000001,8.56
2020-04-01,2020-03-31,600354,3.27,3.28,3.2
2020-04-01,2020-03-31,600371,10.59970545376276,10.622258018558,10.14113663625955
2020-04-01,2020-03-31,600536,42.59017559490555,41.96454385806243,43.25122044892848
2020-04-01,2020-03-31,600734,4,3.73,3.88
2020-04-01,2020-03-31,600980,11.54322430425417,11.45480811809392,11.40568801467156
2020-04-02,2020-04-01,000007,8.130000000000001,8.16,8.109999999999999
2020-04-02,2020-04-01,000037,11.12635013817345,10.97706994848418,10.99697397377608
2020-04-02,2020-04-01,000066,11.64050553517051,11.67983156738392,11.73882061570404
2020-04-02,2020-04-01,000520,3.64,3.6,3.59
2020-04-02,2020-04-01,000620,2.81,2.8,2.78
2020-04-02,2020-04-01,000723,6.6,6.56,6.57
2020-04-02,2020-04-01,000795,4.785871154485513,4.719663450767334,4.729121694155646
2020-04-02,2020-04-01,002330,6.570271699151956,6.510451319493517,6.460601003111484
2020-04-02,2020-04-01,002388,6.02,6,6.04
2020-04-02,2020-04-01,002446,7.51,7.59,7.63
2020-04-02,2020-04-01,002463,20.35977167354016,20.4204694596197,20.33375833664892
2020-04-02,2020-04-01,002506,3.09,3,3
2020-04-02,2020-04-01,002524,7.63,7.75,7.87
2020-04-02,2020-04-01,002565,4.789854856717985,4.701517369606383,4.701517369606383
2020-04-02,2020-04-01,002634,4.75,4.76,4.76
2020-04-02,2020-04-01,002655,9.203937781851026,9.193998324203241,9.253635070089965
2020-04-02,2020-04-01,002835,8.800197752596159,8.77263972205567,8.827755783136647
2020-04-02,2020-04-01,002881,16.21886739219394,16.24932535912764,16.31024129299503
2020-04-02,2020-04-01,002902,19.29588993486685,19.3855455927986,19.48516299050055
2020-04-02,2020-04-01,300322,16.37764490518227,16.55641846994472,16.49682728169056
2020-04-02,2020-04-01,300339,9.277004396704127,9.356892486234411,9.366878497425697
2020-04-02,2020-04-01,300417,19.42416210651158,19.13011365540864,19.41285255069993
2020-04-02,2020-04-01,300573,31.04268778280298,30.75972494510451,31.02604290999718
2020-04-02,2020-04-01,300615,16.84522251494291,17.03349264893346,17.12267323871845
2020-04-02,2020-04-01,300735,19.00007488548385,19.09776164582053,19.09776164582053
2020-04-02,2020-04-01,300748,11.14501883139054,10.99851841954183,11.0534560739851
2020-04-02,2020-04-01,600052,3.967503672493875,3.928701680586844,3.94810267654036
2020-04-02,2020-04-01,600136,8.5,8.460000000000001,8.470000000000001
2020-04-02,2020-04-01,600354,3.28,3.25,3.3
2020-04-02,2020-04-01,600371,10.14865415785796,9.89305842351191,10.02837381228335
2020-04-02,2020-04-01,600536,42.24194660930419,42.2242400507143,42.44262093998972
2020-04-02,2020-04-01,600734,3.96,3.93,3.9
2020-04-02,2020-04-01,600980,11.40568801467156,11.33691986988026,11.3565679112492
2020-04-03,2020-04-02,000007,8.17,8.140000000000001,8.140000000000001
2020-04-03,2020-04-02,000037,11.17611020140321,11.17611020140321,11.16615818875725
2020-04-03,2020-04-02,000066,12.06326038146471,12.11241792173148,12.01410284119794
2020-04-03,2020-04-02,000520,3.64,3.63,3.66
2020-04-03,2020-04-02,000620,2.86,2.85,2.85
2020-04-03,2020-04-02,000723,6.89,6.92,6.85
2020-04-03,2020-04-02,000795,4.785871154485513,4.814245884650448,4.842620614815381
2020-04-03,2020-04-02,002330,6.430690813282264,6.38084049690023,6.550331572599143
2020-04-03,2020-04-02,002388,6.18,6.17,6.12
2020-04-03,2020-04-02,002446,7.78,7.69,7.69
2020-04-03,2020-04-02,002463,21.1054873310889,20.8626961867707,20.79332728839408
2020-04-03,2020-04-02,002506,3.07,3.09,3.09
2020-04-03,2020-04-02,002524,7.95,7.89,8.050000000000001
2020-04-03,2020-04-02,002565,4.809485409409453,4.819300685755186,4.868377067483854
2020-04-03,2020-04-02,002634,4.81,4.82,4.87
2020-04-03,2020-04-02,002655,9.571697714819157,9.561758257171368,9.661152833649243
2020-04-03,2020-04-02,002835,9.066592047820885,9.048220027460559,9.066592047820885
2020-04-03,2020-04-02,002881,16.75188181353365,16.69096587966625,16.64527892926571
2020-04-03,2020-04-02,002902,19.81390040291697,19.62462734728327,19.66447430636405
2020-04-03,2020-04-02,300322,17.08280729952304,17.06294357010499,16.94376119359669
2020-04-03,2020-04-02,300339,9.866179056989967,9.806262989842255,9.83622102341611
2020-04-03,2020-04-02,300417,19.68993666808539,19.45243599604071,19.34499521583002
2020-04-03,2020-04-02,300573,31.05933265560877,31.49542832312053,32.32434298884899
2020-04-03,2020-04-02,300615,17.39021500807342,17.34067023597065,17.23167173734455
2020-04-03,2020-04-02,300735,19.67690458210226,19.50246393864391,19.3559337981389
2020-04-03,2020-04-02,300748,11.19995648583381,11.52225739190097,11.47464475805014
2020-04-03,2020-04-02,600052,3.996605166424148,3.977204170470632,3.98690466844739
2020-04-03,2020-04-02,600136,8.73,8.699999999999999,8.66
2020-04-03,2020-04-02,600354,3.32,3.35,3.49
2020-04-03,2020-04-02,600371,9.878023380315083,10.03589133388176,10.22382937384209
2020-04-03,2020-04-02,600536,43.71159097226587,43.51091664158034,43.02103518725978
2020-04-03,2020-04-02,600734,3.97,3.99,4.03
2020-04-03,2020-04-02,600980,11.55304832493864,11.62181646972994,11.61199244904547
2020-04-07,2020-04-03,000007,8.18,8.220000000000001,8.24
2020-04-07,2020-04-03,000037,11.55428668194935,11.49457460607364,11.59409473253316
2020-04-07,2020-04-03,000066,11.91578776066441,12.1910699861583,12.26972205058513
2020-04-07,2020-04-03,000520,3.63,3.66,3.66
2020-04-07,2020-04-03,000620,2.93,2.94,2.94
2020-04-07,2020-04-03,000723,6.76,6.87,6.9
2020-04-07,2020-04-03,000795,4.842620614815381,4.880453588368627,4.899370075145248
2020-04-07,2020-04-03,002330,6.500481256217109,6.460601003111484,6.610151952257582
2020-04-07,2020-04-03,002388,6.06,6.18,6.21
2020-04-07,2020-04-03,002446,7.63,7.76,7.82
2020-04-07,2020-04-03,002463,20.44648279651094,20.94073619744441,20.97542064663272
2020-04-07,2020-04-03,002506,2.98,3,3.01
2020-04-07,2020-04-03,002524,8.279999999999999,8.279999999999999,8.32
2020-04-07,2020-04-03,002565,4.740778474989317,4.819300685755186,4.829115962100919
2020-04-07,2020-04-03,002634,4.84,4.9,4.95
2020-04-07,2020-04-03,002655,9.591576630114732,9.879820901900562,9.840063071309414
2020-04-07,2020-04-03,002835,9.094150078361375,9.287056292144797,9.406474424486916
2020-04-07,2020-04-03,002881,16.57674850366489,16.90417164820214,17.05646148287062
2020-04-07,2020-04-03,002902,19.5648569086621,20.04302041763144,20.01313519832086
2020-04-07,2020-04-03,300322,16.76498762883424,17.15233035248622,17.22185340544939
2020-04-07,2020-04-03,300339,9.886151079372537,10.16575939272853,10.21568944868496
2020-04-07,2020-04-03,300417,19.10749454378534,19.26582832514846,19.60511499949801
2020-04-07,2020-04-03,300573,34.16526592116964,33.27975868790148,33.62264306770081
2020-04-07,2020-04-03,300615,16.9145851958868,17.22176278292399,17.31094337270898
2020-04-07,2020-04-03,300735,19.1117168972972,19.56526257028892,19.57224019602726
2020-04-07,2020-04-03,300748,11.69805788611942,11.91780850389248,11.77863311263621
2020-04-07,2020-04-03,600052,3.957803174517117,3.996605166424148,4.006305664400905
2020-04-07,2020-04-03,600136,8.640000000000001,8.789999999999999,8.9
2020-04-07,2020-04-03,600354,3.49,3.66,3.66
2020-04-07,2020-04-03,600371,9.840435772323016,9.89305842351191,10.00582124748811
2020-04-07,2020-04-03,600536,42.43671875379309,43.61715599311975,44.12474400603021
2020-04-07,2020-04-03,600734,3.89,3.9,3.99
2020-04-07,2020-04-03,600980,11.57269636630758,11.8084728627349,11.8772410075262
2020-04-08,2020-04-07,000007,8.19,8.199999999999999,8.16
2020-04-08,2020-04-07,000037,12.06183932689286,12.00212725101716,11.88270309926574
2020-04-08,2020-04-07,000066,12.53517276802567,12.35820562306531,12.49584673581226
2020-04-08,2020-04-07,000520,3.7,3.7,3.69
2020-04-08,2020-04-07,000620,3.05,3.03,3.03
2020-04-08,2020-04-07,000723,6.96,6.9,6.96
2020-04-08,2020-04-07,000795,4.918286561921872,4.965577778863428,4.908828318533561
2020-04-08,2020-04-07,002330,6.769672964680089,6.779643027956495,6.669972331916022
2020-04-08,2020-04-07,002388,6.34,6.3,6.36
2020-04-08,2020-04-07,002446,8,7.97,8.050000000000001
2020-04-08,2020-04-07,002463,22.12000746984708,21.79050520255809,22.14602080673831
2020-04-08,2020-04-07,002506,3.07,3.04,3.03
2020-04-08,2020-04-07,002524,8.380000000000001,8.390000000000001,8.359999999999999
2020-04-08,2020-04-07,002565,4.878192343829586,4.888007620175321,4.868377067483854
2020-04-08,2020-04-07,002634,5.03,5.07,5.07
2020-04-08,2020-04-07,002655,9.919578732491713,10.0090338513218,10.11836788544746
2020-04-08,2020-04-07,002835,9.461590485567895,9.66368270953148,9.976007055657023
2020-04-08,2020-04-07,002881,16.96508758206953,17.0183890242035,17.27728174313993
2020-04-08,2020-04-07,002902,20.02309693809105,19.87367084153814,20.16256129487378
2020-04-08,2020-04-07,300322,17.29137645841257,17.38076324079379,17.63899172322845
2020-04-08,2020-04-07,300339,10.2556334934501,10.30556354940652,10.31554956059781
2020-04-08,2020-04-07,300417,19.89350867269512,19.57684110996887,19.48070988556984
2020-04-08,2020-04-07,300573,33.28308766246264,32.50743658971271,32.12460451517948
2020-04-08,2020-04-07,300615,17.34067023597065,17.48930455227897,17.55866723322285
2020-04-08,2020-04-07,300735,19.41175480404557,19.18149315468054,19.47455343569058
2020-04-08,2020-04-07,300748,11.82624574648704,12.18883426581259,12.06797142603741
2020-04-08,2020-04-07,600052,4.035407158331179,4.006305664400905,4.006305664400905
2020-04-08,2020-04-07,600136,9.109999999999999,9.050000000000001,9.23
2020-04-08,2020-04-07,600354,3.66,3.84,3.84
2020-04-08,2020-04-07,600371,10.47942510818815,10.30652211142464,10.14865415785796
2020-04-08,2020-04-07,600536,43.79422157901874,43.65847129649617,44.2663964747494
2020-04-08,2020-04-07,600734,3.91,3.87,3.87
2020-04-08,2020-04-07,600980,11.88706502821067,12.04424935916222,12.22108173148271
2020-04-09,2020-04-08,000037,11.72347089693052,11.81303901074408,11.74337492222243
2020-04-09,2020-04-08,000066,12.44668919554549,12.52534125997232,12.63348784855921
2020-04-09,2020-04-08,000509,1.53,1.51,1.52
2020-04-09,2020-04-08,000595,2.63,2.61,2.66
2020-04-09,2020-04-08,000632,4.5,4.54,4.54
2020-04-09,2020-04-08,000723,6.97,7.05,7.07
2020-04-09,2020-04-08,002100,11.73168228449727,11.73168228449727,11.58729234868807
2020-04-09,2020-04-08,002387,11.24,11.27,11.3
2020-04-09,2020-04-08,002395,15.10494447709729,15.12455279965519,15.17030555229027
2020-04-09,2020-04-08,002458,14.28195835002002,14.32612935522627,13.99484681617941
2020-04-09,2020-04-08,002461,6.054522349513414,6.082295387813934,6.054522349513414
2020-04-09,2020-04-08,002479,5.652100840336135,5.661680672268908,5.709579831932773
2020-04-09,2020-04-08,002506,3.02,3.01,3.03
2020-04-09,2020-04-08,002634,5.21,5.19,5.27
2020-04-09,2020-04-08,002783,10.10976377952756,10.11968503937008,10.14944881889764
2020-04-09,2020-04-08,002840,9.259036475413392,9.364464218268065,9.240431579615509
2020-04-09,2020-04-08,002869,41.80379045899291,41.60689300613925,42.1791262284952
2020-04-09,2020-04-08,300079,5.302484823699817,5.292592128133212,5.322270214833025
2020-04-09,2020-04-08,300119,14.41111036630506,14.47661541342463,14.38303677468239
2020-04-09,2020-04-08,300127,15.02978935049737,15.00049151550614,15.01025746050322
2020-04-09,2020-04-08,300267,4.616497109207241,4.567593538135132,4.548032109706288
2020-04-09,2020-04-08,300417,19.70690100180287,19.69559144599122,19.87654433897764
2020-04-09,2020-04-08,300527,9.308661772559672,9.258989084338969,9.328530847847954
2020-04-09,2020-04-08,300552,40.50116546615239,40.97012632944467,41.34849248051005
2020-04-09,2020-04-08,300615,17.89557168352171,18.10365972635336,18.1829313617178
2020-04-09,2020-04-08,300748,11.859208339153,11.74933303026647,11.85554582885678
2020-04-09,2020-04-08,600136,9.199999999999999,9.24,9.48
2020-04-09,2020-04-08,600195,10.19536712024075,10.19536712024075,10.10995277269875
2020-04-09,2020-04-08,600536,43.81783032380527,44.00670028209754,44.50248392261474
2020-04-09,2020-04-08,600712,5.88,5.85,5.84
2020-04-09,2020-04-08,600734,3.81,3.87,3.9
2020-04-09,2020-04-08,600809,57.6604288544322,58.246827243734,58.2593038052085
2020-04-09,2020-04-08,600961,5.9,5.92,5.92
2020-04-09,2020-04-08,601519,7.55,7.75,8.119999999999999
2020-04-10,2020-04-09,000037,11.72347089693052,11.69361485899267,11.64385479576291
2020-04-10,2020-04-09,000066,12.49584673581226,12.33854260695861,12.30904808279854
2020-04-10,2020-04-09,000509,1.51,1.53,1.52
2020-04-10,2020-04-09,000595,2.66,2.63,2.6
2020-04-10,2020-04-09,000632,4.55,4.55,4.5
2020-04-10,2020-04-09,000723,7.03,7.09,7.26
2020-04-10,2020-04-09,002100,11.93924281722299,12.05655964006796,11.96631593018722
2020-04-10,2020-04-09,002387,11.26,11.26,11.19
2020-04-10,2020-04-09,002395,15.18337776732887,15.15069722973238,15.10494447709729
2020-04-10,2020-04-09,002458,14.07582699239087,14.1715308370044,14.19361633960753
2020-04-10,2020-04-09,002461,6.165614502715495,6.128583784981468,6.184129861582508
2020-04-10,2020-04-09,002479,5.814957983193278,5.834117647058823,5.767058823529411
2020-04-10,2020-04-09,002506,3,3,2.96
2020-04-10,2020-04-09,002634,5.26,5.22,5.23
2020-04-10,2020-04-09,002783,10.00062992125984,9.970866141732284,10.07007874015748
2020-04-10,2020-04-09,002840,9.767570293888877,9.773771925821505,9.798578453552016
2020-04-10,2020-04-09,002869,42.45601327157066,41.96376963943651,41.76687218658284
2020-04-10,2020-04-09,300079,5.312377519266421,5.193665172467171,5.114523607934338
2020-04-10,2020-04-09,300119,14.61698337153799,15.48726471184083,15.37497034535014
2020-04-10,2020-04-09,300127,14.79540667056758,14.71727911059099,14.79540667056758
2020-04-10,2020-04-09,300267,4.567593538135132,4.489347824419754,4.489347824419754
2020-04-10,2020-04-09,300417,20.46464124118353,19.45243599604071,19.41285255069993
2020-04-10,2020-04-09,300527,9.179512783185846,9.08016740674444,9.149709170253425
2020-04-10,2020-04-09,300552,44.15159945882533,43.69862589769073,43.19236132936383
2020-04-10,2020-04-09,300615,17.75684632163395,17.53884932438174,17.41003291691453
2020-04-10,2020-04-09,300748,11.63945772137994,11.51493237130853,11.70172039641564
2020-04-10,2020-04-09,600136,9.34,9.300000000000001,9.24
2020-04-10,2020-04-09,600195,10.33513605258221,10.38949063738167,10.38949063738167
2020-04-10,2020-04-09,600536,43.7883193928221,43.07415486302948,42.79084992559109
2020-04-10,2020-04-09,600712,5.8,5.8,5.78
2020-04-10,2020-04-09,600734,4.08,3.89,3.92
2020-04-10,2020-04-09,600809,58.51507331543589,58.39030770069082,59.08275686252594
2020-04-10,2020-04-09,600961,5.87,5.88,5.85
2020-04-10,2020-04-09,601519,8.1,7.88,7.83
2020-04-13,2020-04-10,000037,11.5642386945953,11.62395077047101,11.80308699809813
2020-04-13,2020-04-10,000066,12.05342887341135,11.71915759959734,11.83713569623758
2020-04-13,2020-04-10,000509,1.45,1.38,1.38
2020-04-13,2020-04-10,000595,2.58,2.53,2.6
2020-04-13,2020-04-10,000632,4.44,4.36,4.37
2020-04-13,2020-04-10,000723,7.13,6.94,6.9
2020-04-13,2020-04-10,002100,11.81290162338994,11.37973181596235,11.56924360671192
2020-04-13,2020-04-10,002387,10.96,10.9,10.92
2020-04-13,2020-04-10,002395,14.82389185376749,14.71931413345872,15.21605830492536
2020-04-13,2020-04-10,002458,13.61939327192631,13.08934120945134,13.48688025630757
2020-04-13,2020-04-10,002461,6.082295387813934,6.00823395234588,5.943430196311333
2020-04-13,2020-04-10,002479,5.795798319327731,5.671260504201681,5.709579831932773
2020-04-13,2020-04-10,002506,2.87,2.71,2.72
2020-04-13,2020-04-10,002634,5.16,5.15,5.12
2020-04-13,2020-04-10,002783,10.25858267716535,10.19905511811024,10.46692913385827
2020-04-13,2020-04-10,002840,10.00943393926136,10.10245841825078,9.885401300608805
2020-04-13,2020-04-10,002869,40.96082323896317,40.09939688272841,40.08709079192506
2020-04-13,2020-04-10,300079,4.966133174435275,4.847420827636027,4.877098914335838
2020-04-13,2020-04-10,300119,15.19717093173988,15.39368607309859,15.786716355816
2020-04-13,2020-04-10,300127,14.45359859566998,14.2192159157402,14.40476887068461
2020-04-13,2020-04-10,300267,4.381759968061111,4.303514254345735,4.332856396989
2020-04-13,2020-04-10,300417,20.82654702715637,20.93398780736707,20.80958269343889
2020-04-13,2020-04-10,300527,8.931149342082332,8.69272043862296,8.752327664487803
2020-04-13,2020-04-10,300552,39.73910406330241,39.0036881640486,37.87924791229094
2020-04-13,2020-04-10,300615,17.01367474009235,16.79567774284014,17.00376578567179
2020-04-13,2020-04-10,300748,11.19263146524137,11.02781850191158,11.24390660938842
2020-04-13,2020-04-10,600136,9.130000000000001,8.880000000000001,9.08
2020-04-13,2020-04-10,600195,10.11771771338439,9.915829255557838,9.900299374186567
2020-04-13,2020-04-10,600536,41.746162968787,40.90215034266844,41.64582580344424
2020-04-13,2020-04-10,600712,5.65,5.55,5.58
2020-04-13,2020-04-10,600734,3.83,3.65,3.64
2020-04-13,2020-04-10,600809,58.31544833184379,58.44645222732611,57.86629211876155
2020-04-13,2020-04-10,600961,5.75,5.72,5.76
2020-04-13,2020-04-10,601519,7.69,7.48,7.51
2020-04-14,2020-04-13,000037,11.81303901074408,11.80308699809813,11.78318297280623
2020-04-14,2020-04-13,000066,11.79780966402416,11.8961247445577,11.85679871234429
2020-04-14,2020-04-13,000509,1.38,1.33,1.35
2020-04-14,2020-04-13,000595,2.63,2.63,2.62
2020-04-14,2020-04-13,000632,4.35,4.35,4.39
2020-04-14,2020-04-13,000723,6.89,6.88,6.96
2020-04-14,2020-04-13,002100,11.6865604295569,12.34533951168636,12.71533872219743
2020-04-14,2020-04-13,002387,10.77,10.82,10.82
2020-04-14,2020-04-13,002395,16.30758826064809,16.32719658320599,16.09843282003056
2020-04-14,2020-04-13,002458,13.4574329195034,13.38381457749299,13.71509711653984
2020-04-14,2020-04-13,002461,6.045264670079908,6.045264670079908,6.091553067247441
2020-04-14,2020-04-13,002479,5.920336134453781,5.901176470588235,5.920336134453781
2020-04-14,2020-04-13,002506,2.67,2.74,2.81
2020-04-14,2020-04-13,002634,5.16,5.22,5.2
2020-04-14,2020-04-13,002783,10.6851968503937,10.69511811023622,10.77448818897638
2020-04-14,2020-04-13,002840,9.860594772878294,9.686949078764714,9.736562134225737
2020-04-14,2020-04-13,002869,39.3302662075188,42.08067750206837,42.14836100148682
2020-04-14,2020-04-13,300079,4.847420827636027,4.896884305469047,4.886991609902443
2020-04-14,2020-04-13,300119,15.65570626157686,15.48726471184083,15.58084335058307
2020-04-14,2020-04-13,300127,14.48289643066121,14.45359859566998,14.57078993563487
2020-04-14,2020-04-13,300267,4.362198539632266,4.303514254345735,4.332856396989
2020-04-14,2020-04-13,300417,20.63993935626413,20.48726035280682,20.61732024464082
2020-04-14,2020-04-13,300527,8.7026549762671,8.69272043862296,8.643047750402257
2020-04-14,2020-04-13,300552,37.92720981876402,38.88644794822552,38.58801830794861
2020-04-14,2020-04-13,300615,17.09294637545678,17.06321951219512,17.27130755502677
2020-04-14,2020-04-13,300748,11.25123162998086,11.16333138287163,11.25123162998086
2020-04-14,2020-04-13,600136,9.029999999999999,9.09,9.15
2020-04-14,2020-04-13,600195,10.12548265407002,10.12548265407002,10.24195676435457
2020-04-14,2020-04-13,600536,41.31530337643277,41.9409351132759,41.76977171357353
2020-04-14,2020-04-13,600712,5.46,5.5,5.52
2020-04-14,2020-04-13,600734,3.58,3.6,3.61
2020-04-14,2020-04-13,600809,58.45892878880061,59.32604981127881,59.43833886454938
2020-04-14,2020-04-13,600961,5.82,5.78,5.84
2020-04-14,2020-04-13,601519,7.63,7.63,7.73
2020-04-15,2020-04-14,000037,11.90260712455764,11.90260712455764,11.92251114984955
2020-04-15,2020-04-14,000066,12.0239343492513,12.14191244589153,12.24022752642507
2020-04-15,2020-04-14,000509,1.37,1.36,1.37
2020-04-15,2020-04-14,000595,2.63,2.55,2.54
2020-04-15,2020-04-14,000632,4.41,4.4,4.43
2020-04-15,2020-04-14,000723,7.03,6.89,6.91
2020-04-15,2020-04-14,002100,12.42655885057903,12.59802189935245,12.8326555450424
2020-04-15,2020-04-14,002387,11.38,11.2,11.23
2020-04-15,2020-04-14,002395,15.88274127189374,15.76509133654637,15.58861643352533
2020-04-15,2020-04-14,002458,13.61203143772527,13.45007108530236,13.50160392470965
2020-04-15,2020-04-14,002461,6.073037708380427,6.054522349513414,6.0360069906464
2020-04-15,2020-04-14,002479,6.159831932773109,6.044873949579832,6.150252100840336
2020-04-15,2020-04-14,002506,2.94,2.95,2.94
2020-04-15,2020-04-14,002634,5.2,5.21,5.2
2020-04-15,2020-04-14,002783,10.56614173228347,10.56614173228347,10.50661417322835
2020-04-15,2020-04-14,002840,9.624932759438435,9.500900120785879,9.451287065324856
2020-04-15,2020-04-14,002869,42.28988104572539,41.46537296190068,42.09298359287173
2020-04-15,2020-04-14,300079,4.906777001035651,4.906777001035651,4.916669696602255
2020-04-15,2020-04-14,300119,15.77735849194177,16.11424159141384,16.32011459664677
2020-04-15,2020-04-14,300127,14.89306612053833,14.74657694558221,14.76610883557636
2020-04-15,2020-04-14,300267,4.440444253347644,4.460005681776487,4.55781282392071
2020-04-15,2020-04-14,300417,21.01315469804862,20.87178525040298,20.91136869574376
2020-04-15,2020-04-14,300527,8.752327664487803,8.7026549762671,8.7026549762671
2020-04-15,2020-04-14,300552,38.55604370363322,38.55604370363322,39.2488267971332
2020-04-15,2020-04-14,300615,17.34067023597065,17.36048814481176,17.28121650944732
2020-04-15,2020-04-14,300748,11.46365722716149,11.44900718597662,11.35378191827495
2020-04-15,2020-04-14,600136,9.109999999999999,9.109999999999999,9.1
2020-04-15,2020-04-14,600195,10.35843087463912,10.34290099326785,10.36619581532476
2020-04-15,2020-04-14,600536,42.50164280195606,42.83216522896752,42.67870838785505
2020-04-15,2020-04-14,600712,5.6,5.53,5.55
2020-04-15,2020-04-14,600734,3.59,3.55,3.55
2020-04-15,2020-04-14,600809,59.94987788500415,61.27239340130185,61.44706526194494
2020-04-15,2020-04-14,600961,5.9,5.89,5.88
2020-04-15,2020-04-14,601519,7.81,7.77,7.82
2020-04-16,2020-04-15,000017,3.57,3.59,3.61
2020-04-16,2020-04-15,000037,11.67371083370077,11.55428668194935,11.57419070724125
2020-04-16,2020-04-15,000066,11.64050553517051,11.29640275330314,11.37505481772997
2020-04-16,2020-04-15,000509,1.33,1.32,1.38
2020-04-16,2020-04-15,000595,2.55,2.52,2.52
2020-04-16,2020-04-15,000632,4.38,4.34,4.36
2020-04-16,2020-04-15,000862,3.85,3.8,3.81
2020-04-16,2020-04-15,000990,8.53952800597585,8.469531874779326,8.490530714138284
2020-04-16,2020-04-15,002036,10.88439712020453,10.66211013676373,10.76942109428687
2020-04-16,2020-04-15,002458,13.23657789347216,13.2439397276732,13.207130556668
2020-04-16,2020-04-15,002506,2.89,2.81,2.82
2020-04-16,2020-04-15,002939,11.0086614673958,11.03604619741419,11.04517444075366
2020-04-16,2020-04-15,300013,5.92,5.88,5.84
2020-04-16,2020-04-15,300081,10.21,10.1,10.14
2020-04-16,2020-04-15,300088,8.636754688099781,8.450617733614873,8.543686210857327
2020-04-16,2020-04-15,300099,4.804981465063001,4.769844489084478,4.840118441041524
2020-04-16,2020-04-15,300152,2.87,2.86,2.87
2020-04-16,2020-04-15,300267,4.548032109706288,4.46978639599091,4.450224967562066
2020-04-16,2020-04-15,300301,2.88,2.86,2.88
2020-04-16,2020-04-15,300313,4.97,4.89,4.89
2020-04-16,2020-04-15,300322,17.19205781132231,16.89410187005157,16.99342051714182
2020-04-16,2020-04-15,300333,9.109999999999999,9.09,9.16
2020-04-16,2020-04-15,300339,9.886151079372537,9.926095124137678,10.12581534796339
2020-04-16,2020-04-15,300472,10.96254529990071,10.80337948792393,10.86306666741523
2020-04-16,2020-04-15,300473,23.59332794261674,23.60326197543468,23.66286617234234
2020-04-16,2020-04-15,300552,38.96638445901398,38.66795481873707,39.04099186908321
2020-04-16,2020-04-15,300615,16.96412996798957,16.86504042378402,17.00376578567179
2020-04-16,2020-04-15,300663,15.03385552706887,15.54607095874334,15.59928814644978
2020-04-16,2020-04-15,600136,8.949999999999999,8.9,8.92
2020-04-16,2020-04-15,600155,11.66,11.68,11.7
2020-04-16,2020-04-15,600507,3.892704811790589,3.864342663799401,3.857252126801604
2020-04-16,2020-04-15,600536,42.38359907802339,41.6045105000678,42.1357072577648
2020-04-16,2020-04-15,600640,18.16941101795802,18.21913573338757,18.51748402596488
2020-04-16,2020-04-15,600734,3.51,3.42,3.49
2020-04-16,2020-04-15,600775,8.40160043994852,8.302407990834604,8.381761950125735
2020-04-17,2020-04-16,000017,3.6,3.6,3.59
2020-04-17,2020-04-16,000037,11.76327894751433,11.76327894751433,11.75332693486838
2020-04-17,2020-04-16,000066,11.1980876727696,11.45370688215679,11.80764117207752
2020-04-17,2020-04-16,000509,1.4,1.4,1.38
2020-04-17,2020-04-16,000595,2.49,2.51,2.5
2020-04-17,2020-04-16,000632,4.35,4.37,4.36
2020-04-17,2020-04-16,000862,3.84,3.84,3.82
2020-04-17,2020-04-16,000990,8.51152955349724,8.756516012685072,8.875509435719161
2020-04-17,2020-04-16,002036,10.86906698341551,10.96871287254414,11.06835876167277
2020-04-17,2020-04-16,002458,13.17768321986383,13.12615038045655,13.15559771726071
2020-04-17,2020-04-16,002506,2.84,2.85,2.84
2020-04-17,2020-04-16,002939,11.02691795407473,11.08168741411152,11.13645687414832
2020-04-17,2020-04-16,300013,5.91,5.9,5.93
2020-04-17,2020-04-16,300081,10.16,10.22,10.32
2020-04-17,2020-04-16,300088,8.646061535824026,8.785664251687709,8.850812185757427
2020-04-17,2020-04-16,300099,5.068508784901922,5.050940296912661,5.077293028896554
2020-04-17,2020-04-16,300152,2.9,2.88,2.87
2020-04-17,2020-04-16,300267,4.440444253347644,4.450224967562066,4.411102110704377
2020-04-17,2020-04-16,300301,2.9,2.91,2.9
2020-04-17,2020-04-16,300313,4.9,4.94,4.94
2020-04-17,2020-04-16,300322,17.04307984068694,17.23178527015842,17.28144459370354
2020-04-17,2020-04-16,300333,9.279999999999999,9.390000000000001,9.449999999999999
2020-04-17,2020-04-16,300339,10.41540967251066,10.41540967251066,10.48531175084966
2020-04-17,2020-04-16,300472,10.92275384690652,10.89291025716087,10.91280598365797
2020-04-17,2020-04-16,300473,24.5370610603214,24.77547784795206,24.48739089623168
2020-04-17,2020-04-16,300552,39.06230827196013,39.59521834388319,39.46731992662166
2020-04-17,2020-04-16,300615,17.03349264893346,17.19203591966233,17.20194487408288
2020-04-17,2020-04-16,300663,16.30441588356009,16.75010983060151,16.75676197906482
2020-04-17,2020-04-16,600136,8.92,9.039999999999999,9.08
2020-04-17,2020-04-16,600155,11.66,11.96,12.17
2020-04-17,2020-04-16,600507,3.843071052806009,3.857252126801604,3.878523737794995
2020-04-17,2020-04-16,600536,42.43081656759646,42.94430676670355,43.22170951794531
2020-04-17,2020-04-16,600640,18.55726379830852,18.69649300151126,19.17385026963495
2020-04-17,2020-04-16,600734,3.55,3.54,3.62
2020-04-17,2020-04-16,600775,8.391681195037128,8.451196664505476,8.500792889062433
2020-04-20,2020-04-17,000017,3.61,3.62,3.85
2020-04-20,2020-04-17,000037,11.85284706132789,11.81303901074408,11.75332693486838
2020-04-20,2020-04-17,000066,11.45370688215679,11.4733698982635,11.55202196269033
2020-04-20,2020-04-17,000509,1.38,1.38,1.36
2020-04-20,2020-04-17,000595,2.48,2.5,2.48
2020-04-20,2020-04-17,000632,4.34,4.32,4.32
2020-04-20,2020-04-17,000862,3.8,3.79,3.77
2020-04-20,2020-04-17,000990,8.721517947086811,8.51152955349724,8.581525684693764
2020-04-20,2020-04-17,002036,10.81541150465394,10.79241629947041,10.79241629947041
2020-04-20,2020-04-17,002458,13.40590008009611,13.35436724068883,13.31755806968362
2020-04-20,2020-04-17,002506,2.84,2.79,2.79
2020-04-20,2020-04-17,002939,11.05430268409313,11.09081565745099,11.10907214412992
2020-04-20,2020-04-17,300013,5.87,5.87,5.83
2020-04-20,2020-04-17,300081,10.1,10.13,10.1
2020-04-20,2020-04-17,300088,8.7019026221695,8.7019026221695,8.655368383548273
2020-04-20,2020-04-17,300099,4.945529368977092,4.989450588950246,4.971882100960984
2020-04-20,2020-04-17,300152,2.83,2.66,2.55
2020-04-20,2020-04-17,300267,4.46978639599091,4.430663539133222,4.46978639599091
2020-04-20,2020-04-17,300301,2.86,2.85,2.83
2020-04-20,2020-04-17,300313,4.84,4.82,4.78
2020-04-20,2020-04-17,300322,16.96362492301474,17.10267102894109,17.03314797597791
2020-04-20,2020-04-17,300333,9.26,9.279999999999999,9.35
2020-04-20,2020-04-17,300339,10.23566147106753,10.20570343749367,10.2556334934501
2020-04-20,2020-04-17,300472,10.83322307766958,10.75364017168119,10.6939529921899
2020-04-20,2020-04-17,300473,25.69934290002084,25.92782565483355,25.60993660465935
2020-04-20,2020-04-17,300552,39.19553578994089,39.09428287627551,39.09428287627551
2020-04-20,2020-04-17,300615,17.21185382850344,17.26139860060621,17.21185382850344
2020-04-20,2020-04-17,300663,15.79220045188561,15.64585318569291,16.23124225046373
2020-04-20,2020-04-17,600136,8.9,8.92,8.949999999999999
2020-04-20,2020-04-17,600155,12,11.85,11.83
2020-04-20,2020-04-17,600507,3.843071052806009,3.821799441812618,3.835980515808213
2020-04-20,2020-04-17,600536,42.42491438139982,42.91479583572038,43.29253575230491
2020-04-20,2020-04-17,600640,18.41803459510577,18.49759413979305,18.49759413979305
2020-04-20,2020-04-17,600734,3.5,3.5,3.44
2020-04-20,2020-04-17,600775,8.371842705214345,8.391681195037128,8.421438929771302
2020-04-21,2020-04-20,000017,3.79,3.77,3.78
2020-04-21,2020-04-20,000037,11.74337492222243,11.64385479576291,11.70356687163862
2020-04-21,2020-04-20,000066,11.96494530093117,11.94528228482447,12.06326038146471
2020-04-21,2020-04-20,000509,1.36,1.34,1.34
2020-04-21,2020-04-20,000595,2.51,2.38,2.43
2020-04-21,2020-04-20,000632,4.28,4.27,4.34
2020-04-21,2020-04-20,000862,3.78,3.74,3.72
2020-04-21,2020-04-20,000990,8.707518720847505,8.777514852044028,8.861510209479857
2020-04-21,2020-04-20,002036,10.96871287254414,10.83074164144296,10.77708616268138
2020-04-21,2020-04-20,002458,13.29547256708049,13.11878854625551,12.96419002803364
2020-04-21,2020-04-20,002506,2.78,2.83,2.82
2020-04-21,2020-04-20,002939,11.14558511748779,11.06343092743259,11.0086614673958
2020-04-21,2020-04-20,300013,5.88,5.84,5.79
2020-04-21,2020-04-20,300081,10.26,10.15,10.1
2020-04-21,2020-04-20,300088,8.748436860790727,8.571606754030064,8.534379363133082
2020-04-21,2020-04-20,300099,4.989450588950246,4.963097856966354,5.086077272891184
2020-04-21,2020-04-20,300152,2.55,2.58,2.56
2020-04-21,2020-04-20,300267,4.460005681776487,4.401321396489955,4.332856396989
2020-04-21,2020-04-20,300301,2.76,2.74,2.75
2020-04-21,2020-04-20,300313,4.94,4.88,4.86
2020-04-21,2020-04-20,300322,17.00335238185084,16.83451068179741,16.75505576412522
2020-04-21,2020-04-20,300333,9.42,9.33,9.31
2020-04-21,2020-04-20,300339,10.34550759417166,10.20570343749367,10.26561950464138
2020-04-21,2020-04-20,300472,10.71384871868699,10.64421367594715,10.63426581269861
2020-04-21,2020-04-20,300473,26.45432939418458,25.93775968765149,25.94769372046944
2020-04-21,2020-04-20,300552,39.43001622158704,39.40337071799089,39.43001622158704
2020-04-21,2020-04-20,300615,17.25148964618566,17.07312846661567,16.99385683125124
2020-04-21,2020-04-20,300663,16.22459010200043,15.96515631193154,16.23124225046373
2020-04-21,2020-04-20,600136,9.06,8.949999999999999,8.9
2020-04-21,2020-04-20,600155,11.85,11.71,11.67
2020-04-21,2020-04-20,600507,3.843071052806009,3.828889978810416,3.807618367817024
2020-04-21,2020-04-20,600536,44.44346206064839,44.85071290821609,46.5387381604532
2020-04-21,2020-04-20,600640,18.66665817225353,18.41803459510577,18.05007170092709
2020-04-21,2020-04-20,600734,3.4,3.46,3.45
2020-04-21,2020-04-20,600775,8.411519684859911,8.342084970480171,8.322246480657389
2020-04-22,2020-04-21,000017,4.02,3.79,3.77
2020-04-22,2020-04-21,000037,11.58414271988721,11.44481454284389,11.47467058078174
2020-04-22,2020-04-21,000066,12.3188795908519,12.18123847810495,12.00427133314459
2020-04-22,2020-04-21,000509,1.3,1.27,1.27
2020-04-22,2020-04-21,000595,2.45,2.41,2.4
2020-04-22,2020-04-21,000632,4.16,4.12,4.11
2020-04-22,2020-04-21,000862,3.75,3.7,3.72
2020-04-22,2020-04-21,000990,9.022501311231862,8.910507501317424,9.057499376830123
2020-04-22,2020-04-21,002036,10.7157656155253,10.66977520515824,10.68510534194726
2020-04-22,2020-04-21,002458,12.86112434921906,12.61082198638366,12.92738085702843
2020-04-22,2020-04-21,002506,2.79,2.74,2.74
2020-04-22,2020-04-21,002939,10.953892007359,10.90825079066167,10.90825079066167
2020-04-22,2020-04-21,300013,5.71,5.81,5.91
2020-04-22,2020-04-21,300081,10.03,9.960000000000001,10.05
2020-04-22,2020-04-21,300088,8.543686210857327,8.478538276787608,8.506458819960347
2020-04-22,2020-04-21,300099,5.086077272891184,5.024587564928769,5.0333718089234
2020-04-22,2020-04-21,300152,2.6,2.54,2.54
2020-04-22,2020-04-21,300267,4.342637111203423,4.28395282591689,4.293733540131312
2020-04-22,2020-04-21,300301,2.75,2.74,2.73
2020-04-22,2020-04-21,300313,4.87,4.81,4.87
2020-04-22,2020-04-21,300322,16.74512389941619,16.72526016999814,16.70539644058009
2020-04-22,2020-04-21,300333,9.49,9.369999999999999,9.42
2020-04-22,2020-04-21,300339,10.38545163893681,10.30556354940652,10.22567545987624
2020-04-22,2020-04-21,300472,10.77353589817829,10.6740572656928,10.65416153919571
2020-04-22,2020-04-21,300473,25.27217948884925,24.61653332286496,24.31851233832664
2020-04-22,2020-04-21,300552,40.87420251649853,40.49050726471393,40.44254535824085
2020-04-22,2020-04-21,300615,17.0235836945129,16.90467624146624,16.94431205914847
2020-04-22,2020-04-21,300663,15.93854771807832,15.79220045188561,15.70572252186265
2020-04-22,2020-04-21,600136,8.9,8.890000000000001,8.91
2020-04-22,2020-04-21,600155,11.67,11.65,11.73
2020-04-22,2020-04-21,600507,3.814708904814821,3.779256219825836,3.779256219825836
2020-04-22,2020-04-21,600536,48.88780826671324,49.45441814159003,47.93165410285864
2020-04-22,2020-04-21,600640,18.21913573338757,18.15946607487211,17.91084249772435
2020-04-22,2020-04-21,600734,3.41,3.37,3.34
2020-04-22,2020-04-21,600775,8.312327235745997,8.252811766277649,8.223054031543473
2020-04-23,2020-04-22,000058,6.895007988676114,6.914878328701116,6.93474866872612
2020-04-23,2020-04-22,000066,12.16157546199824,12.08292339757141,11.98460831703788
2020-04-23,2020-04-22,000509,1.31,1.29,1.31
2020-04-23,2020-04-22,000663,4.24,4.22,4.26
2020-04-23,2020-04-22,000723,7.03,7.02,6.99
2020-04-23,2020-04-22,000950,5.003475779261146,5.089413340355327,5.070316104556619
2020-04-23,2020-04-22,002446,7.84,7.76,7.78
2020-04-23,2020-04-22,002479,5.747899159663866,5.776638655462185,5.757478991596638
2020-04-23,2020-04-22,002506,2.75,2.75,2.72
2020-04-23,2020-04-22,002676,3.721747787487653,3.731725663593518,3.821526548546303
2020-04-23,2020-04-22,002716,1.54,1.53,1.53
2020-04-23,2020-04-22,002869,42.44986022616898,42.02530009345327,41.95761659403483
2020-04-23,2020-04-22,300152,2.54,2.52,2.51
2020-04-23,2020-04-22,300267,4.264391397488046,4.313294968560156,4.293733540131312
2020-04-23,2020-04-22,300339,10.39543765012809,10.33552158298038,10.26561950464138
2020-04-23,2020-04-22,300345,6.74,6.7,6.63
2020-04-23,2020-04-22,300472,10.75364017168119,10.80337948792393,10.74369230843264
2020-04-23,2020-04-22,300473,24.26884217423692,24.27877620705486,24.26884217423692
2020-04-23,2020-04-22,300527,8.821869427996788,8.802000352708506,8.871542116217489
2020-04-23,2020-04-22,300581,5.47291870231847,5.489168460935805,5.492418412659272
2020-04-23,2020-04-22,300615,17.04340160335401,17.06321951219512,16.97403892241013
2020-04-23,2020-04-22,300632,13.83177538703681,13.8977756785905,13.72806064316673
2020-04-23,2020-04-22,300683,53.40658733235544,54.60595575611472,53.92201839049992
2020-04-23,2020-04-22,300748,11.43069463449553,11.26954418146195,11.34645689768252
2020-04-23,2020-04-22,600052,3.977204170470632,3.98690466844739,3.977204170470632
2020-04-23,2020-04-22,600203,9.15,9.279999999999999,9.609999999999999
2020-04-23,2020-04-22,600211,16.64132392237005,16.71296954395364,16.81066811884035
2020-04-23,2020-04-22,600212,2.99,2.96,2.93
2020-04-23,2020-04-22,600255,0.98,0.98,0.97
2020-04-23,2020-04-22,600507,3.807618367817024,3.807618367817024,3.800527830819227
2020-04-23,2020-04-22,600592,10.97670587729377,11.09846114726376,11.14529009725221
2020-04-23,2020-04-22,600613,6.939889341087984,7.046507752752743,7.065892918509973
2020-04-23,2020-04-22,600734,3.4,3.41,3.44
2020-04-24,2020-04-23,000058,7.212933429076164,7.232803769101168,7.232803769101168
2020-04-24,2020-04-23,000066,11.81747268013087,11.92561926871776,11.86663022039764
2020-04-24,2020-04-23,000509,1.28,1.29,1.29
2020-04-24,2020-04-23,000663,4.26,4.23,4.16
2020-04-24,2020-04-23,000723,7.05,7.76,7.68
2020-04-24,2020-04-23,000950,5.032121632959206,4.974829925563086,4.974829925563086
2020-04-24,2020-04-23,002446,7.67,7.73,7.66
2020-04-24,2020-04-23,002479,5.642521008403361,5.623361344537815,5.57546218487395
2020-04-24,2020-04-23,002506,2.69,2.71,2.7
2020-04-24,2020-04-23,002676,4.090929203404658,3.941261061816683,3.881393805181493
2020-04-24,2020-04-23,002716,1.51,1.5,1.51
2020-04-24,2020-04-23,002869,41.73610695957446,41.87762700381303,41.5145973251141
2020-04-24,2020-04-23,300152,2.48,2.51,2.49
2020-04-24,2020-04-23,300267,4.303514254345735,4.254610683273623,4.235049254844779
2020-04-24,2020-04-23,300339,10.17574540391981,10.22567545987624,10.03594124724182
2020-04-24,2020-04-23,300345,6.8,6.83,6.7
2020-04-24,2020-04-23,300472,10.70390085543845,10.63426581269861,10.63426581269861
2020-04-24,2020-04-23,300473,23.92115102560888,24.30857830550869,24.33838040396253
2020-04-24,2020-04-23,300527,8.951018417370612,8.831803965640928,8.752327664487803
2020-04-24,2020-04-23,300581,5.433919281636865,5.372170198890992,5.359170391997123
2020-04-24,2020-04-23,300615,16.79567774284014,16.86504042378402,16.79567774284014
2020-04-24,2020-04-23,300632,13.47348809003108,13.35091612000281,13.26605860229093
2020-04-24,2020-04-23,300683,52.2171310443297,51.54310581444845,53.1290475318161
2020-04-24,2020-04-23,300748,11.09740619753971,11.06078109457754,10.94358076509857
2020-04-24,2020-04-23,600052,4.171214130005786,4.093610146191724,4.083909648214966
2020-04-24,2020-04-23,600203,9.25,9.289999999999999,9.19
2020-04-24,2020-04-23,600211,16.67389011399896,16.61527096906693,16.5566518241349
2020-04-24,2020-04-23,600212,2.87,,
2020-04-24,2020-04-23,600255,0.93,0.91,0.87
2020-04-24,2020-04-23,600507,3.765075145830242,3.757984608832444,3.772165682828039
2020-04-24,2020-04-23,600592,11.06099798727299,11.03290061727992,10.91114534730994
2020-04-24,2020-04-23,600613,6.968967089723828,6.901119009573526,6.881733843816296
2020-04-24,2020-04-23,600734,3.4,3.35,3.33
2020-04-27,2020-04-24,000058,7.004294858813631,7.093711388926145,7.153322409001155
2020-04-27,2020-04-24,000066,11.52252743853027,11.42421235799673,11.42421235799673
2020-04-27,2020-04-24,000509,1.31,1.3,1.31
2020-04-27,2020-04-24,000663,4.06,4.07,4.08
2020-04-27,2020-04-24,000723,7.4,7.2,7.2
2020-04-27,2020-04-24,000950,4.907989600267612,4.95573268976438,4.936635453965673
2020-04-27,2020-04-24,002446,7.52,7.52,7.55
2020-04-27,2020-04-24,002479,5.489243697478992,5.489243697478992,5.498823529411765
2020-04-27,2020-04-24,002506,2.63,2.56,2.59
2020-04-27,2020-04-24,002676,3.761659291911112,3.671858406958327,3.681836283064192
2020-04-27,2020-04-24,002716,1.5,1.45,1.45
2020-04-27,2020-04-24,002869,41.05311891998833,41.2746285544487,41.22540419123528
2020-04-27,2020-04-24,300152,2.39,2.34,2.32
2020-04-27,2020-04-24,300267,4.107899970057292,4.078557827414025,4.068777113199603
2020-04-27,2020-04-24,300339,9.716388889120687,9.606542766016545,9.586570743633976
2020-04-27,2020-04-24,300345,6.67,6.8,6.79
2020-04-27,2020-04-24,300472,10.79343162467539,10.78348376142684,10.87301453066378
2020-04-27,2020-04-24,300473,23.91121699279094,23.94101909124477,24.07016151787804
2020-04-27,2020-04-24,300527,9.129840094965143,8.911280266794051,8.921214804438192
2020-04-27,2020-04-24,300581,5.258421888569647,5.147923529971767,5.147923529971767
2020-04-27,2020-04-24,300615,16.46868224696184,16.64704342653182,16.53804492790572
2020-04-27,2020-04-24,300632,13.05862911455077,12.87005685296881,12.77577072217783
2020-04-27,2020-04-24,300683,50.4527708837582,49.57059080347245,48.88665343785765
2020-04-27,2020-04-24,300748,10.58831726636545,10.52971710162596,10.47111693688648
2020-04-27,2020-04-24,600052,4.025706660354421,3.98690466844739,4.006305664400905
2020-04-27,2020-04-24,600203,8.9,8.73,8.65
2020-04-27,2020-04-24,600211,15.86624856160213,15.82065589332167,15.70341760345761
2020-04-27,2020-04-24,600212,,2.73,2.73
2020-04-27,2020-04-24,600255,0.85,0.9399999999999999,0.9399999999999999
2020-04-27,2020-04-24,600507,3.72253192384346,3.715441386845662,3.694169775852271
2020-04-27,2020-04-24,600592,10.81748744733303,10.69573217736304,10.87368218731917
2020-04-27,2020-04-24,600613,6.678189603365392,6.62972668897232,6.581263774579248
2020-04-27,2020-04-24,600734,3.22,3.14,3.11
2020-04-28,2020-04-27,000058,7.530858869476216,7.481183019413708,7.133452068976151
2020-04-28,2020-04-27,000066,11.33572878551655,11.38488632578332,11.1980876727696
2020-04-28,2020-04-27,000509,1.29,1.3,1.26
2020-04-28,2020-04-27,000663,4.08,4.01,3.92
2020-04-28,2020-04-27,000723,6.89,6.63,6.4
2020-04-28,2020-04-27,000950,4.917538218166967,4.89844098236826,4.84114927497214
2020-04-28,2020-04-27,002446,7.5,7.45,7.17
2020-04-28,2020-04-27,002479,5.479663865546218,5.470084033613445,5.403025210084033
2020-04-28,2020-04-27,002506,2.62,2.61,2.52
2020-04-28,2020-04-27,002676,3.871415929075628,3.921305309604953,3.821526548546303
2020-04-28,2020-04-27,002716,1.43,1.36,1.36
2020-04-28,2020-04-27,002869,41.82840264059962,41.12080241940677,41.10849632860342
2020-04-28,2020-04-27,300152,2.42,2.41,2.31
2020-04-28,2020-04-27,300267,4.039434970556337,4.019873542127493,3.922066399983271
2020-04-28,2020-04-27,300339,9.406822542190838,9.456752598147267,9.167158273599989
2020-04-28,2020-04-27,300345,6.56,6.54,6.39
2020-04-28,2020-04-27,300472,10.71384871868699,10.60442222295296,10.34577777849069
2020-04-28,2020-04-27,300473,23.91121699279094,23.71253633643206,23.10656033453749
2020-04-28,2020-04-27,300527,8.821869427996788,8.662916825690539,8.414553384587025
2020-04-28,2020-04-27,300581,5.092674350672828,5.082924495502427,4.900927198988274
2020-04-28,2020-04-27,300615,16.43895538370018,16.37950165717685,15.81469125520523
2020-04-28,2020-04-27,300632,12.59662707367497,12.54948400827948,11.89890970582171
2020-04-28,2020-04-27,300683,51.3448630997775,49.94725196134726,48.98577479519313
2020-04-28,2020-04-27,300748,10.57732973547679,10.866668048878,10.73481767821416
2020-04-28,2020-04-27,600052,4.074209150238209,4.074209150238209,3.996605166424148
2020-04-28,2020-04-27,600203,8.73,8.68,8.34
2020-04-28,2020-04-27,600211,15.9118412298826,16.7259960206052,16.59573125408959
2020-04-28,2020-04-27,600212,2.73,2.59,2.65
2020-04-28,2020-04-27,600255,0.9399999999999999,1.03,1.03
2020-04-28,2020-04-27,600507,3.679988701856677,3.651626553865489,3.580721183887518
2020-04-28,2020-04-27,600592,11.14529009725221,11.17338746724528,10.98607166729147
2020-04-28,2020-04-27,600613,6.658804437608164,6.610341523215092,6.532800860186176
2020-04-28,2020-04-27,600734,3.03,3.09,2.94
2020-04-29,2020-04-28,000058,6.964554178763624,6.388314318038531,6.388314318038531
2020-04-29,2020-04-28,000066,11.27673973719643,11.27673973719643,11.36522330967661
2020-04-29,2020-04-28,000509,1.23,1.2,1.22
2020-04-29,2020-04-28,000663,3.91,3.88,3.92
2020-04-29,2020-04-28,000723,6.5,6.46,6.54
2020-04-29,2020-04-28,000950,4.822052039173433,4.822052039173433,4.831600657072785
2020-04-29,2020-04-28,002446,7.18,7.18,7.2
2020-04-29,2020-04-28,002479,5.364705882352941,5.383865546218487,5.412605042016807
2020-04-29,2020-04-28,002506,2.51,2.53,2.54
2020-04-29,2020-04-28,002676,3.921305309604953,3.811548672440438,3.881393805181493
2020-04-29,2020-04-28,002716,1.36,,
2020-04-29,2020-04-28,002869,41.3792303262772,42.83750208647464,43.73584671511946
2020-04-29,2020-04-28,300152,2.29,2.3,2.34
2020-04-29,2020-04-28,300267,3.922066399983271,3.931847114197693,3.96118925684096
2020-04-29,2020-04-28,300339,9.097256195260991,9.087270184069705,9.207102318365131
2020-04-29,2020-04-28,300345,6.24,6.38,6.3
2020-04-29,2020-04-28,300472,10.64421367594715,10.64421367594715,10.60442222295296
2020-04-29,2020-04-28,300473,22.63966079209412,22.74893515309151,22.77873725154534
2020-04-29,2020-04-28,300527,8.215862631704214,8.245666244636636,8.265535319924917
2020-04-29,2020-04-28,300581,4.858677826583202,4.884677440370939,4.861927778306669
2020-04-29,2020-04-28,300615,15.7552375286819,16.02277929803688,15.953416617093
2020-04-29,2020-04-28,300632,12.20062532435285,12.37034035977661,12.4646264905676
2020-04-29,2020-04-28,300683,47.23132677035517,46.87448988394745,47.7368456927661
2020-04-29,2020-04-28,300748,10.76045525028768,10.87765557976665,10.96189331657966
2020-04-29,2020-04-28,600052,3.98690466844739,4.006305664400905,4.006305664400905
2020-04-29,2020-04-28,600203,8.51,8.609999999999999,8.630000000000001
2020-04-29,2020-04-28,600211,17.50107138137312,18.00910397078403,18.13936873729965
2020-04-29,2020-04-28,600212,2.59,2.55,2.62
2020-04-29,2020-04-28,600255,1.03,1.03,1.02
2020-04-29,2020-04-28,600507,3.580721183887518,3.580721183887518,3.580721183887518
2020-04-29,2020-04-28,600592,10.88304797731686,10.97670587729377,10.92987692730532
2020-04-29,2020-04-28,600613,6.377719534128343,6.416489865642801,6.464952780035873
2020-04-29,2020-04-28,600734,2.82,2.7,2.83
2020-04-30,2020-04-29,000058,6.269092277888512,6.110129557688487,6.269092277888512
2020-04-30,2020-04-29,000066,11.18825616471625,11.39471783383667,11.45370688215679
2020-04-30,2020-04-29,000723,6.56,6.63,6.64
2020-04-30,2020-04-29,002086,2.23,2.16,2.14
2020-04-30,2020-04-29,002506,2.46,2.49,2.49
2020-04-30,2020-04-29,002524,7.52,7.44,7.39
2020-04-30,2020-04-29,002565,4.043893854442233,4.073339683479435,4.083154959825167
2020-04-30,2020-04-29,002589,5.002136976162875,5.041523881486992,5.041523881486992
2020-04-30,2020-04-29,002600,8.232867281444806,8.453304938573131,8.760000809360365
2020-04-30,2020-04-29,002653,18.77513323068915,18.81344982911912,18.89966217558657
2020-04-30,2020-04-29,002681,2.77,,
2020-04-30,2020-04-29,002716,,1.29,1.29
2020-04-30,2020-04-29,002800,9.339630413059151,9.435035239859216,9.490269613269781
2020-04-30,2020-04-29,002822,10.08774267650664,10.06790444115461,10.0579853234786
2020-04-30,2020-04-29,002881,14.8634878636444,15.1452240577811,15.29751389244959
2020-04-30,2020-04-29,300043,3.291023615528051,3.330437072001441,3.340290436119789
2020-04-30,2020-04-29,300127,14.06296079578701,14.27781158572265,14.16062024575775
2020-04-30,2020-04-29,300194,5.404690443009367,5.444140738213814,5.444140738213814
2020-04-30,2020-04-29,300267,3.882943543125583,3.922066399983271,3.912285685768849
2020-04-30,2020-04-29,300322,15.45398148724294,15.66255064613246,15.78173302264076
2020-04-30,2020-04-29,300339,9.147186251217418,9.306962430277984,9.366878497425697
2020-04-30,2020-04-29,300417,18.76255309152996,18.90392253917561,18.91523209498726
2020-04-30,2020-04-29,300527,8.215862631704214,8.374815234010462,8.335077083433902
2020-04-30,2020-04-29,300584,21.93081148533934,22.06763472990028,22.22400415225564
2020-04-30,2020-04-29,300589,5.900747286746209,5.965140362296019,5.959286446336945
2020-04-30,2020-04-29,300661,113.8503580459853,116.9249662328699,118.4837574229168
2020-04-30,2020-04-29,300748,10.97654335776453,11.0534560739851,11.01316846072671
2020-04-30,2020-04-29,600052,4.11301114214524,3.851097696772783,3.724991223074934
2020-04-30,2020-04-29,600072,10.55088321124849,10.91504615790539,10.77725477268386
2020-04-30,2020-04-29,600136,8.23,8.19,8.220000000000001
2020-04-30,2020-04-29,600371,10.38921484900719,10.37417980581036,10.29900458982623
2020-04-30,2020-04-29,600507,3.594902257883112,3.616173868876503,3.637445479869895
2020-04-30,2020-04-29,600734,2.83,2.89,3.02
2020-04-30,2020-04-29,600741,15.68760536204364,16.76950918011562,16.99772326674017
2020-04-30,2020-04-29,600812,8.82095537707359,8.81115431554351,8.81115431554351
2020-04-30,2020-04-29,600850,12.50007064537814,12.68380805173505,12.74307818281793
2020-05-06,2020-04-30,000058,6.269092277888512,6.239286767851008,6.239286767851008
2020-05-06,2020-04-30,000066,11.63067402711716,11.81747268013087,11.77814664791746
2020-05-06,2020-04-30,000723,6.64,6.59,6.59
2020-05-06,2020-04-30,002086,2.17,2.12,2.07
2020-05-06,2020-04-30,002506,2.52,2.53,2.53
2020-05-06,2020-04-30,002524,7.51,7.46,7.49
2020-05-06,2020-04-30,002565,4.102785512516634,4.092970236170901,4.122416065208102
2020-05-06,2020-04-30,002589,5.07106406048008,5.051370607818021,5.100604239473168
2020-05-06,2020-04-30,002600,8.894180252829779,9.114617909958104,9.009191204374993
2020-05-06,2020-04-30,002653,19.08166601812897,18.94755792362405,19.48399030164374
2020-05-06,2020-04-30,002681,,2.63,2.63
2020-05-06,2020-04-30,002716,1.29,1.23,1.23
2020-05-06,2020-04-30,002800,9.686100573543603,9.927123293880614,9.942187213901677
2020-05-06,2020-04-30,002822,10.31588238305497,10.4051544421391,10.25636767699889
2020-05-06,2020-04-30,002881,15.49549067751863,15.63255152872027,15.57163559485287
2020-05-06,2020-04-30,300043,3.438824077303263,3.517650990250043,3.428970713184916
2020-05-06,2020-04-30,300127,14.54149210064365,14.64891749561147,14.79540667056758
2020-05-06,2020-04-30,300194,5.513178754821598,5.463865885816038,5.631529640434942
2020-05-06,2020-04-30,300267,4.000312113698648,3.980750685269804,3.990531399484226
2020-05-06,2020-04-30,300322,16.11941642274762,16.31805371692812,16.09955269332957
2020-05-06,2020-04-30,300339,9.636500799590403,9.716388889120687,9.716388889120687
2020-05-06,2020-04-30,300417,19.01701809729212,18.97177987404552,18.8360652043057
2020-05-06,2020-04-30,300527,8.335077083433902,8.354946158722182,8.315208008145619
2020-05-06,2020-04-30,300584,22.69311241932173,22.54651608586358,22.75175095270499
2020-05-06,2020-04-30,300589,6.023679521886755,6.017825605927681,6.006117774009534
2020-05-06,2020-04-30,300661,123.2265456552903,128.141230660501,129.8992658372456
2020-05-06,2020-04-30,300748,11.48563228893879,11.6321327007875,12.02035879218658
2020-05-06,2020-04-30,600052,3.773493712958722,3.676488733191146,3.627986243307358
2020-05-06,2020-04-30,600072,10.85599270709616,10.88551943250078,10.93473064150846
2020-05-06,2020-04-30,600136,8.32,8.300000000000001,8.380000000000001
2020-05-06,2020-04-30,600371,10.5094951945818,10.56963536736911,10.81771358011675
2020-05-06,2020-04-30,600507,3.665807627861083,3.651626553865489,3.637445479869895
2020-05-06,2020-04-30,600734,3.11,3.12,3.09
2020-05-06,2020-04-30,600741,17.2428421005221,17.73307976808597,17.68236552661385
2020-05-06,2020-04-30,600812,8.575928838821547,8.566127777291465,8.664138392592282
2020-05-06,2020-04-30,600850,12.98015870714942,13.0868449430986,13.06313689066545
2020-05-07,2020-05-06,000058,6.318768127951021,6.308832957938519,6.328703297963522
2020-05-07,2020-05-06,000066,12.32871109890525,12.34837411501196,12.49584673581226
2020-05-07,2020-05-06,000723,6.75,6.71,6.68
2020-05-07,2020-05-06,002086,2.1,2.09,2.09
2020-05-07,2020-05-06,002506,2.69,2.66,2.66
2020-05-07,2020-05-06,002524,7.54,7.57,7.59
2020-05-07,2020-05-06,002565,4.142046617899569,4.161677170591036,4.151861894245303
2020-05-07,2020-05-06,002589,5.130144418466256,5.110450965804198,5.139991144797285
2020-05-07,2020-05-06,002600,9.143370647844407,9.277550091313822,9.191291877654912
2020-05-07,2020-05-06,002653,19.34988220713881,19.26366986067136,19.28282815988635
2020-05-07,2020-05-06,002681,2.63,2.56,2.74
2020-05-07,2020-05-06,002716,1.28,1.25,1.32
2020-05-07,2020-05-06,002800,10.18823124091237,10.18320993423869,10.12797556082812
2020-05-07,2020-05-06,002822,10.5440220896033,10.66305150171548,10.63329414868743
2020-05-07,2020-05-06,002881,15.88382975592327,16.363542735129,16.23409637566079
2020-05-07,2020-05-06,300043,3.478237533776653,3.497944262013347,3.478237533776653
2020-05-07,2020-05-06,300127,15.99661790520772,15.43019309537742,15.52785254534816
2020-05-07,2020-05-06,300194,5.611804492832718,5.592079345230494,5.641392214236054
2020-05-07,2020-05-06,300267,4.029654256341915,4.01009282791307,4.039434970556337
2020-05-07,2020-05-06,300322,16.75505576412522,17.49001375259307,17.31124018783062
2020-05-07,2020-05-06,300339,10.30556354940652,10.14578737034596,10.1857314151111
2020-05-07,2020-05-06,300417,19.0566015426329,19.07356587635038,19.05094676472708
2020-05-07,2020-05-06,300527,8.444356997519446,8.424487922231165,8.434422459875305
2020-05-07,2020-05-06,300584,23.00585126403245,22.91789346395756,23.06448979741571
2020-05-07,2020-05-06,300589,6.093926513395639,6.06465693360027,6.082218681477491
2020-05-07,2020-05-06,300661,134.0013479163165,134.157617709805,131.4619637721298
2020-05-07,2020-05-06,300748,12.63566052195116,12.55874780573058,12.767510892615
2020-05-07,2020-05-06,600052,3.6182857453306,3.589184251400327,3.589184251400327
2020-05-07,2020-05-06,600072,11.01346857592076,10.98394185051615,11.01346857592076
2020-05-07,2020-05-06,600136,8.380000000000001,8.369999999999999,8.380000000000001
2020-05-07,2020-05-06,600371,10.88537127450247,10.83274862331357,11.15600205204534
2020-05-07,2020-05-06,600507,3.665807627861083,3.651626553865489,3.651626553865489
2020-05-07,2020-05-06,600734,3.13,3.17,3.34
2020-05-07,2020-05-06,600741,18.1810555677564,18.08807945839083,18.01200809618265
2020-05-07,2020-05-06,600812,8.781751130953264,8.722944761772773,8.81115431554351
2020-05-07,2020-05-06,600850,13.54915196554501,13.63213014906104,13.57286001797816
2020-05-08,2020-05-07,000058,6.239286767851008,6.269092277888512,6.338638467976024
2020-05-08,2020-05-07,000066,12.38770014722537,12.69247689687933,12.89893856599975
2020-05-08,2020-05-07,000723,6.64,6.72,6.74
2020-05-08,2020-05-07,002086,2.11,2.11,2.1
2020-05-08,2020-05-07,002506,2.6,2.64,2.64
2020-05-08,2020-05-07,002524,7.43,7.42,7.47
2020-05-08,2020-05-07,002565,4.181307723282503,4.23038410501117,4.259829934048372
2020-05-08,2020-05-07,002589,5.08091078681111,5.090757513142139,5.100604239473168
2020-05-08,2020-05-07,002600,8.990022712450791,9.0762809261097,9.152954893806509
2020-05-08,2020-05-07,002653,19.82883968751354,19.81926053790604,19.77136478986857
2020-05-08,2020-05-07,002681,2.66,2.68,2.75
2020-05-08,2020-05-07,002716,1.34,1.35,1.34
2020-05-08,2020-05-07,002800,10.17316732089131,10.18320993423869,10.23342300097556
2020-05-08,2020-05-07,002822,10.57377944263135,10.70272797241953,10.71264709009555
2020-05-08,2020-05-07,002881,16.03611959059176,16.82802673086789,16.78995427220077
2020-05-08,2020-05-07,300043,3.419117349066569,3.468384169658306,3.507797626131695
2020-05-08,2020-05-07,300127,15.41066120538327,15.56691632533645,15.47902282036279
2020-05-08,2020-05-07,300194,5.661117361838278,5.631529640434942,5.641392214236054
2020-05-08,2020-05-07,300267,3.990531399484226,4.01009282791307,4.01009282791307
2020-05-08,2020-05-07,300322,16.99342051714182,17.22185340544939,17.34103578195769
2020-05-08,2020-05-07,300339,10.19571742630239,10.29557753821524,10.45535371727581
2020-05-08,2020-05-07,300417,18.96047031823387,19.0566015426329,19.16969710074942
2020-05-08,2020-05-07,300527,8.384749771654603,8.444356997519446,8.474160610451868
2020-05-08,2020-05-07,300584,22.86902801947151,22.9569858195464,22.98630508623803
2020-05-08,2020-05-07,300589,6.058803017641196,6.082218681477491,6.099780429354712
2020-05-08,2020-05-07,300661,143.2994006288773,142.5961865581794,145.7215824279477
2020-05-08,2020-05-07,300748,12.39027233210457,12.61002294987763,12.45619751743649
2020-05-08,2020-05-07,600052,3.569783255446812,3.598884749377085,3.608585247353842
2020-05-08,2020-05-07,600072,10.91504615790539,10.93473064150846,10.96425736691308
2020-05-08,2020-05-07,600136,8.32,8.35,8.460000000000001
2020-05-08,2020-05-07,600371,11.186072138439,10.94551144728977,10.93047640409294
2020-05-08,2020-05-07,600507,3.779256219825836,3.772165682828039,3.772165682828039
2020-05-08,2020-05-07,600734,3.12,3.13,3.2
2020-05-08,2020-05-07,600741,18.13034132628427,18.25712692996458,18.62903136742682
2020-05-08,2020-05-07,600812,8.615133084941872,8.585729900351629,8.575928838821547
2020-05-08,2020-05-07,600850,13.52544391311186,13.75067041122679,13.90477275204226
2020-05-11,2020-05-08,000058,6.308832957938519,6.318768127951021,6.348573637988524
2020-05-11,2020-05-08,000066,13.12506325122688,13.29219888813389,13.29219888813389
2020-05-11,2020-05-08,000723,6.76,6.89,6.84
2020-05-11,2020-05-08,002086,2.02,1.93,1.92
2020-05-11,2020-05-08,002506,2.61,2.61,2.63
2020-05-11,2020-05-08,002524,7.43,7.46,7.68
2020-05-11,2020-05-08,002565,4.23038410501117,4.240199381356905,4.250014657702638
2020-05-11,2020-05-08,002589,5.130144418466256,5.149837871128315,5.159684597459344
2020-05-11,2020-05-08,002600,8.942101482640284,8.970854220526588,8.980438466488689
2020-05-11,2020-05-08,002653,20.01084353005593,20.23116397102831,20.04916012848591
2020-05-11,2020-05-08,002681,2.76,2.73,2.79
2020-05-11,2020-05-08,002716,1.3,1.3,1.31
2020-05-11,2020-05-08,002800,10.22338038762819,10.30874260108088,10.39410481453357
2020-05-11,2020-05-08,002822,10.56386032495533,10.62337503101142,10.66305150171548
2020-05-11,2020-05-08,002881,16.6757368961994,16.53867604499776,16.71380935486653
2020-05-11,2020-05-08,300043,3.537357718486737,3.586624539078475,3.596477903196822
2020-05-11,2020-05-08,300127,15.52785254534816,15.51808660035108,15.43019309537742
2020-05-11,2020-05-08,300194,5.62166706663383,5.62166706663383,5.582216771429382
2020-05-11,2020-05-08,300267,4.029654256341915,4.058996398985181,4.068777113199603
2020-05-11,2020-05-08,300322,17.07287543481402,17.20198967603134,17.34103578195769
2020-05-11,2020-05-08,300339,10.38545163893681,10.35549360536295,10.45535371727581
2020-05-11,2020-05-08,300417,19.32237610420672,19.36761432745332,19.46374555185236
2020-05-11,2020-05-08,300527,8.484095148096008,8.563571449249132,8.573505986893274
2020-05-11,2020-05-08,300584,23.33813628653759,23.543371153379,23.51405188668737
2020-05-11,2020-05-08,300589,6.105634345313786,6.12905000915008,6.304667487922289
2020-05-11,2020-05-08,300661,140.1154035865508,138.7285091693411,139.5098581367832
2020-05-11,2020-05-08,300748,12.62101048076629,12.67228562491334,12.57339784691546
2020-05-11,2020-05-08,600052,3.598884749377085,3.608585247353842,3.608585247353842
2020-05-11,2020-05-08,600072,11.00362633411923,11.05283754312692,11.05283754312692
2020-05-11,2020-05-08,600136,8.470000000000001,8.68,8.699999999999999
2020-05-11,2020-05-08,600371,11.28379991921837,11.46422043758029,11.44918539438346
2020-05-11,2020-05-08,600507,3.757984608832444,3.743803534836851,3.729622460841256
2020-05-11,2020-05-08,600734,3.09,3.13,3.11
2020-05-11,2020-05-08,600741,18.83188833331532,18.91641206910219,19.49117347245293
2020-05-11,2020-05-08,600812,8.82095537707359,8.801353254013428,8.742546884832937
2020-05-11,2020-05-08,600850,13.76845145055165,13.82179456852623,13.96404288312513
2020-05-12,2020-05-11,000058,6.298897787926017,6.288962617913516,6.288962617913516
2020-05-12,2020-05-11,000408,3.16082890685333,3.144104944383206,3.06048513203259
2020-05-12,2020-05-11,000536,1.34,1.35,1.29
2020-05-12,2020-05-11,000595,1.66,1.63,1.6
2020-05-12,2020-05-11,000632,4.1,4.11,4.08
2020-05-12,2020-05-11,000669,1.47,1.45,1.45
2020-05-12,2020-05-11,000708,14.00142392731595,13.9403585270099,13.91418764116445
2020-05-12,2020-05-11,000892,4.1,4.06,4.06
2020-05-12,2020-05-11,002086,1.92,1.82,1.82
2020-05-12,2020-05-11,002100,14.25850616115822,14.24948179017015,14.25850616115822
2020-05-12,2020-05-11,002123,16.19165418240062,15.85266634853263,15.75296404445381
2020-05-12,2020-05-11,002234,22.87448891204533,22.9221838430546,22.80771600863235
2020-05-12,2020-05-11,002458,12.37524329195034,12.35315778934722,12.47094713656388
2020-05-12,2020-05-11,002479,5.7,5.719159663865546,5.719159663865546
2020-05-12,2020-05-11,002506,2.57,2.58,2.53
2020-05-12,2020-05-11,002513,3.67,3.65,3.63
2020-05-12,2020-05-11,002589,5.100604239473168,5.090757513142139,5.100604239473168
2020-05-12,2020-05-11,002860,10.79844812282037,10.79141788315708,10.72111548652413
2020-05-12,2020-05-11,002938,39.87781910397295,40.2259737304116,39.66139866051108
2020-05-12,2020-05-11,300043,3.52750435436839,3.557064446723432,3.507797626131695
2020-05-12,2020-05-11,300079,4.629781525170735,4.609996134037527,4.550639960637902
2020-05-12,2020-05-11,300085,14.32161497939524,14.19169104727232,14.04177881789973
2020-05-12,2020-05-11,300127,15.55715038033938,15.41066120538327,15.23487419543593
2020-05-12,2020-05-11,300267,4.039434970556337,4.029654256341915,4.019873542127493
2020-05-12,2020-05-11,300300,6.19,6.13,6.08
2020-05-12,2020-05-11,300433,16.40323884999527,16.52157520129934,16.42144444250359
2020-05-12,2020-05-11,300527,8.613244137469835,8.613244137469835,8.563571449249132
2020-05-12,2020-05-11,300552,40.71965859564084,41.56165650927927,41.20993586181005
2020-05-12,2020-05-11,300663,16.14476432044077,16.05828639041781,15.81880904573884
2020-05-12,2020-05-11,300748,12.88471122209396,12.86273616031666,12.70524821757929
2020-05-12,2020-05-11,600072,11.14141771934076,11.06267978492846,11.11189099393614
2020-05-12,2020-05-11,600136,8.539999999999999,8.58,8.449999999999999
2020-05-12,2020-05-11,600712,4.72,4.7,4.66
2020-05-12,2020-05-11,601808,12.39424965482833,12.22887048967866,12.04511586173458
2020-05-13,2020-05-12,000058,6.308832957938519,6.308832957938519,6.25915710787601
2020-05-13,2020-05-12,000408,3.01867522585728,2.993589282152096,3.001951263387157
2020-05-13,2020-05-12,000536,1.27,1.23,1.22
2020-05-13,2020-05-12,000595,1.58,1.5,1.51
2020-05-13,2020-05-12,000632,4.07,4.07,4.07
2020-05-13,2020-05-12,000669,1.42,1.45,1.49
2020-05-13,2020-05-12,000708,13.8531222408584,13.7833332119372,13.87929312670385
2020-05-13,2020-05-12,000892,4.15,4.08,4.05
2020-05-13,2020-05-12,002086,1.82,1.78,1.85
2020-05-13,2020-05-12,002100,14.15021370930132,14.231433048194,14.14118933831325
2020-05-13,2020-05-12,002123,15.87260680934839,15.75296404445381,15.69314266200652
2020-05-13,2020-05-12,002234,22.87448891204533,22.96987877406387,23.418211125551
2020-05-13,2020-05-12,002458,12.42677613135763,12.30162494993993,12.51511814177012
2020-05-13,2020-05-12,002479,5.661680672268908,5.632941176470588,5.661680672268908
2020-05-13,2020-05-12,002506,2.52,2.51,2.52
2020-05-13,2020-05-12,002513,3.61,3.59,3.57
2020-05-13,2020-05-12,002589,5.041523881486992,5.002136976162875,4.992290249831846
2020-05-13,2020-05-12,002860,10.78438764349379,10.8898412384432,10.72814572618743
2020-05-13,2020-05-12,002938,40.5835379413486,40.20715456141491,40.1130587164315
2020-05-13,2020-05-12,300043,3.458530805539958,3.478237533776653,3.468384169658306
2020-05-13,2020-05-12,300079,4.57042535177111,4.57042535177111,4.57042535177111
2020-05-13,2020-05-12,300085,14.09174956102393,14.16170860139781,14.00180222340037
2020-05-13,2020-05-12,300127,15.33253364540667,15.55715038033938,15.44972498537156
2020-05-13,2020-05-12,300267,4.01009282791307,3.980750685269804,3.970969971055381
2020-05-13,2020-05-12,300300,6.09,6.04,6.03
2020-05-13,2020-05-12,300433,16.97671501400731,16.87658425521156,16.68542553387421
2020-05-13,2020-05-12,300527,8.802000352708506,8.732458589199521,8.811934890352646
2020-05-13,2020-05-12,300552,42.11588298407925,42.36635071788309,42.63280575384462
2020-05-13,2020-05-12,300663,15.93189556961502,15.83876549112875,15.80550474881223
2020-05-13,2020-05-12,300748,12.68327315580199,13.01289908246159,12.77849842350365
2020-05-13,2020-05-12,600072,11.3874737643792,11.24968237915767,11.27920910456229
2020-05-13,2020-05-12,600136,8.550000000000001,8.5,8.470000000000001
2020-05-13,2020-05-12,600712,4.87,4.76,4.77
2020-05-13,2020-05-12,601808,12.1002422501178,11.8613612337905,12.04511586173458
2020-05-14,2020-05-13,000058,6.388314318038531,6.418119828076036,6.467795678138544
2020-05-14,2020-05-13,000408,3.052123150797528,3.202638813028639,3.202638813028639
2020-05-14,2020-05-13,000536,1.33,1.37,1.38
2020-05-14,2020-05-13,000595,1.5,1.5,1.51
2020-05-14,2020-05-13,000632,4.16,4.16,4.2
2020-05-14,2020-05-13,000669,1.49,1.55,1.56
2020-05-14,2020-05-13,000708,13.9752530414705,13.8531222408584,13.77460958332205
2020-05-14,2020-05-13,000892,4.11,4.05,4.03
2020-05-14,2020-05-13,002086,1.83,1.8,1.81
2020-05-14,2020-05-13,002100,14.29460364511052,14.02387251546828,13.69899515989758
2020-05-14,2020-05-13,002123,16.30132671688733,16.23153510403215,16.43093971218979
2020-05-14,2020-05-13,002234,23.35143822213802,23.05572964988055,22.98895674646758
2020-05-14,2020-05-13,002458,12.3678814577493,12.28690128153784,12.16911193432118
2020-05-14,2020-05-13,002479,5.987394957983193,5.968235294117648,5.920336134453781
2020-05-14,2020-05-13,002506,2.57,2.54,2.53
2020-05-14,2020-05-13,002513,3.58,3.52,3.52
2020-05-14,2020-05-13,002589,5.090757513142139,5.051370607818021,5.051370607818021
2020-05-14,2020-05-13,002860,10.68596428820766,10.47505709830883,10.43287566032906
2020-05-14,2020-05-13,002938,40.63999544833864,40.25420248390662,40.13187788542817
2020-05-14,2020-05-13,300043,3.468384169658306,3.428970713184916,3.419117349066569
2020-05-14,2020-05-13,300079,4.649566916303944,4.649566916303944,4.63967422073734
2020-05-14,2020-05-13,300085,14.15171445277297,13.87187829127746,13.91185488577681
2020-05-14,2020-05-13,300127,15.48878876535986,15.85989467524868,15.86966062024576
2020-05-14,2020-05-13,300267,3.990531399484226,3.96118925684096,3.96118925684096
2020-05-14,2020-05-13,300300,6.05,6.01,6.11
2020-05-14,2020-05-13,300433,16.91299544022819,16.98581781026147,17.16787373534466
2020-05-14,2020-05-13,300527,8.732458589199521,8.662916825690539,8.762262202131943
2020-05-14,2020-05-13,300552,42.20114859558694,42.51556553802155,42.69675496247539
2020-05-14,2020-05-13,300663,16.30441588356009,16.11150357812425,16.17137291429399
2020-05-14,2020-05-13,300748,12.44154747625162,12.87006118090909,12.88104871179775
2020-05-14,2020-05-13,600072,11.20047117014999,11.07252202672999,11.20047117014999
2020-05-14,2020-05-13,600136,8.57,8.49,8.5
2020-05-14,2020-05-13,600712,4.83,4.77,4.96
2020-05-14,2020-05-13,601808,12.06349132452899,11.88892442798211,11.91648762217372
2020-05-15,2020-05-14,000058,6.408184658063535,6.646628738363574,6.577082548276062
2020-05-15,2020-05-14,000408,3.202638813028639,3.361516456494811,3.361516456494811
2020-05-15,2020-05-14,000536,1.4,1.41,1.38
2020-05-15,2020-05-14,000595,1.51,1.51,1.5
2020-05-15,2020-05-14,000632,4.13,4.15,4.14
2020-05-15,2020-05-14,000669,1.54,1.55,1.5
2020-05-15,2020-05-14,000708,13.56524249655845,13.60886063963419,13.46928258179179
2020-05-15,2020-05-14,000892,4.05,4.03,4.05
2020-05-15,2020-05-14,002086,1.82,1.8,1.81
2020-05-15,2020-05-14,002100,13.50045899815994,13.37411780432689,13.44631277223149
2020-05-15,2020-05-14,002123,16.14180303036121,16.15177326076909,16.14180303036121
2020-05-15,2020-05-14,002234,22.75048209142123,22.83633296723792,22.94126181545831
2020-05-15,2020-05-14,002458,11.92617140568682,11.93353323988786,11.95561874249099
2020-05-15,2020-05-14,002479,5.834117647058823,5.882016806722689,5.834117647058823
2020-05-15,2020-05-14,002506,2.51,2.53,2.52
2020-05-15,2020-05-14,002513,3.76,3.75,3.7
2020-05-15,2020-05-14,002589,5.011983702493905,5.041523881486992,5.021830428824933
2020-05-15,2020-05-14,002860,10.48911757763542,10.51723853628859,10.45396637931894
2020-05-15,2020-05-14,002938,39.73667533649782,40.00955328694974,39.934276610963
2020-05-15,2020-05-14,300043,3.40926398494822,3.44867744142161,3.438824077303263
2020-05-15,2020-05-14,300079,4.609996134037527,4.659459611870547,4.629781525170735
2020-05-15,2020-05-14,300085,13.89186658852713,14.47152720876784,14.40156816839396
2020-05-15,2020-05-14,300127,15.81106495026331,15.30323581041545,15.51808660035108
2020-05-15,2020-05-14,300267,3.922066399983271,3.941627828412116,3.931847114197693
2020-05-15,2020-05-14,300300,6.02,6.05,6.02
2020-05-15,2020-05-14,300433,16.85837866270324,16.87658425521156,16.74914510765333
2020-05-15,2020-05-14,300527,8.881476653861629,8.841738503285068,8.941083879726472
2020-05-15,2020-05-14,300552,42.63280575384462,42.40898352363693,42.30240150925232
2020-05-15,2020-05-14,300663,16.0516342419545,16.21128580507382,16.15141646890408
2020-05-15,2020-05-14,300748,12.77483591320743,12.56607282632302,12.99092402068428
2020-05-15,2020-05-14,600072,11.3087358299669,11.28905134636382,11.39731600618074
2020-05-15,2020-05-14,600136,8.619999999999999,8.890000000000001,8.73
2020-05-15,2020-05-14,600712,4.97,4.87,4.89
2020-05-15,2020-05-14,601808,12.04511586173458,12.32993553504791,12.36668646063672
2020-05-18,2020-05-15,000058,6.487666018163548,6.368443978013528,6.189610917788499
2020-05-18,2020-05-15,000408,3.361516456494811,3.528756081196045,3.528756081196045
2020-05-18,2020-05-15,000536,1.35,1.32,1.3
2020-05-18,2020-05-15,000595,1.45,1.45,1.46
2020-05-18,2020-05-15,000632,4.12,4.12,4.1
2020-05-18,2020-05-15,000669,1.49,1.48,1.51
2020-05-18,2020-05-15,000708,13.58268975378875,13.57396612517359,13.46055895317664
2020-05-18,2020-05-15,000892,3.93,3.92,3.86
2020-05-18,2020-05-15,002086,1.81,1.81,1.81
2020-05-18,2020-05-15,002100,13.24777661049384,13.50045899815994,13.63582456298106
2020-05-18,2020-05-15,002123,16.30132671688733,15.95236865261145,15.59344035792769
2020-05-18,2020-05-15,002234,22.52154642257674,22.09229204349332,22.34030568474152
2020-05-18,2020-05-15,002458,11.82310572687224,11.78629655586704,11.91880957148578
2020-05-18,2020-05-15,002479,5.757478991596638,5.738319327731093,5.72873949579832
2020-05-18,2020-05-15,002506,2.52,2.53,2.57
2020-05-18,2020-05-15,002513,3.64,3.63,3.57
2020-05-18,2020-05-15,002589,5.031677155155963,5.021830428824933,5.021830428824933
2020-05-18,2020-05-15,002860,10.80547836248367,10.79141788315708,10.66487356921778
2020-05-18,2020-05-15,002938,39.40733987905585,38.78630730216528,37.81712009883607
2020-05-18,2020-05-15,300043,3.369850528474831,3.330437072001441,3.291023615528051
2020-05-18,2020-05-15,300079,4.669352307437151,4.738601176403381,4.659459611870547
2020-05-18,2020-05-15,300085,14.10174370964877,14.04177881789973,13.8818724399023
2020-05-18,2020-05-15,300127,15.37159742539497,15.67434172030427,16.18217086015214
2020-05-18,2020-05-15,300267,3.912285685768849,3.834039972053472,3.843820686267895
2020-05-18,2020-05-15,300300,5.9,5.77,5.66
2020-05-18,2020-05-15,300433,16.98581781026147,16.1938745361496,15.64770676090004
2020-05-18,2020-05-15,300527,8.821869427996788,8.762262202131943,8.931149342082332
2020-05-18,2020-05-15,300552,42.15318668911387,42.36102161716386,41.19394855965236
2020-05-18,2020-05-15,300663,16.02502564810128,15.63920103722961,15.37311509869741
2020-05-18,2020-05-15,300748,13.04586167512754,13.33153747823253,13.48536291067367
2020-05-18,2020-05-15,600072,11.32842031356997,11.32842031356997,11.43668497338689
2020-05-18,2020-05-15,600136,8.68,8.369999999999999,8.210000000000001
2020-05-18,2020-05-15,600712,4.75,4.68,4.8
2020-05-18,2020-05-15,601808,12.15536863850103,12.15536863850103,12.24724595247307
2020-05-19,2020-05-18,000509,1.02,0.97,0.97
2020-05-19,2020-05-18,000595,1.52,1.52,1.51
2020-05-19,2020-05-18,002036,10.9380525989661,11.09901903525081,11.22932519795749
2020-05-19,2020-05-18,002086,1.77,1.78,1.77
2020-05-19,2020-05-18,002100,13.99679940250405,13.80728761175448,13.68094641792143
2020-05-19,2020-05-18,002234,22.73140411901752,22.62647527079713,22.63601425699899
2020-05-19,2020-05-18,002241,19.16926622678768,19.57670008645502,19.76551089947159
2020-05-19,2020-05-18,002273,13.65120224394265,13.94922144785971,14.08381076575773
2020-05-19,2020-05-18,002458,11.99242791349619,11.92617140568682,11.83782939527433
2020-05-19,2020-05-18,002463,21.83711760960307,21.89826153890996,21.86332215073459
2020-05-19,2020-05-18,002506,2.61,2.59,2.6
2020-05-19,2020-05-18,002567,9.175023896878663,9.107132599544466,9.029542545448241
2020-05-19,2020-05-18,002600,8.769585055322466,8.875011760905577,8.932517236678184
2020-05-19,2020-05-18,002783,9.524409448818897,9.603779527559055,9.593858267716536
2020-05-19,2020-05-18,002819,22.78233835429825,22.85152549897508,22.82187386554216
2020-05-19,2020-05-18,002876,35.75098364555627,35.50815724780846,35.68160467477118
2020-05-19,2020-05-18,002916,123.6058584107017,121.9662334760001,124.2835700503783
2020-05-19,2020-05-18,002947,28.56951253866564,28.86513615532892,28.88186956759288
2020-05-19,2020-05-18,300030,9.10260800999049,9.172017874990418,9.191849264990397
2020-05-19,2020-05-18,300081,8.65,8.74,8.800000000000001
2020-05-19,2020-05-18,300088,8.813584794860446,8.878732728930164,8.934573815275636
2020-05-19,2020-05-18,300223,97.2439775509216,99.17342154994782,106.9703542229358
2020-05-19,2020-05-18,300267,3.96118925684096,3.96118925684096,3.941627828412116
2020-05-19,2020-05-18,300338,6.76,6.79,6.83
2020-05-19,2020-05-18,300507,5.683205063934076,5.687446261742982,5.695928657360794
2020-05-19,2020-05-18,300527,8.960952955014754,8.881476653861629,8.851673040929208
2020-05-19,2020-05-18,300647,8.279999999999999,8.26,8.23
2020-05-19,2020-05-18,300659,59.40281615302869,59.97896386822529,59.19421094580234
2020-05-19,2020-05-18,300663,15.23341998096801,15.26002857482123,15.34650650484419
2020-05-19,2020-05-18,600052,3.201164332330021,3.239966324237052,3.230265826260294
2020-05-19,2020-05-18,600136,8.15,8.210000000000001,8.289999999999999
2020-05-19,2020-05-18,600507,3.651626553865489,3.750894071834648,3.736712997839053
2020-05-19,2020-05-18,600640,17.25447625405427,17.4732650019443,17.59260431897522
2020-05-19,2020-05-18,600734,2.36,2.39,2.6
2020-05-20,2020-05-19,000509,0.97,0.92,0.92
2020-05-20,2020-05-19,000595,1.53,1.55,1.55
2020-05-20,2020-05-19,002036,11.35196629226965,11.33663615548063,11.48227245497633
2020-05-20,2020-05-19,002086,1.68,1.65,1.61
2020-05-20,2020-05-19,002100,13.59070270804068,13.30192283642229,13.17558164258924
2020-05-20,2020-05-19,002234,22.36892264334708,22.14952596070444,22.05413609868591
2020-05-20,2020-05-19,002241,19.94438430127676,20.3220059273099,20.3617555721555
2020-05-20,2020-05-19,002273,14.68946269629885,14.56448690110783,14.9298007639739
2020-05-20,2020-05-19,002458,11.80102022426912,11.70531637965559,11.59488886663997
2020-05-20,2020-05-19,002463,22.06422363274294,21.67989036281393,21.66242066872625
2020-05-20,2020-05-19,002506,2.64,2.62,2.7
2020-05-20,2020-05-19,002567,9.019843788686213,9.107132599544466,9.087735086020409
2020-05-20,2020-05-19,002600,9.009191204374993,9.133786401882306,9.143370647844407
2020-05-20,2020-05-19,002783,9.4251968503937,9.48472440944882,9.415275590551181
2020-05-20,2020-05-19,002819,22.61431243151167,22.40675099748119,22.43640263091411
2020-05-20,2020-05-19,002876,35.41102668870933,35.20288977635407,34.94618758444924
2020-05-20,2020-05-19,002916,124.8373989172109,123.0083062122771,123.882772844118
2020-05-20,2020-05-19,002947,28.5472013223137,28.58624595092961,28.45237865281793
2020-05-20,2020-05-19,300030,9.062945229990532,9.072860924990522,9.082776619990511
2020-05-20,2020-05-19,300081,9,8.779999999999999,8.859999999999999
2020-05-20,2020-05-19,300088,9.036949140242337,8.962494358448374,9.0090285970696
2020-05-20,2020-05-19,300223,106.9703542229358,106.2579441309877,107.3463484381307
2020-05-20,2020-05-19,300267,3.922066399983271,3.931847114197693,3.902504971554427
2020-05-20,2020-05-19,300338,6.91,6.91,7.01
2020-05-20,2020-05-19,300507,5.700169855169699,5.640793085845016,5.645034283653922
2020-05-20,2020-05-19,300527,8.792065815064365,8.821869427996788,8.782131277420223
2020-05-20,2020-05-19,300647,8.15,8.039999999999999,8.06
2020-05-20,2020-05-19,300659,61.78687566418704,60.77365037194474,60.07829968119022
2020-05-20,2020-05-19,300663,15.29994146560106,15.16689849633496,15.04715982399548
2020-05-20,2020-05-19,600052,3.230265826260294,3.201164332330021,3.181763336376506
2020-05-20,2020-05-19,600136,8.74,8.65,8.550000000000001
2020-05-20,2020-05-19,600507,3.72253192384346,3.708350849847866,3.715441386845662
2020-05-20,2020-05-19,600640,17.49315488811612,17.48320994503021,17.38376051417111
2020-05-20,2020-05-19,600734,2.6,2.86,2.86
2020-05-21,2020-05-20,000509,0.92,0.97,0.97
2020-05-21,2020-05-20,000595,1.54,1.53,1.52
2020-05-21,2020-05-20,002036,11.43628204460926,11.40562177103122,11.37496149745318
2020-05-21,2020-05-20,002086,1.6,1.62,1.68
2020-05-21,2020-05-20,002100,13.38314217531496,13.29289846543421,13.19363038456539
2020-05-21,2020-05-20,002234,21.72981056782288,21.70119360921732,21.70119360921732
2020-05-21,2020-05-20,002241,20.66981531970885,20.86856354393682,21.92192913234506
2020-05-21,2020-05-20,002273,14.66062212817784,14.55487337840082,14.4202840605028
2020-05-21,2020-05-20,002458,11.46973768522227,11.58016519823788,11.49182318782539
2020-05-21,2020-05-20,002463,21.51392826898094,21.36543586923564,21.43531464558637
2020-05-21,2020-05-20,002506,2.7,2.68,2.67
2020-05-21,2020-05-20,002567,8.835567410207675,9.107132599544466,9.019843788686213
2020-05-21,2020-05-20,002600,9.0858651720718,9.0762809261097,9.143370647844407
2020-05-21,2020-05-20,002783,9.415275590551181,9.4748031496063,9.405354330708661
2020-05-21,2020-05-20,002819,22.31779609718241,22.23872507469461,22.34744773061534
2020-05-21,2020-05-20,002876,34.27321156783388,34.3634042298545,34.27321156783388
2020-05-21,2020-05-20,002916,123.8099006247979,122.6803812253368,123.1103273193252
2020-05-21,2020-05-20,002947,28.30735574653029,28.09539919118681,28.30735574653029
2020-05-21,2020-05-20,300030,8.874547024990729,8.993535364990604,9.053029534990543
2020-05-21,2020-05-20,300081,8.81,8.779999999999999,8.81
2020-05-21,2020-05-20,300088,8.906653272102901,8.88803957665441,8.860119033481674
2020-05-21,2020-05-20,300223,107.0594054844294,104.872702285533,104.6649160087148
2020-05-21,2020-05-20,300267,3.843820686267895,3.863382114696738,3.863382114696738
2020-05-21,2020-05-20,300338,7.02,6.99,6.98
2020-05-21,2020-05-20,300507,5.483868766915492,5.437215591017526,5.445697986635338
2020-05-21,2020-05-20,300527,8.454291535163588,8.444356997519446,8.474160610451868
2020-05-21,2020-05-20,300647,8.25,8.17,8.16
2020-05-21,2020-05-20,300659,59.15447662061636,58.8167348565356,59.2538124335813
2020-05-21,2020-05-20,300663,14.99394263628904,15.05381197245878,15.03385552706887
2020-05-21,2020-05-20,600052,3.12356034851596,3.113859850539203,3.12356034851596
2020-05-21,2020-05-20,600136,8.33,8.43,8.699999999999999
2020-05-21,2020-05-20,600507,3.658717090863286,3.67289816485888,3.694169775852271
2020-05-21,2020-05-20,600640,17.15502682319517,17.09535716467971,17.16497176628108
2020-05-21,2020-05-20,600734,2.86,3.11,3.02
2020-05-22,2020-05-21,000509,0.97,1.02,1.02
2020-05-22,2020-05-21,000595,1.48,1.5,1.49
2020-05-22,2020-05-21,002036,10.82307657304844,10.76175602589236,10.70810054713079
2020-05-22,2020-05-21,002086,1.68,1.72,1.69
2020-05-22,2020-05-21,002100,12.96802110986352,12.904850512947,13.31094720741036
2020-05-22,2020-05-21,002234,21.11931545090424,21.06208153369311,21.34825111974873
2020-05-22,2020-05-21,002241,21.46480821662073,21.15674846906737,20.91825059999382
2020-05-22,2020-05-21,002273,13.9107673570317,13.72811042559866,13.64158872123565
2020-05-22,2020-05-21,002458,11.15317881457749,11.03538946736083,11.43292851421706
2020-05-22,2020-05-21,002463,21.04224652861352,21.17326923427114,21.01604198748199
2020-05-22,2020-05-21,002506,2.75,2.73,2.77
2020-05-22,2020-05-21,002567,8.884061194017818,8.748278599349423,9.000446275162155
2020-05-22,2020-05-21,002600,8.951685728602385,8.817506285132971,8.740832317436162
2020-05-22,2020-05-21,002783,9.405354330708661,9.286299212598426,9.335905511811024
2020-05-22,2020-05-21,002819,21.90267322912144,21.99162812942022,21.77418281757877
2020-05-22,2020-05-21,002876,34.43972109771809,34.1344536262637,33.69736611031764
2020-05-22,2020-05-21,002916,120.9678840713152,122.2722967971444,121.1573518415474
2020-05-22,2020-05-21,002947,27.78304216225958,27.83385447265591,27.77739634999333
2020-05-22,2020-05-21,300030,8.953872584990645,8.89437841499071,8.795221464990812
2020-05-22,2020-05-21,300081,8.48,8.6,8.529999999999999
2020-05-22,2020-05-21,300088,8.515765667684592,8.580913601754309,8.497151972236102
2020-05-22,2020-05-21,300223,103.8931384091043,104.6649160087148,101.6668568717663
2020-05-22,2020-05-21,300267,3.82425925783905,3.785136400981362,3.814478543624628
2020-05-22,2020-05-21,300338,7.02,7.09,7.03
2020-05-22,2020-05-21,300507,5.356632832648311,5.339668041412687,5.386321217310654
2020-05-22,2020-05-21,300527,8.374815234010462,8.374815234010462,8.394684309298743
2020-05-22,2020-05-21,300647,7.92,8.09,8.09
2020-05-22,2020-05-21,300659,56.35320669500531,56.23400371944739,55.81679330499468
2020-05-22,2020-05-21,300663,14.72785669775685,14.6613352131238,14.45511861076135
2020-05-22,2020-05-21,600052,3.026555368748384,2.987753376841353,2.968352380887838
2020-05-22,2020-05-21,600136,8.84,8.68,8.49
2020-05-22,2020-05-21,600507,3.67289816485888,3.687079238854474,3.651626553865489
2020-05-22,2020-05-21,600640,16.80695381518831,16.82684370136013,16.72739427050103
2020-05-22,2020-05-21,600734,2.94,2.65,2.65
2020-05-25,2020-05-22,000509,1.02,0.99,0.98
2020-05-25,2020-05-22,000595,1.49,1.47,1.48
2020-05-25,2020-05-22,002036,10.35550740098332,10.29418685382724,10.23286630667116
2020-05-25,2020-05-22,002086,1.67,1.6,1.61
2020-05-25,2020-05-22,002100,12.92289925492315,13.04021607776812,13.21167912654154
2020-05-25,2020-05-22,002234,21.17654936811536,21.18608835431722,20.92853572686716
2020-05-25,2020-05-22,002241,20.47106709548088,20.27231887125291,19.96425912369956
2020-05-25,2020-05-22,002273,13.28588838107658,13.24743429024857,13.04555031340153
2020-05-25,2020-05-22,002458,11.1899879855827,11.21207348818582,11.10900780937124
2020-05-25,2020-05-22,002463,21.11212530496425,21.12959499905193,21.01604198748199
2020-05-25,2020-05-22,002506,2.67,2.67,2.67
2020-05-25,2020-05-22,002567,8.961651248114043,8.932554977827959,8.951952491352015
2020-05-25,2020-05-22,002600,8.740832317436162,8.654574103777252,8.577900136080444
2020-05-25,2020-05-22,002783,9.177165354330709,9.16724409448819,9.10771653543307
2020-05-25,2020-05-22,002819,21.69511179509096,21.37882770513975,21.45789872762755
2020-05-25,2020-05-22,002876,33.17702382942947,32.1016497822606,31.58130750137244
2020-05-25,2020-05-22,002916,117.9072508598723,117.674059758048,116.610125355975
2020-05-25,2020-05-22,002947,27.67012591693441,27.66448010466815,27.66448010466815
2020-05-25,2020-05-22,300030,8.517582004991102,8.596907564991019,8.54732908999107
2020-05-25,2020-05-22,300081,8.32,8.210000000000001,8.23
2020-05-25,2020-05-22,300088,8.376162951820909,8.329628713199682,8.2924013223027
2020-05-25,2020-05-22,300223,97.85744179676584,96.74924832040206,95.80926278241492
2020-05-25,2020-05-22,300267,3.785136400981362,3.804697829410206,3.794917115195783
2020-05-25,2020-05-22,300338,7.12,7.12,7.25
2020-05-25,2020-05-22,300507,5.382080019501747,5.399044810737372,5.352391634839405
2020-05-25,2020-05-22,300527,8.325142545789761,8.384749771654603,8.315208008145619
2020-05-25,2020-05-22,300647,8.07,7.94,7.95
2020-05-25,2020-05-22,300659,54.48569341126461,54.27708820403826,53.94928002125399
2020-05-25,2020-05-22,300663,14.39524927459161,14.28216275071542,14.28881489917873
2020-05-25,2020-05-22,600052,2.997453874818111,3.016854870771626,3.016854870771626
2020-05-25,2020-05-22,600136,8.41,8.289999999999999,8.220000000000001
2020-05-25,2020-05-22,600507,3.609083331878706,3.594902257883112,3.601992794880909
2020-05-25,2020-05-22,600640,16.43899092100963,16.38926620558008,16.50860552261101
2020-05-25,2020-05-22,600734,2.65,2.39,2.39
2020-05-26,2020-05-25,000035,4.560605938265409,4.541240307954303,4.579971568576515
2020-05-26,2020-05-25,000058,6.100194387675985,6.219416427826004,6.199546087801001
2020-05-26,2020-05-25,000509,0.97,0.97,1.02
2020-05-26,2020-05-25,000708,12.77139229257978,13.03310115103429,13.10289017995549
2020-05-26,2020-05-25,002086,1.64,1.65,1.67
2020-05-26,2020-05-25,002395,15.80430798166216,15.69646220759375,15.81411214294111
2020-05-26,2020-05-25,002446,6.96,7,7.01
2020-05-26,2020-05-25,002463,20.6142390234653,20.85881474069285,20.99857229339431
2020-05-26,2020-05-25,002506,2.62,2.64,2.63
2020-05-26,2020-05-25,002552,14.26103937278583,14.22148031766021,14.39949606572549
2020-05-26,2020-05-25,002676,3.462323008735162,3.502234513158622,3.512212389264487
2020-05-26,2020-05-25,002768,21.30609387407217,21.35763567963388,21.46716201645252
2020-05-26,2020-05-25,002832,10.94327859553401,10.89932968551178,11.0399661975829
2020-05-26,2020-05-25,300119,16.13075812096059,16.26352156228536,16.24455535638182
2020-05-26,2020-05-25,300227,8.059990566716367,8.089732229324175,8.07981834178824
2020-05-26,2020-05-25,300265,12.07642743752044,11.11891134619601,11.32409336576553
2020-05-26,2020-05-25,300267,3.785136400981362,3.814478543624628,3.804697829410206
2020-05-26,2020-05-25,300311,7.07,7.09,7.12
2020-05-26,2020-05-25,300345,5.89,5.96,6.02
2020-05-26,2020-05-25,300385,6.45,6.54,6.59
2020-05-26,2020-05-25,300527,8.325142545789761,8.354946158722182,8.364880696366322
2020-05-26,2020-05-25,300552,34.51393461405724,35.04265871878322,35.13077940290422
2020-05-26,2020-05-25,300559,19.79843115800399,20.29363001332684,20.35076834278717
2020-05-26,2020-05-25,300632,12.52119816904218,12.82291378757332,12.82291378757332
2020-05-26,2020-05-25,300647,7.78,7.83,7.9
2020-05-26,2020-05-25,300659,54.13801806588735,54.67443145589798,55.90619553666313
2020-05-26,2020-05-25,300663,14.58816158002745,14.74781314314676,14.82098677624312
2020-05-26,2020-05-25,600072,10.82646598169155,10.87567719069924,10.89536167430231
2020-05-26,2020-05-25,600080,4.502197184629843,4.571309860709688,4.541690142389754
2020-05-26,2020-05-25,600507,3.637445479869895,3.644536016867692,3.623264405874301
2020-05-26,2020-05-25,600536,46.08426982331244,46.63317313959934,46.8397496564815
2020-05-26,2020-05-25,600588,35.06512701340401,35.91795532877526,36.09645427850413
2020-05-26,2020-05-25,600734,2.39,2.39,2.48
2020-05-27,2020-05-26,000035,4.589654383732068,4.715530980754255,4.744579426220914
2020-05-27,2020-05-26,000058,6.209481257813502,6.209481257813502,6.209481257813502
2020-05-27,2020-05-26,000509,1.02,1.05,1.03
2020-05-27,2020-05-26,000708,13.45183532456149,13.75716232609175,13.77460958332205
2020-05-27,2020-05-26,002086,1.7,1.68,1.68
2020-05-27,2020-05-26,002395,15.8533287880569,15.81411214294111,15.55920394968849
2020-05-27,2020-05-26,002446,7.08,7.06,7.06
2020-05-27,2020-05-26,002463,20.98110259930663,20.93742836408742,20.78020111729828
2020-05-27,2020-05-26,002506,2.66,2.65,2.65
2020-05-27,2020-05-26,002552,14.47861417597673,14.48850393975814,14.51817323110235
2020-05-27,2020-05-26,002676,3.512212389264487,3.502234513158622,3.532168141476217
2020-05-27,2020-05-26,002768,21.70554286717542,21.61534470744243,21.79574102690842
2020-05-27,2020-05-26,002832,10.96964794154734,11.09270488960957,11.42671660577848
2020-05-27,2020-05-26,300119,16.71871050397032,16.73767670987386,16.78509222463271
2020-05-27,2020-05-26,300227,8.178957217147603,8.278096092506969,8.198784992219476
2020-05-27,2020-05-26,300265,11.33386393812598,11.12868191855646,11.49019309589324
2020-05-27,2020-05-26,300267,3.843820686267895,3.853601400482316,3.843820686267895
2020-05-27,2020-05-26,300311,7.19,7.1,7.08
2020-05-27,2020-05-26,300345,5.95,5.95,5.94
2020-05-27,2020-05-26,300385,6.88,6.81,6.89
2020-05-27,2020-05-26,300527,8.414553384587025,8.464226072807728,8.424487922231165
2020-05-27,2020-05-26,300552,35.51263570076188,35.43430620376543,35.66929469475476
2020-05-27,2020-05-26,300559,20.60789082535865,20.68407526463909,20.46504500170782
2020-05-27,2020-05-26,300632,12.9266285314434,12.95491437068069,13.01148604915528
2020-05-27,2020-05-26,300647,8.220000000000001,8.199999999999999,8.17
2020-05-27,2020-05-26,300659,55.59825451647184,56.12473432518598,55.82672688629118
2020-05-27,2020-05-26,300663,14.74116099468346,14.74781314314676,14.65468306466049
2020-05-27,2020-05-26,600072,10.94457288331,10.93473064150846,10.94457288331
2020-05-27,2020-05-26,600080,4.591056339589644,4.610802818469598,4.630549297349554
2020-05-27,2020-05-26,600507,3.630354942872098,3.616173868876503,3.616173868876503
2020-05-27,2020-05-26,600536,47.20568520067276,47.00501086998723,46.34986820216094
2020-05-27,2020-05-26,600588,36.09645427850413,36.14603732009548,35.90803872045699
2020-05-27,2020-05-26,600734,2.51,2.47,2.61
2020-05-28,2020-05-27,000035,4.667116904976491,4.647751274665385,4.657434089820938
2020-05-28,2020-05-27,000058,6.149870237738493,6.179675747775997,6.318768127951021
2020-05-28,2020-05-27,000509,1.05,1.05,1.03
2020-05-28,2020-05-27,000708,13.46928258179179,13.6786496685554,13.41694081010089
2020-05-28,2020-05-27,002086,1.7,1.69,1.67
2020-05-28,2020-05-27,002395,16.22588691665687,16.17686611026214,16.22588691665687
2020-05-28,2020-05-27,002446,6.93,6.89,6.95
2020-05-28,2020-05-27,002463,20.6579132586845,20.60550417642146,20.59676932937761
2020-05-28,2020-05-27,002506,2.61,2.61,2.62
2020-05-28,2020-05-27,002552,14.25114960900442,14.11269291606475,14.32037795547425
2020-05-28,2020-05-27,002676,3.382499999888242,3.332610619358916,3.372522123782377
2020-05-28,2020-05-27,002768,21.18368208586311,21.05482757195883,21.11281210321576
2020-05-28,2020-05-27,002832,11.55856333584516,11.49703486181404,11.73435897593406
2020-05-28,2020-05-27,300119,16.40576810656191,16.26352156228536,16.35835259180306
2020-05-28,2020-05-27,300227,8.139301667003858,8.129387779467921,8.178957217147603
2020-05-28,2020-05-27,300265,11.36317565520734,11.18730535271918,10.90395875426603
2020-05-28,2020-05-27,300267,3.804697829410206,3.794917115195783,3.804697829410206
2020-05-28,2020-05-27,300311,7.1,7.05,7.11
2020-05-28,2020-05-27,300345,6.19,6.17,6.27
2020-05-28,2020-05-27,300385,6.84,6.85,6.8
2020-05-28,2020-05-27,300527,8.354946158722182,8.325142545789761,8.384749771654603
2020-05-28,2020-05-27,300552,35.43430620376543,35.20910889990066,35.56159163638466
2020-05-28,2020-05-27,300559,20.03650753075536,19.76986199327382,19.99841531111514
2020-05-28,2020-05-27,300632,13.11520079302536,13.02091466223438,13.02091466223438
2020-05-28,2020-05-27,300647,8.09,7.97,7.94
2020-05-28,2020-05-27,300659,54.43602550478214,53.76054197662062,54.45589266737513
2020-05-28,2020-05-27,300663,14.34203208688517,14.26885845378881,14.39524927459161
2020-05-28,2020-05-27,600072,10.80678149808847,10.81662373989001,10.88551943250078
2020-05-28,2020-05-27,600080,4.492323945189866,4.433084508549999,4.492323945189866
2020-05-28,2020-05-27,600507,3.658717090863286,3.658717090863286,3.665807627861083
2020-05-28,2020-05-27,600536,45.61209492758179,45.62389929997504,45.95442172698651
2020-05-28,2020-05-27,600588,34.88662806367514,34.38088103944336,34.70812911394628
2020-05-28,2020-05-27,600734,2.76,2.71,2.78
2020-05-29,2020-05-28,000035,4.589654383732068,4.589654383732068,4.609020014043173
2020-05-29,2020-05-28,000058,6.229351597838505,6.179675747775997,6.159805407750994
2020-05-29,2020-05-28,000509,1.02,1.02,1.07
2020-05-29,2020-05-28,000708,13.51290072486754,13.46928258179179,13.6437551540948
2020-05-29,2020-05-28,002086,1.68,1.67,1.69
2020-05-29,2020-05-28,002395,16.61805336781474,16.53962007758317,16.56903256142001
2020-05-29,2020-05-28,002446,6.78,6.74,6.83
2020-05-29,2020-05-28,002463,20.46574662371999,20.28231483579933,20.34345876510622
2020-05-29,2020-05-28,002506,2.55,2.56,2.56
2020-05-29,2020-05-28,002552,14.04346456959492,13.98412598690649,13.94456693178087
2020-05-29,2020-05-28,002676,3.302676991041322,3.332610619358916,3.352566371570647
2020-05-29,2020-05-28,002768,20.99684304070191,21.23522389142482,21.57668835327115
2020-05-29,2020-05-28,002832,11.57614289985405,11.53219398983182,11.59372246386294
2020-05-29,2020-05-28,300119,16.38680190065837,16.43421741541722,16.51956534198315
2020-05-29,2020-05-28,300227,8.278096092506969,8.436718293081952,8.35740719279446
2020-05-29,2020-05-28,300265,10.5131358598479,10.31772441263883,10.33726555735973
2020-05-29,2020-05-28,300267,3.677548544622718,3.657987116193874,3.68732925883714
2020-05-29,2020-05-28,300311,7.15,7.11,7.15
2020-05-29,2020-05-28,300345,6.09,6.11,6.14
2020-05-29,2020-05-28,300385,6.66,6.63,6.64
2020-05-29,2020-05-28,300527,8.275469857569057,8.255600782280776,8.305273470501479
2020-05-29,2020-05-28,300552,35.63012994625654,35.30702077114622,35.88470081149497
2020-05-29,2020-05-28,300559,19.85556948746432,19.85556948746432,20.02698447584531
2020-05-29,2020-05-28,300632,12.89834269220611,12.86062823988971,12.9360571445225
2020-05-29,2020-05-28,300647,7.88,7.83,7.86
2020-05-29,2020-05-28,300659,53.84994420828905,55.56845377258236,55.61812167906483
2020-05-29,2020-05-28,300663,14.42185786844482,14.32207564149526,14.43516216537144
2020-05-29,2020-05-28,600072,10.8658349488977,10.79693925628693,10.85599270709616
2020-05-29,2020-05-28,600080,4.393591550790089,4.413338029670044,4.433084508549999
2020-05-29,2020-05-28,600507,3.679988701856677,3.67289816485888,3.665807627861083
2020-05-29,2020-05-28,600536,46.27904196780134,45.80096488587404,45.96032391318315
2020-05-29,2020-05-28,600588,34.42054747271644,34.11313261485005,34.21229869803276
2020-05-29,2020-05-28,600734,2.81,2.72,2.71
2020-06-01,2020-05-29,000035,4.647751274665385,4.667116904976491,4.676799720132044
2020-06-01,2020-05-29,000058,6.308832957938519,6.298897787926017,6.308832957938519
2020-06-01,2020-05-29,000509,1.07,1.07,1.08
2020-06-01,2020-05-29,000708,13.84439861224325,13.9578057842402,13.8705694980887
2020-06-01,2020-05-29,002086,1.68,1.68,1.68
2020-06-01,2020-05-29,002395,16.69648665804632,16.68668249676737,16.76511578699894
2020-06-01,2020-05-29,002446,7.12,7.08,7.15
2020-06-01,2020-05-29,002463,20.46574662371999,20.79767081138596,20.9112238229559
2020-06-01,2020-05-29,002506,2.55,2.56,2.58
2020-06-01,2020-05-29,002552,14.04346456959492,14.11269291606475,14.23137008144161
2020-06-01,2020-05-29,002676,3.312654867147187,3.342588495464782,3.362544247676512
2020-06-01,2020-05-29,002768,21.12569755460618,20.9002021552737,21.19656753725353
2020-06-01,2020-05-29,002832,11.57614289985405,11.68162028390739,11.62009180987627
2020-06-01,2020-05-29,300119,16.87992325415041,16.92733876890926,16.88940635710217
2020-06-01,2020-05-29,300227,8.456546068153825,8.575512718585063,8.496201618297572
2020-06-01,2020-05-29,300265,10.19070697195293,10.2395598337552,10.35680670208064
2020-06-01,2020-05-29,300267,3.648206401979452,3.667767830408296,3.68732925883714
2020-06-01,2020-05-29,300311,7.14,7.15,7.18
2020-06-01,2020-05-29,300345,6.7,6.62,6.67
2020-06-01,2020-05-29,300385,6.62,6.61,6.66
2020-06-01,2020-05-29,300527,8.354946158722182,8.364880696366322,8.384749771654603
2020-06-01,2020-05-29,300552,35.41472382951633,36.04135980548786,36.09031574111064
2020-06-01,2020-05-29,300559,20.46504500170782,20.88405941775024,21.19832022978205
2020-06-01,2020-05-29,300632,12.83234240065242,12.9266285314434,13.02091466223438
2020-06-01,2020-05-29,300647,7.8,7.87,7.9
2020-06-01,2020-05-29,300659,55.82672688629118,55.40951647183847,54.42609192348565
2020-06-01,2020-05-29,300663,14.28216275071542,14.56820513463753,14.63472661927058
2020-06-01,2020-05-29,600072,10.8658349488977,10.88551943250078,10.89536167430231
2020-06-01,2020-05-29,600080,4.413338029670044,,
2020-06-01,2020-05-29,600507,3.616173868876503,3.630354942872098,3.623264405874301
2020-06-01,2020-05-29,600536,46.28494415399798,46.65678188438586,47.00501086998723
2020-06-01,2020-05-29,600588,34.60896303076357,35.5708740376358,35.71962316240985
2020-06-01,2020-05-29,600734,2.7,2.69,2.72
2020-06-02,2020-06-01,000058,6.368443978013528,6.447925338113541,6.507536358188551
2020-06-02,2020-06-01,000890,2.07,2.07,2.08
2020-06-02,2020-06-01,002052,1.3,1.3,1.36
2020-06-02,2020-06-01,002086,1.7,1.69,1.67
2020-06-02,2020-06-01,002201,7.084111909605289,7.058720827492008,7.211067320171692
2020-06-02,2020-06-01,002395,16.95139485129893,16.75531162572,16.78472410955684
2020-06-02,2020-06-01,002463,21.30429193992875,21.18200408131498,21.19073892835882
2020-06-02,2020-06-01,002565,3.985002196367831,4.024263301750766,4.024263301750766
2020-06-02,2020-06-01,002638,2.16,2.19,2.38
2020-06-02,2020-06-01,002796,22.77,22.89,22.65
2020-06-02,2020-06-01,002869,37.4105160421956,37.52742390482746,37.47819954161404
2020-06-02,2020-06-01,002916,114.489543773761,113.9357149069285,113.6879493612402
2020-06-02,2020-06-01,300144,17.65013757392467,17.9029512155671,17.70631838317854
2020-06-02,2020-06-01,300194,5.136384439007369,5.106521738780581,5.106521738780581
2020-06-02,2020-06-01,300227,8.625082156264746,8.535857168441318,8.555684943513192
2020-06-02,2020-06-01,300229,11.44367423868854,11.84033539080946,11.96925026524876
2020-06-02,2020-06-01,300322,15.92761980826547,15.95748409540597,16.01721266968696
2020-06-02,2020-06-01,300328,10.56106355694619,10.83058030178319,10.700812980195
2020-06-02,2020-06-01,300416,17.02558706348042,17.01802349748154,17.04071419547818
2020-06-02,2020-06-01,300417,18.84171998221152,19.02832765310377,19.39588821698245
2020-06-02,2020-06-01,300462,21.6362533508655,21.9028799325512,22.08063098700833
2020-06-02,2020-06-01,300529,56.41770045322595,55.55703192202792,55.20573864398791
2020-06-02,2020-06-01,300541,9.477590971096221,9.414445301391764,9.420185816819442
2020-06-02,2020-06-01,300559,21.61733464582446,21.47448882217364,21.31259688870271
2020-06-02,2020-06-01,300638,14.31717611923407,14.24655740794469,14.27726119546181
2020-06-02,2020-06-01,300647,8.199999999999999,8.16,8.24
2020-06-02,2020-06-01,300657,12.65150316296101,12.59335442879113,12.70965189713089
2020-06-02,2020-06-01,300664,8.032674733402329,8.060663147107565,8.069992618342642
2020-06-02,2020-06-01,300735,18.15826648224989,18.07918856615952,18.08907330567082
2020-06-02,2020-06-01,300758,8.87665865262333,8.843119640081932,8.826350133811232
2020-06-02,2020-06-01,600052,3.210864830306779,3.269067818167325,3.307869810074355
2020-06-02,2020-06-01,600080,,4.196126761990534,4.196126761990534
2020-06-02,2020-06-01,600136,8.470000000000001,8.5,8.56
2020-06-02,2020-06-01,600536,47.92575191666202,47.49489232430779,47.34143548319532
2020-06-02,2020-06-01,600812,7.997666208546722,7.958461962426394,7.919257716306068
2020-06-03,2020-06-02,000058,6.557212208251058,6.497601188176049,6.517471528201052
2020-06-03,2020-06-02,000890,2.11,2.1,2.12
2020-06-03,2020-06-02,002052,1.33,1.32,1.34
2020-06-03,2020-06-02,002086,1.69,1.68,1.69
2020-06-03,2020-06-02,002201,7.297396999356845,7.236458402284972,7.297396999356845
2020-06-03,2020-06-02,002395,16.94159069001999,16.85335323850947,16.8827657223463
2020-06-03,2020-06-02,002463,21.24314801062187,21.23441316357802,21.19947377540266
2020-06-03,2020-06-02,002565,4.043893854442233,4.053709130787967,4.092970236170901
2020-06-03,2020-06-02,002638,2.38,2.41,2.37
2020-06-03,2020-06-02,002796,23,23,22.9
2020-06-03,2020-06-02,002869,37.52127085942578,37.41666908759728,37.46589345081069
2020-06-03,2020-06-02,002916,114.6280009904691,114.1324698990927,114.2417782280728
2020-06-03,2020-06-02,300144,17.32241618661042,17.42541433690918,17.50968555078999
2020-06-03,2020-06-02,300194,5.136384439007369,5.216018306278801,5.345423340594878
2020-06-03,2020-06-02,300227,8.496201618297572,8.506115505833508,8.595340493656936
2020-06-03,2020-06-02,300229,11.79075274679435,11.85025191961248,11.86016844841551
2020-06-03,2020-06-02,300322,16.07694124396795,15.98734838254646,16.04707695682746
2020-06-03,2020-06-02,300328,10.55108145528556,10.61097406524934,10.63093826857059
2020-06-03,2020-06-02,300416,17.07853202547258,17.13147698746475,17.06340489347483
2020-06-03,2020-06-02,300417,19.26582832514846,19.15838754493777,19.02267287519795
2020-06-03,2020-06-02,300462,22.05100581126548,22.12013122133214,22.07075592842738
2020-06-03,2020-06-02,300529,53.81813019572987,53.90595351523987,53.61613656085686
2020-06-03,2020-06-02,300541,9.276672931127495,9.374261693398017,9.282413446555173
2020-06-03,2020-06-02,300559,21.26498161415243,21.22688939451221,21.13165884541167
2020-06-03,2020-06-02,300638,14.48604695057824,14.38779483052345,14.39393558802687
2020-06-03,2020-06-02,300647,8.27,8.220000000000001,8.25
2020-06-03,2020-06-02,300657,12.95055379583468,12.81764240344638,12.72626582117943
2020-06-03,2020-06-02,300664,8.303229399219598,8.237923100574051,8.265911514279285
2020-06-03,2020-06-02,300735,18.14838174273859,18.04953434762563,18.05941908713693
2020-06-03,2020-06-02,300758,9.139380917530948,9.061123221601019,9.128201246683814
2020-06-03,2020-06-02,600052,3.28846881412084,3.298169312097598,3.278768316144082
2020-06-03,2020-06-02,600080,4.196126761990534,3.988788733751002,3.988788733751002
2020-06-03,2020-06-02,600136,8.52,8.57,8.550000000000001
2020-06-03,2020-06-02,600536,47.44767483473473,47.65425135161689,47.87263224089232
2020-06-03,2020-06-02,600812,8.546525654231301,8.693541577182527,8.713143700242691
2020-06-04,2020-06-03,000058,6.676434248401078,6.93474866872612,7.342090639238685
2020-06-04,2020-06-03,000890,2.13,2.13,2.17
2020-06-04,2020-06-03,002052,1.35,1.35,1.33
2020-06-04,2020-06-03,002086,1.77,1.8,1.86
2020-06-04,2020-06-03,002201,7.205989103749036,7.190754454481067,7.195832670903724
2020-06-04,2020-06-03,002395,16.89256988362525,16.91217820618314,16.83374491595157
2020-06-04,2020-06-03,002463,21.26061770470955,21.34796617514796,21.34796617514796
2020-06-04,2020-06-03,002565,4.102785512516634,4.092970236170901,4.053709130787967
2020-06-04,2020-06-03,002638,2.34,2.33,2.3
2020-06-04,2020-06-03,002796,23.02,23.08,22.96
2020-06-04,2020-06-03,002869,37.39820995139225,37.30591427036709,37.49665867781907
2020-06-04,2020-06-03,002916,114.0450232359086,114.4093843325089,114.7737454291093
2020-06-04,2020-06-03,300144,17.79995306526833,18.15576485720952,18.02467630228382
2020-06-04,2020-06-03,300194,5.265789473323445,5.22597253968773,5.206064072869871
2020-06-04,2020-06-03,300227,8.694479369016301,8.694479369016301,8.753962694231921
2020-06-04,2020-06-03,300229,11.80066927559737,11.79075274679435,11.60233869953691
2020-06-04,2020-06-03,300322,16.12671505586879,16.15657934300928,16.10680553110846
2020-06-04,2020-06-03,300328,10.50117094698241,10.58102776026744,10.55108145528556
2020-06-04,2020-06-03,300416,17.12391342146587,17.10122272346923,17.02558706348042
2020-06-04,2020-06-03,300417,18.93219642870474,18.79084220812322,18.83023600730168
2020-06-04,2020-06-03,300462,21.82387946390359,22.07075592842738,22.03125569410357
2020-06-04,2020-06-03,300529,53.69517754841586,53.68639521646487,53.30875494257185
2020-06-04,2020-06-03,300541,9.28815396198285,8.937982520894497,8.909279943756108
2020-06-04,2020-06-03,300559,21.03642829631112,21.12213579050161,21.05547440613122
2020-06-04,2020-06-03,300638,14.26190930170325,14.32024649798578,14.52289149559878
2020-06-04,2020-06-03,300647,8.140000000000001,8.16,8.119999999999999
2020-06-04,2020-06-03,300657,12.70134493510662,12.84256328951919,12.76780063130077
2020-06-04,2020-06-03,300664,8.284570456749442,8.312558870454676,8.256582043044206
2020-06-04,2020-06-03,300735,17.86172429691102,18.06930382664822,17.98034117104656
2020-06-04,2020-06-03,300758,8.982865525671089,9.206458942613741,9.156150423801645
2020-06-04,2020-06-03,600052,3.249666822213809,3.259367320190567,3.220565328283536
2020-06-04,2020-06-03,600080,3.988788733751002,3.791323944951447,3.791323944951447
2020-06-04,2020-06-03,600136,8.460000000000001,8.470000000000001,8.44
2020-06-04,2020-06-03,600536,47.21748957306603,47.22339175926266,46.85155402887477
2020-06-04,2020-06-03,600812,8.507321408110974,8.526923531171137,8.497520346580892
2020-06-05,2020-06-04,000058,7.103646558938647,6.785721118538595,6.785721118538595
2020-06-05,2020-06-04,000890,2.22,2.29,2.28
2020-06-05,2020-06-04,002052,1.42,1.43,1.47
2020-06-05,2020-06-04,002086,1.86,1.87,1.92
2020-06-05,2020-06-04,002201,7.04348617822404,6.997782230420134,6.936843633348261
2020-06-05,2020-06-04,002395,16.8827657223463,16.81413659339368,16.83374491595157
2020-06-05,2020-06-04,002463,21.06845106974504,21.19073892835882,21.09465561087656
2020-06-05,2020-06-04,002565,4.024263301750766,4.014448025405033,3.994817472713565
2020-06-05,2020-06-04,002638,2.36,2.31,2.31
2020-06-05,2020-06-04,002796,22.68,22.08,21.97
2020-06-05,2020-06-04,002869,37.84738226571466,37.77969876629621,37.62587263125429
2020-06-05,2020-06-04,002916,113.3381627085039,115.2255531888937,114.5405543272851
2020-06-05,2020-06-04,300144,18.06213017511973,17.91231468377607,18.05276670691075
2020-06-05,2020-06-04,300194,5.216018306278801,5.235926773096658,5.206064072869871
2020-06-05,2020-06-04,300227,9.061293207845953,9.130690420597508,9.041465432774078
2020-06-05,2020-06-04,300229,11.34450895065831,11.28500977784017,11.22551060502204
2020-06-05,2020-06-04,300322,15.87784599636464,15.99730314492663,15.9176650458853
2020-06-05,2020-06-04,300328,10.68084877687374,10.8006339968013,10.72077718351626
2020-06-05,2020-06-04,300416,16.67766302753191,16.67766302753191,16.62471806553975
2020-06-05,2020-06-04,300417,19.48023369374619,19.54917284230849,19.2734162480593
2020-06-05,2020-06-04,300462,21.76462911241788,21.71525381951312,21.6165032337036
2020-06-05,2020-06-04,300529,53.20336695915984,54.01134149865187,54.41532876839789
2020-06-05,2020-06-04,300541,8.93224200546682,8.960944582605208,8.926501490039142
2020-06-05,2020-06-04,300559,20.90310552757035,20.8078749784698,20.75073664900947
2020-06-05,2020-06-04,300638,14.4522727843094,15.0295039896313,15.07555967090698
2020-06-05,2020-06-04,300647,8.050000000000001,8.029999999999999,7.93
2020-06-05,2020-06-04,300657,12.52689873259698,12.59335442879113,12.52689873259698
2020-06-05,2020-06-04,300664,8.368535697865145,8.303229399219598,8.237923100574051
2020-06-05,2020-06-04,300735,17.94080221300138,18.00999538958045,17.88149377593361
2020-06-05,2020-06-04,300758,9.033174044483186,8.971685854823958,8.960506183976825
2020-06-05,2020-06-04,600052,3.269067818167325,3.28846881412084,3.259367320190567
2020-06-05,2020-06-04,600080,3.791323944951447,3.722211268871603,3.682718311111692
2020-06-05,2020-06-04,600136,8.41,8.67,8.74
2020-06-05,2020-06-04,600536,46.20231354724511,46.4149008798713,46.24364997331708
2020-06-05,2020-06-04,600812,9.075782976855717,9.075782976855717,9.32080951510776
2020-06-08,2020-06-05,000058,6.616823228326068,6.487666018163548,6.537341868226055
2020-06-08,2020-06-05,000890,2.27,2.28,2.24
2020-06-08,2020-06-05,002052,1.49,1.5,1.54
2020-06-08,2020-06-05,002086,1.88,1.84,1.82
2020-06-08,2020-06-05,002201,6.901296118389668,6.987625797574823,6.947000066193573
2020-06-08,2020-06-05,002395,16.89256988362525,16.89256988362525,16.83374491595157
2020-06-08,2020-06-05,002463,21.09465561087656,21.60127673941935,21.73229944507697
2020-06-08,2020-06-05,002565,4.014448025405033,4.024263301750766,4.024263301750766
2020-06-08,2020-06-05,002638,2.28,2.27,2.28
2020-06-08,2020-06-05,002796,21.67,22.21,23.23
2020-06-08,2020-06-05,002869,38.24733021682366,38.24733021682366,37.97044317374819
2020-06-08,2020-06-05,002916,115.3785848494659,118.4173563951127,118.9274619303532
2020-06-08,2020-06-05,300144,18.31494381676215,18.59584786303151,18.53030358556866
2020-06-08,2020-06-05,300194,5.216018306278801,5.22597253968773,5.275743706732374
2020-06-08,2020-06-05,300227,8.92249878234284,8.972068220022525,8.991895995094396
2020-06-08,2020-06-05,300229,11.34450895065831,11.47342382509761,11.45359076749157
2020-06-08,2020-06-05,300322,15.80816265970348,16.39549364013327,16.90318652152173
2020-06-08,2020-06-05,300328,11.11007914828082,11.13004335160208,11.18993596156586
2020-06-08,2020-06-05,300416,16.49613744355877,16.44319248156661,16.37512038757668
2020-06-08,2020-06-05,300417,19.15523485052393,19.08629570196164,18.87947825627475
2020-06-08,2020-06-05,300462,21.64612840944646,21.75475405383693,21.8633796982274
2020-06-08,2020-06-05,300529,54.8193160381439,55.45164393861592,55.52190259422392
2020-06-08,2020-06-05,300541,8.93224200546682,9.0413117985927,8.955204067177531
2020-06-08,2020-06-05,300559,21.1030896806815,21.46496576726359,21.09356662577144
2020-06-08,2020-06-05,300638,15.16767103345835,15.7326207237734,15.99053253891722
2020-06-08,2020-06-05,300647,7.96,8.01,8.02
2020-06-08,2020-06-05,300657,12.85087025154345,13.14992088441712,13.50712025146067
2020-06-08,2020-06-05,300664,8.312558870454676,8.321888341689753,8.303229399219598
2020-06-08,2020-06-05,300735,18.15826648224989,18.54377132319041,18.74146611341632
2020-06-08,2020-06-05,300758,8.960506183976825,9.033174044483186,9.049943550753886
2020-06-08,2020-06-05,600052,3.249666822213809,3.249666822213809,3.230265826260294
2020-06-08,2020-06-05,600080,3.978915494311024,3.90980281823118,3.919676057671158
2020-06-08,2020-06-05,600136,8.58,8.48,8.699999999999999
2020-06-08,2020-06-05,600536,45.9779158079743,46.2672707880142,46.17278752922567
2020-06-08,2020-06-05,600812,9.575637114889886,10.33031885270618,9.879470022322421
2020-06-09,2020-06-08,000708,13.62630789686449,13.39076992425544,13.47800621040694
2020-06-09,2020-06-08,000892,4.02,3.97,3.99
2020-06-09,2020-06-08,002036,12.02563957225211,11.83618090569092,12.075497116084
2020-06-09,2020-06-08,002100,13.09436230369657,13.08533793270849,12.95899673887545
2020-06-09,2020-06-08,002123,16.35117786892674,16.21159464321639,16.19165418240062
2020-06-09,2020-06-08,002395,17.12786975431997,16.84354907723052,17.0298281415305
2020-06-09,2020-06-08,002458,11.57280336403684,11.52127052462955,11.43292851421706
2020-06-09,2020-06-08,002634,5.55,5.56,5.51
2020-06-09,2020-06-08,002714,44.83142167204661,44.83787038057251,44.61216558216606
2020-06-09,2020-06-08,002859,26.34569390223348,26.02068160362649,25.95173960089167
2020-06-09,2020-06-08,002860,11.2835346595877,11.22729274228134,11.22026250261804
2020-06-09,2020-06-08,002869,37.69355613067273,38.2104119444136,38.06889190017503
2020-06-09,2020-06-08,300144,18.27748994392624,18.16512832541849,18.14640138900054
2020-06-09,2020-06-08,300227,9.299226508708427,9.210001520884997,9.28931262117249
2020-06-09,2020-06-08,300328,11.09011494495956,11.04020443665641,11.10009704662019
2020-06-09,2020-06-08,300348,16.17975471807629,16.1302450647162,16.19955857942032
2020-06-09,2020-06-08,300417,18.88932670606936,18.80069065791783,18.87947825627475
2020-06-09,2020-06-08,300433,18.49688198845194,18.58790995099353,19.23420848503885
2020-06-09,2020-06-08,300529,52.98380866038484,52.66764471014883,54.48558742400589
2020-06-09,2020-06-08,300542,10.92503622795726,11.0329136054326,11.0819487770123
2020-06-09,2020-06-08,300543,10.32645703737517,10.304201742036,10.38580449161296
2020-06-09,2020-06-08,300552,36.79528121407861,35.9238655599932,35.88470081149497
2020-06-09,2020-06-08,300559,20.75073664900947,20.45552194679777,20.84596719811002
2020-06-09,2020-06-08,300602,29.46924962558141,28.89472307825915,29.42962710507643
2020-06-09,2020-06-08,300613,35.31719358496881,34.53954182412806,34.49441024872212
2020-06-09,2020-06-08,300638,16.37740026163296,16.20238867278537,16.31599268659872
2020-06-09,2020-06-08,300653,36.92116389364462,36.31470587962286,37.34568450345985
2020-06-09,2020-06-08,300657,13.764636074213,14.32950949186326,14.53718354246997
2020-06-09,2020-06-08,300661,129.2139153288472,130.2525557926622,131.3850846599859
2020-06-09,2020-06-08,300664,8.209934686868817,8.107310503282955,8.097981032047876
2020-06-09,2020-06-08,300735,18.28676809589673,18.01988012909175,18.32630705394191
2020-06-09,2020-06-08,300758,9.033174044483186,9.083482563295284,9.033174044483186
2020-06-09,2020-06-08,300762,12.1366697240153,12.08619732912975,12.08619732912975
2020-06-09,2020-06-08,601058,3.623193562841421,3.613633685366905,3.613633685366905
2020-06-10,2020-06-09,000708,13.63503152547965,13.7309914402463,13.73971506886145
2020-06-10,2020-06-09,000892,4.07,4.08,4.07
2020-06-10,2020-06-09,002036,12.14529767744864,11.96581051965384,12.03561108101849
2020-06-10,2020-06-09,002100,13.00411859381582,13.07631356172042,13.11241104567272
2020-06-10,2020-06-09,002123,16.10192210872968,16.13183279995333,16.23153510403215
2020-06-10,2020-06-09,002395,17.03963230280945,17.03963230280945,17.05924062536734
2020-06-10,2020-06-09,002458,11.46237585102122,11.30041549859832,11.43292851421706
2020-06-10,2020-06-09,002634,5.56,5.52,5.5
2020-06-10,2020-06-09,002714,44.75403716973583,45.16675451539334,45.39890802232568
2020-06-10,2020-06-09,002859,25.90249531322394,25.21307528587578,25.51838986941568
2020-06-10,2020-06-09,002860,11.05856699036227,10.99529483339262,10.98826459372933
2020-06-10,2020-06-09,002869,38.00736144615826,37.4905056324174,37.68125003986938
2020-06-10,2020-06-09,300144,18.40857849885194,18.29621688034419,18.44603237168785
2020-06-10,2020-06-09,300227,9.309140396244365,9.438020934211538,9.200087633349062
2020-06-10,2020-06-09,300328,11.06016863997767,10.92041921672885,10.96034762337137
2020-06-10,2020-06-09,300348,16.31838174748453,16.02132382732401,16.11044120337217
2020-06-10,2020-06-09,300417,18.47569181469558,18.36735886695482,18.17038987106255
2020-06-10,2020-06-09,300433,19.01574137493902,19.0430497637015,19.15228331875141
2020-06-10,2020-06-09,300529,54.5997577393689,54.98618034521291,55.72389622909694
2020-06-10,2020-06-09,300542,11.04272063974854,10.99368546816884,10.9838784338529
2020-06-10,2020-06-09,300543,10.34871233271434,10.20034369711987,10.23743585601849
2020-06-10,2020-06-09,300552,35.7280418175021,35.34618551964444,35.32660314539532
2020-06-10,2020-06-09,300559,20.76025970391953,20.8078749784698,21.03642829631112
2020-06-10,2020-06-09,300602,29.50887214608639,29.02349626990035,29.3800989544452
2020-06-10,2020-06-09,300613,34.71659646610519,34.83810455373656,34.37637382073736
2020-06-10,2020-06-09,300638,16.88094237691377,16.62917131927336,16.85637934690007
2020-06-10,2020-06-09,300653,37.87330297565878,37.97033625790226,38.23111320393162
2020-06-10,2020-06-09,300657,15.14359177024158,14.83623417534364,15.01898733987755
2020-06-10,2020-06-09,300661,142.0062103069075,139.65900021919,140.838473288268
2020-06-10,2020-06-09,300664,8.032674733402329,7.911391607346314,7.874073722406
2020-06-10,2020-06-09,300735,18.17803596127247,18.14838174273859,18.08907330567082
2020-06-10,2020-06-09,300758,9.033174044483186,8.971685854823958,8.910197665164727
2020-06-10,2020-06-09,300762,12.73457347881323,12.65692364052779,12.58703878607089
2020-06-10,2020-06-09,601058,3.632753440315936,3.613633685366905,3.604073807892389
2020-06-11,2020-06-10,000708,13.82695135501295,13.65247878270995,13.6786496685554
2020-06-11,2020-06-10,000892,4.08,4.05,4.09
2020-06-11,2020-06-10,002036,11.94586750212108,11.99572504595297,11.94586750212108
2020-06-11,2020-06-10,002100,13.0492404487562,12.84167991603047,12.7965580610901
2020-06-11,2020-06-10,002123,16.12186256954545,15.99224957424298,16.22156487362427
2020-06-11,2020-06-10,002395,17.07884894792524,17.0298281415305,16.97100317385682
2020-06-11,2020-06-10,002458,11.24888265919103,11.16790248297957,11.1016459751702
2020-06-11,2020-06-10,002634,5.43,5.41,5.43
2020-06-11,2020-06-10,002714,44.8959087573056,44.67665266742505,43.9930895636798
2020-06-11,2020-06-10,002859,26.01083274609294,26.44418247756893,26.22750761183093
2020-06-11,2020-06-10,002860,11.19214154396487,11.1499601059851,11.17808106463828
2020-06-11,2020-06-10,002869,37.93352490133813,37.98274926455155,37.95198403754316
2020-06-11,2020-06-10,300144,18.41794196706092,18.15576485720952,18.33367075318011
2020-06-11,2020-06-10,300227,9.031551545238141,8.942326557414713,8.863015457127222
2020-06-11,2020-06-10,300328,11.12006124994145,11.28975697817215,11.13004335160208
2020-06-11,2020-06-10,300348,15.89259872858779,15.86289293657173,15.99161803530796
2020-06-11,2020-06-10,300417,18.09160227270564,18.21963212003562,18.52493406366865
2020-06-11,2020-06-10,300433,19.23420848503885,19.58921753895106,19.30703085507212
2020-06-11,2020-06-10,300529,55.31112662739992,55.28477963154693,55.74146089299894
2020-06-11,2020-06-10,300542,10.90542215932538,10.90542215932538,10.92503622795726
2020-06-11,2020-06-10,300543,10.11874094754291,10.17066997000098,10.1780884017807
2020-06-11,2020-06-10,300552,35.47347095226365,35.47347095226365,35.7476241917512
2020-06-11,2020-06-10,300559,20.68407526463909,20.66502915481898,20.90310552757035
2020-06-11,2020-06-10,300602,29.37019332431895,29.24142013267776,29.19189198204652
2020-06-11,2020-06-10,300613,34.39373211897041,34.40414709791025,34.33818556462464
2020-06-11,2020-06-10,300638,16.84716821064493,16.73970495433501,16.85944972565178
2020-06-11,2020-06-10,300653,39.10441274412295,39.4319000716947,39.55319167449905
2020-06-11,2020-06-10,300657,15.25158227655707,15.32634493477548,15.14359177024158
2020-06-11,2020-06-10,300661,143.4732166117309,142.9450943419945,142.7397134593192
2020-06-11,2020-06-10,300664,7.874073722406,7.790108481290297,7.82742636623061
2020-06-11,2020-06-10,300735,18.08907330567082,18.14838174273859,18.08907330567082
2020-06-11,2020-06-10,300758,8.910197665164727,8.87665865262333,8.904607829741161
2020-06-11,2020-06-10,300762,12.69186606775624,12.80445833327014,12.98305296132666
2020-06-11,2020-06-10,601058,3.575394175468843,3.479795400723686,3.498915155672718
2020-06-12,2020-06-11,000708,13.60013701101905,13.38204629564029,13.51290072486754
2020-06-12,2020-06-11,000892,4.01,3.9,3.92
2020-06-12,2020-06-11,002036,11.87606694075643,11.51709262516682,11.54700715146595
2020-06-12,2020-06-11,002100,12.543875673424,12.34533951168636,12.42655885057903
2020-06-12,2020-06-11,002123,16.87960008054449,16.58049316830802,16.74998708524203
2020-06-12,2020-06-11,002395,16.99061149641472,16.7357033031621,16.81413659339368
2020-06-12,2020-06-11,002458,11.1016459751702,10.99121846215458,10.99858029635562
2020-06-12,2020-06-11,002634,5.47,5.34,5.39
2020-06-12,2020-06-11,002714,42.62596335618931,42.81942461196627,42.61951464766342
2020-06-12,2020-06-11,002859,26.62146191317274,28.0495462555368,29.05412972395841
2020-06-12,2020-06-11,002860,11.17808106463828,11.03044603170909,11.17808106463828
2020-06-12,2020-06-11,002869,37.65663785826268,36.70906886640443,36.95519068247151
2020-06-12,2020-06-11,300144,17.87486081094016,17.55650289183489,17.86549734273118
2020-06-12,2020-06-11,300227,8.694479369016301,8.516029393369445,8.525943280905381
2020-06-12,2020-06-11,300328,10.86052660676508,10.78066979348004,11.06016863997767
2020-06-12,2020-06-11,300348,16.11044120337217,15.9025006592598,15.89259872858779
2020-06-12,2020-06-11,300417,18.18023832085716,17.95372397558105,17.81584567845645
2020-06-12,2020-06-11,300433,19.17959170751389,19.00663857868486,18.97022739366822
2020-06-12,2020-06-11,300529,55.92588986396994,56.08397183908795,56.73386440346196
2020-06-12,2020-06-11,300542,10.90542215932538,10.64063223279499,10.57198299258341
2020-06-12,2020-06-11,300543,9.955535448388996,9.792329949235079,9.799748381014803
2020-06-12,2020-06-11,300552,35.99240386986509,35.37555908101811,36.10010692823519
2020-06-12,2020-06-11,300559,20.86501330793013,21.00785913158095,20.83644414319997
2020-06-12,2020-06-11,300602,28.57774291421929,28.20132896942194,28.18151770916945
2020-06-12,2020-06-11,300613,34.26875237169244,33.75841840364069,33.4320823968593
2020-06-12,2020-06-11,300638,16.84102745314151,16.34976685286755,16.61996018301823
2020-06-12,2020-06-11,300653,38.99525030159904,39.23783350720774,39.78364571982732
2020-06-12,2020-06-11,300657,14.84454113736791,14.661787972834,14.58702531461558
2020-06-12,2020-06-11,300661,142.7279774088806,137.9514048803755,134.6007624801588
2020-06-12,2020-06-11,300664,7.846085308700766,7.724802182644749,7.762120067585062
2020-06-12,2020-06-11,300735,17.9012632549562,17.70356846473029,17.96057169202398
2020-06-12,2020-06-11,300758,8.809580627540534,8.703373754492773,8.781631450422703
2020-06-12,2020-06-11,300762,12.86657820389849,12.86269571198422,12.92481558261258
2020-06-12,2020-06-11,601058,3.47023552324917,3.412876258402076,3.431996013351108
2020-06-15,2020-06-12,000708,13.38204629564029,13.6612024113251,13.79205684055235
2020-06-15,2020-06-12,000892,4.09,4.11,4.15
2020-06-15,2020-06-12,002036,11.60683620406422,11.42734904626941,11.46723508133493
2020-06-15,2020-06-12,002100,12.5077781894717,12.99307265802368,13.00222915743032
2020-06-15,2020-06-12,002123,16.63034432034744,16.85965961972873,17.17870699278096
2020-06-15,2020-06-12,002395,17.0494364640884,17.08865310920418,17.26512801222523
2020-06-15,2020-06-12,002458,11.02802763315979,11.41084301161393,11.47709951942331
2020-06-15,2020-06-12,002634,5.42,5.43,5.4
2020-06-15,2020-06-12,002714,43.01288586774323,44.72824233563223,44.67665266742505
2020-06-15,2020-06-12,002859,28.5715357048147,27.46846366105763,27.45861480352409
2020-06-15,2020-06-12,002860,11.24838346127122,11.17808106463828,11.20620202329146
2020-06-15,2020-06-12,002869,37.34898558817883,37.60741349504926,37.77354572089454
2020-06-15,2020-06-12,300144,18.09022057974667,17.16323722705778,17.56586636004387
2020-06-15,2020-06-12,300227,8.605254381192873,8.734134919160049,8.853101569591285
2020-06-15,2020-06-12,300328,11.46943480806349,11.49938111304537,11.45945270640286
2020-06-15,2020-06-12,300348,16.06093155001208,16.15995085673226,17.11053620124592
2020-06-15,2020-06-12,300417,17.90448172660797,17.97342087517027,17.93402707599182
2020-06-15,2020-06-12,300433,20.26282446175886,19.92602100035496,19.79858185279673
2020-06-15,2020-06-12,300529,56.87438171467798,57.00611669394298,56.89194637857998
2020-06-15,2020-06-12,300542,10.76812367890222,10.87600105637756,10.91522919364132
2020-06-15,2020-06-12,300543,9.807166812794526,9.740400926777014,9.896187994151209
2020-06-15,2020-06-12,300552,36.70716052995762,36.13927167673341,36.97152258232061
2020-06-15,2020-06-12,300559,21.01738218649101,21.38878132798315,21.65542686546468
2020-06-15,2020-06-12,300602,28.33010216106314,28.16170644891696,28.28057401043191
2020-06-15,2020-06-12,300613,33.50498724943812,32.84190025693551,32.76552374471008
2020-06-15,2020-06-12,300638,16.84102745314151,16.7888310143624,17.03753169325109
2020-06-15,2020-06-12,300653,41.66366556329477,42.99787319414264,43.27077930045242
2020-06-15,2020-06-12,300657,14.35443037793606,14.26305379566911,14.34612341591179
2020-06-15,2020-06-12,300661,140.2634068167773,139.5768478661199,139.2658425294973
2020-06-15,2020-06-12,300664,7.762120067585062,7.930050549816469,7.902062136111235
2020-06-15,2020-06-12,300735,17.86172429691102,17.86172429691102,17.97045643153527
2020-06-15,2020-06-12,300758,8.759272108728437,8.485370172973687,8.518909185515085
2020-06-15,2020-06-12,300762,13.02187788046939,13.04905532386929,12.98305296132666
2020-06-15,2020-06-12,601058,3.489355278198202,3.431996013351108,3.441555890825624
2020-06-16,2020-06-15,000078,4.33,4.21,4.17
2020-06-16,2020-06-15,000661,330.1613456511975,333.1816256215794,334.6544781997287
2020-06-16,2020-06-15,002036,11.13817529204445,11.53703564269957,12.00569655471935
2020-06-16,2020-06-15,002201,6.759106058555298,6.809888222781859,6.809888222781859
2020-06-16,2020-06-15,002395,17.03963230280945,16.93178652874104,16.86315739978841
2020-06-16,2020-06-15,002458,11.35194833800561,11.25624449339207,11.27832999599519
2020-06-16,2020-06-15,002463,20.46574662371999,20.7627314232106,20.82387535251749
2020-06-16,2020-06-15,002506,2.54,2.54,2.55
2020-06-16,2020-06-15,002714,44.64440912479556,44.18655081945676,43.83832055905824
2020-06-16,2020-06-15,002796,21.06,21.44,21.35
2020-06-16,2020-06-15,002876,32.8856321521321,32.99663850538825,33.35740915347071
2020-06-16,2020-06-15,002916,109.7747111837525,112.7989082855354,114.5769904369451
2020-06-16,2020-06-15,002947,30.45915717646626,31.02373840309214,31.49798663345788
2020-06-16,2020-06-15,300030,9.6678026249899,9.340584689990242,9.291006214990293
2020-06-16,2020-06-15,300088,8.897346424378656,9.160370764825204,9.724664651775422
2020-06-16,2020-06-15,300144,17.32241618661042,17.83740693810424,17.69695491496956
2020-06-16,2020-06-15,300227,8.625082156264746,8.853101569591285,8.793618244375665
2020-06-16,2020-06-15,300507,5.999119926366691,5.999119926366691,6.058931690338444
2020-06-16,2020-06-15,300552,36.84423714970139,37.19671988618538,37.47087312567293
2020-06-16,2020-06-15,300569,4.479132198800811,4.512725690291818,4.523923520788819
2020-06-16,2020-06-15,300586,7.031383031383031,6.977883377883379,6.977883377883379
2020-06-16,2020-06-15,300602,27.57727427146845,28.72632736611297,29.36028769419271
2020-06-16,2020-06-15,300613,33.16476460407029,33.50498724943812,34.02226453678309
2020-06-16,2020-06-15,300657,13.85601265647995,14.36273733996033,14.72824366902815
2020-06-16,2020-06-15,300659,56.02539851222104,56.87968650371945,60.02863177470775
2020-06-16,2020-06-15,300735,17.53552789303826,17.86172429691102,18.25711387736284
2020-06-16,2020-06-15,300762,12.49385898012835,12.86269571198422,12.86269571198422
2020-06-16,2020-06-15,600507,3.616173868876503,3.630354942872098,3.644536016867692
2020-06-16,2020-06-15,600536,44.70239181432898,45.15709249724884,45.45825788463732
2020-06-16,2020-06-15,600640,18.70643794459717,18.7362727738549,18.84566714779991
2020-06-16,2020-06-15,600789,9.13345927192252,8.932408281660075,8.817522001510108
2020-06-17,2020-06-16,000078,4.21,4.45,4.39
2020-06-17,2020-06-16,000661,338.0196666852468,337.0781596574425,343.0348229323625
2020-06-17,2020-06-16,002036,12.01566806348573,11.80626637939179,11.85612392322368
2020-06-17,2020-06-16,002201,6.891139685544356,6.880983252699044,6.870826819853732
2020-06-17,2020-06-16,002395,17.03963230280945,16.87296156106736,16.95139485129893
2020-06-17,2020-06-16,002458,11.29305366439728,11.21207348818582,11.2267971565879
2020-06-17,2020-06-16,002463,21.01604198748199,20.9548980581751,21.15579954018345
2020-06-17,2020-06-16,002506,2.55,2.53,2.54
2020-06-17,2020-06-16,002714,44.47029399459629,43.88346151873952,43.94149989547261
2020-06-17,2020-06-16,002796,21.47,21.4,21.4
2020-06-17,2020-06-16,002876,34.05119886132159,33.79449666941677,33.62104924245404
2020-06-17,2020-06-16,002916,116.4498064734709,115.0506598625255,114.9122026458174
2020-06-17,2020-06-16,002947,32.06821367235002,31.46975757212659,31.03503002762466
2020-06-17,2020-06-16,300030,9.459573029990118,9.548814284990026,9.747128184989817
2020-06-17,2020-06-16,300088,9.790498938586282,9.978596900903021,10.02562139148221
2020-06-17,2020-06-16,300144,17.96849549302994,17.8561338745222,17.48159514616306
2020-06-17,2020-06-16,300227,9.150518195669381,9.358709833924046,9.477676484355285
2020-06-17,2020-06-16,300507,6.196498747473472,6.13668698350172,6.094818748721495
2020-06-17,2020-06-16,300552,38.45978302525301,38.9199688201071,38.95913356860532
2020-06-17,2020-06-16,300569,4.52952243603732,4.507126775043317,4.512725690291818
2020-06-17,2020-06-16,300586,6.954954954954955,6.954954954954955,6.916740916740918
2020-06-17,2020-06-16,300602,28.93434559876414,29.27113702305649,28.95415685901663
2020-06-17,2020-06-16,300613,33.60566537918982,33.4320823968593,33.81396495798646
2020-06-17,2020-06-16,300657,14.65348101080973,14.98575949178047,15.18512658036292
2020-06-17,2020-06-16,300659,59.08494155154091,58.3895908607864,58.25052072263549
2020-06-17,2020-06-16,300735,18.04953434762563,17.99022591055786,17.99022591055786
2020-06-17,2020-06-16,300762,12.91316810686976,12.92481558261258,12.87434318772704
2020-06-17,2020-06-16,600507,3.736712997839053,3.786346756823633,3.857252126801604
2020-06-17,2020-06-16,600536,45.33424860747735,45.01536760906603,45.09213525683172
2020-06-17,2020-06-16,600640,18.67660311533944,18.45781436744941,18.46775931053532
2020-06-17,2020-06-16,600789,8.855817428226763,9.162180841960014,9.34408411886413
2020-06-18,2020-06-17,000078,4.52,4.47,4.39
2020-06-18,2020-06-17,000661,350.4084076748691,346.7635636365378,349.6440158305131
2020-06-18,2020-06-17,002036,11.69657978296163,11.76638034432627,11.75640883555989
2020-06-18,2020-06-17,002201,6.91145255123498,6.870826819853732,6.870826819853732
2020-06-18,2020-06-17,002395,17.18669472199365,17.27493217350418,17.98083178558834
2020-06-18,2020-06-17,002458,11.39611934321185,11.40348117741289,11.58016519823788
2020-06-18,2020-06-17,002463,21.12959499905193,21.1033904579204,21.07718591678888
2020-06-18,2020-06-17,002506,2.53,2.52,2.52
2020-06-18,2020-06-17,002714,45.14095968128974,45.43760027348107,46.55967555698742
2020-06-18,2020-06-17,002796,21.35,21.4,21.53
2020-06-18,2020-06-17,002876,33.11458275572289,32.98970060830973,33.37128494762772
2020-06-18,2020-06-17,002916,116.1947537058506,117.666772536116,116.573689246315
2020-06-18,2020-06-17,002947,31.56009056838673,31.72946493637449,31.48669500892536
2020-06-18,2020-06-17,300030,9.647971234989921,9.588477064989982,9.449657334990128
2020-06-18,2020-06-17,300088,10.1760997613356,10.18550465945143,10.13848016887225
2020-06-18,2020-06-17,300144,17.02278520392311,17.35050659123736,17.09769294959494
2020-06-18,2020-06-17,300227,9.418193159139665,9.507418146963094,9.37853760899592
2020-06-18,2020-06-17,300507,6.112762277913021,6.052950513941268,6.076875219529969
2020-06-18,2020-06-17,300552,39.03746306560176,39.04725425272633,39.2039132467192
2020-06-18,2020-06-17,300569,4.568714842776828,4.52952243603732,4.535121351285821
2020-06-18,2020-06-17,300586,6.901455301455301,6.878526878526879,6.878526878526879
2020-06-18,2020-06-17,300602,28.79566677699669,28.52821476358806,28.7758555167442
2020-06-18,2020-06-17,300613,33.37306418286692,33.35917754428048,33.58830708095677
2020-06-18,2020-06-17,300657,16.115506327081,15.81645569420733,15.77492088408598
2020-06-18,2020-06-17,300659,57.41609989373007,56.61147980871414,57.26709617428268
2020-06-18,2020-06-17,300735,18.01988012909175,18.06930382664822,18.03964960811434
2020-06-18,2020-06-17,300762,12.98693545324094,12.81222331709868,12.79669334944159
2020-06-18,2020-06-17,600507,3.835980515808213,3.821799441812618,3.878523737794995
2020-06-18,2020-06-17,600536,44.41894203796335,44.45437326000906,44.59609814819186
2020-06-18,2020-06-17,600640,19.36280418826724,19.93961088725004,19.95950077342186
2020-06-18,2020-06-17,600789,9.372805688901622,9.114311558564193,9.047294561810043
2020-06-19,2020-06-18,000078,4.46,4.31,4.31
2020-06-19,2020-06-18,000661,350.5948447100778,355.1625520726925,361.408192752186
2020-06-19,2020-06-18,002036,12.075497116084,12.01566806348573,11.98575353718659
2020-06-19,2020-06-18,002201,6.870826819853732,6.891139685544356,6.865748603431076
2020-06-19,2020-06-18,002395,17.89259433407782,17.9514193017515,17.45140707652522
2020-06-19,2020-06-18,002458,11.47709951942331,11.50654685622747,11.46237585102122
2020-06-19,2020-06-18,002463,21.49645857489326,21.47898888080558,21.38290556332332
2020-06-19,2020-06-18,002506,2.59,2.57,2.58
2020-06-19,2020-06-18,002714,46.50163718025433,46.41780396941765,47.01108515380032
2020-06-19,2020-06-18,002796,21.9,21.88,21.77
2020-06-19,2020-06-18,002876,33.45453971256983,33.83612405188782,34.12057783210668
2020-06-19,2020-06-18,002916,119.2408124734295,119.2262380295655,118.2497502906766
2020-06-19,2020-06-18,002947,32.15854666861016,32.3448584733967,33.23125099919933
2020-06-19,2020-06-18,300030,9.211680654990376,9.152186484990439,9.211680654990376
2020-06-19,2020-06-18,300088,10.15728996510392,10.39241241799985,10.1008605764089
2020-06-19,2020-06-18,300144,16.94787745825128,17.22878150452063,17.27559884556553
2020-06-19,2020-06-18,300227,9.765179222897443,9.616470909858394,9.705695897681823
2020-06-19,2020-06-18,300507,5.981176397175166,6.035006984749743,6.035006984749743
2020-06-19,2020-06-18,300552,38.94934238148077,38.75351863898966,38.62623320637045
2020-06-19,2020-06-18,300569,4.52952243603732,4.535121351285821,4.52952243603732
2020-06-19,2020-06-18,300586,6.855598455598456,6.886169686169686,6.886169686169686
2020-06-19,2020-06-18,300602,29.80604104987377,29.9645311318937,29.6178340774751
2020-06-19,2020-06-18,300613,33.64038197565593,33.95283134385087,33.89728478950511
2020-06-19,2020-06-18,300657,15.60047468157635,15.64200949169769,15.45094936513951
2020-06-19,2020-06-18,300659,58.47899309245484,57.90284537725824,58.27038788522848
2020-06-19,2020-06-18,300735,18.19780544029507,18.23734439834025,18.15826648224989
2020-06-19,2020-06-18,300762,12.83163577667004,12.83551826858432,12.81222331709868
2020-06-19,2020-06-18,600507,3.949429107772966,3.850161589803807,3.821799441812618
2020-06-19,2020-06-18,600536,45.32243820012879,45.06851444213458,45.12756647887742
2020-06-19,2020-06-18,600640,19.04456600951811,19.47219856221226,20.24790412291325
2020-06-19,2020-06-18,600789,9.123885415243356,8.740931148076795,8.788800431472614
2020-06-22,2020-06-19,000078,4.29,4.27,4.3
2020-06-22,2020-06-19,000661,361.874285340208,366.3394523334578,372.8461048622436
2020-06-22,2020-06-19,002036,12.21509823881329,12.44444294043999,12.27492729141156
2020-06-22,2020-06-19,002201,6.870826819853732,6.8860614691217,6.92668720050295
2020-06-22,2020-06-19,002395,18.10828588221464,18.01024426942518,17.59846949570942
2020-06-22,2020-06-19,002458,11.46973768522227,11.60961253504205,11.50654685622747
2020-06-22,2020-06-19,002463,21.3567010221918,21.38290556332332,21.53139796306862
2020-06-22,2020-06-19,002506,2.59,2.57,2.6
2020-06-22,2020-06-19,002714,48.32017298455772,48.62326228527495,47.75268663427865
2020-06-22,2020-06-19,002796,21.9,21.85,22.07
2020-06-22,2020-06-19,002876,33.99569568469352,34.33565264154046,34.43972109771809
2020-06-22,2020-06-19,002916,119.1169297005854,120.8804374081311,120.2318746561825
2020-06-22,2020-06-19,002947,32.28840035073411,32.13596341954513,32.33356684886419
2020-06-22,2020-06-19,300030,9.122439399990469,9.162102179990429,9.271174824990315
2020-06-22,2020-06-19,300088,10.27014874249397,10.41122221423152,10.33598302930483
2020-06-22,2020-06-19,300144,17.25687190914757,17.09769294959494,17.03214867213208
2020-06-22,2020-06-19,300227,9.71560978521776,9.735437560289633,9.74535144782557
2020-06-22,2020-06-19,300507,6.011082279161043,6.029025808352568,6.023044631955393
2020-06-22,2020-06-19,300552,39.13537493684732,39.3801546149612,39.25286918234198
2020-06-22,2020-06-19,300569,4.557517012279826,4.57991267327383,4.574313758025329
2020-06-22,2020-06-19,300586,6.855598455598456,6.847955647955649,6.855598455598456
2020-06-22,2020-06-19,300602,30.18245499467111,30.68764213110965,30.41028448757477
2020-06-22,2020-06-19,300613,34.19237585946701,35.02904583430014,34.9804425992476
2020-06-22,2020-06-19,300657,15.94936708659563,17.02927214975054,17.38647151679409
2020-06-22,2020-06-19,300659,58.62799681190224,58.76706695005313,58.83660201912858
2020-06-22,2020-06-19,300735,18.29665283540802,18.44492392807745,18.57342554172429
2020-06-22,2020-06-19,300762,12.83551826858432,12.87046069581277,12.97140548558384
2020-06-22,2020-06-19,600507,3.828889978810416,3.779256219825836,3.765075145830242
2020-06-22,2020-06-19,600536,45.57045675444871,45.94248458592859,46.14916671452853
2020-06-22,2020-06-19,600640,20.95399508201288,21.36173774853521,21.89876467517436
2020-06-22,2020-06-19,600789,8.798374288151777,8.788800431472614,8.817522001510108
2020-06-23,2020-06-22,000078,4.3,4.25,4.26
2020-06-23,2020-06-22,000518,4.25,4.21,4.19
2020-06-23,2020-06-22,000661,372.8554267140041,376.5748455664189,378.4671814737878
2020-06-23,2020-06-22,002201,6.92668720050295,6.957156499038885,6.906374334812324
2020-06-23,2020-06-22,002463,21.47898888080558,21.1645343872273,21.03351168156967
2020-06-23,2020-06-22,002506,2.61,2.6,2.6
2020-06-23,2020-06-22,002627,5.256640818977043,5.344251499293327,5.266375339012185
2020-06-23,2020-06-22,002676,3.272743362723726,3.292699114935457,3.292699114935457
2020-06-23,2020-06-22,002796,22.07,21.86,21.66
2020-06-23,2020-06-22,002811,8.695512765008708,8.712991182626816,8.695512765008708
2020-06-23,2020-06-22,002931,11.66511500278265,11.58804817693844,11.53199957632447
2020-06-23,2020-06-22,300227,9.626384797394332,9.735437560289633,9.735437560289633
2020-06-23,2020-06-22,300265,10.79648245830105,10.74762959649878,10.77694131358014
2020-06-23,2020-06-22,300348,18.02151382307151,18.09082733777563,18.03141575374353
2020-06-23,2020-06-22,300385,6.49,6.49,6.44
2020-06-23,2020-06-22,300393,5.019643986940427,4.519762428074991,4.526705227503677
2020-06-23,2020-06-22,300416,15.98937852163377,15.86079789965279,16.03475991762705
2020-06-23,2020-06-22,300473,24.76554381513411,24.74567574949823,24.60659929004701
2020-06-23,2020-06-22,300533,14.61399833235393,14.60981333855887,14.73117815861565
2020-06-23,2020-06-22,300543,10.1780884017807,10.20034369711987,10.08906722042402
2020-06-23,2020-06-22,300552,39.17453968534554,39.63472548019963,38.97871594285444
2020-06-23,2020-06-22,300559,20.27458390350673,20.3031530682369,20.05555364057547
2020-06-23,2020-06-22,300568,7.714294818219796,7.690212732418902,7.706267456286165
2020-06-23,2020-06-22,300569,4.607907249516335,4.613506164764836,4.58551158852233
2020-06-23,2020-06-22,300613,34.85546285196961,34.97697093960098,34.87629280984928
2020-06-23,2020-06-22,300628,40.13893850868084,39.86482500652626,39.65923987991032
2020-06-23,2020-06-22,300659,60.01869819341127,61.04185706695006,61.37959883103082
2020-06-23,2020-06-22,300664,8.527136708861475,8.340547284159911,8.396524111570379
2020-06-23,2020-06-22,300735,18.31642231443061,18.31642231443061,18.14838174273859
2020-06-23,2020-06-22,300756,10.35290585605306,10.44345605304478,10.76541230901533
2020-06-23,2020-06-22,300762,12.84328325241286,12.80834082518441,12.61421622947079
2020-06-23,2020-06-22,600507,3.779256219825836,3.772165682828039,3.736712997839053
2020-06-23,2020-06-22,600588,39.686266489718,39.74576613962762,39.27968554866892
2020-06-23,2020-06-22,600789,8.989851421735061,8.836669714868435,8.894112854943419
2020-06-24,2020-06-23,000078,4.18,4.2,4.13
2020-06-24,2020-06-23,000518,4.18,4.17,4.14
2020-06-24,2020-06-23,000661,395.1346524214512,395.9829409316511,390.3059332095442
2020-06-24,2020-06-23,002201,6.855592170585764,6.850513954163107,6.835279304895139
2020-06-24,2020-06-23,002463,21.06845106974504,21.22567831653418,21.3567010221918
2020-06-24,2020-06-23,002506,2.62,2.65,2.62
2020-06-24,2020-06-23,002627,5.237171778906757,5.188499178731043,5.13982657855533
2020-06-24,2020-06-23,002676,3.292699114935457,3.302676991041322,3.272743362723726
2020-06-24,2020-06-23,002796,21.74,21.87,21.75
2020-06-24,2020-06-23,002811,8.660555929772492,8.660555929772492,8.625599094536275
2020-06-24,2020-06-23,002931,11.39187807478954,11.3848719997128,11.30079909879184
2020-06-24,2020-06-23,300227,10.18156249940678,9.943629198544299,9.913887535936489
2020-06-24,2020-06-23,300265,10.48382414276653,10.55221814928971,10.48382414276653
2020-06-24,2020-06-23,300348,18.39778718860817,18.69484510876869,18.75425669280079
2020-06-24,2020-06-23,300385,6.41,6.48,6.44
2020-06-24,2020-06-23,300393,4.58224762293317,4.575304823504483,4.540590826361051
2020-06-24,2020-06-23,300416,16.84406147950729,16.90457000749833,16.76842581951848
2020-06-24,2020-06-23,300473,24.42778669932402,24.50725896186757,24.66620348695468
2020-06-24,2020-06-23,300533,15.03249771186006,15.00320275529463,15.31707728992422
2020-06-24,2020-06-23,300543,10.0519750615254,10.06681192508485,10.21518056067932
2020-06-24,2020-06-23,300552,38.96892475572988,39.26266036946654,40.56488825703239
2020-06-24,2020-06-23,300559,20.18887640931624,20.29363001332684,20.31267612314695
2020-06-24,2020-06-23,300568,7.686199051452085,7.754431627887953,7.746404265954323
2020-06-24,2020-06-23,300569,4.540720266534322,4.551918097031325,4.568714842776828
2020-06-24,2020-06-23,300613,36.51491616304944,36.97317523640203,37.23702136954443
2020-06-24,2020-06-23,300628,41.10456561854357,42.11380169465815,41.96428523893747
2020-06-24,2020-06-23,300659,61.20079436769394,62.45242561105207,62.48222635494155
2020-06-24,2020-06-23,300664,8.303229399219598,8.359206226630068,8.583113536271943
2020-06-24,2020-06-23,300735,18.03964960811434,18.02976486860304,17.95068695251268
2020-06-24,2020-06-23,300756,10.49879228453972,10.39315038804938,10.41830322054708
2020-06-24,2020-06-23,300762,12.73069098689896,12.6413936728707,12.65304114861352
2020-06-24,2020-06-23,600507,3.743803534836851,3.729622460841256,3.743803534836851
2020-06-24,2020-06-23,600588,42.20508500255868,42.42325038556062,42.1951683942404
2020-06-24,2020-06-23,600789,8.788800431472614,8.798374288151777,8.712209578039301
2020-06-29,2020-06-24,000078,4.11,4.17,4.22
2020-06-29,2020-06-24,000518,4.14,4.2,4.19
2020-06-29,2020-06-24,000661,389.280529515896,395.3304113084204,398.6117031280946
2020-06-29,2020-06-24,002201,6.799731789936547,6.830201088472482,6.804810006359203
2020-06-29,2020-06-24,002463,21.8021782214277,21.54013281011247,21.63621612759472
2020-06-29,2020-06-24,002506,2.57,2.56,2.56
2020-06-29,2020-06-24,002627,5.10088849841476,5.071684938309332,5.120357538485044
2020-06-29,2020-06-24,002676,3.242809734406132,3.202898229982671,3.212876106088537
2020-06-29,2020-06-24,002796,21.68,21.24,21.26
2020-06-29,2020-06-24,002811,8.599381468109113,8.581903050491006,8.6780343473906
2020-06-29,2020-06-24,002931,11.2797808735616,11.21672619787089,11.23073834802438
2020-06-29,2020-06-24,300227,9.834576435648998,9.71560978521776,9.913887535936489
2020-06-29,2020-06-24,300265,10.26887155083656,10.02460724182522,10.14185411015067
2020-06-29,2020-06-24,300348,18.44729684196825,18.51661035667237,18.92258951422508
2020-06-29,2020-06-24,300385,6.48,6.38,6.41
2020-06-29,2020-06-24,300393,4.464220032645497,4.616961620076603,4.616961620076603
2020-06-29,2020-06-24,300416,16.65497232953527,16.67766302753191,16.88187930950169
2020-06-29,2020-06-24,300473,24.55692912595729,24.39798460087019,24.4675228305958
2020-06-29,2020-06-24,300533,15.1036426063761,14.90276290421316,14.96553781113908
2020-06-29,2020-06-24,300543,10.14099624288209,9.866514267032315,9.970372311948443
2020-06-29,2020-06-24,300552,41.36776560124591,40.93695336776549,41.73983071197902
2020-06-29,2020-06-24,300559,20.16030724458608,19.94127698165481,20.12221502494585
2020-06-29,2020-06-24,300568,7.662116965651192,7.67415800855164,7.613952794049403
2020-06-29,2020-06-24,300569,4.551918097031325,4.518324605540318,4.535121351285821
2020-06-29,2020-06-24,300613,38.71594837900051,38.46946054409116,38.90341799991748
2020-06-29,2020-06-24,300628,41.74001055535646,41.61541350892255,41.48458661016696
2020-06-29,2020-06-24,300659,61.89614505844846,61.19086078639745,61.67760626992561
2020-06-29,2020-06-24,300664,8.517807237626396,8.564454593801786,8.48981882392116
2020-06-29,2020-06-24,300735,17.96057169202398,17.63437528815122,17.96057169202398
2020-06-29,2020-06-24,300756,10.66480097902454,10.5340062500365,10.6094647475296
2020-06-29,2020-06-24,300762,12.46279904481417,12.49774147204262,12.55597885075671
2020-06-29,2020-06-24,600507,3.708350849847866,3.679988701856677,3.687079238854474
2020-06-29,2020-06-24,600588,43.33557835084149,42.90916419315587,42.76041506838181
2020-06-29,2020-06-24,600789,8.56860172785184,8.664340294643482,8.702635721360137
2020-06-30,2020-06-29,000078,4.2,4.15,4.18
2020-06-30,2020-06-29,000518,4.16,4.13,4.12
2020-06-30,2020-06-29,000661,395.2465146425764,394.0160302101986,394.3143294665326
2020-06-30,2020-06-29,002201,6.718480327174048,6.764184274977953,6.799731789936547
2020-06-30,2020-06-29,002463,21.41784495149869,21.55760250420015,21.47898888080558
2020-06-30,2020-06-29,002506,2.62,2.65,2.64
2020-06-30,2020-06-29,002627,5.334516979258184,5.373455059398754,5.451331219679895
2020-06-30,2020-06-29,002676,3.143030973347481,3.172964601665076,3.182942477770941
2020-06-30,2020-06-29,002796,20.98,21.26,21.21
2020-06-30,2020-06-29,002811,8.608120676918167,8.651816720963438,8.651816720963438
2020-06-30,2020-06-29,002931,11.0065439455685,11.01355002064524,11.11163507171969
2020-06-30,2020-06-29,300227,10.32035692490989,10.21130416201459,10.24104582462239
2020-06-30,2020-06-29,300265,10.19070697195293,10.21024811667384,10.24933040611565
2020-06-30,2020-06-29,300348,18.31857174323203,18.39778718860817,18.45719877264027
2020-06-30,2020-06-29,300385,6.36,6.38,6.34
2020-06-30,2020-06-29,300393,4.630847218933976,4.62390441950529,4.58224762293317
2020-06-30,2020-06-29,300416,16.86675217750393,16.9953327994849,17.0709684594737
2020-06-30,2020-06-29,300473,24.08009555069598,24.26884217423692,24.2191720101472
2020-06-30,2020-06-29,300533,14.23316389700335,14.39219366121568,14.49681850609222
2020-06-30,2020-06-29,300543,9.807166812794526,10.0519750615254,10.44515194585075
2020-06-30,2020-06-29,300552,42.00419276434201,41.44609509824235,41.91607208022101
2020-06-30,2020-06-29,300559,19.85556948746432,20.18887640931624,20.19839946422629
2020-06-30,2020-06-29,300568,7.493542365044933,7.549733898580351,7.565788622447616
2020-06-30,2020-06-29,300569,4.546319181782823,4.568714842776828,4.602308334267834
2020-06-30,2020-06-29,300613,38.46946054409116,38.55278037560981,38.69164676147424
2020-06-30,2020-06-29,300628,42.46267342467307,42.6744884036107,42.36299578752595
2020-06-30,2020-06-29,300659,60.70411530286929,59.9690302869288,59.46241764080765
2020-06-30,2020-06-29,300664,8.564454593801786,8.54579565133163,8.601772478742101
2020-06-30,2020-06-29,300735,17.77276164130936,17.98034117104656,17.97045643153527
2020-06-30,2020-06-29,300756,10.54406738303558,10.58934248153144,10.70504551102086
2020-06-30,2020-06-29,300762,12.29196940058619,12.44726907715708,12.38126671461445
2020-06-30,2020-06-29,600507,3.658717090863286,3.687079238854474,3.701260312850068
2020-06-30,2020-06-29,600588,42.42325038556062,42.70091541847219,43.04799670961165
2020-06-30,2020-06-29,600789,8.68348800800181,8.654766437964316,8.731357291397629
2020-07-01,2020-06-30,000078,4.19,4.16,4.15
2020-07-01,2020-06-30,000518,4.16,4.15,4.14
2020-07-01,2020-06-30,000661,405.7802071318715,409.5742007983698,409.2292922832336
2020-07-01,2020-06-30,002201,6.814966439204515,6.809888222781859,6.825122872049826
2020-07-01,2020-06-30,002463,21.81964791551539,21.72356459803313,21.85458730369075
2020-07-01,2020-06-30,002506,2.61,2.62,2.61
2020-07-01,2020-06-30,002627,5.53894189999618,5.597349020207036,5.568145460101608
2020-07-01,2020-06-30,002676,3.153008849453347,3.153008849453347,3.153008849453347
2020-07-01,2020-06-30,002796,21.15,21.2,21.19
2020-07-01,2020-06-30,002811,8.599381468109113,8.625599094536275,8.739208809053977
2020-07-01,2020-06-30,002931,11.32882339909883,11.31481124894533,11.33582947417557
2020-07-01,2020-06-30,300227,10.39966802519738,10.2707874872302,10.28070137476614
2020-07-01,2020-06-30,300265,10.22001868903429,10.22978926139475,10.19070697195293
2020-07-01,2020-06-30,300348,18.8136682768329,18.40768911928019,18.26906208987194
2020-07-01,2020-06-30,300385,6.37,6.37,6.38
2020-07-01,2020-06-30,300393,4.637790018362662,4.589190422361857,4.589190422361857
2020-07-01,2020-06-30,300416,17.10122272346923,17.0709684594737,17.02558706348042
2020-07-01,2020-06-30,300473,24.26884217423692,24.28871023987281,24.36818250241636
2020-07-01,2020-06-30,300533,15.14130755053165,15.1245675753514,15.00738774908969
2020-07-01,2020-06-30,300543,10.46740724118992,10.4599888094102,10.38580449161296
2020-07-01,2020-06-30,300552,41.69087477635624,42.35667550082599,42.05314869996479
2020-07-01,2020-06-30,300559,20.20792251913635,20.77930581373964,20.86501330793013
2020-07-01,2020-06-30,300568,7.473473960210854,7.65408960371756,7.597898070182141
2020-07-01,2020-06-30,300569,4.568714842776828,4.58551158852233,4.591110503770831
2020-07-01,2020-06-30,300613,39.33390379609718,39.69148473969807,40.25736526209558
2020-07-01,2020-06-30,300628,42.52497194789002,42.52497194789002,42.64333914200223
2020-07-01,2020-06-30,300659,59.62135494155154,60.32663921360255,60.57497874601488
2020-07-01,2020-06-30,300664,8.611101949977179,8.461830410215928,8.424512525275613
2020-07-01,2020-06-30,300735,18.23734439834025,18.93916090364223,19.17639465191332
2020-07-01,2020-06-30,300756,10.86602363900613,10.88111533850475,10.91632930400153
2020-07-01,2020-06-30,300762,12.38514920652872,12.45115156907135,12.39679668227154
2020-07-01,2020-06-30,600507,3.679988701856677,3.67289816485888,3.658717090863286
2020-07-01,2020-06-30,600588,43.73224268357231,43.10749635952127,43.45457765066074
2020-07-01,2020-06-30,600789,8.77922657479345,8.807948144830942,8.769652718114287
2020-07-02,2020-07-01,000017,2.32,2.31,2.34
2020-07-02,2020-07-01,000661,398.8633931256264,389.6720472898344,394.2117890971678
2020-07-02,2020-07-01,002201,7.287240566511533,7.22630196943966,7.292318782934189
2020-07-02,2020-07-01,002796,21.06,21.08,21.02
2020-07-02,2020-07-01,002817,6.481807338544382,6.448736892939563,6.486531687916498
2020-07-02,2020-07-01,002840,11.86649545543152,11.9858566838181,12.01569699091474
2020-07-02,2020-07-01,002860,11.22729274228134,11.22729274228134,11.20620202329146
2020-07-02,2020-07-01,002916,123.1467634289853,122.7459662227249,122.7386790007929
2020-07-02,2020-07-01,300144,16.51715792063826,16.43288670675745,16.57333872989213
2020-07-02,2020-07-01,300227,10.42940968780519,10.31044303737395,10.26087359969427
2020-07-02,2020-07-01,300229,11.44367423868854,11.35442547946133,11.48334035390063
2020-07-02,2020-07-01,300235,10.80888900113292,10.69133008752543,10.86113740718069
2020-07-02,2020-07-01,300328,11.68904104459734,11.74893365456112,11.778879959543
2020-07-02,2020-07-01,300348,18.05121961508756,17.89278872433528,18.03141575374353
2020-07-02,2020-07-01,300393,4.62390441950529,4.66556121607741,4.741932009792962
2020-07-02,2020-07-01,300416,17.06340489347483,17.17685838345804,17.32056613743677
2020-07-02,2020-07-01,300417,17.51054373482342,17.54993753400188,17.58933133318033
2020-07-02,2020-07-01,300468,12.92389651136557,12.8284135732112,12.76663049558189
2020-07-02,2020-07-01,300486,12.18497292738065,12.21147640302476,12.21810227193579
2020-07-02,2020-07-01,300529,59.50908129997807,58.24442549903402,59.19291734974206
2020-07-02,2020-07-01,300543,10.25969115135766,10.37838605983324,10.23743585601849
2020-07-02,2020-07-01,300552,41.90628089309645,41.26985373000036,41.71045715060535
2020-07-02,2020-07-01,300602,32.27254295130898,32.02490219815284,32.42112740320268
2020-07-02,2020-07-01,300613,39.97616083072013,40.50038143735831,40.47607981983204
2020-07-02,2020-07-01,300638,17.51958115726991,17.83890054744798,18.70474735543083
2020-07-02,2020-07-01,300664,8.377865169100223,8.275240985514362,8.209934686868817
2020-07-02,2020-07-01,300735,18.86008298755186,19.32466574458276,19.83867219917012
2020-07-02,2020-07-01,300758,9.754262814123242,10.01139524360729,9.994625737336595
2020-07-02,2020-07-01,300762,13.6236641271816,13.74790386843831,13.81778872289521
2020-07-02,2020-07-01,600052,3.317570308051113,3.404874789841932,3.395174291865174
2020-07-02,2020-07-01,600136,8.17,8.34,8.279999999999999
2020-07-02,2020-07-01,603368,20.49366935726269,20.86786374467768,20.78954398917221
2020-07-03,2020-07-02,000017,2.35,2.36,2.36
2020-07-03,2020-07-02,000661,382.279818843807,372.9113578245667,376.6028111217002
2020-07-03,2020-07-02,002201,7.327866297892783,7.304990544923579,7.310074045650737
2020-07-03,2020-07-02,002796,21.31,21.5,21.37
2020-07-03,2020-07-02,002817,6.571569976614603,6.571569976614603,6.533775181637667
2020-07-03,2020-07-02,002840,12.38372744510666,12.40362098317109,12.28425975478452
2020-07-03,2020-07-02,002860,11.26244394059781,11.29759513891428,11.29056489925099
2020-07-03,2020-07-02,002916,121.4124046091676,121.842350703156,122.3524562383965
2020-07-03,2020-07-02,300144,16.57333872989213,17.06023907675902,17.13514682243085
2020-07-03,2020-07-02,300227,10.20139027447865,10.11216528665522,10.18156249940678
2020-07-03,2020-07-02,300229,11.80066927559737,11.71142051637016,11.86016844841551
2020-07-03,2020-07-02,300235,10.97216527003221,10.88726161020458,10.84807530566875
2020-07-03,2020-07-02,300328,11.73895155290049,11.69902314625797,11.95855778943434
2020-07-03,2020-07-02,300348,18.66513931675264,18.44729684196825,18.75425669280079
2020-07-03,2020-07-02,300393,4.804417204651142,4.741932009792962,4.755817608650335
2020-07-03,2020-07-02,300416,17.4642738914155,17.47183745741438,17.37351109942893
2020-07-03,2020-07-02,300417,17.53024063441265,17.33327163852037,17.4219076866719
2020-07-03,2020-07-02,300468,12.96882965873233,13.05307931004502,13.01937944951994
2020-07-03,2020-07-02,300486,12.35061965015635,12.31086443669018,12.38374899471149
2020-07-03,2020-07-02,300529,57.787744237582,57.00611669394298,57.24323965661999
2020-07-03,2020-07-02,300543,10.40805978695213,10.37838605983324,10.40064135517241
2020-07-03,2020-07-02,300552,41.30901847849858,40.97611811626371,41.40693034974414
2020-07-03,2020-07-02,300602,32.4904668140864,32.14376975966779,31.77726144499669
2020-07-03,2020-07-02,300613,42.79167680412126,41.13916681233465,41.38218298759739
2020-07-03,2020-07-02,300638,18.02619365130242,17.87267471371681,18.07839009008153
2020-07-03,2020-07-02,300664,8.219264158103893,8.247252571809128,8.219264158103893
2020-07-03,2020-07-02,300735,20.74806823420931,20.44164130935915,20.3230244352236
2020-07-03,2020-07-02,300758,10.73248401324735,10.38591421698624,10.55919911511679
2020-07-03,2020-07-02,300762,14.07791568115146,14.0157958105231,14.13227056795127
2020-07-03,2020-07-02,600052,3.395174291865174,3.424275785795447,3.433976283772205
2020-07-03,2020-07-02,600136,8.42,8.43,8.449999999999999
2020-07-03,2020-07-02,603368,21.00709886557628,20.78954398917221,20.86786374467768
2020-07-06,2020-07-03,000017,2.36,2.37,2.38
2020-07-06,2020-07-03,000661,382.1493129191609,379.1849640593416,376.5095926040958
2020-07-06,2020-07-03,002201,7.34565855074083,7.310074045650737,7.416827560921018
2020-07-06,2020-07-03,002796,21.35,21.76,22.05
2020-07-06,2020-07-03,002817,6.647159566568473,6.661332614684824,6.689678710917525
2020-07-06,2020-07-03,002840,12.22457914059123,12.33399359994559,12.4135677522033
2020-07-06,2020-07-03,002860,11.51553256847641,11.62801640308913,11.52256280813971
2020-07-06,2020-07-03,002916,123.1686250947813,125.2090472357432,124.6916544785707
2020-07-06,2020-07-03,300144,17.60332023287978,17.25687190914757,17.22878150452063
2020-07-06,2020-07-03,300227,10.18156249940678,10.34018469998176,10.19147638694271
2020-07-06,2020-07-03,300229,11.73125357397621,11.88000150602155,11.97916679405178
2020-07-06,2020-07-03,300235,11.08972418363969,11.14850364044344,11.10278628515164
2020-07-06,2020-07-03,300328,11.79884416286427,11.96853989109497,11.88868307780993
2020-07-06,2020-07-03,300348,19.17013778102552,19.42758797849797,20.17023277889927
2020-07-06,2020-07-03,300393,4.846074001223262,4.825245602937202,4.839131201794575
2020-07-06,2020-07-03,300416,17.50965528740878,17.68361730538304,17.78194366336849
2020-07-06,2020-07-03,300417,18.74159995915015,18.50523716407942,18.38705576654406
2020-07-06,2020-07-03,300468,13.27774504687884,13.46871092318758,13.40131120213744
2020-07-06,2020-07-03,300486,12.5493957174872,12.67528722679673,12.60902853768645
2020-07-06,2020-07-03,300529,58.44641913390703,57.81409123343501,57.717485581974
2020-07-06,2020-07-03,300543,10.48224410474937,10.5861021496655,10.54159155898716
2020-07-06,2020-07-03,300552,41.33839203987225,43.30642065190785,43.35537658753063
2020-07-06,2020-07-03,300602,31.8862233763854,32.53999496471763,32.37159925257144
2020-07-06,2020-07-03,300613,40.96211217035751,40.86143404060581,40.42400492513288
2020-07-06,2020-07-03,300638,17.80819675993085,18.1459384226192,17.97399721252332
2020-07-06,2020-07-03,300664,8.237923100574051,8.321888341689753,8.284570456749442
2020-07-06,2020-07-03,300735,20.60968188105118,20.95564776394652,20.59979714153988
2020-07-06,2020-07-03,300758,11.28587772018042,11.01197578442567,11.09023348035559
2020-07-06,2020-07-03,300762,14.32639516366489,14.30698270409353,14.4506349049216
2020-07-06,2020-07-03,600052,3.463077777702478,3.511580267586266,3.540681761516539
2020-07-06,2020-07-03,600136,8.470000000000001,8.56,8.550000000000001
2020-07-06,2020-07-03,603368,20.88526813479,20.99839667052011,21.0941208161379
2020-07-07,2020-07-06,000017,2.42,2.4,2.39
2020-07-07,2020-07-06,000661,379.5951255368008,370.1707334069979,377.3858466695769
2020-07-07,2020-07-06,002201,7.538831578372769,7.625251090734426,7.477829569646894
2020-07-07,2020-07-06,002796,22.67,23.2,22.95
2020-07-07,2020-07-06,002817,6.779441348987746,6.751095252755044,6.699127409661759
2020-07-07,2020-07-06,002840,12.84127882058852,12.88106589671737,12.71197082316973
2020-07-07,2020-07-06,002860,11.72643975837525,11.71237927904866,11.64910712207901
2020-07-07,2020-07-06,002916,128.2405315594581,132.1391952930818,130.5141448022443
2020-07-07,2020-07-06,300144,17.35987005944633,17.57522982825284,17.35987005944633
2020-07-07,2020-07-06,300227,10.63760132605985,10.65742910113173,10.65742910113173
2020-07-07,2020-07-06,300229,12.47499323420293,12.81215521350572,12.98073620315711
2020-07-07,2020-07-06,300235,11.55342878731368,11.52077353353382,11.37055936614647
2020-07-07,2020-07-06,300328,12.21809243261071,12.19812822928945,12.42771656748393
2020-07-07,2020-07-06,300348,20.92277950997258,21.01189688602074,21.160425846101
2020-07-07,2020-07-06,300393,4.936330393796188,4.943273193224875,4.922444794938814
2020-07-07,2020-07-06,300416,18.07692273732484,18.33408398128678,18.78789794121962
2020-07-07,2020-07-06,300417,19.10599260155086,19.07644725216702,18.79084220812322
2020-07-07,2020-07-06,300468,13.93489232711776,14.03599190869298,13.99667540474707
2020-07-07,2020-07-06,300486,12.8806891630386,12.94032198323785,12.86743742521655
2020-07-07,2020-07-06,300529,58.84162407170204,57.12906934125698,58.42007213805402
2020-07-07,2020-07-06,300543,10.82349196661665,10.90509471619361,10.79381823949776
2020-07-07,2020-07-06,300552,44.51073666822815,45.53881131630645,44.83384584333847
2020-07-07,2020-07-06,300602,33.23338907355483,33.5701804978472,33.98621696314952
2020-07-07,2020-07-06,300613,42.63198046037718,43.05899459691027,42.8055634427077
2020-07-07,2020-07-06,300638,18.33016114772193,18.21655713390858,18.76001417296164
2020-07-07,2020-07-06,300664,8.443171467745771,8.48981882392116,8.480489352686083
2020-07-07,2020-07-06,300735,21.10391885661595,21.35103734439834,21.08414937759336
2020-07-07,2020-07-06,300758,11.93988846473768,11.49829146627594,11.52624064339377
2020-07-07,2020-07-06,300762,14.75346927423484,14.76123425806339,14.75346927423484
2020-07-07,2020-07-06,600052,3.6182857453306,3.666788235214388,3.598884749377085
2020-07-07,2020-07-06,600136,8.789999999999999,8.960000000000001,8.91
2020-07-07,2020-07-06,603368,21.50312398377754,21.581443739283,21.41610203321591
2020-07-08,2020-07-07,000017,2.4,2.4,2.4
2020-07-08,2020-07-07,000661,417.5537059053049,426.9408106280661,416.9757510961577
2020-07-08,2020-07-07,002201,7.726921105277551,7.640501592915895,7.64558509364305
2020-07-08,2020-07-07,002796,23.24,23.53,23.9
2020-07-08,2020-07-07,002817,6.741646554010811,6.732197855266577,6.722749156522343
2020-07-08,2020-07-07,002840,12.72191759220194,12.77165143736302,12.79154497542744
2020-07-08,2020-07-07,002860,11.57177448578277,11.39601849420041,11.38898825453711
2020-07-08,2020-07-07,002916,131.6582386455694,132.7148858257104,133.9974368857436
2020-07-08,2020-07-07,300144,17.42541433690918,17.40668740049123,17.28496231377451
2020-07-08,2020-07-07,300227,11.23243457821604,11.24234846575198,11.26217624082385
2020-07-08,2020-07-07,300229,12.94107008794501,13.18898330802059,13.17906677921757
2020-07-08,2020-07-07,300235,11.90610552813614,11.938760781916,11.9844781372078
2020-07-08,2020-07-07,300328,12.45766287246582,12.53751968575086,12.53751968575086
2020-07-08,2020-07-07,300348,20.90297564862855,21.33866059819731,21.33866059819731
2020-07-08,2020-07-07,300393,4.915501995510128,4.894673597224068,4.853016800651949
2020-07-08,2020-07-07,300416,18.8332793372129,19.00724135518716,18.82571577121402
2020-07-08,2020-07-07,300417,18.94841740483704,19.00750810360472,18.88932670606936
2020-07-08,2020-07-07,300468,14.16517470737243,14.28312421921019,14.31120743631442
2020-07-08,2020-07-07,300486,13.12584631274664,13.15234978839075,13.21860847750103
2020-07-08,2020-07-07,300529,59.86915690996908,62.09108689357216,61.30067701798212
2020-07-08,2020-07-07,300543,10.97927903399085,10.97927903399085,10.97927903399085
2020-07-08,2020-07-07,300552,47.26206025022817,49.15175936526734,48.63282644766591
2020-07-08,2020-07-07,300602,33.97631133302327,33.88716066188706,34.08527326441197
2020-07-08,2020-07-07,300613,42.59726386391107,42.90971323210601,42.18066470631781
2020-07-08,2020-07-07,300638,19.03634826061574,19.03020750311232,18.83063288425102
2020-07-08,2020-07-07,300664,8.676408248622726,8.667078777387646,8.639090363682412
2020-07-08,2020-07-07,300735,21.62781005071461,21.84527431996312,21.48942369755648
2020-07-08,2020-07-07,300758,11.42562360576958,11.6380373518651,11.51506097254664
2020-07-08,2020-07-07,300762,14.67193694403512,14.8582965559202,14.90876895080574
2020-07-08,2020-07-07,600052,3.57948375342357,3.569783255446812,3.550382259493297
2020-07-08,2020-07-07,600136,8.92,9.029999999999999,8.949999999999999
2020-07-08,2020-07-07,603368,21.59884812939532,21.74678544535009,21.6510612997323
2020-07-09,2020-07-08,000661,413.4241255754308,410.2919833839235,416.17407184476
2020-07-09,2020-07-08,000708,16.04275302326108,16.01658213741563,15.89445133680353
2020-07-09,2020-07-08,002100,15.52026649425662,15.52942299366326,15.78580497704921
2020-07-09,2020-07-08,002201,7.732004606004708,7.772672611821958,7.777756112549114
2020-07-09,2020-07-08,002238,7.308938547486034,7.328826815642459,7.388491620111732
2020-07-09,2020-07-08,002458,12.14702643171806,12.35315778934722,12.68444032839407
2020-07-09,2020-07-08,002592,6.21809906291834,6.208165997322625,6.267764390896922
2020-07-09,2020-07-08,002638,1.68,1.61,1.61
2020-07-09,2020-07-08,002859,30.50191178138956,30.28523691565157,30.5314583539902
2020-07-09,2020-07-08,002860,11.35383705622064,11.4030487338637,11.87407479130444
2020-07-09,2020-07-08,002869,49.18330844545041,53.34380124271364,53.09626620214421
2020-07-09,2020-07-08,002931,12.16955240830839,12.17655848338513,12.26063138430609
2020-07-09,2020-07-08,300220,35.58,35.89,36.01
2020-07-09,2020-07-08,300227,11.79752616776442,12.30313443209718,12.4419288576003
2020-07-09,2020-07-08,300393,4.859959600080635,4.873845198938008,4.908559196081441
2020-07-09,2020-07-08,300417,19.04690190278318,19.35220384641621,19.23402244888084
2020-07-09,2020-07-08,300529,59.58812228753707,60.07993287679309,60.72104310921611
2020-07-09,2020-07-08,300548,47.60642412366854,48.74809610156276,49.45515431514497
2020-07-09,2020-07-08,300552,47.92786097469794,48.56428813779402,48.53491457642036
2020-07-09,2020-07-08,300559,21.66494992037473,21.76018046947529,22.08396433641715
2020-07-09,2020-07-08,300586,7.237738837738839,7.382952182952184,7.275952875952876
2020-07-09,2020-07-08,300587,3.93053359225523,3.91677844407586,3.947727527479444
2020-07-09,2020-07-08,300602,34.31310275731563,34.65979981173424,34.53102662009304
2020-07-09,2020-07-08,300613,42.8368083795272,42.76390352694838,43.15967272666197
2020-07-09,2020-07-08,300638,19.17144492569108,19.06705204813287,19.46620128585545
2020-07-09,2020-07-08,300667,21.29022507019292,21.39819762702654,21.89879766325514
2020-07-09,2020-07-08,300709,73.14261153879843,72.69170435016022,73.38856091441927
2020-07-09,2020-07-08,300735,21.51907791609036,21.34115260488704,21.53884739511295
2020-07-09,2020-07-08,600052,3.608585247353842,3.6182857453306,3.65708773723763
2020-07-09,2020-07-08,600136,9.140000000000001,9.27,9.220000000000001
2020-07-09,2020-07-08,600734,2.11,2.19,2.16
2020-07-09,2020-07-08,601100,51.59417597255579,50.57749515689033,50.65350867581859
2020-07-10,2020-07-09,000661,423.7527373259962,421.8604014186273,430.85598836745
2020-07-10,2020-07-09,000708,17.0197994281579,16.66213065493674,16.67085428355189
2020-07-10,2020-07-09,002100,15.95062196636875,15.8041179758625,15.75833547882929
2020-07-10,2020-07-09,002201,7.879426127092239,7.793006614730583,7.859092124183615
2020-07-10,2020-07-09,002238,7.577430167597766,7.676871508379889,7.676871508379889
2020-07-10,2020-07-09,002458,12.88320985182219,12.75069683620344,12.78750600720865
2020-07-10,2020-07-09,002592,6.317429718875503,6.347228915662651,6.436626506024098
2020-07-10,2020-07-09,002638,1.64,1.67,1.66
2020-07-10,2020-07-09,002859,31.09284323340228,30.88601722519783,31.10269209093582
2020-07-10,2020-07-09,002860,11.69128856005878,11.49444184948653,11.57177448578277
2020-07-10,2020-07-09,002869,54.10544752138883,58.83717502765845,58.78957213524125
2020-07-10,2020-07-09,002931,12.28865568461307,12.33069213507355,12.31667998492006
2020-07-10,2020-07-09,300220,38,37.39,37.63
2020-07-10,2020-07-09,300227,12.96736489700493,12.83848435903775,12.91779545932525
2020-07-10,2020-07-09,300393,5.047415184655173,5.040472385226487,5.040472385226487
2020-07-10,2020-07-09,300417,20.31735192628837,20.14992827977993,20.1302313801907
2020-07-10,2020-07-09,300529,63.38208969036921,64.53257517595024,65.17368540837326
2020-07-10,2020-07-09,300548,51.2584770984097,51.73201149833174,52.98395861045437
2020-07-10,2020-07-09,300552,52.38285111637057,52.40243349061968,53.26405795758054
2020-07-10,2020-07-09,300559,22.76010123503104,23.28386925508406,24.52186639339119
2020-07-10,2020-07-09,300586,7.535808335808335,7.398237798237798,7.52052272052272
2020-07-10,2020-07-09,300587,3.992431759062399,3.951166314524286,4.00618690724177
2020-07-10,2020-07-09,300602,36.21498374155484,35.99705987877743,36.34375693319603
2020-07-10,2020-07-09,300613,43.98939938220189,43.46170711591709,44.60388313965195
2020-07-10,2020-07-09,300638,19.85306900857119,19.71490196474414,20.50091892518247
2020-07-10,2020-07-09,300667,21.69266823657278,21.75156235848203,21.69266823657278
2020-07-10,2020-07-09,300709,72.8966621631776,70.163891322946,70.12973168744311
2020-07-10,2020-07-09,300735,22.05285384970032,21.77608114338405,21.85515905947441
2020-07-10,2020-07-09,600052,3.705590227121419,3.65708773723763,3.676488733191146
2020-07-10,2020-07-09,600136,9.550000000000001,9.529999999999999,9.529999999999999
2020-07-10,2020-07-09,600734,2.14,2.11,2.12
2020-07-10,2020-07-09,601100,52.92441255380033,53.32348352817368,54.59670997022202
2020-07-13,2020-07-10,000661,424.1442550999346,431.9559668751818,432.5245998325685
2020-07-13,2020-07-10,000708,16.15616019525803,16.01658213741563,15.91189859403383
2020-07-13,2020-07-10,002100,15.45617099841013,15.90483946933555,16.53663792839378
2020-07-13,2020-07-10,002201,7.569332582735707,7.716754103823239,7.711670603096082
2020-07-13,2020-07-10,002238,7.965251396648045,8.154189944134078,8.193966480446928
2020-07-13,2020-07-10,002458,12.48567080496596,12.75805867040448,13.01572286744093
2020-07-13,2020-07-10,002592,6.45649263721553,6.516091030789826,6.50615796519411
2020-07-13,2020-07-10,002638,1.65,1.64,1.64
2020-07-13,2020-07-10,002859,31.30951809914027,31.39815781694218,31.50649524981117
2020-07-13,2020-07-10,002860,11.31868585790417,11.30462537857758,11.32571609756746
2020-07-13,2020-07-10,002869,58.17073453381766,60.36046758500883,58.49443420225461
2020-07-13,2020-07-10,002931,12.02943090677346,12.10649773261767,12.11350380769442
2020-07-13,2020-07-10,300220,38.03,38.94,38.56
2020-07-13,2020-07-10,300227,13.7208203497361,13.77038978741579,14.82126186622505
2020-07-13,2020-07-10,300393,4.901616396652754,5.040472385226487,5.0335295857978
2020-07-13,2020-07-10,300417,19.69689958922769,19.99235308306611,19.8446263361469
2020-07-13,2020-07-10,300529,65.06829742496126,65.9728776159143,65.86748963250228
2020-07-13,2020-07-10,300548,49.11135536725637,48.90377864400288,48.39132360847081
2020-07-13,2020-07-10,300552,54.15505598591507,55.76081067434213,55.82934898421401
2020-07-13,2020-07-10,300559,23.80763727513707,23.40766896891477,23.31243841981422
2020-07-13,2020-07-10,300586,7.444094644094644,7.566379566379567,7.681021681021682
2020-07-13,2020-07-10,300587,4.026819629510826,4.081840222228309,4.030258416555669
2020-07-13,2020-07-10,300602,35.59092904360135,35.67017408461131,35.71970223524254
2020-07-13,2020-07-10,300613,44.40599853979515,45.27044179180118,46.29458138755128
2020-07-13,2020-07-10,300638,20.67286013527836,20.98296838920129,21.06279823674581
2020-07-13,2020-07-10,300667,21.1037270174803,21.08409564351055,21.1429897654198
2020-07-13,2020-07-10,300709,69.99309314543153,70.75143705359579,71.32531893004443
2020-07-13,2020-07-10,300735,21.12368833563854,21.28184416781927,21.20276625172891
2020-07-13,2020-07-10,600052,3.627986243307358,3.627986243307358,3.598884749377085
2020-07-13,2020-07-10,600136,9.359999999999999,9.380000000000001,9.279999999999999
2020-07-13,2020-07-10,600734,2.12,2.13,2.2
2020-07-13,2020-07-10,601100,55.10029953312174,56.61106822182089,56.82960708873964
2020-07-14,2020-07-13,000661,441.2125656732968,442.7972804725713,452.1377759365303
2020-07-14,2020-07-13,000708,16.48765808263374,16.46148719678829,16.67957791216704
2020-07-14,2020-07-13,002100,17.00361939813248,17.31494037795827,17.35156637558483
2020-07-14,2020-07-13,002201,8.199686672903086,8.194603172175929,8.082766156178492
2020-07-14,2020-07-13,002238,8.611620111731844,8.472402234636872,8.402793296089385
2020-07-14,2020-07-13,002458,13.34700540648778,13.19240688826592,13.17032138566279
2020-07-14,2020-07-13,002592,6.476358768406961,6.416760374832664,6.406827309236949
2020-07-14,2020-07-13,002638,1.66,1.68,1.7
2020-07-14,2020-07-13,002859,32.2944038524948,32.11712441689098,31.91029840868653
2020-07-14,2020-07-13,002860,12.08498198120327,11.9232864689475,11.84595383265126
2020-07-14,2020-07-13,002869,58.53251651618837,56.75216833978511,56.78073007523544
2020-07-14,2020-07-13,002931,12.50584401199221,12.60392906306666,12.51285008706896
2020-07-14,2020-07-13,300220,38.65,38.59,38.31
2020-07-14,2020-07-13,300227,15.0790229421594,15.27730069287813,15.29712846795
2020-07-14,2020-07-13,300393,5.234870769229713,5.262641966944459,5.255699167515773
2020-07-14,2020-07-13,300417,20.1302313801907,20.18932207895839,20.20901897854761
2020-07-14,2020-07-13,300529,66.3944295495623,65.95531295201229,65.60401967397227
2020-07-14,2020-07-13,300548,48.39132360847081,48.36537651806413,49.45515431514497
2020-07-14,2020-07-13,300552,55.33978962798626,52.99969590521755,52.68637791723178
2020-07-14,2020-07-13,300559,23.94096004387784,23.63622228675609,23.47433035328515
2020-07-14,2020-07-13,300586,7.91030591030591,7.681021681021682,7.635164835164836
2020-07-14,2020-07-13,300587,4.126544453811265,4.13342202790095,4.178126259483906
2020-07-14,2020-07-13,300602,36.61120894660467,35.37300518082394,35.00649686615284
2020-07-14,2020-07-13,300613,45.3121017075605,44.77746612198247,44.29837709075022
2020-07-14,2020-07-13,300638,21.14876884179375,20.78339377033999,20.44872248640336
2020-07-14,2020-07-13,300667,21.97732315913414,22.04603296802826,21.74174667149715
2020-07-14,2020-07-13,300709,71.81038575418553,71.02471413761896,70.59430273028248
2020-07-14,2020-07-13,300735,21.37080682342093,21.8848132780083,21.67723374827109
2020-07-14,2020-07-13,600052,3.705590227121419,3.715290725098176,3.763793214981964
2020-07-14,2020-07-13,600136,9.52,9.57,9.57
2020-07-14,2020-07-13,600734,2.2,2.17,2.18
2020-07-14,2020-07-13,601100,56.99113581646218,56.72508850021328,57.02914257592631
2020-07-15,2020-07-14,000661,454.0301118438992,459.5672917895995,460.5926954832477
2020-07-15,2020-07-14,000708,16.27829099587013,16.43531631094283,16.15616019525803
2020-07-15,2020-07-14,002100,17.34240987617819,17.30578387855163,17.21421888448522
2020-07-15,2020-07-14,002201,7.976012640908209,8.17935266999446,7.909927131455178
2020-07-15,2020-07-14,002238,8.422681564245812,8.343128491620114,8.104469273743018
2020-07-15,2020-07-14,002458,13.13351221465759,12.78014417300761,12.47094713656388
2020-07-15,2020-07-14,002592,6.297563587684071,6.287630522088354,6.198232931726909
2020-07-15,2020-07-14,002638,1.7,1.7,1.68
2020-07-15,2020-07-14,002859,31.21102952380482,31.47694867721054,30.77767979232883
2020-07-15,2020-07-14,002860,11.81080263433478,11.98655862591715,12.02874006389691
2020-07-15,2020-07-14,002869,56.36182462196408,56.55223619163288,54.43866776830922
2020-07-15,2020-07-14,002931,12.39374681076427,12.41476503599451,12.21158885876886
2020-07-15,2020-07-14,300220,37.33,37.29,37.13
2020-07-15,2020-07-14,300227,15.47557844359686,15.11867849230315,14.77169242854537
2020-07-15,2020-07-14,300393,5.158499975514159,5.207099571514966,5.11684317894204
2020-07-15,2020-07-14,300417,20.52416937197526,20.53401782176987,20.20901897854761
2020-07-15,2020-07-14,300529,65.41959070300126,67.10579843759332,67.65030301855535
2020-07-15,2020-07-14,300548,46.21176801430912,46.15338706089408,44.69386322551795
2020-07-15,2020-07-14,300552,49.93505433523175,51.1295791644275,49.81756008973709
2020-07-15,2020-07-14,300559,23.04579288233268,23.51242257292537,23.02674677251258
2020-07-15,2020-07-14,300586,7.52052272052272,7.421166221166222,7.306524106524107
2020-07-15,2020-07-14,300587,4.174687472439063,4.181565046528749,4.13342202790095
2020-07-15,2020-07-14,300602,32.9461257998937,33.0748989915349,31.71782766423922
2020-07-15,2020-07-14,300613,44.49973335025364,44.66637301329094,43.04857961797044
2020-07-15,2020-07-14,300638,20.01886946116365,19.92061734110886,19.61050908718593
2020-07-15,2020-07-14,300667,21.56506430576941,21.92824472420977,22.50737025631737
2020-07-15,2020-07-14,300709,70.10923590614138,70.48499189667322,69.00246371584758
2020-07-15,2020-07-14,300735,23.50591055786077,22.24066390041494,21.38069156293222
2020-07-15,2020-07-14,600052,3.724991223074934,3.734691721051691,3.666788235214388
2020-07-15,2020-07-14,600136,9.43,9.4,9.220000000000001
2020-07-15,2020-07-14,600734,2.11,2.12,2.08
2020-07-15,2020-07-14,601100,56.77259694954344,56.92462398739995,57.06714933539045
2020-07-16,2020-07-15,000595,1.82,1.83,1.83
2020-07-16,2020-07-15,000708,16.42659268232768,16.80170871277914,16.64468339770644
2020-07-16,2020-07-15,002017,9.313966007137797,9.372682892919595,9.416720557255946
2020-07-16,2020-07-15,002201,8.006513645271147,7.874342626365084,7.874342626365084
2020-07-16,2020-07-15,002458,12.19855927112535,11.98506607929515,12.1175790949139
2020-07-16,2020-07-15,002470,1.68,1.66,1.68
2020-07-16,2020-07-15,002506,2.88,2.84,2.86
2020-07-16,2020-07-15,002796,22.99,22.92,23.1
2020-07-16,2020-07-15,002819,27.18368224978827,26.8370779223775,26.91630176864281
2020-07-16,2020-07-15,002876,36.50027653003523,36.51415232419225,36.8679850751962
2020-07-16,2020-07-15,002916,126.2948433036123,126.9725549432889,127.6502665829655
2020-07-16,2020-07-15,002947,36.12190687952384,36.00334482193241,36.66955066935095
2020-07-16,2020-07-15,300081,9.99,9.57,9.69
2020-07-16,2020-07-15,300088,11.0413503879926,10.94730140683423,11.03194548987676
2020-07-16,2020-07-15,300200,11.74882154882155,11.68,11.7389898989899
2020-07-16,2020-07-15,300385,6.83,6.86,6.95
2020-07-16,2020-07-15,300393,5.193213972657593,5.144614376656786,5.123785978370726
2020-07-16,2020-07-15,300497,19.90812251392204,19.85891805887033,19.85891805887033
2020-07-16,2020-07-15,300548,45.2776727596684,43.96734469413072,44.17492141738421
2020-07-16,2020-07-15,300552,48.84823256440612,49.35737429488299,50.12108689059831
2020-07-16,2020-07-15,300586,7.146025146025146,7.1995247995248,7.230096030096031
2020-07-16,2020-07-15,300587,4.099034157452524,4.04401356473504,4.109350518587052
2020-07-16,2020-07-15,300602,31.30179119893689,31.24235741817942,31.66829951360799
2020-07-16,2020-07-15,300613,40.84060408272615,41.0905635772821,41.52104937346181
2020-07-16,2020-07-15,300659,62.63123007438895,62.74049946865037,63.65438894792774
2020-07-16,2020-07-15,300735,21.15334255417243,20.66899031811895,20.97541724296911
2020-07-16,2020-07-15,300767,49.78322990743419,49.28072728991467,49.70046477043098
2020-07-16,2020-07-15,300773,24.36964220816901,24.50201739864277,24.69112481360528
2020-07-16,2020-07-15,600052,3.560082757470054,3.57948375342357,3.666788235214388
2020-07-16,2020-07-15,600136,8.970000000000001,9.17,9.26
2020-07-16,2020-07-15,600640,20.39707826920191,20.43098033729894,20.64037545056555
2020-07-16,2020-07-15,600789,9.650447532597381,9.43982268565577,9.545135109126576
2020-07-17,2020-07-16,000595,1.78,1.8,1.8
2020-07-17,2020-07-16,000708,16.09509479495198,15.86828045095808,15.62401884973387
2020-07-17,2020-07-16,002017,9.01304196750608,8.99836274606063,8.991023135337905
2020-07-17,2020-07-16,002201,7.493080071828363,7.467662568192581,7.467662568192581
2020-07-17,2020-07-16,002458,11.61697436924309,11.6905927112535,11.75684921906287
2020-07-17,2020-07-16,002470,1.66,1.67,1.68
2020-07-17,2020-07-16,002506,2.77,2.74,2.77
2020-07-17,2020-07-16,002796,21.14,21.29,21.16
2020-07-17,2020-07-16,002819,26.69843619141318,26.73804811454584,26.8370779223775
2020-07-17,2020-07-16,002876,34.06507465547861,34.06507465547861,34.45359689187511
2020-07-17,2020-07-16,002916,118.5339519460249,117.4335814342918,118.4392180609088
2020-07-17,2020-07-16,002947,34.24185139485966,34.28137208072347,34.51285038364009
2020-07-17,2020-07-16,300081,9.210000000000001,9.119999999999999,9.07
2020-07-17,2020-07-16,300088,10.39241241799985,10.2795536406098,10.46765160292654
2020-07-17,2020-07-16,300200,11.33589225589225,11.28673400673401,11.3260606060606
2020-07-17,2020-07-16,300385,7.06,7.29,7.31
2020-07-17,2020-07-16,300393,4.804417204651142,4.797474405222456,4.748874809221649
2020-07-17,2020-07-16,300497,18.41230708035004,18.42214797136038,18.38278440731901
2020-07-17,2020-07-16,300548,40.74990548370156,40.4190800810163,40.84072030012496
2020-07-17,2020-07-16,300552,48.12368471718904,47.73203723220683,47.92786097469794
2020-07-17,2020-07-16,300586,6.93966933966934,7.054311454311454,7.03902583902584
2020-07-17,2020-07-16,300587,4.050891138824725,3.961482675658814,3.975237823838186
2020-07-17,2020-07-16,300602,29.51877777621264,29.47915525570766,29.76641852936879
2020-07-17,2020-07-16,300613,37.8549767866411,38.34795245645979,38.35489577575302
2020-07-17,2020-07-16,300659,61.53853613177471,62.23388682252922,62.25375398512221
2020-07-17,2020-07-16,300735,19.4531673582296,19.59155371138774,19.75959428307976
2020-07-17,2020-07-16,300767,44.98876375674791,48.5299292613855,47.52492402634645
2020-07-17,2020-07-16,300773,23.38628365036395,23.29803352338145,23.2791227818852
2020-07-17,2020-07-16,600052,3.919001182610087,4.307021101680393,4.180914627982543
2020-07-17,2020-07-16,600136,8.720000000000001,8.59,8.51
2020-07-17,2020-07-16,600640,19.05495530726124,19.07489769900092,19.38400477096591
2020-07-17,2020-07-16,600789,9.085589988526701,9.104737701885028,9.085589988526701
2020-07-20,2020-07-17,000595,1.84,1.9,1.87
2020-07-20,2020-07-17,000708,15.39720450573997,15.61529522111872,15.56295344942782
2020-07-20,2020-07-17,002017,8.807532867269785,8.880928974497033,8.961664692447007
2020-07-20,2020-07-17,002201,7.4422450645568,7.559165581281394,7.569332582735707
2020-07-20,2020-07-17,002458,11.72004004805767,11.79365839006808,11.72740188225871
2020-07-20,2020-07-17,002470,1.58,1.54,1.51
2020-07-20,2020-07-17,002506,2.75,2.77,2.8
2020-07-20,2020-07-17,002796,20.56,20.82,20.73
2020-07-20,2020-07-17,002819,26.93610773020914,27.29261503840309,27.18368224978827
2020-07-20,2020-07-17,002876,34.50216217142467,34.78661595164353,34.71029908377994
2020-07-20,2020-07-17,002916,118.5412391679569,119.1825146979735,117.7687936431641
2020-07-20,2020-07-17,002947,34.95322374040827,34.92499467907697,34.70480800069288
2020-07-20,2020-07-17,300081,9,9.029999999999999,9.050000000000001
2020-07-20,2020-07-17,300088,10.44884180669487,10.4582467048107,10.41122221423152
2020-07-20,2020-07-17,300200,10.98195286195286,11.04094276094276,11.08026936026936
2020-07-20,2020-07-17,300385,7.77,8.220000000000001,8.09
2020-07-20,2020-07-17,300393,4.70721801264953,4.728046410935589,4.783588806365082
2020-07-20,2020-07-17,300497,18.69769291964996,18.8945107398568,18.69769291964996
2020-07-20,2020-07-17,300548,41.43750337947876,41.63210655752891,41.21046633842025
2020-07-20,2020-07-17,300552,49.19092411376556,49.445494979004,49.39653904338122
2020-07-20,2020-07-17,300586,7.054311454311454,7.084882684882685,7.084882684882685
2020-07-20,2020-07-17,300587,4.033697203600512,4.040574777690197,4.033697203600512
2020-07-20,2020-07-17,300602,29.67726785823258,30.21217188504985,30.08339869340865
2020-07-20,2020-07-17,300613,38.09799296190383,38.33753747751997,37.50086750268683
2020-07-20,2020-07-17,300659,61.20079436769394,61.5484697130712,61.84647715196599
2020-07-20,2020-07-17,300735,19.68051636698939,19.82878745965883,19.78924850161365
2020-07-20,2020-07-17,300767,49.48764013242271,50.1438494329482,48.3703107828793
2020-07-20,2020-07-17,300773,23.42410513335646,23.62581970931647,23.40519439186021
2020-07-20,2020-07-17,600052,4.277919607750119,3.851097696772783,3.851097696772783
2020-07-20,2020-07-17,600136,8.51,8.949999999999999,9.359999999999999
2020-07-20,2020-07-17,600640,19.15466726595963,19.66319825532139,20.06204609011493
2020-07-20,2020-07-17,600789,9.257919408751654,9.315362548826638,9.315362548826638
2020-07-21,2020-07-20,000595,1.93,1.96,2.03
2020-07-21,2020-07-20,000708,16.13871293802773,16.25212011002468,16.15616019525803
2020-07-21,2020-07-20,002017,9.049740021119705,9.321305617860522,9.211211457019651
2020-07-21,2020-07-20,002201,7.726921105277551,7.752338608913333,7.732004606004708
2020-07-21,2020-07-20,002458,11.91880957148578,11.89672406888266,11.86727673207849
2020-07-21,2020-07-20,002470,1.53,1.53,1.55
2020-07-21,2020-07-20,002506,2.85,2.89,2.9
2020-07-21,2020-07-20,002796,20.98,21.17,21.13
2020-07-21,2020-07-20,002819,27.27280907683676,26.89649580707649,26.93610773020914
2020-07-21,2020-07-20,002876,35.04331814354836,35.05025604062688,35.57753621859355
2020-07-21,2020-07-20,002916,120.3776190948226,120.0642685517463,121.4051173872356
2020-07-21,2020-07-20,002947,35.57426308969674,35.51780496703415,35.63072121235933
2020-07-21,2020-07-20,300081,9.48,9.41,9.4
2020-07-21,2020-07-20,300088,10.75920344451749,10.7121789539383,10.73098875016998
2020-07-21,2020-07-20,300200,11.45387205387205,11.49319865319865,11.5620202020202
2020-07-21,2020-07-20,300385,8.039999999999999,8.380000000000001,8.1
2020-07-21,2020-07-20,300393,4.998815588654367,5.01270118751174,5.068243582941234
2020-07-21,2020-07-20,300497,18.86498806682578,18.91419252187749,19.10116945107399
2020-07-21,2020-07-20,300548,41.81373619037571,42.08618063964592,43.5132706120137
2020-07-21,2020-07-20,300552,49.54340685024955,49.23008886226378,49.24967123651289
2020-07-21,2020-07-20,300586,7.237738837738839,7.222453222453222,7.207167607167607
2020-07-21,2020-07-20,300587,3.999309333152085,3.944288740434601,3.944288740434601
2020-07-21,2020-07-20,300602,30.30132255618606,30.13292684403989,30.53905767921596
2020-07-21,2020-07-20,300613,38.73677833688017,37.82373184982161,38.39655569151234
2020-07-21,2020-07-20,300659,62.46235919234856,62.18421891604676,62.2636875664187
2020-07-21,2020-07-20,300735,20.01659751037344,19.98694329183956,20.51083448593822
2020-07-21,2020-07-20,300767,49.95467197694086,49.77140631643373,51.34985571499507
2020-07-21,2020-07-20,300773,24.28139208118651,25.18280409250782,25.08825038502656
2020-07-21,2020-07-20,600052,3.98690466844739,3.841397198796026,3.860798194749541
2020-07-21,2020-07-20,600136,9.359999999999999,9.31,9.529999999999999
2020-07-21,2020-07-20,600640,19.92244934793719,20.16175804881331,20.3412395744704
2020-07-21,2020-07-20,600789,9.564282822484904,9.60257824920156,9.593004392522396
2020-07-22,2020-07-21,000595,2,1.96,1.99
2020-07-22,2020-07-21,000708,16.16488382387318,16.31318551033073,16.15616019525803
2020-07-22,2020-07-21,002017,9.064419242565153,9.064419242565153,9.071758853287879
2020-07-22,2020-07-21,002201,7.64558509364305,7.620167590007269,7.594750086371488
2020-07-22,2020-07-21,002458,11.79365839006808,11.83046756107329,11.72740188225871
2020-07-22,2020-07-21,002470,1.52,1.51,1.52
2020-07-22,2020-07-21,002506,2.91,2.86,2.85
2020-07-22,2020-07-21,002796,21.25,21.17,21.25
2020-07-22,2020-07-21,002819,26.65882426828053,27.01533157647447,26.8370779223775
2020-07-22,2020-07-21,002876,34.91149809905669,34.82130543703608,34.66173380423037
2020-07-22,2020-07-21,002916,119.9841091104942,119.4375674655937,119.7873541183301
2020-07-22,2020-07-21,002947,35.17341041879236,36.48888467683066,36.68648810614972
2020-07-22,2020-07-21,300081,9.27,9.27,9.26
2020-07-22,2020-07-21,300088,10.57110548220075,10.57110548220075,10.65574956524328
2020-07-22,2020-07-21,300200,11.49319865319865,11.4047138047138,11.4440404040404
2020-07-22,2020-07-21,300385,8.08,7.63,7.61
2020-07-22,2020-07-21,300393,5.089071981227294,5.068243582941234,5.130728777799413
2020-07-22,2020-07-21,300497,19.14053301511535,18.82562450278441,19.05196499602227
2020-07-22,2020-07-21,300548,42.17050868346767,43.10460393810839,43.3770483873786
2020-07-22,2020-07-21,300552,49.45528616612854,49.89588958673354,50.73793167944529
2020-07-22,2020-07-21,300586,7.16131076131076,7.16895356895357,7.146025146025146
2020-07-22,2020-07-21,300587,3.810176045685735,3.80329847159605,3.782665749326993
2020-07-22,2020-07-21,300602,30.14283247416613,30.21217188504985,30.31122818631231
2020-07-22,2020-07-21,300613,37.67097882537075,37.88622172346059,38.53542207737677
2020-07-22,2020-07-21,300659,61.48886822529224,61.90607863974495,61.88621147715196
2020-07-22,2020-07-21,300735,20.30325495620101,20.1055601659751,20.16486860304287
2020-07-22,2020-07-21,300767,51.55085676200287,51.32029673749392,51.84053474151413
2020-07-22,2020-07-21,300773,24.9432680335553,24.85501790657279,24.92435729205905
2020-07-22,2020-07-21,600052,3.880199190703056,3.841397198796026,3.802595206888995
2020-07-22,2020-07-21,600136,9.74,9.42,9.31
2020-07-22,2020-07-21,600640,19.97230532728638,19.72302543054042,19.89253576032767
2020-07-22,2020-07-21,600789,9.564282822484904,9.525987395768247,9.545135109126576
2020-07-23,2020-07-22,000661,454.6733196153695,457.0597136660417,456.7707362614681
2020-07-23,2020-07-22,000708,15.99913488018533,16.09509479495198,16.06020028049138
2020-07-23,2020-07-22,002052,1.3,1.29,1.29
2020-07-23,2020-07-22,002158,12.50416672599671,12.3865443182992,12.41368795084478
2020-07-23,2020-07-22,002201,7.610000588552957,7.498163572555518,7.5235810761913
2020-07-23,2020-07-22,002446,7.43,7.34,7.34
2020-07-23,2020-07-22,002463,21.62748128055088,21.38290556332332,21.26935255175339
2020-07-23,2020-07-22,002470,1.51,1.52,1.59
2020-07-23,2020-07-22,002506,2.87,2.83,2.84
2020-07-23,2020-07-22,002552,16.0313070896573,16.05108661722011,16.2488818928482
2020-07-23,2020-07-22,002638,1.51,1.48,1.5
2020-07-23,2020-07-22,002676,3.671858406958327,3.691814159170058,3.701792035275922
2020-07-23,2020-07-22,002796,21.46,21.17,21.22
2020-07-23,2020-07-22,002832,15.74249956996097,15.46122654581873,15.49638567383651
2020-07-23,2020-07-22,002886,17.25556997760964,17.04016643875284,17.08674017688404
2020-07-23,2020-07-22,300134,14.35,14.2,14.23
2020-07-23,2020-07-22,300200,11.30639730639731,11.14909090909091,11.16875420875421
2020-07-23,2020-07-22,300229,12.2865791869455,12.18741389891527,12.06841555327899
2020-07-23,2020-07-22,300311,7.3,7.21,7.22
2020-07-23,2020-07-22,300385,7.7,7.59,7.65
2020-07-23,2020-07-22,300417,19.39159764559466,18.94841740483704,19.0567503525778
2020-07-23,2020-07-22,300432,4.275848131921178,4.2145625467889,4.190991167891871
2020-07-23,2020-07-22,300548,44.30465686941765,43.82463569689394,43.46137643120033
2020-07-23,2020-07-22,300552,52.57867485886167,52.66679554298267,52.13807143825669
2020-07-23,2020-07-22,300559,22.40774820335901,22.21728710515792,22.20776405024786
2020-07-23,2020-07-22,300586,7.16131076131076,7.092525492525493,7.130739530739531
2020-07-23,2020-07-22,300587,3.841125129089319,3.789543323416678,3.789543323416678
2020-07-23,2020-07-22,300613,38.02855976897163,38.36183909504624,37.73346869900973
2020-07-23,2020-07-22,300622,6.915114282245477,6.836977397700331,6.841860952984402
2020-07-23,2020-07-22,300632,16.09464252602034,16.04749946062485,16.04749946062485
2020-07-23,2020-07-22,300638,18.18278296763975,18.23804978517057,18.1705014526329
2020-07-23,2020-07-22,300659,62.38289054197662,62.78023379383635,61.89614505844846
2020-07-23,2020-07-22,300735,20.08579068695251,19.85844167819272,19.78924850161365
2020-07-23,2020-07-22,300773,25.00630383854281,24.77937494058779,24.84871432607405
2020-07-23,2020-07-22,600052,3.880199190703056,3.812295704865753,3.792894708912237
2020-07-23,2020-07-22,600588,46.52872622932455,46.70722517905342,46.7468916123265
2020-07-24,2020-07-23,000661,447.3556659834255,440.4668175324618,438.1270327405918
2020-07-24,2020-07-23,000708,16.06020028049138,16.29573825310043,16.29573825310043
2020-07-24,2020-07-23,002052,1.28,1.26,1.28
2020-07-24,2020-07-23,002158,12.45892733842074,12.39559219581439,12.62178913369422
2020-07-24,2020-07-23,002201,7.432078063102487,7.472746068919736,7.508330574009831
2020-07-24,2020-07-23,002446,7.3,7.32,7.42
2020-07-24,2020-07-23,002463,21.0597162227012,21.24314801062187,21.31302678697259
2020-07-24,2020-07-23,002470,1.59,1.61,1.62
2020-07-24,2020-07-23,002506,2.83,2.89,3.05
2020-07-24,2020-07-23,002552,17.12907086939324,16.92138582998373,17.53455118443084
2020-07-24,2020-07-23,002638,1.49,1.51,1.51
2020-07-24,2020-07-23,002676,3.701792035275922,3.701792035275922,3.711769911381788
2020-07-24,2020-07-23,002796,21.27,21.21,21.45
2020-07-24,2020-07-23,002832,15.50517545584096,15.61944262189874,15.45243676381428
2020-07-24,2020-07-23,002886,16.81311946536324,18.03568009130724,17.50008210279844
2020-07-24,2020-07-23,300134,14.04,14.12,14.14
2020-07-24,2020-07-23,300200,11.02127946127946,11.06060606060606,11.04094276094276
2020-07-24,2020-07-23,300229,12.05849902447597,12.2469130717334,12.33616183096061
2020-07-24,2020-07-23,300311,7.17,7.16,7.19
2020-07-24,2020-07-23,300385,7.44,7.39,7.38
2020-07-24,2020-07-23,300417,19.08629570196164,19.12568950114009,18.9878112040155
2020-07-24,2020-07-23,300432,4.186276892112465,4.190991167891871,4.172134064774247
2020-07-24,2020-07-23,300548,42.99432880387997,42.51430763135627,42.24186318208606
2020-07-24,2020-07-23,300552,51.59955614640615,50.36586656871219,50.03296620647731
2020-07-24,2020-07-23,300559,21.67447297528479,21.53162715163397,21.45544271235353
2020-07-24,2020-07-23,300586,6.97024057024057,6.977883377883379,7.000811800811801
2020-07-24,2020-07-23,300587,3.81705361977542,3.851441490223847,3.896145721806803
2020-07-24,2020-07-23,300613,37.66056384643092,37.69875210254363,38.2507459863547
2020-07-24,2020-07-23,300622,6.734422736734825,6.778374734291471,6.729539181450753
2020-07-24,2020-07-23,300632,16.01921362138755,16.05692807370395,15.84949858596379
2020-07-24,2020-07-23,300638,18.13979766511578,18.82756250549931,19.14381151692567
2020-07-24,2020-07-23,300659,61.49880180658873,61.89614505844846,60.59484590860787
2020-07-24,2020-07-23,300735,19.57178423236514,19.49270631627478,19.69040110650069
2020-07-24,2020-07-23,300773,24.30030282268276,24.17423121270775,24.16162405171025
2020-07-24,2020-07-23,600052,3.744392219028449,3.686189231167903,3.695889729144661
2020-07-24,2020-07-23,600588,46.42956014614185,46.60805909587071,45.49739896422444
2020-07-27,2020-07-24,000661,416.8918544303138,424.1442550999346,425.8035447132926
2020-07-27,2020-07-24,000708,16.27829099587013,16.19977833833378,16.07764753772168
2020-07-27,2020-07-24,002052,1.24,1.25,1.23
2020-07-27,2020-07-24,002158,11.96129407508513,12.23273040054092,12.3865443182992
2020-07-27,2020-07-24,002201,7.177903026744672,7.650668594370208,7.56424908200855
2020-07-27,2020-07-24,002446,7.1,7.1,7.03
2020-07-27,2020-07-24,002463,20.51815570598304,20.43954208258847,20.5094208589392
2020-07-27,2020-07-24,002470,1.62,1.61,1.57
2020-07-27,2020-07-24,002506,2.96,2.94,2.89
2020-07-27,2020-07-24,002552,17.39609449149117,16.72359055435564,16.8422677197325
2020-07-27,2020-07-24,002638,1.48,1.49,1.47
2020-07-27,2020-07-24,002676,3.602013274217272,3.621969026429002,3.592035398111407
2020-07-27,2020-07-24,002796,20.61,20.52,20.28
2020-07-27,2020-07-24,002832,14.60861769138757,14.31855488524088,14.04607164310309
2020-07-27,2020-07-24,002886,17.20899623947844,17.62815988265924,17.62815988265924
2020-07-27,2020-07-24,300134,13.64,13.7,13.6
2020-07-27,2020-07-24,300200,10.09710437710438,10.10693602693603,10.15609427609428
2020-07-27,2020-07-24,300229,11.30484283544622,11.30484283544622,11.32467589305226
2020-07-27,2020-07-24,300311,6.93,6.88,6.89
2020-07-27,2020-07-24,300385,7.09,7.12,7.04
2020-07-27,2020-07-24,300417,18.13099607188409,18.17038987106255,18.30826816818714
2020-07-27,2020-07-24,300432,3.931706000024545,3.936420275803951,3.936420275803951
2020-07-27,2020-07-24,300548,40.41259330841464,40.08176790572938,40.01041340711099
2020-07-27,2020-07-24,300552,47.9572345360716,47.29143381160183,46.65500664850575
2020-07-27,2020-07-24,300559,20.0079383660252,20.03650753075536,20.04603058566542
2020-07-27,2020-07-24,300586,6.672171072171072,6.687456687456688,6.695099495099496
2020-07-27,2020-07-24,300587,3.762033027057937,3.737961517744037,3.744839091833724
2020-07-27,2020-07-24,300613,35.71990610397563,36.06012874934346,36.45589794905707
2020-07-27,2020-07-24,300622,6.309553427020591,6.363272535145379,6.304669871736519
2020-07-27,2020-07-24,300632,14.90663727805399,14.94435173037038,14.82177976034211
2020-07-27,2020-07-24,300638,17.64546668609011,18.28410546644625,18.7753660667202
2020-07-27,2020-07-24,300659,55.8068597236982,57.6644394261424,59.42268331562168
2020-07-27,2020-07-24,300735,18.68215767634855,18.66238819732595,18.83042876901798
2020-07-27,2020-07-24,300773,22.17599619460388,22.35880002906764,22.22012125809513
2020-07-27,2020-07-24,600052,3.530981263539781,3.569783255446812,3.501879769609508
2020-07-27,2020-07-24,600588,43.38516139243284,43.73224268357231,44.31732257435026
2020-07-28,2020-07-27,000661,423.473081773183,431.2661498449093,420.2290773605506
2020-07-28,2020-07-27,000708,16.70574879801249,16.67957791216704,16.67957791216704
2020-07-28,2020-07-27,002052,1.23,1.25,1.27
2020-07-28,2020-07-27,002158,12.73941154139173,12.61274125617902,12.63988488872461
2020-07-28,2020-07-27,002201,7.391410057285237,7.543915079099925,7.467662568192581
2020-07-28,2020-07-27,002446,7.06,7.07,7.1
2020-07-28,2020-07-27,002463,20.57056478824609,20.74526172912292,20.70158749390371
2020-07-28,2020-07-27,002470,1.57,1.57,1.6
2020-07-28,2020-07-27,002506,2.91,2.89,2.87
2020-07-28,2020-07-27,002552,16.70381102679283,17.41587401905398,17.41587401905398
2020-07-28,2020-07-27,002638,1.44,1.44,1.46
2020-07-28,2020-07-27,002676,3.771637168016977,4.150796460039849,4.150796460039849
2020-07-28,2020-07-27,002796,20.3,20.43,20.59
2020-07-28,2020-07-27,002832,13.65932123490751,13.7560088369564,13.61537232488528
2020-07-28,2020-07-27,002886,18.16957958843444,18.02403665677444,17.65144675172484
2020-07-28,2020-07-27,300134,13.65,13.8,13.92
2020-07-28,2020-07-27,300200,10.09710437710438,10.19542087542087,10.21508417508418
2020-07-28,2020-07-27,300229,11.09659573058274,11.11642878818878,11.22551060502204
2020-07-28,2020-07-27,300311,6.88,6.96,6.94
2020-07-28,2020-07-27,300385,6.94,6.94,6.99
2020-07-28,2020-07-27,300417,18.22948056983023,18.28857126859791,18.36735886695482
2020-07-28,2020-07-27,300432,4.124991306980188,4.242848201465336,4.271133856141772
2020-07-28,2020-07-27,300548,40.21799013036448,40.73044516589655,40.78882611931159
2020-07-28,2020-07-27,300552,45.71505268454844,46.59625952575842,46.50813884163742
2020-07-28,2020-07-27,300559,19.47464729106212,20.06507669548553,20.71264442936925
2020-07-28,2020-07-27,300586,6.832670032670032,6.855598455598456,6.916740916740918
2020-07-28,2020-07-27,300587,3.834247554999634,3.93053359225523,3.923656018165545
2020-07-28,2020-07-27,300613,36.24759837026043,36.76140399795879,37.45226426763428
2020-07-28,2020-07-27,300622,6.211882321339157,6.265601429463945,6.309553427020591
2020-07-28,2020-07-27,300632,14.8406369865003,14.94435173037038,15.00092340884497
2020-07-28,2020-07-27,300638,19.41093446832463,19.12845962316711,18.98415182183663
2020-07-28,2020-07-27,300659,57.8035095642933,59.70082359192349,59.74055791710946
2020-07-28,2020-07-27,300735,18.57342554172429,18.89962194559705,18.87985246657446
2020-07-28,2020-07-27,300773,22.42183583405514,22.59203250752141,22.45965731704765
2020-07-28,2020-07-27,600052,3.530981263539781,3.560082757470054,3.540681761516539
2020-07-28,2020-07-27,600588,43.63307660038961,43.74215929189058,43.50416069225209
2020-07-29,2020-07-28,000661,429.36449208578,436.9897668258183,442.9091426936965
2020-07-29,2020-07-28,000708,17.665347945679,17.2989555438427,17.3338500583033
2020-07-29,2020-07-28,002052,1.28,1.27,1.27
2020-07-29,2020-07-28,002158,12.70322003133095,12.50416672599671,12.5222624810271
2020-07-29,2020-07-28,002201,7.655752095097363,7.411744060193862,7.457495566738269
2020-07-29,2020-07-28,002446,7.09,7.03,7.08
2020-07-29,2020-07-28,002463,20.60550417642146,20.6579132586845,20.97236775226279
2020-07-29,2020-07-28,002470,1.59,1.55,1.56
2020-07-29,2020-07-28,002506,2.88,2.84,2.87
2020-07-29,2020-07-28,002552,16.99061417645357,16.54557480629035,16.47634645982052
2020-07-29,2020-07-28,002638,1.51,1.5,1.51
2020-07-29,2020-07-28,002676,4.150796460039849,4.250575221098498,4.250575221098498
2020-07-29,2020-07-28,002796,20.37,20.2,20.55
2020-07-29,2020-07-28,002832,13.72084970893862,13.82632709299196,13.74721905495196
2020-07-29,2020-07-28,002886,18.36751797549205,18.15793615390164,18.22197504383204
2020-07-29,2020-07-28,300134,13.82,13.72,13.83
2020-07-29,2020-07-28,300200,10.17575757575758,10.02828282828283,10.23474747474747
2020-07-29,2020-07-28,300229,11.20567754741599,11.10651225938576,11.23542713382506
2020-07-29,2020-07-28,300311,6.92,6.91,6.95
2020-07-29,2020-07-28,300385,7,6.93,6.94
2020-07-29,2020-07-28,300417,18.26887436900869,18.08175382291102,18.21963212003562
2020-07-29,2020-07-28,300432,4.289990959259395,4.190991167891871,4.219276822568307
2020-07-29,2020-07-28,300548,40.42556685361798,40.12717531394108,40.2828578563812
2020-07-29,2020-07-28,300552,47.57537823821394,48.42721151805025,49.59236278587232
2020-07-29,2020-07-28,300559,20.0079383660252,20.03650753075536,20.20792251913635
2020-07-29,2020-07-28,300586,6.909098109098109,6.794455994455995,6.847955647955649
2020-07-29,2020-07-28,300587,4.016503268376298,4.112789305631894,4.160932324259693
2020-07-29,2020-07-28,300613,36.64336756997403,36.90374204346982,37.71958206042329
2020-07-29,2020-07-28,300622,6.421875198554239,6.363272535145379,6.387690311565737
2020-07-29,2020-07-28,300632,14.90663727805399,14.86892282573759,14.94435173037038
2020-07-29,2020-07-28,300638,20.0802770361979,19.65042401095819,19.95746188612941
2020-07-29,2020-07-28,300659,60.07829968119022,62.94910467587673,63.07824123273114
2020-07-29,2020-07-28,300735,18.60307976025818,18.59319502074689,18.83042876901798
2020-07-29,2020-07-28,300773,22.77483634198517,22.52269312203515,22.74962201999017
2020-07-29,2020-07-28,600052,3.550382259493297,3.521280765563024,3.521280765563024
2020-07-29,2020-07-28,600588,43.95040806657425,45.53706539749751,45.84448025536389
2020-07-30,2020-07-29,000017,2.66,2.63,2.64
2020-07-30,2020-07-29,000708,17.62172980260325,17.34257368691845,17.490875373376
2020-07-30,2020-07-29,002052,1.34,1.37,1.37
2020-07-30,2020-07-29,002083,5.35949656750572,5.262929061784897,5.253272311212815
2020-07-30,2020-07-29,002201,7.594750086371488,7.706587102368927,7.64558509364305
2020-07-30,2020-07-29,002552,17.03017323157919,17.0400629953606,16.88182677485812
2020-07-30,2020-07-29,002796,20.82,20.95,20.76
2020-07-30,2020-07-29,002809,13.01403040312461,13.09933723023905,13.21307966639163
2020-07-30,2020-07-29,002860,10.41881518100247,10.36257326369611,10.36257326369611
2020-07-30,2020-07-29,002916,112.0264627607427,111.4216233403861,111.5746550009582
2020-07-30,2020-07-29,300227,13.42340372365801,13.43331761119394,13.42340372365801
2020-07-30,2020-07-29,300229,11.48334035390063,11.49325688270366,11.48334035390063
2020-07-30,2020-07-29,300328,11.15000755492334,11.06016863997767,11.03022233499578
2020-07-30,2020-07-29,300360,9.552229017525562,9.617147078809715,9.552229017525562
2020-07-30,2020-07-29,300417,18.65296391099863,18.54463096325787,18.53478251346326
2020-07-30,2020-07-29,300475,8.046127639773701,8.008572784978956,7.989795357581586
2020-07-30,2020-07-29,300497,19.02244232299125,19.01260143198091,19.30782816229117
2020-07-30,2020-07-29,300529,64.68187481911725,64.34814620497923,65.22637940007927
2020-07-30,2020-07-29,300543,10.69737862636135,10.81607353483693,10.77898137593831
2020-07-30,2020-07-29,300548,40.18555626735613,41.45047692468211,42.28078381769608
2020-07-30,2020-07-29,300552,50.27774588459119,50.2092075747193,50.00359264510364
2020-07-30,2020-07-29,300602,29.77632415949503,29.71689037873756,29.53858903646513
2020-07-30,2020-07-29,300613,38.0841063233174,37.77165695512245,37.45226426763428
2020-07-30,2020-07-29,300638,20.51013006143761,20.17238839874926,20.13861423248043
2020-07-30,2020-07-29,300657,20.6594145543559,20.93354430115676,20.76740506067139
2020-07-30,2020-07-29,300661,203.0923528397549,205.6977560371213,205.392618725718
2020-07-30,2020-07-29,300664,9.217517580257262,9.553378544720076,9.777285854361953
2020-07-30,2020-07-29,300682,16.5946974926498,16.5576143697612,16.45563578181754
2020-07-30,2020-07-29,300735,19.30489626556017,19.35431996311664,19.56189949285385
2020-07-30,2020-07-29,300771,23.77516524728861,24.06639088362495,23.90528734011974
2020-07-30,2020-07-29,300773,23.20978339639894,23.07110462542644,22.93872943495268
2020-07-30,2020-07-29,600052,3.637686741284115,3.6182857453306,3.627986243307358
2020-07-31,2020-07-30,000017,2.65,2.73,2.7
2020-07-31,2020-07-30,000708,17.20299562907605,16.98490491369729,17.15065385738515
2020-07-31,2020-07-30,002052,1.4,1.38,1.36
2020-07-31,2020-07-30,002083,5.185675057208237,5.166361556064072,5.195331807780319
2020-07-31,2020-07-30,002201,7.462579067465424,7.4422450645568,7.487996571101206
2020-07-31,2020-07-30,002552,16.56535433385316,16.31811023931804,16.42689764091349
2020-07-31,2020-07-30,002796,21.68,21.04,21.19
2020-07-31,2020-07-30,002809,12.99507333043252,13.01403040312461,13.07090162120091
2020-07-31,2020-07-30,002860,10.21493823076693,10.22899871009352,10.29930110672646
2020-07-31,2020-07-30,002916,111.2102939043579,113.0175249434956,113.43289659362
2020-07-31,2020-07-30,300227,12.31304831963312,12.79882880889401,13.07641765990023
2020-07-31,2020-07-30,300229,11.34450895065831,11.40400812347645,11.52300646911272
2020-07-31,2020-07-30,300328,10.91043711506822,10.970329725032,11.04020443665641
2020-07-31,2020-07-30,300360,9.524406991260923,9.57077703503532,9.672791131338991
2020-07-31,2020-07-30,300417,18.32796506777637,18.22948056983023,18.46584336490096
2020-07-31,2020-07-30,300475,7.952240502786843,7.980406643882899,8.017961498677643
2020-07-31,2020-07-30,300497,19.07164677804296,19.11101034208433,19.11101034208433
2020-07-31,2020-07-30,300529,64.54135750790124,65.64793133372729,64.66431015521525
2020-07-31,2020-07-30,300543,10.65286803568301,10.71963392170052,10.77156294415859
2020-07-31,2020-07-30,300548,41.53480496850383,41.58669914931721,42.07320709444259
2020-07-31,2020-07-30,300552,50.42461369145952,50.7770964279435,50.81626117644173
2020-07-31,2020-07-30,300602,29.37019332431895,29.7267960088638,29.9843423921462
2020-07-31,2020-07-30,300613,36.97317523640203,37.27520962565715,37.66750716572413
2020-07-31,2020-07-30,300638,19.95439150737769,20.72505657405746,20.76497149782972
2020-07-31,2020-07-30,300657,19.93670885824453,20.01147151646295,20.46004746577345
2020-07-31,2020-07-30,300661,209.8405818419427,214.7579869757108,213.9716715963254
2020-07-31,2020-07-30,300664,9.572037487190233,9.749297440656719,9.851921624242578
2020-07-31,2020-07-30,300682,16.22386626376377,16.22386626376377,16.37219875531819
2020-07-31,2020-07-30,300735,19.19616413093592,19.4531673582296,19.4630520977409
2020-07-31,2020-07-30,300771,23.48393961095226,23.54590251230042,23.66363202486192
2020-07-31,2020-07-30,300773,22.68028263450391,22.76853276148641,23.02067598143643
2020-07-31,2020-07-30,600052,3.6182857453306,3.595646123046548,3.61556660018254
2020-08-03,2020-07-31,000017,2.76,2.73,2.75
2020-08-03,2020-07-31,000708,16.95873402785184,17.1768247432306,17.0546939426185
2020-08-03,2020-07-31,002052,1.36,1.36,1.39
2020-08-03,2020-07-31,002083,5.214645308924485,5.253272311212815,5.272585812356978
2020-08-03,2020-07-31,002201,7.457495566738269,7.513414074736987,7.559165581281394
2020-08-03,2020-07-31,002552,16.36755905822507,16.51590551494614,16.60491338897878
2020-08-03,2020-07-31,002796,21.21,21.29,21.33
2020-08-03,2020-07-31,002809,12.99507333043252,13.16568698466139,13.23203673908373
2020-08-03,2020-07-31,002860,10.23602894975681,10.30633134638976,10.36257326369611
2020-08-03,2020-07-31,002916,112.3252388599549,112.6240149591672,113.2142799356598
2020-08-03,2020-07-31,300227,12.94753712193306,12.96736489700493,13.13590098511585
2020-08-03,2020-07-31,300229,11.45359076749157,11.52300646911272,11.73125357397621
2020-08-03,2020-07-31,300328,11.10009704662019,11.16997175824459,11.20990016488711
2020-08-03,2020-07-31,300360,9.542955008770681,9.672791131338991,9.644969105074354
2020-08-03,2020-07-31,300417,18.21963212003562,18.44614646531173,18.42644956572251
2020-08-03,2020-07-31,300475,8.008572784978956,8.093071208267128,8.15879220415793
2020-08-03,2020-07-31,300497,19.54400954653938,20.2033492442323,20.5084168655529
2020-08-03,2020-07-31,300529,64.46231652034224,64.37449320083223,64.80482746643126
2020-08-03,2020-07-31,300543,10.74188921703969,10.89767628441389,10.9347684433125
2020-08-03,2020-07-31,300548,41.37912242606372,41.24938697403029,40.98991606996341
2020-08-03,2020-07-31,300552,50.14066926484742,50.22878994896841,50.81626117644173
2020-08-03,2020-07-31,300602,30.26170003568108,30.459812638206,30.77679280224586
2020-08-03,2020-07-31,300613,40.65313446180918,41.55576596992792,42.35077602900172
2020-08-03,2020-07-31,300638,20.82023831536054,21.64924057832284,22.64711367262931
2020-08-03,2020-07-31,300657,19.76226265573489,19.77056961775916,20.37697784553077
2020-08-03,2020-07-31,300661,213.0093154603612,212.2816803331688,214.7931951270265
2020-08-03,2020-07-31,300664,10.06649946264938,10.34638359970172,10.3557130709368
2020-08-03,2020-07-31,300682,16.23313704448593,16.483448123984,16.47417734326184
2020-08-03,2020-07-31,300735,19.57178423236514,19.75959428307976,19.78924850161365
2020-08-03,2020-07-31,300771,23.8495207289064,23.94866137106345,24.04780201322051
2020-08-03,2020-07-31,300773,22.87569362996517,22.83156856647392,23.07740820592518
2020-08-03,2020-07-31,600052,3.605606361614544,3.625526838750536,3.645447315886528
2020-08-04,2020-08-03,000017,2.81,2.8,2.79
2020-08-04,2020-08-03,000708,17.2117192576912,17.04597031400334,16.95001039923669
2020-08-04,2020-08-03,002052,1.43,1.45,1.44
2020-08-04,2020-08-03,002083,5.340183066361556,5.32086956521739,5.301556064073226
2020-08-04,2020-08-03,002201,7.620167590007269,7.696420100914614,7.584583084917175
2020-08-04,2020-08-03,002552,17.07962205048621,16.97083464889076,16.86204724729531
2020-08-04,2020-08-03,002796,21.43,21.4,21.46
2020-08-04,2020-08-03,002809,13.7533562381164,13.71544209273221,13.74387770177035
2020-08-04,2020-08-03,002860,10.48911757763542,10.46802685864553,10.44693613965565
2020-08-04,2020-08-03,002916,115.6117759512901,115.2838509643498,115.3348615178738
2020-08-04,2020-08-03,300227,13.25486763554709,13.49280093640956,13.22512597293928
2020-08-04,2020-08-03,300229,12.44524364779386,12.43532711899084,12.51465934941502
2020-08-04,2020-08-03,300328,11.40954219809971,11.35963168979656,11.31970328315404
2020-08-04,2020-08-03,300360,9.811901262662179,9.765531218887782,9.737709192623145
2020-08-04,2020-08-03,300417,18.86962980648013,18.80069065791783,18.68250926038247
2020-08-04,2020-08-03,300475,8.252679341144786,8.252679341144786,8.252679341144786
2020-08-04,2020-08-03,300497,21.05950676213206,21.21696101829753,21.18743834526651
2020-08-04,2020-08-03,300529,63.5665186613402,64.79604513448025,65.38446137519728
2020-08-04,2020-08-03,300543,11.02378962466919,11.00895276110974,10.97927903399085
2020-08-04,2020-08-03,300548,41.48291078769046,42.08618063964592,42.16402191086599
2020-08-04,2020-08-03,300552,51.34498528116771,50.60085505970151,50.25816351034208
2020-08-04,2020-08-03,300602,30.8065096926246,30.52915204908972,30.44990700807975
2020-08-04,2020-08-03,300613,43.39574558263149,44.34698032580277,44.74622118516298
2020-08-04,2020-08-03,300638,22.90195510902143,23.03091101659334,23.48839745059846
2020-08-04,2020-08-03,300657,19.98655063039014,20.0779272126571,20.18591771897259
2020-08-04,2020-08-03,300661,213.0151834855805,213.0093154603612,216.8822121050951
2020-08-04,2020-08-03,300664,10.4863256682279,10.80352769022056,10.41168989834727
2020-08-04,2020-08-03,300682,16.5761559312055,16.70594686131561,16.76157154564851
2020-08-04,2020-08-03,300735,19.96717381281696,19.95728907330567,19.78924850161365
2020-08-04,2020-08-03,300771,24.33283135942204,24.19651297645608,24.16553152578201
2020-08-04,2020-08-03,300773,23.3043371038802,23.43040871385521,23.37367648936645
2020-08-04,2020-08-03,600052,3.695248508726507,3.685288270158512,3.685288270158512
2020-08-05,2020-08-04,000017,2.84,2.81,2.81
2020-08-05,2020-08-04,000708,16.75809056970339,16.80170871277914,16.69702516939734
2020-08-05,2020-08-04,002052,1.41,1.4,1.41
2020-08-05,2020-08-04,002083,5.504347826086956,5.446407322654461,5.504347826086956
2020-08-05,2020-08-04,002201,7.508330574009831,7.406660559466705,7.396493558012393
2020-08-05,2020-08-04,002552,16.54557480629035,16.38733858578787,16.37744882200647
2020-08-05,2020-08-04,002796,21.29,21.12,21.1
2020-08-05,2020-08-04,002809,13.72492062907825,13.59222112023357,13.56378551119543
2020-08-05,2020-08-04,002860,10.35554302403282,10.41178494133918,10.53129901561518
2020-08-05,2020-08-04,002916,114.4093843325089,118.8035791575091,116.6538486875671
2020-08-05,2020-08-04,300227,13.15572876018772,13.11607321004398,12.97727878454086
2020-08-05,2020-08-04,300229,12.33616183096061,12.35599488856666,12.31632877335456
2020-08-05,2020-08-04,300328,11.20990016488711,11.31970328315404,11.19991806322649
2020-08-05,2020-08-04,300360,9.542955008770681,9.57077703503532,9.561503026280441
2020-08-05,2020-08-04,300417,18.59387321223094,18.5643278628471,18.48554026449019
2020-08-05,2020-08-04,300475,8.299622909638215,8.299622909638215,8.262068054843473
2020-08-05,2020-08-04,300497,21.1382338902148,21.45314240254574,21.59091487669053
2020-08-05,2020-08-04,300529,64.40084019668524,64.35692853693024,64.65552782326425
2020-08-05,2020-08-04,300543,10.91993157975306,10.88283942085444,10.83091039839637
2020-08-05,2020-08-04,300548,41.97590550541751,42.54025472176295,41.9564451876125
2020-08-05,2020-08-04,300552,49.61194516012144,49.81756008973709,49.74902177986521
2020-08-05,2020-08-04,300602,30.30132255618606,30.4400013779535,30.27160566580732
2020-08-05,2020-08-04,300613,47.73532014089464,48.90526944180239,46.69382224691149
2020-08-05,2020-08-04,300638,23.84763176454879,23.93360236959673,23.81385759827995
2020-08-05,2020-08-04,300657,19.82041138990477,19.93670885824453,19.66257911144367
2020-08-05,2020-08-04,300661,212.7745944515895,219.6225798825052,216.8763440798758
2020-08-05,2020-08-04,300664,10.15046470376508,9.777285854361953,9.823933210537344
2020-08-05,2020-08-04,300682,16.64105139626056,16.71521764203776,16.67813451914916
2020-08-05,2020-08-04,300735,19.98694329183956,20.12532964499769,20.02648224988474
2020-08-05,2020-08-04,300771,23.8495207289064,23.63884686432266,23.63884686432266
2020-08-05,2020-08-04,300773,23.94730231475274,23.58799822632397,23.60690896782022
2020-08-05,2020-08-04,600052,3.655407554454523,3.61556660018254,3.625526838750536
2020-08-06,2020-08-05,000661,465.1510809941019,465.1510809941019,460.4994769656433
2020-08-06,2020-08-05,000708,16.92383951339124,16.92383951339124,16.81043234139429
2020-08-06,2020-08-05,002238,7.835977653631286,7.875754189944135,7.796201117318436
2020-08-06,2020-08-05,002458,11.85255306367641,11.74948738486183,11.74212555066079
2020-08-06,2020-08-05,002592,5.324123159303883,5.334056224899599,5.38372155287818
2020-08-06,2020-08-05,002714,61.06926974025912,62.11396052145468,62.32676790280934
2020-08-06,2020-08-05,002859,29.15261829929387,28.93594343355587,28.7882105705527
2020-08-06,2020-08-05,002860,10.60160141224813,10.61566189157472,10.55238973460507
2020-08-06,2020-08-05,002869,53.92455653020347,53.12482793759452,52.31557876650214
2020-08-06,2020-08-05,002878,19.91420724449009,19.85722811074334,19.6198150534652
2020-08-06,2020-08-05,300220,32.23,32.01,31.91
2020-08-06,2020-08-05,300227,13.06650377236429,13.27469541061896,13.18547042279553
2020-08-06,2020-08-05,300348,22.72493089227973,23.25963514856867,23.35865445528884
2020-08-06,2020-08-05,300393,5.526468345234551,5.533411144663237,5.443154752090311
2020-08-06,2020-08-05,300416,19.6577080310909,19.68039872908754,19.96781423704501
2020-08-06,2020-08-05,300417,18.66281236079324,18.60372166202556,18.53478251346326
2020-08-06,2020-08-05,300433,30.33656423484137,30.26306559344865,30.61218414006403
2020-08-06,2020-08-05,300529,65.05073276105925,65.83236030469828,65.51619635446227
2020-08-06,2020-08-05,300548,40.78233934670992,40.36069912760126,40.06230758792436
2020-08-06,2020-08-05,300552,49.43570379187944,47.9572345360716,47.72224604508227
2020-08-06,2020-08-05,300559,20.42695278206761,20.33172223296706,20.26506084859668
2020-08-06,2020-08-05,300568,7.36510457410683,7.36510457410683,7.292858316704147
2020-08-06,2020-08-05,300586,7.321809721809722,7.635164835164836,7.489951489951491
2020-08-06,2020-08-05,300590,24.96092589885217,24.67438465766637,24.53111403707346
2020-08-06,2020-08-05,300602,30.25179440555483,29.93481424151496,30.06358743315616
2020-08-06,2020-08-05,300659,59.89949521785334,59.38294899043571,58.89620350690755
2020-08-06,2020-08-05,300661,208.4322557893121,209.1657589417239,209.5178404548815
2020-08-06,2020-08-05,300735,19.94740433379437,19.62120792992162,19.64097740894421
2020-08-06,2020-08-05,300773,23.83383786577523,24.58396394512653,24.75416061859279
2020-08-06,2020-08-05,300776,35.03817892410444,35.00019715833305,34.66215944296771
2020-08-06,2020-08-05,600052,3.655407554454523,3.635487077318531,3.635487077318531
2020-08-07,2020-08-06,000661,458.2063014325755,463.3333199008165,458.6537503170765
2020-08-07,2020-08-06,000708,16.73191968385794,16.62723614047614,16.82787959862459
2020-08-07,2020-08-06,002238,7.716648044692738,7.696759776536314,7.656983240223465
2020-08-07,2020-08-06,002458,11.63905987184621,11.71267821385663,11.60225070084101
2020-08-07,2020-08-06,002592,5.09566265060241,5.075796519410979,5.04599732262383
2020-08-07,2020-08-06,002714,59.97298929085637,59.72793836687223,59.16690072511906
2020-08-07,2020-08-06,002859,28.71926856781788,28.6798731376837,28.36470969661025
2020-08-07,2020-08-06,002860,10.65784332955448,10.62269213123801,10.66487356921778
2020-08-07,2020-08-06,002869,52.61071669948877,52.93441636792573,52.62975785645565
2020-08-07,2020-08-06,002878,19.56283591971845,19.95219333365459,19.78125593241433
2020-08-07,2020-08-06,300220,32.04,31.93,31.76
2020-08-07,2020-08-06,300227,13.42340372365801,12.93762323439712,12.79882880889401
2020-08-07,2020-08-06,300348,23.70522202880945,22.80414633765587,22.64571544690359
2020-08-07,2020-08-06,300393,5.373726757803445,5.339012760660012,5.311241562945265
2020-08-07,2020-08-06,300416,20.11908555702262,20.16446695301591,20.24010261300471
2020-08-07,2020-08-06,300417,18.32796506777637,18.23932901962484,18.11129917229487
2020-08-07,2020-08-06,300433,30.22631627275229,30.18956695205594,30.22631627275229
2020-08-07,2020-08-06,300529,65.46350236275627,65.46350236275627,64.91021544984325
2020-08-07,2020-08-06,300548,38.61575729775158,38.91414883742848,39.40714355515552
2020-08-07,2020-08-06,300552,47.34038974722462,47.61454298671217,47.19352194035629
2020-08-07,2020-08-06,300559,20.31267612314695,20.18887640931624,20.06507669548553
2020-08-07,2020-08-06,300568,7.272789911870069,7.268776230903252,7.341022488305935
2020-08-07,2020-08-06,300586,7.45938025938026,7.367666567666569,7.528165528165528
2020-08-07,2020-08-06,300590,24.4833571635425,24.12518061206024,24.06946425960745
2020-08-07,2020-08-06,300602,29.92490861138872,29.93481424151496,30.13292684403989
2020-08-07,2020-08-06,300659,59.30348034006376,59.82996014877789,58.97567215727949
2020-08-07,2020-08-06,300661,206.1437259537876,208.0508341500581,206.8478889801029
2020-08-07,2020-08-06,300735,19.55201475334255,19.4531673582296,19.30489626556017
2020-08-07,2020-08-06,300773,25.06303606303156,25.02521458003906,25.16389335101157
2020-08-07,2020-08-06,300776,35.6230981169838,35.04577527725871,34.98120627544736
2020-08-07,2020-08-06,600052,3.755009940134483,3.695248508726507,3.685288270158512
2020-08-10,2020-08-07,000661,451.3547403886535,448.2412419006672,439.3388734694487
2020-08-10,2020-08-07,000708,16.65340702632159,16.78426145554884,16.61851251186099
2020-08-10,2020-08-07,002238,7.835977653631286,8.104469273743018,8.054748603351955
2020-08-10,2020-08-07,002458,11.44765218261914,11.61697436924309,11.5654415298358
2020-08-10,2020-08-07,002592,5.09566265060241,5.075796519410979,5.065863453815261
2020-08-10,2020-08-07,002714,58.56717083221049,58.85091400735003,58.10286381834579
2020-08-10,2020-08-07,002859,27.98060425280199,28.24652340620771,28.21697683360707
2020-08-10,2020-08-07,002860,10.98123435406603,11.21323226295475,11.1499601059851
2020-08-10,2020-08-07,002869,51.90619389171422,52.29653760953526,51.83954984233014
2020-08-10,2020-08-07,002878,19.2114645949468,19.38240199618706,19.2874367732758
2020-08-10,2020-08-07,300220,31.26,31.27,31.48
2020-08-10,2020-08-07,300227,12.66994827092683,12.30313443209718,12.01563169355502
2020-08-10,2020-08-07,300348,22.37836331875913,22.53679420951141,22.16052084397474
2020-08-10,2020-08-07,300393,5.269584766373145,5.519525545805864,5.457040350947684
2020-08-10,2020-08-07,300416,20.65609874294315,20.92838711890285,21.25362045685473
2020-08-10,2020-08-07,300417,17.81584567845645,17.87493637722413,17.83554257804568
2020-08-10,2020-08-07,300433,28.2418529551491,27.63548916365924,26.85456609886169
2020-08-10,2020-08-07,300529,63.97928826303722,64.11102324230222,62.20525720893516
2020-08-10,2020-08-07,300548,36.6632387446484,37.27299536920554,36.8448683774952
2020-08-10,2020-08-07,300552,46.13607373090431,46.81166564249863,46.30252391202176
2020-08-10,2020-08-07,300559,19.91270781692465,20.33172223296706,19.95080003656487
2020-08-10,2020-08-07,300568,7.228639421235096,7.244694145102359,7.140338439965149
2020-08-10,2020-08-07,300586,7.788020988020988,7.856806256806257,7.673378873378873
2020-08-10,2020-08-07,300590,23.62373343998509,23.87843676548358,23.62373343998509
2020-08-10,2020-08-07,300602,29.13245820128905,29.39000458457145,29.09283568078407
2020-08-10,2020-08-07,300659,58.69753188097769,59.38294899043571,61.61800478214666
2020-08-10,2020-08-07,300661,196.2032912323041,192.8526488320874,185.3826527279265
2020-08-10,2020-08-07,300735,19.12697095435685,19.19616413093592,18.99846934071
2020-08-10,2020-08-07,300773,25.21432199500157,25.37191150747033,25.02521458003906
2020-08-10,2020-08-07,300776,34.66595761954484,38.13369283447247,38.13369283447247
2020-08-10,2020-08-07,600052,3.695248508726507,3.66536779302252,3.675328031590515
2020-08-11,2020-08-10,000661,455.3724584974023,460.5554080762059,461.2452251064784
2020-08-11,2020-08-10,000708,16.94128677062155,16.86277411308519,16.83660322723974
2020-08-11,2020-08-10,002238,8.313296089385474,8.193966480446928,8.124357541899442
2020-08-11,2020-08-10,002458,11.67586904285142,11.63169803764517,11.84519122947537
2020-08-11,2020-08-10,002592,5.04599732262383,5.075796519410979,5.085729585006694
2020-08-11,2020-08-10,002714,59.16690072511906,59.89560478854558,61.88825572304823
2020-08-11,2020-08-10,002859,28.00030196786908,27.6358942391279,27.77377824459754
2020-08-11,2020-08-10,002860,10.98123435406603,10.93905291608626,10.86875051945332
2020-08-11,2020-08-10,002869,51.96331736261486,51.79194694991294,51.63009711569446
2020-08-11,2020-08-10,002878,19.51535330826282,19.43938112993381,19.47736721909832
2020-08-11,2020-08-10,300220,31.45,31.48,31.34
2020-08-11,2020-08-10,300227,11.54967897936601,11.57942064197382,11.47036787907852
2020-08-11,2020-08-10,300348,21.33866059819731,21.36836639021336,21.39807218222941
2020-08-11,2020-08-10,300393,5.588953540092731,5.505639946948491,5.408440754946878
2020-08-11,2020-08-10,300416,21.93434139675399,21.47296387082227,21.23849332485696
2020-08-11,2020-08-10,300417,18.00296622455411,18.01281467434872,18.02266312414334
2020-08-11,2020-08-10,300433,27.12099867391026,27.65386382400742,27.58036518261471
2020-08-11,2020-08-10,300529,64.18128189791022,64.33936387302823,64.59405149960725
2020-08-11,2020-08-10,300548,36.39079429537819,36.3194397967598,36.46863556659824
2020-08-11,2020-08-10,300552,46.55709477726019,46.65500664850575,46.56688596438475
2020-08-11,2020-08-10,300559,20.3031530682369,20.25553779368662,20.83644414319997
2020-08-11,2020-08-10,300568,7.196529973500569,7.236666783168727,7.204557335434201
2020-08-11,2020-08-10,300586,7.887377487377488,7.765092565092566,7.726878526878527
2020-08-11,2020-08-10,300590,23.67149031351605,23.77496353949982,23.52026021400133
2020-08-11,2020-08-10,300602,29.41972147495018,29.58811718709636,29.34047643394021
2020-08-11,2020-08-10,300659,59.50215196599363,58.8167348565356,59.40281615302869
2020-08-11,2020-08-10,300661,190.6404033244137,188.1464926062138,188.9856202125728
2020-08-11,2020-08-10,300735,19.12697095435685,19.27524204702628,19.07754725680037
2020-08-11,2020-08-10,300773,24.69112481360528,24.67221407210904,24.21835627619901
2020-08-11,2020-08-10,300776,38.13369283447247,41.94706211791971,41.94706211791971
2020-08-11,2020-08-10,600052,3.705208747294503,3.695248508726507,3.715168985862499
2020-08-12,2020-08-11,000661,453.6665596252421,452.1191322330094,442.7972804725713
2020-08-12,2020-08-11,000708,16.52255259709434,16.24339648140953,15.94679310849443
2020-08-12,2020-08-11,002238,7.766368715083799,7.627150837988827,7.676871508379889
2020-08-12,2020-08-11,002458,11.82310572687224,11.88936223468161,11.8157438926712
2020-08-12,2020-08-11,002592,5.026131191432397,5.006265060240964,4.986398929049532
2020-08-12,2020-08-11,002714,60.57271918376494,60.37925792798797,59.14110589101546
2020-08-12,2020-08-11,002859,27.10405593231646,27.0252650720481,26.71010163097465
2020-08-12,2020-08-11,002860,10.83359932113685,10.82656908147355,10.65784332955448
2020-08-12,2020-08-11,002869,49.87831067474153,49.40228175056953,48.92625282639754
2020-08-12,2020-08-11,002878,19.18297502807343,18.92656892621304,18.85059674788404
2020-08-12,2020-08-11,300220,30.49,30.02,29.83
2020-08-12,2020-08-11,300227,11.54967897936601,11.21260680314417,11.06389849010512
2020-08-12,2020-08-11,300348,20.72474089653224,20.56631000577996,20.29895787763549
2020-08-12,2020-08-11,300393,5.241813568658399,5.207099571514966,5.172385574371533
2020-08-12,2020-08-11,300416,22.31251969669802,22.28982899870138,22.04779488673719
2020-08-12,2020-08-11,300417,17.68781583112647,17.71736118051031,17.59917978297495
2020-08-12,2020-08-11,300433,26.73513080659854,26.7626927971208,26.24820230737183
2020-08-12,2020-08-11,300529,63.38208969036921,62.57411515087718,61.56414697651213
2020-08-12,2020-08-11,300548,35.5864344927709,35.77455089821937,35.49561967634749
2020-08-12,2020-08-11,300552,45.49964656780823,44.73593397209292,44.34428648711071
2020-08-12,2020-08-11,300559,21.25545855924238,21.30307383379265,20.73169053918936
2020-08-12,2020-08-11,300568,7.128297397064703,7.433337150542696,7.236666783168727
2020-08-12,2020-08-11,300586,7.32945252945253,7.32945252945253,7.382952182952184
2020-08-12,2020-08-11,300590,23.13024574683176,23.05861043653531,22.75615023750585
2020-08-12,2020-08-11,300602,28.73623299623922,28.43906409245184,28.17161207904321
2020-08-12,2020-08-11,300659,57.50550212539851,56.99888947927737,55.93599628055261
2020-08-12,2020-08-11,300661,187.530349958188,187.4658016807758,184.0212708770504
2020-08-12,2020-08-11,300735,18.63273397879207,18.48446288612264,18.36584601198709
2020-08-12,2020-08-11,300773,23.10262252792019,22.4155322535564,22.16338903360638
2020-08-12,2020-08-11,300776,41.94706211791971,41.40012469081174,41.88249311610836
2020-08-12,2020-08-11,600052,3.61556660018254,3.595646123046548,3.595646123046548
2020-08-13,2020-08-12,000661,443.6176034274898,439.0592179166356,439.2363331000839
2020-08-13,2020-08-12,002036,11.27777641477374,11.33760546737201,11.31766244983925
2020-08-13,2020-08-12,002414,13.99830485139753,14.19382240505659,14.00206480435252
2020-08-13,2020-08-12,002458,12.02187525030036,11.98506607929515,12.08813175810973
2020-08-13,2020-08-12,002552,17.89058268056142,17.6532283498077,17.52466142064943
2020-08-13,2020-08-12,002714,59.77952803507942,60.32766825978079,60.01813025053765
2020-08-13,2020-08-12,002796,20.41,20.62,20.58
2020-08-13,2020-08-12,002817,7.147940600012864,7.204632792478266,7.190459744361916
2020-08-13,2020-08-12,002859,27.04496278711519,27.36997508572218,27.34042851312155
2020-08-13,2020-08-12,002876,30.50593345420355,30.51287135128206,30.45736817465399
2020-08-13,2020-08-12,002916,105.7813135650127,106.2476957686612,105.5043991315965
2020-08-13,2020-08-12,002931,12.84213561567603,13.11537254366914,13.21345759474359
2020-08-13,2020-08-12,002955,24.77699670289512,24.94482662708586,24.98015924270496
2020-08-13,2020-08-12,300088,10.90968181437088,10.75920344451749,10.79682303698084
2020-08-13,2020-08-12,300200,10.26424242424242,10.29373737373737,10.34289562289562
2020-08-13,2020-08-12,300393,5.09601478065598,5.123785978370726,5.1376715772281
2020-08-13,2020-08-12,300486,13.45051388938702,13.74867799038328,13.97395753335823
2020-08-13,2020-08-12,300507,6.651068153658785,6.746766976013587,6.770691681602289
2020-08-13,2020-08-12,300548,35.3788577695174,35.99510116667621,35.15830750106057
2020-08-13,2020-08-12,300552,44.51073666822815,46.31231509914631,45.16674620557335
2020-08-13,2020-08-12,300559,20.64598304499887,20.88405941775024,20.56027555080837
2020-08-13,2020-08-12,300569,5.514931519773499,5.68289897722853,5.649305485737523
2020-08-13,2020-08-12,300586,7.551093951093952,7.52052272052272,7.505237105237105
2020-08-13,2020-08-12,300602,28.16170644891696,28.33010216106314,28.21123459954819
2020-08-13,2020-08-12,300613,43.4651787755637,44.30879206969006,43.74291154729254
2020-08-13,2020-08-12,300624,42.81256272060642,43.31960057768116,42.77685582926313
2020-08-13,2020-08-12,300628,38.99264568148897,38.88050833969845,38.72476203165608
2020-08-13,2020-08-12,300659,53.86981137088204,54.73403294367694,53.3532651434644
2020-08-13,2020-08-12,300735,18.3559612724758,18.47457814661134,18.31642231443061
2020-08-13,2020-08-12,300767,48.96149033290227,48.5890472163878,49.14475599340939
2020-08-13,2020-08-12,300769,32.31842360649109,33.56899260437578,32.97988158884332
2020-08-13,2020-08-12,300773,22.12556755061388,22.06883532612512,22.17599619460388
2020-08-13,2020-08-12,600640,17.70884386483306,17.89829658635998,17.89829658635998
2020-08-14,2020-08-13,000661,419.9960310665397,418.066407752129,426.4747180400441
2020-08-14,2020-08-13,002036,11.30769094107288,11.16808981834358,11.28774792354012
2020-08-14,2020-08-13,002414,14.05846409867724,14.06222405163222,14.34046057030088
2020-08-14,2020-08-13,002458,12.19855927112535,12.06604625550661,11.97770424509411
2020-08-14,2020-08-13,002552,19.23559055483248,18.8795590587019,19.51250394071181
2020-08-14,2020-08-13,002714,59.32811843826651,58.81222175619464,59.65700257308735
2020-08-14,2020-08-13,002796,20.51,20.48,20.56
2020-08-14,2020-08-13,002817,7.152664949384981,7.133767551896513,7.176286696245565
2020-08-14,2020-08-13,002859,27.1336025049171,26.92677649671265,27.36997508572218
2020-08-14,2020-08-13,002876,30.23535546814171,30.25616915937724,30.43655448341847
2020-08-14,2020-08-13,002916,104.9359958208999,105.8979091159248,105.8614730062648
2020-08-14,2020-08-13,002931,13.4866945227367,13.10136039351565,13.12938469382263
2020-08-14,2020-08-13,002955,24.99782555051451,25.07732393565749,25.2186543981339
2020-08-14,2020-08-13,300088,10.70277405582247,10.76860834263332,10.80622793509667
2020-08-14,2020-08-13,300200,10.23474747474747,10.13643097643098,10.16592592592593
2020-08-14,2020-08-13,300393,5.089071981227294,5.11684317894204,5.144614376656786
2020-08-14,2020-08-13,300486,13.86131776187076,13.77518146602739,13.85469189295973
2020-08-14,2020-08-13,300507,6.674992859247486,6.680974035644661,6.686955212041836
2020-08-14,2020-08-13,300548,35.32047681610236,35.48913290374582,35.46967258594081
2020-08-14,2020-08-13,300552,44.97092246308225,45.23528451544524,45.49964656780823
2020-08-14,2020-08-13,300559,21.96016462258643,21.65542686546468,21.71256519492501
2020-08-14,2020-08-13,300569,5.565321757010008,5.537327180767504,5.559722841761507
2020-08-14,2020-08-13,300586,7.482308682308682,7.581665181665182,7.535808335808335
2020-08-14,2020-08-13,300602,28.18151770916945,28.14189518866447,28.28057401043191
2020-08-14,2020-08-13,300613,46.90212182570811,46.5341259031674,45.81202069667241
2020-08-14,2020-08-13,300624,43.11964198615873,43.39101436036774,43.26246955153189
2020-08-14,2020-08-13,300628,38.98018597684557,38.55032616664862,39.20446066042659
2020-08-14,2020-08-13,300659,53.44266737513284,53.7804091392136,54.02874867162593
2020-08-14,2020-08-13,300735,18.02976486860304,18.16815122176118,18.21757491931766
2020-08-14,2020-08-13,300767,49.58222886042639,50.37440945745716,51.23161980499047
2020-08-14,2020-08-13,300769,32.28741776356833,32.15305911090303,32.21162570309047
2020-08-14,2020-08-13,300773,22.04992458462887,22.03731742363137,22.25163916058888
2020-08-14,2020-08-13,600640,17.89829658635998,17.94815256570918,17.99800854505837
2020-08-17,2020-08-14,000661,421.8231140115855,420.5087329133638,421.8604014186273
2020-08-17,2020-08-14,002036,11.37749150243752,11.33760546737201,11.37749150243752
2020-08-17,2020-08-14,002414,14.28782122893114,14.18630249914663,14.2953411348411
2020-08-17,2020-08-14,002458,11.98506607929515,12.02187525030036,12.12494092911493
2020-08-17,2020-08-14,002552,18.56308661769695,18.98834646029735,18.74110236576223
2020-08-17,2020-08-14,002714,59.50868227699168,59.4441951917327,59.45709260878449
2020-08-17,2020-08-14,002796,20.65,20.63,20.72
2020-08-17,2020-08-14,002817,7.266049334315786,7.266049334315786,7.280222382432137
2020-08-17,2020-08-14,002859,27.45861480352409,27.84272024733235,27.70483624186272
2020-08-17,2020-08-14,002876,30.78344933734391,30.90139358767856,31.82413389912024
2020-08-17,2020-08-14,002916,106.072802442293,105.8104624527407,106.2476957686612
2020-08-17,2020-08-14,002931,13.11537254366914,13.1083664685924,13.34657302120177
2020-08-17,2020-08-14,002955,25.31581909108642,25.52781478480103,25.8634746331825
2020-08-17,2020-08-14,300088,11.05075528610844,11.05075528610844,11.12599447103513
2020-08-17,2020-08-14,300200,10.17575757575758,10.13643097643098,10.19542087542087
2020-08-17,2020-08-14,300393,5.11684317894204,5.11684317894204,5.151557176085473
2020-08-17,2020-08-14,300486,14.08659730484571,14.13960425613394,14.06671969811263
2020-08-17,2020-08-14,300507,6.818541092779689,6.80657873998534,6.854428151162741
2020-08-17,2020-08-14,300548,35.40480485992408,35.64481544618594,35.93672021326117
2020-08-17,2020-08-14,300552,46.64521546138119,46.64521546138119,47.18373075323173
2020-08-17,2020-08-14,300559,22.37917903862885,22.29347154443835,22.74105512521093
2020-08-17,2020-08-14,300569,5.57651958750701,5.593316333252513,5.615711994246516
2020-08-17,2020-08-14,300586,7.405880605880606,7.32945252945253,7.367666567666569
2020-08-17,2020-08-14,300602,29.70698474861131,29.9843423921462,30.16264373441862
2020-08-17,2020-08-14,300613,45.65579601257494,44.13520908735953,44.62471309753161
2020-08-17,2020-08-14,300624,43.71951776072602,44.78358312275611,45.89049675439814
2020-08-17,2020-08-14,300628,39.95827279135169,39.073633761671,38.5690157236137
2020-08-17,2020-08-14,300659,54.72409936238045,54.33668969181722,54.85323591923486
2020-08-17,2020-08-14,300735,18.39550023052098,18.59319502074689,18.55365606270171
2020-08-17,2020-08-14,300767,49.06790265190641,46.9160090898228,47.1761280918329
2020-08-17,2020-08-14,300769,32.51823903865999,32.40110585428512,32.31153341917492
2020-08-17,2020-08-14,300773,22.49747880004015,22.81896140547642,23.11522968891769
2020-08-17,2020-08-14,600640,18.07777811201708,18.08774930788692,18.16751887484562
2020-08-18,2020-08-17,000661,425.9899817485014,431.2102187343467,428.833146535435
2020-08-18,2020-08-17,002036,11.60683620406422,11.75640883555989,11.83618090569092
2020-08-18,2020-08-17,002414,14.62245704192453,14.64501675965442,14.77661511307878
2020-08-18,2020-08-17,002458,11.99978974769724,11.93353323988786,11.94825690828995
2020-08-18,2020-08-17,002552,18.74110236576223,18.98834646029735,18.83011023979488
2020-08-18,2020-08-17,002714,59.14110589101546,59.03792655460108,58.79932433914284
2020-08-18,2020-08-17,002796,20.94,20.88,20.85
2020-08-18,2020-08-17,002817,7.355811972386007,7.369985020502358,7.351087623013891
2020-08-18,2020-08-17,002859,28.06924397060389,28.05939511307034,28.23667454867416
2020-08-18,2020-08-17,002876,32.01839501731849,31.95595394361191,32.32366248877288
2020-08-18,2020-08-17,002916,107.8654590375667,108.0403523639349,107.7852995963146
2020-08-18,2020-08-17,002931,13.22046366982034,13.07333609320866,12.9121963664435
2020-08-18,2020-08-17,002955,25.92530671051593,25.81047570975385,25.99597194175414
2020-08-18,2020-08-17,300088,11.26706794277269,11.23885324842517,11.18242385973015
2020-08-18,2020-08-17,300200,10.35272727272727,10.32323232323232,10.42154882154882
2020-08-18,2020-08-17,300393,5.519525545805864,5.60978193837879,5.720866729237776
2020-08-18,2020-08-17,300486,14.1064749115788,14.04684209137954,14.1064749115788
2020-08-18,2020-08-17,300507,6.920221091531667,6.956108149914719,6.914239915134493
2020-08-18,2020-08-17,300548,36.41025461318321,37.33137632262058,36.90973610351192
2020-08-18,2020-08-17,300552,47.8691138519506,47.9572345360716,47.83974029057693
2020-08-18,2020-08-17,300559,22.53154791718973,22.08396433641715,21.34116605343287
2020-08-18,2020-08-17,300569,5.705294638222533,5.68849789247703,5.68849789247703
2020-08-18,2020-08-17,300586,7.413523413523413,7.413523413523413,7.482308682308682
2020-08-18,2020-08-17,300602,30.03387054277743,29.92490861138872,29.88528609088374
2020-08-18,2020-08-17,300613,48.45742534738963,49.92246571825927,52.803943224946
2020-08-18,2020-08-17,300624,46.86886557720432,51.55360972144415,51.55360972144415
2020-08-18,2020-08-17,300628,38.67492321308251,38.74968144094286,39.83367574491778
2020-08-18,2020-08-17,300659,56.72074920297556,56.99888947927737,56.35320669500531
2020-08-18,2020-08-17,300735,18.87985246657446,18.80077455048409,18.65250345781466
2020-08-18,2020-08-17,300767,48.71319492189263,48.80187185439607,49.77731811193397
2020-08-18,2020-08-17,300769,32.47000772744681,32.63537222303487,32.61814675474444
2020-08-18,2020-08-17,300773,23.18456907440394,23.80862354378023,23.83383786577523
2020-08-18,2020-08-17,600640,18.26723083354401,18.26723083354401,18.36694279224239
2020-08-19,2020-08-18,000661,435.7033512828779,429.6721131938745,427.9662143217143
2020-08-19,2020-08-18,002036,12.76353122096409,12.54415802810377,12.36467087030896
2020-08-19,2020-08-18,002414,14.65629661851936,14.44197930008539,14.09606362822706
2020-08-19,2020-08-18,002458,11.95561874249099,11.87463856627953,11.82310572687224
2020-08-19,2020-08-18,002552,19.80919685415396,19.38393701155355,19.23559055483248
2020-08-19,2020-08-18,002714,58.79287563061694,58.9476446352385,58.56717083221049
2020-08-19,2020-08-18,002796,20.74,20.63,20.46
2020-08-19,2020-08-18,002817,7.294395430548487,7.256600635571552,7.171562346873448
2020-08-19,2020-08-18,002859,28.36470969661025,28.37455855414379,28.14803483087225
2020-08-19,2020-08-18,002876,32.67055734269833,32.47629622450008,32.08777398810358
2020-08-19,2020-08-18,002916,106.7140779723096,105.8979091159248,104.7246663848717
2020-08-19,2020-08-18,002931,12.87015991598302,12.93321459167374,12.8211173904458
2020-08-19,2020-08-18,002955,25.8988072488016,25.84580832537295,25.66031209337267
2020-08-19,2020-08-18,300088,11.10718467480346,11.01313569364509,10.74039364828582
2020-08-19,2020-08-18,300200,10.70666666666667,10.54936026936027,10.52969696969697
2020-08-19,2020-08-18,300393,5.658381534379597,5.637553136093536,5.658381534379597
2020-08-19,2020-08-18,300486,14.11310078048982,14.11310078048982,14.04021622246852
2020-08-19,2020-08-18,300507,6.944145797120368,6.884334033148616,6.824522269176865
2020-08-19,2020-08-18,300548,37.33137632262058,36.52052974741162,35.98861439407454
2020-08-19,2020-08-18,300552,47.39913686997194,46.65500664850575,46.15565610515343
2020-08-19,2020-08-18,300559,22.10301044623726,21.87445712839594,21.65542686546468
2020-08-19,2020-08-18,300569,5.694096807725531,5.699695722974032,5.638107655240521
2020-08-19,2020-08-18,300586,7.925591525591525,8.017305217305218,8.040233640233641
2020-08-19,2020-08-18,300602,29.71689037873756,29.31075954356148,29.26123139293025
2020-08-19,2020-08-18,300613,53.30386221405791,54.00513746267324,55.18897340216743
2020-08-19,2020-08-18,300624,51.55360972144415,52.48913027463839,51.26081321242917
2020-08-19,2020-08-18,300628,39.03625464774083,38.78083070255133,38.78706055487302
2020-08-19,2020-08-18,300659,55.68765674814028,55.3697821466525,54.83336875664187
2020-08-19,2020-08-18,300735,18.64261871830336,18.3361917934532,18.15826648224989
2020-08-19,2020-08-18,300767,51.5567685575031,51.33803212399461,52.9105697270557
2020-08-19,2020-08-18,300769,32.41833132257554,31.79132427680415,31.38824831880826
2020-08-19,2020-08-18,300773,23.73928415829397,23.61951612881772,24.167927632209
2020-08-19,2020-08-18,600640,19.55351510075316,19.42388955444526,19.15466726595963
2020-08-20,2020-08-19,000661,418.2714884908586,421.5341366070119,424.451876208029
2020-08-20,2020-08-19,000708,16.61851251186099,16.68830154078219,16.81915597000944
2020-08-20,2020-08-19,002158,12.1332037478738,12.11510799284341,12.17844313544976
2020-08-20,2020-08-19,002551,8.272684073494089,8.202830287590039,8.242746736678068
2020-08-20,2020-08-19,002627,6.911509224951296,6.96018182512701,7.008854425302723
2020-08-20,2020-08-19,002676,3.781615044122843,3.721747787487653,3.721747787487653
2020-08-20,2020-08-19,002777,19.00944639051923,18.80840641694147,19.18814858925501
2020-08-20,2020-08-19,002796,20.35,20.19,20.44
2020-08-20,2020-08-19,002817,7.176286696245565,7.081799708803227,7.114870154408046
2020-08-20,2020-08-19,002878,19.43938112993381,19.07851328287105,19.40139504076931
2020-08-20,2020-08-19,002931,12.70201411414111,12.57590476275967,12.72303233937135
2020-08-20,2020-08-19,002955,25.58081370822969,25.45714955356283,25.57198055432491
2020-08-20,2020-08-19,300200,10.34289562289562,10.23474747474747,10.30356902356902
2020-08-20,2020-08-19,300348,20.74454475787627,20.7049370351882,21.20003356878907
2020-08-20,2020-08-19,300385,7.08,7.12,7.11
2020-08-20,2020-08-19,300393,5.457040350947684,5.450097551518997,5.415383554375564
2020-08-20,2020-08-19,300417,17.69766428092108,17.52039218461803,17.60902823276956
2020-08-20,2020-08-19,300432,4.393705026406326,4.304133786597614,4.313562338156426
2020-08-20,2020-08-19,300468,14.0135253350096,14.10339162974313,14.54148981656908
2020-08-20,2020-08-19,300486,14.33838032346478,14.06671969811263,14.12635251831188
2020-08-20,2020-08-19,300543,10.15583310644153,10.08906722042402,10.25969115135766
2020-08-20,2020-08-19,300552,45.57797606480467,45.15695501844879,46.02837067253421
2020-08-20,2020-08-19,300559,21.33164299852282,21.07452051595133,21.42687354762337
2020-08-20,2020-08-19,300568,7.39320034087454,7.328981445405488,7.449391874409959
2020-08-20,2020-08-19,300569,5.526129350270501,5.486936943530994,5.542926096016005
2020-08-20,2020-08-19,300586,8.040233640233641,7.795663795663796,7.826235026235026
2020-08-20,2020-08-19,300628,38.13292606109506,37.18598850819741,37.11123028033708
2020-08-20,2020-08-19,300659,53.44266737513284,52.83671891604676,53.84001062699257
2020-08-20,2020-08-19,300735,18.06930382664822,18.08907330567082,18.17803596127247
2020-08-20,2020-08-19,300767,51.84644653701436,51.25526698699139,51.00105978048151
2020-08-20,2020-08-19,300773,23.49344451884271,23.12783684991519,23.63842687031397
2020-08-20,2020-08-19,600052,3.695248508726507,3.675328031590515,3.705208747294503
2020-08-20,2020-08-19,600579,6.55,6.39,6.42
2020-08-21,2020-08-20,000661,418.5604658954322,426.8475921104617,423.8273121400798
2020-08-21,2020-08-20,000708,16.78426145554884,16.59234162601554,16.57489436878524
2020-08-21,2020-08-20,002158,11.90700680999397,12.00653346266109,12.1241558703586
2020-08-21,2020-08-20,002551,8.23276762440606,8.282663185766099,8.302621410310113
2020-08-21,2020-08-20,002627,6.911509224951296,6.940712785056724,6.950447305091867
2020-08-21,2020-08-20,002676,3.701792035275922,3.721747787487653,3.731725663593518
2020-08-21,2020-08-20,002777,19.16581081441304,19.26260783872826,19.28494561357023
2020-08-21,2020-08-20,002796,20.32,20.47,20.5
2020-08-21,2020-08-20,002817,7.100697106291695,7.157389298757098,7.162113648129215
2020-08-21,2020-08-20,002878,19.63880809804745,19.71478027637646,19.84773158845221
2020-08-21,2020-08-20,002931,12.61093513814341,12.65297158860388,12.70902018921785
2020-08-21,2020-08-20,002955,25.59848001603924,25.97830563394458,25.88997409489683
2020-08-21,2020-08-20,300200,10.29373737373737,10.42154882154882,10.41171717171717
2020-08-21,2020-08-20,300348,21.00199495534872,21.20993549946109,21.19013163811705
2020-08-21,2020-08-20,300385,7.1,7.14,7.22
2020-08-21,2020-08-20,300393,5.304298763516578,5.325127161802638,5.332069961231324
2020-08-21,2020-08-20,300417,17.776451879278,18.11129917229487,18.209783670241
2020-08-21,2020-08-20,300432,4.256991028803554,4.304133786597614,4.294705235038801
2020-08-21,2020-08-20,300468,14.18764128105581,14.24942435868511,14.33929065341864
2020-08-21,2020-08-20,300486,13.71554864582814,13.88782123751487,14.02033861573543
2020-08-21,2020-08-20,300543,10.22259899245904,10.31903860559545,10.42289665051158
2020-08-21,2020-08-20,300552,45.724843871673,48.37825558242747,48.86781493865523
2020-08-21,2020-08-20,300559,21.05547440613122,21.36973521816304,21.35068910834293
2020-08-21,2020-08-20,300568,7.557761260513983,7.630007517916667,7.90695150462695
2020-08-21,2020-08-20,300569,5.526129350270501,5.587717418004012,5.593316333252513
2020-08-21,2020-08-20,300586,7.895020295020295,7.87973467973468,7.826235026235026
2020-08-21,2020-08-20,300628,35.95247774850181,35.90886878224994,35.8341105543896
2020-08-21,2020-08-20,300659,53.24399574920298,53.34333156216791,54.66449787460149
2020-08-21,2020-08-20,300735,18.14838174273859,18.43503918856616,18.39550023052098
2020-08-21,2020-08-20,300767,51.26709057799185,51.43853264749851,51.66909267200747
2020-08-21,2020-08-20,300773,23.13414043041394,23.19087265490269,23.28542636238394
2020-08-21,2020-08-20,600052,3.685288270158512,3.695248508726507,3.725129224430495
2020-08-21,2020-08-20,600579,6.32,6.41,6.36
2020-08-24,2020-08-21,000661,415.7639103673008,413.8902181634527,404.0183771491487
2020-08-24,2020-08-21,000708,16.65340702632159,16.53999985432464,16.66213065493674
2020-08-24,2020-08-21,002158,12.2598740330865,12.41368795084478,12.30511342066246
2020-08-24,2020-08-21,002551,8.252725848950075,8.252725848950075,8.182872063046023
2020-08-24,2020-08-21,002627,6.96018182512701,6.911509224951296,6.794694984529585
2020-08-24,2020-08-21,002676,3.731725663593518,3.761659291911112,3.731725663593518
2020-08-24,2020-08-21,002777,19.0615678651505,18.92754121609866,18.77862271715217
2020-08-24,2020-08-21,002796,20.25,20.21,20.17
2020-08-24,2020-08-21,002817,7.114870154408046,7.105421455663811,7.048729263198409
2020-08-24,2020-08-21,002878,19.7337733209587,19.54384287513619,19.47736721909832
2020-08-24,2020-08-21,002931,12.88417206613651,13.02429356767144,12.77908093998532
2020-08-24,2020-08-21,002955,25.66914524727744,25.54548109261059,25.53664793870581
2020-08-24,2020-08-21,300200,10.26424242424242,10.43138047138047,10.35272727272727
2020-08-24,2020-08-21,300348,20.77425054989232,20.94258337131662,20.65542738182812
2020-08-24,2020-08-21,300385,7.16,7.18,7.08
2020-08-24,2020-08-21,300393,5.234870769229713,5.262641966944459,5.255699167515773
2020-08-24,2020-08-21,300417,18.16054142126794,18.06205692332179,17.87493637722413
2020-08-24,2020-08-21,300432,4.318276613935831,4.379562199068108,4.318276613935831
2020-08-24,2020-08-21,300468,14.08092505605975,14.23257442842258,14.04160855211383
2020-08-24,2020-08-21,300486,13.86794363078178,13.98058340226926,13.64928995671786
2020-08-24,2020-08-21,300543,10.32645703737517,10.29678331025628,10.1780884017807
2020-08-24,2020-08-21,300552,48.95593562277623,50.5812726854524,51.06104085455561
2020-08-24,2020-08-21,300559,21.5030579869038,21.2078432846921,21.07452051595133
2020-08-24,2020-08-21,300568,7.87885573785924,7.830691566257452,7.814636842390189
2020-08-24,2020-08-21,300569,5.604514163749515,5.68849789247703,5.666102231483026
2020-08-24,2020-08-21,300586,7.749806949806951,7.696307296307297,7.612236412236413
2020-08-24,2020-08-21,300628,35.40425074419264,35.89640907760655,35.42917015347943
2020-08-24,2020-08-21,300659,53.27379649309245,52.85658607863974,51.55528692879915
2020-08-24,2020-08-21,300735,18.17803596127247,18.03964960811434,17.94080221300138
2020-08-24,2020-08-21,300767,52.28983119953158,52.06518297052286,51.21979621399001
2020-08-24,2020-08-21,300773,22.64246115151141,23.02067598143643,22.71810411749641
2020-08-24,2020-08-21,600052,3.715168985862499,3.655407554454523,3.61556660018254
2020-08-24,2020-08-21,600579,6.31,6.24,6.2
2020-08-25,2020-08-24,000661,411.0936626353213,413.4334474271912,416.6960955433445
2020-08-25,2020-08-24,000708,16.22594922417924,16.20850196694893,16.33935639617619
2020-08-25,2020-08-24,002158,12.33225705320804,12.37749644078401,12.44083158339036
2020-08-25,2020-08-24,002551,8.31260052258212,8.242746736678068,8.192851175318033
2020-08-25,2020-08-24,002627,6.882305664845869,7.008854425302723,6.921243744986439
2020-08-25,2020-08-24,002676,3.761659291911112,3.741703539699382,3.731725663593518
2020-08-25,2020-08-24,002777,18.96477084083528,18.9722167657826,18.97966269072993
2020-08-25,2020-08-24,002796,20.23,20.28,20.42
2020-08-25,2020-08-24,002817,7.171562346873448,7.2140814912225,7.204632792478266
2020-08-25,2020-08-24,002878,19.46787069680719,19.64830462033857,19.55333939742732
2020-08-25,2020-08-24,002931,12.8211173904458,12.81411131536905,12.77207486490857
2020-08-25,2020-08-24,002955,25.81047570975385,25.8281420175634,25.81930886365863
2020-08-25,2020-08-24,300200,10.61818181818182,10.60835016835017,10.56902356902357
2020-08-25,2020-08-24,300348,22.03179574523852,22.04169767591054,22.17042277464676
2020-08-25,2020-08-24,300385,7.24,7.26,7.25
2020-08-25,2020-08-24,300393,5.582010740664042,5.582010740664042,5.561182342377983
2020-08-25,2020-08-24,300417,18.45599491510635,18.41660111592789,18.33781351757099
2020-08-25,2020-08-24,300432,4.572847506023751,4.700132952067712,4.733132882523552
2020-08-25,2020-08-24,300468,14.58642296393585,14.47970673893978,14.78300548366544
2020-08-25,2020-08-24,300486,13.71554864582814,13.8944471064259,14.0600938292016
2020-08-25,2020-08-24,300543,10.54900999076688,10.54159155898716,10.54159155898716
2020-08-25,2020-08-24,300552,50.97292017043461,49.22029767513923,49.30841835926022
2020-08-25,2020-08-24,300559,21.61733464582446,21.61733464582446,21.64590381055462
2020-08-25,2020-08-24,300568,7.979197762029632,7.951101995261923,7.975184081062818
2020-08-25,2020-08-24,300569,5.783679451701548,5.806075112695551,5.755684875459042
2020-08-25,2020-08-24,300586,8.177804177804177,8.26951786951787,8.261875061875063
2020-08-25,2020-08-24,300628,35.82165084974621,36.02100612404045,35.82165084974621
2020-08-25,2020-08-24,300659,52.59831296493093,52.71751594048884,52.74731668437833
2020-08-25,2020-08-24,300735,18.41526970954357,18.53388658367911,18.3559612724758
2020-08-25,2020-08-24,300767,55.48220076965561,55.48811256515584,55.34622947315034
2020-08-25,2020-08-24,300773,23.85274860727149,24.33182072517651,24.30030282268276
2020-08-25,2020-08-24,600052,3.645447315886528,3.66536779302252,3.655407554454523
2020-08-25,2020-08-24,600579,6.11,6.15,6.13
2020-08-26,2020-08-25,000661,417.4231999806588,423.6781625119127,433.046623531153
2020-08-26,2020-08-25,000708,16.01658213741563,15.99913488018533,15.87700407957323
2020-08-26,2020-08-25,002158,12.71226790884615,12.67607639878538,12.92941696921078
2020-08-26,2020-08-25,002551,8.142955613957994,8.12299738941398,8.12299738941398
2020-08-26,2020-08-25,002627,6.930978265021582,6.862836624775583,6.882305664845869
2020-08-26,2020-08-25,002676,3.701792035275922,3.671858406958327,3.681836283064192
2020-08-26,2020-08-25,002777,18.86052789157274,19.13602711462374,19.25516191378093
2020-08-26,2020-08-25,002796,20.5,20.39,20.35
2020-08-26,2020-08-25,002817,7.204632792478266,7.166837997501331,7.232978888710968
2020-08-26,2020-08-25,002878,19.47736721909832,19.52484983055394,19.40139504076931
2020-08-26,2020-08-25,002931,13.49370059781345,14.01215015349267,13.82999220149727
2020-08-26,2020-08-25,002955,25.73097732461087,25.98713878784936,26.11963609642099
2020-08-26,2020-08-25,300200,11.19824915824916,11.09010101010101,11.6013468013468
2020-08-26,2020-08-25,300348,22.62591158555956,21.92287450784633,21.72483589440598
2020-08-26,2020-08-25,300385,7.74,8.039999999999999,8.93
2020-08-26,2020-08-25,300393,5.582010740664042,5.658381534379597,5.595896339521417
2020-08-26,2020-08-25,300417,18.89917515586398,18.61357011182017,18.75144840894476
2020-08-26,2020-08-25,300432,4.799132743435236,4.723704330964741,4.690704400508899
2020-08-26,2020-08-25,300468,15.28850339154154,14.9627380731325,14.8279386310322
2020-08-26,2020-08-25,300486,14.42451661930814,14.41789075039712,14.2257405519773
2020-08-26,2020-08-25,300543,10.89767628441389,10.74930764881942,10.72705235348025
2020-08-26,2020-08-25,300552,49.98401027085453,52.54930129748801,51.28623815842038
2020-08-26,2020-08-25,300559,21.16975106505188,21.18879717487199,21.14118190032172
2020-08-26,2020-08-25,300568,7.987225123963264,7.918992547527398,7.882869418826056
2020-08-26,2020-08-25,300569,5.890058841423066,6.013234976890089,5.912454502417071
2020-08-26,2020-08-25,300586,8.590515790515791,8.330660330660331,8.323017523017525
2020-08-26,2020-08-25,300628,35.94001804385842,36.05838523797062,36.12691361350927
2020-08-26,2020-08-25,300659,52.36984059511158,52.11156748140277,52.23077045696068
2020-08-26,2020-08-25,300735,18.86008298755186,18.53388658367911,18.37573075149838
2020-08-26,2020-08-25,300767,53.54904364108051,53.73822109708786,53.11157077406352
2020-08-26,2020-08-25,300773,24.26878492018901,23.90317725126149,23.80231996328148
2020-08-26,2020-08-25,600052,3.605606361614544,3.555805168774564,3.545844930206568
2020-08-26,2020-08-25,600579,6.14,5.99,6.01
2020-08-27,2020-08-26,000017,2.66,2.64,2.67
2020-08-27,2020-08-26,000661,421.3476995718032,413.8902181634527,415.1859555581536
2020-08-27,2020-08-26,000708,15.45826990604602,15.52805893496722,15.37103361989452
2020-08-27,2020-08-26,002238,7.388491620111732,7.736536312849163,7.716648044692738
2020-08-27,2020-08-26,002796,20.37,20.13,20.21
2020-08-27,2020-08-26,002809,12.55906065851429,12.71071724005106,12.80550260351155
2020-08-27,2020-08-26,002817,7.19990844310615,7.147940600012864,7.171562346873448
2020-08-27,2020-08-26,002840,11.83665514833488,11.8466019173671,11.87644222446374
2020-08-27,2020-08-26,002860,10.33445230504294,10.3766337430227,10.41178494133918
2020-08-27,2020-08-26,002878,18.97405153766867,18.95505849308642,19.0595202382888
2020-08-27,2020-08-26,002916,100.0535571264553,99.49244103769074,100.2430248966874
2020-08-27,2020-08-26,300227,10.53846245070049,10.53846245070049,10.70699853881141
2020-08-27,2020-08-26,300229,11.1660114322039,11.06684614417367,11.18584448980994
2020-08-27,2020-08-26,300348,20.42768297637172,20.33856560032356,20.33856560032356
2020-08-27,2020-08-26,300393,5.755580726381209,5.693095531523029,5.720866729237776
2020-08-27,2020-08-26,300417,18.46584336490096,18.26887436900869,18.65296391099863
2020-08-27,2020-08-26,300468,14.42354030473133,13.97982547448453,14.14270813368905
2020-08-27,2020-08-26,300486,13.682419301273,13.2583636909672,13.5167725784973
2020-08-27,2020-08-26,300529,62.52142115917117,63.67190664475221,64.80482746643126
2020-08-27,2020-08-26,300543,10.60093901322495,11.03120805644891,10.89767628441389
2020-08-27,2020-08-26,300548,34.44476251487668,34.40584187926665,34.45124928747835
2020-08-27,2020-08-26,300552,51.05124966743105,50.48336081420685,49.70006584424243
2020-08-27,2020-08-26,300568,7.65408960371756,7.621980155983034,7.65408960371756
2020-08-27,2020-08-26,300569,5.822871858441055,5.794877282198549,5.828470773689555
2020-08-27,2020-08-26,300607,29.53068679976164,29.14542416393952,29.30442144221532
2020-08-27,2020-08-26,300638,20.4579336226585,20.60531180274069,20.8847162691465
2020-08-27,2020-08-26,300657,15.31803797275122,15.12697784619304,15.21835442845999
2020-08-27,2020-08-26,300664,9.488072246074529,9.198858637787104,9.236176522727417
2020-08-27,2020-08-26,300735,18.02976486860304,17.89137851544491,17.97045643153527
2020-08-27,2020-08-26,300773,22.5289967025339,22.23903199959138,22.35880002906764
2020-08-27,2020-08-26,600052,3.446242544526608,3.436282305958612,3.456202783094604
2020-08-27,2020-08-26,601100,60.8108151426072,61.66596723055012,61.1908827372485
2020-08-28,2020-08-27,000017,2.67,2.65,2.64
2020-08-28,2020-08-27,000661,423.1281732580469,422.6247932629832,419.6511225514034
2020-08-28,2020-08-27,000708,15.51061167773692,15.52805893496722,15.55422982081267
2020-08-28,2020-08-27,002238,7.597318435754191,7.517765363128492,7.487932960893856
2020-08-28,2020-08-27,002796,20.27,20.24,20.31
2020-08-28,2020-08-27,002809,12.74863138543525,12.69176016735896,12.70123870370501
2020-08-28,2020-08-27,002817,7.19990844310615,7.19990844310615,7.209357141850384
2020-08-28,2020-08-27,002840,11.85654868639931,11.7769745341416,11.75708099607717
2020-08-28,2020-08-27,002860,10.55941997426836,10.55941997426836,10.5102082966253
2020-08-28,2020-08-27,002878,19.5818289643007,20.05665507885697,20.09464116802147
2020-08-28,2020-08-27,002916,100.0316954606593,100.0608443483873,99.74020658337898
2020-08-28,2020-08-27,300227,11.07381237764106,10.8953624019942,10.87553462692233
2020-08-28,2020-08-27,300229,11.42384118108249,11.35442547946133,11.36434200826436
2020-08-28,2020-08-27,300348,20.89307371795653,20.9920930246767,21.13072005408495
2020-08-28,2020-08-27,300393,5.998578706385241,5.991635906956555,5.929150712098374
2020-08-28,2020-08-27,300417,18.9188720554532,17.81584567845645,17.76660342948338
2020-08-28,2020-08-27,300468,14.34490729683949,14.36175722710203,14.65382268498599
2020-08-28,2020-08-27,300486,13.86131776187076,13.80831081058253,13.8016849416715
2020-08-28,2020-08-27,300529,64.22519355766522,64.63796315936224,65.51619635446227
2020-08-28,2020-08-27,300543,10.99411589755029,10.90509471619361,10.86058412551527
2020-08-28,2020-08-27,300548,35.87833925984612,35.87833925984612,35.6772493091943
2020-08-28,2020-08-27,300552,50.05254858072642,49.54340685024955,49.15175936526734
2020-08-28,2020-08-27,300568,8.131717638768631,8.211991258104945,8.027361933631422
2020-08-28,2020-08-27,300569,6.063625214126598,6.058026298878097,6.041229553132593
2020-08-28,2020-08-27,300607,28.93750464619426,29.83645079644586,29.47564928035848
2020-08-28,2020-08-27,300638,21.49265126198552,21.37290649066874,21.06279823674581
2020-08-28,2020-08-27,300657,15.70015822586757,16.05735759291111,15.74169303598891
2020-08-28,2020-08-27,300664,9.320141763843122,9.254835465197575,9.142881810376636
2020-08-28,2020-08-27,300735,18.06930382664822,18.14838174273859,17.97045643153527
2020-08-28,2020-08-27,300773,22.78113992248392,22.78113992248392,22.85047930797017
2020-08-28,2020-08-27,600052,3.486083498798592,3.476123260230596,3.476123260230596
2020-08-28,2020-08-27,601100,61.76098412921043,62.04603482519141,62.26457369211015
2020-08-31,2020-08-28,000017,2.61,2.61,2.62
2020-08-31,2020-08-28,000661,431.5458053977225,435.1999712878143,432.2542661315157
2020-08-31,2020-08-28,000708,15.65891336419447,15.78104416480658,15.70253150727023
2020-08-31,2020-08-28,002238,7.458100558659218,7.458100558659218,7.487932960893856
2020-08-31,2020-08-28,002796,20.33,20.31,20.42
2020-08-31,2020-08-28,002809,12.8149811398576,13.00455186677857,12.91924503966413
2020-08-31,2020-08-28,002817,7.223530189966734,7.27549803306002,7.251876286199435
2020-08-31,2020-08-28,002840,11.87644222446374,12.03559052897917,11.96596314575367
2020-08-31,2020-08-28,002860,10.52426877595189,10.59457117258483,10.54535949494177
2020-08-31,2020-08-28,002878,20.48399858195761,20.45550901508424,20.67392902778012
2020-08-31,2020-08-28,002916,101.3944059619445,101.9409476068451,102.4583403640176
2020-08-31,2020-08-28,300227,11.04407071503325,11.20269291560823,11.11346792778481
2020-08-31,2020-08-28,300229,11.54283952671877,11.61225522833993,11.60233869953691
2020-08-31,2020-08-28,300348,21.06140653938082,21.93277643851835,22.59620579354351
2020-08-31,2020-08-28,300393,6.0194071046713,6.005521505813928,6.012464305242614
2020-08-31,2020-08-28,300417,17.89463327681336,17.96357242537566,17.9931177747595
2020-08-31,2020-08-28,300468,14.69875583235276,15.1480873060204,15.00767122049926
2020-08-31,2020-08-28,300486,13.81493667949356,13.85469189295973,13.71554864582814
2020-08-31,2020-08-28,300529,68.01037862854636,67.44830938368234,66.76328749150431
2020-08-31,2020-08-28,300543,10.91993157975306,10.91251314797333,11.05346335178808
2020-08-31,2020-08-28,300548,36.05348212009126,36.64377842684338,36.32592656936147
2020-08-31,2020-08-28,300552,49.54340685024955,49.40633023050577,49.70985703136699
2020-08-31,2020-08-28,300568,8.043416657498684,7.995252485896897,8.043416657498684
2020-08-31,2020-08-28,300569,6.545131925497685,6.690703721958712,6.612318908479698
2020-08-31,2020-08-28,300607,29.96487167505323,30.50301630921745,30.54582326875324
2020-08-31,2020-08-28,300638,21.36983611191702,21.2869358856208,21.33913232439991
2020-08-31,2020-08-28,300657,16.13212025112954,15.95767404861989,16.115506327081
2020-08-31,2020-08-28,300664,9.189529166552026,9.152211281611715,9.254835465197575
2020-08-31,2020-08-28,300735,18.00011065006916,18.27688335638543,18.15826648224989
2020-08-31,2020-08-28,300773,23.12153326941644,23.52496242133646,23.70146267530147
2020-08-31,2020-08-28,600052,3.51596421450258,3.506003975934584,3.525924453070576
2020-08-31,2020-08-28,601100,63.82285083013946,64.37394884236934,63.75633900107723
2020-09-01,2020-08-31,000017,2.59,2.61,2.6
2020-09-01,2020-08-31,000661,435.8897883180867,438.1270327405918,442.3964408468725
2020-09-01,2020-08-31,000708,15.76359690757628,15.65018973557933,15.83338593649748
2020-09-01,2020-08-31,002238,7.33877094972067,7.388491620111732,7.37854748603352
2020-09-01,2020-08-31,002796,20.27,20.27,20.23
2020-09-01,2020-08-31,002809,13.02350893947066,12.99507333043252,12.96663772139437
2020-09-01,2020-08-31,002817,7.2140814912225,7.218805840594617,7.223530189966734
2020-09-01,2020-08-31,002840,11.92617606962481,11.8466019173671,11.81676161027045
2020-09-01,2020-08-31,002860,10.40475470167588,10.34851278436953,10.33445230504294
2020-09-01,2020-08-31,002878,20.17061334635047,20.2180959578061,20.1041376903126
2020-09-01,2020-08-31,002916,101.0373320872762,101.3579698522845,101.919085941049
2020-09-01,2020-08-31,300227,11.02424293996138,10.96475961474576,10.88544851445827
2020-09-01,2020-08-31,300229,11.30484283544622,11.2552601914311,11.27509324903715
2020-09-01,2020-08-31,300348,22.69522510026368,23.26953707924068,24.15080890905023
2020-09-01,2020-08-31,300393,5.887493915526255,5.790294723524642,5.797237522953329
2020-09-01,2020-08-31,300417,17.71736118051031,17.61887668256417,17.64842203194802
2020-09-01,2020-08-31,300468,14.93465485602827,14.97958800339504,15.09753751523279
2020-09-01,2020-08-31,300486,13.51014670958627,13.38425520027674,13.39750693809879
2020-09-01,2020-08-31,300529,66.93015179857332,67.37805072807434,67.80838499367334
2020-09-01,2020-08-31,300543,10.83091039839637,10.92735001153278,10.81607353483693
2020-09-01,2020-08-31,300548,35.26858263528898,35.01559850382379,35.32047681610236
2020-09-01,2020-08-31,300552,48.65240882191502,48.62303526054135,47.88869622619971
2020-09-01,2020-08-31,300568,7.87885573785924,7.90695150462695,8.115662914901367
2020-09-01,2020-08-31,300569,6.718698298201216,6.746692874443722,6.830676603171237
2020-09-01,2020-08-31,300607,31.1084290226522,30.90662478484061,30.81489558583535
2020-09-01,2020-08-31,300638,21.39132876317901,21.19175414431772,21.10271316051807
2020-09-01,2020-08-31,300657,15.16020569429011,15.25988923858134,15.11867088416877
2020-09-01,2020-08-31,300664,9.077575511731089,9.086904982966166,9.06824604049601
2020-09-01,2020-08-31,300735,18.08907330567082,18.00011065006916,18.01988012909175
2020-09-01,2020-08-31,300773,24.26878492018901,24.39485653016402,24.58396394512653
2020-09-01,2020-08-31,600052,3.506003975934584,3.496043737366588,3.496043737366588
2020-09-01,2020-08-31,601100,62.24557031237809,62.67314635634953,63.20524098884735
2020-09-02,2020-09-01,000017,2.62,2.6,2.61
2020-09-02,2020-09-01,000661,436.7194331247657,439.2642986553653,431.387333917795
2020-09-02,2020-09-01,000708,15.83338593649748,15.78104416480658,15.75487327896112
2020-09-02,2020-09-01,002238,7.398435754189945,7.438212290502794,7.408379888268157
2020-09-02,2020-09-01,002796,20.18,20.16,20.22
2020-09-02,2020-09-01,002809,12.97611625774042,13.00455186677857,13.1277728392772
2020-09-02,2020-09-01,002817,7.19990844310615,7.228254539338852,7.19990844310615
2020-09-02,2020-09-01,002840,11.97590991478588,12.10521791220467,12.02564375994695
2020-09-02,2020-09-01,002860,10.34851278436953,10.5102082966253,10.5102082966253
2020-09-02,2020-09-01,002878,20.41752292591974,20.2560820469706,20.30356465842623
2020-09-02,2020-09-01,002916,103.2890836642664,102.7279675755018,102.3271703692414
2020-09-02,2020-09-01,300227,10.75656797649109,10.82596518924265,10.72682631388328
2020-09-02,2020-09-01,300229,11.44367423868854,11.3841750658704,11.36434200826436
2020-09-02,2020-09-01,300348,23.19032163386455,22.73483282295175,22.82395019899991
2020-09-02,2020-09-01,300393,5.991635906956555,6.331833078962198,6.408203872677752
2020-09-02,2020-09-01,300417,17.57948288338572,17.80599722866183,17.6385735821534
2020-09-02,2020-09-01,300468,14.72683904945698,14.71560576261529,14.56395639025246
2020-09-02,2020-09-01,300486,13.66916756345094,13.48364323394216,13.64266408780683
2020-09-02,2020-09-01,300529,68.22115459537038,68.59001253731238,69.05547613071539
2020-09-02,2020-09-01,300543,11.12764766958532,11.04604492000836,11.26117944162034
2020-09-02,2020-09-01,300548,34.96370432301041,35.21668845447561,35.15830750106057
2020-09-02,2020-09-01,300552,48.31950845968014,48.71115594466235,48.9853091841499
2020-09-02,2020-09-01,300568,8.280223834540811,8.207977577138129,8.163827086503156
2020-09-02,2020-09-01,300569,6.914660331898753,6.89786358615325,6.942654908141257
2020-09-02,2020-09-01,300607,30.66812886742693,30.4051718302785,30.21559815233428
2020-09-02,2020-09-01,300638,20.9369127079256,21.17947262931087,21.10885391802149
2020-09-02,2020-09-01,300657,15.32634493477548,15.19343354238719,15.19343354238719
2020-09-02,2020-09-01,300664,9.002939741850463,8.984280799380306,9.133552339141556
2020-09-02,2020-09-01,300735,18.02976486860304,18.04953434762563,18.06930382664822
2020-09-02,2020-09-01,300773,24.33182072517651,24.11119540772025,23.85274860727149
2020-09-02,2020-09-01,600052,3.496043737366588,3.4661630216626,3.476123260230596
2020-09-02,2020-09-01,601100,63.7753423808093,64.25042687411091,64.53547757009189
2020-09-03,2020-09-02,000661,426.4747180400441,423.3146102932556,424.8340721302071
2020-09-03,2020-09-02,000708,15.47571716327632,15.36230999127937,15.65018973557933
2020-09-03,2020-09-02,002238,7.418324022346369,7.368603351955308,7.348715083798883
2020-09-03,2020-09-02,002414,15.19020993812679,15.34812796223603,15.08493125538729
2020-09-03,2020-09-02,002458,11.32986283540248,11.26360632759311,11.1899879855827
2020-09-03,2020-09-02,002627,6.346907062913021,6.376110623018449,6.327438022842736
2020-09-03,2020-09-02,002638,1.55,1.55,1.57
2020-09-03,2020-09-02,002688,7.64,7.61,7.56
2020-09-03,2020-09-02,002817,7.166837997501331,7.209357141850384,7.195184093734033
2020-09-03,2020-09-02,002859,28.00030196786908,27.80332481719817,27.6358942391279
2020-09-03,2020-09-02,002860,10.46099661898224,10.36257326369611,10.30633134638976
2020-09-03,2020-09-02,002869,49.60221389872177,49.22139075938418,49.47844637843705
2020-09-03,2020-09-02,002878,20.37953683675524,20.7024185946535,20.56946728257774
2020-09-03,2020-09-02,002956,24.29023565093702,24.29482651006591,24.49223345260802
2020-09-03,2020-09-02,300220,34.23,34.12,33.6
2020-09-03,2020-09-02,300227,11.40097066632696,11.50010954168633,11.28200401589573
2020-09-03,2020-09-02,300348,23.14081198050446,23.80424133552962,23.10120425781639
2020-09-03,2020-09-02,300393,6.366547076105632,6.324890279533512,6.2276910875319
2020-09-03,2020-09-02,300417,18.48554026449019,18.54463096325787,18.81053910771245
2020-09-03,2020-09-02,300468,15.23233695733308,14.94588814286996,14.84478856129474
2020-09-03,2020-09-02,300529,68.8973941555974,69.53850438802043,70.46064924287545
2020-09-03,2020-09-02,300548,35.43723872293245,36.7994609692835,36.78000065147849
2020-09-03,2020-09-02,300552,47.89848741332427,47.82994910345238,47.46767517984383
2020-09-03,2020-09-02,300587,5.533008355151938,5.450477466075712,5.464232614255084
2020-09-03,2020-09-02,300590,24.68234413658819,24.43560029001153,24.32416758510594
2020-09-03,2020-09-02,300602,28.5381203937143,28.4291584623256,28.39944157194686
2020-09-03,2020-09-02,300607,29.27996032248058,28.93750464619426,29.52457151982795
2020-09-03,2020-09-02,300661,165.6367478650032,165.771712445047,165.6484839154418
2020-09-03,2020-09-02,300767,57.12567991871946,56.48129420919444,56.97788503121372
2020-09-03,2020-09-02,300770,88.22835076572696,87.61465763031947,87.16036530930353
2020-09-03,2020-09-02,300773,24.43267801315652,24.55244604263278,24.43267801315652
2020-09-03,2020-09-02,300782,236.3850723918549,234.458609314004,233.5418358878885
2020-09-03,2020-09-02,601100,67.45249635896383,67.12943890351873,67.83256395360512
2020-09-04,2020-09-03,000661,420.4155143957594,411.5877207786244,407.8310145191679
2020-09-04,2020-09-03,000708,15.30996821958847,14.97847033221277,15.06570661836427
2020-09-04,2020-09-03,002238,7.259217877094972,7.129944134078213,7.15977653631285
2020-09-04,2020-09-03,002414,15.01725210219762,14.78789497194373,14.69389614806918
2020-09-04,2020-09-03,002458,11.10900780937124,10.93232378854625,10.96177112535042
2020-09-04,2020-09-03,002627,6.317703502807594,6.12301310210474,6.171685702280453
2020-09-04,2020-09-03,002638,1.58,1.56,1.56
2020-09-04,2020-09-03,002688,7.35,7.16,7.2
2020-09-04,2020-09-03,002817,7.341638924269656,7.181011045617682,7.143216250640746
2020-09-04,2020-09-03,002859,27.438917088457,27.24193993778609,27.51770794872536
2020-09-04,2020-09-03,002860,10.21493823076693,10.08136367716433,10.1235451151441
2020-09-04,2020-09-03,002869,49.18330844545041,48.3931004313249,48.5359091085765
2020-09-04,2020-09-03,002878,20.63594293861562,20.30356465842623,20.95882469651389
2020-09-04,2020-09-03,002956,23.87705832933726,23.08283970003994,22.92215963052893
2020-09-04,2020-09-03,300220,33.36,32.98,33.36
2020-09-04,2020-09-03,300227,11.88675115558785,11.70830117994099,11.72812895501287
2020-09-04,2020-09-03,300348,24.78453247205934,24.15080890905023,24.022083810314
2020-09-04,2020-09-03,300393,6.144377494387659,6.0194071046713,6.068006700672107
2020-09-04,2020-09-03,300417,18.19008677065177,17.88478482701874,18.71205460976631
2020-09-04,2020-09-03,300468,14.92342156918658,14.65382268498599,14.60327289419838
2020-09-04,2020-09-03,300529,68.66027119292039,68.12454894390936,67.99281396464437
2020-09-04,2020-09-03,300548,35.85887894204111,34.96370432301041,35.31399004350068
2020-09-04,2020-09-03,300552,47.39913686997194,46.81166564249863,46.31231509914631
2020-09-04,2020-09-03,300587,5.405773234492758,5.412650808582443,5.412650808582443
2020-09-04,2020-09-03,300590,24.11722113313841,23.91823416009272,24.02966686499831
2020-09-04,2020-09-03,300602,28.05274451752825,27.53765175096347,27.88434880538207
2020-09-04,2020-09-03,300607,28.98642688566373,28.52166561070372,28.54001145050478
2020-09-04,2020-09-03,300661,169.468568333202,175.6417308638989,176.9268283869243
2020-09-04,2020-09-03,300767,54.50084271661748,54.9205801971338,54.58360785362071
2020-09-04,2020-09-03,300770,84.4664915460862,82.88842348360978,83.32677572318657
2020-09-04,2020-09-03,300773,23.85905218777024,23.57539106532646,23.58169464582521
2020-09-04,2020-09-03,300782,243.8059816113576,248.4517928923484,253.3515751900334
2020-09-04,2020-09-03,601100,66.48332399262853,64.94405023433127,64.29793532344108
2020-09-07,2020-09-04,000661,404.5683664030146,405.1183556568804,402.7506053097291
2020-09-07,2020-09-04,000708,15.35358636266422,15.48444079189147,15.29252096235817
2020-09-07,2020-09-04,002238,7.139888268156425,7.090167597765364,7.139888268156425
2020-09-07,2020-09-04,002414,15.42332702133567,15.5398855629401,16.00987968231284
2020-09-07,2020-09-04,002458,11.05011313576291,11.11636964357229,11.10900780937124
2020-09-07,2020-09-04,002627,6.23009282249131,6.200889262385881,6.200889262385881
2020-09-07,2020-09-04,002638,1.64,1.63,1.64
2020-09-07,2020-09-04,002688,7.32,7.34,7.35
2020-09-07,2020-09-04,002817,7.190459744361916,7.185735394989799,7.185735394989799
2020-09-07,2020-09-04,002859,27.53740566379245,27.37982394325573,27.547254521326
2020-09-07,2020-09-04,002860,10.30633134638976,10.29227086706317,10.36960350335941
2020-09-07,2020-09-04,002869,48.42166216677522,48.42166216677522,48.73584125672874
2020-09-07,2020-09-04,002878,20.664432505489,20.75939772840025,20.91134208505826
2020-09-07,2020-09-04,002956,23.00938595397776,22.93593220791558,23.04611282700886
2020-09-07,2020-09-04,300220,33.85,34.41,36.15
2020-09-07,2020-09-04,300227,12.28330665702531,12.50141218281591,12.21390944427375
2020-09-07,2020-09-04,300348,24.16071083972224,24.20031856241031,24.57659192794697
2020-09-07,2020-09-04,300393,6.241576686389273,6.324890279533512,6.352661477248259
2020-09-07,2020-09-04,300417,19.38174919580005,18.88932670606936,19.06659880237241
2020-09-07,2020-09-04,300468,14.71560576261529,14.88410506524066,14.95150478629081
2020-09-07,2020-09-04,300529,68.58123020536138,67.76447333391835,67.51856803929034
2020-09-07,2020-09-04,300548,35.10641332024719,35.22317522707728,35.6772493091943
2020-09-07,2020-09-04,300552,46.42001815751642,46.85083039099685,46.52772121588653
2020-09-07,2020-09-04,300587,5.419528382672128,5.594906521959107,5.533008355151938
2020-09-07,2020-09-04,300590,24.51519507922981,24.30824862726228,24.40376237432422
2020-09-07,2020-09-04,300602,28.10227266815948,28.17161207904321,28.43906409245184
2020-09-07,2020-09-04,300607,28.63785592944373,28.30763081302477,28.61339480970899
2020-09-07,2020-09-04,300661,173.6935464910935,169.9204062750876,169.3042636270617
2020-09-07,2020-09-04,300767,53.83280982509154,53.92148675759498,53.97469291709704
2020-09-07,2020-09-04,300770,82.41819108115469,82.55368177338752,82.43413116259386
2020-09-07,2020-09-04,300773,23.42410513335646,23.93469515375524,24.58396394512653
2020-09-07,2020-09-04,300782,250.9976974743314,242.9759299958206,247.1571601487123
2020-09-07,2020-09-04,601100,64.28843363357504,63.395274786168,63.55680351389056
2020-09-08,2020-09-07,000661,378.4671814737878,380.7044258962929,384.0602925300507
2020-09-08,2020-09-07,000708,14.83016864575521,14.65569607345221,14.56845978730071
2020-09-08,2020-09-07,002238,6.960893854748604,6.950949720670391,6.94100558659218
2020-09-08,2020-09-07,002414,15.55116542180505,15.08117130243231,15.08869120834228
2020-09-08,2020-09-07,002458,10.90287645174209,10.84398177813376,10.71146876251502
2020-09-08,2020-09-07,002627,5.996464341647886,5.928322701401886,5.928322701401886
2020-09-08,2020-09-07,002638,1.65,1.65,1.63
2020-09-08,2020-09-07,002688,7.08,7.1,7.07
2020-09-08,2020-09-07,002817,7.100697106291695,7.124318853152279,7.143216250640746
2020-09-08,2020-09-07,002859,26.77904363370947,26.64115962823984,26.5032756227702
2020-09-08,2020-09-07,002860,10.40475470167588,10.39772446201259,10.503178056962
2020-09-08,2020-09-07,002869,46.21288795861717,45.85110597624645,45.54644746477639
2020-09-08,2020-09-07,002878,20.50299162653987,20.65493598319787,20.60745337174225
2020-09-08,2020-09-07,002956,22.78443385666234,22.72475268798682,22.58702691412023
2020-09-08,2020-09-07,300220,35.41,36.55,37.19
2020-09-08,2020-09-07,300227,12.41218719499249,12.18416778166594,12.01563169355502
2020-09-08,2020-09-07,300348,23.49728148469708,23.20022356453656,23.07149846580034
2020-09-08,2020-09-07,300393,6.338775878390885,6.380432674963004,6.387375474391691
2020-09-08,2020-09-07,300417,19.32265849703237,19.10599260155086,18.99765965381011
2020-09-08,2020-09-07,300468,14.70998911919445,14.50778995604401,14.23819107184342
2020-09-08,2020-09-07,300529,63.60164798914421,63.48747767378121,63.2854840389082
2020-09-08,2020-09-07,300548,35.02857204902713,34.83396887097698,34.50314346829173
2020-09-08,2020-09-07,300552,44.97092246308225,44.65760447509648,44.25616580298971
2020-09-08,2020-09-07,300587,5.460793827210241,5.502059271748354,5.477987762434455
2020-09-08,2020-09-07,300590,24.86541215179023,24.9131690253212,25.199710266507
2020-09-08,2020-09-07,300602,28.04283888740201,27.97349947651828,27.88434880538207
2020-09-08,2020-09-07,300607,27.03565258681843,27.15184290555844,27.27414850423212
2020-09-08,2020-09-07,300661,157.2689439022904,159.8919511753147,157.920294701632
2020-09-08,2020-09-07,300767,54.09292882710164,54.3648714201122,54.09292882710164
2020-09-08,2020-09-07,300770,78.29768002913293,78.10639905186306,77.79556746379953
2020-09-08,2020-09-07,300773,24.12380256871775,24.2057491152015,24.05446318323149
2020-09-08,2020-09-07,300782,237.0788468764829,233.5913912082191,234.1426941468967
2020-09-08,2020-09-07,601100,61.00084893992785,61.12437090818626,61.03885569939197
2020-09-09,2020-09-08,000661,393.9880646549173,386.9780321310678,382.1866003262026
2020-09-09,2020-09-08,000708,14.76910324544916,14.79527413129461,14.78655050267946
2020-09-09,2020-09-08,002238,7.090167597765364,7.090167597765364,7.090167597765364
2020-09-09,2020-09-08,002414,15.34060805632606,15.31428838564119,15.09621111425224
2020-09-09,2020-09-08,002458,10.68938325991189,10.63048858630356,10.49061373648378
2020-09-09,2020-09-08,002627,6.035402421788456,6.01593338171817,6.01593338171817
2020-09-09,2020-09-08,002638,1.63,1.63,1.63
2020-09-09,2020-09-08,002688,7.22,7.2,7.14
2020-09-09,2020-09-08,002817,7.147940600012864,7.133767551896513,7.129043202524396
2020-09-09,2020-09-08,002859,26.54267105290438,26.02068160362649,25.82370445295558
2020-09-09,2020-09-08,002860,10.42584542066576,10.31336158605305,10.24305918942011
2020-09-09,2020-09-08,002869,46.07007928136557,45.30843300269039,44.90856870638591
2020-09-09,2020-09-08,002878,20.53148119341324,20.26557856926173,20.22759248009723
2020-09-09,2020-09-08,002956,22.43552856286698,22.44930114025365,22.35748395767592
2020-09-09,2020-09-08,300220,37.37,37.35,36.62
2020-09-09,2020-09-08,300227,12.2535649944175,12.0354594686269,11.98589003094722
2020-09-09,2020-09-08,300348,22.7051270309357,22.39816718010316,22.23973628935089
2020-09-09,2020-09-08,300393,6.491517465821991,6.359604276676945,6.477631866964618
2020-09-09,2020-09-08,300417,19.79538408717383,19.36205229621082,19.21432554929162
2020-09-09,2020-09-08,300468,14.12585820342651,13.71584323370479,13.45747763634589
2020-09-09,2020-09-08,300529,62.89027910111319,61.98569891016015,60.98451306774611
2020-09-09,2020-09-08,300548,35.12587363805221,35.14533395585722,34.61990537512181
2020-09-09,2020-09-08,300552,45.48006419355912,44.5009454811036,44.16804511886871
2020-09-09,2020-09-08,300587,5.440161104941184,5.467671401299927,5.347313854730431
2020-09-09,2020-09-08,300590,25.54992733906743,25.15195339297604,24.51519507922981
2020-09-09,2020-09-08,300602,27.81500939449835,27.43859544970101,26.93340831326248
2020-09-09,2020-09-08,300607,27.46983746211002,26.82773306907317,26.44858571318474
2020-09-09,2020-09-08,300661,160.7838910086473,160.7838910086473,156.5647808759751
2020-09-09,2020-09-08,300767,55.28711151814803,54.45946014811588,54.09292882710164
2020-09-09,2020-09-08,300770,77.51661603861432,76.58412127442371,74.67928154244458
2020-09-09,2020-09-08,300773,23.99142737824399,23.56908748482772,23.38628365036395
2020-09-09,2020-09-08,300782,228.573915024749,223.0051359026013,214.3267604297104
2020-09-09,2020-09-08,601100,60.28822219997542,58.86296872007056,57.88429466386923
2020-09-10,2020-09-09,000158,9.172200142764721,9.23208393042151,9.222103299145379
2020-09-10,2020-09-09,000661,383.3145443892156,388.7305402620302,394.1092487278029
2020-09-10,2020-09-09,000708,15.07443024697942,14.98719396082791,15.32741547681877
2020-09-10,2020-09-09,002017,8.829551699437959,8.910287417387933,8.84423092088341
2020-09-10,2020-09-09,002065,11.4,11.46,11.43
2020-09-10,2020-09-09,002320,6.94453073405114,7.013599303738809,7.038715147261598
2020-09-10,2020-09-09,002458,10.10779835802964,10.19614036844213,10.22558770524629
2020-09-10,2020-09-09,002463,16.26428519563236,16.39530790128998,16.44771698355303
2020-09-10,2020-09-09,002529,6.36,6.41,6.35
2020-09-10,2020-09-09,002552,14.95332283748417,14.98299212882838,14.94343307370276
2020-09-10,2020-09-09,002624,27.24689163607488,27.63053570644502,27.75297530337166
2020-09-10,2020-09-09,002627,5.928322701401886,5.938057221437029,6.01593338171817
2020-09-10,2020-09-09,002689,3.877854889589906,3.868012618296531,3.838485804416404
2020-09-10,2020-09-09,002796,17.7,17.7,17.58
2020-09-10,2020-09-09,002817,6.921171830151253,6.954242275756071,6.916447480779136
2020-09-10,2020-09-09,002824,12.2273804046189,12.2342304776747,12.12462930878176
2020-09-10,2020-09-09,002886,17.57576442726164,17.57576442726164,17.50008210279844
2020-09-10,2020-09-09,002916,84.5536360770765,85.96735713188585,85.96735713188585
2020-09-10,2020-09-09,002931,12.6249472882969,12.65297158860388,12.60392906306666
2020-09-10,2020-09-09,002955,24.80349616460945,24.90949401146676,24.81232931851422
2020-09-10,2020-09-09,300486,12.75479765372907,12.81443047392832,12.95357372105991
2020-09-10,2020-09-09,300548,33.12146090413565,32.95929158909387,31.97978892624143
2020-09-10,2020-09-09,300552,43.33579421328152,43.82535356950928,43.98201256350217
2020-09-10,2020-09-09,300586,8.78922878922879,8.575230175230176,8.483516483516484
2020-09-10,2020-09-09,300587,5.192568437712509,5.251027817474835,5.247589030429992
2020-09-10,2020-09-09,300598,78.31358734364126,78.60460204333405,78.88030017988511
2020-09-10,2020-09-09,300602,26.34897613581397,26.62633377934885,26.55699436846513
2020-09-10,2020-09-09,300613,46.28069474896483,46.7979720363098,46.69382224691149
2020-09-10,2020-09-09,300659,49.91624601487779,50.25398777895856,50.09505047821467
2020-09-10,2020-09-09,300767,51.10747209948565,52.00015322002032,51.55085676200287
2020-09-10,2020-09-09,300770,76.59209131514328,76.73555204809568,76.75946217025441
2020-09-10,2020-09-09,300773,22.97655091794518,23.63842687031397,24.36964220816901
2020-09-10,2020-09-09,600052,3.555805168774564,3.535884691638572,3.535884691638572
2020-09-10,2020-09-09,600640,16.00376937109068,16.15333730913826,15.99379817522084
2020-09-10,2020-09-09,600789,8.540208789928453,8.588295551133003,8.588295551133003
2020-09-11,2020-09-10,000158,8.912703729585306,9.16221951148859,9.122296986384065
2020-09-11,2020-09-10,000661,383.7806369772375,381.0679781149501,379.3807229463108
2020-09-11,2020-09-10,000708,15.00464121805821,15.14421927590062,15.28379733374302
2020-09-11,2020-09-10,002017,8.513948438360792,8.499269216915343,8.469910774024443
2020-09-11,2020-09-10,002065,10.9,10.83,10.75
2020-09-11,2020-09-10,002320,6.8063935946758,6.781277751153012,6.718488142346039
2020-09-11,2020-09-10,002458,9.909028834601521,9.717621145374448,9.5482989587505
2020-09-11,2020-09-10,002463,16.01097463136097,16.00223978431713,15.88868677274719
2020-09-11,2020-09-10,002529,6.22,6.28,6.24
2020-09-11,2020-09-10,002552,14.35004724681847,14.30059842791145,14.35004724681847
2020-09-11,2020-09-10,002624,26.9122234044754,26.9122234044754,26.92854868406562
2020-09-11,2020-09-10,002627,5.850446541120745,5.743366820734176,5.772570380839603
2020-09-11,2020-09-10,002689,3.602271293375395,3.543217665615142,3.494006309148265
2020-09-11,2020-09-10,002796,16.81,16.75,16.51
2020-09-11,2020-09-10,002817,6.571569976614603,6.552672579126135,6.52905083226555
2020-09-11,2020-09-10,002824,11.71362492543323,11.90542697099588,11.98077777460977
2020-09-11,2020-09-10,002886,16.44052956031364,16.32991693225204,16.13197854519444
2020-09-11,2020-09-10,002916,83.45326556534346,83.99980721024399,84.02166887604
2020-09-11,2020-09-10,002931,11.84727295477805,11.7632000538571,11.5670299517082
2020-09-11,2020-09-10,002955,24.19400854517994,24.11451016003696,24.00851231317966
2020-09-11,2020-09-10,300486,12.30423856777916,12.39037486362252,12.39037486362252
2020-09-11,2020-09-10,300548,31.31165134826925,31.35705875648096,30.98082594558399
2020-09-11,2020-09-10,300552,48.13347590431358,49.08322105539545,46.17523847940254
2020-09-11,2020-09-10,300586,7.581665181665182,7.314166914166915,7.360023760023761
2020-09-11,2020-09-10,300587,5.247589030429992,5.134109057950182,5.165058141353767
2020-09-11,2020-09-10,300598,73.51950308028127,72.39628844988809,72.07464062391185
2020-09-11,2020-09-10,300602,24.73435842523589,24.70464153485716,24.48671767207975
2020-09-11,2020-09-10,300613,45.37459158119948,45.35723328296643,45.13157540593675
2020-09-11,2020-09-10,300659,47.97919766206164,48.22753719447396,47.58185441020191
2020-09-11,2020-09-10,300767,49.00878469690411,49.62361142892799,49.57631706492616
2020-09-11,2020-09-10,300770,74.52785076877261,76.03418846477283,74.91838276403193
2020-09-11,2020-09-10,300773,23.77080206078773,24.092284666224,24.45158875465277
2020-09-11,2020-09-10,600052,3.356600397414645,3.356600397414645,3.306799204574664
2020-09-11,2020-09-10,600640,15.5151807734686,15.5151807734686,15.53512316520828
2020-09-11,2020-09-10,600789,8.386331154073886,8.405565858555706,8.338244392869333
2020-09-14,2020-09-11,000158,9.002529411070489,8.902723098309174,8.86280057320465
2020-09-14,2020-09-11,000661,384.9085810402506,384.4797758592704,370.1707334069979
2020-09-14,2020-09-11,000708,15.24890281928242,15.52805893496722,15.10060113282487
2020-09-14,2020-09-11,002017,8.61670298847894,8.653401042092563,8.690099095706188
2020-09-14,2020-09-11,002065,10.88,10.96,11
2020-09-14,2020-09-11,002320,6.869183203482772,6.906856968766956,6.957088655812535
2020-09-14,2020-09-11,002458,9.835410492591107,9.909028834601521,9.850134160993191
2020-09-14,2020-09-11,002463,16.15946703110627,16.26428519563236,16.26428519563236
2020-09-14,2020-09-11,002529,6.27,6.29,6.28
2020-09-14,2020-09-11,002552,14.77530708941888,14.90387401857714,14.88409449101433
2020-09-14,2020-09-11,002624,27.4427949911575,27.42646971156729,27.40198179218196
2020-09-14,2020-09-11,002627,5.967260781542457,5.9769953015776,5.967260781542457
2020-09-14,2020-09-11,002689,3.513690851735016,3.543217665615142,3.543217665615142
2020-09-14,2020-09-11,002796,16.86,17.07,17.03
2020-09-14,2020-09-11,002817,6.661332614684824,6.741646554010811,6.755819602127162
2020-09-14,2020-09-11,002824,11.83692624043779,11.87802667877264,12.09722901655853
2020-09-14,2020-09-11,002886,16.53949875384244,16.67339825096964,16.69086340276884
2020-09-14,2020-09-11,002916,84.66294440605662,85.40624104312133,85.91634657836181
2020-09-14,2020-09-11,002931,11.88230333016179,12.00140660646647,12.00140660646647
2020-09-14,2020-09-11,002955,24.52083523965664,24.66216570213304,24.77699670289512
2020-09-14,2020-09-11,300486,12.86081155630552,12.98007719670402,13.01983241017019
2020-09-14,2020-09-11,300548,31.39597939209098,32.42088946315511,32.13547146868156
2020-09-14,2020-09-11,300552,47.15435719185806,47.57537823821394,47.17393956610717
2020-09-14,2020-09-11,300586,7.711592911592912,7.742164142164143,7.849163449163449
2020-09-14,2020-09-11,300587,5.288854474968105,5.323242345416532,5.292293262012948
2020-09-14,2020-09-11,300598,70.56851191497553,70.85952661466831,71.62024925070733
2020-09-14,2020-09-11,300602,25.76454395836546,25.98246782114287,26.42822117682393
2020-09-14,2020-09-11,300613,46.12794172451397,46.82574531348268,47.12430804309119
2020-09-14,2020-09-11,300659,49.0520244420829,49.72750797024442,50.78046758767269
2020-09-14,2020-09-11,300767,50.77049975597255,51.76959319551137,51.80506396851275
2020-09-14,2020-09-11,300770,76.31313988995805,75.7552370395876,76.63194151874117
2020-09-14,2020-09-11,300773,24.9180537115603,24.57135678412903,24.73524987709654
2020-09-14,2020-09-11,600052,3.406401590254624,3.41636182882262,3.436282305958612
2020-09-14,2020-09-11,600640,15.69466229912569,15.94394219587165,15.98382697935101
2020-09-14,2020-09-11,600789,8.52097408544663,8.597912903373913,8.617147607855737
2020-09-15,2020-09-14,000158,8.713091104062679,8.603304160025234,8.433633428330999
2020-09-15,2020-09-14,000661,346.4186551214016,350.2126487878999,340.9280844345035
2020-09-15,2020-09-14,000708,14.96102307498246,14.96102307498246,14.96974670359761
2020-09-15,2020-09-14,002017,8.646061431369839,8.653401042092563,8.668080263538014
2020-09-15,2020-09-14,002065,10.98,10.88,10.96
2020-09-15,2020-09-14,002320,6.975925538454626,7.013599303738809,7.007320342858113
2020-09-15,2020-09-14,002458,9.72498297957549,9.72498297957549,9.651364637565077
2020-09-15,2020-09-14,002463,16.19440641928163,16.04591401953634,16.00223978431713
2020-09-15,2020-09-14,002529,6.37,6.31,6.4
2020-09-15,2020-09-14,002552,15.06211023907962,15.022551183954,15.10166929420524
2020-09-15,2020-09-14,002624,27.20607843709933,27.76113794316677,27.59788514726458
2020-09-15,2020-09-14,002627,6.025667901753313,5.986729821612743,5.9769953015776
2020-09-15,2020-09-14,002689,3.582586750788644,3.582586750788644,3.562902208201893
2020-09-15,2020-09-14,002796,16.83,16.7,16.72
2020-09-15,2020-09-14,002817,6.755819602127162,6.732197855266577,6.736922204638693
2020-09-15,2020-09-14,002824,12.06297865127948,12.20683018545147,12.11777923572595
2020-09-15,2020-09-14,002886,16.62682451283844,16.68504168550244,16.75490229269924
2020-09-15,2020-09-14,002916,84.32044497525229,83.85406277160384,83.44597834341145
2020-09-15,2020-09-14,002931,12.02242483169671,11.97338230615949,11.90332155539202
2020-09-15,2020-09-14,002955,24.76816354899035,24.61799993260917,24.64449939432349
2020-09-15,2020-09-14,300486,12.84755981848346,12.73492004699598,12.68191309570776
2020-09-15,2020-09-14,300548,32.05114342485982,32.82306936445876,32.6284661864086
2020-09-15,2020-09-14,300552,47.92786097469794,47.09561006911073,46.26335916352354
2020-09-15,2020-09-14,300586,8.093733293733294,8.124304524304526,8.063162063162064
2020-09-15,2020-09-14,300587,5.275099326788734,5.309487197237161,5.653365901721433
2020-09-15,2020-09-14,300598,70.08348741548757,69.58825187390512,69.31765925840131
2020-09-15,2020-09-14,300602,26.73529571073755,26.55699436846513,26.54708873833889
2020-09-15,2020-09-14,300613,48.37757717551759,47.38815417623359,47.17291127814374
2020-09-15,2020-09-14,300659,48.91295430393199,49.10169234856536,49.08182518597237
2020-09-15,2020-09-14,300767,51.13703107698679,51.00105978048151,50.75276436947186
2020-09-15,2020-09-14,300770,77.68398689372545,77.2296945727095,77.34924518350317
2020-09-15,2020-09-14,300773,25.30257212198407,25.11976828752031,25.15128619001406
2020-09-15,2020-09-14,600052,3.396441351686629,3.376520874550637,3.376520874550637
2020-09-15,2020-09-14,600640,15.86417262891294,16.11345252565891,15.93397100000182
2020-09-15,2020-09-14,600789,8.540208789928453,8.607530255614824,8.597912903373913
2020-09-16,2020-09-15,000158,8.313865853017425,8.244001434084504,8.144195121323191
2020-09-16,2020-09-15,000661,357.3625090881559,347.705070664342,344.237341809459
2020-09-16,2020-09-15,000708,15.32741547681877,15.26635007651272,15.41465176297027
2020-09-16,2020-09-15,002017,8.675419874260738,8.646061431369839,8.653401042092563
2020-09-16,2020-09-15,002065,10.92,10.8,10.82
2020-09-16,2020-09-15,002320,6.969646577573928,6.938251773170443,6.950809694931837
2020-09-16,2020-09-15,002458,9.673450140168201,9.717621145374448,9.651364637565077
2020-09-16,2020-09-15,002463,16.13326248997475,16.06338371362402,16.15946703110627
2020-09-16,2020-09-15,002529,6.43,6.36,6.37
2020-09-16,2020-09-15,002552,15.06211023907962,15.09177953042384,15.09177953042384
2020-09-16,2020-09-15,002624,27.42646971156729,27.16526523812379,27.02650036160693
2020-09-16,2020-09-15,002627,5.918588181366744,5.879650101226173,5.840712021085603
2020-09-16,2020-09-15,002689,3.562902208201893,3.523533123028392,3.513690851735016
2020-09-16,2020-09-15,002796,16.64,16.56,16.52
2020-09-16,2020-09-15,002817,6.746370903382927,6.736922204638693,6.71330045777811
2020-09-16,2020-09-15,002824,13.26859150910185,13.32339209354832,13.29599180132509
2020-09-16,2020-09-15,002886,16.62100279557204,16.77236744449844,16.86551492076084
2020-09-16,2020-09-15,002916,84.9690077272009,84.45161497002842,83.97065832251596
2020-09-16,2020-09-15,002931,11.88930940523853,11.87529725508504,11.98739445631298
2020-09-16,2020-09-15,002955,25.20982124422912,24.68866516384737,24.84766193413332
2020-09-16,2020-09-15,300486,12.80780460501729,12.90719263868271,12.76804939155112
2020-09-16,2020-09-15,300548,32.6284661864086,33.06956672332227,32.38845560014676
2020-09-16,2020-09-15,300552,45.95983236266233,45.22549332832068,45.21570214119613
2020-09-16,2020-09-15,300586,7.971448371448371,7.933234333234334,7.810949410949411
2020-09-16,2020-09-15,300587,5.746213151932187,5.656804688766276,5.67399862399049
2020-09-16,2020-09-15,300598,70.49703462031415,69.73631198427513,69.05217216394473
2020-09-16,2020-09-15,300602,26.6362394094751,26.44803243707642,26.55699436846513
2020-09-16,2020-09-15,300613,47.61381205326327,46.86740522924201,46.86740522924201
2020-09-16,2020-09-15,300659,50.56192879914984,50.61159670563231,49.87651168969182
2020-09-16,2020-09-15,300767,50.17932020594959,50.10837865994683,49.99014274994224
2020-09-16,2020-09-15,300770,77.41300550925979,78.18609945905885,77.12608404335499
2020-09-16,2020-09-15,300773,26.39939512876664,25.86359078637286,25.68709053240785
2020-09-16,2020-09-15,600052,3.36656063598264,3.356600397414645,3.346640158846648
2020-09-16,2020-09-15,600640,16.58209873154131,16.54221394806196,16.75160906132857
2020-09-16,2020-09-15,600789,8.636382312337556,8.626764960096645,8.569060846651183
2020-09-17,2020-09-16,000708,15.37103361989452,15.36230999127937,15.35358636266422
2020-09-17,2020-09-16,002062,4.585132378327629,4.555865575912771,4.546109975107819
2020-09-17,2020-09-16,002063,7.651698149750312,7.602753385466195,7.610910846180214
2020-09-17,2020-09-16,002158,11.07460207859622,11.02031481350506,11.00221905847467
2020-09-17,2020-09-16,002432,9.472489758034778,9.419123618552891,9.401334905392263
2020-09-17,2020-09-16,002458,9.614555466559871,9.504127953544252,9.297996595915098
2020-09-17,2020-09-16,002463,15.85374738457183,15.72272467891421,15.60917166734427
2020-09-17,2020-09-16,002470,1.51,1.5,1.49
2020-09-17,2020-09-16,002551,7.075190600853209,7.065211488581202,7.065211488581202
2020-09-17,2020-09-16,002627,6.093809541999311,6.025667901753313,6.035402421788456
2020-09-17,2020-09-16,002676,3.582057522005542,3.552123893687947,3.552123893687947
2020-09-17,2020-09-16,002689,3.494006309148265,3.474321766561514,3.454637223974764
2020-09-17,2020-09-16,002796,16.6,16.61,16.51
2020-09-17,2020-09-16,002817,6.755819602127162,6.736922204638693,6.741646554010811
2020-09-17,2020-09-16,002878,19.84773158845221,19.80024897699658,19.82873854386996
2020-09-17,2020-09-16,002886,16.70832855456804,16.40559925671524,16.43470784304724
2020-09-17,2020-09-16,002931,12.16955240830839,12.21158885876886,12.16955240830839
2020-09-17,2020-09-16,300220,29.91,29.63,29.73
2020-09-17,2020-09-16,300229,10.81893292409809,10.72968416487089,10.779266808886
2020-09-17,2020-09-16,300265,11.29478164868417,11.19707592507964,10.93327047134739
2020-09-17,2020-09-16,300393,6.2276910875319,6.102720697815539,6.0194071046713
2020-09-17,2020-09-16,300432,5.407274318978601,5.30356025183167,5.496845558787314
2020-09-17,2020-09-16,300460,13.00455764354394,12.78632708049438,13.24262734868891
2020-09-17,2020-09-16,300486,12.62890614441953,12.6222802755085,12.61565440659748
2020-09-17,2020-09-16,300559,19.09372509465993,18.98897149064933,18.90326399645884
2020-09-17,2020-09-16,300568,7.951101995261923,7.918992547527398,7.870828375925608
2020-09-17,2020-09-16,300586,7.726878526878527,7.749806949806951,7.833877833877834
2020-09-17,2020-09-16,300598,67.62773179176429,67.80642502841775,67.12228520808735
2020-09-17,2020-09-16,300659,50.11491764080765,49.4692348565356,49.85664452709883
2020-09-17,2020-09-16,300683,49.65776328704681,49.11098110871096,48.98174168474068
2020-09-17,2020-09-16,300767,49.36349242691789,49.36349242691789,48.78413646789538
2020-09-17,2020-09-16,600203,6.93,6.85,6.76
2020-09-17,2020-09-16,600588,37.89136038411107,37.66327839279084,37.38561335987928
2020-09-18,2020-09-17,000708,15.20528467620667,15.20528467620667,15.25762644789757
2020-09-18,2020-09-17,002062,4.555865575912771,4.59488797913258,4.624154781547438
2020-09-18,2020-09-17,002063,7.627225767608253,7.578281003324135,7.602753385466195
2020-09-18,2020-09-17,002158,11.02936269102025,11.00221905847467,11.0926978336266
2020-09-18,2020-09-17,002432,9.410229261972578,9.445806688293834,9.454701044874151
2020-09-18,2020-09-17,002458,9.378976772126551,9.378976772126551,9.393700440528633
2020-09-18,2020-09-17,002463,17.44348954655093,17.35614107611252,17.05042142957808
2020-09-18,2020-09-17,002470,1.51,1.5,1.5
2020-09-18,2020-09-17,002551,7.115107049941238,7.075190600853209,7.075190600853209
2020-09-18,2020-09-17,002627,6.220358302456166,6.181420222315595,6.152216662210169
2020-09-18,2020-09-17,002676,3.562101769793812,3.542146017582082,3.542146017582082
2020-09-18,2020-09-17,002689,3.503848580441641,3.503848580441641,3.474321766561514
2020-09-18,2020-09-17,002796,16.95,17.01,16.97
2020-09-18,2020-09-17,002817,6.840857890825266,6.921171830151253,6.859755288313733
2020-09-18,2020-09-17,002878,19.93320028907234,19.91420724449009,19.93320028907234
2020-09-18,2020-09-17,002886,16.55114218837524,16.53367703657604,16.56860734017444
2020-09-18,2020-09-17,002931,12.08547950738743,12.10649773261767,12.11350380769442
2020-09-18,2020-09-17,300220,30.14,29.98,30.1
2020-09-18,2020-09-17,300229,10.84868251050716,10.81893292409809,10.86851556811321
2020-09-18,2020-09-17,300265,10.86487646482422,10.83556474774286,10.87464703718467
2020-09-18,2020-09-17,300393,6.068006700672107,6.005521505813928,6.095777898386853
2020-09-18,2020-09-17,300432,5.195131908905334,5.284703148714047,5.195131908905334
2020-09-18,2020-09-17,300460,13.19302949345037,13.22278820659349,13.13351206716413
2020-09-18,2020-09-17,300486,12.74154591590701,12.72166830917393,12.74154591590701
2020-09-18,2020-09-17,300559,19.14134036921021,19.00801760046944,19.11277120448004
2020-09-18,2020-09-17,300568,8.011307209764158,8.107635552967736,8.031375614598238
2020-09-18,2020-09-17,300586,7.856806256806257,7.826235026235026,7.902663102663102
2020-09-18,2020-09-17,300598,74.66313979486343,73.61650798017885,72.46776574454947
2020-09-18,2020-09-17,300659,50.26392136025505,49.9063124335813,50.51226089266738
2020-09-18,2020-09-17,300683,49.06127363795316,49.4589334040156,49.66770478119837
2020-09-18,2020-09-17,300767,48.47672310188344,47.2943640018375,48.02151484836575
2020-09-18,2020-09-17,600203,6.79,6.98,6.89
2020-09-18,2020-09-17,600588,37.74261125933701,38.14919220038609,37.76244447597355
2020-09-21,2020-09-18,000708,15.57167707804297,15.43209902020057,15.35358636266422
2020-09-21,2020-09-18,002062,4.643665983157343,4.59488797913258,4.614399180742486
2020-09-21,2020-09-18,002063,7.668013071178351,7.68432799260639,7.725115296176488
2020-09-21,2020-09-18,002158,11.27365538393046,11.24651175138488,11.32794264902162
2020-09-21,2020-09-18,002432,9.499172827775721,9.499172827775721,9.588116393578863
2020-09-21,2020-09-18,002458,9.666088305967159,9.644002803364035,9.599831798157787
2020-09-21,2020-09-18,002463,17.7754137342169,17.66186072264696,17.78414858126074
2020-09-21,2020-09-18,002470,1.5,1.58,1.58
2020-09-21,2020-09-18,002551,7.18496083584529,7.18496083584529,7.264793734021349
2020-09-21,2020-09-18,002627,6.424783223194162,6.424783223194162,6.385845143053592
2020-09-21,2020-09-18,002676,3.611991150323137,3.582057522005542,3.611991150323137
2020-09-21,2020-09-18,002689,3.553059936908518,3.543217665615142,3.543217665615142
2020-09-21,2020-09-18,002796,16.99,16.96,17
2020-09-21,2020-09-18,002817,6.878652685802201,6.855030938941616,6.8503065895695
2020-09-21,2020-09-18,002878,20.08514464573035,20.22759248009723,20.35104726988186
2020-09-21,2020-09-18,002886,16.81311946536324,16.69086340276884,16.85387148622804
2020-09-21,2020-09-18,002931,12.14853418307815,12.16254633323164,12.11350380769442
2020-09-21,2020-09-18,300220,30.14,30.34,30.32
2020-09-21,2020-09-18,300229,10.98751391374948,10.94784779853739,10.96768085614344
2020-09-21,2020-09-18,300265,10.74762959649878,10.79648245830105,10.97235276078921
2020-09-21,2020-09-18,300393,6.068006700672107,6.054121101814734,6.061063901243421
2020-09-21,2020-09-18,300432,5.228131839361176,5.289417424493453,5.228131839361176
2020-09-21,2020-09-18,300460,13.31206434602286,13.39142091440451,13.31206434602286
2020-09-21,2020-09-18,300486,12.78792699828421,12.78130112937318,12.78130112937318
2020-09-21,2020-09-18,300559,19.45560118124202,19.3318014674113,19.23657091831075
2020-09-21,2020-09-18,300568,8.059471381365947,7.694226413385718,7.625993836949851
2020-09-21,2020-09-18,300586,8.659301059301059,8.712800712800714,8.689872289872289
2020-09-21,2020-09-18,300598,72.77920252843121,72.67198658643913,72.65156450225017
2020-09-21,2020-09-18,300659,49.55863708820404,49.79704303931987,49.70764080765144
2020-09-21,2020-09-18,300683,49.89635914668428,49.21039605022657,49.06127363795316
2020-09-21,2020-09-18,300767,48.92601955990089,48.92601955990089,48.24616307737448
2020-09-21,2020-09-18,600203,6.9,6.97,6.95
2020-09-21,2020-09-18,600588,38.66485583293615,39.09126999062178,38.94252086584773
2020-09-22,2020-09-21,000708,15.03081210390367,14.90868130329156,14.86506316021581
2020-09-22,2020-09-21,002062,4.614399180742486,4.575376777522676,4.565621176717723
2020-09-22,2020-09-21,002063,7.725115296176488,7.700642914034429,7.651698149750312
2020-09-22,2020-09-21,002158,11.30079901647604,11.18317660877853,11.11079358865699
2020-09-22,2020-09-21,002432,9.43691233171352,9.623693819900122,9.730426098863893
2020-09-22,2020-09-21,002458,9.695535642771324,9.621917300760913,9.55566079295154
2020-09-22,2020-09-21,002463,17.78414858126074,17.68806526377849,17.76667888717306
2020-09-22,2020-09-21,002470,1.58,1.56,1.55
2020-09-22,2020-09-21,002551,7.304710183109378,7.474355091733503,7.52425065309354
2020-09-22,2020-09-21,002627,6.434517743229306,6.366376102983307,6.356641582948164
2020-09-22,2020-09-21,002676,3.572079645899677,3.552123893687947,3.542146017582082
2020-09-22,2020-09-21,002689,3.553059936908518,3.513690851735016,3.494006309148265
2020-09-22,2020-09-21,002796,17.17,17.03,16.87
2020-09-22,2020-09-21,002817,6.774716999615629,6.736922204638693,6.793614397104097
2020-09-22,2020-09-21,002878,20.43651597050199,20.26557856926173,20.16111682405935
2020-09-22,2020-09-21,002886,16.85969320349444,16.74325885816644,16.67339825096964
2020-09-22,2020-09-21,002931,12.02943090677346,11.93134585569901,11.80523650431758
2020-09-22,2020-09-21,300220,30.04,29.84,29.62
2020-09-22,2020-09-21,300229,10.88834862571925,10.85859903931018,10.98751391374948
2020-09-22,2020-09-21,300265,11.86147484559047,11.6660633983814,11.60743996421868
2020-09-22,2020-09-21,300393,5.929150712098374,5.873608316668882,5.797237522953329
2020-09-22,2020-09-21,300432,4.935846741038008,4.879275431685136,4.860418328567513
2020-09-22,2020-09-21,300460,13.15335120925955,13.21286863554579,13.00455764354394
2020-09-22,2020-09-21,300486,12.62890614441953,12.51626637293206,12.55602158639822
2020-09-22,2020-09-21,300559,19.13181731430015,19.01754065537949,19.10324814956999
2020-09-22,2020-09-21,300568,7.722322180153427,7.561774941480799,7.505583407945379
2020-09-22,2020-09-21,300586,8.666943866943868,8.483516483516484,8.537016137016137
2020-09-22,2020-09-21,300598,72.21759521323462,71.73257071374665,70.76252171477071
2020-09-22,2020-09-21,300659,48.87321997874601,48.52554463336876,48.26727151965994
2020-09-22,2020-09-21,300683,49.16068857946877,49.90630064083584,49.86653466422959
2020-09-22,2020-09-21,300767,47.89736714286092,47.49536504884531,48.11610357636943
2020-09-22,2020-09-21,600203,7,6.99,6.99
2020-09-22,2020-09-21,600588,38.48635688320729,38.57560635807172,38.57560635807172
2020-09-23,2020-09-22,000708,14.66441970206736,14.70803784514311,14.83889227437036
2020-09-23,2020-09-22,002062,4.536354374302866,4.546109975107819,4.536354374302866
2020-09-23,2020-09-22,002063,7.578281003324135,7.570123542610116,7.586438464038157
2020-09-23,2020-09-22,002158,11.14698509871776,11.24651175138488,11.26460750641527
2020-09-23,2020-09-22,002432,9.632588176480436,9.632588176480436,9.677059959382008
2020-09-23,2020-09-22,002458,9.570384461353623,9.637154585502604,9.651992390869042
2020-09-23,2020-09-22,002463,17.88023189874299,17.85402735761147,17.85402735761147
2020-09-23,2020-09-22,002470,1.53,1.52,1.54
2020-09-23,2020-09-22,002551,7.544208877637554,7.424459530373467,7.514271540821532
2020-09-23,2020-09-22,002627,6.356641582948164,6.424783223194162,6.41504870315902
2020-09-23,2020-09-22,002676,3.512212389264487,3.522190265370352,3.552123893687947
2020-09-23,2020-09-22,002689,3.474321766561514,3.582586750788644,3.543217665615142
2020-09-23,2020-09-22,002796,16.75,16.81,16.74
2020-09-23,2020-09-22,002817,6.798338746476214,6.793614397104097,6.826684842708914
2020-09-23,2020-09-22,002878,19.89521419990784,19.93320028907234,19.80024897699658
2020-09-23,2020-09-22,002886,16.59771592650644,16.56860734017444,16.51621188477684
2020-09-23,2020-09-22,002931,11.78421827908734,11.83326080462456,11.93835193077576
2020-09-23,2020-09-22,300220,29.3,29.2,29.3
2020-09-23,2020-09-22,300229,10.80901639529507,10.88834862571925,10.92801474093134
2020-09-23,2020-09-22,300265,11.46088137881188,11.44134023409097,11.47065195117233
2020-09-23,2020-09-22,300393,5.741695127523835,6.005521505813928,5.936093511527062
2020-09-23,2020-09-22,300432,4.714275779405929,4.704847227847117,4.714275779405929
2020-09-23,2020-09-22,300460,12.89544236201916,13.03431635668706,13.05415549878247
2020-09-23,2020-09-22,300486,12.27110922322402,12.40362660144458,12.49638876619897
2020-09-23,2020-09-22,300559,19.14134036921021,19.08420203974988,19.31275535759119
2020-09-23,2020-09-22,300568,7.316940402505041,7.353063531206383,7.268776230903252
2020-09-23,2020-09-22,300586,8.391802791802792,8.330660330660331,8.376517176517178
2020-09-23,2020-09-22,300598,70.34897450994413,70.28260273632999,70.80336588314866
2020-09-23,2020-09-22,300659,46.85670297555792,47.20437832093518,47.84012752391073
2020-09-23,2020-09-22,300683,48.81273628416414,48.80279479001258,48.65367237773916
2020-09-23,2020-09-22,300767,47.41259991184209,47.52492402634645,47.58404198134875
2020-09-23,2020-09-22,600203,6.82,6.85,7.5
2020-09-23,2020-09-22,600588,38.22852506693225,38.44669044993421,38.3475243667515
2020-09-24,2020-09-23,000708,14.71676147375826,14.56845978730071,14.40271084361286
2020-09-24,2020-09-23,002083,4.867002288329519,4.838032036613272,4.799405034324942
2020-09-24,2020-09-23,002238,6.960893854748604,6.931061452513966,6.891284916201117
2020-09-24,2020-09-23,002351,16.11621084797555,16.06716577540107,15.88079449961803
2020-09-24,2020-09-23,002796,16.86,16.63,16.58
2020-09-24,2020-09-23,002817,6.878652685802201,6.8503065895695,6.817236143964681
2020-09-24,2020-09-23,002860,10.14463583413398,10.1235451151441,10.05324271851116
2020-09-24,2020-09-23,002878,19.88571767761671,19.59132548659182,19.46787069680719
2020-09-24,2020-09-23,002931,12.96123889198072,12.73704448952484,13.22046366982034
2020-09-24,2020-09-23,300223,82.22399811234823,82.0557901739716,82.00631725091964
2020-09-24,2020-09-23,300227,10.64751521359579,10.52854856316455,10.37984025012551
2020-09-24,2020-09-23,300229,10.99743044255251,10.85859903931018,10.72968416487089
2020-09-24,2020-09-23,300235,10.92644791474041,10.80888900113292,10.6521437829896
2020-09-24,2020-09-23,300328,10.68084877687374,10.51115304864304,10.51115304864304
2020-09-24,2020-09-23,300393,6.192977090388466,6.477631866964618,6.609545056109663
2020-09-24,2020-09-23,300417,17.47114993564496,17.20524179119039,17.06736349406579
2020-09-24,2020-09-23,300486,12.19159879629168,12.04582968024906,11.90006056420644
2020-09-24,2020-09-23,300497,18.01867143993636,17.89073985680191,17.69392203659507
2020-09-24,2020-09-23,300529,59.29830533315405,59.20169968169305,59.03483537462405
2020-09-24,2020-09-23,300543,11.26117944162034,11.17215826026366,11.05346335178808
2020-09-24,2020-09-23,300548,32.07709051526651,32.11601115087654,31.66193706875952
2020-09-24,2020-09-23,300552,45.25486688969435,44.90238415321036,44.43240717123171
2020-09-24,2020-09-23,300568,7.437350831509512,7.345036169272751,7.332995126372303
2020-09-24,2020-09-23,300586,8.49115929115929,8.3000891000891,8.261875061875063
2020-09-24,2020-09-23,300602,26.10133538265782,25.86360025962792,25.62586513659802
2020-09-24,2020-09-23,300607,26.26512731517421,26.05720779742894,25.72698268100999
2020-09-24,2020-09-23,300664,9.413436476193903,9.376118591253592,9.217517580257262
2020-09-24,2020-09-23,300709,45.20686162453104,44.84476948820035,44.25722375755056
2020-09-24,2020-09-23,300735,16.97209774089442,16.81394190871369,16.54705394190871
2020-09-24,2020-09-23,300767,48.02742664386598,47.95648509786323,47.75548405085542
2020-09-24,2020-09-23,300771,23.71939863607527,23.54590251230042,23.3042471970426
2020-09-24,2020-09-23,300782,238.6708115421024,237.0726524614416,235.827575038136
2020-09-24,2020-09-23,600052,3.316759443142661,3.276918488870677,3.207196818894705
2020-09-24,2020-09-23,601100,69.75190530654366,68.98226842739503,67.99409268132767
2020-09-25,2020-09-24,000708,14.34164544330681,14.50739438699466,14.44632898668861
2020-09-25,2020-09-24,002083,4.741464530892448,4.760778032036613,4.75112128146453
2020-09-25,2020-09-24,002238,6.752067039106146,6.742122905027934,6.742122905027934
2020-09-25,2020-09-24,002351,15.87098548510313,15.87098548510313,15.79251336898396
2020-09-25,2020-09-24,002796,16.38,16.4,16.32
2020-09-25,2020-09-24,002817,6.784165698359862,6.769992650243512,6.765268300871395
2020-09-25,2020-09-24,002860,9.940758883898443,9.947789123561737,9.954819363225033
2020-09-25,2020-09-24,002878,19.23995416182018,21.16774818691865,21.16774818691865
2020-09-25,2020-09-24,002931,14.2573627811788,14.71976373624405,14.78281841193477
2020-09-25,2020-09-24,300223,80.11645159033498,80.22529202104928,79.60193319059465
2020-09-25,2020-09-24,300227,9.953543086080234,9.973370861152109,9.854404210720871
2020-09-25,2020-09-24,300229,10.5214370600074,10.58093623282554,10.57101970402252
2020-09-25,2020-09-24,300235,10.28640494065519,10.34518439745894,10.29293599141116
2020-09-25,2020-09-24,300328,10.36142152373359,10.39136782871548,10.27158260878793
2020-09-25,2020-09-24,300393,6.317947480104825,6.435975070392497,6.526231462965424
2020-09-25,2020-09-24,300417,16.82115224920045,16.82115224920045,16.7128193014597
2020-09-25,2020-09-24,300486,11.72778797251971,11.76091731707485,11.7476655792528
2020-09-25,2020-09-24,300497,17.54630867143993,17.55614956245028,17.5856722354813
2020-09-25,2020-09-24,300529,59.07874703437905,58.87675339950605,59.35099932486006
2020-09-25,2020-09-24,300543,10.7122154899208,10.8086551030572,10.74930764881942
2020-09-25,2020-09-24,300548,31.03920689899904,31.29219103046424,30.84460372094889
2020-09-25,2020-09-24,300552,43.90368306650573,44.40303360985804,43.80577119526017
2020-09-25,2020-09-24,300568,7.208571016401017,7.236666783168727,7.204557335434201
2020-09-25,2020-09-24,300586,7.91030591030591,8.070804870804871,7.940877140877141
2020-09-25,2020-09-24,300602,25.24945119180068,25.34850749306313,25.25935682192693
2020-09-25,2020-09-24,300607,25.10322412777418,25.34783532512156,25.20718388664682
2020-09-25,2020-09-24,300664,8.853668202089212,8.984280799380306,8.993610270615385
2020-09-25,2020-09-24,300709,43.58769490169382,43.18461120275966,42.98648531684287
2020-09-25,2020-09-24,300735,16.26039649608114,16.31970493314892,16.21097279852466
2020-09-25,2020-09-24,300767,46.64406649681224,46.92783268082326,46.97512704482509
2020-09-25,2020-09-24,300771,22.89529204814475,22.97584381989735,22.90148833827956
2020-09-25,2020-09-24,300782,235.3939659852435,237.2460960825985,234.148888561938
2020-09-25,2020-09-24,600052,3.187276341758713,3.167355864622721,3.157395626054725
2020-09-25,2020-09-24,601100,68.55469238342359,67.87057071306926,68.65921097194995
2020-09-28,2020-09-25,000708,14.46377624391891,14.59463067314616,14.61207793037646
2020-09-28,2020-09-25,002083,4.693180778032036,4.683524027459954,4.702837528604118
2020-09-28,2020-09-25,002238,6.622793296089386,6.662569832402236,6.652625698324023
2020-09-28,2020-09-25,002351,15.92003055767762,15.9592666157372,16.00831168831169
2020-09-28,2020-09-25,002796,16.38,16.34,16.34
2020-09-28,2020-09-25,002817,6.741646554010811,6.722749156522343,6.732197855266577
2020-09-28,2020-09-25,002860,9.898577445918676,9.877486726928792,9.90560768558197
2020-09-28,2020-09-25,002878,21.16774818691865,22.22186216123357,22.24085520581583
2020-09-28,2020-09-25,002931,15.67258994668155,14.62868476024635,14.10322912949037
2020-09-28,2020-09-25,300223,77.85059171455548,76.38619319221762,75.87167479247729
2020-09-28,2020-09-25,300227,9.74535144782557,9.74535144782557,9.755265335361505
2020-09-28,2020-09-25,300229,10.40243871437113,10.3925221855681,10.36277259915903
2020-09-28,2020-09-25,300235,10.12965972251188,10.12312867175591,10.01210080890439
2020-09-28,2020-09-25,300328,10.22167210048478,10.46124254033989,10.57104565860682
2020-09-28,2020-09-25,300393,6.408203872677752,6.241576686389273,6.484574666393304
2020-09-28,2020-09-25,300417,16.68327395207586,16.54539565495126,16.51585030556742
2020-09-28,2020-09-25,300486,11.90006056420644,11.72778797251971,11.73441384143074
2020-09-28,2020-09-25,300497,16.92633253778838,16.77871917263326,16.91649164677805
2020-09-28,2020-09-25,300529,58.88553573145704,58.65719510073104,58.64841276878004
2020-09-28,2020-09-25,300543,10.83091039839637,10.73447078525997,10.72705235348025
2020-09-28,2020-09-25,300548,30.7278418141188,30.71486826891546,30.63054022509372
2020-09-28,2020-09-25,300552,43.80577119526017,43.45328845877619,43.7763976338865
2020-09-28,2020-09-25,300568,7.112242673197439,7.100201630296993,7.100201630296993
2020-09-28,2020-09-25,300586,7.826235026235026,7.849163449163449,7.810949410949411
2020-09-28,2020-09-25,300602,25.06124421940201,25.06124421940201,24.9720935482658
2020-09-28,2020-09-25,300607,25.46402564386156,25.37841172478998,25.57410068266788
2020-09-28,2020-09-25,300664,8.918974500734759,8.779032432208586,8.80702084591382
2020-09-28,2020-09-25,300709,44.33237495565692,45.11121464512293,44.61931589388124
2020-09-28,2020-09-25,300735,16.32958967266021,16.31970493314892,16.50751498386353
2020-09-28,2020-09-25,300767,46.26571158479754,45.66862023927433,45.88735667278284
2020-09-28,2020-09-25,300771,22.46774802884245,22.54210351046024,22.61026270194322
2020-09-28,2020-09-25,300782,225.6625399553281,220.645063771858,224.0581864596259
2020-09-28,2020-09-25,600052,3.127514910350737,3.117554671782741,3.137475148918733
2020-09-28,2020-09-25,601100,68.50718393409342,69.11529208551948,69.65688840788334
2020-09-29,2020-09-28,000708,14.58590704453101,14.55973615868556,14.55101253007041
2020-09-29,2020-09-28,002083,4.644897025171624,4.654553775743707,4.615926773455377
2020-09-29,2020-09-28,002238,6.583016759776537,6.602905027932961,6.612849162011174
2020-09-29,2020-09-28,002351,15.83174942704355,15.86117647058824,15.81213139801375
2020-09-29,2020-09-28,002796,16.03,16.1,16.02
2020-09-29,2020-09-28,002817,6.609364771591538,6.581018675358836,6.566845627242485
2020-09-29,2020-09-28,002860,9.779063371642669,9.736881933662902,9.743912173326196
2020-09-29,2020-09-28,002878,21.39566472190566,21.41465776648791,21.7470360466773
2020-09-29,2020-09-28,002931,14.82485486239525,15.12611609069534,15.00701281439065
2020-09-29,2020-09-28,300223,74.30833042403553,75.535258915724,75.76283436176298
2020-09-29,2020-09-28,300227,9.507418146963094,9.606557022322457,9.537159809570902
2020-09-29,2020-09-28,300229,10.0454436774623,10.15452549429555,10.14460896549253
2020-09-29,2020-09-28,300235,9.842293489249128,9.959852402856615,9.901072946052873
2020-09-29,2020-09-28,300328,10.28156471044856,10.39136782871548,10.35143942207296
2020-09-29,2020-09-28,300393,6.352661477248259,6.338775878390885,6.137434694958973
2020-09-29,2020-09-28,300417,16.27948751049669,16.27948751049669,16.22039681172901
2020-09-29,2020-09-28,300486,11.95306751549467,11.87355708856233,11.84042774400719
2020-09-29,2020-09-28,300497,17.30028639618138,17.1625139220366,17.20187748607797
2020-09-29,2020-09-28,300529,58.13025518367102,58.26199016293603,58.01608486830802
2020-09-29,2020-09-28,300543,10.44515194585075,10.6825417628019,10.54900999076688
2020-09-29,2020-09-28,300548,30.22836032379008,30.36458254842519,30.13105873476501
2020-09-29,2020-09-28,300552,43.48266202014985,43.73723288538829,43.85472713088295
2020-09-29,2020-09-28,300568,7.076119544496098,7.156393163832412,7.096187949330177
2020-09-29,2020-09-28,300586,7.596950796950797,7.65045045045045,7.604593604593604
2020-09-29,2020-09-28,300602,24.51643456245849,24.73435842523589,24.51643456245849
2020-09-29,2020-09-28,300607,25.06653244817208,25.38452700472366,25.22552972644787
2020-09-29,2020-09-28,300664,8.695067191092882,8.723055604798116,8.639090363682412
2020-09-29,2020-09-28,300709,43.04797266074808,43.16411542145792,43.06163651494924
2020-09-29,2020-09-28,300735,16.29993545412632,16.31970493314892,16.33947441217151
2020-09-29,2020-09-28,300767,45.90509205928353,45.78685614927893,45.71000280777594
2020-09-29,2020-09-28,300771,21.93486707724828,22.07118546021423,21.95345594765273
2020-09-29,2020-09-28,300782,226.4058697602866,230.1163243700379,228.4933876292118
2020-09-29,2020-09-28,600052,3.107594433214745,3.067753478942761,3.067753478942761
2020-09-29,2020-09-28,601100,68.6497092820839,67.67103522588258,66.93940510619808
2020-09-30,2020-09-29,000708,14.62952518760676,14.53356527284011,14.48122350114921
2020-09-30,2020-09-29,002083,4.693180778032036,4.683524027459954,4.693180778032036
2020-09-30,2020-09-29,002238,6.612849162011174,6.592960893854749,6.612849162011174
2020-09-30,2020-09-29,002351,15.9592666157372,15.94945760122231,15.99850267379679
2020-09-30,2020-09-29,002796,16.14,16.15,16.16
2020-09-30,2020-09-29,002817,6.581018675358836,6.562121277870369,6.562121277870369
2020-09-30,2020-09-29,002860,9.800154090632553,9.800154090632553,9.786093611305963
2020-09-30,2020-09-29,002878,21.59509169001929,21.80401518042406,21.54760907856367
2020-09-30,2020-09-29,002931,15.37132871838146,15.93181472452117,16.00187547528863
2020-09-30,2020-09-29,300223,77.52407042241256,77.99901048371133,77.38554623786709
2020-09-30,2020-09-29,300227,9.854404210720871,9.894059760864618,9.874231985792745
2020-09-30,2020-09-29,300229,10.33302301274997,10.33302301274997,10.32310648394694
2020-09-30,2020-09-29,300235,10.03822501192827,10.04475606268425,10.14272182402382
2020-09-30,2020-09-29,300328,10.40134993037611,10.36142152373359,10.47122464200052
2020-09-30,2020-09-29,300393,6.255462285246645,6.248519485817959,6.512345864108052
2020-09-30,2020-09-29,300417,16.49615340597819,16.43706270721051,16.53554720515665
2020-09-30,2020-09-29,300486,11.90006056420644,11.90668643311747,11.93981577767261
2020-09-30,2020-09-29,300497,17.22155926809865,17.2806046141607,17.23140015910899
2020-09-30,2020-09-29,300529,60.07115054484209,61.10746571506012,61.77492294333615
2020-09-30,2020-09-29,300543,10.60093901322495,10.63803117212356,10.60093901322495
2020-09-30,2020-09-29,300548,30.40350318403521,30.48134445525528,30.39052963883187
2020-09-30,2020-09-29,300552,43.68827694976551,43.46307964590074,43.63932101414273
2020-09-30,2020-09-29,300568,7.112242673197439,7.039996415794756,7.088160587396545
2020-09-30,2020-09-29,300586,7.543451143451143,7.581665181665182,7.543451143451143
2020-09-30,2020-09-29,300602,24.83341472649835,24.7145471649834,24.76407531561463
2020-09-30,2020-09-29,300607,25.59856180240261,25.77590492047946,25.85540355961736
2020-09-30,2020-09-29,300664,8.70439666232796,8.713726133563037,8.713726133563037
2020-09-30,2020-09-29,300709,43.06163651494924,42.61756125341161,42.63122510761276
2020-09-30,2020-09-29,300735,16.39878284923928,16.3592438911941,16.43832180728446
2020-09-30,2020-09-29,300767,46.0410633557888,46.34256492630052,45.99376899178696
2020-09-30,2020-09-29,300771,22.00302626873126,22.01541884900089,22.18891497277574
2020-09-30,2020-09-29,300782,227.3474208465674,230.07915787979,230.9154039103684
2020-09-30,2020-09-29,600052,3.077713717510757,3.067753478942761,3.087673956078753
2020-09-30,2020-09-29,601100,68.07010620025594,68.0320994407918,68.17462478878228
2020-10-09,2020-09-30,000661,344.5729284728348,349.6253721269923,346.6237358601311
2020-10-09,2020-09-30,002100,13.19451564496979,13.20367214437643,13.22198514318971
2020-10-09,2020-09-30,002238,6.493519553072626,6.612849162011174,6.602905027932961
2020-10-09,2020-09-30,002351,15.83174942704355,16.16525592055004,16.47914438502674
2020-10-09,2020-09-30,002458,9.073317981577894,9.162344813776532,9.273628354024829
2020-10-09,2020-09-30,002592,4.718206157965195,4.728139223560911,4.738072289156626
2020-10-09,2020-09-30,002624,27.181590517714,27.80195114214231,27.9652039380445
2020-10-09,2020-09-30,002638,1.44,1.45,1.46
2020-10-09,2020-09-30,002715,17.248980372675,17.4180880233875,17.23903286380956
2020-10-09,2020-09-30,002757,18.65955308235104,19.07743986024205,18.80490500509574
2020-10-09,2020-09-30,002869,43.08061763756545,43.98507259349224,43.74705813140625
2020-10-09,2020-09-30,002878,22.29783433956258,22.12689693832232,22.80115002099223
2020-10-09,2020-09-30,002912,65.83662357791616,67.37762507193773,67.1644047394316
2020-10-09,2020-09-30,002956,20.0987812662639,20.57623061566807,20.35127851835264
2020-10-09,2020-09-30,300200,13.43986531986532,13.84296296296296,13.90195286195286
2020-10-09,2020-09-30,300220,26.1,27.16,26.8
2020-10-09,2020-09-30,300223,76.86113325351639,78.25626968358149,78.61247472955557
2020-10-09,2020-09-30,300319,9.321122683427767,9.540331090093247,9.578454291252461
2020-10-09,2020-09-30,300393,6.560945460108856,6.935856629257935,7.116369414403787
2020-10-09,2020-09-30,300468,12.02523356403028,12.39593202980609,12.37908209954355
2020-10-09,2020-09-30,300529,62.39846851185717,63.1361843957412,63.3469603625652
2020-10-09,2020-09-30,300548,30.09213809915498,30.78622276753385,31.18840266883749
2020-10-09,2020-09-30,300586,7.428809028809029,7.734521334521334,7.65045045045045
2020-10-09,2020-09-30,300590,20.04196792516255,20.54341509723771,20.53545561831588
2020-10-09,2020-09-30,300602,24.86313161687709,25.46737505457809,25.57633698596679
2020-10-09,2020-09-30,300607,25.92267163888788,26.41189403358263,26.3446259543121
2020-10-09,2020-09-30,300709,42.63122510761276,43.36907323447529,43.87463583991813
2020-10-09,2020-09-30,300767,47.12883372783106,47.76730764185587,47.50127684434553
2020-10-09,2020-09-30,300770,74.61552121668797,75.46034553296323,76.0421585054924
2020-10-09,2020-09-30,300773,24.05446318323149,24.48941023764527,24.35073146667277
2020-10-09,2020-09-30,300782,234.0250002611116,239.9158889654079,241.5140480460688
2020-10-09,2020-09-30,300785,47.46151889002435,48.77065512535567,49.03930523228033
2020-10-12,2020-10-09,000661,346.7728854882982,346.8288165988608,347.7796454784255
2020-10-12,2020-10-09,002100,13.46005412776238,13.36848913369597,13.45089762835574
2020-10-12,2020-10-09,002238,6.622793296089386,6.742122905027934,6.791843575418995
2020-10-12,2020-10-09,002351,16.21430099312452,16.56742551566081,16.46933537051184
2020-10-12,2020-10-09,002458,9.229114937925511,9.229114937925511,9.295885062074488
2020-10-12,2020-10-09,002592,4.777804551539492,4.748005354752344,4.75793842034806
2020-10-12,2020-10-09,002624,28.32436008902931,28.38966120739018,27.20607843709933
2020-10-12,2020-10-09,002638,1.46,1.46,1.46
2020-10-12,2020-10-09,002715,18.14425617056471,18.52226150745147,18.26362627695
2020-10-12,2020-10-09,002757,18.69589106303721,18.62321510166486,18.7140600533803
2020-10-12,2020-10-09,002869,43.82322275927376,44.22308705557824,44.63247193036615
2020-10-12,2020-10-09,002878,22.90561176619461,22.74417088724547,22.58273000829634
2020-10-12,2020-10-09,002912,66.12737857678815,68.77324906652332,69.24814889801426
2020-10-12,2020-10-09,002956,20.2640521949038,20.35586937748153,20.56704889741029
2020-10-12,2020-10-09,300200,14.70814814814815,14.8359595959596,14.64915824915825
2020-10-12,2020-10-09,300220,27.15,27.33,27.97
2020-10-12,2020-10-09,300223,77.60322709929571,78.7015259910491,79.67119528286739
2020-10-12,2020-10-09,300319,9.626108292701478,9.816724298497547,9.873909100236368
2020-10-12,2020-10-09,300393,7.102483815546414,7.046941420116921,7.1094266149751
2020-10-12,2020-10-09,300468,12.86211343373627,15.43453612048352,15.43453612048352
2020-10-12,2020-10-09,300529,64.19006422986124,65.10342675276526,65.16490307642226
2020-10-12,2020-10-09,300548,31.5516619345311,32.22628628510496,32.34953496453672
2020-10-12,2020-10-09,300586,7.673378873378873,7.749806949806951,7.818592218592219
2020-10-12,2020-10-09,300590,20.62300988645599,20.92547008548544,20.95730800117275
2020-10-12,2020-10-09,300602,25.87350588975417,26.3786930261927,26.30935361530898
2020-10-12,2020-10-09,300607,26.60758299146053,26.86442474867527,26.82773306907317
2020-10-12,2020-10-09,300709,43.19827505696082,44.2435599033494,44.64664360228355
2020-10-12,2020-10-09,300767,46.9160090898228,47.14065731883152,46.77412599781729
2020-10-12,2020-10-09,300770,76.52036094866708,76.54427107082581,77.3412751427836
2020-10-12,2020-10-09,300773,24.50832097914153,25.40342940996408,25.90771584986411
2020-10-12,2020-10-09,300782,243.948453157308,250.7313376275546,249.9384525022655
2020-10-12,2020-10-09,300785,49.44441253637308,49.89216271458086,50.66399873606284
2020-10-13,2020-10-12,000661,358.3319816712415,355.6286446607144,356.5981172438
2020-10-13,2020-10-12,002100,13.68896661292841,13.6431841158952,14.03691359038077
2020-10-13,2020-10-12,002238,7.03050279329609,6.970837988826815,6.94100558659218
2020-10-13,2020-10-12,002351,16.87150496562261,16.78322383498854,16.76360580595875
2020-10-13,2020-10-12,002458,9.429425310372448,9.370074088906689,9.525871045254304
2020-10-13,2020-10-12,002592,4.80760374832664,4.767871485943775,4.767871485943775
2020-10-13,2020-10-12,002624,26.76529588816343,26.05514622598892,25.70415271479922
2020-10-13,2020-10-12,002638,1.49,1.48,1.48
2020-10-13,2020-10-12,002715,18.25367876808456,18.20394122375735,18.34320634787353
2020-10-13,2020-10-12,002757,18.80490500509574,18.60504611132177,18.61413060649332
2020-10-13,2020-10-12,002869,45.00377449122031,44.60391019491583,44.74671887216743
2020-10-13,2020-10-12,002878,22.90561176619461,22.78215697640998,23.06705264514374
2020-10-13,2020-10-12,002912,69.53890389688625,68.4437267344684,70.03318739496866
2020-10-13,2020-10-12,002956,21.31076807628986,21.1317245702633,21.10417941548998
2020-10-13,2020-10-12,300200,15.97643097643098,15.25872053872054,15.40619528619529
2020-10-13,2020-10-12,300220,27.92,28.2,27.95
2020-10-13,2020-10-12,300223,83.10461614267302,83.61913454241336,83.51029411169905
2020-10-13,2020-10-12,300319,9.940624702264993,9.845316699366958,9.854847499656762
2020-10-13,2020-10-12,300393,7.796763758415076,7.470452185266804,7.491280583552864
2020-10-13,2020-10-12,300468,15.43453612048352,15.3334365389083,15.99620046256807
2020-10-13,2020-10-12,300529,66.09583026322829,67.61517369075135,67.60639135880035
2020-10-13,2020-10-12,300548,32.81009581925541,33.34201117259249,32.56359846039189
2020-10-13,2020-10-12,300586,7.925591525591525,7.826235026235026,7.780378180378181
2020-10-13,2020-10-12,300590,21.34732246834232,21.35528194726415,21.25180872128038
2020-10-13,2020-10-12,300602,26.73529571073755,26.71548445048506,26.43812680695018
2020-10-13,2020-10-12,300607,27.51875970157949,27.40868466277318,27.30472490390054
2020-10-13,2020-10-12,300709,44.6329797480824,44.68080323778646,44.42119000796445
2020-10-13,2020-10-12,300767,46.36621210830144,46.32482953979983,46.80959677081867
2020-10-13,2020-10-12,300770,77.42097554997937,77.00653343256133,76.24140952348185
2020-10-13,2020-10-12,300773,25.32778644397908,25.02521458003906,24.84241074557529
2020-10-13,2020-10-12,300782,260.0972931700321,272.2445410660628,263.2626392561472
2020-10-13,2020-10-12,300785,52.23752079090731,52.68100668170359,51.81535633716855
2020-10-14,2020-10-13,000661,371.0097000654373,368.4555126830772,364.7920249412251
2020-10-14,2020-10-13,002100,14.43064306486633,14.1559480826671,14.24751307673351
2020-10-14,2020-10-13,002238,7.03050279329609,7.070279329608939,6.970837988826815
2020-10-14,2020-10-13,002351,16.75379679144385,16.80284186401833,16.61647058823529
2020-10-14,2020-10-13,002458,9.481357629154985,9.377492991589907,9.355236283540247
2020-10-14,2020-10-13,002592,4.827469879518073,4.787737617135209,4.767871485943775
2020-10-14,2020-10-13,002624,26.5693925330808,26.48776613512972,26.6510189310319
2020-10-14,2020-10-13,002638,1.5,1.49,1.49
2020-10-14,2020-10-13,002715,19.33795723441765,19.20863961916691,19.88507022201691
2020-10-14,2020-10-13,002757,18.61413060649332,18.38701822720472,18.23258180928848
2020-10-14,2020-10-13,002869,44.68007482278335,43.93746970107504,43.58520829718777
2020-10-14,2020-10-13,002878,22.77266045411885,22.44028217392946,22.63021261975197
2020-10-14,2020-10-13,002912,75.06324887545424,74.75311020999075,73.9777635463321
2020-10-14,2020-10-13,002956,20.7965918538546,20.77363755821017,21.11795199287664
2020-10-14,2020-10-13,300200,15.54383838383838,15.48484848484848,15.91744107744108
2020-10-14,2020-10-13,300220,27.81,27.46,27.16
2020-10-14,2020-10-13,300223,82.37241688150409,81.79853097410142,80.52212955936101
2020-10-14,2020-10-13,300319,9.997809504003813,9.902501501105778,9.835785899077154
2020-10-14,2020-10-13,300393,7.900905749845376,7.914791348702749,7.796763758415076
2020-10-14,2020-10-13,300468,15.99620046256807,15.46261933758775,15.67605178757988
2020-10-14,2020-10-13,300529,67.13214543344633,67.45709171563334,67.46587404758434
2020-10-14,2020-10-13,300548,32.85550322746711,33.09551381372897,32.84901645486544
2020-10-14,2020-10-13,300586,8.047876447876448,7.971448371448371,8.109018909018909
2020-10-14,2020-10-13,300590,21.33140351049866,21.30752507373318,21.07670018500017
2020-10-14,2020-10-13,300602,26.60652251909636,26.36878739606646,26.13105227303656
2020-10-14,2020-10-13,300607,27.35364714337002,27.32918602363528,27.35364714337002
2020-10-14,2020-10-13,300709,45.22735740583277,44.74912250879224,44.29821532015404
2020-10-14,2020-10-13,300767,49.65317040642914,48.40578155588068,47.76730764185587
2020-10-14,2020-10-13,300770,77.88323791171489,78.21797962193716,77.03044355472007
2020-10-14,2020-10-13,300773,25.20171483400406,25.02521458003906,24.8802322285678
2020-10-14,2020-10-13,300782,263.3183889915191,268.0942829883777,263.2626392561472
2020-10-14,2020-10-13,300785,52.25031365314182,52.7193852684071,52.48484946077446
2020-10-15,2020-10-14,000661,360.7556631289554,361.6878483049992,357.9591076008239
2020-10-15,2020-10-14,002100,14.12847858444718,14.02775709097413,13.88125310046787
2020-10-15,2020-10-14,002238,6.911173184357542,6.931061452513966,6.851508379888268
2020-10-15,2020-10-14,002351,16.41048128342246,16.58704354469061,16.51838044308633
2020-10-15,2020-10-14,002458,9.20685822987585,9.028804565478573,8.999128954745695
2020-10-15,2020-10-14,002592,4.748005354752344,4.688406961178046,4.708273092369478
2020-10-15,2020-10-14,002624,25.67966479541389,25.65517687602857,25.7776164729552
2020-10-15,2020-10-14,002638,1.48,1.46,1.45
2020-10-15,2020-10-14,002715,19.77564762449706,19.82538516882427,19.89501773088235
2020-10-15,2020-10-14,002757,18.84124298578191,18.75948252923802,19.2318762781583
2020-10-15,2020-10-14,002869,43.00445300969793,43.33767325661833,43.14726168694953
2020-10-15,2020-10-14,002878,22.38330304018271,22.49726130767621,22.28833781727145
2020-10-15,2020-10-14,002912,74.15221654565531,74.61742454385049,74.99540604238409
2020-10-15,2020-10-14,002956,20.84250044514346,20.84250044514346,20.69100209389022
2020-10-15,2020-10-14,300200,16.18289562289562,15.88794612794613,15.53400673400673
2020-10-15,2020-10-14,300220,26.72,26.62,26.23
2020-10-15,2020-10-14,300223,80.31434328254279,80.52212955936101,80.47265663630905
2020-10-15,2020-10-14,300319,9.702354695019906,9.778601097338333,9.673762294150496
2020-10-15,2020-10-14,300393,7.935619746988808,7.956448145274869,8.192503325850213
2020-10-15,2020-10-14,300468,15.57495220600466,15.23795360075393,15.38960297311676
2020-10-15,2020-10-14,300529,66.92136946662232,67.35170373222134,66.72815816370031
2020-10-15,2020-10-14,300548,32.71279423023034,32.84901645486544,32.94631804389051
2020-10-15,2020-10-14,300586,8.238946638946638,8.208375408375408,8.063162063162064
2020-10-15,2020-10-14,300590,20.8856726908763,20.9413890433291,20.72648311243974
2020-10-15,2020-10-14,300602,26.36878739606646,26.57680562871762,26.51737184796015
2020-10-15,2020-10-14,300607,27.79394729859529,27.6349500203195,27.3597624233037
2020-10-15,2020-10-14,300709,43.4305605783805,43.14361964015618,42.69954437861855
2020-10-15,2020-10-14,300767,47.18203988733313,46.40759467680304,45.42623662376492
2020-10-15,2020-10-14,300770,76.59209131514328,75.85087752822254,75.06184349698434
2020-10-15,2020-10-14,300773,24.45789233515152,24.75416061859279,24.61548184762028
2020-10-15,2020-10-14,300782,260.7848732396188,265.9881818743285,266.7191228492044
2020-10-15,2020-10-14,300785,52.00298498327466,52.66394953205757,52.51896376006648
2020-10-16,2020-10-15,000158,7.774911764106331,7.774911764106331,7.784892395382462
2020-10-16,2020-10-15,000859,5.374604832822715,5.374604832822715,5.414269813138749
2020-10-16,2020-10-15,000936,8.32,8.56,8.390000000000001
2020-10-16,2020-10-15,002065,10.6,10.56,10.58
2020-10-16,2020-10-15,002320,6.31035568510072,6.348029450384902,6.354308411265599
2020-10-16,2020-10-15,002351,16.94997708174179,16.75379679144385,16.89112299465241
2020-10-16,2020-10-15,002368,27.90831496680459,27.60936618865292,27.40685250022759
2020-10-16,2020-10-15,002458,8.962034441329594,8.776561874249099,8.813656387665198
2020-10-16,2020-10-15,002481,15.61520670300984,15.61520670300984,15.60532366079275
2020-10-16,2020-10-15,002624,25.81842967193075,25.9490319086525,25.7776164729552
2020-10-16,2020-10-15,002629,2.34,2.31,2.32
2020-10-16,2020-10-15,002796,16.23,16.2,16.29
2020-10-16,2020-10-15,002824,11.72732507154485,11.63827412181933,11.52182287987058
2020-10-16,2020-10-15,300088,9.85633322539714,9.875143021628814,9.85633322539714
2020-10-16,2020-10-15,300215,8.489943608580422,8.42051649963175,8.42051649963175
2020-10-16,2020-10-15,300223,79.85919239046481,80.21539743643888,79.70087903669857
2020-10-16,2020-10-15,300229,10.42227177197717,10.4321883007802,10.45202135838624
2020-10-16,2020-10-15,300276,5.5,5.42,5.51
2020-10-16,2020-10-15,300319,9.587985091542265,9.559392690672853,9.607046692121871
2020-10-16,2020-10-15,300427,27.77568221432663,27.47872196256975,27.20155906092999
2020-10-16,2020-10-15,300486,12.22472814084682,12.18497292738065,12.1717211895586
2020-10-16,2020-10-15,300548,32.79712227405207,32.47278364396848,32.60251909600192
2020-10-16,2020-10-15,300552,44.70656041071925,44.22679224161605,44.54990141672637
2020-10-16,2020-10-15,300586,8.330660330660331,8.292446292446293,8.254232254232255
2020-10-16,2020-10-15,300590,20.67076675998695,20.67872623890878,20.68668571783061
2020-10-16,2020-10-15,300598,72.141012397526,72.43713261826601,71.76830936107734
2020-10-16,2020-10-15,300643,14.35110903344533,13.89491483900468,14.31309285057528
2020-10-16,2020-10-15,300659,45.42626726886291,45.307064293305,45.05872476089267
2020-10-16,2020-10-15,300706,28.97651627886884,28.83658139514889,28.59669302305752
2020-10-16,2020-10-15,300709,42.03001552276181,41.36731859400565,41.79773000134213
2020-10-16,2020-10-15,300767,46.10609310629133,45.42032482826469,45.92873924128444
2020-10-16,2020-10-15,300770,74.08152848847625,73.79460702257145,74.19310905855035
2020-10-16,2020-10-15,300773,23.83383786577523,23.55017674333146,23.87796292926648
2020-10-16,2020-10-15,600640,15.7744318660844,15.75448947434472,15.81431664956375
2020-10-19,2020-10-16,000158,7.685086082621149,7.964543758352828,7.91464060197217
2020-10-19,2020-10-16,000859,5.354772342664698,5.384521077901723,5.384521077901723
2020-10-19,2020-10-16,000936,8.76,9.119999999999999,8.949999999999999
2020-10-19,2020-10-16,002065,10.49,10.7,10.65
2020-10-19,2020-10-16,002320,6.28523984157793,6.297797763339324,6.31035568510072
2020-10-19,2020-10-16,002351,16.82245989304813,16.930359052712,16.83226890756303
2020-10-19,2020-10-16,002368,26.91503354262322,27.27184337461071,27.16576477591173
2020-10-19,2020-10-16,002458,8.769142971565879,8.902683219863835,9.17718261914297
2020-10-19,2020-10-16,002481,15.71403712518079,15.84251667400303,15.84251667400303
2020-10-19,2020-10-16,002624,25.4266229617655,25.04297889139536,24.64300954143501
2020-10-19,2020-10-16,002629,2.27,2.24,2.26
2020-10-19,2020-10-16,002796,16,16.12,16.1
2020-10-19,2020-10-16,002824,11.50812273375896,11.61087382959609,11.80952594821455
2020-10-19,2020-10-16,300088,9.790498938586282,9.969192002787183,9.940977308439674
2020-10-19,2020-10-16,300215,8.271744123313168,8.3312530738406,8.341171232261839
2020-10-19,2020-10-16,300223,78.06827257598407,78.4640559603997,78.28595343741267
2020-10-19,2020-10-16,300229,10.54127011761345,10.68010152085577,10.62060234803763
2020-10-19,2020-10-16,300276,5.58,5.59,5.6
2020-10-19,2020-10-16,300319,9.530800289803445,9.740477896179121,9.692823894730102
2020-10-19,2020-10-16,300427,26.70662530800186,26.27108360542511,26.59773988235768
2020-10-19,2020-10-16,300486,12.09883663153729,12.16509532064757,12.15184358282551
2020-10-19,2020-10-16,300548,32.1938524220966,32.95929158909387,32.79712227405207
2020-10-19,2020-10-16,300552,43.96243018925306,44.64781328797192,44.42261598410715
2020-10-19,2020-10-16,300586,8.131947331947332,8.109018909018909,8.254232254232255
2020-10-19,2020-10-16,300590,20.4558608290976,21.13241653745297,20.95730800117275
2020-10-19,2020-10-16,300598,71.29349590368385,71.41092288777043,71.33944559310903
2020-10-19,2020-10-16,300643,14.79779918216846,14.48416567349052,14.50317376492554
2020-10-19,2020-10-16,300659,43.856761424017,44.57197927736451,45.34679861849096
2020-10-19,2020-10-16,300706,27.92700465096915,27.89701860445772,28.00696744166627
2020-10-19,2020-10-16,300709,41.06671380158018,41.38781437530739,41.78406614714097
2020-10-19,2020-10-16,300767,45.42032482826469,44.81732168724126,44.94146939274608
2020-10-19,2020-10-16,300770,73.26061429435973,73.71490661537567,74.27280946574612
2020-10-19,2020-10-16,300773,23.80862354378023,24.03555244173524,23.89687367076273
2020-10-19,2020-10-16,600640,15.74451827847488,15.80434545369391,15.85420143304311
2020-10-20,2020-10-19,000158,7.525395982203047,7.455531563270127,7.445550931993996
2020-10-20,2020-10-19,000859,5.315107362348662,5.275442382032628,5.275442382032628
2020-10-20,2020-10-19,000936,8.890000000000001,8.859999999999999,8.859999999999999
2020-10-20,2020-10-19,002065,10.5,10.46,10.45
2020-10-20,2020-10-19,002320,6.165939584844683,6.115707897799105,6.071755171634225
2020-10-20,2020-10-19,002351,16.48895339954163,16.24372803666921,16.30258212375859
2020-10-20,2020-10-19,002368,26.80895494392425,26.7414503811158,26.77038090803371
2020-10-20,2020-10-19,002458,8.976872246696034,8.850750901081296,8.895264317180617
2020-10-20,2020-10-19,002481,15.71403712518079,15.67450495631241,15.76345233626627
2020-10-20,2020-10-19,002624,24.48791938532793,24.46343146594261,24.5450578638937
2020-10-20,2020-10-19,002629,2.22,2.21,2.22
2020-10-20,2020-10-19,002796,15.88,15.71,15.7
2020-10-20,2020-10-19,002824,11.98077777460977,11.65197426793095,11.48072244153573
2020-10-20,2020-10-19,300088,9.790498938586282,9.85633322539714,9.771689142354608
2020-10-20,2020-10-19,300215,8.162644380679541,8.113053588573345,8.152726222258302
2020-10-20,2020-10-19,300223,77.89017005299704,77.46470291475023,77.15797079182811
2020-10-20,2020-10-19,300229,10.41235524317415,10.42227177197717,10.57101970402252
2020-10-20,2020-10-19,300276,5.5,5.53,5.56
2020-10-20,2020-10-19,300319,9.578454291252461,9.568923490962657,9.645169893281084
2020-10-20,2020-10-19,300427,26.05331275413674,26.09290745437098,26.23148890519086
2020-10-20,2020-10-19,300486,11.92656403985056,11.84705361291822,11.87355708856233
2020-10-20,2020-10-19,300548,32.17439210429158,32.38196882754508,32.68684713982365
2020-10-20,2020-10-19,300552,43.76660644676195,43.76660644676195,44.17783630599327
2020-10-20,2020-10-19,300586,8.368874368874369,8.216018216018217,8.154875754875755
2020-10-20,2020-10-19,300590,20.61505040753416,20.89363216979813,21.7691748511992
2020-10-20,2020-10-19,300598,70.91058182514072,70.22644200481034,70.27749721528275
2020-10-20,2020-10-19,300643,14.45565353633798,14.48416567349052,14.87383154790857
2020-10-20,2020-10-19,300659,46.15141870350691,45.5951381509033,46.04214930924549
2020-10-20,2020-10-19,300706,27.67712093004065,27.8170558137606,27.88702325562058
2020-10-20,2020-10-19,300709,40.77977286335586,40.85492406146223,41.0940415099825
2020-10-20,2020-10-19,300767,44.68135039073598,43.19748972017833,43.90099338470566
2020-10-20,2020-10-19,300770,71.93758753490981,72.48752034456068,72.60707095535435
2020-10-20,2020-10-19,300773,23.3169442648777,23.3295514258752,23.39889081136145
2020-10-20,2020-10-19,600640,15.6448063197765,15.74451827847488,15.67471990738601
2020-10-21,2020-10-20,000158,7.605241032412098,7.655144188792755,7.675105451345018
2020-10-21,2020-10-20,000859,5.444018548375776,5.404353568059741,5.404353568059741
2020-10-21,2020-10-20,000936,8.82,8.779999999999999,8.65
2020-10-21,2020-10-20,002065,10.48,10.42,10.35
2020-10-21,2020-10-20,002320,6.140823741321894,6.115707897799105,6.084313093395618
2020-10-21,2020-10-20,002351,16.67532467532467,16.51838044308633,16.54780748663102
2020-10-21,2020-10-20,002368,26.9632510874864,26.72216336317053,26.65465880036209
2020-10-21,2020-10-20,002458,8.947196635963156,8.880426511814177,8.850750901081296
2020-10-21,2020-10-20,002481,16.06982664499621,16.06982664499621,16.05006056056202
2020-10-21,2020-10-20,002624,24.74096121897632,24.74912385877143,24.56138314348392
2020-10-21,2020-10-20,002629,2.24,2.21,2.22
2020-10-21,2020-10-20,002796,16.02,15.93,15.85
2020-10-21,2020-10-20,002824,11.52182287987058,11.67252448709837,11.49442258764734
2020-10-21,2020-10-20,300088,10.00681159525053,9.940977308439674,9.903357715976325
2020-10-21,2020-10-20,300215,8.321334915419362,8.25190780647069,8.241989648049451
2020-10-21,2020-10-20,300223,77.99901048371133,77.31628414559437,77.17775996104889
2020-10-21,2020-10-20,300229,10.60076929043159,10.50160400240136,10.51152053120438
2020-10-21,2020-10-20,300276,5.74,5.64,5.64
2020-10-21,2020-10-20,300319,9.988278703714009,9.902501501105778,9.873909100236368
2020-10-21,2020-10-20,300427,26.50865180683062,26.26118493036655,25.9840220287268
2020-10-21,2020-10-20,300486,12.25785748540196,12.41687833926663,12.27773509213505
2020-10-21,2020-10-20,300548,33.06956672332227,32.76468841104371,32.64792650421362
2020-10-21,2020-10-20,300552,44.51073666822815,44.35407767423526,43.96243018925306
2020-10-21,2020-10-20,300586,8.353588753588754,8.246589446589446,8.246589446589446
2020-10-21,2020-10-20,300590,21.76121537227737,21.48263361001339,21.49059308893522
2020-10-21,2020-10-20,300598,71.03821985132177,71.42623945091215,70.47150701507793
2020-10-21,2020-10-20,300643,15.10192864512889,15.64365925102716,15.04490437082381
2020-10-21,2020-10-20,300659,46.34015674814027,46.32028958554729,45.45606801275239
2020-10-21,2020-10-20,300706,28.57670232538324,28.3667999998033,28.44676279050043
2020-10-21,2020-10-20,300709,42.43309922169597,43.31441781767066,42.2623010441815
2020-10-21,2020-10-20,300767,44.82323348274149,45.0242345297493,45.29026532725963
2020-10-21,2020-10-20,300770,73.18091388716394,73.40407502731213,72.93384262485704
2020-10-21,2020-10-20,300773,23.77710564128648,23.72037341679773,23.60060538732147
2020-10-21,2020-10-20,600640,15.79437425782408,15.65477751564634,15.62486392803682
2020-10-22,2020-10-21,000158,7.505434719650784,7.395647775613339,7.445550931993996
2020-10-22,2020-10-21,000859,5.414269813138749,5.354772342664698,5.364688587743706
2020-10-22,2020-10-21,000936,8.4,8.18,8.199999999999999
2020-10-22,2020-10-21,002065,10.27,10.19,10.32
2020-10-22,2020-10-21,002320,6.090592054276316,5.983849719304462,5.99012868018516
2020-10-22,2020-10-21,002351,16.43009931245225,16.14563789152024,16.24372803666921
2020-10-22,2020-10-21,002368,26.41357107604622,25.92175211844186,26.2399879145388
2020-10-22,2020-10-21,002458,8.828494193031638,8.72462955546656,8.71721065278334
2020-10-22,2020-10-21,002481,16.13900794051587,16.00064534947655,15.93146405395688
2020-10-22,2020-10-21,002624,24.194064352704,23.90837195987517,24.07162475577736
2020-10-22,2020-10-21,002629,2.22,2.2,2.2
2020-10-22,2020-10-21,002796,15.55,15.31,15.3
2020-10-22,2020-10-21,002824,11.25467003069403,11.11766856957785,11.32317076125212
2020-10-22,2020-10-21,300088,9.781094040470444,9.649425466848728,9.70585485554375
2020-10-22,2020-10-21,300215,8.093217271730868,7.984117529097243,8.013872004360959
2020-10-22,2020-10-21,300223,75.61441559260713,74.98116217754212,76.27735276150332
2020-10-22,2020-10-21,300229,10.33302301274997,10.24377425352276,10.42227177197717
2020-10-22,2020-10-21,300276,5.56,5.45,5.42
2020-10-22,2020-10-21,300319,9.892970700815976,9.769070297048531,9.873909100236368
2020-10-22,2020-10-21,300427,25.43959490050585,24.87537042216779,24.96445849769485
2020-10-22,2020-10-21,300486,12.00607446678289,11.73441384143074,11.75429144816382
2020-10-22,2020-10-21,300548,32.28466723852001,32.20682596729994,32.05114342485982
2020-10-22,2020-10-21,300552,44.06034206049861,43.24767352916052,43.30642065190785
2020-10-22,2020-10-21,300586,7.917948717948717,7.856806256806257,7.841520641520642
2020-10-22,2020-10-21,300590,21.32344403157683,20.93342956440727,21.11649757960931
2020-10-22,2020-10-21,300598,69.97116595244825,69.00111695347232,69.98648251558998
2020-10-22,2020-10-21,300643,14.57920613066565,14.58871017638316,14.60771826781819
2020-10-22,2020-10-21,300659,45.02892401700318,44.78058448459086,46.03221572794899
2020-10-22,2020-10-21,300706,28.47674883701184,28.04694883701482,28.20687441840906
2020-10-22,2020-10-21,300709,41.74990651163807,41.25800776039639,40.90957947826686
2020-10-22,2020-10-21,300767,44.54537909423069,43.90099338470566,43.93055236220681
2020-10-22,2020-10-21,300770,70.933362404243,70.27981906523762,70.10447816940689
2020-10-22,2020-10-21,300773,23.24130129889269,23.60690896782022,23.63212328981522
2020-10-22,2020-10-21,600640,15.54509436107812,15.14624652628458,14.89696662953862
2020-10-23,2020-10-22,000523,3.83,3.81,3.86
2020-10-23,2020-10-22,000708,14.63824881622191,14.65569607345221,14.68186695929766
2020-10-23,2020-10-22,002062,4.302219954984008,4.331486757398866,4.331486757398866
2020-10-23,2020-10-22,002131,3.163201020089315,3.202989712165911,3.212936885185059
2020-10-23,2020-10-22,002158,11.7441450147205,11.80748015732685,11.84367166738762
2020-10-23,2020-10-22,002320,5.952454914900978,6.03408140635004,6.090592054276316
2020-10-23,2020-10-22,002432,9.872735804148924,10.01504550943395,10.03283422259458
2020-10-23,2020-10-22,002452,6.927428726150413,6.917644222299919,6.937213230000908
2020-10-23,2020-10-22,002551,7.554187989909562,7.584125326725583,7.594104438997591
2020-10-23,2020-10-22,002624,23.87572140069474,23.95734779864583,23.94102251905561
2020-10-23,2020-10-22,002629,2.23,2.22,2.24
2020-10-23,2020-10-22,002676,3.272743362723726,3.252787610511996,3.312654867147187
2020-10-23,2020-10-22,002768,21.62823015883286,21.53158927340466,21.65400106161372
2020-10-23,2020-10-22,002824,11.89857689794007,11.85062638654941,11.96707762849816
2020-10-23,2020-10-22,002838,27.71957108884837,27.88416511906507,27.94225712972979
2020-10-23,2020-10-22,002886,16.13780026246084,16.18437400059204,16.24841289052244
2020-10-23,2020-10-22,002897,29.72229719695011,29.66289220588358,29.85100801092757
2020-10-23,2020-10-22,300098,5.36,5.36,5.38
2020-10-23,2020-10-22,300223,75.59462642338636,75.58473183877595,75.80241270020456
2020-10-23,2020-10-22,300229,10.49168747359833,10.50160400240136,10.55118664641647
2020-10-23,2020-10-22,300265,12.45747975957813,12.49656204901994,12.77013807511264
2020-10-23,2020-10-22,300432,5.275274597155234,5.256417494037612,5.284703148714047
2020-10-23,2020-10-22,300460,13.36166220126139,13.56997319326324,13.54021448012012
2020-10-23,2020-10-22,300486,11.90006056420644,11.86030535074027,11.98619686004981
2020-10-23,2020-10-22,300552,43.24767352916052,43.22809115491141,43.45328845877619
2020-10-23,2020-10-22,300586,8.361231561231561,8.483516483516484,8.52937332937333
2020-10-23,2020-10-22,300659,45.41633368756641,45.78387619553666,46.35009032943677
2020-10-23,2020-10-22,300683,48.56419893037511,48.22618812922204,48.68349686019384
2020-10-23,2020-10-22,300773,23.66994477280772,23.61951612881772,23.65733761181022
2020-10-23,2020-10-22,600550,4.81,4.82,4.86
2020-10-23,2020-10-22,600579,5.23,5.22,5.26
2020-10-23,2020-10-22,600712,5.36,5.47,5.46
2020-10-26,2020-10-23,000523,3.76,3.73,3.74
2020-10-26,2020-10-23,000708,14.48122350114921,14.42888172945831,14.33292181469166
2020-10-26,2020-10-23,002062,4.263197551764199,4.233930749349342,4.224175148544389
2020-10-26,2020-10-23,002131,3.143306674051018,3.113465154993571,3.133359501031869
2020-10-26,2020-10-23,002158,11.64461836205338,12.09701223781302,12.17844313544976
2020-10-26,2020-10-23,002320,6.002686601946555,5.99012868018516,5.99012868018516
2020-10-26,2020-10-23,002432,9.810475308086723,9.774897881765465,9.881630160729237
2020-10-26,2020-10-23,002452,6.868721703047443,6.829583687645465,6.898075214598928
2020-10-26,2020-10-23,002551,7.284751958565363,7.324668407653392,7.354605744469414
2020-10-26,2020-10-23,002624,22.65132543142834,22.47174735593594,22.5288858345017
2020-10-26,2020-10-23,002629,2.21,2.19,2.21
2020-10-26,2020-10-23,002676,3.222853982194402,3.232831858300267,3.252787610511996
2020-10-26,2020-10-23,002768,21.18368208586311,21.24166661712003,21.35763567963388
2020-10-26,2020-10-23,002824,11.54237309903801,11.35742112653116,11.41907178403345
2020-10-26,2020-10-23,002838,27.45815704085713,27.83575511017781,27.95193913150725
2020-10-26,2020-10-23,002886,15.91657500633764,15.78849722647684,15.75938864014484
2020-10-26,2020-10-23,002897,29.36586725055097,29.10844562259604,29.09854479075162
2020-10-26,2020-10-23,300098,5.27,5.27,5.28
2020-10-26,2020-10-23,300223,73.91254703961989,73.25950445533411,73.00224525546393
2020-10-26,2020-10-23,300229,10.29335689753787,10.24377425352276,10.2636073111288
2020-10-26,2020-10-23,300265,12.78967921983354,12.64312063442674,13.00463181176352
2020-10-26,2020-10-23,300432,5.162131978449493,5.147989151111275,5.114989220655433
2020-10-26,2020-10-23,300460,13.56997319326324,13.50053619592929,13.60965147745407
2020-10-26,2020-10-23,300486,11.86030535074027,11.77416905489691,11.80067253054102
2020-10-26,2020-10-23,300552,41.30901847849858,40.95653574201459,40.97611811626371
2020-10-26,2020-10-23,300586,8.498802098802098,8.498802098802098,8.605801405801406
2020-10-26,2020-10-23,300659,43.96603081827843,42.16805260361318,42.86340329436769
2020-10-26,2020-10-23,300683,47.76887939825023,47.58993250352214,47.92794330467521
2020-10-26,2020-10-23,300773,23.07110462542644,22.90721153245893,23.09631894742144
2020-10-26,2020-10-23,600550,4.89,4.87,5.04
2020-10-26,2020-10-23,600579,5.23,5.18,5.19
2020-10-26,2020-10-23,600712,5.35,5.28,5.31
2020-10-27,2020-10-26,000523,3.71,3.68,3.72
2020-10-27,2020-10-26,000708,14.2544091571553,14.0973838420826,14.0450420703917
2020-10-27,2020-10-26,002062,4.194908346129532,4.126619140494865,4.14613034210477
2020-10-27,2020-10-26,002131,3.143306674051018,3.143306674051018,3.173148193108464
2020-10-27,2020-10-26,002158,12.26892191060169,12.35035280823843,12.17844313544976
2020-10-27,2020-10-26,002320,5.99012868018516,5.971291797543069,6.015244523707949
2020-10-27,2020-10-26,002432,9.997256796273325,9.943890656791439,9.961679369952066
2020-10-27,2020-10-26,002452,7.005704756954374,6.986135749253383,6.976351245402888
2020-10-27,2020-10-26,002551,7.324668407653392,7.304710183109378,7.314689295381386
2020-10-27,2020-10-26,002624,22.99415630282293,23.00231894261804,23.25536077626642
2020-10-27,2020-10-26,002629,2.23,2.21,2.22
2020-10-27,2020-10-26,002676,3.222853982194402,3.212876106088537,3.242809734406132
2020-10-27,2020-10-26,002768,21.28676569698653,20.97107213792105,20.97107213792105
2020-10-27,2020-10-26,002824,11.28892039597308,11.26837017680565,11.17246915402432
2020-10-27,2020-10-26,002838,28.25208118660829,27.24515300175317,27.40974703196987
2020-10-27,2020-10-26,002886,15.96314874446884,15.81178409554244,15.87582298547284
2020-10-27,2020-10-26,002897,29.45497473715075,29.20745394104024,29.25695810026235
2020-10-27,2020-10-26,300098,5.23,5.22,5.22
2020-10-27,2020-10-26,300223,73.11108568617823,72.57677811721712,72.04247054825602
2020-10-27,2020-10-26,300229,10.2636073111288,10.19419160950764,10.2636073111288
2020-10-27,2020-10-26,300265,13.20004325897259,12.9460083776008,13.35637241673984
2020-10-27,2020-10-26,300432,5.209274736243552,5.162131978449493,5.147989151111275
2020-10-27,2020-10-26,300460,13.88739946678987,13.70884718793114,13.90723860888528
2020-10-27,2020-10-26,300486,11.78079492380794,11.59527059429915,11.72778797251971
2020-10-27,2020-10-26,300552,41.49505103386514,42.31751075232777,42.20980769395766
2020-10-27,2020-10-26,300586,8.705157905157906,8.445302445302445,8.437659637659637
2020-10-27,2020-10-26,300659,42.33692348565356,41.87004516471838,41.8501780021254
2020-10-27,2020-10-26,300683,47.64958146843151,47.1922727374597,47.70923043334087
2020-10-27,2020-10-26,300773,23.29803352338145,23.31064068437895,23.44931945535146
2020-10-27,2020-10-26,600550,5,4.93,4.93
2020-10-27,2020-10-26,600579,5.18,5.18,5.18
2020-10-27,2020-10-26,600712,5.27,5.26,5.27
2020-10-28,2020-10-27,000523,3.66,3.67,3.64
2020-10-28,2020-10-27,000708,14.38526358638256,14.1671728710038,14.15844924238865
2020-10-28,2020-10-27,002062,4.175397144519628,4.175397144519628,4.155885942909722
2020-10-28,2020-10-27,002131,3.163201020089315,3.143306674051018,3.133359501031869
2020-10-28,2020-10-27,002158,12.70322003133095,12.75750729642211,12.75750729642211
2020-10-28,2020-10-27,002320,6.052918288992133,6.002686601946555,6.002686601946555
2020-10-28,2020-10-27,002432,9.970573726532383,9.908313230470181,9.828264021247353
2020-10-28,2020-10-27,002452,6.976351245402888,6.917644222299919,6.858937199196949
2020-10-28,2020-10-27,002551,7.234856397205326,7.214898172661312,7.105127937669231
2020-10-28,2020-10-27,002624,23.33698717421752,23.26352341606153,23.26352341606153
2020-10-28,2020-10-27,002629,2.22,2.22,2.21
2020-10-28,2020-10-27,002676,3.292699114935457,3.322632743253052,3.342588495464782
2020-10-28,2020-10-27,002768,20.7649049156742,20.49431043647522,20.39766955104702
2020-10-28,2020-10-27,002824,11.18616930013594,11.076568131243,10.78201498984322
2020-10-28,2020-10-27,002838,27.38070102663751,26.95469294842957,26.61582288621871
2020-10-28,2020-10-27,002886,15.70699318474724,15.47412449409124,15.34022499696404
2020-10-28,2020-10-27,002897,29.40547057792865,29.1876522773514,28.87082565832995
2020-10-28,2020-10-27,300098,5.2,5.16,5.09
2020-10-28,2020-10-27,300223,71.6170034100092,70.53849368747662,68.61894427306076
2020-10-28,2020-10-27,300229,10.1743585519016,10.11485937908346,9.906612274219976
2020-10-28,2020-10-27,300265,13.28797841021667,13.08279639064715,12.799449792194
2020-10-28,2020-10-27,300432,5.011275153508503,5.053703635523156,4.997132326170285
2020-10-28,2020-10-27,300460,14.01635389041006,13.85764075364675,13.70884718793114
2020-10-28,2020-10-27,300486,11.71453623469766,11.63502580776532,11.64165167667635
2020-10-28,2020-10-27,300552,41.85732495747368,41.62233646648435,40.94674455489004
2020-10-28,2020-10-27,300586,8.49115929115929,8.483516483516484,8.46058806058806
2020-10-28,2020-10-27,300659,42.77400106269926,43.18127789585547,42.1382518597237
2020-10-28,2020-10-27,300683,48.2858370941314,47.9577677871299,47.73905491579556
2020-10-28,2020-10-27,300773,23.2286941378952,22.85047930797017,22.4155322535564
2020-10-28,2020-10-27,600550,4.86,4.8,4.76
2020-10-28,2020-10-27,600579,5.17,5.15,5.15
2020-10-28,2020-10-27,600712,5.23,5.25,5.19
2020-10-29,2020-10-28,000523,3.71,3.68,3.69
2020-10-29,2020-10-28,000708,14.22823827130985,14.0450420703917,14.0799365848523
2020-10-29,2020-10-28,002062,4.194908346129532,4.155885942909722,4.175397144519628
2020-10-29,2020-10-28,002131,3.133359501031869,3.153253847070167,3.252725577261654
2020-10-29,2020-10-28,002158,12.73941154139173,12.63083701120941,12.92036909169559
2020-10-29,2020-10-28,002320,5.983849719304462,5.921060110497491,5.977570758423766
2020-10-29,2020-10-28,002432,9.92610194363081,9.881630160729237,9.881630160729237
2020-10-29,2020-10-28,002452,7.025273764655362,6.907859718449424,7.035058268505858
2020-10-29,2020-10-28,002551,7.14504438675726,7.274772846293356,7.314689295381386
2020-10-29,2020-10-28,002624,23.7532818037681,23.5818663680708,23.52472788950503
2020-10-29,2020-10-28,002629,2.2,2.2,2.19
2020-10-29,2020-10-28,002676,3.352566371570647,3.332610619358916,3.332610619358916
2020-10-29,2020-10-28,002768,20.48786771078001,20.64893585316036,20.81644672123592
2020-10-29,2020-10-28,002824,10.83681557428969,10.67926389400608,10.73406447845255
2020-10-29,2020-10-28,002838,26.97405695198448,27.42911103552477,27.41942903374732
2020-10-29,2020-10-28,002886,15.42755075596004,15.23543408616884,15.34022499696404
2020-10-29,2020-10-28,002897,28.78171817173017,27.94014746495443,28.04905661524305
2020-10-29,2020-10-28,300098,5.13,5.14,5.09
2020-10-29,2020-10-28,300223,70.55828285669739,69.85576734935962,70.51870451825582
2020-10-29,2020-10-28,300229,9.787613928583699,9.817363514992769,9.966111447038115
2020-10-29,2020-10-28,300265,12.77990864747309,12.22298602292725,12.2327565952877
2020-10-29,2020-10-28,300432,5.30356025183167,5.223417563581769,5.289417424493453
2020-10-29,2020-10-28,300460,13.83780161155133,13.0938337829733,13.22278820659349
2020-10-29,2020-10-28,300486,11.60852233212121,11.47600495390065,11.50250842954476
2020-10-29,2020-10-28,300552,41.0446564261356,39.86971397118896,40.24177908192206
2020-10-29,2020-10-28,300586,8.873299673299673,8.590515790515791,8.712800712800714
2020-10-29,2020-10-28,300659,41.60183846971307,40.50914452709883,41.00582359192349
2020-10-29,2020-10-28,300683,48.31566157658609,48.16653916431267,49.38934294495467
2020-10-29,2020-10-28,300773,22.45965731704765,22.15708545310763,22.20751409709763
2020-10-29,2020-10-28,600550,4.86,4.76,4.78
2020-10-29,2020-10-28,600579,5.19,5.1,5.12
2020-10-29,2020-10-28,600712,5.15,5.02,5.04
2020-10-30,2020-10-29,000523,3.64,3.63,3.62
2020-10-30,2020-10-29,000708,14.07121295623715,13.9927002987008,14.05376569900685
2020-10-30,2020-10-29,002169,7.063333332041901,7.112727271426809,7.053454544164918
2020-10-30,2020-10-29,002271,33.98649122025137,33.89650845292213,33.72554119499658
2020-10-30,2020-10-29,002529,5.87,5.85,5.9
2020-10-30,2020-10-29,002624,23.45942677114416,23.82674556192408,23.66349276602189
2020-10-30,2020-10-29,002629,2.2,2.19,2.21
2020-10-30,2020-10-29,002768,20.578065870513,20.51363861356087,20.52008133925608
2020-10-30,2020-10-29,002824,10.75461469761998,10.76146477067579,10.71351425928513
2020-10-30,2020-10-29,002860,9.582216661070424,9.582216661070424,9.561125942080539
2020-10-30,2020-10-29,002878,22.13639346061344,22.07941432686669,22.27884129498033
2020-10-30,2020-10-29,002897,28.2173707565982,28.37578406610893,28.3658832342645
2020-10-30,2020-10-29,002916,76.50125584220885,78.17731688657044,77.99513633827027
2020-10-30,2020-10-29,002931,13.45166414735297,13.51471882304368,13.51471882304368
2020-10-30,2020-10-29,300223,69.54903522643752,71.04311750260653,70.37028574909996
2020-10-30,2020-10-29,300229,10.23385772471974,10.31318995514392,10.32310648394694
2020-10-30,2020-10-29,300276,5.76,5.93,5.82
2020-10-30,2020-10-29,300417,16.88024294796814,17.13630264262809,16.96887899611966
2020-10-30,2020-10-29,300486,11.61514820103224,11.60852233212121,11.54226364301093
2020-10-30,2020-10-29,300497,15.43051710421639,15.35178997613365,15.21401750198886
2020-10-30,2020-10-29,300552,40.59426181840605,39.96762584243451,38.90038644585799
2020-10-30,2020-10-29,300586,8.552301752301751,8.376517176517178,8.430016830016831
2020-10-30,2020-10-29,300598,63.36462171731741,66.14202516701694,64.99838845243478
2020-10-30,2020-10-29,300607,23.97189734004258,23.87405286110363,23.83124590156784
2020-10-30,2020-10-29,300706,25.98790697656398,26.65759534865237,26.3177534881896
2020-10-30,2020-10-29,300709,42.06417515826471,41.96169625175602,41.59960411542534
2020-10-30,2020-10-29,300735,13.98690640848317,14.01656062701706,13.87817427385892
2020-10-30,2020-10-29,300738,10.48551974350229,10.55684980978462,10.44475970562668
2020-10-30,2020-10-29,300773,22.57312176602515,22.73701485899266,22.57942534652391
2020-10-30,2020-10-29,300785,45.92637542188341,46.37838988750268,46.09694691834351
2020-10-30,2020-10-29,600246,6.68,6.54,6.54
2020-10-30,2020-10-29,600289,4.18,4.14,4.11
2020-10-30,2020-10-29,600536,41.22422685017577,42.2399218821526,42.22220627112975
2020-10-30,2020-10-29,600628,8.949603025841494,8.910090429700913,9.028628218122655
2020-10-30,2020-10-29,600712,5.04,5.03,4.98
2020-11-02,2020-10-30,000523,3.5,3.4,3.45
2020-11-02,2020-10-30,000708,14.062489327622,14.00142392731595,13.9229112697796
2020-11-02,2020-10-30,002169,6.845999998748303,6.806484847240376,6.94478787751812
2020-11-02,2020-10-30,002271,33.35661184894673,33.77953085539412,33.56357221380397
2020-11-02,2020-10-30,002529,5.78,5.75,5.75
2020-11-02,2020-10-30,002624,22.91252990487184,22.86355406610118,22.71662654978921
2020-11-02,2020-10-30,002629,2.2,2.18,2.16
2020-11-02,2020-10-30,002768,19.9724496551629,19.68896972457349,20.04331963781026
2020-11-02,2020-10-30,002824,10.27510958371336,10.32991016815983,10.48746184844343
2020-11-02,2020-10-30,002860,9.181493000262636,9.111190603629691,9.18852323992593
2020-11-02,2020-10-30,002878,21.92746997020868,22.03193171541106,22.44977869622058
2020-11-02,2020-10-30,002897,27.88074247388791,27.36589921797804,27.31639505875594
2020-11-02,2020-10-30,002916,78.55625242703479,77.97327467247425,75.66322532002805
2020-11-02,2020-10-30,002931,13.01728749259469,13.06633001813192,13.19243936951335
2020-11-02,2020-10-30,300223,69.70734858020377,69.35114353422971,68.67831178072312
2020-11-02,2020-10-30,300229,9.976027975841138,9.976027975841138,9.896695745416954
2020-11-02,2020-10-30,300276,5.6,5.51,5.7
2020-11-02,2020-10-30,300417,17.09690884344964,16.88024294796814,17.776451879278
2020-11-02,2020-10-30,300486,11.21097019745952,11.12483390161616,11.03869760577279
2020-11-02,2020-10-30,300497,14.61372315035799,14.36770087509944,14.26929196499602
2020-11-02,2020-10-30,300552,37.73523517803592,36.8638195239505,36.56029272308929
2020-11-02,2020-10-30,300586,8.330660330660331,8.384159984159984,8.796871596871597
2020-11-02,2020-10-30,300598,64.33977623734059,64.45720322142715,62.28225125530216
2020-11-02,2020-10-30,300607,23.16468038879625,23.15856510886256,23.37259990654152
2020-11-02,2020-10-30,300706,26.35773488353817,26.1178465114468,26.33774418586389
2020-11-02,2020-10-30,300709,41.43563786501144,41.12820114548539,40.86858791566339
2020-11-02,2020-10-30,300735,13.98690640848317,13.69036422314431,13.68047948363301
2020-11-02,2020-10-30,300738,10.54920730268294,10.64855989500476,10.55939731215185
2020-11-02,2020-10-30,300773,21.34392356876883,21.18633405630007,21.04135170482881
2020-11-02,2020-10-30,300785,46.00313259529045,46.02018974493647,45.1204251011094
2020-11-02,2020-10-30,600246,6.58,6.39,6.45
2020-11-02,2020-10-30,600289,4.01,4,3.94
2020-11-02,2020-10-30,600536,41.40138296040429,40.01366009694758,39.5294333956563
2020-11-02,2020-10-30,600628,8.890334131630624,8.643380405751994,8.65325855478714
2020-11-02,2020-10-30,600712,4.79,4.83,4.86
2020-11-03,2020-11-02,000523,3.61,3.58,3.59
2020-11-03,2020-11-02,000708,13.888016755319,13.9578057842402,14.08866021346745
2020-11-03,2020-11-02,002169,6.934909089641137,6.934909089641137,7.053454544164918
2020-11-03,2020-11-02,002271,34.01348605045013,33.69854636479781,33.32961701874796
2020-11-03,2020-11-02,002529,5.61,5.62,5.66
2020-11-03,2020-11-02,002624,22.48807263552615,22.61051223245279,22.56153639368214
2020-11-03,2020-11-02,002629,2.1,2.04,2.07
2020-11-03,2020-11-02,002768,20.2043877801906,20.578065870513,20.52008133925608
2020-11-03,2020-11-02,002824,10.49431192149924,10.57651279816895,10.74091455150836
2020-11-03,2020-11-02,002860,9.209613958915813,9.230704677905697,9.286946595212054
2020-11-03,2020-11-02,002878,23.30446570242188,23.09554221201711,23.11453525659937
2020-11-03,2020-11-02,002897,27.08867592633427,27.46490753642225,27.62332084593297
2020-11-03,2020-11-02,002916,74.94907757069136,74.80333313205124,77.33928636438964
2020-11-03,2020-11-02,002931,13.24148189505057,13.395615546739,13.33256087104828
2020-11-03,2020-11-02,300223,69.57871898026868,70.35049657987918,73.40792322448996
2020-11-03,2020-11-02,300229,9.837196572598815,9.946278389432068,10.03552714865928
2020-11-03,2020-11-02,300276,6.15,6.11,6.12
2020-11-03,2020-11-02,300417,17.6385735821534,17.64842203194802,17.51054373482342
2020-11-03,2020-11-02,300486,10.82004393170886,10.93268370319634,11.07845281923896
2020-11-03,2020-11-02,300497,14.21024661893397,14.25945107398568,14.18072394590294
2020-11-03,2020-11-02,300552,36.63862222008574,36.85402833682595,37.06943445356616
2020-11-03,2020-11-02,300586,8.75101475101475,8.88858528858529,8.735729135729136
2020-11-03,2020-11-02,300598,62.64474324965633,63.461626617215,65.81527181999346
2020-11-03,2020-11-02,300607,23.21360262826573,23.37259990654152,23.31144710720467
2020-11-03,2020-11-02,300706,26.76754418586091,26.44769302307242,27.00743255795226
2020-11-03,2020-11-02,300709,38.75752244158448,39.79597536087249,41.40147822950855
2020-11-03,2020-11-02,300735,13.64094052558783,13.55197786998617,13.82875057630244
2020-11-03,2020-11-02,300738,10.39126215591493,10.46768722693171,10.64855989500476
2020-11-03,2020-11-02,300773,20.41099365495377,20.36056501096376,20.72617267989129
2020-11-03,2020-11-02,300785,45.62787530307822,45.32937518427303,45.81976823659584
2020-11-03,2020-11-02,600246,6.5,6.5,6.57
2020-11-03,2020-11-02,600289,3.88,3.86,3.89
2020-11-03,2020-11-02,600536,39.564864617702,40.29120466963892,42.09819699396979
2020-11-03,2020-11-02,600628,8.505086319259963,8.554477064435689,8.603867809611415
2020-11-03,2020-11-02,600712,4.9,4.94,5
2020-11-04,2020-11-03,000523,3.56,3.55,3.56
2020-11-04,2020-11-03,000708,14.1671728710038,14.236961899925,14.35909270053711
2020-11-04,2020-11-03,002169,7.142363635057754,7.191757574442662,7.162121210811716
2020-11-04,2020-11-03,002271,33.45559289300888,33.69854636479781,33.32061874201504
2020-11-04,2020-11-03,002529,5.7,5.69,5.7
2020-11-04,2020-11-03,002624,23.14924645893,23.21454757729088,23.34514981401263
2020-11-04,2020-11-03,002629,2.07,2.05,2.06
2020-11-04,2020-11-03,002768,20.26237231144753,20.33968501979009,20.16573142601932
2020-11-04,2020-11-03,002824,10.75461469761998,10.91216637790358,10.93956667012682
2020-11-04,2020-11-03,002860,9.32912803319182,9.371309471171587,9.406460669488061
2020-11-04,2020-11-03,002878,23.40892744762425,23.25698309096625,23.43741701449763
2020-11-04,2020-11-03,002897,28.05895744708747,28.12826326999842,28.05895744708747
2020-11-04,2020-11-03,002916,76.93120193619724,78.68742242181092,78.15545522077441
2020-11-04,2020-11-03,002931,13.62681602427162,13.65484032457861,13.71088892519258
2020-11-04,2020-11-03,300223,73.21003153228214,73.05171817851588,71.46858464085335
2020-11-04,2020-11-03,300229,10.08510979267439,10.03552714865928,9.976027975841138
2020-11-04,2020-11-03,300276,6.12,6.1,6.19
2020-11-04,2020-11-03,300417,17.776451879278,17.69766428092108,17.51054373482342
2020-11-04,2020-11-03,300486,11.29048062439186,11.38324278914625,11.42962387152345
2020-11-04,2020-11-03,300497,14.37754176610978,14.33817820206842,14.29881463802705
2020-11-04,2020-11-03,300552,37.45129075142382,38.13667385014269,37.76460873940958
2020-11-04,2020-11-03,300586,8.995584595584596,8.85037125037125,8.827442827442828
2020-11-04,2020-11-03,300598,66.15734173015866,65.91227671989105,65.99907057769417
2020-11-04,2020-11-03,300607,23.56217358448573,23.653902783491,24.002473739711
2020-11-04,2020-11-03,300706,27.37726046492645,27.51719534864641,27.39725116260072
2020-11-04,2020-11-03,300709,44.57149240417719,43.49204792228571,43.94295511092392
2020-11-04,2020-11-03,300735,13.89794375288151,14.01656062701706,13.90782849239281
2020-11-04,2020-11-03,300738,10.76574500389716,10.73007997075599,10.67912992341147
2020-11-04,2020-11-03,300773,20.9026729338563,21.46369159824508,21.17372689530257
2020-11-04,2020-11-03,300785,46.09694691834351,45.94343257152941,45.51273954296765
2020-11-04,2020-11-03,600246,6.54,6.43,6.56
2020-11-04,2020-11-03,600289,3.89,3.88,3.81
2020-11-04,2020-11-03,600536,42.97807234143809,42.81272663855814,42.69462256507246
2020-11-04,2020-11-03,600628,8.613745958646561,8.682893001892575,8.673014852857429
2020-11-04,2020-11-03,600712,5.05,5.02,5.01
2020-11-05,2020-11-04,000523,3.48,3.51,3.56
2020-11-05,2020-11-04,000708,14.28058004300076,14.33292181469166,14.43760535807346
2020-11-05,2020-11-04,002169,7.152242422934735,7.211515150196625,7.251030301704552
2020-11-05,2020-11-04,002271,33.23963425141872,33.34761357221381,33.42859806281011
2020-11-05,2020-11-04,002529,5.7,5.76,5.74
2020-11-05,2020-11-04,002624,23.50840260991482,23.64716748643167,23.60635428745613
2020-11-05,2020-11-04,002629,2.07,2.08,2.08
2020-11-05,2020-11-04,002768,19.9209078496012,20.09486144337197,20.19794505449539
2020-11-05,2020-11-04,002824,10.68611396706189,10.81626535512226,10.87791601262454
2020-11-05,2020-11-04,002860,9.364279231508293,9.406460669488061,9.448642107467826
2020-11-05,2020-11-04,002878,23.43741701449763,23.57986484886451,23.42792049220651
2020-11-05,2020-11-04,002897,27.81143665097696,28.3658832342645,28.15796576553168
2020-11-05,2020-11-04,002916,77.46316913723376,79.67848460456386,78.96433685522719
2020-11-05,2020-11-04,002931,13.66184639965536,13.6828646248856,13.78795575103679
2020-11-05,2020-11-04,300223,70.55828285669739,71.24100919481435,70.90459331806106
2020-11-05,2020-11-04,300229,9.976027975841138,10.21402466711369,10.13469243668951
2020-11-05,2020-11-04,300276,6.38,6.4,6.5
2020-11-05,2020-11-04,300417,17.38251388749344,17.67796738133185,17.69766428092108
2020-11-05,2020-11-04,300486,11.26397714874775,11.26397714874775,11.29710649330289
2020-11-05,2020-11-04,300497,14.38738265712013,14.40706443914081,14.64324582338902
2020-11-05,2020-11-04,300552,37.89189417202881,38.32270640550924,38.32270640550924
2020-11-05,2020-11-04,300586,8.942084942084941,8.972656172656173,8.949727749727751
2020-11-05,2020-11-04,300598,65.28940315212755,66.3105073615759,65.98375401455245
2020-11-05,2020-11-04,300607,23.83124590156784,23.97189734004258,24.16758629792048
2020-11-05,2020-11-04,300706,27.40724651143787,27.78706976724919,27.41724186027501
2020-11-05,2020-11-04,300709,43.73799729790655,43.90879547542103,43.65601417269961
2020-11-05,2020-11-04,300735,13.9177132319041,14.1450622406639,14.09563854310742
2020-11-05,2020-11-04,300738,10.70460494708373,10.85490758675007,10.85490758675007
2020-11-05,2020-11-04,300773,20.93419083635005,21.33761998827008,21.19263763679881
2020-11-05,2020-11-04,300785,45.23982514863148,47.33785455509078,47.31653311803326
2020-11-05,2020-11-04,600246,6.64,6.66,6.75
2020-11-05,2020-11-04,600289,3.78,3.76,3.71
2020-11-05,2020-11-04,600536,42.98988274878665,43.48001465375221,42.62966532465533
2020-11-05,2020-11-04,600628,8.603867809611415,8.63350225671685,8.65325855478714
2020-11-05,2020-11-04,600712,4.97,5.01,5.02
2020-11-06,2020-11-05,000661,343.0441447841229,335.5866633757724,328.278331595589
2020-11-06,2020-11-05,000955,8.119999999999999,8.050000000000001,8.02
2020-11-06,2020-11-05,002238,6.195195530726258,6.135530726256984,6.165363128491621
2020-11-06,2020-11-05,002271,33.62656015093442,33.04167216329441,32.24982381079716
2020-11-06,2020-11-05,002291,23.21,23.58,23
2020-11-06,2020-11-05,002364,10.22408921933086,10.21418215613383,10.2042750929368
2020-11-06,2020-11-05,002458,8.11627953544253,7.997577092511012,8.004995995194232
2020-11-06,2020-11-05,002481,14.94315983224739,14.87397853672773,15.17046980324058
2020-11-06,2020-11-05,002592,4.062623828647926,4.062623828647926,4.082489959839358
2020-11-06,2020-11-05,002603,17.64593101175011,17.7527950905495,17.71272106099973
2020-11-06,2020-11-05,002624,23.24719813647132,23.00231894261804,23.26352341606153
2020-11-06,2020-11-05,002688,5.96,5.92,5.92
2020-11-06,2020-11-05,002869,37.52059980323656,37.22546187024993,37.13025608541552
2020-11-06,2020-11-05,002878,23.53238223740889,23.3519483138775,23.53238223740889
2020-11-06,2020-11-05,002912,62.54140025736683,61.9792739262143,61.41714759506177
2020-11-06,2020-11-05,002956,16.49495685008821,16.34804935796385,16.2975499075461
2020-11-06,2020-11-05,300010,13.59,13.58,13.47
2020-11-06,2020-11-05,300063,7.43,7.8,7.8
2020-11-06,2020-11-05,300220,23.88,24.21,24.5
2020-11-06,2020-11-05,300393,7.68567896755609,7.609308173840538,7.581536976125791
2020-11-06,2020-11-05,300486,11.19109259072644,11.05194934359485,11.00556826121765
2020-11-06,2020-11-05,300548,32.8360429096621,32.55062491518854,32.51170427957851
2020-11-06,2020-11-05,300598,66.41261778252075,66.42282882461522,66.52493924556006
2020-11-06,2020-11-05,300602,22.96125063263788,23.13955197491031,23.01077878326911
2020-11-06,2020-11-05,300607,24.24096965712469,24.07585709891521,24.13089461831838
2020-11-06,2020-11-05,300709,43.48521599518513,43.47838406808455,45.52113027115767
2020-11-06,2020-11-05,300770,69.11619312017923,68.55829026980879,68.15181819311032
2020-11-06,2020-11-05,300773,21.25567344178632,21.02874454383131,20.94679799734755
2020-11-06,2020-11-05,300785,48.10969057657275,47.7003189850685,47.42314030332083
2020-11-06,2020-11-05,600521,34.56453878349128,34.02812523013574,33.27714625543799
2020-11-06,2020-11-05,600546,6.868013096709503,6.902353162193052,6.881749122902922
2020-11-06,2020-11-05,600556,17.21917557192313,17.72271797683602,17.4067698012044
2020-11-06,2020-11-05,600712,5.11,5.09,5.16
2020-11-06,2020-11-05,688012,110.3193687414912,110.0186981828717,108.3750324624182
2020-11-09,2020-11-06,000661,324.6800968160599,325.3233045875301,324.8758557030291
2020-11-09,2020-11-06,000955,7.92,8.01,8.039999999999999
2020-11-09,2020-11-06,002238,6.135530726256984,6.185251396648045,6.244916201117319
2020-11-09,2020-11-06,002271,32.82571352170425,33.56357221380397,33.47358944647473
2020-11-09,2020-11-06,002291,22.85,23.05,23.37
2020-11-09,2020-11-06,002364,10.15473977695167,10.2042750929368,10.26371747211896
2020-11-09,2020-11-06,002458,7.967901481778133,8.079185022026431,8.309171005206247
2020-11-09,2020-11-06,002481,15.10128850772091,15.23965109876024,15.26930022541153
2020-11-09,2020-11-06,002592,4.10235609103079,4.10235609103079,4.152021419009371
2020-11-09,2020-11-06,002603,17.53906693295072,17.70604205607477,17.99323926784815
2020-11-09,2020-11-06,002624,23.5002399701197,23.47575205073438,23.671655405817
2020-11-09,2020-11-06,002688,5.89,5.94,6.03
2020-11-09,2020-11-06,002869,37.04457087906457,37.4825174893028,37.7205319513888
2020-11-09,2020-11-06,002878,23.55137528199114,23.50389267053551,23.62734746032014
2020-11-09,2020-11-06,002912,60.52549893185432,61.63036792756791,61.8338964267783
2020-11-09,2020-11-06,002956,16.29295904841722,16.40313966751048,16.57759231440816
2020-11-09,2020-11-06,300010,13.63,14.05,14
2020-11-09,2020-11-06,300063,7.5,7.55,7.52
2020-11-09,2020-11-06,300220,24.11,24.43,24.51
2020-11-09,2020-11-06,300393,7.345481795550445,7.456566586409432,7.456566586409432
2020-11-09,2020-11-06,300486,11.10495629488307,11.26397714874775,11.33023583785803
2020-11-09,2020-11-06,300548,32.18087887689326,32.97875190689888,32.99172545210222
2020-11-09,2020-11-06,300598,67.18865698170148,68.41398203303952,69.69036229484995
2020-11-09,2020-11-06,300602,22.76313803011297,23.24851390629901,23.35747583768772
2020-11-09,2020-11-06,300607,23.84347646143521,23.98412789990995,24.17370157785417
2020-11-09,2020-11-06,300709,44.12058521553897,44.96774417601077,44.77645021719457
2020-11-09,2020-11-06,300770,65.41809422629511,66.59766025279264,67.41857444690916
2020-11-09,2020-11-06,300773,20.97831589984131,21.22415553929257,21.26828060278382
2020-11-09,2020-11-06,300785,48.74080511347515,47.92206193046664,47.88794763117462
2020-11-09,2020-11-06,600521,33.21862841325375,33.40393491350385,32.84801541275356
2020-11-09,2020-11-06,600546,6.682576743098346,6.758124887162151,6.764992900258861
2020-11-09,2020-11-06,600556,17.47588346462382,17.60423741097416,17.64373093292812
2020-11-09,2020-11-06,600712,5.06,5.13,5.14
2020-11-09,2020-11-06,688012,110.212463653982,114.0476836683734,114.7158404653057
2020-11-10,2020-11-09,000661,330.235920465281,332.7994296994015,325.9851560625212
2020-11-10,2020-11-09,000955,8.07,8.02,8.039999999999999
2020-11-10,2020-11-09,002238,6.264804469273743,6.244916201117319,6.314525139664805
2020-11-10,2020-11-09,002271,34.26543779897198,34.08547226431352,34.84132750987907
2020-11-10,2020-11-09,002291,23.76,23.57,23.6
2020-11-10,2020-11-09,002364,10.33306691449814,10.32315985130111,10.28353159851301
2020-11-10,2020-11-09,002458,8.272076491790148,8.331427713255907,8.316589907889467
2020-11-10,2020-11-09,002481,15.29894935206281,15.42742890088504,15.30883239427991
2020-11-10,2020-11-09,002592,4.132155287817939,4.132155287817939,4.10235609103079
2020-11-10,2020-11-09,002603,18.00659727769807,18.06002931709777,17.75947409547447
2020-11-10,2020-11-09,002624,24.56138314348392,23.7614444435632,23.63084220684145
2020-11-10,2020-11-09,002688,6.04,6.33,6.35
2020-11-10,2020-11-09,002869,38.44409591613023,38.39649302371303,38.50121938703086
2020-11-10,2020-11-09,002878,23.82677442843378,23.48489962595326,23.53238223740889
2020-11-10,2020-11-09,002912,62.05680859258017,62.20218609201618,61.34930476199164
2020-11-10,2020-11-09,002956,16.75663582043472,16.64186434221257,16.40773052663937
2020-11-10,2020-11-09,300010,13.89,14.03,14.11
2020-11-10,2020-11-09,300063,7.66,7.55,7.42
2020-11-10,2020-11-09,300220,25.63,25.33,25.19
2020-11-10,2020-11-09,300393,7.387138592122565,7.234397004691459,7.15108341154722
2020-11-10,2020-11-09,300486,11.25072541092569,11.1579632461713,11.16458911508233
2020-11-10,2020-11-09,300548,33.98420166015799,33.53661435064264,32.95280481649219
2020-11-10,2020-11-09,300598,71.32923455101455,69.40955863725165,70.7114665042983
2020-11-10,2020-11-09,300602,23.60511659084386,23.23860827617277,23.35747583768772
2020-11-10,2020-11-09,300607,24.28989189659417,24.15535573805311,24.14312517818574
2020-11-10,2020-11-09,300709,46.3204657419254,45.78757542808025,45.61677725056577
2020-11-10,2020-11-09,300770,67.63376554633776,66.53389992703602,65.08335251607284
2020-11-10,2020-11-09,300773,21.72213839869385,21.61497753021509,21.60867394971634
2020-11-10,2020-11-09,300785,48.80050513723618,49.18002671685992,48.79624084982468
2020-11-10,2020-11-09,600521,33.00406299191154,33.04307488670104,32.26283699091116
2020-11-10,2020-11-09,600546,6.847409057419375,6.91608918838647,6.847409057419375
2020-11-10,2020-11-09,600556,17.43638994266987,17.30803599631952,17.28828923534255
2020-11-10,2020-11-09,600712,5.13,5.22,5.14
2020-11-10,2020-11-09,688012,121.5778107698004,118.363976576556,117.8227695710409
2020-11-11,2020-11-10,000661,323.4682560872029,321.8089664738449,321.3615175893439
2020-11-11,2020-11-10,000955,8.01,7.96,7.92
2020-11-11,2020-11-10,002238,6.244916201117319,6.165363128491621,6.175307262569833
2020-11-11,2020-11-10,002271,35.13827064206554,35.45321032771786,35.47120688118371
2020-11-11,2020-11-10,002291,21.98,21.5,21.66
2020-11-11,2020-11-10,002364,10.12501858736059,10.06557620817844,9.986319702602231
2020-11-11,2020-11-10,002458,8.887845414497397,8.939777733279936,8.939777733279936
2020-11-11,2020-11-10,002481,15.52625932305599,15.58555757635856,15.45707802753633
2020-11-11,2020-11-10,002592,4.052690763052209,4.042757697456493,4.022891566265061
2020-11-11,2020-11-10,002603,17.65261001667507,17.49231389847598,17.38544981967659
2020-11-11,2020-11-10,002624,24.24304019147465,24.1124379547529,23.90020932008006
2020-11-11,2020-11-10,002688,6.25,6.11,6.09
2020-11-11,2020-11-10,002869,38.49169880854743,37.94902583499135,37.46347633233592
2020-11-11,2020-11-10,002878,23.33295526929525,23.26647961325737,23.237990046384
2020-11-11,2020-11-10,002912,60.87440493050071,60.64180093140311,60.86471309720498
2020-11-11,2020-11-10,002956,16.60054661005259,16.94486104471906,16.72909066566141
2020-11-11,2020-11-10,300010,14.07,13.8,13.71
2020-11-11,2020-11-10,300063,7.21,7.1,6.97
2020-11-11,2020-11-10,300220,25.08,24.91,24.75
2020-11-11,2020-11-10,300393,7.178854609261967,7.019170222402174,6.908085431543188
2020-11-11,2020-11-10,300486,11.25735127983672,11.21097019745952,11.17121498399335
2020-11-11,2020-11-10,300548,32.48575718917183,31.94735506323308,31.59706934274281
2020-11-11,2020-11-10,300598,72.60050929177774,70.20091439957413,69.96095491035376
2020-11-11,2020-11-10,300602,23.30794768705649,23.69426726198008,23.18908012554154
2020-11-11,2020-11-10,300607,23.8495917413689,23.91685982063942,23.90462926077206
2020-11-11,2020-11-10,300709,47.0036584519833,46.69622173245725,48.57500168511646
2020-11-11,2020-11-10,300770,65.91223675090895,65.7448658957978,66.85270155581912
2020-11-11,2020-11-10,300773,21.87342433066386,21.64019185221009,21.6023703692176
2020-11-11,2020-11-10,300785,48.28026207303286,48.13527630104177,47.06494016075461
2020-11-11,2020-11-10,600521,32.03851859587157,32.33110780679277,31.9897537273847
2020-11-11,2020-11-10,600546,6.744388860968733,6.668840716904929,6.716916808581893
2020-11-11,2020-11-10,600556,16.98221444019942,16.79462021091815,16.48854541577501
2020-11-11,2020-11-10,600712,5.09,5.07,5.06
2020-11-11,2020-11-10,688012,116.5399085209309,116.0788803310476,113.0855378807909
2020-11-12,2020-11-11,000661,319.8513776041529,323.5521527530468,325.2766953287279
2020-11-12,2020-11-11,000955,7.81,7.8,7.78
2020-11-12,2020-11-11,002238,6.155418994413409,6.165363128491621,6.175307262569833
2020-11-12,2020-11-11,002271,35.1202740885997,35.46220860445078,35.80414312030187
2020-11-12,2020-11-11,002291,21,21.33,21.2
2020-11-12,2020-11-11,002364,9.728736059479553,9.73864312267658,9.669293680297397
2020-11-12,2020-11-11,002458,8.850750901081296,8.806237484981978,9.051061273528234
2020-11-12,2020-11-11,002481,15.1210545921551,15.21988501432605,15.59544061857565
2020-11-12,2020-11-11,002592,4.022891566265061,4.003025435073629,4.022891566265061
2020-11-12,2020-11-11,002603,17.29862275565208,17.37209180982666,17.27190673595223
2020-11-12,2020-11-11,002624,23.46758941093927,23.72063124458766,23.63900484663657
2020-11-12,2020-11-11,002688,6.08,6.08,6.07
2020-11-12,2020-11-11,002869,37.21594129176649,37.50155864626969,37.30162649811744
2020-11-12,2020-11-11,002878,22.96259089994136,23.3519483138775,23.60835441573789
2020-11-12,2020-11-11,002912,60.18628476650365,60.39950509900978,60.21536026639085
2020-11-12,2020-11-11,002956,16.2975499075461,16.32509506231942,16.65104606047034
2020-11-12,2020-11-11,300010,13.57,13.57,13.63
2020-11-12,2020-11-11,300063,6.82,6.88,6.83
2020-11-12,2020-11-11,300220,25.2,25.24,25.46
2020-11-12,2020-11-11,300393,6.713687047539962,6.838657437256321,6.769229442969456
2020-11-12,2020-11-11,300486,11.14471150834924,11.1115821637941,11.13145977052719
2020-11-12,2020-11-11,300548,30.53323863606865,30.73432858672047,30.63054022509372
2020-11-12,2020-11-11,300598,68.71010225377954,68.51609245398434,68.15870598067742
2020-11-12,2020-11-11,300602,22.66408172885051,22.40653534556812,22.83247744099669
2020-11-12,2020-11-11,300607,23.16468038879625,23.37259990654152,23.29310126740362
2020-11-12,2020-11-11,300709,46.25897839802019,46.11550792890804,45.97886938689646
2020-11-12,2020-11-11,300770,64.49356950282409,64.8442512944855,64.50950958426323
2020-11-12,2020-11-11,300773,21.37544147126258,21.54563814472884,21.41326295425508
2020-11-12,2020-11-11,300785,45.34216804650755,46.5660185336088,45.88799683517988
2020-11-12,2020-11-11,600521,31.82395317452936,32.37987267527964,32.25308401721379
2020-11-12,2020-11-11,600546,6.751256874065442,6.627632638324671,6.593292572841123
2020-11-12,2020-11-11,600556,16.05411667428154,16.1725972401434,16.16272385965491
2020-11-12,2020-11-11,600712,5,4.99,5.03
2020-11-12,2020-11-11,688012,106.2369307122349,106.9050875091672,107.4930654904676
2020-11-13,2020-11-12,000158,7.196035150090712,7.086248206053266,7.186054518814581
2020-11-13,2020-11-12,000652,4.893208953761935,4.843582088105121,4.843582088105121
2020-11-13,2020-11-12,002023,15.1512512926577,14.94233712512926,15.00202688728025
2020-11-13,2020-11-12,002065,9.16,9.09,9.16
2020-11-13,2020-11-12,002076,1.91,1.88,1.88
2020-11-13,2020-11-12,002131,3.222884058204208,3.262672750280803,3.282567096319101
2020-11-13,2020-11-12,002169,7.112727271426809,7.063333332041901,7.112727271426809
2020-11-13,2020-11-12,002320,5.939896993139583,5.883386345213307,5.870828423451913
2020-11-13,2020-11-12,002363,5.602995593265202,5.584193594630085,5.546589597359849
2020-11-13,2020-11-12,002364,9.629665427509293,9.590037174721189,9.649479553903346
2020-11-13,2020-11-12,002481,15.34836456314828,15.5163762808389,15.21000197210896
2020-11-13,2020-11-12,002605,26.76077686920181,26.63308400070528,26.61484216234863
2020-11-13,2020-11-12,002624,23.50840260991482,23.24719813647132,23.25536077626642
2020-11-13,2020-11-12,002629,2.17,2.17,2.17
2020-11-13,2020-11-12,002768,19.90802239821076,19.88225149542991,19.80493878708734
2020-11-13,2020-11-12,002824,12.17942989322823,12.21368025850728,12.24793062378632
2020-11-13,2020-11-12,002878,23.14302482347274,22.94359785535911,23.21899700180175
2020-11-13,2020-11-12,300212,32.04797737412468,31.73857615998644,31.83838300325684
2020-11-13,2020-11-12,300215,8.103135430152108,7.924608578569809,7.855181469621138
2020-11-13,2020-11-12,300223,74.31822500864592,72.85382648630807,74.11043873182771
2020-11-13,2020-11-12,300427,22.86593938527958,22.79664865986964,22.78674998481108
2020-11-13,2020-11-12,300548,30.28674127720512,30.05970423614662,30.31268836761181
2020-11-13,2020-11-12,300552,38.3520799668829,37.97022366902524,38.50873896087578
2020-11-13,2020-11-12,300586,8.55994455994456,8.81980001980002,8.659301059301059
2020-11-13,2020-11-12,300598,66.37177361414281,65.08518231023788,66.11649756178072
2020-11-13,2020-11-12,300683,48.9220927198313,48.22618812922204,48.2858370941314
2020-11-13,2020-11-12,300738,11.07908779506596,10.85745508911729,10.98737770984582
2020-11-13,2020-11-12,300770,63.18648282481331,62.27789818278143,62.28586822350101
2020-11-13,2020-11-12,300773,21.03504812433006,20.8396371288688,21.12960183181131
2020-11-13,2020-11-12,600289,3.47,3.43,3.43
2020-11-13,2020-11-12,600318,9.9,9.720000000000001,9.76
2020-11-13,2020-11-12,600640,14.16906933104041,14.04941498060235,14.17904052691025
2020-11-13,2020-11-12,600712,5.01,4.95,4.95
2020-11-16,2020-11-13,000158,7.156112624986187,7.196035150090712,7.166093256262318
2020-11-16,2020-11-13,000652,4.863432834367847,4.903134326893299,4.893208953761935
2020-11-16,2020-11-13,002023,15.17114788004136,15.12140641158221,15.17114788004136
2020-11-16,2020-11-13,002065,9.17,9.119999999999999,9.08
2020-11-16,2020-11-13,002076,1.91,1.89,1.87
2020-11-16,2020-11-13,002131,3.282567096319101,3.242778404242506,3.232831231223357
2020-11-16,2020-11-13,002169,7.152242422934735,7.083090907795864,7.073212119918882
2020-11-16,2020-11-13,002320,5.858270501690519,6.121986858679803,6.078034132514921
2020-11-16,2020-11-13,002363,5.584193594630085,5.565391595994966,5.602995593265202
2020-11-16,2020-11-13,002364,9.649479553903346,9.639572490706319,9.639572490706319
2020-11-16,2020-11-13,002481,15.38789673201666,15.38789673201666,15.46696106975342
2020-11-16,2020-11-13,002605,26.86110698016337,26.6786885965969,26.35945642535557
2020-11-16,2020-11-13,002624,23.01864422220826,22.84722878651096,22.71662654978921
2020-11-16,2020-11-13,002629,2.19,2.3,2.3
2020-11-16,2020-11-13,002768,19.72762607874478,19.73406880443999,19.69541245026871
2020-11-16,2020-11-13,002824,13.39874289716222,14.02894961829664,14.1522509333012
2020-11-16,2020-11-13,002878,23.26647961325737,23.32345874700412,23.58936137115564
2020-11-16,2020-11-13,300212,32.05795805845171,32.15776490172211,31.93818984652724
2020-11-16,2020-11-13,300215,8.003953845939719,7.984117529097243,7.924608578569809
2020-11-16,2020-11-13,300223,75.11968636208759,74.16980623949006,73.41781780910036
2020-11-16,2020-11-13,300427,23.06391288645083,23.01441951115802,22.67786455916689
2020-11-16,2020-11-13,300548,30.0856513265533,29.87158783069814,29.83915396768978
2020-11-16,2020-11-13,300552,39.65430785444875,38.93955119435622,39.17453968534554
2020-11-16,2020-11-13,300586,8.674586674586674,8.52937332937333,8.498802098802098
2020-11-16,2020-11-13,300598,65.37619700993068,65.40683013621413,64.63079093703337
2020-11-16,2020-11-13,300683,48.74314582510321,49.51858236892496,49.52852386307652
2020-11-16,2020-11-13,300738,10.64855989500476,10.6918674352476,10.71224745418541
2020-11-16,2020-11-13,300770,62.80392087027357,61.44901394794533,61.82360586176549
2020-11-16,2020-11-13,300773,21.14220899280881,22.34619286807014,22.69919337600016
2020-11-16,2020-11-13,600289,3.48,3.45,3.48
2020-11-16,2020-11-13,600318,9.77,9.779999999999999,9.720000000000001
2020-11-16,2020-11-13,600640,14.10924215582138,14.10924215582138,14.06935737234203
2020-11-16,2020-11-13,600712,4.99,5.07,5.1
2020-11-17,2020-11-16,000158,7.146131993710055,7.046325680948741,6.926558105635165
2020-11-17,2020-11-16,000652,4.913059700024662,4.873358207499209,4.863432834367847
2020-11-17,2020-11-16,002023,15.29052740434333,15.18109617373319,15.17114788004136
2020-11-17,2020-11-16,002065,9.09,9.050000000000001,9
2020-11-17,2020-11-16,002076,1.81,1.77,1.75
2020-11-17,2020-11-16,002131,3.29251426933825,3.312408615376548,3.322355788395696
2020-11-17,2020-11-16,002169,7.181878786565679,7.112727271426809,7.083090907795864
2020-11-17,2020-11-16,002320,6.17221854572538,6.260123998055142,6.266402958935839
2020-11-17,2020-11-16,002363,5.659401589170557,5.678203587805675,5.697005586440793
2020-11-17,2020-11-16,002364,9.728736059479553,9.639572490706319,9.60985130111524
2020-11-17,2020-11-16,002481,15.46696106975342,15.29894935206281,15.42742890088504
2020-11-17,2020-11-16,002605,26.31385182946395,25.88516862808273,25.54769461848476
2020-11-17,2020-11-16,002624,23.06762006097891,22.78192766815009,22.91252990487184
2020-11-17,2020-11-16,002629,2.3,2.26,2.29
2020-11-17,2020-11-16,002768,19.82426696417298,19.69541245026871,19.63098519331657
2020-11-17,2020-11-16,002824,14.32350275969642,14.14540086024539,13.98784917996178
2020-11-17,2020-11-16,002878,23.93123617363615,23.7982848615604,25.00434319253333
2020-11-17,2020-11-16,300212,32.04797737412468,31.70863410700532,31.6786920540242
2020-11-17,2020-11-16,300215,8.192398855943257,8.400680182789273,8.212235172785734
2020-11-17,2020-11-16,300223,73.08140193234706,72.54709436338595,72.55698894799635
2020-11-17,2020-11-16,300427,23.06391288645083,23.04411553633371,22.66796588410833
2020-11-17,2020-11-16,300548,29.06722802809085,28.78181003361729,28.54828621995711
2020-11-17,2020-11-16,300552,39.48785767333131,39.12558374972276,39.59556073170141
2020-11-17,2020-11-16,300586,8.621087021087021,8.728086328086329,8.705157905157906
2020-11-17,2020-11-16,300598,65.35066940469446,64.85543386311201,64.98307188929306
2020-11-17,2020-11-16,300683,49.38934294495467,48.91215122567974,48.61390640113292
2020-11-17,2020-11-16,300738,10.61034735949637,10.6230848713325,10.47787723640062
2020-11-17,2020-11-16,300770,63.59295490151179,62.89159131818892,62.06270708335283
2020-11-17,2020-11-16,300773,22.27685348258389,21.49520950073884,21.69692407669885
2020-11-17,2020-11-16,600289,3.51,3.4,3.41
2020-11-17,2020-11-16,600318,9.85,9.73,9.800000000000001
2020-11-17,2020-11-16,600640,14.2189253103896,14.15909813517057,14.1391557434309
2020-11-17,2020-11-16,600712,5.13,5.06,5.05
2020-11-18,2020-11-17,000158,6.886635580530641,6.946519368187428,7.136151362433925
2020-11-18,2020-11-17,000652,4.843582088105121,4.873358207499209,4.863432834367847
2020-11-18,2020-11-17,002023,15.07166494312306,15.0517683557394,15.03187176835574
2020-11-18,2020-11-17,002065,8.94,9.02,9.039999999999999
2020-11-18,2020-11-17,002076,1.77,1.79,1.8
2020-11-18,2020-11-17,002131,3.302461442357398,3.272619923299952,3.272619923299952
2020-11-18,2020-11-17,002169,7.063333332041901,7.063333332041901,7.083090907795864
2020-11-18,2020-11-17,002320,6.404540098311177,6.260123998055142,6.360587372146298
2020-11-18,2020-11-17,002363,5.697005586440793,5.697005586440793,5.781614580298825
2020-11-18,2020-11-17,002364,9.669293680297397,9.689107806691448,9.679200743494423
2020-11-18,2020-11-17,002481,15.59544061857565,15.60532366079275,15.60532366079275
2020-11-18,2020-11-17,002605,25.34703439656164,25.72099208287291,25.69362932533794
2020-11-18,2020-11-17,002624,22.44725943655061,21.86771201109784,21.17388762851355
2020-11-18,2020-11-17,002629,2.36,2.34,2.44
2020-11-18,2020-11-17,002768,19.43126069676494,19.5987715648405,19.57944338775486
2020-11-18,2020-11-17,002824,13.79604713439914,13.47409370077612,13.6179452349481
2020-11-18,2020-11-17,002878,25.4031971287606,25.4031971287606,25.61212061916536
2020-11-18,2020-11-17,300212,31.56890452642676,31.90824779354612,31.89826710921908
2020-11-18,2020-11-17,300215,8.440352816474228,8.410598341210511,8.509779925422899
2020-11-18,2020-11-17,300223,80.14613534416615,79.27541189845176,81.10591005137407
2020-11-18,2020-11-17,300427,22.39080298246858,22.58877648363983,22.5689791335227
2020-11-18,2020-11-17,300548,27.82825446117155,28.72342908020225,28.24340790767854
2020-11-18,2020-11-17,300552,39.10600137547365,39.40952817633487,39.40952817633487
2020-11-18,2020-11-17,300586,8.766300366300367,8.521730521730522,8.582872982872983
2020-11-18,2020-11-17,300598,63.461626617215,63.89049038518331,64.01812841136436
2020-11-18,2020-11-17,300683,48.06712422279707,48.83261927246726,48.78291180170945
2020-11-18,2020-11-17,300738,10.69441493761483,10.79631503230387,10.74536498495935
2020-11-18,2020-11-17,300770,61.74390545456971,61.90330626896127,61.53668439586069
2020-11-18,2020-11-17,300773,21.57715604722259,21.64019185221009,21.6780133352026
2020-11-18,2020-11-17,600289,3.42,3.42,3.43
2020-11-18,2020-11-17,600318,9.73,9.789999999999999,10.02
2020-11-18,2020-11-17,600640,14.32860846495783,14.39840683604669,14.43829161952605
2020-11-18,2020-11-17,600712,5.07,5.1,5.11
2020-11-19,2020-11-18,000158,7.225977043919106,7.086248206053266,7.186054518814581
2020-11-19,2020-11-18,000652,4.893208953761935,4.863432834367847,4.853507461236483
2020-11-19,2020-11-18,002023,14.87269906928645,14.66378490175801,14.84285418821096
2020-11-19,2020-11-18,002065,9.01,8.92,9.050000000000001
2020-11-19,2020-11-18,002076,1.8,1.79,1.78
2020-11-19,2020-11-18,002131,3.401933172548886,3.501404902740374,3.471563383682928
2020-11-19,2020-11-18,002169,7.023818180533974,6.974424241149064,7.053454544164918
2020-11-19,2020-11-18,002320,6.209892311009564,6.191055428367472,6.17221854572538
2020-11-19,2020-11-18,002363,5.82861957688662,5.856822574839297,5.809817578251502
2020-11-19,2020-11-18,002364,9.669293680297397,9.580130111524163,9.629665427509293
2020-11-19,2020-11-18,002481,16.15877402495006,16.14889098273296,16.10935881386459
2020-11-19,2020-11-18,002605,25.47472726505817,25.62978289108967,25.68450840615962
2020-11-19,2020-11-18,002624,21.0351227519967,20.92084579486516,21.33714042441574
2020-11-19,2020-11-18,002629,2.42,2.41,2.4
2020-11-19,2020-11-18,002768,19.51501613080272,19.49568795371708,19.35394798842238
2020-11-19,2020-11-18,002824,13.54259443133421,13.4603935546645,13.05623924437177
2020-11-19,2020-11-18,002878,25.73557540894999,24.93786753649546,24.50102751110368
2020-11-19,2020-11-18,300212,31.10979304738294,31.0499089414207,31.18963852199926
2020-11-19,2020-11-18,300215,8.361007549104317,8.311416756998124,8.321334915419362
2020-11-19,2020-11-18,300223,84.13365294215367,83.11451072728342,90.43650333897267
2020-11-19,2020-11-18,300427,22.20272815635589,21.9354639297747,22.30171490694152
2020-11-19,2020-11-18,300548,27.98393700361168,27.57527032970636,27.89312218718827
2020-11-19,2020-11-18,300552,38.41082708963022,37.72544399091137,38.19542097289001
2020-11-19,2020-11-18,300586,8.55994455994456,8.3000891000891,8.177804177804177
2020-11-19,2020-11-18,300598,63.00212972296325,62.40478376043597,63.35951619627017
2020-11-19,2020-11-18,300683,48.56419893037511,48.17648065846424,48.78291180170945
2020-11-19,2020-11-18,300738,10.49061474823675,10.37088213697712,10.52882728374514
2020-11-19,2020-11-18,300770,59.01815152847409,58.9065709584,59.05800173207197
2020-11-19,2020-11-18,300773,21.67170975470385,21.36283431026508,21.86081716966636
2020-11-19,2020-11-18,600289,3.37,3.35,3.35
2020-11-19,2020-11-18,600318,9.869999999999999,9.69,9.720000000000001
2020-11-19,2020-11-18,600640,14.2189253103896,14.2189253103896,14.2687812897388
2020-11-19,2020-11-18,600712,5.12,5.08,5.1
2020-11-20,2020-11-19,000526,52.32,52.32,52.41
2020-11-20,2020-11-19,000700,5.400770302189927,5.382767734515961,5.418772869863893
2020-11-20,2020-11-19,002062,4.263197551764199,4.243686350154293,4.224175148544389
2020-11-20,2020-11-19,002158,13.65324717042622,13.75277382309334,13.61705566036545
2020-11-20,2020-11-19,002169,7.00406060478001,7.00406060478001,6.994181816903028
2020-11-20,2020-11-19,002305,2.27,2.26,2.26
2020-11-20,2020-11-19,002363,5.819218577569061,5.819218577569061,5.847421575521738
2020-11-20,2020-11-19,002364,9.60985130111524,9.669293680297397,9.73864312267658
2020-11-20,2020-11-19,002432,8.583054100003343,8.609737169744285,8.583054100003343
2020-11-20,2020-11-19,002452,6.506695060579132,6.487126052878142,6.477341549027646
2020-11-20,2020-11-19,002551,6.775817232692988,6.755859008148973,6.725921671332951
2020-11-20,2020-11-19,002605,26.24088447603736,26.21352171850239,26.21352171850239
2020-11-20,2020-11-19,002624,21.37795362339129,21.50855586011303,21.36162834380107
2020-11-20,2020-11-19,002768,19.83715241556341,19.99822055794376,19.86292331834427
2020-11-20,2020-11-19,002824,12.8438869796417,12.66578508019066,12.74798595686037
2020-11-20,2020-11-19,002837,6.793269277750228,6.749068826994096,6.76266896568829
2020-11-20,2020-11-19,002838,24.65037652539572,24.65037652539572,24.54387450584374
2020-11-20,2020-11-19,002886,14.87448761565204,14.81627044298803,14.86284418111924
2020-11-20,2020-11-19,002950,20.2082447735656,20.10734114555416,20.16237948810585
2020-11-20,2020-11-19,002953,11.67616334776561,11.67616334776561,11.75101054871283
2020-11-20,2020-11-19,300098,4.95,4.96,4.95
2020-11-20,2020-11-19,300134,12.19,12.23,12.11
2020-11-20,2020-11-19,300265,13.11210810772851,12.96554952232171,13.0730258182867
2020-11-20,2020-11-19,300432,5.477988455669689,5.473274179890284,5.534559765022561
2020-11-20,2020-11-19,300586,7.940877140877141,7.963805563805564,7.940877140877141
2020-11-20,2020-11-19,300598,63.02255180715222,64.00791736926988,63.81390756947469
2020-11-20,2020-11-19,300683,48.55425743622355,48.55425743622355,48.60396490698135
2020-11-20,2020-11-19,300738,10.61289486186359,10.6918674352476,10.61289486186359
2020-11-20,2020-11-19,300773,22.35880002906764,22.20121051659888,22.15708545310763
2020-11-20,2020-11-19,600550,4.68,4.68,4.67
2020-11-20,2020-11-19,600579,5.08,5.05,5.06
2020-11-20,2020-11-19,603633,8.436003502826511,8.458519526410567,8.436003502826511
2020-11-20,2020-11-19,688012,100.3638324672,100.5642795062797,100.156703860151
2020-11-23,2020-11-20,000526,53.1,52.29,51.71
2020-11-23,2020-11-20,000700,5.589797262766575,5.535789559744676,5.517786992070708
2020-11-23,2020-11-20,002062,4.233930749349342,4.224175148544389,4.204663946934484
2020-11-23,2020-11-20,002158,13.97897076097317,13.98801863848836,14.07849741364029
2020-11-23,2020-11-20,002169,7.013939392656991,6.974424241149064,7.023818180533974
2020-11-23,2020-11-20,002305,2.28,2.28,2.27
2020-11-23,2020-11-20,002363,6.195258550271423,6.12945155504851,6.063644559825597
2020-11-23,2020-11-20,002364,9.907063197026021,9.907063197026021,9.847620817843865
2020-11-23,2020-11-20,002432,8.547476673682086,8.583054100003343,8.609737169744285
2020-11-23,2020-11-20,002452,6.487126052878142,6.457772541326657,6.457772541326657
2020-11-23,2020-11-20,002551,6.815733681781018,6.795775457237003,6.84567101859704
2020-11-23,2020-11-20,002605,26.15879620343245,25.76659667876453,25.9854987390443
2020-11-23,2020-11-20,002624,21.16572498871844,21.2147008274891,21.2147008274891
2020-11-23,2020-11-20,002768,20.08197599198154,20.38478409965659,20.4814249850848
2020-11-23,2020-11-20,002824,13.32339209354832,13.44669340855288,13.24119121687861
2020-11-23,2020-11-20,002837,6.76266896568829,6.677668098849574,6.643667752114086
2020-11-23,2020-11-20,002838,24.51482850051138,25.05702060004875,25.47334667647924
2020-11-23,2020-11-20,002886,15.00838711277924,14.97345680918083,14.94434822284884
2020-11-23,2020-11-20,002950,20.25411005902535,20.27245617320925,20.4467442579563
2020-11-23,2020-11-20,002953,12.07178426705804,11.94347477971995,11.92208986516361
2020-11-23,2020-11-20,300098,5.35,5.6,5.39
2020-11-23,2020-11-20,300134,12.29,12.17,12.1
2020-11-23,2020-11-20,300265,12.6528912067872,12.46725033193858,12.12528029932271
2020-11-23,2020-11-20,300432,5.642988107948898,5.652416659507709,5.586416798596026
2020-11-23,2020-11-20,300586,7.948519948519949,7.87973467973468,7.772735372735373
2020-11-23,2020-11-20,300598,63.20635056485292,62.07292489236525,61.81764884000317
2020-11-23,2020-11-20,300683,48.96185869643755,48.90220973152818,48.56419893037511
2020-11-23,2020-11-20,300738,10.62817987606695,10.47532973403339,10.45749721746281
2020-11-23,2020-11-20,300773,22.11296038961637,21.99319236014012,21.89233507216011
2020-11-23,2020-11-20,600550,4.7,4.66,4.65
2020-11-23,2020-11-20,600579,5.08,5.07,5.05
2020-11-23,2020-11-20,603633,8.473530208799938,8.42099282043714,8.405982138047769
2020-11-23,2020-11-20,688012,99.41504981555613,97.27694806537281,97.29031120131145
2020-11-24,2020-11-23,000526,51.93,51.83,51.95
2020-11-24,2020-11-23,000700,5.652806249625457,5.742819087995289,5.733817804158305
2020-11-24,2020-11-23,002062,4.263197551764199,4.233930749349342,4.233930749349342
2020-11-24,2020-11-23,002158,13.87039623079085,14.09659316867068,14.04230590357952
2020-11-24,2020-11-23,002169,7.013939392656991,7.033696968410955,7.023818180533974
2020-11-24,2020-11-23,002305,2.28,2.29,2.28
2020-11-24,2020-11-23,002363,6.110649556413392,6.467887530480636,6.721714512054731
2020-11-24,2020-11-23,002364,9.907063197026021,10.02594795539033,10.11511152416357
2020-11-24,2020-11-23,002432,8.583054100003343,8.547476673682086,8.503004890780515
2020-11-24,2020-11-23,002452,6.467557045177152,6.438203533625667,6.428419029775172
2020-11-24,2020-11-23,002551,6.855650130869047,6.835691906325032,6.815733681781018
2020-11-24,2020-11-23,002605,25.91253138561771,25.81220127465615,25.76659667876453
2020-11-24,2020-11-23,002624,20.97798427343093,20.96165899384071,20.84738203670918
2020-11-24,2020-11-23,002768,20.37189864826616,20.37834137396138,20.33968501979009
2020-11-24,2020-11-23,002824,13.93989866857112,13.6179452349481,13.49464391994354
2020-11-24,2020-11-23,002837,6.684468168196671,6.704868376237962,6.86467000589475
2020-11-24,2020-11-23,002838,25.45398267292433,25.15384061782328,25.00861059116149
2020-11-24,2020-11-23,002886,14.93852650558244,14.90941791925044,14.78716185665603
2020-11-24,2020-11-23,002950,20.51095565759995,20.51095565759995,20.32749451576095
2020-11-24,2020-11-23,002953,11.86328135013365,11.90070495060726,11.88466626469
2020-11-24,2020-11-23,300098,5.38,5.28,5.3
2020-11-24,2020-11-23,300134,12.17,12.22,12.18
2020-11-24,2020-11-23,300265,12.20344487820634,12.26206831236906,12.18390373348543
2020-11-24,2020-11-23,300432,5.638273832169491,5.723130796198799,5.539274040801967
2020-11-24,2020-11-23,300586,7.948519948519949,7.887377487377488,7.917948717948717
2020-11-24,2020-11-23,300598,62.26693469216043,62.77748679688461,62.7876978389791
2020-11-24,2020-11-23,300683,48.53437444792043,48.22618812922204,48.43495950640482
2020-11-24,2020-11-23,300738,10.60525235476192,10.67912992341147,10.61289486186359
2020-11-24,2020-11-23,300773,22.15708545310763,22.21381767759638,21.88603149166136
2020-11-24,2020-11-23,600550,4.72,4.69,4.72
2020-11-24,2020-11-23,600579,5.18,5.14,5.15
2020-11-24,2020-11-23,603633,8.398476796853082,8.42099282043714,8.405982138047769
2020-11-24,2020-11-23,688012,97.6845237115015,98.20568601310868,97.1900876817716
2020-11-25,2020-11-24,000526,52.97,51.58,51.3
2020-11-25,2020-11-24,000700,5.652806249625457,5.616801114277524,5.760821655669256
2020-11-25,2020-11-24,002062,4.253441950959247,4.292464354179057,4.272953152569151
2020-11-25,2020-11-24,002158,14.13278467873145,14.03325802606432,14.17802406630741
2020-11-25,2020-11-24,002169,7.073212119918882,7.033696968410955,7.083090907795864
2020-11-25,2020-11-24,002305,2.29,2.31,2.34
2020-11-25,2020-11-24,002363,6.721714512054731,6.740516510689849,6.806323505912763
2020-11-25,2020-11-24,002364,9.966505576208178,10.00613382899628,10.07548327137546
2020-11-25,2020-11-24,002432,8.476321821039571,8.467427464459256,8.396272611816741
2020-11-25,2020-11-24,002452,6.438203533625667,6.438203533625667,6.447988037476161
2020-11-25,2020-11-24,002551,6.84567101859704,6.795775457237003,6.795775457237003
2020-11-25,2020-11-24,002605,25.82132219383447,25.72099208287291,25.7574757595862
2020-11-25,2020-11-24,002624,21.14939970912823,20.93717107445538,20.99430955302115
2020-11-25,2020-11-24,002768,20.22371595727624,20.61027949898907,20.52652406495129
2020-11-25,2020-11-24,002824,15.33731357195614,15.0016599922215,15.03591035750055
2020-11-25,2020-11-24,002837,6.738868722973449,6.749068826994096,6.75926893101474
2020-11-25,2020-11-24,002838,25.08606660538111,25.10543060893602,25.06670260182621
2020-11-25,2020-11-24,002886,14.65326235952884,14.67654922859444,14.69983609766003
2020-11-25,2020-11-24,002950,20.29080228739315,20.18072560228975,20.08899503137025
2020-11-25,2020-11-24,002953,11.87932003605091,11.89535872196817,11.89001249332909
2020-11-25,2020-11-24,300098,5.28,5.28,5.57
2020-11-25,2020-11-24,300134,12.21,12.17,12.18
2020-11-25,2020-11-24,300265,12.14482144404362,11.99826285863682,11.99826285863682
2020-11-25,2020-11-24,300432,5.661845211066521,5.515702661904937,5.52513121346375
2020-11-25,2020-11-24,300586,7.788020988020988,7.352380952380952,7.367666567666569
2020-11-25,2020-11-24,300598,63.26251129637258,62.50178866033356,62.45583897090838
2020-11-25,2020-11-24,300683,48.21624663507048,47.89811882222053,47.58993250352214
2020-11-25,2020-11-24,300738,10.57213482398798,10.52118477664346,10.52627978137791
2020-11-25,2020-11-24,300773,21.64019185221009,21.55824530572634,21.53303098373134
2020-11-25,2020-11-24,600550,4.76,4.73,4.84
2020-11-25,2020-11-24,600579,5.3,5.27,5.34
2020-11-25,2020-11-24,603633,8.35344474968497,8.345939408490283,8.368455432074342
2020-11-25,2020-11-24,688012,97.61102646383895,97.51748451226842,99.14778709678322
2020-11-26,2020-11-25,000526,50.83,51.1,51.07
2020-11-26,2020-11-25,000700,5.634803681951491,6.201884563681433,6.201884563681433
2020-11-26,2020-11-25,002062,4.185152745324579,4.194908346129532,4.155885942909722
2020-11-26,2020-11-25,002158,14.00611439351875,14.07849741364029,14.0694495361251
2020-11-26,2020-11-25,002169,7.171999998688698,7.181878786565679,7.142363635057754
2020-11-26,2020-11-25,002305,2.31,2.29,2.29
2020-11-26,2020-11-25,002363,6.590100521608904,6.279867544129455,6.251664546176778
2020-11-26,2020-11-25,002364,9.966505576208178,10.00613382899628,10.05566914498141
2020-11-26,2020-11-25,002432,8.289540332852971,8.325117759174226,8.334012115754541
2020-11-26,2020-11-25,002452,6.340358495120718,6.320789487419727,6.330573991270223
2020-11-26,2020-11-25,002551,6.735900783604959,6.745879895876966,6.735900783604959
2020-11-26,2020-11-25,002605,25.68450840615962,25.61154105273302,25.56593645684141
2020-11-26,2020-11-25,002624,20.68412924080699,20.74126771937276,20.65147868162656
2020-11-26,2020-11-25,002768,20.51363861356087,20.50719588786565,20.3912268253518
2020-11-26,2020-11-25,002824,14.46735429386841,14.06319998357568,13.78919706134332
2020-11-26,2020-11-25,002837,6.708268410911511,6.810269451117971,6.8612699712212
2020-11-26,2020-11-25,002838,25.27002463915273,24.54387450584374,22.99475422145123
2020-11-26,2020-11-25,002886,14.55429316600003,14.54264973146723,14.49607599333603
2020-11-26,2020-11-25,002950,20.1715525451978,20.03395668881856,19.86884166116346
2020-11-26,2020-11-25,002953,11.85258889285548,11.78308792054735,11.77774169190826
2020-11-26,2020-11-25,300098,5.62,5.56,5.5
2020-11-26,2020-11-25,300134,12.5,12.4,12.34
2020-11-26,2020-11-25,300265,12.28160945708997,12.19367430584589,12.09596858224135
2020-11-26,2020-11-25,300432,5.642988107948898,5.421417146316819,5.341274458066918
2020-11-26,2020-11-25,300586,7.275952875952876,7.222453222453222,7.146025146025146
2020-11-26,2020-11-25,300598,61.88912613466455,62.10355801864871,61.49600101402694
2020-11-26,2020-11-25,300683,47.23203871406594,47.4209271029456,47.69928893918931
2020-11-26,2020-11-25,300738,10.42183218432164,10.42183218432164,10.39635716064938
2020-11-26,2020-11-25,300773,20.89636935335755,20.97831589984131,20.9404944168488
2020-11-26,2020-11-25,600550,4.81,4.83,4.8
2020-11-26,2020-11-25,600579,5.38,5.39,5.29
2020-11-26,2020-11-25,603633,8.21834860818063,8.225853949375317,8.165811219817833
2020-11-26,2020-11-25,688012,96.08762896683332,96.7825120356429,96.41502579733014
2020-11-27,2020-11-26,000021,19.47192146915962,19.41382523404527,19.34604629307853
2020-11-27,2020-11-26,000903,4.285873422644774,4.374546665871907,4.3843992484527
2020-11-27,2020-11-26,000955,7.24,7.2,7.16
2020-11-27,2020-11-26,002271,31.20602370977806,30.61213744540512,30.76510814986481
2020-11-27,2020-11-26,002291,18.42,18.07,18.18
2020-11-27,2020-11-26,002605,24.90010935682377,24.82714200339718,24.86362568011048
2020-11-27,2020-11-26,002624,20.32497308982218,20.23518405207598,20.28415989084664
2020-11-27,2020-11-26,002768,20.03043418641983,19.72118335304956,19.54722975927879
2020-11-27,2020-11-26,002838,22.74302217523745,21.76513999571468,21.64895597438525
2020-11-27,2020-11-26,002846,8.975666979532262,9.012654618184179,8.920185521554384
2020-11-27,2020-11-26,002860,9.877486726928792,9.877486726928792,9.856396007938908
2020-11-27,2020-11-26,002878,22.68719175349872,22.88661872161236,22.61121957516972
2020-11-27,2020-11-26,300063,6.18,6.18,6.12
2020-11-27,2020-11-26,300169,6.69,6.66,6.58
2020-11-27,2020-11-26,300235,9.319809428771404,9.267561022723632,9.254498921211688
2020-11-27,2020-11-26,300376,9.040228534978365,9.040228534978365,9.049866305271518
2020-11-27,2020-11-26,300456,26.28613581113261,26.24653334663373,25.79110500489659
2020-11-27,2020-11-26,300552,38.80247457461245,38.94934238148077,39.21370443384376
2020-11-27,2020-11-26,300573,36.96826250166509,37.07146071306101,36.39234990258468
2020-11-27,2020-11-26,300586,7.895020295020295,7.803306603306604,7.696307296307297
2020-11-27,2020-11-26,300598,59.23936071114608,59.15767237439021,58.31015588054807
2020-11-27,2020-11-26,300603,13.43,13.39,13.24
2020-11-27,2020-11-26,300683,47.22209721991439,47.30162917312687,47.09285779594409
2020-11-27,2020-11-26,300706,29.9660558137457,30.32588837188274,29.48627906956298
2020-11-27,2020-11-26,300738,10.34540711330486,10.29190956359312,10.2613395351864
2020-11-27,2020-11-26,300770,55.04907125012431,55.88592552567999,55.1606518201984
2020-11-27,2020-11-26,300773,20.8774586118613,20.80181564587629,20.87115503136255
2020-11-27,2020-11-26,300785,44.65988206066712,44.19507473281333,43.90510318883116
2020-11-27,2020-11-26,600289,3.51,3.56,3.49
2020-11-27,2020-11-26,600513,9.871278672043861,9.833385087890143,9.871278672043861
2020-11-27,2020-11-26,600538,5.74,5.7,5.69
2020-11-27,2020-11-26,600546,5.281502071369609,5.308974123756446,5.281502071369609
2020-11-27,2020-11-26,688012,93.94284564868065,94.44396324637987,94.93839927610976
2020-11-30,2020-11-27,000021,19.6074793510931,20.14002817297464,20.13034546712225
2020-11-30,2020-11-27,000903,4.404104413614284,4.266168257483189,4.325283752967944
2020-11-30,2020-11-27,000955,7.14,7.11,7.14
2020-11-30,2020-11-27,002271,30.82809608699527,30.61213744540512,30.91807885432451
2020-11-30,2020-11-27,002291,18.75,18.5,18.5
2020-11-30,2020-11-27,002605,24.76329556914892,24.66296545818735,24.78153740750557
2020-11-30,2020-11-27,002624,20.74943035916787,20.66780396121678,20.57801492347057
2020-11-30,2020-11-27,002768,19.58588611345007,19.54078703358358,19.77916788430649
2020-11-30,2020-11-27,002838,22.07496405259318,21.70704798504996,21.68768398149506
2020-11-30,2020-11-27,002846,8.92635012799637,8.94484394732233,8.951008553764316
2020-11-30,2020-11-27,002860,9.814214569959143,9.729851693999608,9.779063371642669
2020-11-30,2020-11-27,002878,22.97208742223249,23.3519483138775,23.17151439034612
2020-11-30,2020-11-27,300063,6.08,6.03,6.12
2020-11-30,2020-11-27,300169,6.56,6.52,6.63
2020-11-30,2020-11-27,300235,9.424306240866949,9.326340479527374,9.43083729162292
2020-11-30,2020-11-27,300376,9.107692927030442,8.992039683512594,9.040228534978365
2020-11-30,2020-11-27,300456,26.17722903376069,26.88017277861583,26.68216045612142
2020-11-30,2020-11-27,300552,39.01788069135266,39.10600137547365,39.06683662697543
2020-11-30,2020-11-27,300573,36.03947859910188,36.11271603944736,36.78849787536254
2020-11-30,2020-11-27,300586,7.933234333234334,8.628729828729828,9.018513018513019
2020-11-30,2020-11-27,300598,58.71859756432742,58.24378410693394,58.44289942777636
2020-11-30,2020-11-27,300603,13.26,13.2,13.3
2020-11-30,2020-11-27,300683,46.80455446554883,46.99344285442849,46.79461297139726
2020-11-30,2020-11-27,300706,31.60529302303667,31.99511162768512,31.78520930210518
2020-11-30,2020-11-27,300738,10.35559712277377,10.33266960146873,10.50080475770565
2020-11-30,2020-11-27,300770,53.25581208821929,52.75369952288588,53.39927282117169
2020-11-30,2020-11-27,300773,20.97831589984131,21.02244096333256,21.04135170482881
2020-11-30,2020-11-27,300785,44.41255339079997,43.85819602730462,44.08420326011426
2020-11-30,2020-11-27,600289,3.48,3.63,3.62
2020-11-30,2020-11-27,600513,9.928119048274439,9.928119048274439,9.93759244431287
2020-11-30,2020-11-27,600538,5.71,5.7,5.68
2020-11-30,2020-11-27,600546,5.322710149949865,5.329578163046574,5.363918228530122
2020-11-30,2020-11-27,688012,95.70677959258191,97.01636691456919,97.2168139536489
2020-12-01,2020-11-30,000021,19.91732593836963,19.76240264473137,19.67525829205984
2020-12-01,2020-11-30,000903,4.226757927160018,4.325283752967944,4.285873422644774
2020-12-01,2020-11-30,000955,7.19,7.16,7.19
2020-12-01,2020-11-30,002271,30.77410642659774,30.61213744540512,30.64813055233681
2020-12-01,2020-11-30,002291,18.42,18.44,18.49
2020-12-01,2020-11-30,002605,24.81802108421886,24.70857005407898,25.15549509381684
2020-12-01,2020-11-30,002624,21.99831424781959,22.12075384474623,22.92069254466695
2020-12-01,2020-11-30,002768,20.37834137396138,20.33324229409488,20.47498225938958
2020-12-01,2020-11-30,002838,21.59086396372053,21.68768398149506,21.69736598327251
2020-12-01,2020-11-30,002846,8.969502373090275,8.883197882902465,8.907856308670411
2020-12-01,2020-11-30,002860,9.708760975009724,9.708760975009724,9.75094241298949
2020-12-01,2020-11-30,002878,22.85812915473898,22.88661872161236,22.7536674095366
2020-12-01,2020-11-30,300063,6.07,6.04,6.06
2020-12-01,2020-11-30,300169,6.58,6.54,6.62
2020-12-01,2020-11-30,300235,9.365526784063205,9.404713088599035,9.417775190110977
2020-12-01,2020-11-30,300376,8.847473129115286,8.837835358822133,8.722182115304285
2020-12-01,2020-11-30,300456,26.60295552712366,26.89997401086527,26.78116661736863
2020-12-01,2020-11-30,300552,39.12558374972276,39.12558374972276,39.04725425272633
2020-12-01,2020-11-30,300573,36.98490737447089,37.5375171516232,38.30651027525081
2020-12-01,2020-11-30,300586,9.07965547965548,8.796871596871597,8.865656865656865
2020-12-01,2020-11-30,300598,58.64712026966603,59.02492882716192,59.07598403763433
2020-12-01,2020-11-30,300603,13.33,13.32,13.4
2020-12-01,2020-11-30,300683,46.79461297139726,47.07297480764097,46.87414492460975
2020-12-01,2020-11-30,300706,32.43490697651929,31.55531627885096,31.37539999978245
2020-12-01,2020-11-30,300738,10.47278223166616,10.42183218432164,10.48297224113507
2020-12-01,2020-11-30,300770,53.94123559010299,54.24409713744695,54.00499591585962
2020-12-01,2020-11-30,300773,21.02244096333256,21.52672740323259,21.48890592024009
2020-12-01,2020-11-30,300785,43.69188881825602,43.83687459024711,43.92216033847716
2020-12-01,2020-11-30,600289,3.64,3.57,3.61
2020-12-01,2020-11-30,600513,9.814438295813281,9.767071315621134,9.767071315621134
2020-12-01,2020-11-30,600538,5.68,5.67,5.68
2020-12-01,2020-11-30,600546,5.26089803207948,5.219689953499222,5.192217901112384
2020-12-01,2020-11-30,688012,99.16115023272187,99.09433455302865,98.65335106705334
2020-12-02,2020-12-01,000021,20.03351840859833,20.12066276126986,20.45955746610356
2020-12-02,2020-12-01,000903,4.34498891812953,4.374546665871907,4.374546665871907
2020-12-02,2020-12-01,000955,7.28,7.3,7.32
2020-12-02,2020-12-01,002271,30.92707713105743,30.97206851472205,30.90008230085867
2020-12-02,2020-12-01,002291,19,18.83,18.73
2020-12-02,2020-12-01,002605,25.6024201335547,25.56593645684141,25.68450840615962
2020-12-02,2020-12-01,002624,23.44310149155394,23.54921580889036,23.48391469052949
2020-12-02,2020-12-01,002768,20.38478409965659,20.39766955104702,20.71980583580771
2020-12-02,2020-12-01,002838,21.80386800282449,22.14273806503536,23.0431642303385
2020-12-02,2020-12-01,002846,9.006490011742192,8.981831585974248,9.061971469720071
2020-12-02,2020-12-01,002860,9.757972652652786,9.814214569959143,9.772033131979375
2020-12-02,2020-12-01,002878,22.94359785535911,22.93410133306798,22.90561176619461
2020-12-02,2020-12-01,300063,6.21,6.17,6.17
2020-12-02,2020-12-01,300169,6.8,6.83,6.84
2020-12-02,2020-12-01,300235,9.639830915814009,9.600644611278181,9.574520408254294
2020-12-02,2020-12-01,300376,8.943850832046826,8.943850832046826,9.117330697323597
2020-12-02,2020-12-01,300456,26.95937770761359,27.03858263661136,27.6425202202193
2020-12-02,2020-12-01,300552,39.15495731109643,39.24307799521743,39.41931936345942
2020-12-02,2020-12-01,300573,38.37308976647398,39.25193905061982,39.28855777079256
2020-12-02,2020-12-01,300586,8.88094248094248,9.85922185922186,9.920364320364321
2020-12-02,2020-12-01,300598,61.02118755663345,60.67911764646825,60.77101702531861
2020-12-02,2020-12-01,300603,13.66,13.64,13.7
2020-12-02,2020-12-01,300683,47.12268227839878,47.15250676085346,46.87414492460975
2020-12-02,2020-12-01,300706,31.8651720928023,31.78520930210518,32.75475813930777
2020-12-02,2020-12-01,300738,10.55939731215185,10.57722982872243,10.58487233582411
2020-12-02,2020-12-01,300770,56.53946886468537,58.64355961465392,58.04580656068558
2020-12-02,2020-12-01,300773,21.55824530572634,21.49520950073884,21.62128111071384
2020-12-02,2020-12-01,300785,43.67056738119851,43.70894596790203,43.67909595602152
2020-12-02,2020-12-01,600289,3.63,3.65,3.7
2020-12-02,2020-12-01,600513,9.833385087890143,9.852331879967002,9.833385087890143
2020-12-02,2020-12-01,600538,5.71,5.71,5.7
2020-12-02,2020-12-01,600546,5.281502071369609,5.315842136853155,5.288370084466318
2020-12-02,2020-12-01,688012,100.4239665789239,102.8226494799108,103.6912533159228
2020-12-03,2020-12-02,000021,20.36273040757965,20.89527922946119,20.72099052411814
2020-12-03,2020-12-02,000903,4.295726005225567,4.295726005225567,4.256315674902396
2020-12-03,2020-12-02,000955,7.29,7.25,7.23
2020-12-03,2020-12-02,002271,31.58395133256084,31.30500475384021,31.48497028849868
2020-12-03,2020-12-02,002291,18.75,18.53,18.55
2020-12-03,2020-12-02,002605,25.61154105273302,25.85780587054776,26.22264263768071
2020-12-03,2020-12-02,002624,23.54921580889036,23.67981804561211,23.671655405817
2020-12-03,2020-12-02,002768,20.79711854415028,20.53940951634172,20.4814249850848
2020-12-03,2020-12-02,002838,22.88825220189925,22.39447011124914,22.53001813613348
2020-12-03,2020-12-02,002846,9.259238875863637,9.179098992117815,9.166769779233841
2020-12-03,2020-12-02,002860,9.708760975009724,9.680640016356545,9.652519057703369
2020-12-03,2020-12-02,002878,23.06705264514374,22.91510828848573,22.78215697640998
2020-12-03,2020-12-02,300063,6.15,6.16,6.14
2020-12-03,2020-12-02,300169,6.76,6.7,6.65
2020-12-03,2020-12-02,300235,9.55492725598638,9.502678849938608,9.476554646914721
2020-12-03,2020-12-02,300376,9.011315224098903,8.85711089940844,8.799284277649518
2020-12-03,2020-12-02,300456,27.50391159447322,27.47420974609905,27.41480604935073
2020-12-03,2020-12-02,300552,39.0962101883491,38.71435389049145,38.65560676774411
2020-12-03,2020-12-02,300573,38.54952541821538,38.94234441643209,38.82583030679154
2020-12-03,2020-12-02,300586,9.393010593010592,9.622294822294823,9.255440055440054
2020-12-03,2020-12-02,300598,60.69443420960997,60.35236429944478,60.53105753609825
2020-12-03,2020-12-02,300603,13.84,13.67,13.47
2020-12-03,2020-12-02,300683,46.63554906497229,46.64549055912386,46.74490550063946
2020-12-03,2020-12-02,300706,31.38539534861958,31.94513488349942,31.74522790675663
2020-12-03,2020-12-02,300738,10.53901729321404,10.51099476717455,10.50844726480733
2020-12-03,2020-12-02,300770,60.35711836936317,60.71577020174418,60.50057910231557
2020-12-03,2020-12-02,300773,21.46369159824508,21.41326295425508,21.43217369575133
2020-12-03,2020-12-02,300785,43.4914673099154,43.30810295122079,43.16311717922969
2020-12-03,2020-12-02,600289,3.81,3.94,4
2020-12-03,2020-12-02,600513,9.833385087890143,9.814438295813281,9.86180527600543
2020-12-03,2020-12-02,600538,5.83,5.79,5.8
2020-12-03,2020-12-02,600546,5.363918228530122,5.302106110659737,5.308974123756446
2020-12-03,2020-12-02,688012,102.0876770032853,102.2613977704877,101.7335539009112
2020-12-04,2020-12-03,000700,5.670808817299423,5.66180753346244,5.670808817299423
2020-12-04,2020-12-03,000955,7.35,7.27,7.28
2020-12-04,2020-12-03,002046,8.385398557475837,8.310277405785124,8.291497117862445
2020-12-04,2020-12-03,002271,31.04405472858544,30.8370943637282,30.91807885432451
2020-12-04,2020-12-03,002291,18.7,18.75,18.78
2020-12-04,2020-12-03,002364,9.817899628252787,9.768364312267657,9.778271375464682
2020-12-04,2020-12-03,002581,17.81,17.54,17.59
2020-12-04,2020-12-03,002603,17.12496862760306,17.24519071625238,17.10493161282817
2020-12-04,2020-12-03,002605,25.89428954726106,25.65714564862464,25.72099208287291
2020-12-04,2020-12-03,002647,28.78,25.9,25.9
2020-12-04,2020-12-03,002715,19.25837716349412,19.04947947731985,19.28821969009044
2020-12-04,2020-12-03,002723,8.80569463142475,8.834145987261339,8.827033148302192
2020-12-04,2020-12-03,002878,22.72517784266322,22.64920566433422,22.66819870891647
2020-12-04,2020-12-03,002912,60.10875010013778,60.81625393072631,60.86471309720498
2020-12-04,2020-12-03,002956,15.98537148678184,15.96241719113741,16.10473382413288
2020-12-04,2020-12-03,300063,6.18,6.16,6.17
2020-12-04,2020-12-03,300390,11.49344097946256,11.27848474840306,11.25833260174124
2020-12-04,2020-12-03,300576,24.31791029563378,24.14150648775675,24.32221282753322
2020-12-04,2020-12-03,300598,62.01676416084559,62.33841198682182,63.44120453302605
2020-12-04,2020-12-03,300603,13.22,13.18,13.22
2020-12-04,2020-12-03,300607,21.89270216258991,21.91104800239096,21.89270216258991
2020-12-04,2020-12-03,300702,54.85193882083806,54.33627902994309,54.92873921522667
2020-12-04,2020-12-03,300709,41.98902396015834,42.15299021057223,41.89337698075023
2020-12-04,2020-12-03,300770,60.39696857296106,59.623874623162,59.91876612978639
2020-12-04,2020-12-03,300782,313.4807619961375,316.7266354777897,317.1478557005996
2020-12-04,2020-12-03,300785,43.58954592037996,43.40618156168535,43.44882443580038
2020-12-04,2020-12-03,600513,9.99443282054345,10.01337961262031,10.02285300865874
2020-12-04,2020-12-03,600521,31.99950670108208,32.55542620183237,33.26739328174062
2020-12-04,2020-12-03,600546,5.308974123756446,5.25403001898277,5.25403001898277
2020-12-04,2020-12-03,600556,13.89184634730266,13.8622262058372,14.00045353267603
2020-12-04,2020-12-03,600593,30.66,27.59,27.59
2020-12-04,2020-12-03,688012,100.9050394727152,100.9651735844391,100.4440112828319
2020-12-04,2020-12-03,688019,78.24947045038536,77.46492156425535,77.2199047196911
2020-12-07,2020-12-04,000700,5.751820371832272,5.742819087995289,5.823830642528137
2020-12-07,2020-12-04,000955,7.25,7.31,7.3
2020-12-07,2020-12-04,002046,8.272716829939768,8.272716829939768,8.253936542017088
2020-12-07,2020-12-04,002271,31.58395133256084,31.87189618801438,31.8808944647473
2020-12-07,2020-12-04,002291,18.5,18.31,18.39
2020-12-07,2020-12-04,002364,9.798085501858736,9.897156133828995,9.867434944237917
2020-12-07,2020-12-04,002581,18.3,18.03,18.22
2020-12-07,2020-12-04,002603,17.13832663745298,17.15836365222787,17.15836365222787
2020-12-07,2020-12-04,002605,25.7939594362995,25.7939594362995,25.62066197191135
2020-12-07,2020-12-04,002647,25.9,23.31,23.31
2020-12-07,2020-12-04,002715,19.01963695072353,18.80079175568382,18.88037182660736
2020-12-07,2020-12-04,002723,8.855484504138781,8.755904758710715,8.741679080792419
2020-12-07,2020-12-04,002878,22.82014306557448,22.84863263244785,23.18101091263724
2020-12-07,2020-12-04,002912,60.49642343196712,60.41888876560125,60.79687026413484
2020-12-07,2020-12-04,002956,16.21491444322615,16.27459561190167,16.14605155629286
2020-12-07,2020-12-04,300063,6.11,6.05,6.04
2020-12-07,2020-12-04,300390,11.58076694833048,12.08457061487618,12.18533134818532
2020-12-07,2020-12-04,300576,24.15871661535451,24.42117106122034,24.40826346552202
2020-12-07,2020-12-04,300598,62.26693469216043,62.50178866033356,63.11955670704981
2020-12-07,2020-12-04,300603,13.16,13.12,13.15
2020-12-07,2020-12-04,300607,21.83154936325307,22.05781472079939,22.08839112046781
2020-12-07,2020-12-04,300702,55.20851208049947,54.53925150082728,54.20462121099118
2020-12-07,2020-12-04,300709,41.62693182382765,41.51078906311781,41.45613364631318
2020-12-07,2020-12-04,300770,63.11475245833711,62.3257184270989,63.05099213258048
2020-12-07,2020-12-04,300782,317.1106892103516,320.3751459371279,322.1095821486978
2020-12-07,2020-12-04,300785,43.24840292745975,43.61086735743747,43.70894596790203
2020-12-07,2020-12-04,600513,9.9470658403513,9.89022546412072,9.93759244431287
2020-12-07,2020-12-04,600521,33.92084251946464,33.59899438745132,33.8623246772804
2020-12-07,2020-12-04,600546,5.274634058272898,5.295238097563027,5.322710149949865
2020-12-07,2020-12-04,600556,13.85235282534871,13.92146648876813,13.93133986925661
2020-12-07,2020-12-04,600593,27.59,24.83,24.83
2020-12-07,2020-12-04,688012,99.08765298505932,101.9607272118682,102.5620683291072
2020-12-07,2020-12-04,688019,76.38585748112388,78.97462131359069,77.64559055065122
2020-12-08,2020-12-07,000700,5.670808817299423,5.679810101136406,5.670808817299423
2020-12-08,2020-12-07,000955,7.38,7.38,7.38
2020-12-08,2020-12-07,002046,8.300887261823783,8.253936542017088,8.253936542017088
2020-12-08,2020-12-07,002271,32.24082553406424,32.22282898059839,32.59175832664825
2020-12-08,2020-12-07,002291,18.64,18.5,18.6
2020-12-08,2020-12-07,002364,9.827806691449814,9.778271375464682,9.78817843866171
2020-12-08,2020-12-07,002581,18,17.83,17.79
2020-12-08,2020-12-07,002603,17.03146255865359,17.0648575832784,16.97135151432893
2020-12-08,2020-12-07,002605,25.45648542670152,25.53857369930643,25.78483851712117
2020-12-08,2020-12-07,002647,23.31,20.98,20.98
2020-12-08,2020-12-07,002715,18.70131666702941,18.79084424681838,18.80079175568382
2020-12-08,2020-12-07,002723,8.720340563914977,8.748791919751568,8.734566241833273
2020-12-08,2020-12-07,002878,22.87712219932123,23.49439614824438,23.08604568972599
2020-12-08,2020-12-07,002912,61.12639259618977,60.89378859709218,61.1942354292599
2020-12-08,2020-12-07,002956,16.0312800780707,16.0634160919729,15.97159890939518
2020-12-08,2020-12-07,300063,5.91,5.91,5.86
2020-12-08,2020-12-07,300390,12.83691742358443,12.85035218802565,13.05859103686454
2020-12-08,2020-12-07,300576,24.26197738094107,24.18883433865059,24.15871661535451
2020-12-08,2020-12-07,300598,61.65427216649143,61.72574946115282,61.25093600375933
2020-12-08,2020-12-07,300603,13.04,13.15,13.12
2020-12-08,2020-12-07,300607,21.6236298455078,21.96608552179412,21.91716328232465
2020-12-08,2020-12-07,300702,54.25947863555448,55.78451503841406,54.95616792750833
2020-12-08,2020-12-07,300709,41.21018427069234,41.14869692678712,40.96423489507149
2020-12-08,2020-12-07,300770,61.209912726358,61.97503663543748,61.13021231916223
2020-12-08,2020-12-07,300782,330.6702637358036,331.4693432761339,333.8665818971252
2020-12-08,2020-12-07,300785,43.69188881825602,43.78996742872058,43.67483166861001
2020-12-08,2020-12-07,600513,9.852331879967002,9.842858483928572,9.823911691851711
2020-12-08,2020-12-07,600521,33.72578304551717,33.85257170358302,33.73553601921454
2020-12-08,2020-12-07,600546,5.274634058272898,5.219689953499222,5.219689953499222
2020-12-08,2020-12-07,600556,13.65488521557895,13.79311254241778,13.77336578144081
2020-12-08,2020-12-07,600593,24.83,22.35,22.35
2020-12-08,2020-12-07,688012,100.8716316328685,101.0787602399176,101.1322127836721
2020-12-08,2020-12-07,688019,76.22746275332476,75.70030529986832,75.96759640302933
2020-12-09,2020-12-08,000700,5.706813952647356,5.670808817299423,5.625802398114507
2020-12-09,2020-12-08,000955,7.44,7.41,7.36
2020-12-09,2020-12-08,002046,8.169425246365035,8.150644958442358,8.169425246365035
2020-12-09,2020-12-08,002271,32.32181002466055,32.07885655287161,31.87189618801438
2020-12-09,2020-12-08,002291,18.33,18.21,18.27
2020-12-09,2020-12-08,002364,9.817899628252787,9.78817843866171,9.778271375464682
2020-12-09,2020-12-08,002581,17.22,17.43,17.35
2020-12-09,2020-12-08,002603,16.84445042075465,16.8177344010548,16.77766037150502
2020-12-09,2020-12-08,002605,25.53857369930643,25.34703439656164,25.33791347738331
2020-12-09,2020-12-08,002647,20.98,18.88,18.88
2020-12-09,2020-12-08,002715,19.03953196845441,18.89031933547279,18.82068677341471
2020-12-09,2020-12-08,002723,8.748791919751568,8.720340563914977,8.706114885996682
2020-12-09,2020-12-08,002878,23.07654916743487,23.57036832657339,24.10217357487641
2020-12-09,2020-12-08,002912,60.83563759731778,60.82594576402204,60.42858059889698
2020-12-09,2020-12-08,002956,16.13686983803509,16.11391554239065,16.04046179632847
2020-12-09,2020-12-08,300063,5.71,5.62,5.57
2020-12-09,2020-12-08,300390,13.31385156124769,13.20637344571794,13.38102538345379
2020-12-09,2020-12-08,300576,24.11569129636011,24.4383811888181,24.46849891211417
2020-12-09,2020-12-08,300598,61.88912613466455,62.4456279288139,63.06850149657739
2020-12-09,2020-12-08,300603,13.17,13.14,13.11
2020-12-09,2020-12-08,300607,21.88658688265622,21.67255208497727,21.62974512544148
2020-12-09,2020-12-08,300702,55.13171168611086,54.98908238224629,54.48439407626398
2020-12-09,2020-12-08,300709,40.92324333246802,40.71828551945065,41.25800776039639
2020-12-09,2020-12-08,300770,61.38525362218871,61.2816430928342,60.65200987598755
2020-12-09,2020-12-08,300782,337.4841202812568,336.3567367437363,340.073385768529
2020-12-09,2020-12-08,300785,43.4829387350924,43.27398865192877,43.24840292745975
2020-12-09,2020-12-08,600513,9.672337355236836,9.681810751275265,9.662863959198404
2020-12-09,2020-12-08,600521,34.48651499391229,34.62305662567552,34.4475030991228
2020-12-09,2020-12-08,600546,5.151009822532127,5.192217901112384,5.267766045176189
2020-12-09,2020-12-08,600556,13.72399887899837,13.66475859606744,13.5364046497171
2020-12-09,2020-12-08,600593,27.22,24.5,24.5
2020-12-09,2020-12-08,688012,101.4930174540156,101.3593860946291,101.6801013571566
2020-12-09,2020-12-08,688019,75.35629175042962,74.8662580613011,74.98505410715045
2020-12-10,2020-12-09,000700,5.472780572885792,5.43677543753786,5.427774153700876
2020-12-10,2020-12-09,000955,7.17,7.11,7.11
2020-12-10,2020-12-09,002046,7.878330783563524,7.831380063756828,7.81259977583415
2020-12-10,2020-12-09,002271,31.75491859048638,31.55695650236207,31.25101509344267
2020-12-10,2020-12-09,002291,17.78,17.6,17.61
2020-12-10,2020-12-09,002364,9.65938661710037,9.580130111524163,9.590037174721189
2020-12-10,2020-12-09,002581,17.79,17.76,17.56
2020-12-10,2020-12-09,002603,16.45706813510684,16.45038913018188,16.37024107108233
2020-12-10,2020-12-09,002605,24.81802108421886,24.94571395271539,24.74505373079227
2020-12-10,2020-12-09,002647,18.88,16.99,16.99
2020-12-10,2020-12-09,002715,18.62173659610588,18.51231399858603,18.30341631241176
2020-12-10,2020-12-09,002723,8.670550691200944,8.670550691200944,8.706114885996682
2020-12-10,2020-12-09,002878,23.60835441573789,22.76316393182772,22.85812915473898
2020-12-10,2020-12-09,002912,59.44970543602792,58.76158527203086,58.50959760634179
2020-12-10,2020-12-09,002956,15.8338731355286,15.84764571291525,15.92109945897743
2020-12-10,2020-12-09,300063,5.6,5.58,5.56
2020-12-10,2020-12-09,300390,13.16606915239429,13.0317215079821,13.14591700573246
2020-12-10,2020-12-09,300576,24.03394319027075,23.79300140390212,23.83602672289652
2020-12-10,2020-12-09,300598,61.52663414031039,60.17877658383856,60.04092751556303
2020-12-10,2020-12-09,300603,12.54,12.45,12.56
2020-12-10,2020-12-09,300607,22.72438023357098,22.5592676753615,22.45530791648887
2020-12-10,2020-12-09,300702,55.02199683698427,54.96713941242098,54.58313744047791
2020-12-10,2020-12-09,300709,40.30153796631534,39.93944582998465,39.44754707874296
2020-12-10,2020-12-09,300770,58.81890051048464,60.06222686273878,60.0941070256171
2020-12-10,2020-12-09,300782,340.4822171612561,343.604202342082,343.7900347933216
2020-12-10,2020-12-09,300785,42.66419555208389,42.1951239368186,40.93715915042532
2020-12-10,2020-12-09,600513,9.549183206737247,9.568129998814106,9.596550186929397
2020-12-10,2020-12-09,600521,33.5697354663592,33.47220572938546,33.27714625543799
2020-12-10,2020-12-09,600546,5.66611080478534,5.659242791688631,5.741658948849144
2020-12-10,2020-12-09,600556,13.2796967570164,13.22045647408548,13.15134281066606
2020-12-10,2020-12-09,600593,24.5,22.11,22.38
2020-12-10,2020-12-09,688012,102.0943585712546,102.2480346345491,104.21241561753
2020-12-10,2020-12-09,688019,74.0049867288934,73.50505336927745,74.30445176113862
2020-12-11,2020-12-10,000158,6.966480630739691,6.876654949254508,6.866674317978377
2020-12-11,2020-12-10,000652,4.784029849316943,4.774104476185579,4.754253729922854
2020-12-11,2020-12-10,000818,18.38669016477608,18.35708196805342,18.34721256914586
2020-12-11,2020-12-10,002023,14.9224405377456,14.77321613236815,14.71352637021716
2020-12-11,2020-12-10,002076,1.74,1.73,1.72
2020-12-11,2020-12-10,002174,15.9278502024772,15.89785425106011,15.87785695011538
2020-12-11,2020-12-10,002214,20.10497790498298,19.93314048699167,19.83494767671092
2020-12-11,2020-12-10,002320,5.789201932002849,5.789201932002849,5.789201932002849
2020-12-11,2020-12-10,002363,6.091847557778274,6.138852554366069,6.091847557778274
2020-12-11,2020-12-10,002481,15.85239971622012,15.88204884287141,16.06982664499621
2020-12-11,2020-12-10,002551,6.346715404996673,6.326757180452658,6.286840731364628
2020-12-11,2020-12-10,002624,22.03912744679514,22.12075384474623,21.85954937130274
2020-12-11,2020-12-10,002647,16.99,15.29,15.29
2020-12-11,2020-12-10,002824,12.75483602991618,12.97403836770207,12.94663807547883
2020-12-11,2020-12-10,002838,22.77206818056981,22.60747415035311,22.48160812724621
2020-12-11,2020-12-10,300212,27.36703642474303,27.30715231878079,27.00773178896959
2020-12-11,2020-12-10,300215,7.765918043829988,7.755999885408749,7.676654618038839
2020-12-11,2020-12-10,300276,4.77,4.76,4.73
2020-12-11,2020-12-10,300427,22.66796588410833,22.54918178340558,22.37100563235146
2020-12-11,2020-12-10,300504,20.08,19.95,20.03
2020-12-11,2020-12-10,300548,25.07137610546108,24.46810625350562,24.3578311192772
2020-12-11,2020-12-10,300598,62.08313593445973,62.08824145550697,61.57258382973556
2020-12-11,2020-12-10,300655,6.149518982512644,6.124264284432511,6.080970516295137
2020-12-11,2020-12-10,300677,74.80940159116813,75.23559103615931,76.96665680655559
2020-12-11,2020-12-10,300706,27.29729767422932,27.30729302306646,27.30729302306646
2020-12-11,2020-12-10,300738,9.629558948114351,9.517468843956406,9.323858664047229
2020-12-11,2020-12-10,300770,61.64826496593478,61.13021231916223,63.84002616381869
2020-12-11,2020-12-10,600105,3.772067318147454,3.762192796372199,3.742443752821688
2020-12-11,2020-12-10,600179,4.15,3.94,3.98
2020-12-11,2020-12-10,600318,10.22,10.15,10.17
2020-12-11,2020-12-10,600593,22.05,22.76,22.36
2020-12-11,2020-12-10,688168,33.18265559359776,32.77921905142636,32.40604024991782
2020-12-14,2020-12-11,000158,6.726945480112538,6.726945480112538,6.81677116159772
2020-12-14,2020-12-11,000652,4.645074625477862,4.595447759821047,4.625223879215136
2020-12-14,2020-12-11,000818,18.01165300628897,17.81426502813786,17.9820448095663
2020-12-14,2020-12-11,002023,14.79311271975181,14.63394002068252,14.8229576008273
2020-12-14,2020-12-11,002076,1.71,1.72,1.72
2020-12-14,2020-12-11,002174,16.17781646428632,16.03783535767322,15.96784480436666
2020-12-14,2020-12-11,002214,20.17043977850348,20.73504843761777,20.95598226074945
2020-12-14,2020-12-11,002320,5.644785831746812,5.619669988224024,5.65106479262751
2020-12-14,2020-12-11,002363,5.903827571427093,5.838020576204179,5.885025572791974
2020-12-14,2020-12-11,002481,15.35824760536538,15.21988501432605,15.40766281645085
2020-12-14,2020-12-11,002551,6.197028720916562,6.256903394548606,6.286840731364628
2020-12-14,2020-12-11,002624,22.02280216720492,21.67180865601522,21.51671849990814
2020-12-14,2020-12-11,002647,15.29,13.76,13.76
2020-12-14,2020-12-11,002824,12.97403836770207,12.51508347296287,11.74787529071227
2020-12-14,2020-12-11,002838,22.26860408814225,21.83291400815686,21.95878003126375
2020-12-14,2020-12-11,300212,26.86800220839104,27.04765452627776,26.9578283673344
2020-12-14,2020-12-11,300215,7.478291449614063,7.379109865401674,7.498127766456539
2020-12-14,2020-12-11,300276,4.6,4.54,4.62
2020-12-14,2020-12-11,300427,21.97505863000895,22.19282948129733,23.55884663937896
2020-12-14,2020-12-11,300504,19.63,19.53,19.75
2020-12-14,2020-12-11,300548,24.06592635220197,23.81294222073678,24.104846987812
2020-12-14,2020-12-11,300598,58.71349204328018,58.00382461771357,58.64712026966603
2020-12-14,2020-12-11,300655,6.140499447484024,6.093597865335204,6.14771507550692
2020-12-14,2020-12-11,300677,78.13473158171661,78.47147385924049,81.12331929474119
2020-12-14,2020-12-11,300706,27.25731627888077,27.43723255794928,27.52719069748354
2020-12-14,2020-12-11,300738,9.247433593030447,9.130248484138052,9.186293536217024
2020-12-14,2020-12-11,300770,64.35010876987167,64.85222133520509,63.35385367992444
2020-12-14,2020-12-11,600105,3.614074969743372,3.554827839091841,3.614074969743372
2020-12-14,2020-12-11,600179,3.94,3.97,3.97
2020-12-14,2020-12-11,600318,9.99,9.970000000000001,9.99
2020-12-14,2020-12-11,600593,21.98,20.75,21.22
2020-12-14,2020-12-11,688168,31.93704526964355,31.74541291211214,31.56890942491215
2020-12-15,2020-12-14,000158,6.886635580530641,6.846713055426115,6.906596843082903
2020-12-15,2020-12-14,000652,4.764179103054217,4.744328356791492,4.744328356791492
2020-12-15,2020-12-14,000818,18.17943278771742,18.12021639427208,18.23864918116275
2020-12-15,2020-12-14,002023,15.30047569803516,15.22088934850052,15.23083764219235
2020-12-15,2020-12-14,002076,1.73,1.7,1.65
2020-12-15,2020-12-14,002174,16.04783400814558,15.90785290153247,15.83786234822592
2020-12-15,2020-12-14,002214,21.04599233684014,21.19328155226126,21.23419522321157
2020-12-15,2020-12-14,002320,5.669901675269601,5.663622714388904,5.632227909985418
2020-12-15,2020-12-14,002363,5.885025572791974,5.847421575521738,5.82861957688662
2020-12-15,2020-12-14,002481,15.318715436497,15.26930022541153,15.20011892989186
2020-12-15,2020-12-14,002551,6.286840731364628,6.236945170004591,6.306798955908643
2020-12-15,2020-12-14,002624,22.29216928044353,22.01463952740981,22.3574703988044
2020-12-15,2020-12-14,002647,13.76,15.14,15.14
2020-12-15,2020-12-14,002824,11.67937456015418,11.51497280681477,11.67937456015418
2020-12-15,2020-12-14,002838,22.75270417701491,22.96570821611887,22.99475422145123
2020-12-15,2020-12-14,300212,27.99581953734653,27.88603200974909,28.34514348879292
2020-12-15,2020-12-14,300215,7.567554875405212,7.57747303382645,7.646900142775122
2020-12-15,2020-12-14,300276,4.68,4.7,4.68
2020-12-15,2020-12-14,300427,23.90530026642865,23.61823868973034,23.65783338996459
2020-12-15,2020-12-14,300504,19.76,19.8,19.86
2020-12-15,2020-12-14,300548,23.70915385911003,23.98159830838024,24.13079407821869
2020-12-15,2020-12-14,300598,58.19783441750876,58.19272889646152,58.91771288516985
2020-12-15,2020-12-14,300655,6.187401029632844,6.14771507550692,6.181989308615674
2020-12-15,2020-12-14,300677,83.65940957234304,84.53809645275695,85.66934004131379
2020-12-15,2020-12-14,300706,27.70710697655207,27.68711627887778,27.80706046492347
2020-12-15,2020-12-14,300738,9.1251534794036,9.028348389449011,9.18884103858425
2020-12-15,2020-12-14,300770,64.01536705964941,63.68859539014671,65.34636385981891
2020-12-15,2020-12-14,600105,3.633824013293882,3.663447578619647,3.653573056844392
2020-12-15,2020-12-14,600179,4.14,4.27,4.3
2020-12-15,2020-12-14,600318,9.94,9.92,9.960000000000001
2020-12-15,2020-12-14,600593,22.4,22.95,23.17
2020-12-15,2020-12-14,688168,31.47309324614644,31.41762072159788,31.65968264690072
2020-12-16,2020-12-15,000158,6.836732424149982,6.806790530321589,6.726945480112538
2020-12-16,2020-12-15,000652,4.754253729922854,4.704626864266039,4.654999998609225
2020-12-16,2020-12-15,000818,18.23864918116275,18.13995519208719,18.09060819754941
2020-12-16,2020-12-15,002023,15.30047569803516,15.75809720785936,15.65861427094105
2020-12-16,2020-12-15,002076,1.65,1.66,1.65
2020-12-16,2020-12-15,002174,15.61789203783389,15.54790148452734,15.51790553311024
2020-12-16,2020-12-15,002214,21.17691608388113,21.1850988180712,21.22601248902151
2020-12-16,2020-12-15,002320,5.594554144701235,5.607112066462629,5.58199622293984
2020-12-16,2020-12-15,002363,5.781614580298825,5.762812581663707,5.715807585075911
2020-12-16,2020-12-15,002481,15.22976805654315,15.24953414097734,15.32859847871409
2020-12-16,2020-12-15,002551,6.426548303172732,6.376652741812694,6.336736292724665
2020-12-16,2020-12-15,002624,21.92485048966361,22.0064768876147,21.92485048966361
2020-12-16,2020-12-15,002647,15.14,13.63,13.63
2020-12-16,2020-12-15,002824,11.5355230259822,11.54237309903801,11.37112127264278
2020-12-16,2020-12-15,002838,22.64620215746292,22.40415211302659,22.28796809169715
2020-12-16,2020-12-15,300212,28.01578090600061,27.80618653513277,27.90599337840317
2020-12-16,2020-12-15,300215,7.607227509090167,7.557636716983973,7.597309350668929
2020-12-16,2020-12-15,300276,4.62,4.57,4.53
2020-12-16,2020-12-15,300427,24.00428701701428,24.01418569207284,24.13296979277559
2020-12-16,2020-12-15,300504,19.8,19.73,19.62
2020-12-16,2020-12-15,300548,24.02051894399027,24.0594395796003,23.79348190293176
2020-12-16,2020-12-15,300598,60.49021336772031,59.63248583178369,59.5354809318861
2020-12-16,2020-12-15,300655,6.050304097197832,6.102617400363823,6.145911168501196
2020-12-16,2020-12-15,300677,81.68104869189014,82.24403968712541,81.40218399331566
2020-12-16,2020-12-15,300706,27.68711627887778,27.52719069748354,27.13737209283508
2020-12-16,2020-12-15,300738,9.219411066990961,9.193936043318702,9.127700981770825
2020-12-16,2020-12-15,300770,63.60092494223136,63.60092494223136,62.19819777558566
2020-12-16,2020-12-15,600105,3.633824013293882,3.604200447968116,3.574576882642351
2020-12-16,2020-12-15,600179,4.24,4.24,4.25
2020-12-16,2020-12-15,600318,10.07,10.02,10.08
2020-12-16,2020-12-15,600593,23.02,21.33,21.46
2020-12-16,2020-12-15,688168,31.73532699855786,31.45796437581502,31.47813620292359
2020-12-17,2020-12-16,000158,6.687022955008013,6.647100429903487,6.746906742664801
2020-12-17,2020-12-16,000652,4.625223879215136,4.595447759821047,4.585522386689684
2020-12-17,2020-12-16,000818,18.16956338880986,17.90308961830586,17.91295901721341
2020-12-17,2020-12-16,002023,15.46959669079628,15.48949327817994,15.39001034126163
2020-12-17,2020-12-16,002076,1.67,1.64,1.65
2020-12-17,2020-12-16,002174,15.51790553311024,15.12795816468802,14.95798110665781
2020-12-17,2020-12-16,002214,21.25056069159169,21.07054053941032,21.21782975483145
2020-12-17,2020-12-16,002320,5.657343753508207,5.607112066462629,5.707575440553785
2020-12-17,2020-12-16,002363,5.574792595312525,5.574792595312525,5.584193594630085
2020-12-17,2020-12-16,002481,16.05006056056202,16.12912489829878,15.93146405395688
2020-12-17,2020-12-16,002551,6.306798955908643,6.336736292724665,6.35669451726868
2020-12-17,2020-12-16,002624,21.46774266113749,21.36162834380107,21.37795362339129
2020-12-17,2020-12-16,002647,13.63,12.27,12.27
2020-12-17,2020-12-16,002824,11.076568131243,11.04231776596396,10.98751718151748
2020-12-17,2020-12-16,002838,22.1330560632579,22.15242006681281,22.01687204192846
2020-12-17,2020-12-16,300212,27.52672737397566,27.15744205387519,27.12750000089407
2020-12-17,2020-12-16,300215,7.726245410145033,7.894854103306092,7.91469042014857
2020-12-17,2020-12-16,300276,4.48,4.39,4.41
2020-12-17,2020-12-16,300427,24.13296979277559,24.94466114757773,25.03374922310479
2020-12-17,2020-12-16,300504,19.14,19.07,19.05
2020-12-17,2020-12-16,300548,23.59887872488161,23.49509036325486,23.43670940983982
2020-12-17,2020-12-16,300598,56.77339404532831,55.74207879378548,56.08414870395067
2020-12-17,2020-12-16,300655,6.030461120134869,5.911403257757095,5.933050141825781
2020-12-17,2020-12-16,300677,81.13384249091381,82.80703068236066,82.39662603162841
2020-12-17,2020-12-16,300706,26.38772093004959,26.29776279051532,26.08786046493539
2020-12-17,2020-12-16,300738,9.013063375245656,9.232148578827093,9.140438493606956
2020-12-17,2020-12-16,300770,62.21413785702481,61.55262447729985,61.05051191196644
2020-12-17,2020-12-16,600105,3.4758316648898,3.45608262133929,3.416584534238269
2020-12-17,2020-12-16,600179,4.2,4.17,4.15
2020-12-17,2020-12-16,600318,9.98,9.92,9.93
2020-12-17,2020-12-16,600593,20.75,20.44,20.26
2020-12-17,2020-12-16,688168,30.61579059403222,30.34851388484367,30.61074763725508
2020-12-18,2020-12-17,000158,6.826751792873852,6.786829267769326,6.786829267769326
2020-12-18,2020-12-17,000652,4.664925371740588,4.645074625477862,4.654999998609225
2020-12-18,2020-12-17,000700,5.400770302189927,5.355763883005011,5.391769018352944
2020-12-18,2020-12-17,000955,6.88,6.82,6.82
2020-12-18,2020-12-17,002158,12.66702852127018,12.80274668399808,12.7756030514525
2020-12-18,2020-12-17,002169,7.12260605930379,7.221393938073606,7.201636362319643
2020-12-18,2020-12-17,002174,14.70801484484869,14.4480499325672,14.79800269909998
2020-12-18,2020-12-17,002239,4.527031347799499,4.576669849420109,4.556814448771865
2020-12-18,2020-12-17,002271,31.51196511869745,31.33199958403898,31.54795822562915
2020-12-18,2020-12-17,002363,5.697005586440793,5.687604587123234,5.734609583711029
2020-12-18,2020-12-17,002432,8.200596767049827,8.200596767049827,8.218385480210456
2020-12-18,2020-12-17,002481,15.74368625183208,15.56579149192437,15.61520670300984
2020-12-18,2020-12-17,002551,6.416569190900724,6.366673629540687,6.35669451726868
2020-12-18,2020-12-17,002613,3.933748310805692,3.943389850783157,3.962672930738087
2020-12-18,2020-12-17,002647,14,13.98,14.05
2020-12-18,2020-12-17,002824,11.8437763134936,11.81637602127036,11.93282726321911
2020-12-18,2020-12-17,002837,6.327464527474061,6.273063972697282,6.273063972697282
2020-12-18,2020-12-17,002838,22.48160812724621,22.1330560632579,22.18146607214517
2020-12-18,2020-12-17,002950,19.55695772003716,19.56613077712911,19.52026549166936
2020-12-18,2020-12-17,002953,11.13619425521784,11.05065459699246,11.05065459699246
2020-12-18,2020-12-17,300265,10.76717074121968,10.83556474774286,10.86487646482422
2020-12-18,2020-12-17,300342,12.97276249688021,12.91366107320422,12.92351131048355
2020-12-18,2020-12-17,300572,38.98026256897108,38.94042581621792,38.78107880520525
2020-12-18,2020-12-17,300598,57.20736333434386,57.47795594984767,57.58517189183975
2020-12-18,2020-12-17,300603,13.55,13.41,13.4
2020-12-18,2020-12-17,300683,43.41450495986656,43.39462197156343,43.22561657098689
2020-12-18,2020-12-17,300715,20.34134797521183,20.37731398577674,20.43897000388802
2020-12-18,2020-12-17,300738,9.120058474669147,9.09967845573134,9.081845939160758
2020-12-18,2020-12-17,600126,5.044285714285714,5.044285714285714,5.072946428571428
2020-12-18,2020-12-17,600318,10.35,10.29,10.34
2020-12-18,2020-12-17,600550,4.61,4.66,4.67
2020-12-18,2020-12-17,600593,20.75,20.35,20.56
2020-12-18,2020-12-17,688012,103.6645270440455,106.4173330474066,105.1745614051125
2020-12-21,2020-12-18,000158,6.687022955008013,6.587216642246698,6.637119798627356
2020-12-21,2020-12-18,000652,4.595447759821047,4.605373132952409,4.625223879215136
2020-12-21,2020-12-18,000700,5.346762599168028,5.364765166841994,5.355763883005011
2020-12-21,2020-12-18,000955,6.74,6.68,6.67
2020-12-21,2020-12-18,002158,12.73941154139173,12.85703394908924,12.92941696921078
2020-12-21,2020-12-18,002169,7.053454544164918,7.092969695672845,7.162121210811716
2020-12-21,2020-12-18,002174,14.26807422406464,14.25807557359227,14.40805533067775
2020-12-21,2020-12-18,002239,4.507175947151257,4.64616375168896,4.695802253309569
2020-12-21,2020-12-18,002271,31.90788929494607,31.72792376028761,31.62894271622545
2020-12-21,2020-12-18,002363,5.697005586440793,5.697005586440793,5.847421575521738
2020-12-21,2020-12-18,002432,8.111653201246682,8.245068549951398,8.236174193371083
2020-12-21,2020-12-18,002481,15.32859847871409,15.21988501432605,15.23965109876024
2020-12-21,2020-12-18,002551,6.326757180452658,6.386631854084702,6.346715404996673
2020-12-21,2020-12-18,002613,3.962672930738087,3.981956010693017,4.010880630625412
2020-12-21,2020-12-18,002647,15.4,15.81,15.77
2020-12-21,2020-12-18,002824,11.78212565599132,11.80267587515874,11.77527558293551
2020-12-21,2020-12-18,002837,6.20166324455276,6.225463487267601,6.191463140532115
2020-12-21,2020-12-18,002838,21.90068802059903,22.57842814502075,22.11369205970299
2020-12-21,2020-12-18,002950,19.21755460763502,19.30928517855451,19.34597740692231
2020-12-21,2020-12-18,002953,10.90630642373711,10.90096019509803,10.9918460819625
2020-12-21,2020-12-18,300265,10.43497128096427,10.52290643220835,10.58152986637107
2020-12-21,2020-12-18,300342,12.68710561577958,12.61815395482426,12.70680609033825
2020-12-21,2020-12-18,300572,38.75120124064038,38.87071149889988,39.03005850991254
2020-12-21,2020-12-18,300598,56.47727382458829,59.02492882716192,58.15188472808359
2020-12-21,2020-12-18,300603,13.32,13.27,13.42
2020-12-21,2020-12-18,300683,42.55953646283231,42.30105761489173,42.34082359149797
2020-12-21,2020-12-18,300715,20.38245198728601,20.46466001143438,20.80890611255567
2020-12-21,2020-12-18,300738,8.737933119585245,8.674245560404593,8.750670631421375
2020-12-21,2020-12-18,600126,5.063392857142857,5.034732142857143,5.053839285714286
2020-12-21,2020-12-18,600318,10.19,10.09,10.21
2020-12-21,2020-12-18,600550,4.65,4.71,4.7
2020-12-21,2020-12-18,600593,20.46,20.01,20.03
2020-12-21,2020-12-18,688012,104.9006171183703,105.4351425559161,110.4463185329083
2020-12-22,2020-12-21,000158,6.697003586284143,6.637119798627356,6.607177904798962
2020-12-22,2020-12-21,000652,4.645074625477862,4.734402983660128,5.11156716265192
2020-12-22,2020-12-21,000700,5.400770302189927,5.328760031494062,5.337761315331044
2020-12-22,2020-12-21,000955,6.63,6.68,7.02
2020-12-22,2020-12-21,002158,13.38181084497043,13.39085872248562,13.43609811006159
2020-12-22,2020-12-21,002169,7.527636362260039,7.527636362260039,7.527636362260039
2020-12-22,2020-12-21,002174,14.52803913634612,14.43805128209484,14.42805263162248
2020-12-22,2020-12-21,002239,4.656091452013083,4.785151556226665,4.795079256550786
2020-12-22,2020-12-21,002271,32.07885655287161,32.51977211278486,32.59175832664825
2020-12-22,2020-12-21,002363,6.270466544811896,6.486689529115755,6.270466544811896
2020-12-22,2020-12-21,002432,8.458533107878942,8.529687960521457,8.743152518449001
2020-12-22,2020-12-21,002481,15.21000197210896,15.20011892989186,15.1309376343722
2020-12-22,2020-12-21,002551,6.366673629540687,6.526339425892805,6.586214099524849
2020-12-22,2020-12-21,002613,4.010880630625412,3.962672930738087,3.943389850783157
2020-12-22,2020-12-21,002647,14.82,14.96,14.56
2020-12-22,2020-12-21,002824,11.74102521765646,11.45332214931249,11.51497280681477
2020-12-22,2020-12-21,002837,6.222063452594052,6.174462967164371,6.106462273693398
2020-12-22,2020-12-21,002838,22.75270417701491,23.09157423922577,24.08882042230344
2020-12-22,2020-12-21,002950,19.24507377891086,19.59364994840496,19.84132248988761
2020-12-22,2020-12-21,002953,10.90630642373711,10.83680545142898,10.82076676551172
2020-12-22,2020-12-21,300265,10.57175929401062,11.0993702014751,11.32409336576553
2020-12-22,2020-12-21,300342,12.75605727673491,12.63785442938292,12.60830371754493
2020-12-22,2020-12-21,300572,38.33291533673216,38.05405806746001,38.293078583979
2020-12-22,2020-12-21,300598,60.14303793650787,60.22472627326373,59.50995332664989
2020-12-22,2020-12-21,300603,13.5,13.25,13.05
2020-12-22,2020-12-21,300683,42.45018002716515,42.49988749792295,42.47006301546826
2020-12-22,2020-12-21,300715,21.53850232687244,21.66695236460427,21.34325826952007
2020-12-22,2020-12-21,300738,9.11241596756747,9.081845939160758,9.028348389449011
2020-12-22,2020-12-21,600126,5.139821428571429,5.101607142857143,5.0825
2020-12-22,2020-12-21,600318,10.23,10.11,10.04
2020-12-22,2020-12-21,600550,4.7,5.17,5.17
2020-12-22,2020-12-21,600593,20,20.04,19.79
2020-12-22,2020-12-21,688012,110.5799498922948,109.9117930953625,108.4418481421115
2020-12-23,2020-12-22,000158,6.387604016724072,6.347681491619547,6.397584648000203
2020-12-23,2020-12-22,000652,5.11156716265192,5.319999998410543,5.250522386491002
2020-12-23,2020-12-22,000700,5.265751044635178,5.283753612309146,5.283753612309146
2020-12-23,2020-12-22,000955,7.29,7.12,7.09
2020-12-23,2020-12-22,002158,13.21894904969695,13.35466721242485,13.26418843727292
2020-12-23,2020-12-22,002169,7.369575756228332,7.468363634998148,7.458484847121167
2020-12-23,2020-12-22,002174,14.4780458839843,14.3080688259541,14.24807692311991
2020-12-23,2020-12-22,002239,4.675946852661326,4.7553684552543,4.805006956874908
2020-12-23,2020-12-22,002271,32.89769973556764,33.40160323261134,33.5365773836052
2020-12-23,2020-12-22,002363,6.185857550953864,6.806323505912763,6.806323505912763
2020-12-23,2020-12-22,002432,8.778729944770259,8.654208952645858,8.600842813163972
2020-12-23,2020-12-22,002481,14.60713639686617,14.64666856573455,14.66643465016874
2020-12-23,2020-12-22,002551,6.785796344964996,6.666046997700907,6.666046997700907
2020-12-23,2020-12-22,002613,3.885540610918368,3.904823690873298,3.914465230850762
2020-12-23,2020-12-22,002647,15.05,14.45,14.54
2020-12-23,2020-12-22,002824,11.26152010374984,11.24096988458241,11.27522024986146
2020-12-23,2020-12-22,002837,5.933060505342416,5.888860054586283,5.939860574689513
2020-12-23,2020-12-22,002838,25.0279745947164,25.15384061782328,24.47610049340157
2020-12-23,2020-12-22,002950,20.2082447735656,19.53861160585326,19.52026549166936
2020-12-23,2020-12-22,002953,10.64968744906094,10.68176482089547,10.70314973545181
2020-12-23,2020-12-22,300265,10.99189390551011,10.84533532010331,10.98212333314966
2020-12-23,2020-12-22,300342,12.105941616299,12.14534256541632,12.19459375181299
2020-12-23,2020-12-22,300572,36.94858817855971,36.75936360298218,36.92866980218313
2020-12-23,2020-12-22,300598,58.27441723321738,58.24888962798118,57.7996037758239
2020-12-23,2020-12-22,300603,12.62,12.72,13.11
2020-12-23,2020-12-22,300683,42.74842485171197,42.42035554471046,42.44023853301358
2020-12-23,2020-12-22,300715,20.60338605218475,20.57769604463839,20.57769604463839
2020-12-23,2020-12-22,300738,8.839833214274286,8.880593252149902,8.908615778189388
2020-12-23,2020-12-22,600126,4.94875,5.015625,5.0825
2020-12-23,2020-12-22,600318,9.609999999999999,9.640000000000001,9.710000000000001
2020-12-23,2020-12-22,600550,5.02,4.86,4.91
2020-12-23,2020-12-22,600593,19.25,19.3,19.34
2020-12-23,2020-12-22,688012,104.686806943352,103.7647505635854,104.7202147831986
2020-12-24,2020-12-23,000158,6.437507173104729,6.367642754171809,6.327720229067284
2020-12-24,2020-12-23,000652,5.250522386491002,5.151268655177373,5.071865670126469
2020-12-24,2020-12-23,000700,5.265751044635178,5.166736922428363,5.15773563859138
2020-12-24,2020-12-23,000955,7.15,7.02,6.99
2020-12-24,2020-12-23,002158,13.75277382309334,13.84325259824527,13.63515141539583
2020-12-24,2020-12-23,002169,7.557272725890984,7.458484847121167,7.468363634998148
2020-12-24,2020-12-23,002174,14.06810121461734,13.21821592446633,13.07823481785322
2020-12-24,2020-12-23,002239,4.844717758171395,4.745440754930178,4.725585354281934
2020-12-24,2020-12-23,002271,32.92469456576642,33.35661184894673,33.87851189945628
2020-12-24,2020-12-23,002363,6.806323505912763,7.295175470425834,7.13535848202733
2020-12-24,2020-12-23,002432,8.671997665806487,8.485216177619884,8.485216177619884
2020-12-24,2020-12-23,002481,14.86409549451064,14.51818901691232,14.68620073460293
2020-12-24,2020-12-23,002551,6.715942559060944,6.646088773156893,6.596193211796856
2020-12-24,2020-12-23,002613,3.914465230850762,3.904823690873298,3.885540610918368
2020-12-24,2020-12-23,002647,14.45,14.3,14.08
2020-12-24,2020-12-23,002824,11.45332214931249,11.43277193014506,11.37797134569859
2020-12-24,2020-12-23,002837,5.94666064403661,5.980660990772098,5.970460886751451
2020-12-24,2020-12-23,002838,24.65037652539572,23.89518038675438,23.94359039564164
2020-12-24,2020-12-23,002950,19.52026549166936,19.06161263707187,18.93318983778457
2020-12-24,2020-12-23,002953,10.60157139130916,10.56949401947464,10.55880156219647
2020-12-24,2020-12-23,300265,11.00166447787057,11.19707592507964,11.15799363563782
2020-12-24,2020-12-23,300342,12.21429422637165,12.17489327725432,12.48025063291361
2020-12-24,2020-12-23,300572,37.3967516470328,37.26728220058502,37.08801681319579
2020-12-24,2020-12-23,300598,58.62669818547707,59.67333000016163,60.24004283640546
2020-12-24,2020-12-23,300603,13.09,12.73,12.67
2020-12-24,2020-12-23,300683,42.06246175525427,41.63497750673715,41.83380738976837
2020-12-24,2020-12-23,300715,20.75238809595367,20.73183608991658,20.60338605218475
2020-12-24,2020-12-23,300738,8.888235759251581,8.824548200070929,8.791430669296991
2020-12-24,2020-12-23,600126,5.092053571428572,5.072946428571428,5.072946428571428
2020-12-24,2020-12-23,600318,9.66,9.609999999999999,9.73
2020-12-24,2020-12-23,600550,5.18,5.07,5.08
2020-12-24,2020-12-23,600593,19.43,19.27,19.08
2020-12-24,2020-12-23,688012,106.7514114458727,108.1745854233385,107.5732443060995
2020-12-25,2020-12-24,000016,6.52,6.47,6.44
2020-12-25,2020-12-24,000158,6.138088234820788,6.08818507844013,6.138088234820788
2020-12-25,2020-12-24,002062,4.10710793888496,4.136374741299818,4.116863539689913
2020-12-25,2020-12-24,002188,2.68,2.67,2.69
2020-12-25,2020-12-24,002291,15.54,15.44,15.67
2020-12-25,2020-12-24,002481,14.31064513035333,14.04380299049177,14.03391994827467
2020-12-25,2020-12-24,002551,6.546297650436819,6.646088773156893,6.735900783604959
2020-12-25,2020-12-24,002605,21.16053249371105,20.85042124164804,20.67712377725989
2020-12-25,2020-12-24,002613,3.895182150895833,3.866257530963438,3.875899070940902
2020-12-25,2020-12-24,002707,5.1,5.06,5.2
2020-12-25,2020-12-24,002757,13.31786992148326,13.1816024939101,13.15434900839547
2020-12-25,2020-12-24,002824,11.20671951930337,11.21356959235918,11.31632068819631
2020-12-25,2020-12-24,002837,5.810659257094664,5.76985884101208,5.79365908372692
2020-12-25,2020-12-24,002838,23.86613438142201,23.40139829610427,23.70154035120531
2020-12-25,2020-12-24,002878,19.67679418721195,19.12599589432667,19.10700284974443
2020-12-25,2020-12-24,300169,6,5.93,5.98
2020-12-25,2020-12-24,300220,20.19,20.17,20.41
2020-12-25,2020-12-24,300229,8.072054445660722,8.111720560872813,8.072054445660722
2020-12-25,2020-12-24,300342,12.54920229386894,12.49995110747228,12.34234731100296
2020-12-25,2020-12-24,300376,8.076451505662975,8.095727046249282,8.201742519473974
2020-12-25,2020-12-24,300497,13.6788385043755,13.50170246618934,13.491861575179
2020-12-25,2020-12-24,300573,37.39437124549338,36.41898169907395,36.64535196923272
2020-12-25,2020-12-24,300598,59.02492882716192,58.94324049040605,58.30505035950084
2020-12-25,2020-12-24,300603,12.48,12.57,12.46
2020-12-25,2020-12-24,300609,15.72,16.6,17.29
2020-12-25,2020-12-24,300677,85.78509519921262,85.49570730446554,85.29576657718572
2020-12-25,2020-12-24,300683,40.57123763252013,40.40223223194359,40.62094510327793
2020-12-25,2020-12-24,300706,25.68804651144978,25.70803720912406,25.74801860447263
2020-12-25,2020-12-24,300738,8.618200508325621,8.54941794441052,8.610558001223943
2020-12-25,2020-12-24,300770,53.70213436851564,53.63040400203946,53.15220155886477
2020-12-25,2020-12-24,300785,36.12277866283884,35.60679988604702,35.39358551547189
2020-12-25,2020-12-24,600513,9.719704335428984,9.672337355236836,9.842858483928572
2020-12-25,2020-12-24,600538,5.96,5.91,5.95
2020-12-25,2020-12-24,600579,4.91,4.86,4.9
2020-12-25,2020-12-24,600628,7.625931055132046,7.586418458991465,7.685199949342917
2020-12-28,2020-12-25,000016,6.44,6.38,6.36
2020-12-28,2020-12-25,000158,6.15804949737305,6.038281922059474,5.978398134402686
2020-12-28,2020-12-25,002062,4.126619140494865,4.087596737275056,4.087596737275056
2020-12-28,2020-12-25,002188,2.79,2.78,2.75
2020-12-28,2020-12-25,002291,16.7,16.12,16.19
2020-12-28,2020-12-25,002481,14.32052817257042,14.5577211857807,14.47865684804394
2020-12-28,2020-12-25,002551,6.725921671332951,6.745879895876966,6.835691906325032
2020-12-28,2020-12-25,002605,21.30646720056422,21.56185293755729,21.25174168549428
2020-12-28,2020-12-25,002613,4.28084374999443,4.2615606700395,4.232636050107105
2020-12-28,2020-12-25,002707,5.15,5.01,5.05
2020-12-28,2020-12-25,002757,13.31786992148326,13.17251799873856,13.0362505711654
2020-12-28,2020-12-25,002824,11.59717368348448,11.46702229542411,11.44647207625668
2020-12-28,2020-12-25,002837,5.749458632970788,5.752858667644338,5.708658216888204
2020-12-28,2020-12-25,002838,24.592284514731,25.20225062671055,25.71539672091557
2020-12-28,2020-12-25,002878,19.23045763952905,19.32542286244031,18.94556197079529
2020-12-28,2020-12-25,300169,6.29,6.24,6.24
2020-12-28,2020-12-25,300220,19.99,19.25,19.51
2020-12-28,2020-12-25,300229,8.072054445660722,7.893556927206308,7.794391639176077
2020-12-28,2020-12-25,300342,12.21429422637165,12.01728948078501,12.03698995534367
2020-12-28,2020-12-25,300376,8.105364816542435,7.912609410679358,7.758405085988896
2020-12-28,2020-12-25,300497,13.51154335719968,13.76740652346858,13.58042959427208
2020-12-28,2020-12-25,300573,35.72655499035297,35.6200278043959,34.72120467288311
2020-12-28,2020-12-25,300598,57.18183572910765,55.94629963567515,55.24684325220302
2020-12-28,2020-12-25,300603,12.18,11.9,11.64
2020-12-28,2020-12-25,300609,18.25,17.53,17.12
2020-12-28,2020-12-25,300677,82.37557963928317,84.39077170634023,84.33815572547714
2020-12-28,2020-12-25,300683,40.54141315006544,40.33264177288267,39.62679568812184
2020-12-28,2020-12-25,300706,25.66805581377551,25.08832558122139,24.70850232541007
2020-12-28,2020-12-25,300738,8.523942920738259,8.503562901800452,8.355807764501341
2020-12-28,2020-12-25,300770,55.33599271602912,54.3317675853623,53.46303314692831
2020-12-28,2020-12-25,300785,35.33814977912236,35.01406393584816,35.32535691688785
2020-12-28,2020-12-25,600513,9.814438295813281,9.9470658403513,9.823911691851711
2020-12-28,2020-12-25,600538,5.95,5.92,5.88
2020-12-28,2020-12-25,600579,4.9,4.91,4.89
2020-12-28,2020-12-25,600628,7.655565502237481,7.675321800307771,7.695078098378062
2020-12-29,2020-12-28,000016,6.21,6.25,6.31
2020-12-29,2020-12-28,000158,5.988378765678817,6.08818507844013,6.168030128649182
2020-12-29,2020-12-28,002062,4.06808553566515,4.058329934860199,4.06808553566515
2020-12-29,2020-12-28,002188,2.7,2.72,2.7
2020-12-29,2020-12-28,002291,16.24,15.7,15.99
2020-12-29,2020-12-28,002481,14.37982642587299,14.08333515936014,14.21181470818238
2020-12-29,2020-12-28,002551,6.795775457237003,6.666046997700907,6.596193211796856
2020-12-29,2020-12-28,002605,21.03283962521451,21.99965705811683,22.34625198689313
2020-12-29,2020-12-28,002613,4.213352970152176,4.222994510129641,4.184428350219781
2020-12-29,2020-12-28,002707,4.92,5.01,5.04
2020-12-29,2020-12-28,002757,13.44505285388487,13.36329239734098,13.36329239734098
2020-12-29,2020-12-28,002824,11.19301937319175,11.05601791207557,11.02861761985234
2020-12-29,2020-12-28,002837,5.970460886751451,5.933060505342416,5.977260956098548
2020-12-29,2020-12-28,002838,25.27002463915273,24.36959847384958,24.35991647207213
2020-12-29,2020-12-28,002878,18.92656892621304,18.87908631475741,19.03103067141542
2020-12-29,2020-12-28,300169,6.19,6.2,6.2
2020-12-29,2020-12-28,300220,18.19,18.65,19.12
2020-12-29,2020-12-28,300229,8.062137916857699,8.062137916857699,8.141470147281883
2020-12-29,2020-12-28,300342,12.24384493820964,12.22414446365098,12.26354541276831
2020-12-29,2020-12-28,300376,7.633114072177894,7.729491775109433,7.768042856282049
2020-12-29,2020-12-28,300497,14.46610978520286,14.21024661893397,14.09215592680986
2020-12-29,2020-12-28,300573,31.2890319003287,31.75508833889089,32.67055634320948
2020-12-29,2020-12-28,300598,54.52696478454194,54.85371813156541,55.02220032612438
2020-12-29,2020-12-28,300603,11.99,12.42,12.36
2020-12-29,2020-12-28,300609,17.31,17.35,17.12
2020-12-29,2020-12-28,300677,86.82163002221587,86.13236067290914,84.86957713219454
2020-12-29,2020-12-28,300683,38.61276328466263,41.93322233128397,42.28117462658861
2020-12-29,2020-12-28,300706,24.31868372076161,22.72942325565635,23.58902325565039
2020-12-29,2020-12-28,300738,8.162197584592164,8.251360167445075,8.498467897065998
2020-12-29,2020-12-28,300770,55.38381296034657,55.32005263458996,55.51133361185983
2020-12-29,2020-12-28,300785,34.71129952963147,35.15478542042774,35.21874973160028
2020-12-29,2020-12-28,600513,10.02285300865874,9.86180527600543,9.786018107697993
2020-12-29,2020-12-28,600538,5.86,5.82,5.82
2020-12-29,2020-12-28,600579,4.9,4.9,4.93
2020-12-29,2020-12-28,600628,7.685199949342917,7.685199949342917,7.685199949342917
2020-12-30,2020-12-29,000016,6.46,6.38,6.38
2020-12-30,2020-12-29,000158,6.168030128649182,6.187991391201445,6.15804949737305
2020-12-30,2020-12-29,002062,4.06808553566515,4.048574334055246,4.038818733250293
2020-12-30,2020-12-29,002188,2.71,2.7,2.69
2020-12-30,2020-12-29,002291,15.9,16.09,16.02
2020-12-30,2020-12-29,002481,13.67813042845926,13.61883217515669,13.67813042845926
2020-12-30,2020-12-29,002551,6.636109660884886,6.536318538164812,6.506381201348789
2020-12-30,2020-12-29,002605,22.27328463346654,21.86284327044197,21.79899683619371
2020-12-30,2020-12-29,002613,4.145862190309921,4.126579110354991,4.194069890197246
2020-12-30,2020-12-29,002707,4.99,4.94,4.97
2020-12-30,2020-12-29,002757,13.80843266074663,13.77209468006045,13.70850321385964
2020-12-30,2020-12-29,002824,10.65871367483866,10.63131338261542,10.72036433234094
2020-12-30,2020-12-29,002837,6.055461753590167,5.967060852077903,5.926260435995319
2020-12-30,2020-12-29,002838,25.85094474579991,25.43461866936943,25.3377986515949
2020-12-30,2020-12-29,002878,19.0215341491243,19.18297502807343,19.15448546120005
2020-12-30,2020-12-29,300169,6.07,5.99,6.02
2020-12-30,2020-12-29,300220,18.95,18.57,18.53
2020-12-30,2020-12-29,300229,8.210885848903043,8.141470147281883,8.121637089675836
2020-12-30,2020-12-29,300342,12.20444398909232,12.15519280269566,12.076390904461
2020-12-30,2020-12-29,300376,7.719854004816279,7.67166515335051,7.62347630188474
2020-12-30,2020-12-29,300497,14.43658711217184,14.38738265712013,14.33817820206842
2020-12-30,2020-12-29,300573,32.42421222568375,32.15789426079107,31.9947745072943
2020-12-30,2020-12-29,300598,59.91328948938199,58.96876809564226,58.26931171217014
2020-12-30,2020-12-29,300603,12.32,12.11,12.04
2020-12-30,2020-12-29,300609,16.91,16.89,16.87
2020-12-30,2020-12-29,300677,86.29020861549847,84.9011467207124,85.50096890255183
2020-12-30,2020-12-29,300683,40.78995050385447,39.67650315887964,39.41802431093906
2020-12-30,2020-12-29,300706,24.26870697657591,24.07879534867025,23.76893953471891
2020-12-30,2020-12-29,300738,8.513752911269355,8.501015399433225,8.368545276337473
2020-12-30,2020-12-29,300770,53.94123559010299,53.64634408347861,54.4752283183147
2020-12-30,2020-12-29,300785,35.2443354560693,35.34241406653386,35.66649990980806
2020-12-30,2020-12-29,600513,9.738651127505843,9.729177731467413,9.738651127505843
2020-12-30,2020-12-29,600538,5.82,5.81,5.79
2020-12-30,2020-12-29,600579,4.97,4.95,4.92
2020-12-30,2020-12-29,600628,7.635809204167192,7.625931055132046,7.625931055132046
2020-12-31,2020-12-30,000016,6.48,6.49,6.53
2020-12-31,2020-12-30,000158,6.108146340992394,6.148068866096919,6.178010759925313
2020-12-31,2020-12-30,002062,4.009551930835436,4.009551930835436,4.038818733250293
2020-12-31,2020-12-30,002188,2.68,2.66,2.69
2020-12-31,2020-12-30,002291,16.18,16.26,16.21
2020-12-31,2020-12-30,002481,13.86590823058406,13.66824738624216,13.95485561053791
2020-12-31,2020-12-30,002551,6.466464752260761,6.456485639988753,6.476443864532768
2020-12-31,2020-12-30,002605,22.30976831017984,22.32801014853648,22.39185658278475
2020-12-31,2020-12-30,002613,4.155503730287386,4.203711430174711,4.194069890197246
2020-12-31,2020-12-30,002707,4.95,5,5.05
2020-12-31,2020-12-30,002757,14.12638999175066,14.12638999175066,14.09005201106449
2020-12-31,2020-12-30,002824,10.67241382095027,10.71351425928513,10.77516491678741
2020-12-31,2020-12-30,002837,5.95006067871016,5.943260609363062,5.973860921425
2020-12-31,2020-12-30,002838,25.25066063559781,24.91179057338696,24.96020058227423
2020-12-31,2020-12-30,002878,19.23045763952905,19.14498893890892,19.2874367732758
2020-12-31,2020-12-30,300169,6.18,6.2,6.2
2020-12-31,2020-12-30,300220,18.43,18.52,18.73
2020-12-31,2020-12-30,300229,8.141470147281883,8.181136262493974,8.23071890650909
2020-12-31,2020-12-30,300342,12.05669042990234,12.08624114174033,12.12564209085766
2020-12-31,2020-12-30,300376,7.507823058366894,7.507823058366894,7.604200761298432
2020-12-31,2020-12-30,300497,14.02326968973747,14.11183770883055,14.07247414478918
2020-12-31,2020-12-30,300573,31.77506218625784,31.58531063627181,31.33896651874608
2020-12-31,2020-12-30,300598,59.68354104225611,60.01539991032682,59.99497782613786
2020-12-31,2020-12-30,300603,12.09,12.1,12.32
2020-12-31,2020-12-30,300609,16.83,17.17,17.4
2020-12-31,2020-12-30,300677,86.70587486431702,88.11598315144835,87.026832347582
2020-12-31,2020-12-30,300683,39.7659766062437,39.96480648927491,39.98468947757803
2020-12-31,2020-12-30,300706,23.98883720913599,23.99883255797313,24.30868837192447
2020-12-31,2020-12-30,300738,8.534132930207162,8.511205408902129,8.638580527263429
2020-12-31,2020-12-30,300770,54.36364774824061,54.07672628233581,54.23612709672737
2020-12-31,2020-12-30,300785,36.31467159635646,36.67287173892268,36.92446469620134
2020-12-31,2020-12-30,600513,9.700757543352124,9.691284147313695,9.691284147313695
2020-12-31,2020-12-30,600538,5.85,5.87,5.87
2020-12-31,2020-12-30,600579,4.93,4.9,4.94
2020-12-31,2020-12-30,600628,7.606174757061756,7.576540309956321,7.6160529060969
