trading_day,prev_trading_day,asset_id,prev_close_1500_qfq,close_0935_qfq,close_0950_qfq
2018-01-02,2017-12-29,000049,22.54906686176708,22.66297980373104,22.42376262560671
2018-01-02,2017-12-29,000591,4.696203137666028,4.67992513718885,4.67992513718885
2018-01-02,2017-12-29,000672,6.030465232354343,6.080098691056849,6.080098691056849
2018-01-02,2017-12-29,000877,8.585931046491385,8.660232372855253,8.643720966996616
2018-01-02,2017-12-29,002148,8.88970534073356,8.88970534073356,8.850500466022496
2018-01-02,2017-12-29,002149,9.308913725864105,9.308913725864105,9.279853641392107
2018-01-02,2017-12-29,002158,10.07284238846323,10.07284238846323,10.09026945141905
2018-01-02,2017-12-29,002171,6.553598670337741,6.571752683274966,6.54452166386913
2018-01-02,2017-12-29,002217,9.81251676826807,9.802704251499803,9.734016634121925
2018-01-02,2017-12-29,002300,6.371203813389957,6.335729404629433,6.293160114116804
2018-01-02,2017-12-29,002305,4.62,4.68,4.69
2018-01-02,2017-12-29,002315,11.20122763066042,11.25301324152801,11.34104878000292
2018-01-02,2017-12-29,002346,17.52568850756792,17.5913277903678,17.50693442676796
2018-01-02,2017-12-29,002366,,,
2018-01-02,2017-12-29,002370,14.31058499655884,14.33051617343427,14.48
2018-01-02,2017-12-29,002429,3.346293658072141,3.374335225039225,3.355640847061169
2018-01-02,2017-12-29,002456,20.49868350418446,20.54846175455888,20.38917135336074
2018-01-02,2017-12-29,002517,14.67426725753077,14.4760556331607,14.52230501218039
2018-01-02,2017-12-29,002532,5.827089619766942,5.883299487481735,5.892667798767534
2018-01-02,2017-12-29,002545,,,
2018-01-02,2017-12-29,002643,9.576957839725067,9.666545845709399,9.78301025348903
2018-01-02,2017-12-29,002726,8.506469191891707,8.521366686098172,8.461776709272311
2018-01-02,2017-12-29,002742,21.08835379084099,20.9229167744846,20.78667452572051
2018-01-02,2017-12-29,002759,16.76924962221002,16.91144224195742,16.97779879783954
2018-01-02,2017-12-29,002763,10.04647212859349,10.03179503271535,10.02445648477627
2018-01-02,2017-12-29,002777,13.54658991534781,13.63455478492799,13.59856915646337
2018-01-02,2017-12-29,300115,16.35539147123292,16.33909312397709,16.19240799867455
2018-01-02,2017-12-29,300196,12.69954912579405,12.79693830620658,12.75798263404157
2018-01-02,2017-12-29,300257,13.89410220138281,13.94372399495918,14.06281629954246
2018-01-02,2017-12-29,300260,,,
2018-01-02,2017-12-29,300422,16.66955209689134,16.66955209689134,16.65978668851589
2018-01-02,2017-12-29,300457,17.26095752217125,17.26095752217125,17.36408497562709
2018-01-02,2017-12-29,300471,12.43211337415378,12.38230522762271,12.40222848623514
2018-01-02,2017-12-29,300531,15.56553931063182,15.60479666072168,15.54591063558688
2018-01-02,2017-12-29,600076,7.174765710087538,7.203931424356186,7.174765710087538
2018-01-02,2017-12-29,600386,4.741542288819368,4.788027997533285,4.778730855790501
2018-01-02,2017-12-29,600420,12.72,12.65,12.52
2018-01-02,2017-12-29,600679,19.14469965059273,19.05629416221134,19.00718000199946
2018-01-02,2017-12-29,600802,5.808428924904125,5.816418510770569,5.816418510770569
2018-01-03,2018-01-02,000049,22.65728415663285,22.68006674502564,22.64589286243645
2018-01-03,2018-01-02,000591,4.769454139813332,4.745037139097564,4.761315139574743
2018-01-03,2018-01-02,000672,6.632270919122214,6.930071671337243,6.985909312377562
2018-01-03,2018-01-02,000877,8.940926272452087,8.883136351946856,8.957437678310724
2018-01-03,2018-01-02,002148,9.085729714288874,9.056326058255577,9.036723620900046
2018-01-03,2018-01-02,002149,9.328287115512108,9.328287115512108,9.425154063752109
2018-01-03,2018-01-02,002158,10.24711301802142,10.36038892723424,10.38652952166797
2018-01-03,2018-01-02,002171,6.54452166386913,6.571752683274966,6.5989837026808
2018-01-03,2018-01-02,002217,9.773266701194999,9.783079217963266,9.802704251499803
2018-01-03,2018-01-02,002300,6.371203813389957,6.342824286381537,6.335729404629433
2018-01-03,2018-01-02,002305,4.62,4.66,4.62
2018-01-03,2018-01-02,002315,11.34104878000292,11.31515597456912,11.32033453565588
2018-01-03,2018-01-02,002346,17.85388492156732,18.09768797196687,19.03539201196516
2018-01-03,2018-01-02,002366,,,
2018-01-03,2018-01-02,002370,14.21092911218169,14.30061940812113,14.2806882312457
2018-01-03,2018-01-02,002429,3.374335225039225,3.383682414028254,3.383682414028254
2018-01-03,2018-01-02,002456,20.68784085560724,20.90686515725467,21.22544595965093
2018-01-03,2018-01-02,002517,14.55534028290873,14.65444609509377,14.58837555363707
2018-01-03,2018-01-02,002532,5.93014104391073,5.911404421339132,5.939509355196528
2018-01-03,2018-01-02,002545,,,
2018-01-03,2018-01-02,002643,10.14136227742636,10.10552707503262,10.06969187263889
2018-01-03,2018-01-02,002726,8.491571697685242,8.469225456375543,8.476674203478776
2018-01-03,2018-01-02,002742,21.13701173682816,20.87425882849743,20.91318518528717
2018-01-03,2018-01-02,002759,16.93040125792374,16.95883978187322,16.80716765414266
2018-01-03,2018-01-02,002763,10.11985760798424,10.11251906004517,10.14187325180147
2018-01-03,2018-01-02,002777,13.79049250827468,13.72651805767091,13.63455478492799
2018-01-03,2018-01-02,300115,16.37983899211668,16.46133072839587,16.69765676360551
2018-01-03,2018-01-02,300196,13.27414529022799,13.37153447064052,13.58579066754808
2018-01-03,2018-01-02,300257,14.18190860412574,14.17198424541047,14.09258937568828
2018-01-03,2018-01-02,300260,,,
2018-01-03,2018-01-02,300422,16.71837913876859,16.65978668851589,16.73790995551949
2018-01-03,2018-01-02,300457,17.46721242908293,17.34474857810412,17.59612174590273
2018-01-03,2018-01-02,300471,12.49188314999106,12.49188314999106,12.45203663276621
2018-01-03,2018-01-02,300531,15.58516798567675,15.62442533576662,15.64405401081155
2018-01-03,2018-01-02,600076,7.281706662405917,7.320594281430781,7.291428567162132
2018-01-03,2018-01-02,600386,4.825216564504417,4.825216564504417,4.825216564504417
2018-01-03,2018-01-02,600420,12.73,12.69,12.62
2018-01-03,2018-01-02,600679,19.21345947488937,19.0759398262961,19.08576265833847
2018-01-03,2018-01-02,600802,6.391668693154471,6.64733544088065,6.623366683281319
2018-01-04,2018-01-03,000049,23.10154463029231,23.75084839948692,24.05841334278963
2018-01-04,2018-01-03,000591,4.7938711405291,4.769454139813332,4.818288141244867
2018-01-04,2018-01-03,000672,7.047951135755692,6.94248003601287,6.979705130039749
2018-01-04,2018-01-03,000877,8.982204787098681,8.940926272452087,9.031739004674591
2018-01-04,2018-01-03,002148,9.115133370322173,9.095530932966639,9.183741901066531
2018-01-04,2018-01-03,002149,9.367033894808106,9.318600420688105,9.415467368928107
2018-01-04,2018-01-03,002158,11.27530973241472,11.0661849769449,11.03133085103326
2018-01-04,2018-01-03,002171,6.553598670337741,6.499136631526071,6.480982618588847
2018-01-04,2018-01-03,002217,10.08726723777958,10.0480171707065,10.05782968747477
2018-01-04,2018-01-03,002300,6.506006566679944,6.506006566679944,6.498911684927839
2018-01-04,2018-01-03,002305,4.83,4.75,4.74
2018-01-04,2018-01-03,002315,11.42390575739107,11.38247726869699,11.41872719630431
2018-01-04,2018-01-03,002346,18.76345784036566,18.91349048676538,18.69781855756577
2018-01-04,2018-01-03,002366,,,
2018-01-04,2018-01-03,002370,14.24082587749484,14.18103234686855,14.16110116999312
2018-01-04,2018-01-03,002429,3.393029603017282,3.374335225039225,3.393029603017282
2018-01-04,2018-01-03,002456,21.25531290987558,21.30509116024999,21.48429286159789
2018-01-04,2018-01-03,002517,14.5619473370544,14.33730749610165,14.29105811708197
2018-01-04,2018-01-03,002532,5.976982600339724,5.939509355196528,5.948877666482328
2018-01-04,2018-01-03,002545,,,
2018-01-04,2018-01-03,002643,10.13240347682792,10.04281547084359,10.06073307204046
2018-01-04,2018-01-03,002726,8.491571697685242,8.536264180304638,8.647995386853127
2018-01-04,2018-01-03,002742,20.81586929331282,20.85479565010256,20.85479565010256
2018-01-04,2018-01-03,002759,17.00623732178902,17.02519633775534,17.26218403733434
2018-01-04,2018-01-03,002763,10.21525873119222,10.19324308737499,10.25929001882667
2018-01-04,2018-01-03,002777,13.7145228481827,13.69453083236902,13.73851326715911
2018-01-04,2018-01-03,300115,17.03177288235018,17.3903365219786,17.31699395932734
2018-01-04,2018-01-03,300196,13.70265768404312,13.53709607734182,13.65396309383686
2018-01-04,2018-01-03,300257,14.18190860412574,14.1223624518341,14.16205988669519
2018-01-04,2018-01-03,300260,,,
2018-01-04,2018-01-03,300422,16.97227975653026,17.16758792403924,17.13829169891289
2018-01-04,2018-01-03,300457,17.71858559688154,17.60256721174372,17.67346733599461
2018-01-04,2018-01-03,300471,12.63134596027804,12.57157618444076,12.7508855119526
2018-01-04,2018-01-03,300531,15.75201172355868,15.62442533576662,15.64405401081155
2018-01-04,2018-01-03,600076,7.281706662405917,7.262262852893484,7.291428567162132
2018-01-04,2018-01-03,600386,4.880999414961115,4.880999414961115,4.908890840189464
2018-01-04,2018-01-03,600420,12.76,12.69,12.61
2018-01-04,2018-01-03,600679,19.26257363510126,19.15452248263511,19.09558549038085
2018-01-04,2018-01-03,600802,6.375689521421585,6.271824905157824,6.239866561692052
2018-01-05,2018-01-04,000049,24.29193487381576,23.88754392984368,23.87045698854908
2018-01-05,2018-01-04,000591,4.7938711405291,4.777593140051922,4.777593140051922
2018-01-05,2018-01-04,000672,7.488448081740424,7.655961004861378,7.873107386684836
2018-01-05,2018-01-04,000877,9.172085954473008,9.213364469119602,9.238131577907557
2018-01-05,2018-01-04,002148,9.164139463711001,9.134735807677703,9.134735807677703
2018-01-05,2018-01-04,002149,9.434840758576108,9.386407284456107,9.386407284456107
2018-01-05,2018-01-04,002158,10.95290906773208,10.81349256408553,10.86577375295298
2018-01-05,2018-01-04,002171,6.562675676806354,6.680676760898307,6.608060709149412
2018-01-05,2018-01-04,002217,10.14614233838918,10.07745472101131,10.12651730485265
2018-01-05,2018-01-04,002300,6.413773103902583,6.342824286381537,6.371203813389957
2018-01-05,2018-01-04,002305,4.75,4.69,4.73
2018-01-05,2018-01-04,002315,11.33587021891616,11.38765582978375,11.46015568499838
2018-01-05,2018-01-04,002346,18.51027774956611,18.4633925475662,18.56653999196601
2018-01-05,2018-01-04,002366,,,
2018-01-05,2018-01-04,002370,14.09134205092911,14.07141087405368,14.04151410874054
2018-01-05,2018-01-04,002429,3.393029603017282,3.374335225039225,3.374335225039225
2018-01-05,2018-01-04,002456,21.27522421002535,21.04624425830303,21.05619990837792
2018-01-05,2018-01-04,002517,14.4562344707237,14.20516641318828,14.23159462977095
2018-01-05,2018-01-04,002532,5.939509355196528,5.939509355196528,5.939509355196528
2018-01-05,2018-01-04,002545,,,
2018-01-05,2018-01-04,002643,10.13240347682792,10.07865067323733,10.06073307204046
2018-01-05,2018-01-04,002726,9.087471465943855,9.199202672492344,8.968291512292131
2018-01-05,2018-01-04,002742,20.82560088251025,20.86452723929999,20.83533247170769
2018-01-05,2018-01-04,002759,17.1294709255701,17.02519633775534,17.06311436968798
2018-01-05,2018-01-04,002763,10.14187325180147,10.14921179974054,10.10518051210609
2018-01-05,2018-01-04,002777,13.79449091143741,13.80648612092562,13.76250368613553
2018-01-05,2018-01-04,300115,17.14586131314104,16.9991761878385,16.97472866695475
2018-01-05,2018-01-04,300196,13.65396309383686,13.68317984796062,13.60526850363059
2018-01-05,2018-01-04,300257,14.13228681054937,14.14221116926465,14.06281629954246
2018-01-05,2018-01-04,300260,,,
2018-01-05,2018-01-04,300422,17.0601684319093,16.91368730627757,16.79650240577218
2018-01-05,2018-01-04,300457,17.4865488266059,17.47365789492392,17.66702187015362
2018-01-05,2018-01-04,300471,12.78077039987123,12.70107736542153,12.63134596027804
2018-01-05,2018-01-04,300531,15.70294003594635,15.88941244887321,15.98755582409787
2018-01-05,2018-01-04,600076,7.2719847576497,7.262262852893484,7.281706662405917
2018-01-05,2018-01-04,600386,4.936782265417813,4.89959369844668,4.890296556703897
2018-01-05,2018-01-04,600420,12.57,12.54,12.58
2018-01-05,2018-01-04,600679,19.9698175421524,19.62601842066921,19.67513258088109
2018-01-05,2018-01-04,600802,6.615377097414877,6.487543723551787,6.567439582216219
2018-01-08,2018-01-05,000049,23.96158734212026,24.11536981377161,23.69389192850494
2018-01-08,2018-01-05,000591,4.67178613695026,4.688064137427439,4.663647136711671
2018-01-08,2018-01-05,000672,8.028211945130163,7.966170121752033,8.096457950846109
2018-01-08,2018-01-05,000877,9.403245636493931,9.626149615585534,9.494058368716436
2018-01-08,2018-01-05,002148,9.085729714288874,8.968115090155685,8.938711434122387
2018-01-08,2018-01-05,002149,9.386407284456107,9.328287115512108,9.250793556920106
2018-01-08,2018-01-05,002158,11.02261731955535,10.90934141034253,10.80477903260762
2018-01-08,2018-01-05,002171,6.526367650931906,6.490059625057459,6.462828605651623
2018-01-08,2018-01-05,002217,9.979329553328627,9.920454452719019,9.900829419182482
2018-01-08,2018-01-05,002300,6.420867985654689,6.371203813389957,6.335729404629433
2018-01-08,2018-01-05,002305,4.78,4.72,4.75
2018-01-08,2018-01-05,002315,11.38765582978375,11.33587021891616,11.27372748587505
2018-01-08,2018-01-05,002346,18.61342519396593,18.8478512039655,18.67906447676581
2018-01-08,2018-01-05,002366,,,
2018-01-08,2018-01-05,002370,14.0813764624914,14.04151410874054,14.09134205092911
2018-01-08,2018-01-05,002429,3.327599280094084,3.308904902116027,3.318252091105055
2018-01-08,2018-01-05,002456,20.58828435485841,20.31948180283656,20.07059055096448
2018-01-08,2018-01-05,002517,14.10606060100324,,
2018-01-08,2018-01-05,002532,5.939509355196528,5.958245977768127,5.948877666482328
2018-01-08,2018-01-05,002545,,,
2018-01-08,2018-01-05,002643,9.917392262465528,9.872598259473362,9.774051452890596
2018-01-08,2018-01-05,002726,9.109817707253553,9.310933879040835,9.385421350073161
2018-01-08,2018-01-05,002742,20.82560088251025,20.78667452572051,20.68935863374617
2018-01-08,2018-01-05,002759,16.92092174994058,16.81664716212582,16.62705700246262
2018-01-08,2018-01-05,002763,10.09784196416702,10.09784196416702,10.10518051210609
2018-01-08,2018-01-05,002777,13.78649410511194,13.8264781367393,13.63455478492799
2018-01-08,2018-01-05,300115,16.94213197244307,17.28439726481566,17.04807122960602
2018-01-08,2018-01-05,300196,13.61500742167184,13.60526850363059,13.7903079464144
2018-01-08,2018-01-05,300257,13.83455604909117,13.87425348395226,13.74523682065371
2018-01-08,2018-01-05,300260,,,
2018-01-08,2018-01-05,300422,16.75744077227039,16.640255871765,16.46447852100692
2018-01-08,2018-01-05,300457,17.35119404394511,17.422094168196,17.20939379544333
2018-01-08,2018-01-05,300471,12.49188314999106,12.36238196901029,12.15318775357982
2018-01-08,2018-01-05,300531,15.64405401081155,15.64405401081155,15.37906689770495
2018-01-08,2018-01-05,600076,7.233097138624836,7.203931424356186,7.165043805331322
2018-01-08,2018-01-05,600386,4.918187981932247,4.890296556703897,4.908890840189464
2018-01-08,2018-01-05,600420,12.53,12.58,12.58
2018-01-08,2018-01-05,600679,19.5867270924997,19.57690426045732,19.35097912348265
2018-01-08,2018-01-05,600802,6.599397925681991,6.615377097414877,6.679293784346422
2018-01-09,2018-01-08,000591,4.655508136473081,4.663647136711671,4.663647136711671
2018-01-09,2018-01-08,000799,25.74525033744015,25.49897494789878,25.83049951074294
2018-01-09,2018-01-08,000816,3.39,3.38,3.37
2018-01-09,2018-01-08,000963,29.45097264310971,29.30163216284215,29.40462559750944
2018-01-09,2018-01-08,002171,6.553598670337741,6.508213637994682,6.490059625057459
2018-01-09,2018-01-08,002307,7.429995598200327,7.380171654540979,7.336575703839049
2018-01-09,2018-01-08,002350,8.096976967237758,8.151371246288299,8.128059412409497
2018-01-09,2018-01-08,002351,5.574247884861285,5.574247884861285,5.574247884861285
2018-01-09,2018-01-08,002366,,,
2018-01-09,2018-01-08,002370,14.50989676531315,14.40027529249828,14.34048176187199
2018-01-09,2018-01-08,002386,6.768975957175259,6.652645543303289,6.681728146771281
2018-01-09,2018-01-08,002456,20.04072360073983,20.16019140163843,20.08054620103937
2018-01-09,2018-01-08,002517,,,
2018-01-09,2018-01-08,002545,,,
2018-01-09,2018-01-08,002759,16.58913897052998,16.58913897052998,16.59861847851314
2018-01-09,2018-01-08,002763,10.25929001882667,10.24461292294852,10.29598275852204
2018-01-09,2018-01-08,002777,13.34666975721104,13.35466656353651,13.36266336986198
2018-01-09,2018-01-08,002783,11.29301191891853,11.23868957403864,11.28094028672299
2018-01-09,2018-01-08,300035,7.332022266058486,7.312778113129198,7.283911883735267
2018-01-09,2018-01-08,300115,17.08066792411769,17.25994974393191,17.12956296588521
2018-01-09,2018-01-08,300196,13.90717496290944,13.97534738919821,13.84874145466192
2018-01-09,2018-01-08,300260,,,
2018-01-09,2018-01-08,300355,12.78888884345339,12.68351223126014,12.65477315520744
2018-01-09,2018-01-08,300430,13.08406610010831,13.00520683682288,13.03149325791802
2018-01-09,2018-01-08,300457,17.08048447862353,17.08048447862353,17.05470261525957
2018-01-09,2018-01-08,300471,11.62522140035053,11.45587370214491,11.33633415047036
2018-01-09,2018-01-08,300507,6.300360137405505,6.265487295316544,6.221315028670528
2018-01-09,2018-01-08,300555,12.27643235626334,12.24663519035008,12.27643235626334
2018-01-09,2018-01-08,600057,4.245185924644014,4.234742662836771,4.219077770125907
2018-01-09,2018-01-08,600076,7.155321900575106,7.174765710087538,7.135878091062674
2018-01-09,2018-01-08,600110,9.250742245608711,9.299430362690863,9.318905609523723
2018-01-09,2018-01-08,600148,23.88561503132744,23.88561503132744,23.89523856679534
2018-01-09,2018-01-08,600191,8.523897165269249,8.384487632192414,8.394445455983616
2018-01-09,2018-01-08,600386,4.918187981932247,4.908890840189464,4.908890840189464
2018-01-09,2018-01-08,600420,12.62,12.52,12.59
2018-01-09,2018-01-08,600698,8.119999999999999,8.08,8.07
2018-01-09,2018-01-08,600801,7.798520417823555,7.64453689364997,7.709110629593732
2018-01-09,2018-01-08,600814,7.778504556106784,7.752284877827773,7.813464127145466
2018-01-09,2018-01-08,600988,6.229221746255405,6.189920662682815,6.150619579110226
2018-01-10,2018-01-09,000591,4.67178613695026,4.67178613695026,4.631091135757314
2018-01-10,2018-01-09,000799,25.78313885890806,25.65052903377039,25.52739133899971
2018-01-10,2018-01-09,000816,3.39,3.37,3.36
2018-01-10,2018-01-09,000963,29.45097264310971,29.3376798649757,29.2810334759087
2018-01-10,2018-01-09,002171,6.417443573308564,6.426520579777176,6.408366566839952
2018-01-10,2018-01-09,002307,7.261839788350027,7.280523767222282,7.212015844690678
2018-01-10,2018-01-09,002350,8.073665133358954,8.034812076894282,7.887170462328526
2018-01-10,2018-01-09,002351,5.548230391816425,5.54172601855521,5.54172601855521
2018-01-10,2018-01-09,002366,,,
2018-01-10,2018-01-09,002370,14.33051617343427,14.39030970406056,14.33051617343427
2018-01-10,2018-01-09,002386,6.638104241569293,6.681728146771281,6.674457495904282
2018-01-10,2018-01-09,002456,20.2398366022375,20.15023575156355,19.99094535036541
2018-01-10,2018-01-09,002517,,,
2018-01-10,2018-01-09,002545,,,
2018-01-10,2018-01-09,002759,17.20530698943538,17.09155289363746,16.97779879783954
2018-01-10,2018-01-09,002763,10.25195147088759,10.19324308737499,10.09784196416702
2018-01-10,2018-01-09,002777,13.35466656353651,13.35466656353651,13.38265538567566
2018-01-10,2018-01-09,002783,11.25679702233193,10.88861224036826,10.70753775743531
2018-01-10,2018-01-09,300035,7.216557348482762,7.283911883735267,7.245423577876693
2018-01-10,2018-01-09,300115,16.86878940979181,16.76285015262886,16.66506006909384
2018-01-10,2018-01-09,300196,13.6247463397131,13.73187443816688,13.63448525775435
2018-01-10,2018-01-09,300260,,,
2018-01-10,2018-01-09,300355,12.55897623503176,12.6068746951196,12.53981685099662
2018-01-10,2018-01-09,300430,12.93949078408502,12.89348954716852,12.83434509970444
2018-01-10,2018-01-09,300457,17.00313888853164,16.93868423012175,16.94512969596273
2018-01-10,2018-01-09,300471,11.18690971087716,11.12713993503988,11.17694808157095
2018-01-10,2018-01-09,300507,6.216665316392,6.486348628546626,6.597941723231299
2018-01-10,2018-01-09,300555,12.25656757898783,12.25656757898783,12.16717608124805
2018-01-10,2018-01-09,600057,4.224299401029529,4.219077770125907,4.219077770125907
2018-01-10,2018-01-09,600076,7.135878091062674,7.087268567281592,7.058102853012944
2018-01-10,2018-01-09,600110,9.348118479773014,9.309167986107292,9.22152937535942
2018-01-10,2018-01-09,600148,23.88561503132744,23.83749735398795,23.67389725103365
2018-01-10,2018-01-09,600191,8.264993746697986,8.175373332577164,8.095710742247546
2018-01-10,2018-01-09,600386,4.880999414961115,4.862405131475549,4.871702273218332
2018-01-10,2018-01-09,600420,12.55,12.55,12.52
2018-01-10,2018-01-09,600698,8.109999999999999,8.07,8.039999999999999
2018-01-10,2018-01-09,600801,7.540225474048508,7.545192684505721,7.525323842676871
2018-01-10,2018-01-09,600814,7.804724234385796,7.778504556106784,7.778504556106784
2018-01-10,2018-01-09,600988,6.091667953751343,6.032716328392458,6.042541599285606
2018-01-11,2018-01-10,000591,4.598535134802956,4.574118134087189,4.598535134802956
2018-01-11,2018-01-10,000799,25.70736181597225,25.48003068716483,25.38530938349507
2018-01-11,2018-01-10,000816,3.33,3.3,3.32
2018-01-11,2018-01-10,000963,29.71360590151129,29.38402691057598,29.67755819937774
2018-01-11,2018-01-10,002171,6.372058540965504,6.39928956037134,6.417443573308564
2018-01-11,2018-01-10,002307,7.579467429178372,7.411311619328072,7.423767605242909
2018-01-11,2018-01-10,002350,7.840546794570919,7.762840681641574,7.739528847762771
2018-01-11,2018-01-10,002351,5.483186659204274,5.431151673114554,5.379116687024834
2018-01-11,2018-01-10,002366,,,
2018-01-11,2018-01-10,002370,14.25079146593255,14.25079146593255,14.24082587749484
2018-01-11,2018-01-10,002386,6.681728146771281,6.645374892436291,6.667186845037285
2018-01-11,2018-01-10,002456,19.91130014976635,19.78187669879287,19.77192104871799
2018-01-11,2018-01-10,002517,,,
2018-01-11,2018-01-10,002545,,,
2018-01-11,2018-01-10,002759,16.82612667010898,16.47538487473206,16.43746684279942
2018-01-11,2018-01-10,002763,10.00244084095905,9.951071005385522,9.973086649202747
2018-01-11,2018-01-10,002777,13.61856117227705,13.60256755962611,13.43463462679122
2018-01-11,2018-01-10,002783,10.47214092962247,10.35142460766717,10.35142460766717
2018-01-11,2018-01-10,300035,7.072226201513105,7.043359972119175,7.072226201513105
2018-01-11,2018-01-10,300115,16.29834725583749,16.13536378327912,16.08646874151161
2018-01-11,2018-01-10,300196,13.41049014280553,13.4786625690943,13.42022906084678
2018-01-11,2018-01-10,300260,,,
2018-01-11,2018-01-10,300355,12.26200578248715,12.13746978625876,12.29074485853985
2018-01-11,2018-01-10,300430,12.71605620477629,12.62405373094328,12.78177225751415
2018-01-11,2018-01-10,300457,16.64219280143621,16.50039255293443,16.53261988213938
2018-01-11,2018-01-10,300471,11.16698645226473,11.00760038336533,10.99763875405911
2018-01-11,2018-01-10,300507,6.609566003927619,6.386379814558273,6.472399491711042
2018-01-11,2018-01-10,300555,12.01819025168175,12.00825786304399,12.05791980623276
2018-01-11,2018-01-10,600057,4.192969615607802,4.172083091993317,4.161639830186075
2018-01-11,2018-01-10,600076,7.048380948256728,6.999771424475647,7.01921523398808
2018-01-11,2018-01-10,600110,9.22152937535942,9.104677894362258,9.094940270945827
2018-01-11,2018-01-10,600148,23.22159108404235,23.20234401310655,23.19272047763866
2018-01-11,2018-01-10,600191,8.055879447082736,7.956301209170712,8.105668566038748
2018-01-11,2018-01-10,600386,4.825216564504417,4.788027997533285,4.825216564504417
2018-01-11,2018-01-10,600420,12.31,12.32,12.39
2018-01-11,2018-01-10,600698,7.83,7.71,7.73
2018-01-11,2018-01-10,600801,7.391209160332135,7.137881427014299,7.053438849241687
2018-01-11,2018-01-10,600814,7.594966808153703,7.577487022634362,7.638666271952056
2018-01-11,2018-01-10,600988,5.963939432140427,6.052366870178753,6.091667953751343
2018-01-12,2018-01-11,000591,4.639230135995903,4.639230135995903,4.622952135518724
2018-01-12,2018-01-11,000799,25.35689299239415,25.19586677615556,25.28111594945834
2018-01-12,2018-01-11,000816,3.35,3.34,3.36
2018-01-12,2018-01-11,000963,29.40462559750944,29.14199233910787,29.14714201084123
2018-01-12,2018-01-11,002171,6.408366566839952,6.54452166386913,6.526367650931906
2018-01-12,2018-01-11,002307,7.442451584115164,7.467363555944839,7.479819541859675
2018-01-12,2018-01-11,002350,7.82500557198505,7.887170462328526,7.98041779784374
2018-01-12,2018-01-11,002351,5.52871727203278,5.47668228594306,5.483186659204274
2018-01-12,2018-01-11,002366,,,
2018-01-12,2018-01-11,002370,14.22089470061941,14.09134205092911,14.17106675843083
2018-01-12,2018-01-11,002386,6.696269448505278,6.659916194170287,6.681728146771281
2018-01-12,2018-01-11,002456,19.92125579984124,19.91130014976635,19.84161059924217
2018-01-12,2018-01-11,002517,,,
2018-01-12,2018-01-11,002545,,,
2018-01-12,2018-01-11,002759,16.62705700246262,16.55122093859734,16.7028930663279
2018-01-12,2018-01-11,002763,10.00977938889812,10.03913358065442,10.03913358065442
2018-01-12,2018-01-11,002777,13.65054839757893,13.54259151218507,13.54658991534781
2018-01-12,2018-01-11,002783,10.50835582620906,10.50232001011129,10.42385440084035
2018-01-12,2018-01-11,300035,7.1588248896949,7.206935272018118,7.206935272018118
2018-01-12,2018-01-11,300115,16.53467329104713,16.59986668007049,16.63246337458216
2018-01-12,2018-01-11,300196,13.28388420826924,13.28388420826924,13.50787932321806
2018-01-12,2018-01-11,300260,,,
2018-01-12,2018-01-11,300355,12.29074485853985,12.28116516652228,12.24284639845201
2018-01-12,2018-01-11,300430,12.84748831025201,12.80148707333551,12.75548583641901
2018-01-12,2018-01-11,300457,16.64219280143621,16.5197289504574,16.52617441629839
2018-01-12,2018-01-11,300471,11.10721667642746,11.12713993503988,11.07733178850882
2018-01-12,2018-01-11,300507,6.572368305699396,6.544470032028227,6.797879351208005
2018-01-12,2018-01-11,300555,12.14731130397255,12.21683802443682,12.28636474490109
2018-01-12,2018-01-11,600057,4.198191246511422,4.224299401029529,4.192969615607802
2018-01-12,2018-01-11,600076,7.106712376794024,7.058102853012944,7.087268567281592
2018-01-12,2018-01-11,600110,9.075465024112967,9.133890764611548,9.046252153863676
2018-01-12,2018-01-11,600148,23.25046169044605,23.26008522591395,23.18309694217075
2018-01-12,2018-01-11,600191,8.294867218071593,8.185331156368367,8.15545768499476
2018-01-12,2018-01-11,600386,4.908890840189464,4.89959369844668,4.918187981932247
2018-01-12,2018-01-11,600420,12.33,12.21,12.25
2018-01-12,2018-01-11,600698,7.77,7.79,7.76
2018-01-12,2018-01-11,600801,7.018668376041201,7.083242111984962,7.093176532899387
2018-01-12,2018-01-11,600814,7.664885950231067,7.621186486432715,7.69984552126975
2018-01-12,2018-01-11,600988,6.052366870178753,6.013065786606164,6.042541599285606
2018-01-15,2018-01-12,000591,4.598535134802956,4.590396134564367,4.54970113337142
2018-01-15,2018-01-12,000799,25.3758372531281,25.53686346936669,25.60316838193552
2018-01-15,2018-01-12,000816,3.35,3.34,3.29
2018-01-15,2018-01-12,000963,29.45612231484308,29.36342822364253,29.23983610204179
2018-01-15,2018-01-12,002171,6.462828605651623,6.417443573308564,6.308519495685222
2018-01-15,2018-01-12,002307,7.380171654540979,7.386399647498397,7.37394366158356
2018-01-15,2018-01-12,002350,7.832776183277985,8.096976967237758,8.104747578530691
2018-01-15,2018-01-12,002351,5.398629806808479,5.340090447457545,5.294559834629039
2018-01-15,2018-01-12,002366,,,
2018-01-15,2018-01-12,002370,14.18103234686855,14.13120440467997,14.07141087405368
2018-01-15,2018-01-12,002386,6.52904447856432,6.398172762958355,6.310924952554377
2018-01-15,2018-01-12,002456,19.51307414677103,19.54294109699567,19.27413854497383
2018-01-15,2018-01-12,002517,,,
2018-01-15,2018-01-12,002545,,,
2018-01-15,2018-01-12,002759,16.50382339868154,16.55122093859734,16.03932750750671
2018-01-15,2018-01-12,002763,10.0171179368372,10.02445648477627,9.914378265690148
2018-01-15,2018-01-12,002777,13.37066017618745,13.41864101414028,13.26270329079359
2018-01-15,2018-01-12,002783,10.41781858474258,10.32728134327611,10.17035012473421
2018-01-15,2018-01-12,300035,7.101092430907037,7.043359972119175,6.918272978078807
2018-01-15,2018-01-12,300115,16.347242297605,16.35539147123292,16.17610965141871
2018-01-15,2018-01-12,300196,13.28388420826924,13.23518961806297,13.15727827373295
2018-01-15,2018-01-12,300260,,,
2018-01-15,2018-01-12,300355,12.05125255810065,12.00335409801281,11.85007902573172
2018-01-15,2018-01-12,300430,12.73577102059765,12.73577102059765,12.663483362586
2018-01-15,2018-01-12,300457,16.12011006831602,15.9396370247683,15.57869093767285
2018-01-15,2018-01-12,300471,10.99763875405911,10.9079840903032,10.6788666162603
2018-01-15,2018-01-12,300507,6.663037695130693,6.586317442534979,6.521221470635587
2018-01-15,2018-01-12,300555,12.06785219487052,12.01819025168175,11.7301509811869
2018-01-15,2018-01-12,600057,4.192969615607802,4.198191246511422,4.177304722896938
2018-01-15,2018-01-12,600076,7.048380948256728,7.028937138744296,6.951161900694567
2018-01-15,2018-01-12,600110,9.085202647529398,8.997564036781526,8.841762062118642
2018-01-15,2018-01-12,600148,23.16384987123496,23.14460280029915,22.54794360128936
2018-01-15,2018-01-12,600191,8.085752918456341,8.035963799500331,7.876638618841093
2018-01-15,2018-01-12,600386,4.890296556703897,4.89959369844668,4.871702273218332
2018-01-15,2018-01-12,600420,12.16,12.2,12.11
2018-01-15,2018-01-12,600698,7.62,7.49,7.34
2018-01-15,2018-01-12,600801,7.013701165583988,6.954094640097439,6.924291377354163
2018-01-15,2018-01-12,600814,7.647406164711726,7.638666271952056,7.568747129874692
2018-01-15,2018-01-12,600988,6.229221746255405,6.347124996973172,6.268522829827994
2018-01-16,2018-01-15,000591,4.484589131462706,4.484589131462706,4.476450131224117
2018-01-16,2018-01-15,000816,3.22,3,3.05
2018-01-16,2018-01-15,000877,9.370222824776656,9.361967121847337,9.41150133942325
2018-01-16,2018-01-15,002131,2.708922759265753,2.72869591809251,2.738582497505889
2018-01-16,2018-01-15,002149,8.766458815720101,8.7858322053681,8.8245789846641
2018-01-16,2018-01-15,002171,6.254057456873551,6.263134463342163,6.272211469810775
2018-01-16,2018-01-15,002217,9.223765762171986,9.125640594489306,9.096203044184501
2018-01-16,2018-01-15,002350,7.98041779784374,7.607428455782883,7.638510900954622
2018-01-16,2018-01-15,002366,,,
2018-01-16,2018-01-15,002438,7.106237759891604,7.048852259811726,7.087109259864978
2018-01-16,2018-01-15,002456,18.91573514227803,18.68675519055572,18.55733173958224
2018-01-16,2018-01-15,002517,,,
2018-01-16,2018-01-15,002545,,,
2018-01-16,2018-01-15,002649,10.58648669278085,10.8154789174167,10.85951588369283
2018-01-16,2018-01-15,002763,9.730914567213276,9.745591663091425,9.701560375456976
2018-01-16,2018-01-15,002777,12.71492205749883,12.87485818400825,12.75490608912619
2018-01-16,2018-01-15,300115,15.80939683816237,15.57307080295272,15.56492162932481
2018-01-16,2018-01-15,300128,7.939867513648672,7.932188724950753,7.909152358856995
2018-01-16,2018-01-15,300196,13.0014555850729,13.3325787984755,13.56631283146558
2018-01-16,2018-01-15,300210,5.74358194811044,5.763524940985824,5.783467933861207
2018-01-16,2018-01-15,300230,5.595506889512998,5.581958446681247,5.604539184734165
2018-01-16,2018-01-15,300260,,,
2018-01-16,2018-01-15,300275,8.302164032275069,8.314490927645931,8.351471613758514
2018-01-16,2018-01-15,300279,12.40535087502142,12.43521929606883,12.39539473467229
2018-01-16,2018-01-15,300355,11.466891345029,11.53394918915197,11.56268826520468
2018-01-16,2018-01-15,300382,7.024032032385588,7.014228777629991,7.028933659763387
2018-01-16,2018-01-15,300422,15.01919808144048,15.10708675681952,15.15591379869676
2018-01-16,2018-01-15,300430,12.35461791471805,12.16404136177825,12.34804630944426
2018-01-16,2018-01-15,300457,16.08788273911107,16.24257391929482,16.36503777027363
2018-01-16,2018-01-15,300471,10.45971077152361,10.39994099568633,10.46967240082983
2018-01-16,2018-01-15,600137,21.09722428991949,21.21709488247586,21.13410754916761
2018-01-16,2018-01-15,600172,7.77,7.9,7.8
2018-01-17,2018-01-16,000591,4.476450131224117,4.533423132894242,4.517145132417063
2018-01-17,2018-01-16,000816,3,2.97,2.93
2018-01-17,2018-01-16,000877,9.593126803868259,9.510569774575073,9.370222824776656
2018-01-17,2018-01-16,002131,2.827561712226297,2.738582497505889,2.748469076919267
2018-01-17,2018-01-16,002149,8.853639069136102,8.756772120896098,8.708338646776099
2018-01-17,2018-01-16,002171,6.326673508622445,6.308519495685222,6.254057456873551
2018-01-17,2018-01-16,002217,8.811640057904727,8.742952440526851,8.458389454247076
2018-01-17,2018-01-16,002350,7.646281512247556,7.537492954146472,7.452016229924193
2018-01-17,2018-01-16,002366,,,
2018-01-17,2018-01-16,002438,7.259265760104613,,
2018-01-17,2018-01-16,002456,18.1690613866618,17.95999273508925,17.49207718156974
2018-01-17,2018-01-16,002517,,,
2018-01-17,2018-01-16,002545,,,
2018-01-17,2018-01-16,002649,10.69217541184355,10.33987968163454,10.19896138955093
2018-01-17,2018-01-16,002763,9.789622950725875,9.767607306908651,9.7822844027868
2018-01-17,2018-01-16,002777,12.61496197843045,12.57497794680309,12.59496996261677
2018-01-17,2018-01-16,300115,14.70925839839334,14.45663401592786,14.46478318955577
2018-01-17,2018-01-16,300128,7.847722049273639,7.909152358856995,7.8323644718778
2018-01-17,2018-01-16,300196,13.38127338868177,13.41049014280553,13.313100962393
2018-01-17,2018-01-16,300210,5.773496437423515,5.703695962359673,5.703695962359673
2018-01-17,2018-01-16,300230,5.600023037123581,5.577442299070663,5.478087051637826
2018-01-17,2018-01-16,300260,,,
2018-01-17,2018-01-16,300275,8.450086776725405,8.474740567467126,8.468577119781695
2018-01-17,2018-01-16,300279,12.24605262943527,12.12657894524566,12.09671052419826
2018-01-17,2018-01-16,300355,11.54352888116954,11.45731165301143,11.33277565678304
2018-01-17,2018-01-16,300382,7.053441796652381,7.063245051407979,7.053441796652381
2018-01-17,2018-01-16,300422,14.93130940606143,15.36098737458119,15.21450624894945
2018-01-17,2018-01-16,300430,12.15089815123067,12.2823302567064,12.05889567739767
2018-01-17,2018-01-16,300457,16.133000999998,15.9331915589273,15.46911801837602
2018-01-17,2018-01-16,300471,10.49955728874846,10.3700561077677,10.40990262499255
2018-01-17,2018-01-16,600137,21.31852384540816,21.14332836397963,20.90358717886691
2018-01-17,2018-01-16,600172,7.72,7.69,7.6
2018-01-18,2018-01-17,000591,4.606674135041546,4.574118134087189,4.565979133848599
2018-01-18,2018-01-17,000816,2.97,2.96,2.95
2018-01-18,2018-01-17,000877,9.551848289221667,9.494058368716436,9.52708118043371
2018-01-18,2018-01-17,002131,2.738582497505889,2.738582497505889,2.738582497505889
2018-01-18,2018-01-17,002149,8.7858322053681,8.7858322053681,8.766458815720101
2018-01-18,2018-01-17,002171,6.244980450404939,6.217749430999103,6.235903443936327
2018-01-18,2018-01-17,002217,9.037327943574894,9.037327943574894,9.086390527416233
2018-01-18,2018-01-17,002350,7.382080728287783,7.335457060530175,7.374310116994849
2018-01-18,2018-01-17,002366,,,
2018-01-18,2018-01-17,002438,,,
2018-01-18,2018-01-17,002456,18.74648909100502,18.8759125419785,19.06506989340128
2018-01-18,2018-01-17,002517,,,
2018-01-18,2018-01-17,002545,,,
2018-01-18,2018-01-17,002649,10.19015399629571,10.14611703001958,10.12850224350913
2018-01-18,2018-01-17,002763,9.833654238360324,9.833654238360324,9.840992786299399
2018-01-18,2018-01-17,002777,12.75890449228892,12.79489012075354,12.75490608912619
2018-01-18,2018-01-17,300115,15.89088857444156,15.91533609532531,15.71975592825526
2018-01-18,2018-01-17,300128,7.924509936252833,7.985940245836189,7.978261457138269
2018-01-18,2018-01-17,300196,12.95276099486663,13.06962801136167,12.98197774899039
2018-01-18,2018-01-17,300210,5.733610451672748,5.733610451672748,5.713667458797365
2018-01-18,2018-01-17,300230,5.423893280310823,5.441957870753158,5.423893280310823
2018-01-18,2018-01-17,300260,,,
2018-01-18,2018-01-17,300275,8.548701939692293,8.721278474884352,8.850710876278395
2018-01-18,2018-01-17,300279,12.10666666454739,12.09671052419826,11.98719298035778
2018-01-18,2018-01-17,300355,11.63932580134522,11.58184764923981,11.54352888116954
2018-01-18,2018-01-17,300382,7.156375971586154,7.131867834697161,7.126966207319361
2018-01-18,2018-01-17,300422,15.23403706570035,15.05825971494227,15.14614839032131
2018-01-18,2018-01-17,300430,12.56490928347921,12.57148088875299,12.52547965183649
2018-01-18,2018-01-17,300457,15.83006410547146,15.98475528565523,15.92030062724533
2018-01-18,2018-01-17,300471,10.58921195250438,10.50951891805468,10.55932706458574
2018-01-18,2018-01-17,600137,21.72423969713738,21.48449851202466,21.45683606758857
2018-01-18,2018-01-17,600172,7.67,7.7,7.67
2018-01-19,2018-01-18,000591,4.55784013361001,4.574118134087189,4.598535134802956
2018-01-19,2018-01-18,000816,2.96,2.95,2.95
2018-01-19,2018-01-18,000877,9.840797891747819,9.824286485889182,9.725218050737357
2018-01-19,2018-01-18,002131,2.708922759265753,2.72869591809251,2.72869591809251
2018-01-19,2018-01-18,002149,9.376720589632107,9.241106862096105,9.153926608680104
2018-01-19,2018-01-18,002171,6.190518411593269,6.208672424530492,6.217749430999103
2018-01-19,2018-01-18,002217,8.94901529266048,8.958827809428749,8.870515158514335
2018-01-19,2018-01-18,002350,7.405392562166586,7.397621950873652,7.34322767182311
2018-01-19,2018-01-18,002366,,,
2018-01-19,2018-01-18,002438,,,
2018-01-19,2018-01-18,002456,19.174582044225,18.88586819205338,18.6369769401813
2018-01-19,2018-01-18,002517,,,
2018-01-19,2018-01-18,002545,,,
2018-01-19,2018-01-18,002649,9.961161771659848,10.084465277233,9.978776558170299
2018-01-19,2018-01-18,002763,9.863008430116624,9.877685525994774,9.914378265690148
2018-01-19,2018-01-18,002777,12.51900030252479,12.55498593098941,12.52699710885026
2018-01-19,2018-01-18,300115,15.35304311499892,15.6056674974644,15.67086088648775
2018-01-19,2018-01-18,300128,7.863079626669478,7.870758415367398,7.870758415367398
2018-01-19,2018-01-18,300196,13.0014555850729,12.98197774899039,12.92354424074287
2018-01-19,2018-01-18,300210,5.763524940985824,5.773496437423515,5.753553444548131
2018-01-19,2018-01-18,300230,5.437441723142573,5.43292557553199,5.401312542257906
2018-01-19,2018-01-18,300260,,,
2018-01-19,2018-01-18,300275,8.782912951738659,8.752095713311505,8.721278474884352
2018-01-19,2018-01-18,300279,12.15644736629306,12.11662280489653,12.14649122594393
2018-01-19,2018-01-18,300355,11.54352888116954,11.56268826520468,11.50521011309927
2018-01-19,2018-01-18,300382,7.166179226341751,7.156375971586154,7.171080853719551
2018-01-19,2018-01-18,300422,15.02896348981592,14.88248236418419,14.88248236418419
2018-01-19,2018-01-18,300430,12.40719075690834,12.40719075690834,12.34804630944426
2018-01-19,2018-01-18,300457,16.133000999998,16.21034659008987,16.01698261486018
2018-01-19,2018-01-18,300471,10.50951891805468,10.46967240082983,10.49955728874846
2018-01-19,2018-01-18,600137,21.41995280834047,21.54904421570885,21.54904421570885
2018-01-19,2018-01-18,600172,7.67,7.69,7.71
2018-01-22,2018-01-19,000591,4.574118134087189,4.574118134087189,4.582257134325777
2018-01-22,2018-01-19,000816,2.96,2.95,2.9
2018-01-22,2018-01-19,000877,9.989400544475554,10.07195757376874,10.08846897962738
2018-01-22,2018-01-19,002131,2.708922759265753,2.689149600438996,2.65948986219886
2018-01-22,2018-01-19,002149,9.308913725864105,9.260480251744106,9.260480251744106
2018-01-22,2018-01-19,002171,6.235903443936327,6.172364398656044,6.136056372781597
2018-01-22,2018-01-19,002217,8.939202775892211,8.841077608209531,9.047140460343162
2018-01-22,2018-01-19,002350,7.335457060530175,7.304374615358438,7.312145226651372
2018-01-22,2018-01-19,002366,,,
2018-01-22,2018-01-19,002438,,,
2018-01-22,2018-01-19,002456,18.62702129010642,18.40799698845899,17.9301257848646
2018-01-22,2018-01-19,002517,,,
2018-01-22,2018-01-19,002545,,,
2018-01-22,2018-01-19,002649,9.969969164915074,9.758591726789666,9.78501390655534
2018-01-22,2018-01-19,002763,9.840992786299399,9.804300046604023,9.833654238360324
2018-01-22,2018-01-19,002777,12.53899231833847,12.44303064243282,12.2271168716451
2018-01-22,2018-01-19,300115,15.36119228862684,15.45898237216186,15.41008733039435
2018-01-22,2018-01-19,300128,7.648073543127735,7.648073543127735,7.625037177033976
2018-01-22,2018-01-19,300196,12.96249991290789,12.61189886342277,12.47555401084523
2018-01-22,2018-01-19,300210,5.74358194811044,5.753553444548131,5.703695962359673
2018-01-22,2018-01-19,300230,5.428409427921406,5.410344837479073,5.401312542257906
2018-01-22,2018-01-19,300260,,,
2018-01-22,2018-01-19,300275,8.727441922569783,8.758259160996936,8.659643998030045
2018-01-22,2018-01-19,300279,12.08675438384912,12.24605262943527,12.1962719276896
2018-01-22,2018-01-19,300355,11.56268826520468,11.63932580134522,11.69680395345063
2018-01-22,2018-01-19,300382,7.146572716830557,7.102458070430368,7.053441796652381
2018-01-22,2018-01-19,300422,14.97037103956323,15.03872889819137,15.12661757357041
2018-01-22,2018-01-19,300430,12.24290062506368,12.19689938814718,11.82888949281515
2018-01-22,2018-01-19,300457,16.11366460247503,15.98475528565523,15.90096422972236
2018-01-22,2018-01-19,300471,10.57925032319817,10.41986425429876,10.38001773707391
2018-01-22,2018-01-19,600137,21.4660568824006,21.21709488247586,21.16176999360368
2018-01-22,2018-01-19,600172,7.81,7.79,7.75
2018-01-23,2018-01-22,000049,20.83467708520939,21.22198108788687,21.27324191177066
2018-01-23,2018-01-22,000591,4.639230135995903,4.631091135757314,4.639230135995903
2018-01-23,2018-01-22,000799,25.51791920863274,25.413725774596,25.40425364422903
2018-01-23,2018-01-22,000802,13.32567729523192,13.31576972846966,13.26623189465839
2018-01-23,2018-01-22,002149,9.434840758576108,9.473587537872108,9.473587537872108
2018-01-23,2018-01-22,002171,6.372058540965504,6.326673508622445,6.353904528028281
2018-01-23,2018-01-22,002350,7.34322767182311,7.389851339580717,7.405392562166586
2018-01-23,2018-01-22,002366,,,
2018-01-23,2018-01-22,002370,13.97175498967653,13.97175498967653,13.98172057811425
2018-01-23,2018-01-22,002429,3.140655500313517,3.131308311324489,3.121961122335461
2018-01-23,2018-01-22,002438,,,
2018-01-23,2018-01-22,002446,9.186301477606705,9.17635959289068,9.226069016470802
2018-01-23,2018-01-22,002460,40.15318320795151,40.94286247770788,40.6283292092456
2018-01-23,2018-01-22,002517,,,
2018-01-23,2018-01-22,002545,,,
2018-01-23,2018-01-22,002599,7.162336449845502,7.767932377312113,7.657294659794174
2018-01-23,2018-01-22,002726,8.01485188307835,8.01485188307835,7.999954388871886
2018-01-23,2018-01-22,002742,21.8766125158332,21.96419681861011,22.47997104607416
2018-01-23,2018-01-22,002759,15.54639309238238,15.5179545684329,15.73598325204558
2018-01-23,2018-01-22,002763,9.943732457446448,9.943732457446448,9.907039717751072
2018-01-23,2018-01-22,002777,12.4750178677347,12.36306257917811,12.39504980447999
2018-01-23,2018-01-22,300196,12.56320427321651,12.50477076496899,12.53398751909275
2018-01-23,2018-01-22,300210,5.793439430298898,5.813382423174282,5.833325416049665
2018-01-23,2018-01-22,300230,5.500667789690743,5.50970008491191,5.518732380133078
2018-01-23,2018-01-22,300260,,,
2018-01-23,2018-01-22,300275,9.115739126751912,9.417748063338014,9.565670807788349
2018-01-23,2018-01-22,300377,11.93668913073492,11.9269766090663,12.02410182575251
2018-01-23,2018-01-22,300457,16.39726509947859,16.51328348461641,16.41015603116056
2018-01-23,2018-01-22,300471,10.58921195250438,10.58921195250438,10.57925032319817
2018-01-23,2018-01-22,600137,21.23553651209991,21.3000822157841,21.56748584533291
2018-01-23,2018-01-22,600339,4.974329793489354,4.956274149955818,4.938218506422281
2018-01-23,2018-01-22,600386,4.676462296619888,4.667165154877104,4.657868013134321
2018-01-23,2018-01-22,600420,11.52,11.32,11.22
2018-01-23,2018-01-22,600604,7.756482887824081,7.746564111752694,7.716807783538536
2018-01-23,2018-01-22,600988,5.973764703033575,5.934463619460986,5.973764703033575
2018-01-24,2018-01-23,000049,21.01693779235173,20.92011179168236,20.85176402650398
2018-01-24,2018-01-23,000591,4.622952135518724,4.533423132894242,4.509006132178474
2018-01-24,2018-01-23,000799,25.36636512276112,25.25269955835741,25.09167334211882
2018-01-24,2018-01-23,000802,13.16715622703585,13.07798812617556,13.02845029236429
2018-01-24,2018-01-23,002149,9.551081096464108,9.502647622344108,9.531707706816109
2018-01-24,2018-01-23,002171,6.335750515091058,6.29944248921661,6.290365482747998
2018-01-24,2018-01-23,002350,7.34322767182311,7.350998283116046,7.335457060530175
2018-01-24,2018-01-23,002366,,,
2018-01-24,2018-01-23,002370,14.05147969717825,13.93189263592567,13.89203028217481
2018-01-24,2018-01-23,002429,3.103266744357404,3.084572366379347,3.084572366379347
2018-01-24,2018-01-23,002438,,,
2018-01-24,2018-01-23,002446,9.166417708174656,9.17635959289068,9.156475823458631
2018-01-24,2018-01-23,002460,40.72871216726548,40.55471504003102,40.20002858836078
2018-01-24,2018-01-23,002517,,,
2018-01-24,2018-01-23,002545,,,
2018-01-24,2018-01-23,002599,7.249682016307031,6.95853012810193,6.993468354686542
2018-01-24,2018-01-23,002726,8.007403135975117,7.970159400458954,7.940364412046025
2018-01-24,2018-01-23,002742,22.33399720811263,22.0712442997819,22.03231794299216
2018-01-24,2018-01-23,002759,16.53226192263102,16.00140947557406,15.92557341170878
2018-01-24,2018-01-23,002763,9.914378265690148,9.892362621872923,9.892362621872923
2018-01-24,2018-01-23,002777,12.43503383610735,12.50300668987385,12.51500189936206
2018-01-24,2018-01-23,300196,12.00808594486508,11.97886919074132,11.9204356824938
2018-01-24,2018-01-23,300210,5.833325416049665,5.833325416049665,5.873211401800432
2018-01-24,2018-01-23,300230,5.50970008491191,5.527764675354245,5.491635494469576
2018-01-24,2018-01-23,300260,,,
2018-01-24,2018-01-23,300275,9.534853569361196,9.214354289718802,9.18970049897708
2018-01-24,2018-01-23,300377,11.85898895738596,11.93668913073492,11.96582669574078
2018-01-24,2018-01-23,300457,16.47461068957046,16.43593789452452,16.28769218018175
2018-01-24,2018-01-23,300471,10.63902009903545,10.20070840956208,10.15090026303101
2018-01-24,2018-01-23,600137,23.35632391886629,24.33373028894123,23.90957280758796
2018-01-24,2018-01-23,600339,5.073635832923806,5.064608011157038,5.055580189390269
2018-01-24,2018-01-23,600386,4.695056580105454,4.695056580105454,4.667165154877104
2018-01-24,2018-01-23,600420,11.19,11.15,11.13
2018-01-24,2018-01-23,600604,7.62753879889606,7.607701246753287,7.577944918539127
2018-01-24,2018-01-23,600988,6.0621921410719,6.032716328392458,6.042541599285606
2018-01-25,2018-01-24,000049,21.15932896980669,21.26185061757426,21.40424179502922
2018-01-25,2018-01-24,000591,4.582257134325777,4.533423132894242,4.541562133132832
2018-01-25,2018-01-24,000799,24.95906351698116,24.94011925624721,24.90223073477931
2018-01-25,2018-01-24,000802,13.61299673133729,13.59318159781278,13.72197996572209
2018-01-25,2018-01-24,002149,9.473587537872108,9.454214148224107,9.541394401640108
2018-01-25,2018-01-24,002171,6.353904528028281,6.417443573308564,6.453751599183011
2018-01-25,2018-01-24,002350,7.420933784752456,7.382080728287783,7.389851339580717
2018-01-25,2018-01-24,002366,,,
2018-01-25,2018-01-24,002370,13.96178940123882,13.91196145905024,13.94185822436338
2018-01-25,2018-01-24,002429,3.140655500313517,3.121961122335461,3.121961122335461
2018-01-25,2018-01-24,002438,,,
2018-01-25,2018-01-24,002446,9.285720324766949,9.236010901186827,9.255894670618877
2018-01-25,2018-01-24,002460,40.48779306801777,40.74209656166813,40.35394912399126
2018-01-25,2018-01-24,002517,,,
2018-01-25,2018-01-24,002545,,,
2018-01-25,2018-01-24,002599,7.016760505742951,6.987645316922441,7.010937467978848
2018-01-25,2018-01-24,002726,7.98505689466542,7.962710653355722,7.940364412046025
2018-01-25,2018-01-24,002742,22.1296338349665,21.89607569422807,21.89607569422807
2018-01-25,2018-01-24,002759,15.8497373478435,15.5653521083487,15.62222915624766
2018-01-25,2018-01-24,002763,9.965748101263673,9.943732457446448,9.907039717751072
2018-01-25,2018-01-24,002777,12.92683742512381,12.91084381247287,12.82687734605542
2018-01-25,2018-01-24,300196,12.01782486290633,11.9204356824938,11.96913027270007
2018-01-25,2018-01-24,300210,5.992869359052733,6.022783848365808,6.072641330554267
2018-01-25,2018-01-24,300230,5.590990741902414,5.604539184734165,5.72647517021992
2018-01-25,2018-01-24,300260,,,
2018-01-25,2018-01-24,300275,9.356113586483708,9.18970049897708,9.269825318887678
2018-01-25,2018-01-24,300377,12.33490251914837,12.24748982413078,12.91765381926562
2018-01-25,2018-01-24,300457,16.59062907470829,16.51328348461641,16.59707454054928
2018-01-25,2018-01-24,300471,10.31028633193042,10.33020959054284,10.42982588360498
2018-01-25,2018-01-24,600137,23.32866147443021,22.76619177089652,22.7293085116484
2018-01-25,2018-01-24,600339,5.037524545856733,5.064608011157038,5.100719298224111
2018-01-25,2018-01-24,600386,4.760136572304935,4.843810847989983,4.983267974131729
2018-01-25,2018-01-24,600420,11.1,11.11,11.13
2018-01-25,2018-01-24,600604,7.48867593389665,7.508513486039424,7.468838381753879
2018-01-25,2018-01-24,600988,6.013065786606164,6.140794308217079,6.111318495537637
2018-01-26,2018-01-25,000049,21.1251550872175,20.91441614458417,20.97137261556615
2018-01-26,2018-01-25,000591,4.533423132894242,4.565979133848599,4.509006132178474
2018-01-26,2018-01-25,000799,24.56123404156818,24.42862421643052,24.63701108450399
2018-01-26,2018-01-25,000802,13.65262699838631,13.69225726543532,13.75170266600885
2018-01-26,2018-01-25,002149,9.463900843048108,9.599514570584109,9.60920126540811
2018-01-26,2018-01-25,002171,6.553598670337741,6.571752683274966,6.608060709149412
2018-01-26,2018-01-25,002350,7.389851339580717,7.389851339580717,7.42870439604539
2018-01-26,2018-01-25,002366,,,
2018-01-26,2018-01-25,002370,13.93189263592567,13.93189263592567,13.93189263592567
2018-01-26,2018-01-25,002429,3.131308311324489,3.159349878291574,3.159349878291574
2018-01-26,2018-01-25,002438,,,
2018-01-26,2018-01-25,002446,9.216127131754778,9.226069016470802,9.245952785902853
2018-01-26,2018-01-25,002460,39.68472940385873,39.20289120536331,39.28319757177923
2018-01-26,2018-01-25,002517,,,
2018-01-26,2018-01-25,002545,,,
2018-01-26,2018-01-25,002599,6.964353165866033,6.952707090337828,6.946884052573726
2018-01-26,2018-01-25,002726,7.970159400458954,7.955261906252489,7.955261906252489
2018-01-26,2018-01-25,002742,22.3534603865075,22.33399720811263,22.26587608373059
2018-01-26,2018-01-25,002759,15.69806522011294,15.71702423607926,15.68858571212978
2018-01-26,2018-01-25,002763,9.943732457446448,9.892362621872923,9.929055361568297
2018-01-26,2018-01-25,002777,12.86286297452004,12.83087574921816,12.98681347256484
2018-01-26,2018-01-25,300196,11.96913027270007,11.9009578464113,11.86200217424629
2018-01-26,2018-01-25,300210,6.112527316305034,6.082612826991959,6.022783848365808
2018-01-26,2018-01-25,300230,5.694862136945835,5.735507465441087,5.740023613051671
2018-01-26,2018-01-25,300260,,,
2018-01-26,2018-01-25,300275,9.029450859155885,9.060268097583037,9.097248783695621
2018-01-26,2018-01-25,300377,12.76225347256769,12.71369086422458,12.7234033858932
2018-01-26,2018-01-25,300457,16.54551081382136,16.40371056531957,16.34570137275066
2018-01-26,2018-01-25,300471,10.33020959054284,10.38997936638012,10.41986425429876
2018-01-26,2018-01-25,600137,22.5633338450319,22.27748858585904,22.41580080803946
2018-01-26,2018-01-25,600339,5.055580189390269,5.001413258789659,4.974329793489354
2018-01-26,2018-01-25,600386,5.234290801186872,5.215696517701306,5.113427958530692
2018-01-26,2018-01-25,600420,11.27,11.21,11.21
2018-01-26,2018-01-25,600604,7.558107366396355,7.498594709968037,7.498594709968037
2018-01-26,2018-01-25,600988,6.199745933575962,6.081842682858196,6.042541599285606
2018-01-29,2018-01-26,000049,20.94859002717336,20.90302485038777,20.75493802583461
2018-01-29,2018-01-26,000591,4.533423132894242,4.533423132894242,4.525284132655653
2018-01-29,2018-01-26,000799,24.59912256303608,24.5138733897333,24.26759800019193
2018-01-29,2018-01-26,000802,13.72197996572209,13.6328118648618,13.65262699838631
2018-01-29,2018-01-26,002149,9.367033894808106,9.396093979280106,9.560767791288109
2018-01-29,2018-01-26,002171,6.78960083852165,6.762369819115814,6.762369819115814
2018-01-29,2018-01-26,002350,7.405392562166586,7.420933784752456,7.420933784752456
2018-01-29,2018-01-26,002366,,,
2018-01-29,2018-01-26,002370,13.93189263592567,13.92192704748796,13.90199587061252
2018-01-29,2018-01-26,002429,3.140655500313517,3.140655500313517,3.150002689302546
2018-01-29,2018-01-26,002438,,,
2018-01-29,2018-01-26,002446,9.126650169310556,9.116708284594532,9.136592054026581
2018-01-29,2018-01-26,002460,38.14552404755393,37.67707024346116,37.4763043274214
2018-01-29,2018-01-26,002517,,,
2018-01-29,2018-01-26,002545,,,
2018-01-29,2018-01-26,002599,6.935237977045523,6.935237977045523,6.906122788225011
2018-01-29,2018-01-26,002726,7.962710653355722,7.918018170736326,7.925466917839559
2018-01-29,2018-01-26,002742,22.37292356490237,22.31453402971776,22.29507085132289
2018-01-29,2018-01-26,002759,15.34732342473602,15.35680293271918,15.25252834490442
2018-01-29,2018-01-26,002763,10.12719615592332,10.09050341622794,10.17856599149684
2018-01-29,2018-01-26,002777,12.75490608912619,12.67493802587148,12.67493802587148
2018-01-29,2018-01-26,300196,11.85226325620503,11.86200217424629,11.95939135465881
2018-01-29,2018-01-26,300210,5.962954869739659,5.883182898238124,5.883182898238124
2018-01-29,2018-01-26,300230,5.690345989335252,5.71292672738817,5.749055908272838
2018-01-29,2018-01-26,300260,,7.136582010150319,7.065868926208281
2018-01-29,2018-01-26,300275,9.09108533601019,9.060268097583037,9.128066022122775
2018-01-29,2018-01-26,300377,12.75254095089907,12.83995364591665,12.87880373259113
2018-01-29,2018-01-26,300457,16.27480124849977,16.34570137275066,16.37148323611462
2018-01-29,2018-01-26,300471,10.13097700441858,10.17082352164344,10.18078515094965
2018-01-29,2018-01-26,600137,22.05618903037038,21.95476006743807,21.83488947488171
2018-01-29,2018-01-26,600339,4.929190684655513,4.875023754054903,4.911135041121976
2018-01-29,2018-01-26,600386,5.122725100273475,5.029753682845644,5.057645108073994
2018-01-29,2018-01-26,600420,11.36,11.28,11.31
2018-01-29,2018-01-26,600604,7.449000829611106,7.439082053539719,7.439082053539719
2018-01-29,2018-01-26,600988,6.0621921410719,6.022891057499311,6.022891057499311
2018-01-30,2018-01-29,000049,20.37902531735353,20.4644600238265,20.49293825931749
2018-01-30,2018-01-29,000856,21.49590361290667,21.32672289002731,21.30681927557092
2018-01-30,2018-01-29,000877,9.403245636493931,9.353711418918019,9.312432904271425
2018-01-30,2018-01-29,000965,5.388302592137914,5.405911424138365,5.423520256138816
2018-01-30,2018-01-29,002045,16.42355305361147,16.45350482209831,16.3137299024931
2018-01-30,2018-01-29,002158,10.89191434738671,10.96162259920998,10.92676847329835
2018-01-30,2018-01-29,002171,6.671599754429695,6.716984786772755,6.698830773835531
2018-01-30,2018-01-29,002305,4.54,4.51,4.52
2018-01-30,2018-01-29,002366,,,
2018-01-30,2018-01-29,002370,13.85216792842395,13.7525120440468,13.7525120440468
2018-01-30,2018-01-29,002438,,,
2018-01-30,2018-01-29,002456,17.92017013478971,17.810657983966,17.64141193269299
2018-01-30,2018-01-29,002517,,,
2018-01-30,2018-01-29,002542,7.692040130681417,7.751438123968533,7.751438123968533
2018-01-30,2018-01-29,002545,,,
2018-01-30,2018-01-29,002726,7.932915664942792,7.888223182323395,7.865876941013698
2018-01-30,2018-01-29,002742,22.1296338349665,22.1004390673742,21.94473364021524
2018-01-30,2018-01-29,002759,14.44677016633582,14.40885213440318,14.56052426213374
2018-01-30,2018-01-29,002763,10.93443642922155,10.61154031990226,10.64089451165856
2018-01-30,2018-01-29,002777,12.50700509303659,12.51900030252479,12.63495399424412
2018-01-30,2018-01-29,300196,11.76461299383375,11.78409082991626,11.76461299383375
2018-01-30,2018-01-29,300275,9.165046708235357,9.134229469808204,9.128066022122775
2018-01-30,2018-01-29,300422,15.03872889819137,15.12661757357041,15.21450624894945
2018-01-30,2018-01-29,300457,16.48750162125245,16.42304696284254,16.48105615541145
2018-01-30,2018-01-29,300521,15.20240179505615,15.19249149401635,15.14293998881734
2018-01-30,2018-01-29,600339,4.893079397588439,4.875023754054903,4.847940288754597
2018-01-30,2018-01-29,600386,4.936782265417813,4.92748512367503,4.92748512367503
2018-01-30,2018-01-29,600420,11,11,11.08
2018-01-30,2018-01-29,600563,40.17277014067401,40.09258497073254,40.16386067734717
2018-01-30,2018-01-29,600722,7.59,7.6,7.58
2018-01-30,2018-01-29,600874,10.68521929742221,10.72660279586304,10.68521929742221
2018-01-30,2018-01-29,600988,6.013065786606164,5.954114161247279,5.924638348567838
2018-01-30,2018-01-29,601588,4.700701537320642,4.665157480327669,4.674043494575912
2018-01-31,2018-01-30,000049,20.54419908320127,20.32206884637154,19.91767790239946
2018-01-31,2018-01-30,000856,21.04807228763778,20.64004819128168,19.87375903471047
2018-01-31,2018-01-30,000877,9.114296033967777,8.817090728512307,8.907903460734811
2018-01-31,2018-01-30,000965,5.432324672139041,5.414715840138591,5.370693760137463
2018-01-31,2018-01-30,002045,16.15398713723001,15.48506430769082,15.77459806973017
2018-01-31,2018-01-30,002158,10.91805494182044,10.7873519696518,10.68278959191688
2018-01-31,2018-01-30,002171,6.671599754429695,6.535444657400518,6.580829689743577
2018-01-31,2018-01-30,002305,4.45,4.47,4.43
2018-01-31,2018-01-30,002366,,,
2018-01-31,2018-01-30,002370,13.7525120440468,13.63292498279422,13.63292498279422
2018-01-31,2018-01-30,002438,,7.307087010171179,7.488807760424127
2018-01-31,2018-01-30,002456,17.50203283164462,17.99981533538878,18.13919443643714
2018-01-31,2018-01-30,002517,,,
2018-01-31,2018-01-30,002542,7.62274247184645,7.484147154176513,7.503946485272219
2018-01-31,2018-01-30,002545,,,
2018-01-31,2018-01-30,002726,7.932915664942792,7.925466917839559,7.910569423633093
2018-01-31,2018-01-30,002742,21.80849139145116,21.75010185626655,21.68198073188451
2018-01-31,2018-01-30,002759,14.21926197473998,13.06276200079446,12.79733577726599
2018-01-31,2018-01-30,002763,10.49412355287706,10.31799840233927,10.55283193638966
2018-01-31,2018-01-30,002777,12.45502585192103,12.40304661080546,12.4070450139682
2018-01-31,2018-01-30,300196,11.5893124690912,11.56009571496744,11.50166220671992
2018-01-31,2018-01-30,300275,8.9924701730433,8.912345353132702,8.844547428592964
2018-01-31,2018-01-30,300422,15.06802512331772,14.94107481443688,14.94107481443688
2018-01-31,2018-01-30,300457,16.62285640391324,16.43593789452452,16.39081963363759
2018-01-31,2018-01-30,300521,14.9447339680213,14.83572065658348,14.70688674306606
2018-01-31,2018-01-30,600339,4.82988464522106,4.802801179920756,4.757662071086914
2018-01-31,2018-01-30,600386,4.936782265417813,4.936782265417813,4.890296556703897
2018-01-31,2018-01-30,600420,11.21,11.08,11.11
2018-01-31,2018-01-30,600563,38.39978693863495,38.62252352180568,38.94326420157154
2018-01-31,2018-01-30,600722,7.46,7.42,7.2
2018-01-31,2018-01-30,600874,10.66038919835771,10.57762220147605,10.4451950064654
2018-01-31,2018-01-30,600988,5.865686723208953,5.836210910529513,5.80673509785007
2018-01-31,2018-01-30,601588,4.682929508824155,4.674043494575912,4.682929508824155
2018-02-01,2018-01-31,000049,19.62719990039135,19.75819978364991,19.69554766556973
2018-02-01,2018-01-31,000856,18.9482409624881,18.9780963841727,18.44069879385003
2018-02-01,2018-01-31,000877,8.907903460734811,8.932670569522768,8.973949084169361
2018-02-01,2018-01-31,000965,5.291454016135435,5.309062848135887,5.273845184134985
2018-02-01,2018-01-31,002045,14.53659163894122,14.53659163894122,14.36686495084919
2018-02-01,2018-01-31,002158,10.01184766811786,10.09898298289696,10.1338371088086
2018-02-01,2018-01-31,002171,6.381135547434117,6.39928956037134,6.308519495685222
2018-02-01,2018-01-31,002305,4.21,4.24,4.26
2018-02-01,2018-01-31,002366,,,
2018-02-01,2018-01-31,002370,13.4236476256022,13.36385409497591,13.31402615278733
2018-02-01,2018-01-31,002438,7.383601010277683,7.460115010384188,7.383601010277683
2018-02-01,2018-01-31,002456,17.77083538366647,17.67127888291764,17.92017013478971
2018-02-01,2018-01-31,002517,,,
2018-02-01,2018-01-31,002542,7.414849495341547,7.464347823080809,7.424749160889399
2018-02-01,2018-01-31,002545,,,
2018-02-01,2018-01-31,002726,8.081890607007445,8.297904273001192,8.312801767207658
2018-02-01,2018-01-31,002742,21.82795456984603,21.70144391027938,21.66251755348964
2018-02-01,2018-01-31,002759,12.79733577726599,12.48451201382171,12.19064726634375
2018-02-01,2018-01-31,002763,10.31799840233927,10.32533695027834,10.30332130646111
2018-02-01,2018-01-31,002777,12.19512964634322,12.39105140131726,12.00720469769465
2018-02-01,2018-01-31,300196,10.69333200929591,10.77124335362594,10.67385417321341
2018-02-01,2018-01-31,300275,8.450086776725405,8.524048148950572,8.542538492006862
2018-02-01,2018-01-31,300422,14.43327357891354,14.55045847941892,14.41374276216264
2018-02-01,2018-01-31,300457,16.57773814302631,16.48750162125245,16.53906534798037
2018-02-01,2018-01-31,300521,13.82486995052368,13.56720212348884,13.50774031725003
2018-02-01,2018-01-31,600339,4.640300388118925,4.649328209885694,4.531966526917706
2018-02-01,2018-01-31,600386,4.704353721848237,4.685759438362671,4.620679446163188
2018-02-01,2018-01-31,600420,11.12,11.1,11
2018-02-01,2018-01-31,600563,38.61361405847885,38.48888157190324,38.12359357550323
2018-02-01,2018-01-31,600722,7.15,7.18,7.21
2018-02-01,2018-01-31,600874,10.06446682080977,10.13068041831509,10.0810202201861
2018-02-01,2018-01-31,600988,5.737958201598039,5.708482388918596,5.679006576239155
2018-02-01,2018-01-31,601588,4.682929508824155,4.638499437582939,4.594069366341723
2018-02-02,2018-02-01,000049,18.85259189503638,18.24315765552916,18.62476601110845
2018-02-02,2018-02-01,000856,17.77392770956079,17.39575903488929,17.21662650478173
2018-02-02,2018-02-01,000877,8.544652531844791,8.404305582046375,8.420816987905013
2018-02-02,2018-02-01,000965,5.01851712012845,5.0361259521289,5.080148032130027
2018-02-02,2018-02-01,002045,13.59810289302056,13.03900321459975,13.10889067440235
2018-02-02,2018-02-01,002158,9.741728192302674,9.759155255258491,9.78529584969222
2018-02-02,2018-02-01,002171,5.745745094631289,5.600512991133499,5.645898023476558
2018-02-02,2018-02-01,002305,3.79,3.68,3.65
2018-02-02,2018-02-01,002366,,,
2018-02-02,2018-02-01,002370,13.08481761871989,,
2018-02-02,2018-02-01,002438,7.134930509931544,7.058416509825039,7.144494759944856
2018-02-02,2018-02-01,002456,17.92017013478971,18.06950488591296,18.55733173958224
2018-02-02,2018-02-01,002517,,,
2018-02-02,2018-02-01,002542,7.177257522193086,7.088160532262413,6.860468224661805
2018-02-02,2018-02-01,002545,,,
2018-02-02,2018-02-01,002726,8.119134342523608,8.089339354110678,8.037198124388048
2018-02-02,2018-02-01,002742,19.64807858962066,,
2018-02-02,2018-02-01,002759,11.59343826340467,11.48916367558991,11.60291777138783
2018-02-02,2018-02-01,002763,9.554789416675479,9.312617334686008,9.246570403234335
2018-02-02,2018-02-01,002777,10.9756166817089,10.95562466589522,10.87965500580325
2018-02-02,2018-02-01,300196,10.51803148455336,10.22586394331576,10.37194771393456
2018-02-02,2018-02-01,300275,8.000155095688967,7.938520618834661,8.012481991059829
2018-02-02,2018-02-01,300422,14.35515031190995,13.96453397689199,14.3258540867836
2018-02-02,2018-02-01,300457,16.37148323611462,15.85584596883543,16.16522832920294
2018-02-02,2018-02-01,300521,12.74464713718528,12.70500593302607,12.55635141742904
2018-02-02,2018-02-01,600339,4.206964943314046,4.206964943314046,4.161825834480204
2018-02-02,2018-02-01,600386,4.59278802093484,4.537005170478141,4.462628036535876
2018-02-02,2018-02-01,600420,10.39,10.35,10.34
2018-02-02,2018-02-01,600563,37.64248255585444,36.79608353980564,37.1791904628593
2018-02-02,2018-02-01,600722,6.45,6.34,6.23
2018-02-02,2018-02-01,600874,9.38577744638016,9.228520152305007,9.236796851993173
2018-02-02,2018-02-01,600988,5.295821011406408,5.246694656940672,5.285995740513261
2018-02-02,2018-02-01,601588,4.291944881901456,4.140882639681322,3.989820397461187
2018-02-05,2018-02-02,000049,19.09180907316071,18.72159201177782,18.94941789570575
2018-02-05,2018-02-02,000856,17.13701204695615,16.70908433614366,16.92802409516401
2018-02-05,2018-02-02,000877,8.841857837300264,8.742789402148439,8.874880649017538
2018-02-05,2018-02-02,000965,5.132974528131379,5.044930368129126,5.062539200129576
2018-02-05,2018-02-02,002045,14.12725080295455,13.89762057788886,13.84770096374414
2018-02-05,2018-02-02,002158,9.828863507081767,9.78529584969222,9.802722912648038
2018-02-05,2018-02-02,002171,5.800207133442959,5.682206049351006,5.691283055819617
2018-02-05,2018-02-02,002305,3.77,3.76,3.74
2018-02-05,2018-02-02,002366,,,
2018-02-05,2018-02-02,002370,,,
2018-02-05,2018-02-02,002438,7.058416509825039,6.981902509718535,6.838438759518839
2018-02-05,2018-02-02,002456,19.06506989340128,18.85600124182874,18.72657779085525
2018-02-05,2018-02-02,002517,,,
2018-02-05,2018-02-02,002542,6.949565214592477,6.810969896922542,6.939665549044625
2018-02-05,2018-02-02,002545,,,
2018-02-05,2018-02-02,002726,7.999954388871886,7.955261906252489,7.90312067652986
2018-02-05,2018-02-02,002742,,,
2018-02-05,2018-02-02,002759,11.72615137516891,11.49864318357307,11.55552023147203
2018-02-05,2018-02-02,002763,9.239231855295259,9.077783800635611,9.070445252696537
2018-02-05,2018-02-02,002777,11.22751608096123,10.81967895836221,10.95562466589522
2018-02-05,2018-02-02,300196,10.07978017269697,10.02134666444945,10.10899692682073
2018-02-05,2018-02-02,300275,8.086443363284996,8.332981270702222,8.40694264292739
2018-02-05,2018-02-02,300422,13.64227550050217,13.47626355811954,13.45673274136864
2018-02-05,2018-02-02,300457,16.32636497522769,16.21034659008987,16.18456472672591
2018-02-05,2018-02-02,300521,12.32841449351359,12.10047756959815,12.18967027895637
2018-02-05,2018-02-02,600339,4.360437913349108,4.279187517448192,4.261131873914655
2018-02-05,2018-02-02,600386,4.481222320021443,4.416142327821961,4.434736611307527
2018-02-05,2018-02-02,600420,10.5,10.35,10.36
2018-02-05,2018-02-02,600563,37.5979352392203,37.31283241276175,37.1168242195715
2018-02-05,2018-02-02,600722,6.29,6.15,6.24
2018-02-05,2018-02-02,600874,9.418884245132825,9.410607545444657,9.551311440143477
2018-02-05,2018-02-02,600988,5.433374803910472,5.276170469620115,5.335122094978998
2018-02-05,2018-02-02,601588,4.238628796411996,4.211970753667267,4.185312710922537
2018-02-06,2018-02-05,000049,18.95511354280395,18.73867895307241,18.82980930664359
2018-02-06,2018-02-05,000568,50.24459318220747,49.28159997057809,50.85279942113131
2018-02-06,2018-02-05,000591,4.183446122634901,4.110195120487598,4.126473120964777
2018-02-06,2018-02-05,000669,8.535714285714285,8.299999999999999,8.364285714285716
2018-02-06,2018-02-05,000799,20.08091637798864,19.55994920780497,20.29877537642908
2018-02-06,2018-02-05,002045,13.87765273223097,13.53819935604691,13.47829581907325
2018-02-06,2018-02-05,002054,10.05747142028546,9.050765510723995,9.050765510723995
2018-02-06,2018-02-05,002171,5.682206049351006,5.609589997602111,5.645898023476558
2018-02-06,2018-02-05,002185,6.214583098752345,6.07433862825864,6.135695584099636
2018-02-06,2018-02-05,002307,6.682636443310102,6.614128520778497,6.751144365841705
2018-02-06,2018-02-05,002350,6.612790210287266,6.573937153822595,6.558395931236725
2018-02-06,2018-02-05,002366,,,
2018-02-06,2018-02-05,002370,,,
2018-02-06,2018-02-05,002517,,,
2018-02-06,2018-02-05,002545,,,
2018-02-06,2018-02-05,002649,9.001155906840287,8.895467187777582,8.895467187777582
2018-02-06,2018-02-05,002726,7.932915664942792,7.821184458394302,7.798838217084604
2018-02-06,2018-02-05,002742,,,
2018-02-06,2018-02-05,002759,11.79250793105103,11.61239727937099,11.63135629533731
2018-02-06,2018-02-05,002763,9.143830732087286,8.960367033610416,9.063106704757462
2018-02-06,2018-02-05,002777,11.46742027072536,11.27549691891406,11.30348574105321
2018-02-06,2018-02-05,002802,12.10152022997845,11.75026338036079,11.88499203500866
2018-02-06,2018-02-05,300183,13.41598090510026,13.10932991298369,13.09974706948004
2018-02-06,2018-02-05,300196,10.15769151702699,9.885001811871904,9.90447964795441
2018-02-06,2018-02-05,300555,9.614552201345399,9.475498760416848,9.584755035432138
2018-02-06,2018-02-05,300563,12.11641536693204,11.73103319877263,12.01878521766499
2018-02-06,2018-02-05,600137,18.92111199428094,19.99994732728819,20.54397540119783
2018-02-06,2018-02-05,600191,6.850982768347246,6.711573235270412,6.731488882852817
2018-02-06,2018-02-05,600198,6.82,6.63,6.54
2018-02-06,2018-02-05,600339,4.261131873914655,4.170853656246972,4.143770190946667
2018-02-06,2018-02-05,600386,4.397548044336395,4.323170910394131,4.369656619108046
2018-02-06,2018-02-05,600397,2.91,2.85,2.86
2018-02-06,2018-02-05,600420,10.72,10.59,10.63
2018-02-06,2018-02-05,600516,11.13743995548663,10.90793107667368,10.97052440725903
2018-02-06,2018-02-05,600830,6.388376559343923,6.279596153534661,6.329041792538872
2018-02-06,2018-02-05,601588,4.167540682426051,4.069794525695376,4.043136482950646
2018-02-07,2018-02-06,000049,18.02672306579763,18.45959224526069,18.52794001043908
2018-02-07,2018-02-06,000568,50.04185776923287,51.10621868734957,50.99640367198832
2018-02-07,2018-02-06,000591,3.996249117147348,4.053222118817473,4.053222118817473
2018-02-07,2018-02-06,000669,8.528571428571428,8.521428571428572,8.528571428571428
2018-02-07,2018-02-06,000799,19.91041803138308,20.23247046386025,20.1756376816584
2018-02-07,2018-02-06,002045,12.60969453295519,12.97909967762609,12.90921221782349
2018-02-07,2018-02-06,002054,9.050765510723995,8.149524029783258,8.149524029783258
2018-02-07,2018-02-06,002171,5.228355725920414,5.382664835886815,5.391741842355428
2018-02-07,2018-02-06,002185,5.793849687271228,5.942859437170791,5.934094157764934
2018-02-07,2018-02-06,002307,6.352552816566918,6.489568661630127,6.582988555991405
2018-02-07,2018-02-06,002350,6.371901260206296,6.488460429600314,6.472919207014446
2018-02-07,2018-02-06,002366,,,
2018-02-07,2018-02-06,002370,,,
2018-02-07,2018-02-06,002517,,,
2018-02-07,2018-02-06,002545,,,
2018-02-07,2018-02-06,002649,8.27894965991181,8.516749277802894,8.525556671058119
2018-02-07,2018-02-06,002726,7.821184458394302,7.836081952600766,7.776491975774905
2018-02-07,2018-02-06,002742,,,
2018-02-07,2018-02-06,002759,11.72615137516891,12.05793415457951,12.17168825037743
2018-02-07,2018-02-06,002763,8.725533499560019,8.864965910402441,8.87964300628059
2018-02-07,2018-02-06,002777,11.4154410296098,11.71132286365222,11.5953691719329
2018-02-07,2018-02-06,002802,10.8937740758136,11.15360790977736,11.15841964744335
2018-02-07,2018-02-06,300183,12.4672793982396,12.69726764232704,12.71643332933432
2018-02-07,2018-02-06,300196,9.90447964795441,10.04082450053195,10.18690827115075
2018-02-07,2018-02-06,300555,8.651110503483309,8.929217385340406,8.889487830789392
2018-02-07,2018-02-06,300563,10.91402300227466,11.29426674152529,11.16066758989669
2018-02-07,2018-02-06,600137,19.47436088300261,18.73669569804039,19.17929480901772
2018-02-07,2018-02-06,600191,6.213682045710293,6.382965050160734,6.392922873951936
2018-02-07,2018-02-06,600198,6.36,6.37,6.29
2018-02-07,2018-02-06,600339,3.936130290310996,4.044464151512216,4.026408507978679
2018-02-07,2018-02-06,600386,4.127930933795686,4.220902351223517,4.220902351223517
2018-02-07,2018-02-06,600397,2.91,2.93,2.95
2018-02-07,2018-02-06,600420,10.51,10.67,10.79
2018-02-07,2018-02-06,600516,10.84951063479402,11.1082297345468,11.23341639571751
2018-02-07,2018-02-06,600830,5.982922319509402,6.151037492123716,6.190594003327083
2018-02-07,2018-02-06,601588,3.892074240730512,3.900960254978755,3.900960254978755
2018-02-08,2018-02-07,000049,18.18050553744898,18.1121577722706,18.32859236200214
2018-02-08,2018-02-07,000568,47.03461581010949,47.60903281353755,47.81176822651216
2018-02-08,2018-02-07,000591,4.004388117385937,4.028805118101705,4.036944118340294
2018-02-08,2018-02-07,000669,8.521428571428572,8.414285714285715,8.521428571428572
2018-02-08,2018-02-07,000799,19.50311642560312,19.550477077438,19.76833607587844
2018-02-08,2018-02-07,002045,12.89922829499455,12.87926044933666,13.12885852006024
2018-02-08,2018-02-07,002054,8.149524029783258,7.334571626804934,7.334571626804934
2018-02-08,2018-02-07,002171,5.337279803543756,5.319125790606533,5.418972861761262
2018-02-08,2018-02-07,002185,5.872737201923938,5.899033040141508,5.951624716576647
2018-02-08,2018-02-07,002307,6.315184858822408,6.327640844737244,6.365008802481756
2018-02-08,2018-02-07,002350,6.364130648913362,6.371901260206296,6.410754316670969
2018-02-08,2018-02-07,002366,,,
2018-02-08,2018-02-07,002370,,,
2018-02-08,2018-02-07,002517,,,
2018-02-08,2018-02-07,002545,,,
2018-02-08,2018-02-07,002649,8.411060558740191,8.44629013176109,8.543171457568569
2018-02-08,2018-02-07,002726,7.716901998949043,7.642414527916717,7.64986327501995
2018-02-08,2018-02-07,002742,,,
2018-02-08,2018-02-07,002759,12.03897513861319,12.02001612264687,12.07689317054583
2018-02-08,2018-02-07,002763,8.975044129488564,8.931012841854114,9.004398321244864
2018-02-08,2018-02-07,002777,11.5953691719329,11.55938354346828,11.62335799407204
2018-02-08,2018-02-07,002802,10.95632666547154,10.96113840313754,11.08143184478743
2018-02-08,2018-02-07,300183,12.93683872991811,12.90809019940718,13.0901642259764
2018-02-08,2018-02-07,300196,10.07004125465571,10.1771693531095,10.91732712424473
2018-02-08,2018-02-07,300555,8.829893498962871,8.869623053513886,8.959014551253667
2018-02-08,2018-02-07,300563,11.23260559461978,11.30968202825167,11.47411175333302
2018-02-08,2018-02-07,600137,19.03176177202528,18.84734547578472,18.90267036465689
2018-02-08,2018-02-07,600191,6.263471164666305,6.273428988457507,6.363049402578328
2018-02-08,2018-02-07,600198,6.44,6.29,6.51
2018-02-08,2018-02-07,600339,3.999325042678374,4.017380686211911,4.017380686211911
2018-02-08,2018-02-07,600386,4.174416642509601,4.174416642509601,4.2301994929663
2018-02-08,2018-02-07,600397,3,2.93,2.97
2018-02-08,2018-02-07,600420,10.65,10.64,10.7
2018-02-08,2018-02-07,600516,10.89541241055661,10.97469729596472,10.95383285243627
2018-02-08,2018-02-07,600830,6.141148364322873,6.151037492123716,6.210372258928768
2018-02-08,2018-02-07,601588,3.936504311971728,3.874302212234026,3.927618297723485
2018-02-09,2018-02-08,000049,18.66463554079584,18.28302718521655,18.4538965981625
2018-02-09,2018-02-08,000568,47.68505859340303,45.72528293464847,46.29125262920258
2018-02-09,2018-02-08,000591,4.036944118340294,3.931137115238633,3.955554115954402
2018-02-09,2018-02-08,000669,8.428571428571429,8.200000000000001,8.257142857142858
2018-02-09,2018-02-08,000799,20.07144424762167,19.43681151303429,19.83464098844727
2018-02-09,2018-02-08,002045,12.97909967762609,12.37008038506056,12.52982315032365
2018-02-09,2018-02-08,002054,7.334571626804934,6.605908301789018,6.605908301789018
2018-02-09,2018-02-08,002171,5.464357894104321,5.346356810012368,5.328202797075145
2018-02-09,2018-02-08,002185,6.056808069446927,5.89026776073565,5.942859437170791
2018-02-09,2018-02-08,002307,6.3463248236095,6.153257041929526,6.209308978546293
2018-02-09,2018-02-08,002350,6.465148595721511,6.333048203741624,6.395213094085101
2018-02-09,2018-02-08,002366,,,
2018-02-09,2018-02-08,002370,,,
2018-02-09,2018-02-08,002517,,,
2018-02-09,2018-02-08,002545,,,
2018-02-09,2018-02-08,002649,8.534364064313344,8.305371839677486,8.349408805953614
2018-02-09,2018-02-08,002726,7.709453251845811,7.597722045297321,7.545580815574693
2018-02-09,2018-02-08,002742,,,
2018-02-09,2018-02-08,002759,12.39919644197327,12.00105710668055,11.80198743903419
2018-02-09,2018-02-08,002763,9.019075417123013,8.769564787194467,8.850288814524292
2018-02-09,2018-02-08,002777,11.57537715611922,11.51540110867819,11.67533723518761
2018-02-09,2018-02-08,002802,11.22097223710129,10.78791584716171,10.93707971480756
2018-02-09,2018-02-08,300183,13.12849559999097,12.66851911181611,12.65893626831246
2018-02-09,2018-02-08,300196,10.57646499280087,10.29403636960454,10.35246987785205
2018-02-09,2018-02-08,300555,9.227189044473011,8.889487830789392,8.968946939891421
2018-02-09,2018-02-08,300563,11.30454359934287,11.05789901172085,11.15039073207911
2018-02-09,2018-02-08,600137,19.2069572534538,18.52461695736375,18.53383777217578
2018-02-09,2018-02-08,600191,6.432754169116746,6.273428988457507,6.273428988457507
2018-02-09,2018-02-08,600198,6.85,6.6,6.64
2018-02-09,2018-02-08,600339,4.017380686211911,3.918074646777459,3.900019003243922
2018-02-09,2018-02-08,600386,4.276685201680214,4.183713784252384,4.183713784252384
2018-02-09,2018-02-08,600397,2.93,2.85,2.85
2018-02-09,2018-02-08,600420,10.67,10.4,10.57
2018-02-09,2018-02-08,600516,11.1916875086606,11.024771960433,11.20837906348336
2018-02-09,2018-02-08,600830,6.279596153534661,6.101591853119506,6.101591853119506
2018-02-09,2018-02-08,601588,3.918732283475242,3.82987214099281,3.838758155241054
2018-02-12,2018-02-09,000049,18.32289671490394,18.42541836267151,18.7785484827598
2018-02-12,2018-02-09,000568,46.84032770600882,47.93003055074735,48.82544529138521
2018-02-12,2018-02-09,000591,3.784635110944027,3.825330112136973,3.833469112375562
2018-02-12,2018-02-09,000669,8.107142857142858,8.114285714285714,8.178571428571429
2018-02-12,2018-02-09,000799,19.36103447009848,19.71150329367659,20.08091637798864
2018-02-12,2018-02-09,002045,12.45993569052105,12.65961414709991,12.73948552973145
2018-02-12,2018-02-09,002054,6.605908301789018,6.567557600472391,6.557969925143234
2018-02-12,2018-02-09,002171,5.319125790606533,5.446203881167098,5.536973945853216
2018-02-12,2018-02-09,002185,5.89026776073565,5.977920554794217,6.135695584099636
2018-02-12,2018-02-09,002307,5.860541372930854,5.966417253206969,6.078521126440503
2018-02-12,2018-02-09,002350,6.395213094085101,6.457377984428577,6.465148595721511
2018-02-12,2018-02-09,002366,,,
2018-02-12,2018-02-09,002370,,,
2018-02-12,2018-02-09,002517,,,
2018-02-12,2018-02-09,002545,,,
2018-02-12,2018-02-09,002649,8.234912693635684,8.331794019443162,8.428675345250641
2018-02-12,2018-02-09,002726,7.672209516329649,7.657312022123183,7.567927056884391
2018-02-12,2018-02-09,002742,,,
2018-02-12,2018-02-09,002759,11.47968416760675,11.70719235920259,11.90626202684895
2018-02-12,2018-02-09,002763,8.864965910402441,8.92367429391504,9.041091060940239
2018-02-12,2018-02-09,002777,11.75930370160505,11.95522545657909,11.95522545657909
2018-02-12,2018-02-09,002802,10.7975393224937,10.8985858134796,11.05737315645745
2018-02-12,2018-02-09,300183,12.77393039035618,12.87934166889625,13.0230843214509
2018-02-12,2018-02-09,300196,10.30377528764579,10.36220879589331,10.58620391084213
2018-02-12,2018-02-09,300555,8.93914977397816,9.088135603544464,9.256986210386273
2018-02-12,2018-02-09,300563,10.83694656864278,11.11442172971756,11.18122130553186
2018-02-12,2018-02-09,600137,17.95292643901803,18.25721332781495,18.31253821668711
2018-02-12,2018-02-09,600191,6.124061631589472,6.2435555170839,6.273428988457507
2018-02-12,2018-02-09,600198,6.57,6.66,6.68
2018-02-12,2018-02-09,600339,3.918074646777459,3.972241577378069,4.008352864445142
2018-02-12,2018-02-09,600386,4.155822359024035,4.174416642509601,4.248793776451866
2018-02-12,2018-02-09,600397,2.79,2.82,2.94
2018-02-12,2018-02-09,600420,10.55,10.64,10.69
2018-02-12,2018-02-09,600516,11.07484662490128,11.10405684584111,11.22507061830612
2018-02-12,2018-02-09,600830,6.141148364322873,6.190594003327083,6.26970702573382
2018-02-12,2018-02-09,601588,3.767670041255108,3.758784027006865,3.803214098248081
2018-02-13,2018-02-12,000001,8.968361841031117,9.18262304542435,9.152014301939603
2018-02-13,2018-02-12,000070,6.838351287706994,6.895885493252606,6.863008804369398
2018-02-13,2018-02-12,000591,3.882303113807097,3.914859114761454,3.97183211643158
2018-02-13,2018-02-12,000856,16.5498554204925,16.71903614337186,17.41566264934568
2018-02-13,2018-02-12,000877,8.230935820530684,8.354771364470464,8.379538473258419
2018-02-13,2018-02-12,002054,7.267457899500836,6.538794574484921,6.538794574484921
2018-02-13,2018-02-12,002069,4.24,4.21,4.2
2018-02-13,2018-02-12,002131,2.530964329824937,2.530964329824937,2.530964329824937
2018-02-13,2018-02-12,002149,7.749355859200088,7.855909502264089,7.855909502264089
2018-02-13,2018-02-12,002171,5.709437068756841,5.845592165786019,5.800207133442959
2018-02-13,2018-02-12,002350,6.573937153822595,6.581707765115529,6.698266934509546
2018-02-13,2018-02-12,002366,,,
2018-02-13,2018-02-12,002370,,,
2018-02-13,2018-02-12,002438,6.321969258799934,6.321969258799934,6.408047508919752
2018-02-13,2018-02-12,002517,,,
2018-02-13,2018-02-12,002545,,,
2018-02-13,2018-02-12,002742,,,
2018-02-13,2018-02-12,002759,12.07689317054583,12.07689317054583,12.23804480625955
2018-02-13,2018-02-12,002807,4.758696853314341,4.802526955910658,4.815049842366748
2018-02-13,2018-02-12,300012,3.542259910730922,3.571534786026219,3.571534786026219
2018-02-13,2018-02-12,300196,10.71280984537842,10.74202659950218,10.63489850104839
2018-02-13,2018-02-12,300210,4.985748218845868,4.99571971528356,5.005691211721251
2018-02-13,2018-02-12,300355,10.3556470709911,10.39396583906137,10.36522676300867
2018-02-13,2018-02-12,300563,11.38675846188355,11.43300432206268,11.42272746424509
2018-02-13,2018-02-12,600137,18.4416296240555,18.48773369811564,18.47851288330361
2018-02-13,2018-02-12,600172,7.09,7.53,7.61
2018-02-13,2018-02-12,600386,4.258090918194648,4.267388059937431,4.276685201680214
2018-02-13,2018-02-12,600622,9.919554249978875,9.868759166036043,9.846989844346258
2018-02-13,2018-02-12,600874,8.781578369144047,8.872622065713873,9.005049260724528
2018-02-13,2018-02-12,601588,3.865416197985783,3.865416197985783,3.874302212234026
2018-02-13,2018-02-12,601991,3.278542946811613,3.243571822045623,3.252314603237121
2018-02-13,2018-02-12,603011,7.43869510265389,7.16642913811231,7.146981569216482
2018-02-14,2018-02-13,000001,9.136709930197227,9.098449000841294,9.159666487810791
2018-02-14,2018-02-13,000070,6.846570459927795,6.854789632148597,6.830132115486192
2018-02-14,2018-02-13,000591,3.939276115477223,3.914859114761454,3.922998115000044
2018-02-14,2018-02-13,000856,16.72898795060005,16.34086746870035,16.51999999880791
2018-02-14,2018-02-13,000877,8.222680117601366,8.255702929318641,8.280470038106596
2018-02-14,2018-02-13,002054,6.538794574484921,6.078586158685395,6.068998483356239
2018-02-14,2018-02-13,002069,4.02,3.92,3.98
2018-02-14,2018-02-13,002131,2.51119117099818,2.51119117099818,2.521077750411558
2018-02-14,2018-02-13,002149,7.79778933332009,7.778415943672088,7.778415943672088
2018-02-14,2018-02-13,002171,5.7548221010999,5.736668088162677,5.7548221010999
2018-02-14,2018-02-13,002350,6.605019598994332,6.620560821580201,6.605019598994332
2018-02-14,2018-02-13,002366,,,
2018-02-14,2018-02-13,002370,,,
2018-02-14,2018-02-13,002438,6.341097758826559,6.398483258906438,6.350662008839873
2018-02-14,2018-02-13,002517,,,
2018-02-14,2018-02-13,002545,,,
2018-02-14,2018-02-13,002742,,,
2018-02-14,2018-02-13,002759,11.77354891508471,11.77354891508471,11.78302842306787
2018-02-14,2018-02-13,002807,4.758696853314341,4.758696853314341,4.758696853314341
2018-02-14,2018-02-13,300012,3.620326244851714,3.678875995442307,3.84476695544899
2018-02-14,2018-02-13,300196,11.14132223919355,11.06341089486353,11.1315833211523
2018-02-14,2018-02-13,300210,5.025634204596635,5.015662708158944,4.99571971528356
2018-02-14,2018-02-13,300355,10.25027045879785,10.26942984283299,10.22153138274514
2018-02-14,2018-02-13,300563,11.33023574388683,11.30454359934287,11.30968202825167
2018-02-14,2018-02-13,600137,18.15578436488264,18.29409658706306,18.39552554999536
2018-02-14,2018-02-13,600172,7.41,7.28,7.35
2018-02-14,2018-02-13,600386,4.248793776451866,4.276685201680214,4.462628036535876
2018-02-14,2018-02-13,600622,10.16627322912978,10.01388797730128,9.992118655611492
2018-02-14,2018-02-13,600874,8.806408468208545,8.690534672574222,8.731918171015053
2018-02-14,2018-02-13,601588,3.874302212234026,3.847644169489297,3.865416197985783
2018-02-14,2018-02-13,601991,3.252314603237121,3.234829040854125,3.234829040854125
2018-02-14,2018-02-13,603011,7.458142671549717,7.292838335935186,7.322009689278927
2018-02-22,2018-02-14,000001,9.18262304542435,9.404536435688771,9.427492993302334
2018-02-22,2018-02-14,000070,6.953419698798218,6.961638871019019,6.986296387681423
2018-02-22,2018-02-14,000591,3.947415115715812,3.979971116670169,3.988110116908759
2018-02-22,2018-02-14,000856,16.77874698674104,17.03749397467418,16.96783132407679
2018-02-22,2018-02-14,000877,8.396049879117056,8.627209561137978,8.693255184572527
2018-02-22,2018-02-14,002054,5.896420327431417,5.953946379406357,5.953946379406357
2018-02-22,2018-02-14,002069,4.08,4,4.01
2018-02-22,2018-02-14,002131,2.521077750411558,2.560624068065073,2.540850909238316
2018-02-22,2018-02-14,002149,7.826849417792089,7.855909502264089,7.91402967120809
2018-02-22,2018-02-14,002171,5.791130126974347,5.818361146380183,5.809284139911572
2018-02-22,2018-02-14,002350,6.643872655459005,6.706037545802482,6.682725711923677
2018-02-22,2018-02-14,002366,,,
2018-02-22,2018-02-14,002370,,13.0250240880936,12.70612525808672
2018-02-22,2018-02-14,002438,6.341097758826559,6.484561509026256,6.474997259012942
2018-02-22,2018-02-14,002517,,,
2018-02-22,2018-02-14,002545,,,
2018-02-22,2018-02-14,002742,,,
2018-02-22,2018-02-14,002759,11.75458989911839,11.77354891508471,11.83042596298367
2018-02-22,2018-02-14,002807,4.752435410086296,4.815049842366748,4.821311285594794
2018-02-22,2018-02-14,300012,3.815492080153693,3.825250371918792,3.835008663683891
2018-02-22,2018-02-14,300196,11.03419414073977,11.08288873094604,11.10236656702854
2018-02-22,2018-02-14,300210,4.955833729532793,5.005691211721251,4.975776722408177
2018-02-22,2018-02-14,300355,10.26942984283299,10.3843861470438,10.29816891888569
2018-02-22,2018-02-14,300563,11.14011387426152,11.30454359934287,11.29940517043408
2018-02-22,2018-02-14,600137,18.52461695736375,18.59838347585997,18.8750079202208
2018-02-22,2018-02-14,600172,7.36,7.44,7.3
2018-02-22,2018-02-14,600386,4.351062335622479,4.332468052136914,4.369656619108046
2018-02-22,2018-02-14,600622,10.02114441786454,10.2751198375787,10.20981187250935
2018-02-22,2018-02-14,600874,8.814685167896712,8.938835663219201,8.930558963531034
2018-02-22,2018-02-14,601588,3.883188226482269,3.900960254978755,3.909846269226999
2018-02-22,2018-02-14,601991,3.234829040854125,3.261057384428618,3.243571822045623
2018-02-22,2018-02-14,603011,7.156705353664396,7.331733473726841,7.273390767039359
2018-02-23,2018-02-22,000001,9.534623595498951,9.572884524854885,9.565232338983698
2018-02-23,2018-02-22,000070,7.093145626551846,7.06848810988944,7.232871554305475
2018-02-23,2018-02-22,000591,4.028805118101705,4.020666117863116,4.028805118101705
2018-02-23,2018-02-22,000856,18.11228915531951,18.45065060107823,19.00795180585729
2018-02-23,2018-02-22,000877,8.817090728512307,8.792323619724352,8.92441486659345
2018-02-23,2018-02-22,002054,6.068998483356239,6.18405058730612,6.174462911976963
2018-02-23,2018-02-22,002069,4.44,4.29,4.41
2018-02-23,2018-02-22,002131,2.550737488651694,2.530964329824937,2.530964329824937
2018-02-23,2018-02-22,002149,8.039956703920092,8.00120992462409,7.991523229800091
2018-02-23,2018-02-22,002171,5.827438152848795,5.800207133442959,5.791130126974347
2018-02-23,2018-02-22,002350,6.814826103903563,7.281062781479633,7.164503612085618
2018-02-23,2018-02-22,002366,,,
2018-02-23,2018-02-22,002370,12.8954714384033,12.626400550585,12.52674466620785
2018-02-23,2018-02-22,002438,6.589768259172699,6.589768259172699,6.589768259172699
2018-02-23,2018-02-22,002517,,,
2018-02-23,2018-02-22,002545,,,
2018-02-23,2018-02-22,002742,,18.7916987402464,18.68465125907462
2018-02-23,2018-02-22,002759,12.06741366256267,11.96313907474791,12.00105710668055
2018-02-23,2018-02-22,002807,4.840095615278929,4.821311285594794,4.821311285594794
2018-02-23,2018-02-22,300012,3.835008663683891,3.815492080153693,3.805733788388594
2018-02-23,2018-02-22,300196,11.24845033764734,11.23871141960609,11.25818925568859
2018-02-23,2018-02-22,300210,4.99571971528356,5.025634204596635,5.085463183222785
2018-02-23,2018-02-22,300355,10.48976275923705,10.50892214327219,10.75799413572896
2018-02-23,2018-02-22,300563,11.46897332442422,11.33537417279563,11.41245060642751
2018-02-23,2018-02-22,600137,18.81968303134864,18.68137080916822,18.81046221653661
2018-02-23,2018-02-22,600172,7.35,7.31,7.34
2018-02-23,2018-02-22,600386,4.462628036535876,4.425439469564744,4.462628036535876
2018-02-23,2018-02-22,600622,10.23158119419913,10.23883763476239,10.26786339701544
2018-02-23,2018-02-22,600874,9.261626951057671,9.642355136713304,10.0561901211216
2018-02-23,2018-02-22,601588,4.078680539943619,4.034250468702403,4.087566554191862
2018-02-23,2018-02-22,601991,3.278542946811613,3.269800165620116,3.269800165620116
2018-02-23,2018-02-22,603011,7.876265402810001,7.905436756153742,7.876265402810001
2018-02-26,2018-02-23,000001,9.649406383566754,9.748884799892185,9.664710755309128
2018-02-26,2018-02-23,000070,7.109583970993449,7.126022315435052,7.101364798772647
2018-02-26,2018-02-23,000591,4.045083118578884,4.053222118817473,4.045083118578884
2018-02-26,2018-02-23,000856,18.20185542037329,17.95306023966835,17.81373493847358
2018-02-26,2018-02-23,000877,8.825346431441625,9.03999470760391,8.916159163664132
2018-02-26,2018-02-23,002054,6.251164314610217,6.327865717243471,6.289515015926844
2018-02-26,2018-02-23,002069,4.32,4.23,4.23
2018-02-26,2018-02-23,002131,2.530964329824937,2.550737488651694,2.540850909238316
2018-02-26,2018-02-23,002149,8.010896619448092,8.010896619448092,7.991523229800091
2018-02-26,2018-02-23,002171,5.827438152848795,5.85466917225463,5.881900191660466
2018-02-26,2018-02-23,002350,6.915844050711713,6.845908549075302,6.861449771661171
2018-02-26,2018-02-23,002366,,,
2018-02-26,2018-02-23,002370,12.79581555402615,12.72605643496215,12.65629731589814
2018-02-26,2018-02-23,002438,6.599332509186013,6.608896759199325,6.618461009212639
2018-02-26,2018-02-23,002517,,,
2018-02-26,2018-02-23,002545,,,
2018-02-26,2018-02-23,002742,21.02023266645895,20.80613770411538,20.67962704454873
2018-02-26,2018-02-23,002759,12.04845464659635,12.12429071046163,12.12429071046163
2018-02-26,2018-02-23,002807,4.877664274647199,4.915232934015471,4.896448604331336
2018-02-26,2018-02-23,300012,3.805733788388594,3.825250371918792,3.94234987309998
2018-02-26,2018-02-23,300196,11.14132223919355,11.25818925568859,11.2971449278536
2018-02-26,2018-02-23,300210,5.065520190347402,5.065520190347402,5.035605701034326
2018-02-26,2018-02-23,300355,10.70051598362355,10.77715351976409,10.75799413572896
2018-02-26,2018-02-23,300563,11.4843886111506,11.64881833623195,11.72589476986384
2018-02-26,2018-02-23,600137,18.96721606834108,19.05020340164933,18.94877443871703
2018-02-26,2018-02-23,600172,7.24,7.45,7.48
2018-02-26,2018-02-23,600386,4.44403375305031,4.462628036535876,4.453330894793093
2018-02-26,2018-02-23,600622,10.50006949503982,10.50006949503982,10.45653085166025
2018-02-26,2018-02-23,600874,9.501651242014484,9.526481341078981,9.42716094482099
2018-02-26,2018-02-23,601588,4.096452568440106,4.114224596936592,4.096452568440106
2018-02-26,2018-02-23,601991,3.296028509194609,3.287285728003111,3.278542946811613
2018-02-26,2018-02-23,603011,7.769303773882952,7.740132420539211,7.642894576060075
2018-02-27,2018-02-26,000544,7.421649561798016,7.365847685393518,7.388168435955317
2018-02-27,2018-02-26,000568,51.99318611911349,52.07765920785291,52.20436884096204
2018-02-27,2018-02-26,002035,20.37446867346657,19.08526532067898,19.36964841320565
2018-02-27,2018-02-26,002038,28.25849007122538,29.17440837786695,29.21297335919922
2018-02-27,2018-02-26,002054,6.462093171851667,6.577145275801548,6.644259003105645
2018-02-27,2018-02-26,002069,4.37,4.37,4.37
2018-02-27,2018-02-26,002131,2.58039722689183,2.570510647478452,2.610056965131966
2018-02-27,2018-02-26,002149,8.136823652160093,8.107763567688092,8.088390178040092
2018-02-27,2018-02-26,002158,10.18611829767605,10.02927473107368,10.22097242358769
2018-02-27,2018-02-26,002171,5.909131211066301,5.936362230472137,5.972670256346584
2018-02-27,2018-02-26,002178,6.62,6.63,6.63
2018-02-27,2018-02-26,002366,,,
2018-02-27,2018-02-26,002370,14.07141087405368,14.06144528561597,14.30061940812113
2018-02-27,2018-02-26,002429,3.047183610423234,3.037836421434206,3.056530799412263
2018-02-27,2018-02-26,002517,,,
2018-02-27,2018-02-26,002545,,,
2018-02-27,2018-02-26,002599,6.888653674932706,6.894476712696807,6.894476712696807
2018-02-27,2018-02-26,002742,20.98130630966921,20.85479565010256,20.73801657973334
2018-02-27,2018-02-26,002763,9.187862019721734,9.151169280026362,9.143830732087286
2018-02-27,2018-02-26,002777,12.43903223927008,12.39904820764273,12.29508972541161
2018-02-27,2018-02-26,300196,11.33610060001862,11.2776670917711,11.22897250156483
2018-02-27,2018-02-26,300275,8.326817823016791,8.548701939692293,8.573355730434017
2018-02-27,2018-02-26,300288,22.1887111680935,22.1887111680935,22.21829611631762
2018-02-27,2018-02-26,300377,11.61617591567044,11.58703835066457,11.98525173907802
2018-02-27,2018-02-26,300457,16.20390112424889,16.26835578265878,16.53261988213938
2018-02-27,2018-02-26,600020,4.105556332244408,4.105556332244408,4.09712603176752
2018-02-27,2018-02-26,600079,14.230888798661,14.10292961871157,14.16690920868628
2018-02-27,2018-02-26,600137,19.31760703119814,19.22539888307786,19.21617806826583
2018-02-27,2018-02-26,600326,6.874358973289148,6.851520571384533,6.859133372019405
2018-02-27,2018-02-26,600386,4.490519461764226,4.481222320021443,4.462628036535876
2018-02-27,2018-02-26,600604,6.774524056756838,6.744767728542679,6.754686504614065
2018-02-27,2018-02-26,600688,5.468971624474969,5.450741719060053,5.459856671767511
2018-02-27,2018-02-26,600744,3.22,3.22,3.23
2018-02-27,2018-02-26,600874,9.89065612735828,9.774782331723959,9.79133573110029
2018-02-27,2018-02-26,601588,4.158654668177808,4.131996625433079,4.131996625433079
2018-02-27,2018-02-26,601766,10.12990524820294,10.07256616189235,10.05345313312216
2018-02-27,2018-02-26,601888,48.6224123322821,50.23278955668587,49.40930120329758
2018-02-28,2018-02-27,000544,7.421649561798016,7.304465621348572,7.326786371910371
2018-02-28,2018-02-27,000568,50.75987902351795,49.7884385030146,50.51490706617362
2018-02-28,2018-02-27,002035,19.10422419351409,18.70608786397675,18.8008822281523
2018-02-28,2018-02-27,002038,29.09727841520239,28.83696479120953,29.10691966053546
2018-02-28,2018-02-27,002054,6.567557600472391,6.356628743230941,6.442917821193353
2018-02-28,2018-02-27,002069,4.59,4.38,4.43
2018-02-28,2018-02-27,002131,2.590283806305209,2.560624068065073,2.570510647478452
2018-02-28,2018-02-27,002149,8.311184158992095,8.659905172656098,8.563038224416097
2018-02-28,2018-02-27,002158,10.16869123472023,10.11641004585278,10.09026945141905
2018-02-28,2018-02-27,002171,5.872823185191854,5.809284139911572,5.863746178723242
2018-02-28,2018-02-27,002178,6.8,6.7,6.79
2018-02-28,2018-02-27,002366,,,
2018-02-28,2018-02-27,002370,14.09134205092911,13.99168616655196,13.78240880935994
2018-02-28,2018-02-27,002429,3.037836421434206,3.019142043456149,3.019142043456149
2018-02-28,2018-02-27,002517,,,
2018-02-28,2018-02-27,002545,,,
2018-02-28,2018-02-27,002599,6.847892410583992,6.818777221763482,6.766369881886563
2018-02-28,2018-02-27,002742,20.8937220068923,20.82560088251025,20.91318518528717
2018-02-28,2018-02-27,002763,9.356648622320458,9.363987170259533,9.217216211478036
2018-02-28,2018-02-27,002777,12.43103543294461,12.2830945159234,12.45502585192103
2018-02-28,2018-02-27,300196,11.21923358352358,11.1315833211523,11.17053899331732
2018-02-28,2018-02-27,300275,8.567192282748586,8.413106090612821,8.468577119781695
2018-02-28,2018-02-27,300288,22.09009467401308,21.85341508822009,21.96189323170854
2018-02-28,2018-02-27,300377,11.78128878403699,11.75215121903113,12.04352686908975
2018-02-28,2018-02-27,300457,16.24257391929482,16.11366460247503,16.30058311186373
2018-02-28,2018-02-27,600020,4.063404829859969,4.029683627952418,4.029683627952418
2018-02-28,2018-02-27,600079,14.32228821291058,14.14862932583637,14.19432903296116
2018-02-28,2018-02-27,600137,19.45591925337855,19.29916540157408,19.40981517931841
2018-02-28,2018-02-27,600326,6.783005365670688,6.729715761226586,6.714490159956843
2018-02-28,2018-02-27,600386,4.44403375305031,4.397548044336395,4.397548044336395
2018-02-28,2018-02-27,600604,6.734848952471292,6.625742415686044,6.605904863543271
2018-02-28,2018-02-27,600688,5.450741719060053,5.350477239278012,5.341362286570554
2018-02-28,2018-02-27,600744,3.23,3.2,3.21
2018-02-28,2018-02-27,600874,9.849272628917452,9.675461935465966,9.774782331723959
2018-02-28,2018-02-27,601588,4.123110611184835,4.043136482950646,4.043136482950646
2018-02-28,2018-02-27,601766,10.12034873381784,10.01522707558177,9.929218446115899
2018-02-28,2018-02-27,601888,48.31131673211318,47.62507643762294,47.94532190838505
2018-03-01,2018-02-28,000544,7.326786371910371,7.304465621348572,7.321206184269921
2018-03-01,2018-02-28,000568,49.34073113269567,49.5265719279224,49.80533312076249
2018-03-01,2018-02-28,002035,18.87039809521438,18.96519245938994,18.89567659232786
2018-03-01,2018-02-28,002038,28.93337724454022,29.07799592453625,29.16476713253387
2018-03-01,2018-02-28,002054,6.673022029093115,6.768898782384682,6.797661808372154
2018-03-01,2018-02-28,002069,4.41,4.36,4.45
2018-03-01,2018-02-28,002131,2.610056965131966,2.590283806305209,2.610056965131966
2018-03-01,2018-02-28,002149,8.621158393360099,8.446797886528097,8.504918055472096
2018-03-01,2018-02-28,002158,10.24711301802142,10.18611829767605,10.28196714393305
2018-03-01,2018-02-28,002171,5.945439236940748,5.918208217534913,5.936362230472137
2018-03-01,2018-02-28,002178,6.8,6.84,6.84
2018-03-01,2018-02-28,002366,,,
2018-03-01,2018-02-28,002370,13.9518238128011,14.10130763936683,14.23086028905712
2018-03-01,2018-02-28,002429,3.131308311324489,3.112613933346433,3.121961122335461
2018-03-01,2018-02-28,002517,,,
2018-03-01,2018-02-28,002545,,,
2018-03-01,2018-02-28,002599,6.818777221763482,6.807131146235277,6.812954183999379
2018-03-01,2018-02-28,002742,20.94237995287947,20.90345359608973,21.10781696923586
2018-03-01,2018-02-28,002763,9.217216211478036,9.151169280026362,9.18052347178266
2018-03-01,2018-02-28,002777,12.48701307722291,12.99481027889031,13.01080389154126
2018-03-01,2018-02-28,300196,11.08288873094604,11.05367197682228,11.05367197682228
2018-03-01,2018-02-28,300275,8.628826759602893,8.524048148950572,8.542538492006862
2018-03-01,2018-02-28,300288,22.57331549500712,22.37608250684629,22.45497570211062
2018-03-01,2018-02-28,300377,11.95611417407216,11.81042634904285,12.00467678241526
2018-03-01,2018-02-28,300457,16.11366460247503,16.04920994406513,16.2554648509768
2018-03-01,2018-02-28,600020,4.029683627952418,4.012823026998642,4.038113928429305
2018-03-01,2018-02-28,600079,14.31314827148563,14.230888798661,14.26744856436083
2018-03-01,2018-02-28,600137,19.38215273488233,19.271502957138,19.39137354969436
2018-03-01,2018-02-28,600326,6.920035777098379,6.851520571384533,6.897197375193764
2018-03-01,2018-02-28,600386,4.406845186079178,4.406845186079178,4.453330894793093
2018-03-01,2018-02-28,600604,6.744767728542679,6.715011400328519,6.685255072114361
2018-03-01,2018-02-28,600688,5.341362286570554,5.314017428448179,5.332247333863095
2018-03-01,2018-02-28,600744,3.23,3.21,3.21
2018-03-01,2018-02-28,600874,9.824442529852954,9.725122133594963,9.816165830164788
2018-03-01,2018-02-28,601588,4.078680539943619,4.060908511447133,4.069794525695376
2018-03-01,2018-02-28,601766,9.986557532426479,9.948331474886091,9.977001018041383
2018-03-01,2018-02-28,601888,47.90872242601225,47.96362164957146,48.31131673211318
2018-03-02,2018-03-01,000544,7.326786371910371,7.304465621348572,7.321206184269921
2018-03-02,2018-03-01,000568,50.22769856445959,50.25304049108142,49.93204275387162
2018-03-02,2018-03-01,002035,18.69344861542,18.59233462696608,18.72504673681186
2018-03-02,2018-03-01,002038,29.4057982658606,29.37687452986139,29.30938581252991
2018-03-02,2018-03-01,002054,6.788074133042997,6.740135756397213,6.711372730409742
2018-03-02,2018-03-01,002069,4.47,4.43,4.46
2018-03-02,2018-03-01,002131,2.649603282785481,2.629830123958724,2.649603282785481
2018-03-02,2018-03-01,002149,8.582411614064098,8.466171276176096,8.485544665824097
2018-03-02,2018-03-01,002158,10.40395658462378,10.3255348013226,10.31682126984469
2018-03-02,2018-03-01,002171,5.95451624340936,5.909131211066301,5.95451624340936
2018-03-02,2018-03-01,002178,6.97,6.89,6.91
2018-03-02,2018-03-01,002366,,,
2018-03-02,2018-03-01,002370,14.46006882312457,14.3504473503097,14.40027529249828
2018-03-02,2018-03-01,002429,3.150002689302546,3.131308311324489,3.131308311324489
2018-03-02,2018-03-01,002517,,,
2018-03-02,2018-03-01,002545,,,
2018-03-02,2018-03-01,002599,7.307912393948053,7.418550111465991,7.360319733824971
2018-03-02,2018-03-01,002742,21.50681212633068,21.33164352077686,21.61385960750247
2018-03-02,2018-03-01,002763,9.297940238807859,9.209877663538961,9.275924594990634
2018-03-02,2018-03-01,002777,13.5905723501379,13.43063622362848,13.34666975721104
2018-03-02,2018-03-01,300196,11.07314981290478,10.93680496032724,11.07314981290478
2018-03-02,2018-03-01,300275,8.789076399424088,8.727441922569783,8.789076399424088
2018-03-02,2018-03-01,300288,23.30307755120219,23.40169404528261,23.9933930097651
2018-03-02,2018-03-01,300377,12.69426582088734,12.71369086422458,13.03420407928907
2018-03-02,2018-03-01,300457,17.08048447862353,17.02247528605462,17.1642755345564
2018-03-02,2018-03-01,600020,4.05497452938308,4.038113928429305,4.029683627952418
2018-03-02,2018-03-01,600079,14.34970803718546,14.45938733428497,14.64218616278414
2018-03-02,2018-03-01,600137,19.52046495706275,19.41903599413044,19.4374776237545
2018-03-02,2018-03-01,600326,6.920035777098379,6.821069368845047,6.83629497011479
2018-03-02,2018-03-01,600386,4.611382304420406,4.574193737449273,4.574193737449273
2018-03-02,2018-03-01,600604,6.744767728542679,6.695173848185748,6.744767728542679
2018-03-02,2018-03-01,600688,5.377822097400387,5.341362286570554,5.350477239278012
2018-03-02,2018-03-01,600744,3.27,3.25,3.29
2018-03-02,2018-03-01,600874,9.882379427670115,10.0561901211216,10.03963672174527
2018-03-02,2018-03-01,601588,4.034250468702403,4.034250468702403,4.016478440205916
2018-03-02,2018-03-01,601766,9.919661931730801,9.824096787879828,9.871879359805314
2018-03-02,2018-03-01,601888,49.40015133270438,48.99755702660343,48.6407120734685
2018-03-05,2018-03-02,000544,7.349107122472169,7.365847685393518,7.360267497753068
2018-03-05,2018-03-02,000568,50.42198666856026,50.24459318220747,50.53180168392151
2018-03-05,2018-03-02,002035,19.12950269062757,19.39492691031914,19.13582231490594
2018-03-05,2018-03-02,002038,29.14548464186774,29.13584339653467,29.17440837786695
2018-03-05,2018-03-02,002054,6.605908301789018,6.605908301789018,6.557969925143234
2018-03-05,2018-03-02,002069,4.48,4.37,4.35
2018-03-05,2018-03-02,002131,2.610056965131966,2.610056965131966,2.600170385718588
2018-03-05,2018-03-02,002149,8.485544665824097,8.456484581352097,8.456484581352097
2018-03-05,2018-03-02,002158,10.31682126984469,10.40395658462378,10.36910245871215
2018-03-05,2018-03-02,002171,5.818361146380183,5.836515159317407,5.909131211066301
2018-03-05,2018-03-02,002178,6.99,6.87,6.9
2018-03-05,2018-03-02,002366,,,
2018-03-05,2018-03-02,002370,14.37037852718513,14.62948382656572,14.50989676531315
2018-03-05,2018-03-02,002429,3.084572366379347,3.150002689302546,3.140655500313517
2018-03-05,2018-03-02,002517,,,
2018-03-05,2018-03-02,002545,,,
2018-03-05,2018-03-02,002599,7.331204545004461,7.383611884881378,7.290443280655746
2018-03-05,2018-03-02,002742,21.60412801830503,21.8474177482409,21.66251755348964
2018-03-05,2018-03-02,002763,9.231893307356184,9.231893307356184,9.18052347178266
2018-03-05,2018-03-02,002777,13.28269530660727,13.36266336986198,13.03079590735494
2018-03-05,2018-03-02,300196,11.07314981290478,11.1315833211523,10.9854995505335
2018-03-05,2018-03-02,300275,8.579519178119448,8.659643998030045,8.659643998030045
2018-03-05,2018-03-02,300288,23.30307755120219,23.28335425238611,23.17487610889765
2018-03-05,2018-03-02,300377,12.46116530084044,12.62627816920699,12.74282842923044
2018-03-05,2018-03-02,300457,17.37053044146808,17.24806659048927,17.10626634198749
2018-03-05,2018-03-02,600020,4.029683627952418,4.038113928429305,4.046544228906193
2018-03-05,2018-03-02,600079,14.24916868151091,14.14862932583637,14.1851890915362
2018-03-05,2018-03-02,600137,19.3729319200703,19.52968577187477,19.52968577187477
2018-03-05,2018-03-02,600326,7.01138938471684,7.003776584081967,6.965712580907609
2018-03-05,2018-03-02,600386,4.778730855790501,4.769433714047718,4.704353721848237
2018-03-05,2018-03-02,600604,6.883630593542088,6.893549369613473,6.824117937113769
2018-03-05,2018-03-02,600688,5.304902475740721,5.323132381155637,5.332247333863095
2018-03-05,2018-03-02,600744,3.29,3.28,3.28
2018-03-05,2018-03-02,600874,10.16378721706776,10.21344741519675,10.23827751426125
2018-03-05,2018-03-02,601588,4.034250468702403,4.052022497198889,4.052022497198889
2018-03-05,2018-03-02,601766,9.795427244724538,9.871879359805314,9.910105417345703
2018-03-05,2018-03-02,601888,48.76881026177335,49.08905573253546,49.30865262677234
2018-03-06,2018-03-05,000568,48.74097220264579,49.44209883918298,48.82544529138521
2018-03-06,2018-03-05,000856,19.01790361308549,18.85867469743432,19.05771084199828
2018-03-06,2018-03-05,000877,8.866624946088219,8.874880649017538,8.817090728512307
2018-03-06,2018-03-05,000965,4.789602304122591,4.807211136123041,4.816015552123266
2018-03-06,2018-03-05,002054,6.510031548497451,6.529206899155763,6.48126852250998
2018-03-06,2018-03-05,002148,8.017396878412404,8.017396878412404,8.017396878412404
2018-03-06,2018-03-05,002158,10.36910245871215,10.45623777349124,10.36038892723424
2018-03-06,2018-03-05,002171,5.936362230472137,5.981747262815196,6.190518411593269
2018-03-06,2018-03-05,002178,6.9,6.89,6.84
2018-03-06,2018-03-05,002230,37.58536702767749,37.95802647412756,38.22421179302045
2018-03-06,2018-03-05,002305,4,4,3.99
2018-03-06,2018-03-05,002307,6.570532570076568,6.564304577119149,6.582988555991405
2018-03-06,2018-03-05,002366,,,
2018-03-06,2018-03-05,002494,7.736023204995597,7.7759510666988,7.89573465180841
2018-03-06,2018-03-05,002517,,15.19622453503862,14.33730749610165
2018-03-06,2018-03-05,002545,,,
2018-03-06,2018-03-05,002742,21.50681212633068,21.45815418034351,21.50681212633068
2018-03-06,2018-03-05,002759,12.70254069743439,12.72149971340071,12.6741021734849
2018-03-06,2018-03-05,002763,9.253908951173409,9.283263142929709,9.261247499112484
2018-03-06,2018-03-05,300110,6.18850329951702,6.169011950542163,6.207994648491877
2018-03-06,2018-03-05,300196,10.966021714451,10.92706604228599,10.966021714451
2018-03-06,2018-03-05,300288,23.43127899350674,23.38197074646653,23.64823528048365
2018-03-06,2018-03-05,300541,6.624656693323764,6.650921852019762,6.64800350105354
2018-03-06,2018-03-05,300573,7.008286541144981,6.981951974527246,7.024745645281066
2018-03-06,2018-03-05,600180,8.948262745195757,8.966017234769559,9.037035193064764
2018-03-06,2018-03-05,600197,17.96599725306014,18.06334994753485,17.98369774296463
2018-03-06,2018-03-05,600386,4.713650863591019,4.732245147076585,4.741542288819368
2018-03-06,2018-03-05,600449,9.270275697306232,9.317213802102721,9.231160609975827
2018-03-06,2018-03-05,600668,12.9859525919727,13.08633592191768,13.15934198005948
2018-03-06,2018-03-05,600720,8.419249628087901,8.464473887504667,8.404174874948978
2018-03-06,2018-03-05,600744,3.26,3.27,3.26
2018-03-06,2018-03-05,600801,6.89448811461089,6.909389745982526,6.849783220495977
2018-03-06,2018-03-05,600802,5.512814247845731,5.53678300544506,5.488845490246402
2018-03-06,2018-03-05,600874,10.08929691987426,10.0561901211216,10.1058503192506
2018-03-06,2018-03-05,601588,3.892074240730512,3.936504311971728,3.927618297723485
2018-03-06,2018-03-05,603011,8.304111918518197,8.255492996278631,8.245769211830718
2018-03-07,2018-03-06,000568,48.89302376237675,48.87612914462886,49.28159997057809
2018-03-07,2018-03-06,000856,19.28660240824682,19.44583132389798,19.44583132389798
2018-03-07,2018-03-06,000877,8.982204787098681,8.990460490027999,8.982204787098681
2018-03-07,2018-03-06,000965,4.877646464124844,4.90405971212552,4.895255296125295
2018-03-07,2018-03-06,002054,6.538794574484921,6.586732951130704,6.548382249814077
2018-03-07,2018-03-06,002148,8.115409065190063,8.066402971801233,8.027198097090171
2018-03-07,2018-03-06,002158,10.62179487157152,10.62179487157152,10.63050840304943
2018-03-07,2018-03-06,002171,6.272211469810775,6.244980450404939,6.208672424530492
2018-03-07,2018-03-06,002178,6.89,6.84,6.84
2018-03-07,2018-03-06,002230,38.61018050541517,38.65676293622142,38.53032490974729
2018-03-07,2018-03-06,002305,4.07,4.05,4.05
2018-03-07,2018-03-06,002307,6.651496478523009,6.639040492608172,6.64526848556559
2018-03-07,2018-03-06,002366,,,
2018-03-07,2018-03-06,002494,8.115337891176027,8.16524771830503,8.075410029472824
2018-03-07,2018-03-06,002517,13.08196720842455,13.26035767035761,12.97625434209385
2018-03-07,2018-03-06,002545,,,
2018-03-07,2018-03-06,002742,21.63332278589733,21.74037026706911,21.64305437509477
2018-03-07,2018-03-06,002759,12.72149971340071,12.70254069743439,12.62670463356911
2018-03-07,2018-03-06,002763,9.290601690868783,9.327294430564159,9.312617334686008
2018-03-07,2018-03-06,300110,6.31519706785359,6.285960044391304,6.256723020929019
2018-03-07,2018-03-06,300196,11.21923358352358,11.19001682939982,11.26792817372985
2018-03-07,2018-03-06,300288,23.21432270652982,23.07625961481724,22.88888827606445
2018-03-07,2018-03-06,300541,6.580881428830436,6.586718130762879,6.595473183661546
2018-03-07,2018-03-06,300573,7.070831136862105,7.110332986788709,7.116916628443143
2018-03-07,2018-03-06,600180,9.019280703490962,9.045912437851664,9.037035193064764
2018-03-07,2018-03-06,600197,18.0722001924871,18.14300215210506,18.23150460162753
2018-03-07,2018-03-06,600386,4.741542288819368,4.722948005333802,4.722948005333802
2018-03-07,2018-03-06,600449,9.473674151424344,9.434559064093939,9.411090011695695
2018-03-07,2018-03-06,600668,13.32360561087853,13.36923439721715,13.32360561087853
2018-03-07,2018-03-06,600720,8.698132561157955,8.615221418893885,8.63783354860227
2018-03-07,2018-03-06,600744,3.3,3.29,3.29
2018-03-07,2018-03-06,600801,7.013701165583988,6.973963481926288,6.954094640097439
2018-03-07,2018-03-06,600802,5.600699692376605,5.584720520643719,5.568741348910833
2018-03-07,2018-03-06,600874,10.18034061644409,10.09757361956243,10.14723381769143
2018-03-07,2018-03-06,601588,3.980934383212944,3.980934383212944,4.007592425957673
2018-03-07,2018-03-06,603011,8.245769211830718,8.255492996278631,8.255492996278631
2018-03-08,2018-03-07,000568,48.99439146886405,48.90147107125069,49.05352263098165
2018-03-08,2018-03-07,000856,19.25674698656223,19.3761686733006,19.24679517933403
2018-03-08,2018-03-07,000877,8.957437678310724,8.92441486659345,8.92441486659345
2018-03-08,2018-03-07,000965,4.807211136123041,4.824819968123492,4.833624384123717
2018-03-08,2018-03-07,002054,6.490856197839136,6.471680847180823,6.48126852250998
2018-03-08,2018-03-07,002148,7.938987128990278,7.938987128990278,7.987993222379107
2018-03-08,2018-03-07,002158,10.40395658462378,10.4213836475796,10.40395658462378
2018-03-08,2018-03-07,002171,6.172364398656044,6.172364398656044,6.154210385718821
2018-03-08,2018-03-07,002178,6.89,6.87,6.87
2018-03-08,2018-03-07,002230,38.34399518652226,38.72330926594464,38.53032490974729
2018-03-08,2018-03-07,002305,3.97,3.95,3.97
2018-03-08,2018-03-07,002307,6.582988555991405,6.595444541906242,6.564304577119149
2018-03-08,2018-03-07,002366,,,
2018-03-08,2018-03-07,002494,8.125319856601827,8.155265752879229,8.14528378745343
2018-03-08,2018-03-07,002517,12.91679085478283,12.80447093430645,12.71197217626709
2018-03-08,2018-03-07,002545,,,
2018-03-08,2018-03-07,002742,21.56520166151529,21.57493325071273,21.47761735873838
2018-03-08,2018-03-07,002759,12.46555299785539,12.49399152180487,12.70254069743439
2018-03-08,2018-03-07,002763,9.312617334686008,9.319955882625083,9.290601690868783
2018-03-08,2018-03-07,300110,6.178757625029592,6.18850329951702,6.169011950542163
2018-03-08,2018-03-07,300196,11.05367197682228,11.01471630465726,10.966021714451
2018-03-08,2018-03-07,300288,22.62262374204733,22.81985673020816,22.83958002902424
2018-03-08,2018-03-07,300541,6.525432760472219,6.563371323033103,6.566289673999326
2018-03-08,2018-03-07,300573,7.011578361972199,7.031329286935501,7.103749345134274
2018-03-08,2018-03-07,600180,9.010403458704062,9.010403458704062,9.045912437851664
2018-03-08,2018-03-07,600197,18.32885729610224,18.23150460162753,18.24920509153202
2018-03-08,2018-03-07,600386,4.657868013134321,4.667165154877104,4.657868013134321
2018-03-08,2018-03-07,600449,9.309390784636639,9.301567767170559,9.317213802102721
2018-03-08,2018-03-07,600668,13.1319647082563,13.14109046552403,13.1319647082563
2018-03-08,2018-03-07,600720,8.554922406338198,8.524772900060354,8.502160770351971
2018-03-08,2018-03-07,600744,3.36,3.34,3.38
2018-03-08,2018-03-07,600801,6.89448811461089,6.899455325068102,6.869652062324827
2018-03-08,2018-03-07,600802,5.520803833712174,5.520803833712174,5.53678300544506
2018-03-08,2018-03-07,600874,9.973423124239941,10.04791342143344,10.01480662268077
2018-03-08,2018-03-07,601588,3.989820397461187,3.989820397461187,4.007592425957673
2018-03-08,2018-03-07,603011,8.323559487414027,8.284664349622371,8.284664349622371
2018-03-09,2018-03-08,000568,50.12633085797229,50.9710617453665,51.02174559861015
2018-03-09,2018-03-08,000856,21.18739758883255,22.09301204659852,21.63522891410144
2018-03-09,2018-03-08,000877,9.031739004674591,9.03999470760391,9.03999470760391
2018-03-09,2018-03-08,000965,4.948081792126647,5.009712704128225,4.965690624127097
2018-03-09,2018-03-08,002054,6.45250549652251,6.442917821193353,6.510031548497451
2018-03-09,2018-03-08,002148,7.978192003701342,7.997794441056874,7.958589566345809
2018-03-09,2018-03-08,002158,10.9790496621658,10.9790496621658,10.83963315851925
2018-03-09,2018-03-08,002171,6.136056372781597,6.190518411593269,6.217749430999103
2018-03-09,2018-03-08,002178,6.88,6.85,6.91
2018-03-09,2018-03-08,002230,38.05784596871239,37.93140794223827,37.93140794223827
2018-03-09,2018-03-08,002305,4.2,4.16,4.12
2018-03-09,2018-03-08,002307,6.726232394012032,6.726232394012032,6.744916372884287
2018-03-09,2018-03-08,002366,,,
2018-03-09,2018-03-08,002494,8.504634542782256,8.494652577356456,8.404814888524248
2018-03-09,2018-03-08,002517,12.80447093430645,12.86393442161748,12.78464977186945
2018-03-09,2018-03-08,002545,,,
2018-03-09,2018-03-08,002742,21.50681212633068,21.58466483991016,21.48734894793581
2018-03-09,2018-03-08,002759,12.60774561760279,12.65514315751859,12.65514315751859
2018-03-09,2018-03-08,002763,9.393341362015832,9.363987170259533,9.393341362015832
2018-03-09,2018-03-08,300110,6.217740322979306,6.217740322979306,6.305451393366161
2018-03-09,2018-03-08,300196,11.07314981290478,11.07314981290478,11.03419414073977
2018-03-09,2018-03-08,300288,22.96778147132878,23.17487610889765,23.31293920061024
2018-03-09,2018-03-08,300541,6.715125573276644,6.697615467479312,6.741390731972642
2018-03-09,2018-03-08,300573,7.225546715741303,7.189336686641917,7.271632207322341
2018-03-09,2018-03-08,600180,9.019280703490962,9.045912437851664,9.063666927425466
2018-03-09,2018-03-08,600197,18.55896366486064,18.895272973046,18.9129734629505
2018-03-09,2018-03-08,600386,4.629976587905972,4.732245147076585,4.732245147076585
2018-03-09,2018-03-08,600449,9.403266994229613,9.403266994229613,9.364151906899208
2018-03-09,2018-03-08,600668,13.28710258180763,13.2779768245399,13.2779768245399
2018-03-09,2018-03-08,600720,8.607684042324424,8.622758795463346,8.562459782907659
2018-03-09,2018-03-08,600744,3.46,3.44,3.38
2018-03-09,2018-03-08,600801,6.934225798268589,6.919324166896951,6.914356956439739
2018-03-09,2018-03-08,600802,5.552762177177947,5.632658035842377,5.64064762170882
2018-03-09,2018-03-08,600874,10.97490378650802,11.78602035594828,11.42184556966898
2018-03-09,2018-03-08,601588,4.167540682426051,4.140882639681322,4.176426696674294
2018-03-09,2018-03-08,603011,8.343007056309853,8.430521116341074,8.527758960820211
2018-03-12,2018-03-09,000568,50.53180168392151,50.62472208153487,49.92359544499768
2018-03-12,2018-03-09,000856,21.26701204665813,20.5902891551407,20.73956626356366
2018-03-12,2018-03-09,000877,9.03999470760391,9.106040331038459,9.122551736897098
2018-03-12,2018-03-09,000965,5.009712704128225,4.992103872127774,4.974495040127323
2018-03-12,2018-03-09,002054,6.83601250968878,6.970239964296975,6.960652288967818
2018-03-12,2018-03-09,002148,8.242824908001017,8.399644406845271,8.419246844200801
2018-03-12,2018-03-09,002158,10.86577375295298,10.83963315851925,10.91805494182044
2018-03-12,2018-03-09,002171,6.308519495685222,6.372058540965504,6.39928956037134
2018-03-12,2018-03-09,002178,7.13,7.12,7.14
2018-03-12,2018-03-09,002230,38.67672683513838,41.25872442839952,40.67977135980746
2018-03-12,2018-03-09,002305,4.13,4.14,4.12
2018-03-12,2018-03-09,002307,6.738688379926868,6.782284330628799,6.782284330628799
2018-03-12,2018-03-09,002366,,,
2018-03-12,2018-03-09,002494,8.414796853950049,8.394832923098448,8.364887026821046
2018-03-12,2018-03-09,002517,13.28017883279462,13.49160456545603,13.49160456545603
2018-03-12,2018-03-09,002545,,,
2018-03-12,2018-03-09,002742,21.50681212633068,21.67224914268707,21.49708053713325
2018-03-12,2018-03-09,002759,13.0532824928113,13.45142182810402,13.3850652722219
2018-03-12,2018-03-09,002763,9.591482156370853,9.576805060492704,9.650190539883452
2018-03-12,2018-03-09,300110,6.841463490174721,6.773243768762724,6.870700513637007
2018-03-12,2018-03-09,300196,11.30688384589486,11.2971449278536,11.34583951805987
2018-03-12,2018-03-09,300288,24.65412352010389,24.62453857187976,25.02886619760947
2018-03-12,2018-03-09,300541,7.041980881493499,7.123694708547713,7.257938852993922
2018-03-12,2018-03-09,300573,7.485600561091445,7.571187902599088,7.551436977635786
2018-03-12,2018-03-09,600180,9.170193864868272,9.232334578376575,9.365493250180084
2018-03-12,2018-03-09,600197,18.96607493266398,19.29353399589709,19.41743742522854
2018-03-12,2018-03-09,600386,4.704353721848237,4.676462296619888,4.685759438362671
2018-03-12,2018-03-09,600449,9.418913029161775,9.465851133958262,9.606665448347725
2018-03-12,2018-03-09,600668,13.52437227076848,13.54262378530393,13.62475560071345
2018-03-12,2018-03-09,600720,8.607684042324424,8.630296172032807,8.675520431449574
2018-03-12,2018-03-09,600744,3.43,3.42,3.44
2018-03-12,2018-03-09,600801,6.864684851867614,6.889520904153676,6.89448811461089
2018-03-12,2018-03-09,600802,5.656626793441707,5.672605965174593,5.680595551041036
2018-03-12,2018-03-09,600874,11.34735527247549,11.04939408370151,11.00801058526068
2018-03-12,2018-03-09,601588,4.19419872517078,4.19419872517078,4.19419872517078
2018-03-12,2018-03-09,603011,8.372178409653593,8.576377883059779,8.547206529716037
2018-03-13,2018-03-12,000591,4.216002123589259,4.224141123827849,4.240419124305027
2018-03-13,2018-03-12,000929,8.970000000000001,8.91,8.859999999999999
2018-03-13,2018-03-12,000951,9.362513572444261,9.316421197933767,9.29913655749233
2018-03-13,2018-03-12,002045,13.98747588334935,13.95752411486252,13.87765273223097
2018-03-13,2018-03-12,002054,7.516737458058912,7.861893769908555,8.034471925833378
2018-03-13,2018-03-12,002069,4.59,4.68,4.8
2018-03-13,2018-03-12,002326,8.43967146320205,8.492200538699157,8.413406925453494
2018-03-13,2018-03-12,002350,7.405392562166586,7.389851339580717,7.335457060530175
2018-03-13,2018-03-12,002365,19.59217694187579,19.40416465487566,19.44306374873776
2018-03-13,2018-03-12,002366,,,
2018-03-13,2018-03-12,002386,5.532965309785577,5.511153357184583,5.547506611519573
2018-03-13,2018-03-12,002429,3.262168957170886,3.234127390203801,3.234127390203801
2018-03-13,2018-03-12,002496,5.165624997839332,5.116145831193362,5.106249997864168
2018-03-13,2018-03-12,002545,,,
2018-03-13,2018-03-12,002682,6.800308882419973,6.780540542645496,6.780540542645496
2018-03-13,2018-03-12,002715,13.40261027803774,13.23018679103676,13.35618856999902
2018-03-13,2018-03-12,002759,13.26183166844083,13.37558576423874,13.49881936801983
2018-03-13,2018-03-12,002760,24.42754532539251,23.54744961711175,24.15373777170516
2018-03-13,2018-03-12,002802,12.58269399657799,12.54420009525003,12.48645924325808
2018-03-13,2018-03-12,300115,16.88508775704764,17.01547453509434,17.40663486923444
2018-03-13,2018-03-12,300397,9.803323375597113,9.709060650831757,9.609253059903731
2018-03-13,2018-03-12,300435,11.30258286778833,11.29312463944708,11.31204109612958
2018-03-13,2018-03-12,300502,4.932474885514636,4.854726930940908,4.847494563073584
2018-03-13,2018-03-12,300555,10.7468445060493,10.75677689468705,10.72697972877379
2018-03-13,2018-03-12,600191,7.607777376478627,7.518156962357806,7.567946081313818
2018-03-13,2018-03-12,600219,2.64715618289678,2.639393261539311,2.631630340181843
2018-03-13,2018-03-12,600326,7.072291789795812,7.117968593605043,7.156032596779402
2018-03-13,2018-03-12,600339,4.07154761681252,4.07154761681252,4.107658903879593
2018-03-13,2018-03-12,600425,3.551733019016945,3.532482433548019,3.522857140813556
2018-03-13,2018-03-12,600456,18.00069422280814,17.90838297038348,18.00069422280814
2018-03-13,2018-03-12,600516,11.65905104369788,11.5672474921727,11.6089763792296
2018-03-13,2018-03-12,600801,7.013701165583988,6.993832323755138,7.023635586498413
2018-03-13,2018-03-12,600814,6.887035494620389,6.913255172899401,6.90451528013973
2018-03-13,2018-03-12,600873,3.66645476763759,3.659121858102315,3.673787677172865
2018-03-13,2018-03-12,601588,4.158654668177808,4.140882639681322,4.158654668177808
2018-03-13,2018-03-12,601618,3.523323852822984,3.514772095898657,3.523323852822984
2018-03-13,2018-03-12,603011,8.887538985393014,8.809748709809705,8.71251086533057
2018-03-14,2018-03-13,000591,4.19972412311208,4.183446122634901,4.183446122634901
2018-03-14,2018-03-13,000929,8.83,8.800000000000001,8.81
2018-03-14,2018-03-13,000951,9.241521089354212,9.235759542540402,9.218474902098965
2018-03-14,2018-03-13,002045,13.88763665505992,13.8377170409152,13.82773311808626
2018-03-14,2018-03-13,002054,7.7851923672753,7.555088159375539,7.545500484046382
2018-03-14,2018-03-13,002069,5.05,4.94,4.9
2018-03-14,2018-03-13,002326,8.641032919274297,8.562239306028633,8.58850384377719
2018-03-14,2018-03-13,002350,7.25775094760083,7.242209725014962,7.249980336307896
2018-03-14,2018-03-13,002365,19.13187099784099,19.10593826859959,19.17725327401343
2018-03-14,2018-03-13,002366,,,
2018-03-14,2018-03-13,002386,5.605671818455558,5.547506611519573,5.547506611519573
2018-03-14,2018-03-13,002429,3.234127390203801,3.215433012225744,3.196738634247687
2018-03-14,2018-03-13,002496,5.017187497901421,5.027083331230615,5.046874997889002
2018-03-14,2018-03-13,002545,,,
2018-03-14,2018-03-13,002682,6.741003863096543,6.741003863096543,6.76077220287102
2018-03-14,2018-03-13,002715,13.38934693288382,13.33629355226813,13.38271526030686
2018-03-14,2018-03-13,002759,13.71684805163251,13.68840952768302,13.70736854364934
2018-03-14,2018-03-13,002760,25.18051609803271,25.27830451006391,24.83825665592353
2018-03-14,2018-03-13,002802,12.3613540639422,12.41909491593415,12.45277707959612
2018-03-14,2018-03-13,300115,17.87928693965373,17.67555759895576,17.58591668904865
2018-03-14,2018-03-13,300397,9.581528729090392,9.520535201301044,9.548259532114383
2018-03-14,2018-03-13,300435,11.12287652930467,11.12287652930467,11.13233475764591
2018-03-14,2018-03-13,300502,4.807716539803305,4.75528187276521,4.787827528168165
2018-03-14,2018-03-13,300555,11.26332871521248,11.0249513879064,10.96535705607988
2018-03-14,2018-03-13,600191,7.587861728896224,7.65756649543464,7.667524319225842
2018-03-14,2018-03-13,600219,2.616104497466905,2.670444946969185,2.670444946969185
2018-03-14,2018-03-13,600326,7.125581394239914,7.049453387891197,7.064678989160941
2018-03-14,2018-03-13,600339,4.125714547413131,4.098631082112825,4.062519795045752
2018-03-14,2018-03-13,600425,3.513231848079092,3.513231848079092,3.513231848079092
2018-03-14,2018-03-13,600456,17.96376972183828,17.95453859659581,17.89915184514102
2018-03-14,2018-03-13,600516,11.4837897180589,11.51299993899873,11.51299993899873
2018-03-14,2018-03-13,600801,7.03853721787005,7.083242111984962,7.018668376041201
2018-03-14,2018-03-13,600814,6.860815816341377,6.860815816341377,6.860815816341377
2018-03-14,2018-03-13,600873,3.659121858102315,3.644456039031764,3.644456039031764
2018-03-14,2018-03-13,601588,4.167540682426051,4.131996625433079,4.123110611184835
2018-03-14,2018-03-13,601618,3.497668582050001,3.506220338974328,3.497668582050001
2018-03-14,2018-03-13,603011,8.605549236403519,8.595825451955607,8.634720589747261
2018-03-15,2018-03-14,000591,4.134612121203366,4.134612121203366,4.110195120487598
2018-03-15,2018-03-14,000929,8.81,8.710000000000001,8.6
2018-03-15,2018-03-14,000951,9.160859433960846,9.137813246705599,9.155097887147035
2018-03-15,2018-03-14,002045,13.50824758756008,12.97909967762609,12.72950160690251
2018-03-15,2018-03-14,002054,7.459211406083972,7.411273029438187,7.324983951475776
2018-03-15,2018-03-14,002069,4.8,4.62,4.64
2018-03-15,2018-03-14,002326,8.500955384615343,8.378387541788756,8.352123004040202
2018-03-15,2018-03-14,002350,7.086797499156271,7.03240322010573,7.047944442691599
2018-03-15,2018-03-14,002365,19.08648872166854,19.0281400808754,18.91792598159946
2018-03-15,2018-03-14,002366,,,
2018-03-15,2018-03-14,002386,5.576589214987566,5.532965309785577,5.489341404583588
2018-03-15,2018-03-14,002429,3.131308311324489,3.140655500313517,3.159349878291574
2018-03-15,2018-03-14,002496,4.96770833125545,4.957812497926255,4.977604164584644
2018-03-15,2018-03-14,002545,,,
2018-03-15,2018-03-14,002682,6.675109397181621,6.675109397181621,6.61580437785819
2018-03-15,2018-03-14,002715,13.29650351680637,13.25008180876764,13.28987184422941
2018-03-15,2018-03-14,002759,13.34714724028927,13.09120052474394,12.84473331718179
2018-03-15,2018-03-14,002760,24.3199780721582,23.7723629647835,23.5181130935024
2018-03-15,2018-03-14,002802,12.24106062229232,12.22662540929433,12.14963760663841
2018-03-15,2018-03-14,300115,17.49627577914155,17.59406586267657,17.56961834179282
2018-03-15,2018-03-14,300397,9.298740554794321,9.182298365378291,9.165663766890288
2018-03-15,2018-03-14,300435,11.05666893091595,10.90533727745602,10.90533727745602
2018-03-15,2018-03-14,300502,4.706463389660776,4.69561483785979,4.637755894921202
2018-03-15,2018-03-14,300555,10.82630361515133,10.67731778558502,10.54819673329423
2018-03-15,2018-03-14,600191,7.647608671643437,7.548030433731413,7.458410019610592
2018-03-15,2018-03-14,600219,2.654919104254248,2.639393261539311,2.639393261539311
2018-03-15,2018-03-14,600326,7.178870998684016,7.133194194874786,7.095130191700428
2018-03-15,2018-03-14,600339,4.089603260346057,4.080575438579288,4.044464151512216
2018-03-15,2018-03-14,600425,3.522857140813556,3.542107726282482,3.522857140813556
2018-03-15,2018-03-14,600456,17.52990683544239,17.3914399568054,17.19758632671362
2018-03-15,2018-03-14,600516,11.52969149382149,11.35025727947682,11.29183683759716
2018-03-15,2018-03-14,600801,7.574995947248995,7.609766420449483,7.411078002160984
2018-03-15,2018-03-14,600814,6.799636567023684,6.773416888744672,6.729717424946319
2018-03-15,2018-03-14,600873,3.65178894856704,3.637123129496489,3.637123129496489
2018-03-15,2018-03-14,601588,4.096452568440106,4.105338582688349,4.087566554191862
2018-03-15,2018-03-14,601618,3.489116825125674,3.489116825125674,3.480565068201346
2018-03-15,2018-03-14,603011,8.381902194101507,8.401349762997334,8.294388134070285
2018-03-16,2018-03-15,000591,4.126473120964777,4.118334120726187,4.126473120964777
2018-03-16,2018-03-15,000929,8.6,8.56,8.640000000000001
2018-03-16,2018-03-15,000951,9.160859433960846,9.126290153077974,9.120528606264163
2018-03-16,2018-03-15,002045,12.86927652650771,12.89922829499455,13.16879421137601
2018-03-16,2018-03-15,002054,7.286633250159149,7.411273029438187,7.487974432071441
2018-03-16,2018-03-15,002069,4.73,4.78,4.77
2018-03-16,2018-03-15,002326,8.308348774459279,8.247064853045986,8.299593928543095
2018-03-16,2018-03-15,002350,7.024632608812795,7.055715053984533,7.110109333035076
2018-03-16,2018-03-15,002365,19.31988328484112,19.26153464404798,19.33933283177217
2018-03-16,2018-03-15,002366,,,
2018-03-16,2018-03-15,002386,5.460258801115595,5.467529451982593,5.460258801115595
2018-03-16,2018-03-15,002429,3.150002689302546,3.159349878291574,3.178044256269631
2018-03-16,2018-03-15,002496,4.848958331305121,4.858854164634315,4.957812497926255
2018-03-16,2018-03-15,002545,,,
2018-03-16,2018-03-15,002682,6.582857144900729,6.609214931266698,6.655341057407144
2018-03-16,2018-03-15,002715,12.90523483476568,12.87870814445784,12.91849817991961
2018-03-16,2018-03-15,002759,13.1480775726429,13.22391363650818,13.25235216045767
2018-03-16,2018-03-15,002760,23.80169948839286,23.79192064718974,23.88970905922094
2018-03-16,2018-03-15,002802,11.86093334667868,11.86574508434468,12.0534028533185
2018-03-16,2018-03-15,300115,17.87113776602581,17.87928693965373,17.85483941876997
2018-03-16,2018-03-15,300397,9.481721138162367,9.276561090143648,9.343099484095665
2018-03-16,2018-03-15,300435,10.8391296790673,10.79183853736108,10.85804613574979
2018-03-16,2018-03-15,300502,4.672109642290989,4.664877274423666,4.650412538689018
2018-03-16,2018-03-15,300555,10.39921090372793,10.34954896053916,10.41907568100343
2018-03-16,2018-03-15,600191,7.767102557137866,7.727271261973057,7.727271261973057
2018-03-16,2018-03-15,600219,2.639393261539311,2.631630340181843,2.623867418824374
2018-03-16,2018-03-15,600326,6.988550982812224,7.049453387891197,7.072291789795812
2018-03-16,2018-03-15,600339,4.026408507978679,3.999325042678374,4.026408507978679
2018-03-16,2018-03-15,600425,3.503606555344629,3.493981262610166,3.503606555344629
2018-03-16,2018-03-15,600456,17.18835520147116,17.25297307816842,17.21604857719855
2018-03-16,2018-03-15,600516,11.2751452827744,11.35025727947682,11.38364038912234
2018-03-16,2018-03-15,600801,7.475651738104746,7.540225474048508,7.599831999535058
2018-03-16,2018-03-15,600814,6.694757853907637,6.860815816341377,6.860815816341377
2018-03-16,2018-03-15,600873,3.600458581820113,3.622457310425939,3.622457310425939
2018-03-16,2018-03-15,601588,4.069794525695376,4.105338582688349,4.087566554191862
2018-03-16,2018-03-15,601618,3.489116825125674,3.480565068201346,3.489116825125674
2018-03-16,2018-03-15,603011,8.304111918518197,8.352730840757767,8.518035176372297
2018-03-19,2018-03-16,000591,4.08577811977183,4.069500119294652,4.061361119056063
2018-03-19,2018-03-16,000929,8.710000000000001,8.66,8.65
2018-03-19,2018-03-16,000951,9.005297669987927,9.057151591312234,9.045628497684609
2018-03-19,2018-03-16,002045,12.89922829499455,12.7494694525604,12.66959806992885
2018-03-19,2018-03-16,002054,7.411273029438187,7.296220925488306,7.248282548842521
2018-03-19,2018-03-16,002069,4.68,4.59,4.62
2018-03-19,2018-03-16,002326,8.203290623465062,8.177026085716507,8.098232472470846
2018-03-19,2018-03-16,002350,7.03240322010573,7.001320774933992,7.016861997519861
2018-03-19,2018-03-16,002365,19.08000553935819,18.9892409870133,18.80122870001317
2018-03-19,2018-03-16,002366,,,
2018-03-19,2018-03-16,002386,5.40209359417961,5.358469688977622,5.351199038110623
2018-03-19,2018-03-16,002429,3.224780201214772,3.215433012225744,3.206085823236716
2018-03-19,2018-03-16,002496,4.868749997963508,4.809374997988344,4.839062497975926
2018-03-19,2018-03-16,002545,,,
2018-03-19,2018-03-16,002682,6.609214931266698,6.622393824449683,6.64216216422416
2018-03-19,2018-03-16,002715,12.95828821538137,12.90523483476568,12.86544479930392
2018-03-19,2018-03-16,002759,12.93952839701338,12.88265134911443,12.77837676129967
2018-03-19,2018-03-16,002760,24.26130502493948,24.1732954541114,24.05594935967397
2018-03-19,2018-03-16,002802,12.07746154164847,12.11595544297644,12.12557891830843
2018-03-19,2018-03-16,300115,17.54517082090906,17.23550222304815,17.34959065383901
2018-03-19,2018-03-16,300397,9.315375153282325,9.320920019444992,9.537169799789046
2018-03-19,2018-03-16,300435,11.02829424589221,10.96208664750349,10.97154487584474
2018-03-19,2018-03-16,300502,4.583513135916276,4.574472676082122,4.585321227883107
2018-03-19,2018-03-16,300555,10.20056313097285,10.40914329236568,10.41907568100343
2018-03-19,2018-03-16,600191,8.16541550878596,8.055879447082736,8.045921623291534
2018-03-19,2018-03-16,600219,2.616104497466905,2.616104497466905,2.600578654751968
2018-03-19,2018-03-16,600326,6.942874179002994,6.935261378368121,6.897197375193764
2018-03-19,2018-03-16,600339,3.990297220911605,3.9632137556113,3.990297220911605
2018-03-19,2018-03-16,600425,3.522857140813556,3.542107726282482,3.619110068158188
2018-03-19,2018-03-16,600456,17.38220883156293,17.44682670826019,17.42836445777526
2018-03-19,2018-03-16,600516,11.2751452827744,11.11657551195818,11.12492128936956
2018-03-19,2018-03-16,600801,7.505455000848021,7.40114358124656,7.26206168844461
2018-03-19,2018-03-16,600814,6.913255172899401,6.817116352543025,6.852075923581706
2018-03-19,2018-03-16,600873,3.607791491355388,3.593125672284838,3.600458581820113
2018-03-19,2018-03-16,601588,4.114224596936592,4.069794525695376,4.034250468702403
2018-03-19,2018-03-16,601618,3.480565068201346,3.472013311277018,3.472013311277018
2018-03-19,2018-03-16,603011,8.508311391924384,8.46941625413273,8.459692469684816
2018-03-20,2018-03-19,000049,20.00880825597064,19.88919966690847,19.83793884302468
2018-03-20,2018-03-19,000070,7.553419270916739,7.479446720929523,7.421912515383912
2018-03-20,2018-03-19,000591,4.053222118817473,3.996249117147348,4.012527117624527
2018-03-20,2018-03-19,000852,8.359999999999999,8.33,8.369999999999999
2018-03-20,2018-03-19,000877,9.221620172048921,9.155574548614371,9.147318845685053
2018-03-20,2018-03-19,002054,7.305808600817462,7.171581146209268,7.190756496867581
2018-03-20,2018-03-19,002069,4.64,4.62,4.57
2018-03-20,2018-03-19,002131,2.708922759265753,2.689149600438996,2.689149600438996
2018-03-20,2018-03-19,002149,8.843952374312101,8.7180253416001,8.6792785623041
2018-03-20,2018-03-19,002158,10.49980543088079,10.34296186427842,10.39524305314588
2018-03-20,2018-03-19,002326,8.194535777548877,8.115742164303215,8.14200670205177
2018-03-20,2018-03-19,002350,7.016861997519861,6.908073439418779,6.923614662004647
2018-03-20,2018-03-19,002352,45.52930168937207,45.24108454712481,45.37618633255322
2018-03-20,2018-03-19,002366,,,
2018-03-20,2018-03-19,002456,20.87699820703002,20.80730865650584,20.90686515725467
2018-03-20,2018-03-19,002496,4.848958331305121,4.809374997988344,4.809374997988344
2018-03-20,2018-03-19,002545,,,
2018-03-20,2018-03-19,002760,23.74302644117414,23.19541133379945,23.02917103334642
2018-03-20,2018-03-19,300110,6.85120916466215,6.773243768762724,6.841463490174721
2018-03-20,2018-03-19,300157,6.93,6.82,6.77
2018-03-20,2018-03-19,300355,10.97832705213302,10.90168951599248,10.88253013195734
2018-03-20,2018-03-19,300374,14.0458794543549,13.83742470626907,13.91683603887319
2018-03-20,2018-03-19,300476,16.09619104201714,15.69498034542086,15.46571709022299
2018-03-20,2018-03-19,300481,13.4632805174777,13.39980441885687,13.34902353996021
2018-03-20,2018-03-19,300577,33.81358660079291,33.83423296721072,33.91165684127758
2018-03-20,2018-03-19,600172,8.82,8.699999999999999,8.699999999999999
2018-03-20,2018-03-19,600197,19.39973693532405,19.30238424084934,19.31123448580158
2018-03-20,2018-03-19,600339,3.972241577378069,3.936130290310996,3.927102468544227
2018-03-20,2018-03-19,600408,2.48,2.45,2.46
2018-03-20,2018-03-19,600463,10.33518825763027,10.25545681494846,10.21559109360755
2018-03-20,2018-03-19,600809,36.198030216229,36.14317548109749,36.71000774412312
2018-03-20,2018-03-19,600874,11.123884380895,10.92524358837902,10.71004939648671
2018-03-20,2018-03-19,601588,4.016478440205916,3.989820397461187,3.963162354716458
2018-03-20,2018-03-19,601991,3.409684664684078,3.383456321109585,3.40094188349258
2018-03-20,2018-03-19,603011,8.459692469684816,8.294388134070285,8.226321642934892
2018-03-21,2018-03-20,000049,20.00880825597064,20.10563425664001,20.21954719860397
2018-03-21,2018-03-20,000070,7.857528643086401,7.775336920878385,7.857528643086401
2018-03-21,2018-03-20,000591,4.020666117863116,4.028805118101705,4.077639119533241
2018-03-21,2018-03-20,000852,8.630000000000001,8.619999999999999,8.640000000000001
2018-03-21,2018-03-20,000877,9.254642983766196,9.271154389624833,9.254642983766196
2018-03-21,2018-03-20,002054,7.392097678779874,7.411273029438187,7.37292232812156
2018-03-21,2018-03-20,002069,4.75,4.71,4.76
2018-03-21,2018-03-20,002131,2.699036179852374,2.689149600438996,2.699036179852374
2018-03-21,2018-03-20,002149,8.6792785623041,8.659905172656098,8.756772120896098
2018-03-21,2018-03-20,002158,10.5085189623587,10.5085189623587,10.52594602531452
2018-03-21,2018-03-20,002326,8.194535777548877,8.220800315297431,8.282084236710725
2018-03-21,2018-03-20,002350,7.016861997519861,7.001320774933992,7.024632608812795
2018-03-21,2018-03-20,002352,45.22307097573436,45.49327454659117,45.42122026102935
2018-03-21,2018-03-20,002366,,,
2018-03-21,2018-03-20,002456,21.58384936234673,21.73318411346997,22.20109966698948
2018-03-21,2018-03-20,002496,4.809374997988344,4.799479164659149,4.829166664646732
2018-03-21,2018-03-20,002545,,,
2018-03-21,2018-03-20,002760,23.38120931665872,23.65501687034607,23.79192064718974
2018-03-21,2018-03-20,300110,7.09485102684786,7.026631305435861,6.987648607486148
2018-03-21,2018-03-20,300157,6.93,7.02,7.01
2018-03-21,2018-03-20,300355,10.74841444371139,10.81547228783437,10.78673321178166
2018-03-21,2018-03-20,300374,14.33374553504486,14.38337761792244,14.2344813692897
2018-03-21,2018-03-20,300476,15.59945398908841,15.47526972585623,15.77140143048682
2018-03-21,2018-03-20,300481,13.52040900623645,13.53945183582269,13.67909925278852
2018-03-21,2018-03-20,300577,33.55034542896563,33.96327275732213,34.00456549015778
2018-03-21,2018-03-20,600172,8.609999999999999,8.609999999999999,8.539999999999999
2018-03-21,2018-03-20,600197,19.05457738218644,19.20503154637463,19.07227787209093
2018-03-21,2018-03-20,600339,3.972241577378069,3.981269399144837,3.999325042678374
2018-03-21,2018-03-20,600408,2.49,2.5,2.5
2018-03-21,2018-03-20,600463,10.29532253628937,10.31525539695982,10.38502040930641
2018-03-21,2018-03-20,600809,36.08222577539581,36.4844938330269,36.56982342100926
2018-03-21,2018-03-20,600874,11.1487144799595,10.99145718588435,11.04111738401335
2018-03-21,2018-03-20,601588,3.954276340468215,3.980934383212944,3.980934383212944
2018-03-21,2018-03-20,601991,3.40094188349258,3.409684664684078,3.418427445875576
2018-03-21,2018-03-20,603011,8.430521116341074,8.411073547445248,8.556930314163953
2018-03-22,2018-03-21,000049,19.76389543074811,19.90628660820307,19.81515625463189
2018-03-22,2018-03-21,000070,7.676706854228764,7.726021887553575,7.701364370891168
2018-03-22,2018-03-21,000591,3.988110116908759,4.004388117385937,3.996249117147348
2018-03-22,2018-03-21,000852,8.42,8.57,8.529999999999999
2018-03-22,2018-03-21,000877,9.03999470760391,9.089528925179822,8.990460490027999
2018-03-22,2018-03-21,002054,7.171581146209268,7.219519522855052,7.152405795550954
2018-03-22,2018-03-21,002069,4.63,4.67,4.62
2018-03-22,2018-03-21,002131,2.679263021025617,2.669376441612239,2.679263021025617
2018-03-22,2018-03-21,002149,8.6889652571281,8.7277120364241,8.650218477832098
2018-03-22,2018-03-21,002158,10.18611829767605,10.22097242358769,10.15126417176441
2018-03-22,2018-03-21,002326,8.229555161213616,8.203290623465062,8.212045469381248
2018-03-22,2018-03-21,002350,6.900302828125844,6.915844050711713,6.908073439418779
2018-03-22,2018-03-21,002352,45.05194204752505,45.25909811851527,45.06094883322027
2018-03-22,2018-03-21,002366,,,
2018-03-22,2018-03-21,002456,21.58384936234673,21.8924745146681,21.60376066249649
2018-03-22,2018-03-21,002496,4.779687498000762,4.779687498000762,4.769791664671568
2018-03-22,2018-03-21,002545,,,
2018-03-22,2018-03-21,002760,23.38120931665872,23.39098815786184,23.34209395184624
2018-03-22,2018-03-21,300110,6.782989443250151,6.821972141199865,6.782989443250151
2018-03-22,2018-03-21,300157,6.78,6.88,6.98
2018-03-22,2018-03-21,300355,10.53766121932489,10.623878447483,10.54724091134246
2018-03-22,2018-03-21,300374,13.797719039967,13.80764545654252,13.8572775394201
2018-03-22,2018-03-21,300476,14.94987476602778,15.13137484305943,15.15048011432592
2018-03-22,2018-03-21,300481,13.83778949934059,14.02187018534099,13.869527548651
2018-03-22,2018-03-21,300577,34.42265441011874,34.30393780321624,33.80842500918845
2018-03-22,2018-03-21,600172,8.49,8.51,8.49
2018-03-22,2018-03-21,600197,18.5501134199084,18.37310852086347,18.20495386677079
2018-03-22,2018-03-21,600339,3.954185933844532,3.999325042678374,3.990297220911605
2018-03-22,2018-03-21,600408,2.46,2.46,2.46
2018-03-22,2018-03-21,600463,10.55444972500527,10.50461757332913,10.63418116768708
2018-03-22,2018-03-21,600809,35.07046066074788,35.13750533701973,34.86323166136216
2018-03-22,2018-03-21,600874,10.8341998918092,10.86730669056186,10.75143289492754
2018-03-22,2018-03-21,601588,3.927618297723485,3.99870641170943,3.972048368964701
2018-03-22,2018-03-21,601991,3.409684664684078,3.40094188349258,3.374713539918087
2018-03-22,2018-03-21,603011,8.226321642934892,8.245769211830718,8.167978936247408
2018-03-23,2018-03-22,000049,19.53037389972198,18.72728765887602,18.84689624793818
2018-03-23,2018-03-22,000070,7.767117748657582,7.479446720929523,7.495885065371127
2018-03-23,2018-03-22,000591,3.97183211643158,3.833469112375562,3.874164113568508
2018-03-23,2018-03-22,000852,8.550000000000001,8.199999999999999,8.23
2018-03-23,2018-03-22,000877,9.03999470760391,8.618953858208659,8.651976669925935
2018-03-23,2018-03-22,002054,7.027766016271916,6.663434353763959,6.74972343172637
2018-03-23,2018-03-22,002069,4.64,4.45,4.53
2018-03-23,2018-03-22,002131,2.758355656332646,2.827561712226297,2.906654347533326
2018-03-23,2018-03-22,002149,8.698651951952099,8.204630515928095,8.185257126280092
2018-03-23,2018-03-22,002158,10.15997770324232,9.611025220134032,9.767868786736402
2018-03-23,2018-03-22,002326,8.194535777548877,7.949400091895706,7.984419475560444
2018-03-23,2018-03-22,002350,6.861449771661171,6.511772263479118,6.566166542529659
2018-03-23,2018-03-22,002352,44.1332499066119,42.29586562478561,43.11548312305126
2018-03-23,2018-03-22,002366,,,
2018-03-23,2018-03-22,002456,21.10597815875233,19.99094535036541,20.22988095216261
2018-03-23,2018-03-22,002496,4.740104164683985,4.591666664746073,4.621354164733655
2018-03-23,2018-03-22,002545,,,
2018-03-23,2018-03-22,002760,23.50833425229927,21.90460429498768,21.97305618340951
2018-03-23,2018-03-22,300110,6.675787023888439,6.344434091315875,6.383416789265588
2018-03-23,2018-03-22,300157,7.03,6.73,6.84
2018-03-23,2018-03-22,300355,10.43228460713164,10.22153138274514,10.23111107476271
2018-03-23,2018-03-22,300374,13.80764545654252,13.06316421337883,13.20213404543605
2018-03-23,2018-03-22,300476,15.22690119939188,14.32895344986688,14.3098481786004
2018-03-23,2018-03-22,300481,13.83778949934059,13.30459027092563,13.38710919913271
2018-03-23,2018-03-22,300577,33.45227518848097,31.23279079856478,32.30124026068722
2018-03-23,2018-03-22,600172,8.51,8.18,8.24
2018-03-23,2018-03-22,600197,17.63853818982702,16.85086638907709,17.01902104316978
2018-03-23,2018-03-22,600339,4.017380686211911,3.818768607343007,3.845852072643312
2018-03-23,2018-03-22,600408,2.45,2.35,2.35
2018-03-23,2018-03-22,600463,10.76374476204503,10.40495326997686,10.43485256098254
2018-03-23,2018-03-22,600809,35.31425948355461,33.51624316535499,34.61333786798527
2018-03-23,2018-03-22,600874,10.85075329118553,10.33759791051924,10.49485520459439
2018-03-23,2018-03-22,601588,3.963162354716458,3.812100112496324,3.838758155241054
2018-03-23,2018-03-22,601991,3.339742415152097,3.261057384428618,3.243571822045623
2018-03-23,2018-03-22,603011,7.973503247289136,7.603999438268421,7.672065929403815
2018-03-26,2018-03-23,000049,18.15772294905619,17.62802776892374,17.26920200173725
2018-03-26,2018-03-23,000070,7.167118176539061,6.953419698798218,6.92054300991501
2018-03-26,2018-03-23,000591,3.743940109751079,3.695106108319544,3.670689107603776
2018-03-26,2018-03-23,000852,7.71,7.34,7.4
2018-03-26,2018-03-23,000877,8.305237146894552,8.206168711742729,8.173145900025453
2018-03-26,2018-03-23,002054,6.327865717243471,6.049823132697925,6.09776150934371
2018-03-26,2018-03-23,002069,4.49,4.35,4.18
2018-03-26,2018-03-23,002131,2.867108029879812,2.748469076919267,2.748469076919267
2018-03-26,2018-03-23,002149,7.846222807440089,7.545935267896086,7.691235690256089
2018-03-26,2018-03-23,002158,9.140494520326927,8.983650953724558,9.027218611114105
2018-03-26,2018-03-23,002326,7.695509560326349,7.52916748791884,7.669245022577796
2018-03-26,2018-03-23,002350,6.263112702105214,6.131012310125326,6.185406589175868
2018-03-26,2018-03-23,002352,43.23257133708921,42.42196062451879,42.84527955219446
2018-03-26,2018-03-23,002366,,,
2018-03-26,2018-03-23,002456,19.69227584811892,19.26418289489895,19.65245324781939
2018-03-26,2018-03-23,002496,4.472916664795743,4.433333331478968,4.413541664820579
2018-03-26,2018-03-23,002545,,,
2018-03-26,2018-03-23,002760,21.1614123635506,19.58701892984836,19.557682406239
2018-03-26,2018-03-23,300110,6.01308115874331,5.964352786306168,5.779184971045028
2018-03-26,2018-03-23,300157,6.4,6.3,6.33
2018-03-26,2018-03-23,300355,9.59885140160322,9.44557632932213,9.464735713357268
2018-03-26,2018-03-23,300374,12.42787355254582,11.99111122322312,11.98118480664761
2018-03-26,2018-03-23,300476,13.70803213370599,13.49787414977461,13.79400585440519
2018-03-26,2018-03-23,300481,13.11416197506314,12.872952800304,12.872952800304
2018-03-26,2018-03-23,300577,32.31156344389613,31.56313266124998,32.25994752785157
2018-03-26,2018-03-23,600172,7.66,7.61,7.75
2018-03-26,2018-03-23,600197,16.5853590405097,16.16054728280188,16.31100144699006
2018-03-26,2018-03-23,600339,3.656267815541177,3.656267815541177,3.674323459074714
2018-03-26,2018-03-23,600408,2.26,2.21,2.22
2018-03-26,2018-03-23,600463,10.12589322059051,9.99632962623256,9.916598183550745
2018-03-26,2018-03-23,600809,34.09526536952097,33.76004198816172,34.25373460434534
2018-03-26,2018-03-23,600874,9.766505632035793,9.336117248251163,9.476821142949985
2018-03-26,2018-03-23,601588,3.776556055503351,3.723239970013892,3.714353955765649
2018-03-26,2018-03-23,601991,3.199857916088135,3.156144010130646,3.138658447747651
2018-03-26,2018-03-23,603011,7.215048060351878,7.069191293633174,7.010848586945692
2018-03-27,2018-03-26,000001,8.363839157207344,8.516882874631085,8.486274131146336
2018-03-27,2018-03-26,000049,18.41402706847511,18.76715718856341,18.80133107115259
2018-03-27,2018-03-26,000546,14.58836873399254,15.02836645050036,14.99903326939984
2018-03-27,2018-03-26,000591,3.800913111421205,3.833469112375562,3.841608112614151
2018-03-27,2018-03-26,000823,8.60344079160518,8.699034578178573,8.82330650072398
2018-03-27,2018-03-26,000839,6.86,7.02,7.03
2018-03-27,2018-03-26,002009,13.98653472276425,14.24262620360359,14.27217522062352
2018-03-27,2018-03-26,002048,12.12363225618753,12.32076448799546,12.29801846124839
2018-03-27,2018-03-26,002054,6.423742470535039,6.596320626459861,6.730548081068056
2018-03-27,2018-03-26,002178,7.52,7.59,7.58
2018-03-27,2018-03-26,002222,14.01931681141127,14.20755572000438,14.35993959838929
2018-03-27,2018-03-26,002273,14.16627113658427,14.43855790648226,14.51214892537361
2018-03-27,2018-03-26,002350,6.449607373135643,6.472919207014446,6.519542874772053
2018-03-27,2018-03-26,002366,,,
2018-03-27,2018-03-26,002429,2.906975775587809,2.953711720532951,2.953711720532951
2018-03-27,2018-03-26,002444,10.57470016442221,10.79342148077267,10.7553829909726
2018-03-27,2018-03-26,002545,,,
2018-03-27,2018-03-26,002562,8.451724137931034,8.568426724137931,8.556142241379311
2018-03-27,2018-03-26,002583,11.41080443122097,11.57992707754246,11.63961742330299
2018-03-27,2018-03-26,002759,11.61239727937099,11.83042596298367,11.83042596298367
2018-03-27,2018-03-26,002760,21.15163352234748,21.39610455242546,21.54278717047226
2018-03-27,2018-03-26,002836,9.759594697769318,9.944300091927346,9.956216568969799
2018-03-27,2018-03-26,300110,6.120283578105022,6.217740322979306,6.295705718878732
2018-03-27,2018-03-26,300136,34.72733152310197,35.97007885788231,35.91042698581285
2018-03-27,2018-03-26,300335,12.59714758223038,12.68623632043568,12.73078068953834
2018-03-27,2018-03-26,300471,8.417576763749954,8.517193056812085,8.596886091261789
2018-03-27,2018-03-26,300588,17.84042051018767,18.16309942028498,18.3492603299565
2018-03-27,2018-03-26,600137,18.93033280909297,19.29916540157408,19.19773643864178
2018-03-27,2018-03-26,600230,27.1445133280142,27.73794533150063,28.03799522090388
2018-03-27,2018-03-26,600338,21.87653149894885,22.35839342623847,22.35150968442005
2018-03-27,2018-03-26,601588,3.82987214099281,3.847644169489297,3.847644169489297
2018-03-27,2018-03-26,601601,29.76306297032372,29.93249217129331,29.7872671418908
2018-03-27,2018-03-26,601628,22.77642072396035,22.92511471486178,22.88138118812607
2018-03-28,2018-03-27,000001,8.371491343078532,8.310273856109037,8.394447900692095
2018-03-28,2018-03-27,000049,18.92663530731296,18.49946177494808,18.69311377628683
2018-03-28,2018-03-27,000546,15.02836645050036,14.86214509093074,15.38036462370662
2018-03-28,2018-03-27,000591,3.866025113329919,3.809052111659794,3.825330112136973
2018-03-28,2018-03-27,000823,8.918900287297371,8.746831471465269,8.82330650072398
2018-03-28,2018-03-27,000839,7.07,6.95,7.01
2018-03-28,2018-03-27,002009,14.45931899508304,14.1638288248838,14.33127325466337
2018-03-28,2018-03-27,002048,12.69986493377993,12.32076448799546,12.39658457715236
2018-03-28,2018-03-27,002054,6.625083652447332,6.567557600472391,6.605908301789018
2018-03-28,2018-03-27,002178,7.58,7.52,7.59
2018-03-28,2018-03-27,002222,14.47646844656598,14.21651947755644,14.29719329552491
2018-03-28,2018-03-27,002273,14.64461275937803,14.48271251781707,14.38704419325832
2018-03-28,2018-03-27,002350,6.581707765115529,6.573937153822595,6.674955100630743
2018-03-28,2018-03-27,002366,,,
2018-03-28,2018-03-27,002429,2.972406098511008,2.935017342554894,2.963058909521979
2018-03-28,2018-03-27,002444,10.87900808282285,10.70783487872249,10.76489261342262
2018-03-28,2018-03-27,002545,,,
2018-03-28,2018-03-27,002562,8.635991379310346,8.513146551724137,8.629849137931036
2018-03-28,2018-03-27,002583,11.70925616002361,11.59982385946264,11.74904972386396
2018-03-28,2018-03-27,002759,11.92522104281527,11.48916367558991,11.57447924743835
2018-03-28,2018-03-27,002760,21.78725820055024,21.57212369408161,22.00239270701887
2018-03-28,2018-03-27,002836,10.08729781643679,9.968133046012252,9.968133046012252
2018-03-28,2018-03-27,300110,6.324942742341018,6.256723020929019,6.285960044391304
2018-03-28,2018-03-27,300136,35.93031094316935,35.62210960414382,35.94025292184758
2018-03-28,2018-03-27,300335,12.82877830156418,12.71296294189728,12.73078068953834
2018-03-28,2018-03-27,300471,8.736348901548769,8.656655867099065,8.676579125711493
2018-03-28,2018-03-27,300588,18.80225187682387,18.60988560349663,19.06287715036401
2018-03-28,2018-03-27,600137,19.61267310518302,19.31760703119814,19.45591925337855
2018-03-28,2018-03-27,600230,27.64459647701962,27.31120771101601,27.34454658761636
2018-03-28,2018-03-27,600338,21.99355510986205,21.81457782258304,21.81457782258304
2018-03-28,2018-03-27,601588,3.847644169489297,3.776556055503351,3.785442069751594
2018-03-28,2018-03-27,601601,29.15795868114663,28.60933079229274,28.77875999326233
2018-03-28,2018-03-27,601628,22.88138118812607,22.64522014375321,22.69770037583606
2018-03-29,2018-03-28,000001,8.333230413722598,8.27966511262429,8.164882324556485
2018-03-29,2018-03-28,000049,18.62476601110845,18.82980930664359,18.66463554079584
2018-03-29,2018-03-28,000546,15.31192053447207,15.26303189930453,15.14569917490245
2018-03-29,2018-03-28,000591,3.800913111421205,3.817191111898384,3.817191111898384
2018-03-29,2018-03-28,000823,8.775509607437284,8.871103394010674,8.871103394010674
2018-03-29,2018-03-28,000839,6.97,7.03,7.02
2018-03-29,2018-03-28,002009,14.47901833976299,14.56766539082276,14.62676342486261
2018-03-29,2018-03-28,002048,12.16154230076598,12.28285444341701,12.27527243450132
2018-03-29,2018-03-28,002054,6.605908301789018,6.711372730409742,6.653846678434802
2018-03-29,2018-03-28,002178,7.56,7.61,7.59
2018-03-29,2018-03-28,002222,14.17170068979617,14.34201208328518,14.42268590125366
2018-03-29,2018-03-28,002273,14.40176239703658,14.51214892537361,14.46063521214966
2018-03-29,2018-03-28,002350,6.667184489337808,6.752661213560088,6.659413878044874
2018-03-29,2018-03-28,002366,,,
2018-03-29,2018-03-28,002429,2.944364531543922,2.963058909521979,2.963058909521979
2018-03-29,2018-03-28,002444,10.71734450117251,10.82195034812274,10.82195034812274
2018-03-29,2018-03-28,002545,,,
2018-03-29,2018-03-28,002562,8.654418103448275,8.691271551724139,8.635991379310346
2018-03-29,2018-03-28,002583,11.85848202442493,11.95796593402581,11.9679143249859
2018-03-29,2018-03-28,002759,11.56499973945519,11.56499973945519,11.55552023147203
2018-03-29,2018-03-28,002760,21.5134506468629,22.67713275003412,22.19796953108126
2018-03-29,2018-03-28,002836,10.23625377946745,10.25412849503113,10.23625377946745
2018-03-29,2018-03-28,300110,6.207994648491877,6.334688416828446,6.246977346441591
2018-03-29,2018-03-28,300136,35.87065907109989,36.56659757857688,35.9899628152388
2018-03-29,2018-03-28,300335,12.83768717538471,13.19404212820593,13.24749537112912
2018-03-29,2018-03-28,300471,8.776195418773622,8.965466375591667,8.845926823917113
2018-03-29,2018-03-28,300588,19.60894915206714,19.78269933442723,19.38555606046131
2018-03-29,2018-03-28,600137,19.2069572534538,19.51124414225072,19.50202332743869
2018-03-29,2018-03-28,600230,27.23119440717514,27.55124762253861,27.17118442929449
2018-03-29,2018-03-28,600338,21.60806556803035,21.79392659712778,21.63560053530404
2018-03-29,2018-03-28,601588,3.776556055503351,3.785442069751594,3.794328083999837
2018-03-29,2018-03-28,601601,27.76218478744481,27.63309587242037,27.18935272702384
2018-03-29,2018-03-28,601628,22.29535192986749,22.25161840313177,22.05044418014748
2018-03-30,2018-03-29,000001,8.45566538766159,8.425056644176841,8.379143528949719
2018-03-30,2018-03-29,000049,18.88107013052737,19.1088960144553,19.03485260217873
2018-03-30,2018-03-29,000546,15.29236508040505,15.31192053447207,15.17503235600297
2018-03-30,2018-03-29,000591,3.841608112614151,3.866025113329919,3.874164113568508
2018-03-30,2018-03-29,000823,8.918900287297371,9.03361283118544,8.995375316556084
2018-03-30,2018-03-29,000839,7.04,7.1,7.11
2018-03-30,2018-03-29,002009,14.79420785464218,14.82375687166211,14.84345621634206
2018-03-30,2018-03-29,002048,12.35867453257391,12.47998667522494,12.41933060389942
2018-03-30,2018-03-29,002054,6.740135756397213,6.797661808372154,6.759311107055527
2018-03-30,2018-03-29,002178,7.68,7.79,7.83
2018-03-30,2018-03-29,002222,14.34201208328518,14.69159862781526,14.58403353719062
2018-03-30,2018-03-29,002273,14.42383970270399,14.59309904615409,14.60781724993236
2018-03-30,2018-03-29,002350,6.737119990974219,6.822596715196497,6.845908549075302
2018-03-30,2018-03-29,002366,,,
2018-03-30,2018-03-29,002429,2.972406098511008,2.963058909521979,2.953711720532951
2018-03-30,2018-03-29,002444,10.92655619507295,10.94557543997299,10.94557543997299
2018-03-30,2018-03-29,002545,,,
2018-03-30,2018-03-29,002562,8.660560344827585,8.648275862068965,8.660560344827585
2018-03-30,2018-03-29,002583,11.92812076114554,11.59982385946264,11.47049477698149
2018-03-30,2018-03-29,002759,11.50812269155623,11.56499973945519,11.54604072348887
2018-03-30,2018-03-29,002760,22.42288287875301,22.40332519634677,22.2175272134875
2018-03-30,2018-03-29,002836,10.50437451292265,10.73674581525049,10.56991513665615
2018-03-30,2018-03-29,300110,6.246977346441591,6.31519706785359,6.305451393366161
2018-03-30,2018-03-29,300136,35.97007885788231,36.26833821822959,36.16891843144717
2018-03-30,2018-03-29,300335,13.36331073079602,13.36331073079602,13.29203974023177
2018-03-30,2018-03-29,300471,8.925619858366817,8.955504746285456,9.085005927266224
2018-03-30,2018-03-29,300588,19.62756524303429,19.75787787980436,20.07435142624595
2018-03-30,2018-03-29,600137,19.61267310518302,19.68643962367925,19.81553103104763
2018-03-30,2018-03-29,600230,28.08466964814438,28.0579985468641,27.95131414174294
2018-03-30,2018-03-29,600338,22.1587649135042,22.22760233168843,22.44788206987798
2018-03-30,2018-03-29,601588,3.900960254978755,3.865416197985783,3.838758155241054
2018-03-30,2018-03-29,601601,28.3672890766219,28.17365570408524,27.48787084301787
2018-03-30,2018-03-29,601628,22.50527285819892,22.40905909938035,22.30409863521463
2018-04-02,2018-03-30,000001,8.340882599593785,8.256708555010727,8.348534785464972
2018-04-02,2018-03-30,000049,19.4563304874454,19.25128719191026,19.27976542740125
2018-04-02,2018-03-30,000546,15.18481008303647,15.0870328127014,15.05769963160088
2018-04-02,2018-03-30,000591,3.866025113329919,3.833469112375562,3.882303113807097
2018-04-02,2018-03-30,000823,9.329953569562951,9.25347854030424,9.425547356136343
2018-04-02,2018-03-30,000839,7.15,7.16,7.24
2018-04-02,2018-03-30,002009,15.3359398333408,15.257142454621,15.27684179930095
2018-04-02,2018-03-30,002048,12.41174859498373,12.31318247907977,12.33592850582684
2018-04-02,2018-03-30,002054,6.730548081068056,6.720960405738899,6.730548081068056
2018-04-02,2018-03-30,002178,7.84,7.78,7.8
2018-04-02,2018-03-30,002222,14.82605499109606,14.79019996088784,15.06807644500149
2018-04-02,2018-03-30,002273,14.83594940849553,15.67488702385689,15.68960522763516
2018-04-02,2018-03-30,002350,6.892532216832908,6.845908549075302,6.869220382954105
2018-04-02,2018-03-30,002366,,,
2018-04-02,2018-03-30,002429,3.028489232445178,3.047183610423234,3.028489232445178
2018-04-02,2018-03-30,002444,11.18331600122349,11.07871015427327,11.07871015427327
2018-04-02,2018-03-30,002545,,,
2018-04-02,2018-03-30,002562,8.709698275862069,8.617564655172414,8.568426724137931
2018-04-02,2018-03-30,002583,11.66946259618326,11.6296690323429,11.73910133290387
2018-04-02,2018-03-30,002759,11.56499973945519,11.18581942012879,11.24269646802775
2018-04-02,2018-03-30,002760,22.42288287875301,22.81403652687779,22.92160378011211
2018-04-02,2018-03-30,002836,10.65333047595332,10.59374809074106,10.56991513665615
2018-04-02,2018-03-30,300110,6.334688416828446,6.266468695416447,6.266468695416447
2018-04-02,2018-03-30,300136,37.09352244852375,37.09352244852375,37.31224597944509
2018-04-02,2018-03-30,300335,13.54148820720663,13.47021721664238,13.4167639737192
2018-04-02,2018-03-30,300471,9.314123401309121,9.284238513390484,9.413739694371252
2018-04-02,2018-03-30,300588,20.38461960903182,20.34738742709752,20.35359279075323
2018-04-02,2018-03-30,600137,19.91695999397994,19.96306406804008,19.86163510510777
2018-04-02,2018-03-30,600230,27.82462641066157,27.96464969238308,28.17135072730533
2018-04-02,2018-03-30,600338,22.25513729896213,22.43411458624113,22.50295200442536
2018-04-02,2018-03-30,601588,3.865416197985783,3.883188226482269,3.883188226482269
2018-04-02,2018-03-30,601601,27.37491804237148,27.2942374704812,27.68150421555454
2018-04-02,2018-03-30,601628,22.22537828709034,22.20788487639606,22.45279262611606
2018-04-03,2018-04-02,000049,19.39937401646342,19.08041777896431,19.02346130798233
2018-04-03,2018-04-02,000063,28.40615792680409,27.8808006906497,27.84393351618273
2018-04-03,2018-04-02,000707,3.876510402587924,3.847936615836661,3.838412020252907
2018-04-03,2018-04-02,000823,9.66453182256982,9.482903628080377,9.396869220164326
2018-04-03,2018-04-02,000856,20.39125301057674,19.96332529976425,19.7642891552003
2018-04-03,2018-04-02,000877,8.693255184572527,8.544652531844791,8.55290823477411
2018-04-03,2018-04-02,002045,12.87926044933666,12.48988745900787,12.64963022427097
2018-04-03,2018-04-02,002054,6.586732951130704,6.48126852250998,6.45250549652251
2018-04-03,2018-04-02,002158,10.12512357733068,9.924712353338769,10.02056119959577
2018-04-03,2018-04-02,002178,7.81,7.66,7.67
2018-04-03,2018-04-02,002305,3.84,3.79,3.78
2018-04-03,2018-04-02,002350,6.814826103903563,6.643872655459005,6.65164326675194
2018-04-03,2018-04-02,002366,,,
2018-04-03,2018-04-02,002456,19.91130014976635,19.61263064751985,19.80178799894264
2018-04-03,2018-04-02,002494,7.736023204995597,7.576311758182785,7.596275689034386
2018-04-03,2018-04-02,002496,4.205729164907503,4.156249998261532,4.156249998261532
2018-04-03,2018-04-02,002545,,,
2018-04-03,2018-04-02,002583,12.08729501650695,11.86843041538502,11.83858524250475
2018-04-03,2018-04-02,002742,16.52423845724412,16.01819581897751,16.05712217576725
2018-04-03,2018-04-02,002759,11.31853253189303,11.01518827643191,10.96779073651611
2018-04-03,2018-04-02,002836,10.49841627440143,10.36733502693444,10.43287565066793
2018-04-03,2018-04-02,300110,6.18850329951702,6.032572507718167,6.01308115874331
2018-04-03,2018-04-02,300157,6.92,6.7,6.69
2018-04-03,2018-04-02,300374,13.74808695708942,13.49000012612601,13.4205152100974
2018-04-03,2018-04-02,300433,14.91458837835246,14.42421297858305,14.26274790792727
2018-04-03,2018-04-02,300456,13.51866503198967,13.15945676338289,13.13873320942481
2018-04-03,2018-04-02,300573,7.857576314566966,7.83124174794923,7.795031718849843
2018-04-03,2018-04-02,600137,20.04605140134833,19.65877717924316,19.64955636443113
2018-04-03,2018-04-02,600339,3.683351280841482,3.611128706707335,3.593073063173799
2018-04-03,2018-04-02,600386,4.871702273218332,4.760136572304935,4.750839430562152
2018-04-03,2018-04-02,600392,13.03910954423507,12.79138898294562,12.71632214619125
2018-04-03,2018-04-02,600703,23.51683602240785,23.14587721425032,23.21421173154249
2018-04-03,2018-04-02,600874,11.41356886998081,11.13216108058317,10.99973388557252
2018-04-03,2018-04-02,601588,3.82987214099281,3.767670041255108,3.785442069751594
2018-04-03,2018-04-02,601601,27.0037874116762,26.656860952548,26.67299706692606
2018-04-04,2018-04-03,000049,19.08611342606251,19.22850460351747,19.19433072092828
2018-04-04,2018-04-03,000063,27.7333319927818,28.05591976936783,27.86236710341621
2018-04-04,2018-04-03,000707,3.819362829085398,3.857461211420415,3.886034998171678
2018-04-04,2018-04-03,000823,9.358631705534968,9.406428598821664,9.377750462849647
2018-04-04,2018-04-03,000856,19.56525301063635,19.73443373351571,19.88371084193867
2018-04-04,2018-04-03,000877,8.478606908410242,8.495118314268881,8.453839799622287
2018-04-04,2018-04-03,002045,12.5198392274947,12.60969453295519,12.61967845578414
2018-04-04,2018-04-03,002054,6.442917821193353,6.529206899155763,6.577145275801548
2018-04-04,2018-04-03,002158,10.15126417176441,10.17740476619814,10.21225889210978
2018-04-04,2018-04-03,002178,7.81,7.85,7.79
2018-04-04,2018-04-03,002305,3.77,3.79,3.79
2018-04-04,2018-04-03,002350,6.620560821580201,6.760431824853022,6.744890602267153
2018-04-04,2018-04-03,002366,,,
2018-04-04,2018-04-03,002456,19.83165494916729,19.84161059924217,19.61263064751985
2018-04-04,2018-04-03,002494,7.616239619885988,7.706077308718195,7.746005170421398
2018-04-04,2018-04-03,002496,4.146354164932339,4.156249998261532,4.156249998261532
2018-04-04,2018-04-03,002545,,7.021448268152844,6.952356526276802
2018-04-04,2018-04-03,002583,11.93806915210563,11.99775949786616,11.84853363346484
2018-04-04,2018-04-03,002742,15.62893225108012,15.78463767823908,15.77490608904165
2018-04-04,2018-04-03,002759,10.93935221256663,11.10050384828035,11.05310630836455
2018-04-04,2018-04-03,002836,11.12998955765146,11.02274126426938,11.0048665487057
2018-04-04,2018-04-03,300110,5.935115762843882,6.032572507718167,6.207994648491877
2018-04-04,2018-04-03,300157,7.01,7.18,7.07
2018-04-04,2018-04-03,300374,13.30139821119121,13.43044162667292,13.36095671064431
2018-04-04,2018-04-03,300433,14.44813372979131,14.47205448099958,14.44813372979131
2018-04-04,2018-04-03,300456,13.27689023581203,13.4772179240735,13.42886296483798
2018-04-04,2018-04-03,300573,7.985957326828429,8.377684005267252,8.252594813833007
2018-04-04,2018-04-03,600137,19.52968577187477,19.71410206811533,19.69566043849127
2018-04-04,2018-04-03,600339,3.683351280841482,3.69237910260825,3.665295637307945
2018-04-04,2018-04-03,600386,4.825216564504417,4.843810847989983,4.815919422761633
2018-04-04,2018-04-03,600392,12.64125530943687,12.76886893191931,12.79138898294562
2018-04-04,2018-04-03,600703,22.64801144540731,22.22824226775537,21.83775931180007
2018-04-04,2018-04-03,600874,11.123884380895,11.26458827559382,11.21492807746483
2018-04-04,2018-04-03,601588,3.758784027006865,3.758784027006865,3.767670041255108
2018-04-04,2018-04-03,601601,26.76981375319439,26.78594986757245,26.70526929568217
2018-04-09,2018-04-04,000049,18.8070267182508,18.68172248209043,18.36276624459133
2018-04-09,2018-04-04,000063,27.64116405661436,27.53977932683018,27.03285567790928
2018-04-09,2018-04-04,000707,3.847936615836661,3.790789042334136,3.686018490912841
2018-04-09,2018-04-04,000823,9.062290967157459,9.081409724472136,9.014494073870763
2018-04-09,2018-04-04,000856,19.12737349259566,19.00795180585729,18.72930120346776
2018-04-09,2018-04-04,000877,8.453839799622287,8.503374017198199,8.445584096692969
2018-04-09,2018-04-04,002045,12.45993569052105,12.36009646223162,12.00067524038966
2018-04-09,2018-04-04,002054,6.394979444547569,6.45250549652251,6.375804093889256
2018-04-09,2018-04-04,002158,9.794009381170129,9.811436444125947,9.759155255258491
2018-04-09,2018-04-04,002178,7.82,7.73,7.68
2018-04-09,2018-04-04,002305,3.77,3.75,3.72
2018-04-09,2018-04-04,002350,6.612790210287266,6.550625319943791,6.465148595721511
2018-04-09,2018-04-04,002366,,,
2018-04-09,2018-04-04,002456,19.21440464452453,19.15467074407523,18.71662214078037
2018-04-09,2018-04-04,002494,7.616239619885988,7.586293723608585,7.456528173073176
2018-04-09,2018-04-04,002496,4.146354164932339,4.136458331603143,4.086979164957173
2018-04-09,2018-04-04,002545,6.857355381197243,6.650080155569114,6.563715478224061
2018-04-09,2018-04-04,002583,11.56997868658238,11.65951420522317,11.58987546850255
2018-04-09,2018-04-04,002742,15.63866384027756,15.56081112669808,15.200742326393
2018-04-09,2018-04-04,002759,10.90143418063399,10.80663910080239,10.63600795710551
2018-04-09,2018-04-04,002836,10.80824467750521,10.76653700785663,10.65928871447455
2018-04-09,2018-04-04,300110,6.022826833230738,5.993589809768453,5.954607111818739
2018-04-09,2018-04-04,300157,6.86,6.85,6.65
2018-04-09,2018-04-04,300374,13.01353213050125,13.0433113802278,12.89441513159506
2018-04-09,2018-04-04,300433,14.19098565430248,14.22088659331281,13.91589701540744
2018-04-09,2018-04-04,300456,13.09383217584896,13.3701462286234,13.06274684491184
2018-04-09,2018-04-04,300573,7.972790043519561,7.643607960797861,7.55802061929022
2018-04-09,2018-04-04,600137,19.39137354969436,19.23461969788989,19.12396992014555
2018-04-09,2018-04-04,600339,3.656267815541177,3.63821217200764,3.593073063173799
2018-04-09,2018-04-04,600386,4.788027997533285,4.843810847989983,4.797325139276067
2018-04-09,2018-04-04,600392,12.67128204413862,12.85144245234913,13.43696377903325
2018-04-09,2018-04-04,600703,21.73037649891236,21.8182351640023,21.68156612941795
2018-04-09,2018-04-04,600874,11.06594748307784,11.09077758214234,10.81764649243287
2018-04-09,2018-04-04,601588,3.741011998510378,3.723239970013892,3.696581927269162
2018-04-09,2018-04-04,601601,26.76981375319439,26.97151518292009,27.01185546886522
2018-04-10,2018-04-09,000049,18.56211389302827,18.62476601110845,18.63615730530485
2018-04-10,2018-04-09,000063,27.61351367576413,27.70568161193157,27.70568161193157
2018-04-10,2018-04-09,000707,3.75269065999912,3.75269065999912,3.75269065999912
2018-04-10,2018-04-09,000823,9.04317220984278,9.129206617758832,9.081409724472136
2018-04-10,2018-04-09,000856,18.93828915525991,19.13732529982386,19.22689156487764
2018-04-10,2018-04-09,000877,8.453839799622287,8.536396828915473,8.602442452350022
2018-04-10,2018-04-09,002045,11.98070739473178,12.19036977413958,12.06057877736332
2018-04-10,2018-04-09,002054,6.423742470535039,6.404567119876726,6.423742470535039
2018-04-10,2018-04-09,002158,9.881144695949223,10.02056119959577,10.02056119959577
2018-04-10,2018-04-09,002178,7.81,7.78,7.85
2018-04-10,2018-04-09,002305,3.72,3.72,3.67
2018-04-10,2018-04-09,002350,6.527313486064988,6.72157876838835,7.180044834671486
2018-04-10,2018-04-09,002366,,,
2018-04-10,2018-04-09,002456,18.7564447410799,18.98542469280222,19.12480379385058
2018-04-10,2018-04-09,002494,7.496456034776378,7.596275689034386,7.576311758182785
2018-04-10,2018-04-09,002496,4.185937498249115,4.166145831590726,4.17604166491992
2018-04-10,2018-04-09,002545,6.537806075020545,6.701898961976146,6.67598955877263
2018-04-10,2018-04-09,002583,11.54013351370211,11.56997868658238,11.54013351370211
2018-04-10,2018-04-09,002742,15.18127914799813,15.19101073719556,15.30778980756478
2018-04-10,2018-04-09,002759,10.71184402097079,10.66444648105499,10.83507762475187
2018-04-10,2018-04-09,002836,10.72482933820804,10.79036996194153,10.671205191517
2018-04-10,2018-04-09,300110,5.974098460793596,6.032572507718167,6.042318182205594
2018-04-10,2018-04-09,300157,6.81,6.88,6.81
2018-04-10,2018-04-09,300374,13.06316421337883,13.36095671064431,14.37345120134692
2018-04-10,2018-04-09,300433,13.95775833002191,13.05474997190995,12.95906696707689
2018-04-10,2018-04-09,300456,13.94695181379006,13.68445346365433,13.60846709914136
2018-04-10,2018-04-09,300573,7.857576314566966,7.778572614713758,7.735778943959938
2018-04-10,2018-04-09,600137,19.16085317939367,19.25306132751394,19.17929480901772
2018-04-10,2018-04-09,600339,3.629184350240871,3.63821217200764,3.647239993774408
2018-04-10,2018-04-09,600386,4.750839430562152,4.778730855790501,4.769433714047718
2018-04-10,2018-04-09,600392,13.34688357492801,13.30935015655082,13.31685684022625
2018-04-10,2018-04-09,600703,21.64251783382242,21.62299368602465,21.45703842974365
2018-04-10,2018-04-09,600874,10.91696688869086,11.05767078338968,11.07422418276601
2018-04-10,2018-04-09,601588,3.696581927269162,3.687695913020919,3.714353955765649
2018-04-10,2018-04-09,601601,27.2942374704812,27.1490124410787,27.34264581361537
2018-04-11,2018-04-10,000049,18.80133107115259,18.98359177829494,18.94941789570575
2018-04-11,2018-04-10,000063,28.29555640340316,28.75639608424035,28.59049379913897
2018-04-11,2018-04-10,000707,3.733641468831612,3.743166064415366,3.733641468831612
2018-04-11,2018-04-10,000823,8.899781529982693,9.062290967157459,9.100528481786814
2018-04-11,2018-04-10,000856,19.10746987813926,19.23684337210583,19.15722891428025
2018-04-11,2018-04-10,000877,8.55290823477411,8.594186749420704,8.536396828915473
2018-04-11,2018-04-10,002045,12.14045015999486,12.37008038506056,12.27024115677113
2018-04-11,2018-04-10,002054,6.385391769218413,6.404567119876726,6.394979444547569
2018-04-11,2018-04-10,002158,9.942139416294589,9.950852947772498,9.968280010728316
2018-04-11,2018-04-10,002178,7.86,8,7.98
2018-04-11,2018-04-10,002305,3.65,3.67,3.67
2018-04-11,2018-04-10,002350,7.180044834671486,7.350998283116046,7.475328063802997
2018-04-11,2018-04-10,002366,,,
2018-04-11,2018-04-10,002456,19.71218714826869,20.08054620103937,20.15023575156355
2018-04-11,2018-04-10,002494,7.656167481589191,7.656167481589191,7.606257654460188
2018-04-11,2018-04-10,002496,4.195833331578308,4.205729164907503,4.185937498249115
2018-04-11,2018-04-10,002545,6.753717768383178,6.80553657479021,6.762354236117684
2018-04-11,2018-04-10,002583,11.75899811482405,11.70925616002361,11.7192045509837
2018-04-11,2018-04-10,002742,15.2299370939853,15.25913186157761,15.23966868318274
2018-04-11,2018-04-10,002759,10.86351614870135,10.91091368861715,10.84455713273503
2018-04-11,2018-04-10,002836,10.69503814560191,10.73078757672927,10.76653700785663
2018-04-11,2018-04-10,300110,6.003335484255881,6.003335484255881,5.993589809768453
2018-04-11,2018-04-10,300157,6.77,6.91,6.86
2018-04-11,2018-04-10,300374,13.94661528859974,13.56941145873014,13.68852845763633
2018-04-11,2018-04-10,300433,12.56437457214054,12.70191889158806,12.66603776477566
2018-04-11,2018-04-10,300456,13.43577081615734,13.3701462286234,13.57392784254456
2018-04-11,2018-04-10,300573,8.153840189016496,8.015583714273383,7.976081864346778
2018-04-11,2018-04-10,600137,19.2069572534538,19.26228214232597,19.23461969788989
2018-04-11,2018-04-10,600339,3.674323459074714,3.719462567908555,3.773629498509165
2018-04-11,2018-04-10,600386,4.797325139276067,4.797325139276067,4.797325139276067
2018-04-11,2018-04-10,600392,13.39192367698063,13.5645774015157,13.32436352390169
2018-04-11,2018-04-10,600703,21.59370746432801,22.02323871587883,22.23800434165425
2018-04-11,2018-04-10,600874,11.07422418276601,11.13216108058317,11.03284068432518
2018-04-11,2018-04-10,601588,3.732125984262135,3.741011998510378,3.758784027006865
2018-04-11,2018-04-10,601601,27.80252507338995,27.90740981684732,27.62502781523134
2018-04-12,2018-04-11,000597,6.665419704589867,6.645621428239601,6.632422577339423
2018-04-12,2018-04-11,000717,6.345474310970624,6.288393582536106,6.335960856231537
2018-04-12,2018-04-11,000792,13.72,13.79,13.83
2018-04-12,2018-04-11,000799,23.08358170431996,23.50982757083387,23.38668987606319
2018-04-12,2018-04-11,000815,12.1,12.18,12.12
2018-04-12,2018-04-11,000868,6.58,6.53,6.57
2018-04-12,2018-04-11,002048,12.71502895161131,12.68470091594856,12.80601305859959
2018-04-12,2018-04-11,002054,6.433330145864196,6.394979444547569,6.404567119876726
2018-04-12,2018-04-11,002069,4.2,4.14,4.14
2018-04-12,2018-04-11,002156,11.62450789019208,11.53569586047075,11.51595985386601
2018-04-12,2018-04-11,002185,6.486306760333902,6.460010922116331,6.468776201522187
2018-04-12,2018-04-11,002230,38.5902166064982,38.45046931407942,38.43050541516246
2018-04-12,2018-04-11,002305,3.68,3.66,3.65
2018-04-12,2018-04-11,002366,,,
2018-04-12,2018-04-11,002460,47.72875043985168,47.56813770701988,47.45437035459735
2018-04-12,2018-04-11,002497,12.24377042985844,12.31093844945798,12.18619784163027
2018-04-12,2018-04-11,002583,11.76894650578414,11.66946259618326,11.66946259618326
2018-04-12,2018-04-11,002759,10.90143418063399,10.91091368861715,10.92039319660031
2018-04-12,2018-04-11,002760,22.23708489589374,22.13929648386255,22.47177708476861
2018-04-12,2018-04-11,002840,18.4229781352051,18.84777481036205,19.1777139755325
2018-04-12,2018-04-11,300093,8.800000000000001,8.77,8.77
2018-04-12,2018-04-11,300115,14.27735219611364,14.29365054336948,14.3017997169974
2018-04-12,2018-04-11,300136,36.58648153593336,36.86485693892416,37.23271015001914
2018-04-12,2018-04-11,300286,11.21971837008594,11.18158848607546,11.25784825409643
2018-04-12,2018-04-11,300435,11.57687148968445,11.60524617470818,11.58632971802569
2018-04-12,2018-04-11,300458,8.306437078975566,8.271294460564516,8.162671821839451
2018-04-12,2018-04-11,600191,7.249295719995342,7.249295719995342,7.328958310324961
2018-04-12,2018-04-11,600198,7.56,7.81,8.220000000000001
2018-04-12,2018-04-11,600250,8.65,8.619999999999999,8.65
2018-04-12,2018-04-11,600516,10.71597819621194,10.76605286068022,10.71597819621194
2018-04-12,2018-04-11,600693,6.481466687776382,6.432952715562487,6.452358304448045
2018-04-12,2018-04-11,600847,12.2,12.23,12.2
2018-04-12,2018-04-11,601588,3.767670041255108,3.767670041255108,3.758784027006865
2018-04-13,2018-04-12,000597,6.672019130039956,6.685217980940135,6.665419704589867
2018-04-13,2018-04-12,000717,6.25033976357976,6.297907037275191,6.316933946753364
2018-04-13,2018-04-12,000792,13.68,13.66,13.45
2018-04-13,2018-04-12,000799,23.20671939909064,23.54771609230177,23.28249644202645
2018-04-13,2018-04-12,000815,12,12.08,12.06
2018-04-13,2018-04-12,000868,6.41,6.49,6.48
2018-04-13,2018-04-12,002048,12.60888082679166,12.79084904076821,12.73777497835838
2018-04-13,2018-04-12,002054,6.347041067901785,6.385391769218413,6.356628743230941
2018-04-13,2018-04-12,002069,4.1,4.12,4.15
2018-04-13,2018-04-12,002156,11.42714782414468,11.59490388028497,11.4863558439589
2018-04-13,2018-04-12,002185,6.477541480928044,6.530133157363184,6.495072039739758
2018-04-13,2018-04-12,002230,37.75173285198556,38.59687123947052,38.45046931407942
2018-04-13,2018-04-12,002305,3.65,3.68,3.67
2018-04-13,2018-04-12,002366,,,
2018-04-13,2018-04-12,002460,46.09585432272832,46.61115350723038,46.31000463317073
2018-04-13,2018-04-12,002497,11.86954860637531,12.11902982203073,12.0230755083171
2018-04-13,2018-04-12,002583,11.58987546850255,11.59982385946264,11.58987546850255
2018-04-13,2018-04-12,002759,10.90143418063399,11.01518827643191,11.00570876844875
2018-04-13,2018-04-12,002760,21.66013326490969,21.94371965980016,22.11973880145631
2018-04-13,2018-04-12,002840,19.63138032764187,19.42516834941034,18.84777481036205
2018-04-13,2018-04-12,300093,8.66,8.74,8.68
2018-04-13,2018-04-12,300115,14.06547368178776,14.3017997169974,14.36699310602075
2018-04-13,2018-04-12,300136,37.65027325450534,37.90876470013966,37.33212993680157
2018-04-13,2018-04-12,300286,11.10532871805448,11.13392613106235,11.14345860206497
2018-04-13,2018-04-12,300435,11.54849680466071,11.5674132613432,11.62416263139067
2018-04-13,2018-04-12,300458,7.977374379308457,8.1978144402505,8.264904893580688
2018-04-13,2018-04-12,600191,7.309042662742556,7.328958310324961,7.338916134116164
2018-04-13,2018-04-12,600198,8.32,8.17,8.279999999999999
2018-04-13,2018-04-12,600250,8.66,8.66,8.68
2018-04-13,2018-04-12,600516,11.32521994724268,11.2751452827744,11.23758928442319
2018-04-13,2018-04-12,600693,6.30681638780636,6.384438743348592,6.345627565577476
2018-04-13,2018-04-12,600847,12.24,12.15,12.26
2018-04-13,2018-04-12,601588,3.714353955765649,3.749898012758621,3.732125984262135
2018-04-16,2018-04-13,000597,6.599425450088978,6.645621428239601,6.619223726439245
2018-04-16,2018-04-13,000717,6.316933946753364,6.345474310970624,6.288393582536106
2018-04-16,2018-04-13,000792,12.98,12.65,12.73
2018-04-16,2018-04-13,000799,22.75205714147581,22.87519483624649,22.65733583780605
2018-04-16,2018-04-13,000815,11.95,12.04,11.99
2018-04-16,2018-04-13,000868,6.46,6.33,6.34
2018-04-16,2018-04-13,002048,12.70744694269563,12.55580676438183,12.54822475546614
2018-04-16,2018-04-13,002054,6.279927340597688,6.203225937964433,6.136112210660336
2018-04-16,2018-04-13,002069,4.11,4.08,4.07
2018-04-16,2018-04-13,002156,11.52582785716838,11.63437589349445,11.77252793972763
2018-04-16,2018-04-13,002185,6.495072039739758,6.460010922116331,6.451245642710475
2018-04-16,2018-04-13,002230,37.89148014440433,37.59867629362214,37.53212996389892
2018-04-16,2018-04-13,002305,3.64,3.62,3.64
2018-04-16,2018-04-13,002366,,,
2018-04-16,2018-04-13,002460,46.85207260647808,46.17616068914423,46.089162125527
2018-04-16,2018-04-13,002497,12.38770190042888,12.36851103768615,12.35891560631479
2018-04-16,2018-04-13,002583,11.43070121314114,11.40085604026088,11.40085604026088
2018-04-16,2018-04-13,002759,11.51760219953939,11.65031531130363,11.41332761172463
2018-04-16,2018-04-13,002760,21.80681588295649,21.68946978851905,21.37654687001923
2018-04-16,2018-04-13,002840,19.28906844377753,19.28906844377753,19.11585038206304
2018-04-16,2018-04-13,300093,8.539999999999999,8.460000000000001,8.42
2018-04-16,2018-04-13,300115,14.34254558513699,14.17956211257862,14.0817720290436
2018-04-16,2018-04-13,300136,36.91456683231538,36.58648153593336,36.32799009029905
2018-04-16,2018-04-13,300286,10.86701694298894,10.96234165301516,10.96234165301516
2018-04-16,2018-04-13,300435,11.62416263139067,11.49174743461324,11.48228920627199
2018-04-16,2018-04-13,300458,8.370332748813839,8.44061798563594,8.312826645959394
2018-04-16,2018-04-13,600191,7.239337896204139,7.19950660103933,7.030223596588889
2018-04-16,2018-04-13,600198,7.97,7.85,7.86
2018-04-16,2018-04-13,600250,8.699999999999999,8.57,8.550000000000001
2018-04-16,2018-04-13,600516,11.13326706678094,11.17499595383784,11.05815507007852
2018-04-16,2018-04-13,600693,6.374735948905813,6.268005210035243,6.258302415592465
2018-04-16,2018-04-13,600847,12.15,11.78,12.08
2018-04-16,2018-04-13,601588,3.705467941517406,3.696581927269162,3.741011998510378
2018-04-17,2018-04-16,000597,6.474036366537288,6.540030621038177,6.507033493787732
2018-04-17,2018-04-16,000717,6.11715139723255,6.126664851971637,6.060070668798032
2018-04-17,2018-04-16,000792,12.88,12.91,12.98
2018-04-17,2018-04-16,000799,22.25950636239307,22.48683749120049,22.287922753494
2018-04-17,2018-04-16,000815,12.19,12.18,12.07
2018-04-17,2018-04-16,000868,6.23,6.29,6.23
2018-04-17,2018-04-16,002048,12.16912430968167,12.29801846124839,12.27527243450132
2018-04-17,2018-04-16,002054,6.068998483356239,6.116936860002022,6.088173834014552
2018-04-17,2018-04-16,002069,4.07,4.09,4.05
2018-04-17,2018-04-16,002156,12.57183620721962,12.48302417749829,12.58170421052199
2018-04-17,2018-04-16,002185,6.7492651425096,6.845683215974022,6.7492651425096
2018-04-17,2018-04-16,002230,38.01126353790613,38.23086642599278,38.22421179302045
2018-04-17,2018-04-16,002305,3.63,3.64,3.63
2018-04-17,2018-04-16,002366,,,
2018-04-17,2018-04-16,002460,46.07577773112435,46.29662023876809,45.09202474252954
2018-04-17,2018-04-16,002497,12.76192372391201,12.76192372391201,12.59880139059885
2018-04-17,2018-04-16,002583,11.24168178489947,11.31132052162009,11.22178500297929
2018-04-17,2018-04-16,002759,11.47020465962359,11.34697105584251,11.26165548399407
2018-04-17,2018-04-16,002760,20.86804712745701,21.10273931633188,20.90716249226949
2018-04-17,2018-04-16,002840,19.19833517335566,19.31381388116531,19.30144116247142
2018-04-17,2018-04-16,300093,8.34,8.390000000000001,8.390000000000001
2018-04-17,2018-04-16,300115,14.35069475876491,14.33439641150908,14.33439641150908
2018-04-17,2018-04-16,300136,35.37356013718775,35.89054302845637,35.82094917770867
2018-04-17,2018-04-16,300286,11.00047153702564,10.94327671100991,10.96234165301516
2018-04-17,2018-04-16,300435,11.52012211963697,11.60524617470818,11.59578794636694
2018-04-17,2018-04-16,300458,8.408670150716803,8.689811098005206,8.673837180545638
2018-04-17,2018-04-16,600191,6.781278001808829,6.821109296973638,6.751404530435223
2018-04-17,2018-04-16,600198,8,8.210000000000001,8.17
2018-04-17,2018-04-16,600250,8.460000000000001,8.42,8.380000000000001
2018-04-17,2018-04-16,600516,10.86202930091109,10.94548707502489,10.79109019291436
2018-04-17,2018-04-16,600693,6.238896826706906,6.229194032264127,6.20978844337857
2018-04-17,2018-04-16,600847,11.92,11.81,11.81
2018-04-17,2018-04-16,601588,3.963162354716458,3.803214098248081,3.776556055503351
2018-04-18,2018-04-17,000597,6.467436941087199,6.480635791987376,6.388243835686131
2018-04-18,2018-04-17,000717,6.050557214058946,6.240826308840673,6.164718670927982
2018-04-18,2018-04-17,000792,12.55,12.64,12.6
2018-04-18,2018-04-17,000799,21.80484410477823,21.86167688698009,21.67223427964057
2018-04-18,2018-04-17,000815,11.4,11.51,11.41
2018-04-18,2018-04-17,000868,5.99,6.04,6
2018-04-18,2018-04-17,002048,11.97199207787374,12.07814020269339,12.03264814919926
2018-04-18,2018-04-17,002054,6.030647782039612,6.049823132697925,6.011472431381297
2018-04-18,2018-04-17,002069,4.1,4.08,4.06
2018-04-18,2018-04-17,002156,12.63104422703384,12.62117622373147,12.9764243426168
2018-04-18,2018-04-17,002185,6.556428995580754,6.582724833798324,6.679142907262746
2018-04-18,2018-04-17,002230,36.47404332129964,36.60048134777377,36.63375451263538
2018-04-18,2018-04-17,002305,3.59,3.62,3.62
2018-04-18,2018-04-17,002366,,,
2018-04-18,2018-04-17,002460,42.49545222841534,42.1943033543557,42.25453312916763
2018-04-18,2018-04-17,002497,12.05186180243119,12.12862525340209,12.14781611614482
2018-04-18,2018-04-17,002583,11.06261074761789,11.10240431145824,11.10240431145824
2018-04-18,2018-04-17,002759,11.47968416760675,11.38488908777515,11.57447924743835
2018-04-18,2018-04-17,002760,20.96583553948821,20.79959523903517,19.94883605436378
2018-04-18,2018-04-17,002840,19.70974087936986,19.83759230587341,19.81697110805025
2018-04-18,2018-04-17,300093,7.98,8.039999999999999,8.140000000000001
2018-04-18,2018-04-17,300115,13.91878855648522,13.95138525099689,14.00028029276441
2018-04-18,2018-04-17,300136,35.08524275551871,35.11506869155344,33.44481627360865
2018-04-18,2018-04-17,300286,10.60010775491552,10.55244539990241,10.53338045789717
2018-04-18,2018-04-17,300435,11.26474995442335,11.44445629290701,11.2552917260821
2018-04-18,2018-04-17,300458,8.526877139917611,8.40547536722489,8.696200664989034
2018-04-18,2018-04-17,600191,6.572163702193579,6.572163702193579,6.572163702193579
2018-04-18,2018-04-17,600198,7.92,7.7,7.91
2018-04-18,2018-04-17,600250,8.08,8.15,8.18
2018-04-18,2018-04-17,600516,10.63252042209814,10.64086619950952,10.51150664963313
2018-04-18,2018-04-17,600693,6.161274471164674,6.132166087836338,6.103057704508
2018-04-18,2018-04-17,600847,11.68,11.52,11.4
2018-04-18,2018-04-17,601588,3.741011998510378,3.723239970013892,3.705467941517406
2018-04-19,2018-04-18,000655,3.998832159807848,3.998832159807848,4.008263367731923
2018-04-19,2018-04-18,000797,5.441889971549843,5.454400063438464,5.504440430992945
2018-04-19,2018-04-18,000823,8.708593956835911,8.708593956835911,8.632118927577197
2018-04-19,2018-04-18,002014,4.740522525573677,4.759871597106631,4.759871597106631
2018-04-19,2018-04-18,002054,6.145699885989493,6.107349184672866,6.107349184672866
2018-04-19,2018-04-18,002139,6.731953862985707,6.871937780741553,6.865574875389014
2018-04-19,2018-04-18,002222,14.81709123354401,15.06807644500149,15.06807644500149
2018-04-19,2018-04-18,002245,5.883958266877793,5.883958266877793,5.883958266877793
2018-04-19,2018-04-18,002273,14.35024868381264,14.32817137814524,14.34288958192351
2018-04-19,2018-04-18,002285,8.274998003921329,8.235593251521703,8.255295627721516
2018-04-19,2018-04-18,002350,6.72157876838835,6.682725711923677,6.682725711923677
2018-04-19,2018-04-18,002366,,,
2018-04-19,2018-04-18,002583,11.23173339393938,11.23173339393938,11.19193983009903
2018-04-19,2018-04-18,002737,16.2598240039973,16.17964735703479,16.29991232747856
2018-04-19,2018-04-18,002759,11.92522104281527,11.75458989911839,11.79250793105103
2018-04-19,2018-04-18,002760,20.7604798742227,20.39866274970727,20.67247030339462
2018-04-19,2018-04-18,002843,10.01210958805246,9.889009880002638,10.01210958805246
2018-04-19,2018-04-18,002845,15.04548692187039,14.96886638662012,14.94100437380185
2018-04-19,2018-04-18,300110,5.623254179246174,5.584271481296462,5.584271481296462
2018-04-19,2018-04-18,300136,33.95185718619903,34.25011654654632,34.81680933120616
2018-04-19,2018-04-18,300274,11.711408533113,11.87266717040199,12.03392580769098
2018-04-19,2018-04-18,300286,10.86701694298894,10.82888705897845,10.87654941399156
2018-04-19,2018-04-18,300476,15.57079608218868,15.63766453162139,15.51348026838921
2018-04-19,2018-04-18,300545,29.6909710612673,29.37426736994712,29.58210416737599
2018-04-19,2018-04-18,600137,18.29409658706306,18.19266762413075,18.34020066112319
2018-04-19,2018-04-18,600250,8.17,8.210000000000001,8.220000000000001
2018-04-19,2018-04-18,600498,23.79307641518244,23.60848333560365,24.28856310247289
2018-04-19,2018-04-18,600527,2.319429216382907,2.296311981668127,2.296311981668127
2018-04-19,2018-04-18,600622,8.64967715140806,8.620651389155014,8.598882067465228
2018-04-19,2018-04-18,600651,6.202490908801556,6.202490908801556,6.312005194510732
2018-04-19,2018-04-18,600703,22.39419752403637,22.14038360266542,22.2087181199576
2018-04-20,2018-04-19,000655,4.036556991504148,4.008263367731923,3.979969743959697
2018-04-20,2018-04-19,000797,5.498185385048634,5.516950522881565,5.498185385048634
2018-04-20,2018-04-19,000823,8.641678306234537,8.61300017026252,8.670356442206556
2018-04-20,2018-04-19,002014,4.753421906595646,4.727623144551708,4.727623144551708
2018-04-20,2018-04-19,002054,6.15528756131865,6.126524535331179,6.136112210660336
2018-04-20,2018-04-19,002139,6.891026496799168,6.744679673690783,6.871937780741553
2018-04-20,2018-04-19,002222,15.5073005650521,15.33698917156309,15.27424286869872
2018-04-20,2018-04-19,002245,5.824121403146832,5.717744756514013,5.784230160659525
2018-04-20,2018-04-19,002273,14.21778484980822,14.26929856303216,14.33553048003437
2018-04-20,2018-04-19,002285,8.206039687221983,8.166634934822357,8.225742063421796
2018-04-20,2018-04-19,002350,6.993550163641057,6.96246771846932,6.94692649588345
2018-04-20,2018-04-19,002366,,,
2018-04-20,2018-04-19,002583,11.27152695777973,11.24168178489947,11.19193983009903
2018-04-20,2018-04-19,002737,15.99524106902101,15.77074645752598,15.85092310448849
2018-04-20,2018-04-19,002759,11.91574153483211,11.78302842306787,11.98209809071423
2018-04-20,2018-04-19,002760,21.78725820055024,21.1614123635506,21.29831614039427
2018-04-20,2018-04-19,002843,9.941766897738276,9.900733661721668,9.906595552581182
2018-04-20,2018-04-19,002845,15.89527831282789,15.52610664298569,15.70720972630451
2018-04-20,2018-04-19,300110,5.779184971045028,5.710965249633031,5.7694392965576
2018-04-20,2018-04-19,300136,35.12501067023167,34.69750558706724,34.9659390113798
2018-04-20,2018-04-19,300274,12.20190355486701,12.26237554385039,12.20862266475406
2018-04-20,2018-04-19,300286,10.8956143559968,10.86701694298894,10.79075717496796
2018-04-20,2018-04-19,300476,15.20779592812539,15.31287492009108,15.49437499712272
2018-04-20,2018-04-19,300545,30.14623261754007,30.03736572364875,29.48313426383843
2018-04-20,2018-04-19,600137,18.33097984631117,18.275654957439,18.32175903149914
2018-04-20,2018-04-19,600250,8.18,8.19,8.109999999999999
2018-04-20,2018-04-19,600498,24.32742480343684,23.99710034524322,24.87148861693224
2018-04-20,2018-04-19,600527,2.280900491858274,2.273194746953348,2.257783257143495
2018-04-20,2018-04-19,600622,8.468266137326516,8.424727493946945,8.410214612820422
2018-04-20,2018-04-19,600651,6.222402597112315,6.172623376335417,6.192535064646176
2018-04-20,2018-04-19,600703,22.56015278031737,22.12085945486766,22.08181115927213
2018-04-23,2018-04-20,000655,3.951676120187472,3.932813704339322,3.932813704339322
2018-04-23,2018-04-20,000797,5.391849603995362,5.423124833716913,5.429379879661223
2018-04-23,2018-04-20,000823,8.526965762346469,8.345337567857026,8.39313446114372
2018-04-23,2018-04-20,002014,4.708274073018754,4.682475310974816,4.70182438250777
2018-04-23,2018-04-20,002054,5.953946379406357,5.91559567808973,5.963534054735514
2018-04-23,2018-04-20,002139,6.821034537921245,6.795582916511091,6.852849064683937
2018-04-23,2018-04-20,002222,15.32802541401104,15.48040929239594,15.54315559526032
2018-04-23,2018-04-20,002245,5.850715564805038,5.804175781903179,5.844067024390485
2018-04-23,2018-04-20,002273,13.67321131001225,13.48923376278388,13.56282478167523
2018-04-23,2018-04-20,002285,7.880950479925074,7.831694539425543,7.851396915625355
2018-04-23,2018-04-20,002350,7.288833392772569,7.389851339580717,7.389851339580717
2018-04-23,2018-04-20,002366,,,
2018-04-23,2018-04-20,002583,10.96312683801701,10.96312683801701,11.07255913857798
2018-04-23,2018-04-20,002737,15.5221988519422,15.99524106902101,16.03532939250227
2018-04-23,2018-04-20,002759,12.65514315751859,12.43711447390591,12.77837676129967
2018-04-23,2018-04-20,002760,20.73114335061334,20.3106531788792,20.37910506730104
2018-04-23,2018-04-20,002843,9.636948573043471,9.701429372498142,9.75418639023378
2018-04-23,2018-04-20,002845,15.23355550839377,15.32410705005318,15.32410705005318
2018-04-23,2018-04-20,300110,5.52579743437189,5.496560410909606,5.535543108859319
2018-04-23,2018-04-20,300136,33.18632482797435,33.35533846550447,33.32551252946974
2018-04-23,2018-04-20,300274,11.99361114836873,11.89282450006311,11.98689203848169
2018-04-23,2018-04-20,300286,10.23787385681589,10.1997439728054,10.27600374082638
2018-04-23,2018-04-20,300476,15.07405902925996,14.87345368096183,15.00719057982725
2018-04-23,2018-04-20,300545,27.69177900980864,27.69177900980864,28.10745260466638
2018-04-23,2018-04-20,600137,17.95292643901803,17.98980969826614,18.16500517969467
2018-04-23,2018-04-20,600250,7.91,7.92,8.01
2018-04-23,2018-04-20,600498,25.4446987061506,26.01790879536896,25.94018539344104
2018-04-23,2018-04-20,600527,2.173020063189302,2.188431552999155,2.188431552999155
2018-04-23,2018-04-20,600622,8.424727493946945,8.32313732606128,8.417471053383682
2018-04-23,2018-04-20,600651,6.092976623092379,6.132799999713898,6.192535064646176
2018-04-23,2018-04-20,600703,21.261796951766,21.24227280396824,21.50584879923806
2018-04-24,2018-04-23,000655,3.998832159807848,3.970538536035622,3.989400951883773
2018-04-24,2018-04-23,000797,5.635796395823458,5.635796395823458,5.604521166101908
2018-04-24,2018-04-23,000823,8.201946887996939,8.249743781283636,8.230625023968956
2018-04-24,2018-04-23,002014,4.753421906595646,4.766321287617616,4.753421906595646
2018-04-24,2018-04-23,002054,5.896420327431417,5.934771028748044,5.925183353418887
2018-04-24,2018-04-23,002139,6.617421566640014,6.642873188050167,6.661961904107784
2018-04-24,2018-04-23,002222,15.39077171687541,15.5073005650521,15.63279317078085
2018-04-24,2018-04-23,002245,5.69779913527036,5.717744756514013,5.75098745858677
2018-04-24,2018-04-23,002273,13.32733352122292,13.29053801177725,13.37148813255773
2018-04-24,2018-04-23,002285,7.683926717926947,7.792289787025918,7.89080166802498
2018-04-24,2018-04-23,002350,7.483098675095932,7.319915837944307,7.35876889440898
2018-04-24,2018-04-23,002366,,,
2018-04-24,2018-04-23,002583,10.91338488321657,10.50550085385296,10.67462350017445
2018-04-24,2018-04-23,002737,15.90704675736225,16.34801831565606,16.11550603946478
2018-04-24,2018-04-23,002759,13.00588495289551,13.04380298482815,12.89213085709759
2018-04-24,2018-04-23,002760,20.18352824323865,20.29109549647296,20.33998970248856
2018-04-24,2018-04-23,002843,9.748324499374265,9.830390971407482,9.847976643986028
2018-04-24,2018-04-23,002845,14.78079780009674,14.71114276805105,14.8365218257333
2018-04-24,2018-04-23,300110,5.428340689497607,5.447832038472463,5.457577712959892
2018-04-24,2018-04-23,300136,30.13413737375381,30.26338309657097,30.39262881938813
2018-04-24,2018-04-23,300274,12.12127423622252,12.22877999441518,12.08095957690027
2018-04-24,2018-04-23,300286,10.01862702375559,10.09488679177657,10.14254914678967
2018-04-24,2018-04-23,300476,14.86390104532858,14.90211158786156,14.73016414646316
2018-04-24,2018-04-23,300545,27.86002784582248,28.5726111512929,28.94869678473562
2018-04-24,2018-04-23,600137,18.18344680931872,18.06357621676236,18.03591377232628
2018-04-24,2018-04-23,600250,7.98,7.95,7.95
2018-04-24,2018-04-23,600498,25.50299125759653,25.54185295856049,25.22124392560785
2018-04-24,2018-04-23,600527,2.134491338664669,2.142197083569595,2.149902828474522
2018-04-24,2018-04-23,600622,8.199777836485829,8.294111563808233,8.344906647751065
2018-04-24,2018-04-23,600651,6.003374025693962,6.013329869849342,6.023285714004721
2018-04-24,2018-04-23,600703,21.25203487786712,21.18370036057494,21.06655547378835
2018-04-25,2018-04-24,000655,4.017694575655998,3.998832159807848,3.979969743959697
2018-04-25,2018-04-24,000797,5.860978049818624,5.785917498486902,5.767152360653972
2018-04-25,2018-04-24,000823,8.479168869059773,8.51740638368913,8.737272092807929
2018-04-25,2018-04-24,002014,4.766321287617616,4.746972216084662,4.727623144551708
2018-04-25,2018-04-24,002054,6.001884756052141,5.973121730064672,6.040235457368768
2018-04-25,2018-04-24,002139,6.88466359144663,6.865574875389014,6.903752307504245
2018-04-25,2018-04-24,002222,15.98237971531092,15.75828577650959,15.72243074630138
2018-04-25,2018-04-24,002245,5.883958266877793,5.850715564805038,5.937146590194202
2018-04-25,2018-04-24,002273,13.65113400434485,13.70264771756879,13.92342077424283
2018-04-25,2018-04-24,002285,7.979462360924138,8.176486122922265,8.304551568221047
2018-04-25,2018-04-24,002350,7.467557452510063,7.397621950873652,7.41316317345952
2018-04-25,2018-04-24,002366,,,
2018-04-25,2018-04-24,002583,10.52539763577313,10.53534602673322,10.6348299363341
2018-04-25,2018-04-24,002737,17.07762580301492,17.18987310876243,17.87137460794378
2018-04-25,2018-04-24,002759,13.15755708062607,12.99640544491235,12.96796692096287
2018-04-25,2018-04-24,002760,20.51600884414471,20.51600884414471,20.39866274970727
2018-04-25,2018-04-24,002843,10.05314282406907,10.00038580633343,10.00624769719295
2018-04-25,2018-04-24,002845,15.37983107568973,15.3171415468486,15.67934771348623
2018-04-25,2018-04-24,300110,5.506306085397034,5.506306085397034,5.52579743437189
2018-04-25,2018-04-24,300136,31.34705877249943,31.81433177037684,32.23189487486304
2018-04-25,2018-04-24,300274,12.62520747775062,12.53113993933204,12.524420829445
2018-04-25,2018-04-24,300286,10.44758821887357,10.36179597984998,10.40945833486309
2018-04-25,2018-04-24,300476,15.7236382523206,15.73319088795384,16.01976995695118
2018-04-25,2018-04-24,300545,29.75035300338983,29.89880785869617,30.09674766577129
2018-04-25,2018-04-24,600137,18.32175903149914,18.22955088337886,18.30331740187508
2018-04-25,2018-04-24,600250,8.140000000000001,8.130000000000001,8.199999999999999
2018-04-25,2018-04-24,600498,26.67855771175622,27.49465343199931,27.47522258151734
2018-04-25,2018-04-24,600527,2.250077512238568,2.234666022428715,2.234666022428715
2018-04-25,2018-04-24,600622,8.352163088314327,8.36667596944085,8.431983934510207
2018-04-25,2018-04-24,600651,6.073064934781619,6.06310909062624,6.043197402315481
2018-04-25,2018-04-24,600703,21.43751428194589,21.0372692520917,20.929886439204
2018-04-26,2018-04-25,000546,14.00170511198212,14.08970465528368,14.03103829308264
2018-04-26,2018-04-25,000655,4.017694575655998,3.979969743959697,3.989400951883773
2018-04-26,2018-04-25,000707,3.143116542638857,3.143116542638857,3.124067351471349
2018-04-26,2018-04-25,000823,8.670356442206556,8.555643898318484,8.51740638368913
2018-04-26,2018-04-25,000886,6.052925456848242,6.042953586243879,5.993094233222065
2018-04-26,2018-04-25,000977,20.61597495452765,20.67010880561174,20.94980036954625
2018-04-26,2018-04-25,002008,46.2011507839891,45.42433446143359,45.8904242549669
2018-04-26,2018-04-25,002014,4.714723763529738,4.70182438250777,4.6889250014858
2018-04-26,2018-04-25,002054,6.011472431381297,6.001884756052141,5.992297080722985
2018-04-26,2018-04-25,002178,7.5,7.5,7.48
2018-04-26,2018-04-25,002365,15.76709937876967,15.77358256108001,15.63743573256268
2018-04-26,2018-04-25,002366,,,
2018-04-26,2018-04-25,002496,3.018229165404207,3.018229165404207,3.097395832037761
2018-04-26,2018-04-25,002562,8.261314655172413,8.273599137931035,8.212176724137931
2018-04-26,2018-04-25,002583,10.70446867305472,10.75421062785516,10.68457189113454
2018-04-26,2018-04-25,002706,4.78381349639417,4.748586592886112,4.78381349639417
2018-04-26,2018-04-25,002760,20.69202798580086,20.58446073256655,20.58446073256655
2018-04-26,2018-04-25,300110,5.52579743437189,5.467323387447321,5.477069061934749
2018-04-26,2018-04-25,300136,31.90380957848103,30.86984379594378,30.22361518185799
2018-04-26,2018-04-25,300157,6.27,6.29,6.28
2018-04-26,2018-04-25,300274,12.42363418113938,12.35644308226896,12.29597109328559
2018-04-26,2018-04-25,300286,10.48571810288406,10.38086092185522,10.33319856684211
2018-04-26,2018-04-25,300316,17.34329984019623,17.36509703312484,17.59760042436333
2018-04-26,2018-04-25,300357,19.94368251161606,19.59416497423776,19.59416497423776
2018-04-26,2018-04-25,300373,26.53693497878741,26.68467017699918,27.17404302107563
2018-04-26,2018-04-25,300377,15.26808406307184,15.14182128137977,15.0155584996877
2018-04-26,2018-04-25,300511,11.6702321095172,11.64093445568578,11.65070034029625
2018-04-26,2018-04-25,300601,28.88339109028914,28.33031334382955,28.81176951161092
2018-04-26,2018-04-25,600230,26.33104473896538,26.46440024536683,26.30437363768509
2018-04-26,2018-04-25,600250,8.19,8.18,8.18
2018-04-26,2018-04-25,600527,2.304017726573054,2.327134961287834,2.319429216382907
2018-04-26,2018-04-25,600651,6.083020778937,6.06310909062624,6.043197402315481
2018-04-26,2018-04-25,600703,20.42225859646211,18.67484736856215,18.57722662957332
2018-04-26,2018-04-25,601798,6.06,5.77,5.77
2018-04-27,2018-04-26,000546,13.73770648207743,13.91370556868056,13.80615057131198
2018-04-27,2018-04-26,000655,3.885657664718946,3.913951288491172,3.904520080567096
2018-04-27,2018-04-26,000707,3.05739518238507,,
2018-04-27,2018-04-26,000823,8.211506266654279,8.39313446114372,8.374015703829043
2018-04-27,2018-04-26,000886,5.793656821134808,5.76374120932172,5.873431785969711
2018-04-27,2018-04-26,000977,20.9227334440042,20.98588960360232,20.2099710713969
2018-04-27,2018-04-26,002008,45.90984466303079,46.27883241624465,45.65737935820025
2018-04-27,2018-04-26,002014,4.579280262799062,4.579280262799062,4.566380881777093
2018-04-27,2018-04-26,002054,5.848481950785632,5.886832652102259,5.829306600127319
2018-04-27,2018-04-26,002178,7.48,7.48,7.46
2018-04-27,2018-04-26,002365,15.30031025242451,15.78006574339036,15.77358256108001
2018-04-27,2018-04-26,002366,,,
2018-04-27,2018-04-26,002496,3.107291665366955,3.097395832037761,3.107291665366955
2018-04-27,2018-04-26,002562,8.077047413793103,8.101616379310345,8.015625
2018-04-27,2018-04-26,002583,10.25679107985076,10.58508798153366,10.3861201623319
2018-04-27,2018-04-26,002706,4.692223547273221,4.762677354289335,4.720405070079666
2018-04-27,2018-04-26,002760,20.34976854369168,21.19074888715996,20.97561438069133
2018-04-27,2018-04-26,300110,5.301646921161038,5.379612317060465,5.369866642573037
2018-04-27,2018-04-26,300136,30.72071411577013,31.34705877249943,30.76048203048311
2018-04-27,2018-04-26,300157,6.01,6.06,6.04
2018-04-27,2018-04-26,300274,12.22206088452814,12.2489373240763,12.10783601644843
2018-04-27,2018-04-26,300286,10.07582184977132,10.20927644380803,10.16161408879492
2018-04-27,2018-04-26,300316,17.5104116526489,17.67752346510156,17.21251668262458
2018-04-27,2018-04-26,300357,20.21376424504474,19.94897823187937,20.21905996530805
2018-04-27,2018-04-26,300373,26.91550642420505,27.38641236850504,26.25993148214037
2018-04-27,2018-04-26,300377,14.86015815298977,15.05440858636219,14.88929571799563
2018-04-27,2018-04-26,300511,11.1331084559411,11.37725557120297,11.23076730204584
2018-04-27,2018-04-26,300601,28.63271556491537,28.79983258183122,28.64067351810184
2018-04-27,2018-04-26,600230,25.80429048867967,25.14418073199252,24.82412751662905
2018-04-27,2018-04-26,600250,7.97,8,8.01
2018-04-27,2018-04-26,600527,2.265489002048421,2.296311981668127,2.273194746953348
2018-04-27,2018-04-26,600651,5.873948051674025,5.923727272450924,5.873948051674025
2018-04-27,2018-04-26,600703,18.79199225534874,18.69437151635991,18.40150929939344
2018-04-27,2018-04-26,601798,5.76,5.69,5.65
2018-05-02,2018-04-27,000546,13.73770648207743,13.75726193614444,13.84526147944601
2018-05-02,2018-04-27,000655,3.895088872643021,3.885657664718946,3.904520080567096
2018-05-02,2018-04-27,000707,,2.905001653045004,2.905001653045004
2018-05-02,2018-04-27,000823,8.316659431885007,8.335778189199688,8.335778189199688
2018-05-02,2018-04-27,000886,5.783684950530446,5.83354430355226,5.803628691739172
2018-05-02,2018-04-27,000977,20.88664420994814,21.53625042295733,21.9602989231161
2018-05-02,2018-04-27,002008,45.34665282917804,45.78361201061551,45.48259568562526
2018-05-02,2018-04-27,002014,4.559931191266108,4.53413242922217,4.559931191266108
2018-05-02,2018-04-27,002054,5.877244976773103,5.877244976773103,5.877244976773103
2018-05-02,2018-04-27,002178,7.45,7.37,7.44
2018-05-02,2018-04-27,002365,16.83034127766696,17.36196222711561,17.81578498884006
2018-05-02,2018-04-27,002366,,,
2018-05-02,2018-04-27,002496,3.097395832037761,3.107291665366955,3.117187498696149
2018-05-02,2018-04-27,002562,7.622521551724138,7.186422413793103,7.125
2018-05-02,2018-04-27,002583,10.41596533521217,10.37617177137181,10.50550085385296
2018-05-02,2018-04-27,002706,4.734495831482889,4.78381349639417,4.804949638499004
2018-05-02,2018-04-27,002760,21.08318163392564,20.99517206309756,21.0147297455038
2018-05-02,2018-04-27,300110,5.360120968085608,5.399103666035321,5.438086363985035
2018-05-02,2018-04-27,300136,30.94937962536972,31.46636251663834,32.12253310940237
2018-05-02,2018-04-27,300157,6.07,6.07,6.07
2018-05-02,2018-04-27,300274,12.20862266475406,12.26237554385039,12.39675774159121
2018-05-02,2018-04-27,300286,10.1997439728054,10.21880891481065,10.33319856684211
2018-05-02,2018-04-27,300316,17.32150264726762,17.45955153581548,17.59760042436333
2018-05-02,2018-04-27,300357,20.12373700056851,19.48825056897161,19.30819608001916
2018-05-02,2018-04-27,300373,26.62926947766977,26.73083742644035,26.91550642420505
2018-05-02,2018-04-27,300377,15.21952145472874,15.31664667141495,15.37492180142667
2018-05-02,2018-04-27,300511,10.90849310990018,10.90849310990018,11.00615195600493
2018-05-02,2018-04-27,300601,29.64337561959693,29.71499719827515,31.11559695909369
2018-05-02,2018-04-27,600230,23.76395124073756,23.82396121861821,23.93731339905944
2018-05-02,2018-04-27,600250,8.02,7.99,7.99
2018-05-02,2018-04-27,600527,2.327134961287834,2.296311981668127,2.304017726573054
2018-05-02,2018-04-27,600651,5.684787012721811,5.515537662080356,5.525493506235735
2018-05-02,2018-04-27,600703,19.01651995502304,18.63579907296662,19.11414069401186
2018-05-02,2018-04-27,601798,5.7,5.71,5.71
2018-05-03,2018-05-02,000546,13.68881784690989,13.88437238758003,13.80615057131198
2018-05-03,2018-05-02,000655,3.838501625098571,3.810208001326346,3.81963920925042
2018-05-03,2018-05-02,000707,2.905001653045004,2.781181910456201,2.781181910456201
2018-05-03,2018-05-02,000823,8.029878072164836,8.068115586794192,8.029878072164836
2018-05-03,2018-05-02,000886,5.504472573608285,5.544360056025737,5.534388185421374
2018-05-03,2018-05-02,000977,21.59038427404142,21.63549581661151,21.15731346536863
2018-05-03,2018-05-02,002008,45.84187323480718,46.12346915173355,45.61853854207246
2018-05-03,2018-05-02,002014,4.508333667178232,4.476085214623309,4.463185833601339
2018-05-03,2018-05-02,002054,5.771780548152378,5.771780548152378,5.752605197494065
2018-05-03,2018-05-02,002178,7.39,7.37,7.34
2018-05-03,2018-05-02,002365,17.31657995094317,16.90813946539116,16.93407219463255
2018-05-03,2018-05-02,002366,,,
2018-05-03,2018-05-02,002496,3.127083332025343,3.117187498696149,3.087499998708567
2018-05-03,2018-05-02,002562,6.873168103448275,6.867025862068965,6.77489224137931
2018-05-03,2018-05-02,002583,10.23689429793058,10.33637820753146,10.26673947081084
2018-05-03,2018-05-02,002706,4.748586592886112,4.755631973587723,4.727450450781277
2018-05-03,2018-05-02,002760,21.31787382280051,21.18097004595684,21.5134506468629
2018-05-03,2018-05-02,300110,5.379612317060465,5.35037529359818,5.301646921161038
2018-05-03,2018-05-02,300136,31.04879941215215,31.16810315629106,31.11839326289985
2018-05-03,2018-05-02,300157,5.96,5.69,5.61
2018-05-03,2018-05-02,300274,12.12127423622252,12.16158889554477,11.6307792144685
2018-05-03,2018-05-02,300286,10.33319856684211,10.27600374082638,10.22834138581327
2018-05-03,2018-05-02,300316,17.21251668262458,17.34329984019623,16.89282451967166
2018-05-03,2018-05-02,300357,19.94368251161606,19.91190819003621,19.66830505792407
2018-05-03,2018-05-02,300373,25.10575024611099,24.93031469823453,24.65331120158747
2018-05-03,2018-05-02,300377,14.61734511127425,14.47165728624494,14.35510702622149
2018-05-03,2018-05-02,300511,11.66046622490673,11.79718860945338,11.56280737880198
2018-05-03,2018-05-02,300601,30.68586748702437,30.76146804229582,30.19645336605652
2018-05-03,2018-05-02,600230,23.96398450033972,24.0439978041806,24.13734665866161
2018-05-03,2018-05-02,600250,7.68,7.66,7.6
2018-05-03,2018-05-02,600527,2.273194746953348,2.242371767333641,2.234666022428715
2018-05-03,2018-05-02,600651,5.535449350391115,5.605140259478773,5.625051947789533
2018-05-03,2018-05-02,600703,19.55343401946157,20.13915845339452,19.9243928276191
2018-05-03,2018-05-02,601798,5.65,5.59,5.61
2018-05-04,2018-05-03,000546,13.95281647681458,14.07992692825018,14.13859329045122
2018-05-04,2018-05-03,000655,3.876226456794872,3.857364040946721,3.838501625098571
2018-05-04,2018-05-03,000707,2.800231101623709,2.800231101623709,2.809755697207463
2018-05-04,2018-05-03,000823,8.421812597115739,8.4122532184584,8.4122532184584
2018-05-04,2018-05-03,000886,5.664022503278091,5.584247538443188,5.614163150256277
2018-05-04,2018-05-03,000977,22.51968205098512,22.41141434881692,22.9437305511439
2018-05-04,2018-05-03,002008,47.57999975652513,47.19159159524738,47.36637526782237
2018-05-04,2018-05-03,002014,4.540582119733155,4.514783357689216,4.540582119733155
2018-05-04,2018-05-03,002054,5.886832652102259,5.85806962611479,5.877244976773103
2018-05-04,2018-05-03,002178,7.49,7.44,7.5
2018-05-04,2018-05-03,002365,17.21284903397758,17.17394994011548,17.16746675780513
2018-05-04,2018-05-03,002366,,,
2018-05-04,2018-05-03,002496,3.117187498696149,3.107291665366955,3.107291665366955
2018-05-04,2018-05-03,002562,6.848599137931035,6.77489224137931,6.78103448275862
2018-05-04,2018-05-03,002583,11.04271396569771,10.82384936457577,10.84374614649595
2018-05-04,2018-05-03,002706,4.797904257797392,4.762677354289335,4.804949638499004
2018-05-04,2018-05-03,002760,22.51089244958109,21.90460429498768,21.8654889301752
2018-05-04,2018-05-03,300110,5.311392595648466,5.311392595648466,5.360120968085608
2018-05-04,2018-05-03,300136,31.81433177037684,31.47630449531659,31.57572428209901
2018-05-04,2018-05-03,300157,5.82,5.76,5.77
2018-05-04,2018-05-03,300274,11.98689203848169,11.93313915938536,11.99361114836873
2018-05-04,2018-05-03,300286,10.72402987794961,10.6763675229365,10.80028964597058
2018-05-04,2018-05-03,300316,18.74558591860339,18.50581679638869,18.5348797202935
2018-05-04,2018-05-03,300357,19.96486539266929,19.71596654029383,19.89072530898299
2018-05-04,2018-05-03,300373,25.7428582883992,25.5304889409698,25.52125549108156
2018-05-04,2018-05-03,300377,15.05440858636219,14.93785832633874,15.06412110803081
2018-05-04,2018-05-03,300511,11.38702145581344,11.20146964821442,11.172171994383
2018-05-04,2018-05-03,300601,29.44044781334197,29.64337561959693,30.15268462353094
2018-05-04,2018-05-03,600230,24.7641175387484,24.55074872850609,24.77078531406847
2018-05-04,2018-05-03,600250,7.73,7.75,7.68
2018-05-04,2018-05-03,600527,2.265489002048421,2.250077512238568,2.257783257143495
2018-05-04,2018-05-03,600651,5.784345454275607,5.854036363363265,5.834124675052506
2018-05-04,2018-05-03,600703,20.38321030086658,20.52964140934982,20.67607251783305
2018-05-04,2018-05-03,601798,5.69,5.68,5.75
2018-05-07,2018-05-04,000707,2.819280292791217,2.933575439796266,2.962149226547529
2018-05-07,2018-05-04,000856,17.21662650478173,17.36590361320469,17.25643373369452
2018-05-07,2018-05-04,000886,5.5543319266301,5.624135020860639,5.584247538443188
2018-05-07,2018-05-04,002014,4.553481500755123,4.547031810244139,4.553481500755123
2018-05-07,2018-05-04,002054,5.867657301443947,5.877244976773103,5.886832652102259
2018-05-07,2018-05-04,002178,7.36,7.44,7.39
2018-05-07,2018-05-04,002230,36.06811070998797,36.53393501805054,36.73357400722022
2018-05-07,2018-05-04,002305,3.64,3.67,3.68
2018-05-07,2018-05-04,002350,6.94692649588345,6.978008941055188,6.970238329762254
2018-05-07,2018-05-04,002366,,24.27086692152054,24.87099780202834
2018-05-07,2018-05-04,002496,3.067708332050179,3.097395832037761,3.245833331975672
2018-05-07,2018-05-04,002667,8.459546571493155,8.289756380565901,8.259793405696383
2018-05-07,2018-05-04,002742,13.34200878968297,13.38093514647271,13.35174037888041
2018-05-07,2018-05-04,002749,7.790384614977675,7.872123920865254,7.893082717246683
2018-05-07,2018-05-04,002759,10.19047108189699,10.26630714576227,10.22838911382963
2018-05-07,2018-05-04,002760,21.95349850100327,21.79703704175336,21.85571008897208
2018-05-07,2018-05-04,002815,15.48923992759065,15.17137976268724,15.29165117643448
2018-05-07,2018-05-04,002820,13.99561873134176,13.95679593319657,14.16061562345883
2018-05-07,2018-05-04,002838,12.94317341205327,12.96693325310339,13.15107202124183
2018-05-07,2018-05-04,300069,20.9,19.51,19.2
2018-05-07,2018-05-04,300110,5.330883944623323,5.311392595648466,5.330883944623323
2018-05-07,2018-05-04,300157,5.84,6.06,6.16
2018-05-07,2018-05-04,300286,10.66683505193388,10.6763675229365,10.64777010992863
2018-05-07,2018-05-04,300349,19.96337727015175,20.1773661287867,20.35569017764915
2018-05-07,2018-05-04,300357,20.11844128030521,20.3249743705742,20.40970589478712
2018-05-07,2018-05-04,300401,19.0940477377585,19.18787598217009,18.79379735564141
2018-05-07,2018-05-04,300511,11.03544960983635,10.68387776385926,10.52762361009167
2018-05-07,2018-05-04,300609,34.18856629653821,34.31750489875898,34.47619856303069
2018-05-07,2018-05-04,600121,3.403957023060797,3.420361635220126,3.428563941299791
2018-05-07,2018-05-04,600284,4.841321799654787,4.865814152772771,4.873978270478765
2018-05-07,2018-05-04,600720,6.15803665724961,6.188186163527455,6.173111410388532
2018-05-07,2018-05-04,600816,9.220000000000001,9.199999999999999,9.16
2018-05-07,2018-05-04,600874,9.973423124239941,10.07274352049793,10.0561901211216
2018-05-07,2018-05-04,603018,7.365562864113027,7.335965309550001,7.327508865389134
2018-05-07,2018-05-04,603456,8.470081419643009,8.534809116081329,8.525562302304426
2018-05-08,2018-05-07,000707,2.962149226547529,2.990723013298791,2.981198417715037
2018-05-08,2018-05-07,000856,17.51518072162766,17.54503614331225,17.46542168548667
2018-05-08,2018-05-07,000886,5.604191279651914,5.624135020860639,5.634106891465003
2018-05-08,2018-05-07,002014,4.630877786886939,4.611528715353986,4.61797840586497
2018-05-08,2018-05-07,002054,6.45250549652251,6.48126852250998,6.385391769218413
2018-05-08,2018-05-07,002178,7.53,7.55,7.59
2018-05-08,2018-05-07,002230,36.89993983152828,37.1727797833935,37.02637785800241
2018-05-08,2018-05-07,002305,3.69,3.7,3.68
2018-05-08,2018-05-07,002350,7.125650555620944,7.141191778206813,7.102338721742141
2018-05-08,2018-05-07,002366,24.52666041157304,24.89067422434007,24.90051243549593
2018-05-08,2018-05-07,002496,3.374479165255196,3.344791665267614,3.414062498571973
2018-05-08,2018-05-07,002667,8.409608280043962,8.339694672015092,8.299744038855739
2018-05-08,2018-05-07,002742,13.5171773952368,13.56583534122397,13.82858824955471
2018-05-08,2018-05-07,002749,7.930808550733259,7.983205541686835,8.058657208659984
2018-05-08,2018-05-07,002759,10.36110222559387,10.21890960584647,10.27578665374543
2018-05-08,2018-05-07,002760,22.98027682733082,22.68691159123724,22.51089244958109
2018-05-08,2018-05-07,002815,15.54937563446427,15.63528378714087,15.61810215660555
2018-05-08,2018-05-07,002820,14.18973272206772,14.32561251557589,14.13149852484993
2018-05-08,2018-05-07,002838,13.23423146491725,13.11543225966665,13.15107202124183
2018-05-08,2018-05-07,300069,18.81,18.07,18.34
2018-05-08,2018-05-07,300110,5.40884934052275,5.428340689497607,5.40884934052275
2018-05-08,2018-05-07,300157,6.42,6.64,6.58
2018-05-08,2018-05-07,300286,10.77169223296272,10.68589999393912,10.68589999393912
2018-05-08,2018-05-07,300349,20.67667346560157,20.57859523872722,20.31110916543354
2018-05-08,2018-05-07,300357,20.84925067664164,20.70626622953234,20.77511059295534
2018-05-08,2018-05-07,300401,19.61010308202224,19.6664000286692,19.42244659319906
2018-05-08,2018-05-07,300511,10.90849310990018,10.86942957145828,10.91825899451066
2018-05-08,2018-05-07,300609,34.7539124755062,34.79358589157412,34.73407576747223
2018-05-08,2018-05-07,600121,3.453170859538784,3.453170859538784,3.453170859538784
2018-05-08,2018-05-07,600284,4.88214238818476,4.898470623596749,4.890306505890754
2018-05-08,2018-05-07,600720,6.233410422944219,6.210798293235837,6.210798293235837
2018-05-08,2018-05-07,600816,9.24,9.289999999999999,9.32
2018-05-08,2018-05-07,600874,10.22172411488492,10.20517071550859,10.24655421394942
2018-05-08,2018-05-07,603018,7.403616862836917,7.378247530354322,7.399388640756484
2018-05-08,2018-05-07,603456,8.738239019173189,8.802966715611509,8.812213529388412
2018-05-09,2018-05-08,000707,2.981198417715037,2.981198417715037,2.981198417715037
2018-05-09,2018-05-08,000856,17.59479517945324,17.61469879390963,17.57489156499684
2018-05-09,2018-05-08,000886,5.893375527178437,5.843516174156623,5.853488044760986
2018-05-09,2018-05-08,002014,4.817918811705492,4.779220668639585,4.779220668639585
2018-05-09,2018-05-08,002054,6.318278041914315,6.231988963951903,6.251164314610217
2018-05-09,2018-05-08,002178,7.43,7.4,7.45
2018-05-09,2018-05-08,002230,37.51216606498195,37.29921780986763,37.26594464500602
2018-05-09,2018-05-08,002305,3.7,3.69,3.7
2018-05-09,2018-05-08,002350,7.187815445964421,7.148962389499747,7.125650555620944
2018-05-09,2018-05-08,002366,25.54983437178307,25.38258478213335,25.05792381398978
2018-05-09,2018-05-08,002496,3.344791665267614,3.245833331975672,3.275520831963255
2018-05-09,2018-05-08,002667,8.399620621754122,8.309731697145578,8.379645305174446
2018-05-09,2018-05-08,002742,13.80912507115984,13.74100394677779,13.69234600079062
2018-05-09,2018-05-08,002749,8.023027254811552,8.071232486488841,7.979013782410548
2018-05-09,2018-05-08,002759,10.53173336929075,10.49381533735811,10.44641779744231
2018-05-09,2018-05-08,002760,23.15629596898697,22.83359420928403,23.1171806041745
2018-05-09,2018-05-08,002815,15.81569090776173,15.9703255825796,15.64387460240853
2018-05-09,2018-05-08,002820,14.56825500398334,14.8011917928545,14.71384049702781
2018-05-09,2018-05-08,002838,13.81040761038268,13.66784856408196,13.73318812696979
2018-05-09,2018-05-08,300069,18.22,18.25,18.18
2018-05-09,2018-05-08,300110,5.516051759884462,5.496560410909606,5.447832038472463
2018-05-09,2018-05-08,300157,6.56,6.61,6.81
2018-05-09,2018-05-08,300286,10.84795200098369,10.77169223296272,10.82888705897845
2018-05-09,2018-05-08,300349,20.4537684045235,20.47160080940975,20.27544435566105
2018-05-09,2018-05-08,300357,20.40970589478712,20.62683042558273,20.22965140583467
2018-05-09,2018-05-08,300401,19.24417292881704,19.28170422658168,19.45059506652254
2018-05-09,2018-05-08,300511,11.02568372522588,11.20146964821442,11.24053318665632
2018-05-09,2018-05-08,300609,35.29942194644023,35.24983017635532,35.40852384062703
2018-05-09,2018-05-08,600121,3.469575471698114,3.469575471698114,3.485980083857442
2018-05-09,2018-05-08,600284,4.922962976714733,4.931127094420727,4.922962976714733
2018-05-09,2018-05-08,600720,6.210798293235837,6.225873046374759,6.218335669805298
2018-05-09,2018-05-08,600816,9.390000000000001,9.4,9.390000000000001
2018-05-09,2018-05-08,600874,10.23000081457308,10.18034061644409,10.28793771239025
2018-05-09,2018-05-08,603018,7.403616862836917,7.424757973239077,7.39093219659562
2018-05-09,2018-05-08,603456,8.747485832950094,8.710498577842481,8.7659794605039
2018-05-10,2018-05-09,000707,3.019296800050054,3.000247608882545,2.981198417715037
2018-05-10,2018-05-09,000856,17.48532529994307,17.57489156499684,17.53508433608405
2018-05-10,2018-05-09,000886,5.913319268387162,5.893375527178437,5.943234880200251
2018-05-10,2018-05-09,002014,4.785670359150569,4.779220668639585,4.779220668639585
2018-05-10,2018-05-09,002054,6.231988963951903,6.251164314610217,6.260751989939374
2018-05-10,2018-05-09,002178,7.22,7.16,7.2
2018-05-10,2018-05-09,002230,37.06630565583635,37.16612515042118,36.92655836341757
2018-05-10,2018-05-09,002305,3.75,3.77,3.82
2018-05-10,2018-05-09,002350,7.374310116994849,7.545263565439408,7.382080728287783
2018-05-10,2018-05-09,002366,24.83164495740488,24.95954170243113,24.74310105700209
2018-05-10,2018-05-09,002496,3.285416665292449,3.305208331950837,3.315104165280032
2018-05-10,2018-05-09,002667,8.439571254913476,8.47952188807283,8.489509546362669
2018-05-10,2018-05-09,002742,13.60476169801371,13.68261441159319,13.62422487640858
2018-05-10,2018-05-09,002749,8.417052626782443,8.450586700992732,8.419148506420587
2018-05-10,2018-05-09,002759,10.52225386130759,10.55069238525707,10.55069238525707
2018-05-10,2018-05-09,002760,23.18563249259633,22.98027682733082,22.73580579725284
2018-05-10,2018-05-09,002815,15.60951134133789,15.57514808026725,15.27446954589916
2018-05-10,2018-05-09,002820,14.51002080676555,14.60707780212854,14.82060319192709
2018-05-10,2018-05-09,002838,13.59656904093159,13.54904935883135,13.63220880250677
2018-05-10,2018-05-09,300069,17.89,17.88,17.97
2018-05-10,2018-05-09,300110,5.399103666035321,5.40884934052275,5.457577712959892
2018-05-10,2018-05-09,300157,7.22,7.64,7.56
2018-05-10,2018-05-09,300286,10.9814065950204,10.97187412401778,10.95280918201253
2018-05-10,2018-05-09,300349,20.20411473611607,20.20411473611607,20.18628233122982
2018-05-10,2018-05-09,300357,20.16080704241167,20.26672144767782,20.42559305557704
2018-05-10,2018-05-09,300401,18.8407114778472,18.887625600053,18.92515689781764
2018-05-10,2018-05-09,300511,11.51397795574961,11.42608499425534,11.47491441730771
2018-05-10,2018-05-09,300609,35.12089157413454,35.22999346832135,35.14072828216851
2018-05-10,2018-05-09,600121,3.469575471698114,3.477777777777778,3.469575471698114
2018-05-10,2018-05-09,600284,4.898470623596749,4.890306505890754,4.914798859008737
2018-05-10,2018-05-09,600720,6.195723540096916,6.203260916666377,6.180648786957993
2018-05-10,2018-05-09,600816,9.380000000000001,9.41,9.369999999999999
2018-05-10,2018-05-09,600874,10.4203649074009,10.4451950064654,10.41208820771273
2018-05-10,2018-05-09,603018,7.361334642032594,7.361334642032594,7.424757973239077
2018-05-10,2018-05-09,603456,8.932422108488151,8.904681667157442,9.829363044847726
2018-05-11,2018-05-10,000707,3.028821395633808,3.095493564720087,3.076444373552578
2018-05-11,2018-05-10,000856,17.67440963727882,17.67440963727882,17.55498795054045
2018-05-11,2018-05-10,000886,6.032981715639516,5.963178621408977,5.923291138991526
2018-05-11,2018-05-10,002014,4.837267883238446,4.811469121194508,4.792120049661554
2018-05-11,2018-05-10,002054,6.337453392572629,6.289515015926844,6.24157663928106
2018-05-11,2018-05-10,002178,7.22,7.19,7.18
2018-05-11,2018-05-10,002230,37.13950661853189,37.3790734055355,37.18608904933815
2018-05-11,2018-05-10,002305,3.78,3.81,3.82
2018-05-11,2018-05-10,002350,7.374310116994849,7.382080728287783,7.327686449237241
2018-05-11,2018-05-10,002366,24.65455715659929,24.64471894544343,24.34957261076746
2018-05-11,2018-05-10,002496,3.196354165329702,3.21614583198809,3.196354165329702
2018-05-11,2018-05-10,002667,8.789139295057822,8.739201003608629,8.639324420710246
2018-05-11,2018-05-10,002742,13.5755669304214,13.71249627868599,13.70271561086952
2018-05-11,2018-05-10,002749,8.329025681980436,8.240998737178428,8.087999523593986
2018-05-11,2018-05-10,002759,10.66444648105499,10.69288500500447,10.61704894113919
2018-05-11,2018-05-10,002760,22.7162481148466,22.83359420928403,22.68691159123724
2018-05-11,2018-05-10,002815,16.00468884365024,15.85864498410003,15.85005416883237
2018-05-11,2018-05-10,002820,15.96587573721026,16.48998351217035,16.64527470475112
2018-05-11,2018-05-10,002838,13.53716943830629,13.53122947804376,13.41243027279316
2018-05-11,2018-05-10,300069,17.92,17.87,17.89
2018-05-11,2018-05-10,300110,5.662236877195888,5.613508504758745,5.584271481296462
2018-05-11,2018-05-10,300157,7.13,6.97,7.03
2018-05-11,2018-05-10,300286,11.16252354407021,11.07673130504662,11.04813389203875
2018-05-11,2018-05-10,300349,20.36460638009228,20.41810359475101,20.15953372390045
2018-05-11,2018-05-10,300357,21.21465537480986,21.23054253559978,21.78129744298376
2018-05-11,2018-05-10,300401,20.72665919052016,20.82048743493175,20.5577683505793
2018-05-11,2018-05-10,300511,11.87531568633717,11.79718860945338,11.69952976334863
2018-05-11,2018-05-10,300609,34.91260613977792,34.78366753755714,34.56546374918354
2018-05-11,2018-05-10,600121,3.518789308176101,3.510587002096436,3.477777777777778
2018-05-11,2018-05-10,600284,4.914798859008737,4.914798859008737,4.890306505890754
2018-05-11,2018-05-10,600720,6.210798293235837,6.195723540096916,6.173111410388532
2018-05-11,2018-05-10,600816,9.279999999999999,9.289999999999999,9.24
2018-05-11,2018-05-10,600874,10.37898140896007,10.36242800958374,10.37898140896007
2018-05-11,2018-05-10,603018,7.378247530354322,7.382475752434756,7.357106419952161
2018-05-11,2018-05-10,603456,9.829363044847726,10.20848240970074,10.80952530519943
2018-05-14,2018-05-11,000792,12.93,12.87,12.88
2018-05-14,2018-05-11,000799,23.68979804780641,23.96448982844871,23.78451935147617
2018-05-14,2018-05-11,000815,11.84,11.9,11.81
2018-05-14,2018-05-11,000868,6.19,6.12,6.08
2018-05-14,2018-05-11,002048,10.58448444630256,10.60723047304963,10.51624636606135
2018-05-14,2018-05-11,002054,6.203225937964433,6.212813613293591,6.174462911976963
2018-05-14,2018-05-11,002069,4.09,4.1,4.09
2018-05-14,2018-05-11,002496,3.245833331975672,3.285416665292449,3.364583331926002
2018-05-14,2018-05-11,002552,5.656944882963587,5.627275591619373,5.706393701870611
2018-05-14,2018-05-11,002667,8.469534229782992,8.429583596623637,8.319719355435415
2018-05-14,2018-05-11,002749,8.006260217706409,8.002068458430122,8.006260217706409
2018-05-14,2018-05-11,002760,22.29575794311246,22.19796953108126,22.09040227784695
2018-05-14,2018-05-11,002815,15.20574302375788,14.93942775046043,14.75902062983957
2018-05-14,2018-05-11,300046,14.16874773151112,14.06133475766783,14.25663107374655
2018-05-14,2018-05-11,300136,35.14489462758817,37.431549723584,36.89468287495889
2018-05-14,2018-05-11,300286,10.91467929800205,10.86701694298894,10.7621597619601
2018-05-14,2018-05-11,300346,6.957825421154493,6.928643409202377,6.899461397250261
2018-05-14,2018-05-11,300349,19.64239398219934,19.48190233822313,19.52648335043874
2018-05-14,2018-05-11,300375,4.844250319318803,4.793138651236893,4.78745957700557
2018-05-14,2018-05-11,300401,20.13554125072715,20.33258056399148,20.63283094610857
2018-05-14,2018-05-11,300435,11.2552917260821,11.23637526939961,11.2552917260821
2018-05-14,2018-05-11,300458,7.383144649812512,7.248963743152139,7.156315021886641
2018-05-14,2018-05-11,300511,11.42608499425534,11.37725557120297,11.1331084559411
2018-05-14,2018-05-11,300567,49.129986511317,49.09057743122771,48.14475950908471
2018-05-14,2018-05-11,300609,33.72240365774003,33.92077073807968,33.77199542782494
2018-05-14,2018-05-11,600191,6.382965050160734,6.392922873951936,6.363049402578328
2018-05-14,2018-05-11,600284,4.808665328830808,4.857650035066776,4.816829446536803
2018-05-14,2018-05-11,600516,12.60629677988952,12.72731055235453,12.81494121517402
2018-05-14,2018-05-11,600527,2.234666022428715,2.219254532618861,2.219254532618861
2018-05-14,2018-05-11,600749,11.35,11.65,11.89
2018-05-14,2018-05-11,600816,9.27,9.27,9.279999999999999
2018-05-15,2018-05-14,000792,12.6,12.84,12.78
2018-05-15,2018-05-14,000799,23.82240787294407,23.61277068366216,23.53653897846874
2018-05-15,2018-05-14,000815,11.89,11.92,12.21
2018-05-15,2018-05-14,000868,6.1,6.12,6.12
2018-05-15,2018-05-14,002048,10.62239449088101,10.65272252654377,10.63755850871239
2018-05-15,2018-05-14,002054,6.088173834014552,6.049823132697925,6.049823132697925
2018-05-15,2018-05-14,002069,4.04,4.1,4.09
2018-05-15,2018-05-14,002496,3.354687498596808,3.364583331926002,3.315104165280032
2018-05-15,2018-05-14,002552,5.656944882963587,5.666834646744992,5.676724410526397
2018-05-15,2018-05-14,002667,8.299744038855739,8.309731697145578,8.399620621754122
2018-05-15,2018-05-14,002749,8.006260217706409,8.008356097344551,7.941287948923973
2018-05-15,2018-05-14,002760,22.49133476717485,22.5695654967998,22.74558463845596
2018-05-15,2018-05-14,002815,14.52706861761275,14.63874921609233,14.66452166189531
2018-05-15,2018-05-14,300046,14.10039402088357,14.19804217892293,14.25663107374655
2018-05-15,2018-05-14,300136,37.03387057645429,37.10346442720199,36.66601736535931
2018-05-15,2018-05-14,300286,10.61917269692077,10.6763675229365,10.70496493594436
2018-05-15,2018-05-14,300346,6.724369325537564,6.770226772890889,6.770226772890889
2018-05-15,2018-05-14,300349,19.46406993333688,19.49081854066625,19.57106436265435
2018-05-15,2018-05-14,300375,4.696594389304396,4.73634790892366,4.713631611998367
2018-05-15,2018-05-14,300401,20.96122980154913,21.06444087040188,21.82444965013576
2018-05-15,2018-05-14,300435,11.18908412769338,11.16070944266965,11.17016767101089
2018-05-15,2018-05-14,300458,6.951848878404166,6.986991496815216,7.05088716665349
2018-05-15,2018-05-14,300511,10.88896134067923,10.89872722528971,10.95732253295255
2018-05-15,2018-05-14,300567,48.47316850982881,49.28762283167418,48.80814569058779
2018-05-15,2018-05-14,300609,33.31575114304376,33.67281188765512,33.67281188765512
2018-05-15,2018-05-14,600191,6.412838521534341,6.402880697743139,6.402880697743139
2018-05-15,2018-05-14,600284,4.841321799654787,4.833157681948792,4.849485917360782
2018-05-15,2018-05-14,600516,12.52283900577572,12.78990388293988,12.72731055235453
2018-05-15,2018-05-14,600527,2.211548787713935,2.211548787713935,2.196137297904082
2018-05-15,2018-05-14,600749,11.92,12.15,12.26
2018-05-15,2018-05-14,600816,9.23,9.26,9.24
2018-05-16,2018-05-15,000792,12.98,12.82,12.94
2018-05-16,2018-05-15,000799,23.72711824145229,23.58418379421463,24.18450847261282
2018-05-16,2018-05-15,000815,12.02,11.96,12.07
2018-05-16,2018-05-15,000868,6.11,6.03,5.98
2018-05-16,2018-05-15,002048,10.72854261570066,10.67546855329083,10.66788654437515
2018-05-16,2018-05-15,002054,6.260751989939374,6.212813613293591,6.193638262635277
2018-05-16,2018-05-15,002069,4.13,4.09,4.08
2018-05-16,2018-05-15,002496,3.38437499858439,3.394270831913584,3.38437499858439
2018-05-16,2018-05-15,002552,5.686614174307802,5.617385827837968,5.656944882963587
2018-05-16,2018-05-15,002667,8.429583596623637,8.359669988594769,8.389632963464285
2018-05-16,2018-05-15,002749,8.025123134449695,7.92452091181883,7.886795078332255
2018-05-16,2018-05-15,002760,22.9704979861277,22.95094030372146,23.03894987454954
2018-05-16,2018-05-15,002815,14.69029410769829,14.52706861761275,14.83633796724851
2018-05-16,2018-05-15,300046,14.28592552115836,14.04180512605996,14.00274586284421
2018-05-16,2018-05-15,300136,36.75549517346349,36.42740987708148,37.06369651248902
2018-05-16,2018-05-15,300286,10.78122470396534,10.77169223296272,10.71449740694699
2018-05-16,2018-05-15,300346,6.795239925992704,6.886954820699353,6.816084220244216
2018-05-16,2018-05-15,300349,19.88313144816365,19.82071803106179,19.74938841151681
2018-05-16,2018-05-15,300375,4.73634790892366,4.71931068622969,4.70227346353572
2018-05-16,2018-05-15,300401,21.60864468798911,21.71185575684185,21.83383247457692
2018-05-16,2018-05-15,300435,11.34987400949456,11.22691704105836,11.14179298598716
2018-05-16,2018-05-15,300458,7.063666300621144,7.002965414274786,6.951848878404166
2018-05-16,2018-05-15,300511,11.0940449174992,11.07451314827825,10.91825899451066
2018-05-16,2018-05-15,300567,49.94444083316237,49.70798635262662,50.04953171340048
2018-05-16,2018-05-15,300609,35.05146309601567,35.2597485303723,35.28950359242324
2018-05-16,2018-05-15,600191,6.582121525984782,6.611994997358388,6.631910644940794
2018-05-16,2018-05-15,600284,4.849485917360782,4.816829446536803,4.824993564242797
2018-05-16,2018-05-15,600516,13.22805719703733,13.09452475845525,13.02775853916421
2018-05-16,2018-05-15,600527,2.203843042809008,2.180725808094229,2.180725808094229
2018-05-16,2018-05-15,600749,11.85,11.93,11.7
2018-05-16,2018-05-15,600816,9.23,9.17,9.23
2018-05-17,2018-05-16,000792,12.7,12.73,12.79
2018-05-17,2018-05-16,000799,24.00345817277845,24.01298713592762,24.24168225150789
2018-05-17,2018-05-16,000815,11.83,11.79,11.73
2018-05-17,2018-05-16,000868,5.91,5.94,5.92
2018-05-17,2018-05-16,002048,10.54657440172411,10.50866435714567,10.4859183303986
2018-05-17,2018-05-16,002054,6.126524535331179,6.145699885989493,6.15528756131865
2018-05-17,2018-05-16,002069,4.17,4.16,4.18
2018-05-17,2018-05-16,002496,3.433854165230361,3.38437499858439,3.423958331901167
2018-05-17,2018-05-16,002552,5.597606300275157,5.637165355400778,5.686614174307802
2018-05-17,2018-05-16,002667,8.379645305174446,8.369657646884608,8.309731697145578
2018-05-17,2018-05-16,002749,7.922425032180685,7.999972578791978,7.945479708200259
2018-05-17,2018-05-16,002760,22.3153156255187,22.23708489589374,22.35443099033117
2018-05-17,2018-05-16,002815,14.76761144510723,14.58720432448637,14.50129617180977
2018-05-17,2018-05-16,300046,13.53403470425528,13.74886065194188,13.9734514154324
2018-05-17,2018-05-16,300136,36.41746789840324,36.41746789840324,36.07944062334298
2018-05-17,2018-05-16,300286,10.77169223296272,10.79075717496796,10.68589999393912
2018-05-17,2018-05-16,300346,6.741044760938775,6.753551337489681,6.757720196339983
2018-05-17,2018-05-16,300349,19.38382411134878,19.36599170646253,19.35707550401941
2018-05-17,2018-05-16,300375,4.54893845928999,4.543259385058667,4.492147716976757
2018-05-17,2018-05-16,300401,22.34988781884066,22.30297369663487,22.04963743672358
2018-05-17,2018-05-16,300435,11.2552917260821,11.17016767101089,11.19854235603463
2018-05-17,2018-05-16,300458,7.066861084113059,7.102003702524109,7.143535887918986
2018-05-17,2018-05-16,300511,11.10381080210967,11.1331084559411,11.08427903288873
2018-05-17,2018-05-16,300567,48.93294111087054,49.26791829162953,49.02489563107889
2018-05-17,2018-05-16,300609,34.70432070542129,34.98203461789679,34.73407576747223
2018-05-17,2018-05-16,600191,6.552248054611175,6.532332407028769,6.582121525984782
2018-05-17,2018-05-16,600284,4.808665328830808,4.800501211124813,4.824993564242797
2018-05-17,2018-05-16,600516,12.83163276999678,12.92760921022765,12.86918876834799
2018-05-17,2018-05-16,600527,2.188431552999155,2.203843042809008,2.188431552999155
2018-05-17,2018-05-16,600749,11.45,11.4,11.52
2018-05-17,2018-05-16,600816,9.17,9.16,9.17
2018-05-18,2018-05-17,000792,12.98,13.03,12.92
2018-05-18,2018-05-17,000799,23.82240787294407,23.99392920962927,23.70806031515394
2018-05-18,2018-05-17,000815,11.63,11.65,11.7
2018-05-18,2018-05-17,000868,5.81,5.82,5.8
2018-05-18,2018-05-17,002048,10.57690243738687,10.60723047304963,10.66030453545946
2018-05-18,2018-05-17,002054,6.15528756131865,6.107349184672866,6.193638262635277
2018-05-18,2018-05-17,002069,4.12,4.12,4.11
2018-05-18,2018-05-17,002496,3.433854165230361,3.414062498571973,3.394270831913584
2018-05-18,2018-05-17,002552,5.815181103466065,5.76573228455904,5.795401575903256
2018-05-18,2018-05-17,002667,8.269781063986223,8.359669988594769,8.329707013725253
2018-05-18,2018-05-17,002749,7.962246745305404,7.96015086566726,7.928712671095115
2018-05-18,2018-05-17,002760,22.28597910190934,22.43266171995613,22.20774837228439
2018-05-18,2018-05-17,002815,14.44116046493616,14.4325696496685,14.31229823592126
2018-05-18,2018-05-17,300046,13.81721436256943,13.86603844158911,13.62191804649071
2018-05-18,2018-05-17,300136,35.47297992397017,35.93031094316935,35.75135532696098
2018-05-18,2018-05-17,300286,10.71449740694699,10.75262729095747,10.71449740694699
2018-05-18,2018-05-17,300346,6.695187313585449,6.674343019333938,6.661836442783031
2018-05-18,2018-05-17,300349,19.09850563316885,19.08958943072573,19.15200284782759
2018-05-18,2018-05-17,300375,4.458073271588816,4.48078956851411,4.435356974663523
2018-05-18,2018-05-17,300401,21.87136377234155,21.95580919231198,21.74938705460649
2018-05-18,2018-05-17,300435,11.50120566295448,11.57687148968445,11.53903857631946
2018-05-18,2018-05-17,300458,7.028523682210094,7.044497599669663,7.034913249193921
2018-05-18,2018-05-17,300511,11.43585087886581,11.98274041705239,11.83625214789527
2018-05-18,2018-05-17,300567,48.99862291101936,48.73589571042409,48.06594134890613
2018-05-18,2018-05-17,300609,34.61505551926845,34.9721162638798,34.96219790986283
2018-05-18,2018-05-17,600191,6.691657587688008,7.040181420380092,6.950561006259271
2018-05-18,2018-05-17,600284,4.784172975712825,4.77600885800683,4.784172975712825
2018-05-18,2018-05-17,600516,12.89422610058213,12.94012787634472,12.80242254905695
2018-05-18,2018-05-17,600527,2.219254532618861,2.219254532618861,2.334840706192761
2018-05-18,2018-05-17,600749,11.53,11.53,11.5
2018-05-18,2018-05-17,600816,9.140000000000001,9.16,9.130000000000001
2018-05-21,2018-05-18,000060,5.549881946879487,5.60316081356953,5.594281002454522
2018-05-21,2018-05-18,002014,4.624428096375954,4.682475310974816,4.6889250014858
2018-05-21,2018-05-18,002054,6.279927340597688,6.251164314610217,6.251164314610217
2018-05-21,2018-05-18,002080,7.137377760152363,7.234002910334932,7.176027820225391
2018-05-21,2018-05-18,002108,6.015041782729804,6.103788300835654,6.103788300835654
2018-05-21,2018-05-18,002365,17.53922010052426,17.21713091670829,17.37329536946755
2018-05-21,2018-05-18,002461,5.766181138561269,5.73881002556177,5.65669668656327
2018-05-21,2018-05-18,002511,8.930471228806603,9.123562498618638,8.969089482769009
2018-05-21,2018-05-18,002737,18.21613418988258,18.3764874838076,18.48873478955511
2018-05-21,2018-05-18,002749,7.930808550733259,7.943383828562116,7.970630263857976
2018-05-21,2018-05-18,002760,22.14907532506566,22.44244056115925,22.43266171995613
2018-05-21,2018-05-18,002798,20.14626846061271,20.43067271142516,20.60479776294299
2018-05-21,2018-05-18,002838,13.06791257756641,13.18671178281701,13.12731218019171
2018-05-21,2018-05-18,300110,5.330883944623323,5.35037529359818,5.360120968085608
2018-05-21,2018-05-18,300241,8.747281530401663,8.846120869728235,8.648442191075091
2018-05-21,2018-05-18,300284,7.569869880376242,7.629183258479091,7.673668292056229
2018-05-21,2018-05-18,300346,6.586796983477591,6.611810136579403,6.653498725082427
2018-05-21,2018-05-18,300349,19.69589119685807,20.22194714100231,20.11495271168484
2018-05-21,2018-05-18,300403,5.802239075688175,5.834744616728445,5.834744616728445
2018-05-21,2018-05-18,300476,15.51348026838921,15.71408561668735,15.65676980288788
2018-05-21,2018-05-18,300511,11.84601803250575,11.57257326341246,11.55304149419151
2018-05-21,2018-05-18,300545,26.30620036028283,26.8505348297394,26.84063783938564
2018-05-21,2018-05-18,300567,48.56512303003716,47.84262322840014,48.49287304987345
2018-05-21,2018-05-18,300577,40.25672422465387,40.71386894933707,40.49929081326128
2018-05-21,2018-05-18,600064,4.597214464815881,4.628846674436173,4.618302604562742
2018-05-21,2018-05-18,600284,4.792337093418819,4.824993564242797,4.824993564242797
2018-05-21,2018-05-18,600516,12.98185676340162,13.09869764716094,13.05279587139835
2018-05-21,2018-05-18,600523,9.776343368014063,9.841893563010325,9.83252924943943
2018-05-21,2018-05-18,600527,2.311723471477981,2.311723471477981,2.304017726573054
2018-05-21,2018-05-18,600651,5.376155843905041,5.38611168806042,5.38611168806042
2018-05-21,2018-05-18,600703,20.89083814360847,21.33989354295706,21.57418331653024
2018-05-22,2018-05-21,000060,5.585401191339516,5.594281002454522,5.585401191339516
2018-05-22,2018-05-21,002014,4.714723763529738,4.682475310974816,4.6889250014858
2018-05-22,2018-05-21,002054,6.327865717243471,6.289515015926844,6.308690366585158
2018-05-22,2018-05-21,002080,7.259769617050283,7.188911173583066,7.163144466867714
2018-05-22,2018-05-21,002108,6.044623955431754,6.034763231197771,6.024902506963788
2018-05-22,2018-05-21,002365,17.59778177030898,17.46113787414463,17.44161731754972
2018-05-22,2018-05-21,002461,5.757057434228102,5.693191503895936,5.784428547227602
2018-05-22,2018-05-21,002511,8.862889284372391,8.940125792297204,8.891852974844197
2018-05-22,2018-05-21,002737,18.65710574817639,18.71322940105015,18.94574167724143
2018-05-22,2018-05-21,002749,7.995780819515692,8.006260217706409,8.006260217706409
2018-05-22,2018-05-21,002760,22.53045013198733,22.37398867273741,22.38376751394053
2018-05-22,2018-05-21,002798,21.27808129547859,20.89500618213937,21.10395624396076
2018-05-22,2018-05-21,002838,13.26987122649243,13.32927082911774,13.28175114701749
2018-05-22,2018-05-21,300110,5.379612317060465,5.405694843528795,5.415470060244036
2018-05-22,2018-05-21,300241,8.737397596469007,8.707745794671036,8.707745794671036
2018-05-22,2018-05-21,300284,7.644011603004804,7.636597430741948,7.629183258479091
2018-05-22,2018-05-21,300346,6.749382478639379,6.711862748986658,6.741044760938775
2018-05-22,2018-05-21,300349,19.71372360174432,19.83855043594804,19.7048073993012
2018-05-22,2018-05-21,300403,5.859123772508648,5.891629313548918,5.85099738724858
2018-05-22,2018-05-21,300476,16.04842786385091,15.91469096498549,15.92424360061873
2018-05-22,2018-05-21,300511,12.54916172445992,12.25618518614568,12.22688753231426
2018-05-22,2018-05-21,300545,27.05837162716827,27.15734153070582,26.98909269469198
2018-05-22,2018-05-21,300567,50.1480544136237,50.21373621377253,50.09550897350465
2018-05-22,2018-05-21,300577,41.21766109490632,41.59084046199465,41.4229097468049
2018-05-22,2018-05-21,600064,4.602486499752596,4.602486499752596,4.613030569626027
2018-05-22,2018-05-21,600284,4.857650035066776,4.841321799654787,4.849485917360782
2018-05-22,2018-05-21,600516,13.12373497939508,13.06114164880973,13.13625364551215
2018-05-22,2018-05-21,600523,9.776343368014063,9.729521800159588,9.776343368014063
2018-05-22,2018-05-21,600527,2.350252196002613,2.435015389956806,2.45042687976666
2018-05-22,2018-05-21,600651,5.406023376371179,5.38611168806042,5.406023376371179
2018-05-22,2018-05-21,600703,21.70109027721571,21.55465916873247,21.60346953822689
2018-05-23,2018-05-22,000060,5.567641569109501,5.523242513534465,5.505482891304451
2018-05-23,2018-05-22,002014,4.759871597106631,4.708274073018754,4.708274073018754
2018-05-23,2018-05-22,002054,6.279927340597688,6.24157663928106,6.212813613293591
2018-05-23,2018-05-22,002080,7.085844346721661,7.008544226575607,6.950569136466065
2018-05-23,2018-05-22,002108,6.044623955431754,5.995320334261838,5.985459610027855
2018-05-23,2018-05-22,002365,17.71490510987843,17.88082984093514,18.0369942936944
2018-05-23,2018-05-22,002461,5.775304842894435,5.729686321228603,5.720562616895435
2018-05-23,2018-05-22,002511,8.949780355787807,9.007707736731417,9.007707736731417
2018-05-23,2018-05-22,002737,19.52301353537151,19.49094287658651,19.52301353537151
2018-05-23,2018-05-22,002749,8.048177810469268,8.006260217706409,8.010451976982694
2018-05-23,2018-05-22,002760,22.64779622642476,22.667353908831,22.57934433800292
2018-05-23,2018-05-22,002798,20.89500618213937,20.95304786597864,20.78472698284474
2018-05-23,2018-05-22,002838,13.38867043174304,13.19265174307954,13.38867043174304
2018-05-23,2018-05-22,300110,5.415470060244036,5.405694843528795,5.405694843528795
2018-05-23,2018-05-22,300241,8.707745794671036,8.589138587479148,8.707745794671036
2018-05-23,2018-05-22,300284,7.807123392787641,7.821951737313355,7.777466703736217
2018-05-23,2018-05-22,300346,6.80774650254361,6.82442193794482,6.828590796795122
2018-05-23,2018-05-22,300349,19.53539955288186,19.35707550401941,19.29466208691755
2018-05-23,2018-05-22,300403,5.932261239849255,5.875376543028783,5.88350292828885
2018-05-23,2018-05-22,300476,15.92424360061873,15.92424360061873,15.86692778681926
2018-05-23,2018-05-22,300511,12.69564999361704,12.85190414738464,12.73471353205894
2018-05-23,2018-05-22,300545,27.2068264824746,27.16723852105958,27.21672347282836
2018-05-23,2018-05-22,300567,50.20716803375765,49.79994087283496,49.26135011161465
2018-05-23,2018-05-22,300577,41.70279427212115,41.9826787974374,41.9826787974374
2018-05-23,2018-05-22,600064,4.570854290132304,4.576126325069018,4.570854290132304
2018-05-23,2018-05-22,600284,4.857650035066776,4.857650035066776,4.857650035066776
2018-05-23,2018-05-22,600516,12.89422610058213,12.70644610882608,12.55204922671555
2018-05-23,2018-05-22,600523,9.710793173017798,9.645242978021537,9.617150037308852
2018-05-23,2018-05-22,600527,2.388780920527247,2.35795794090754,2.334840706192761
2018-05-23,2018-05-22,600651,5.346288311438901,5.356244155594281,5.356244155594281
2018-05-23,2018-05-22,600703,21.66204198162018,21.6522799077213,21.68156612941795
2018-05-24,2018-05-23,000060,5.390045346809358,5.390045346809358,5.372285724579343
2018-05-24,2018-05-23,002014,4.70182438250777,4.676025620463832,4.695374691996785
2018-05-24,2018-05-23,002054,6.145699885989493,6.145699885989493,6.136112210660336
2018-05-24,2018-05-23,002080,6.821735602889308,6.905477399714201,6.905477399714201
2018-05-24,2018-05-23,002108,5.926295264623954,5.985459610027855,5.955877437325904
2018-05-24,2018-05-23,002365,17.66610371839116,17.61730232690389,17.49041870903699
2018-05-24,2018-05-23,002461,5.693191503895936,5.720562616895435,5.665820390896436
2018-05-24,2018-05-23,002511,9.268380950977663,9.075289681165629,9.191144443052849
2018-05-24,2018-05-23,002737,19.4588722178015,19.442836888409,19.24239527100272
2018-05-24,2018-05-23,002749,7.859548643036395,7.849069244845681,7.861644522674538
2018-05-24,2018-05-23,002760,22.65757506762788,22.75536347965907,22.78470000326843
2018-05-24,2018-05-23,002798,20.66283944678226,20.73829363577332,20.93563536082686
2018-05-24,2018-05-23,002838,13.32333086885521,13.31739090859268,13.4005503522681
2018-05-24,2018-05-23,300110,5.298167459661133,5.307942676376375,5.288392242945892
2018-05-24,2018-05-23,300241,8.776933332199636,8.767049398266977,8.767049398266977
2018-05-24,2018-05-23,300284,7.65142577526766,7.703324981107655,7.65142577526766
2018-05-24,2018-05-23,300346,6.799408784843005,6.799408784843005,6.803577643693308
2018-05-24,2018-05-23,300349,19.03609221606699,19.24116487225881,19.38382411134878
2018-05-24,2018-05-23,300403,5.932261239849255,5.956640395629457,5.907882084069052
2018-05-24,2018-05-23,300476,15.71408561668735,15.84782251555277,15.51348026838921
2018-05-24,2018-05-23,300511,12.45150287835518,12.60775703212277,12.76401118589036
2018-05-24,2018-05-23,300545,27.35528133778094,27.31569337636592,27.27610541495089
2018-05-24,2018-05-23,300567,50.24657711384694,49.84591813293914,49.95100901317725
2018-05-24,2018-05-23,300577,41.57218149364024,41.62815839870348,41.55352252528582
2018-05-24,2018-05-23,600064,4.47068562633471,4.491773766081571,4.475957661271425
2018-05-24,2018-05-23,600284,4.784172975712825,4.792337093418819,4.784172975712825
2018-05-24,2018-05-23,600516,12.51866611707003,12.61046966859521,12.71061899753177
2018-05-24,2018-05-23,600523,9.589057096596168,9.560964155883486,9.560964155883486
2018-05-24,2018-05-23,600527,2.327134961287834,2.311723471477981,2.311723471477981
2018-05-24,2018-05-23,600651,5.316420778972762,5.316420778972762,5.296509090662003
2018-05-24,2018-05-23,600703,21.15441413887829,21.31060732126041,21.16417621277718
2018-05-25,2018-05-24,000060,5.354526102349329,5.390045346809358,5.363405913464336
2018-05-25,2018-05-24,002014,4.669575929952846,4.663126239441862,4.643777167908908
2018-05-25,2018-05-24,002054,6.049823132697925,6.049823132697925,6.040235457368768
2018-05-25,2018-05-24,002080,6.828177279568146,6.81529392621047,6.834618956246983
2018-05-25,2018-05-24,002108,5.916434540389972,5.965738161559887,5.906573816155988
2018-05-25,2018-05-24,002365,17.34401453457519,17.39281592606245,17.31473369968282
2018-05-25,2018-05-24,002461,5.665820390896436,5.720562616895435,5.71143891256227
2018-05-25,2018-05-24,002511,9.113907935128035,8.969089482769009,8.978744046259612
2018-05-25,2018-05-24,002737,19.57111952354902,19.66733149990403,19.94794976427282
2018-05-25,2018-05-24,002749,7.771521698234387,7.773617577872531,7.647864799583949
2018-05-25,2018-05-24,002760,23.35187279304936,23.18563249259633,23.87993021801782
2018-05-25,2018-05-24,002798,20.02438092455023,20.15787679738056,20.02438092455023
2018-05-25,2018-05-24,002838,13.41837023305569,13.33521078938026,13.48370979594352
2018-05-25,2018-05-24,300110,5.239516159369682,5.249291376084924,5.171089642362988
2018-05-25,2018-05-24,300241,8.450763512421947,8.470531380287261,8.440879578489289
2018-05-25,2018-05-24,300284,7.614354913953378,7.569869880376242,7.569869880376242
2018-05-25,2018-05-24,300346,6.620147854280009,6.661836442783031,6.607641277729101
2018-05-25,2018-05-24,300349,19.57106436265435,19.48190233822313,19.23224866981569
2018-05-25,2018-05-24,300403,6.102915330310672,6.07853617453047,6.01352509244993
2018-05-25,2018-05-24,300476,14.97853267292752,15.00719057982725,14.93076949476129
2018-05-25,2018-05-24,300511,12.25618518614568,12.19758987848284,12.25618518614568
2018-05-25,2018-05-24,300545,26.81094686832437,26.53383113841921,26.59321308054175
2018-05-25,2018-05-24,300567,49.49123641213551,49.85248631295402,49.39928189192716
2018-05-25,2018-05-24,300577,41.86139550313369,42.12262106009553,42.08530312338669
2018-05-25,2018-05-24,600064,4.465413591397994,4.465413591397994,4.449597486587847
2018-05-25,2018-05-24,600284,4.743352387182852,4.743352387182852,4.743352387182852
2018-05-25,2018-05-24,600516,12.68975455400332,12.55177405902818,12.44495045001518
2018-05-25,2018-05-24,600523,9.457956706603643,9.439228079461854,9.420499452320064
2018-05-25,2018-05-24,600527,2.319429216382907,2.311723471477981,2.304017726573054
2018-05-25,2018-05-24,600651,5.236774025729724,5.226818181574345,5.177038960797447
2018-05-25,2018-05-24,600703,20.79321740461964,20.82250362631629,20.62726214833864
2018-05-28,2018-05-25,002009,13.98653472276425,13.98653472276425,14.05548242914407
2018-05-28,2018-05-25,002054,6.030647782039612,5.992297080722985,5.925183353418887
2018-05-28,2018-05-25,002080,6.81529392621047,6.81529392621047,6.731552129385577
2018-05-28,2018-05-25,002139,6.474892486743152,6.426716203359646,6.503798256773256
2018-05-28,2018-05-25,002178,6.66,6.62,6.74
2018-05-28,2018-05-25,002365,16.54367171418398,16.36798670482982,16.02637696441894
2018-05-28,2018-05-25,002511,9.036671427203222,8.998053173240816,9.123562498618638
2018-05-28,2018-05-25,002583,10.34632659849155,9.87875222336741,9.948390960088027
2018-05-28,2018-05-25,002706,4.868358064813506,4.875403445515118,4.868358064813506
2018-05-28,2018-05-25,002737,20.23658569333786,20.04416174062784,19.71543748808154
2018-05-28,2018-05-25,002790,7.842139474779022,7.819876481238131,7.708561513533673
2018-05-28,2018-05-25,002798,20.16948513414842,19.65291414797886,19.38592240231819
2018-05-28,2018-05-25,002815,15.60951134133789,15.42910422071704,15.24869710009618
2018-05-28,2018-05-25,300069,16.01,16.04,15.83
2018-05-28,2018-05-25,300098,8.588922888302815,8.399388004588817,8.369461444002397
2018-05-28,2018-05-25,300110,5.044011825064842,5.034236608349601,4.936484441197181
2018-05-28,2018-05-25,300241,8.440879578489289,8.262968767701459,7.996102551519713
2018-05-28,2018-05-25,300259,3.679069789755855,3.687787964613097,3.618042565755166
2018-05-28,2018-05-25,300349,18.92909778674952,18.90234917942015,18.83101955987517
2018-05-28,2018-05-25,300357,22.40619243405405,22.50681111905689,22.27909514773467
2018-05-28,2018-05-25,300375,4.492147716976757,4.509184939670727,4.475110494282786
2018-05-28,2018-05-25,300396,21.53838702055378,21.46742034173812,21.22790780073525
2018-05-28,2018-05-25,300401,23.29755308739772,23.25063896519192,22.74396644536934
2018-05-28,2018-05-25,300511,12.16829222465141,12.20735576309331,11.91437922477907
2018-05-28,2018-05-25,300545,27.15734153070582,27.14744454035207,27.14744454035207
2018-05-28,2018-05-25,300567,48.53228212996274,48.60453211012645,48.83441841064731
2018-05-28,2018-05-25,600064,4.407421207094123,4.402149172157409,4.370516962537115
2018-05-28,2018-05-25,600230,26.49773912196719,26.81779233733065,26.62442685304856
2018-05-28,2018-05-25,600366,7.934260769223606,7.953948761206791,7.953948761206791
2018-05-28,2018-05-25,600516,11.94644027462115,12.03545994879866,12.16008749264716
2018-05-28,2018-05-25,600651,5.02770129846675,5.01774545431137,4.878363636136055
2018-05-29,2018-05-28,002009,14.17367849722377,13.9668353780843,14.0062340674442
2018-05-29,2018-05-28,002054,5.877244976773103,5.877244976773103,5.925183353418887
2018-05-29,2018-05-28,002080,6.69290206931255,6.712227099349064,6.731552129385577
2018-05-29,2018-05-28,002139,6.426716203359646,6.45562197338975,6.436351460036348
2018-05-29,2018-05-28,002178,6.95,6.98,7.05
2018-05-29,2018-05-28,002365,17.15856924692357,17.26593230819556,17.2366514733032
2018-05-29,2018-05-28,002511,9.374581149374283,9.335962895411877,9.52905416522391
2018-05-29,2018-05-28,002583,9.868803832407323,9.948390960088027,9.93844256912794
2018-05-29,2018-05-28,002706,4.896539587619952,4.875403445515118,4.952902633232844
2018-05-29,2018-05-28,002737,20.31676234030038,20.18847970516036,20.17244437576785
2018-05-29,2018-05-28,002790,7.524891816821317,7.558286307132655,7.658469778066666
2018-05-29,2018-05-28,002798,19.49620160161281,19.47878909646103,19.50780993838067
2018-05-29,2018-05-28,002815,14.86211041305149,14.89647367412213,14.98238182679873
2018-05-29,2018-05-28,300069,15.68,15.65,15.63
2018-05-29,2018-05-28,300098,8.299632802634081,8.249755201656711,8.349510403611447
2018-05-29,2018-05-28,300110,4.887608357620971,4.897383574336214,4.926709224481939
2018-05-29,2018-05-28,300241,7.897263212193141,7.956566815789085,8.055406155115657
2018-05-29,2018-05-28,300259,3.609324390897924,3.609324390897924,3.687787964613097
2018-05-29,2018-05-28,300349,18.92018158430639,18.85776816720454,18.94693019163577
2018-05-29,2018-05-28,300357,22.39030527326413,22.39030527326413,22.5121068393202
2018-05-29,2018-05-28,300375,4.287701044649117,4.287701044649117,4.253626599261176
2018-05-29,2018-05-28,300396,21.24564947043917,21.26339114014309,21.3432286538107
2018-05-29,2018-05-28,300401,22.99730270528063,22.94100575863368,22.80026339201629
2018-05-29,2018-05-28,300511,11.7874227248429,11.07451314827825,11.04521549444683
2018-05-29,2018-05-28,300545,26.80104987797062,26.58331609018799,26.68228599372555
2018-05-29,2018-05-28,300567,48.47973668984369,48.5125775899181,49.02489563107889
2018-05-29,2018-05-28,600064,4.3652449276004,4.375788997473832,4.370516962537115
2018-05-29,2018-05-28,600230,26.77778568541022,26.75778235945001,26.67110128028907
2018-05-29,2018-05-28,600366,7.914572777240419,7.944104765215198,7.924416773232013
2018-05-29,2018-05-28,600516,12.12002863926729,12.07996978588741,11.99985207912766
2018-05-29,2018-05-28,600651,5.077480519243649,5.01774545431137,5.02770129846675
2018-05-30,2018-05-29,002009,13.82893996532465,13.79939094830473,13.77969160362478
2018-05-30,2018-05-29,002054,5.85806962611479,5.723842171506594,5.733429846835752
2018-05-30,2018-05-29,002080,6.57051021241463,6.403026618764845,6.383701588728332
2018-05-30,2018-05-29,002139,6.282187353209129,6.10875273302851,6.156929016412015
2018-05-30,2018-05-29,002178,7.22,7.09,7.12
2018-05-30,2018-05-29,002365,16.78767867162033,16.02637696441894,16.28990447845019
2018-05-30,2018-05-29,002511,9.490435911261503,9.191144443052849,9.403544839846088
2018-05-30,2018-05-29,002583,9.988184523928378,9.759371531846355,9.789216704726618
2018-05-30,2018-05-29,002706,4.959948013934455,4.945857252531233,4.93176649112801
2018-05-30,2018-05-29,002737,19.0660066476852,18.58494676591013,19.0820419770777
2018-05-30,2018-05-29,002790,7.574983552288324,7.10189493954438,7.190946913707946
2018-05-30,2018-05-29,002798,19.0724973095861,18.48047213442548,18.6313805124076
2018-05-30,2018-05-29,002815,14.18343600690636,13.95148399467955,14.3896155733302
2018-05-30,2018-05-29,300069,15.75,15.27,15.18
2018-05-30,2018-05-29,300098,8.159975519897449,8.00036719676987,7.980416156378923
2018-05-30,2018-05-29,300110,4.897383574336214,4.52592533915702,4.613902289594197
2018-05-30,2018-05-29,300241,7.956566815789085,7.739120269270625,7.669932731742024
2018-05-30,2018-05-29,300259,3.600606216040683,3.461115418324821,3.461115418324821
2018-05-30,2018-05-29,300349,18.75077373788707,18.35846083038966,18.45653905726401
2018-05-30,2018-05-29,300357,21.25172541665302,20.91809504006464,21.21995109507317
2018-05-30,2018-05-29,300375,4.185477708485297,4.00374733308295,4.05485900116486
2018-05-30,2018-05-29,300396,20.52711184743058,20.2077617927601,19.88841173808961
2018-05-30,2018-05-29,300401,22.39680194104646,21.20518323701927,21.67432445907722
2018-05-30,2018-05-29,300511,10.80106837918496,10.44949653320787,10.58621891775452
2018-05-30,2018-05-29,300545,25.9103207461326,24.25752335705539,24.73257889403566
2018-05-30,2018-05-29,300567,47.50764604764116,46.63407810566186,48.56512303003716
2018-05-30,2018-05-29,600064,4.402149172157409,4.349428822790254,4.35470085772697
2018-05-30,2018-05-29,600230,25.99098819764169,25.55060035188123,26.09905883463812
2018-05-30,2018-05-29,600366,7.766912837366531,7.570032917534681,7.619252897492643
2018-05-30,2018-05-29,600516,11.9375383072034,11.60816551274663,11.67493026837976
2018-05-30,2018-05-29,600651,4.898275324446814,4.748937662116118,4.7091142854946
2018-05-31,2018-05-30,002009,13.78954127596475,13.86833865468455,13.691044552565
2018-05-31,2018-05-30,002054,5.522500989594302,5.599202392227556,5.618377742885871
2018-05-31,2018-05-30,002080,6.132476198253655,6.203334641720873,6.20977631839971
2018-05-31,2018-05-30,002139,6.012400166261498,6.079846962998406,6.099117476351808
2018-05-31,2018-05-30,002178,7.23,7.26,7.38
2018-05-31,2018-05-30,002365,15.97757557293167,16.1825414171782,16.22158253036801
2018-05-31,2018-05-30,002511,9.171835316071647,9.210453570034053,9.210453570034053
2018-05-31,2018-05-30,002583,9.520610148804241,9.649939231285385,9.729526358966091
2018-05-31,2018-05-30,002706,4.854267303410284,4.917675729724787,4.889494206918341
2018-05-31,2018-05-30,002737,19.03393598890019,19.23437760630647,19.19428928282522
2018-05-31,2018-05-30,002790,6.940488236372917,7.046237455692151,7.051803204077374
2018-05-31,2018-05-30,002798,18.74746388008615,18.87515558453256,19.2001890140325
2018-05-31,2018-05-30,002815,13.91712073360891,14.31229823592126,14.33807068172424
2018-05-31,2018-05-30,300069,14.18,14.28,14.3
2018-05-31,2018-05-30,300098,7.890636474619661,7.990391676574396,8.020318237160817
2018-05-31,2018-05-30,300110,4.447723605435084,4.506374905726537,4.496599689011294
2018-05-31,2018-05-30,300241,7.422834383425593,7.412950449492936,7.452486185223565
2018-05-31,2018-05-30,300259,3.400088194324132,3.443679068610339,3.487269942896545
2018-05-31,2018-05-30,300349,17.30634894210118,17.78782387402981,17.91265070823353
2018-05-31,2018-05-30,300357,20.91809504006464,21.19876821401994,21.26761257744294
2018-05-31,2018-05-30,300375,3.929919368075747,3.992389184620304,4.00374733308295
2018-05-31,2018-05-30,300396,20.04808676542486,20.15453678364835,20.09244093968464
2018-05-31,2018-05-30,300401,21.03629239707841,21.4960507946952,21.4491366724894
2018-05-31,2018-05-30,300511,10.49832595626025,10.59598480236499,10.66434599463832
2018-05-31,2018-05-30,300545,23.31730927344859,23.59442500335375,23.67360092618379
2018-05-31,2018-05-30,300567,48.16446404912936,47.54705512773045,46.75230534592974
2018-05-31,2018-05-30,600064,4.286164403549669,4.307252543296531,4.301980508359815
2018-05-31,2018-05-30,600230,24.94540478470122,25.33310819492591,25.17235312239372
2018-05-31,2018-05-30,600366,7.64878488546742,7.658628881459014,7.629096893484236
2018-05-31,2018-05-30,600516,11.40342026213837,11.63932239870876,11.59926354532888
2018-05-31,2018-05-30,600651,4.599599999785423,4.659335064717701,4.669290908873082
2018-06-01,2018-05-31,002009,13.48420143342553,13.39555438236576,13.45465241640561
2018-06-01,2018-05-31,002054,5.5896147168984,5.56085169091093,5.570439366240086
2018-06-01,2018-05-31,002080,6.145359551611331,6.100267814859467,6.048734401428764
2018-06-01,2018-05-31,002139,6.050941192968303,6.060576449645004,6.060576449645004
2018-06-01,2018-05-31,002178,7.61,7.74,7.64
2018-06-01,2018-05-31,002365,16.48511004439926,16.44606893120945,16.63151421886107
2018-06-01,2018-05-31,002511,9.606290673148724,9.509745038242707,9.538708728714512
2018-06-01,2018-05-31,002583,9.868803832407323,9.819061877606883,9.87875222336741
2018-06-01,2018-05-31,002706,4.974038775337678,4.917675729724787,4.917675729724787
2018-06-01,2018-05-31,002737,19.25843060039523,19.18627161812896,19.54706652946026
2018-06-01,2018-05-31,002790,7.06293470084782,7.023974462151259,7.085197694388712
2018-06-01,2018-05-31,002798,18.92739309998791,19.05508480443432,19.3685098971664
2018-06-01,2018-05-31,002815,14.32088905118892,14.22639008324466,14.23498089851232
2018-06-01,2018-05-31,300069,14.6,14.58,14.78
2018-06-01,2018-05-31,300098,8.050244797747238,7.980416156378923,8.08017135833366
2018-06-01,2018-05-31,300110,4.447723605435084,4.408622738574116,4.506374905726537
2018-06-01,2018-05-31,300241,7.501905854886851,7.284459308368391,7.294343242301048
2018-06-01,2018-05-31,300259,3.443679068610339,3.487269942896545,3.469833593182063
2018-06-01,2018-05-31,300349,19.03609221606699,19.21441626492945,19.0806732282826
2018-06-01,2018-05-31,300357,21.37882270297239,21.18817677349332,21.60653867429462
2018-06-01,2018-05-31,300375,3.981031036157657,3.93559844230707,3.998068258851627
2018-06-01,2018-05-31,300396,20.1013117745366,19.9327659123494,20.07469926998073
2018-06-01,2018-05-31,300401,21.2427145347839,21.46790232137172,21.42098819916592
2018-06-01,2018-05-31,300511,10.90849310990018,10.76200484074306,10.96708841756303
2018-06-01,2018-05-31,300545,23.73298286830633,23.62411597441502,23.44597014804741
2018-06-01,2018-05-31,300567,46.93621438634643,45.98382828418855,45.9641237441439
2018-06-01,2018-05-31,600064,4.323068648106676,4.312524578233246,4.307252543296531
2018-06-01,2018-05-31,600230,25.21017784534247,24.69954408553434,24.53878901300214
2018-06-01,2018-05-31,600366,7.619252897492643,7.53065693356831,7.53065693356831
2018-06-01,2018-05-31,600516,11.59926354532888,11.60371452903776,11.64377338241763
2018-06-01,2018-05-31,600651,4.758893506271499,4.778805194582258,4.818628571203776
2018-06-04,2018-06-01,002001,14.70772803302012,14.80552878208879,14.48955713125153
2018-06-04,2018-06-01,002054,5.5896147168984,5.5896147168984,5.599202392227556
2018-06-04,2018-06-01,002080,6.016526018034574,6.029409371392249,6.003642664676898
2018-06-04,2018-06-01,002124,4.19375520399667,4.200541215653622,4.166611157368859
2018-06-04,2018-06-01,002178,7.75,7.6,7.61
2018-06-04,2018-06-01,002230,37.65,37.88,37.73
2018-06-04,2018-06-01,002365,16.64127449715852,16.69007588864579,16.59247310567125
2018-06-04,2018-06-01,002511,9.480781347770902,9.654563490601733,9.780072815979556
2018-06-04,2018-06-01,002562,6.71,6.74,6.72
2018-06-04,2018-06-01,002749,7.318811696395492,7.431989196855215,7.55983785478194
2018-06-04,2018-06-01,002755,11.33134285755146,11.293222276029,11.15027009531977
2018-06-04,2018-06-01,002783,9.589850856878185,9.697272811486799,9.66797591477536
2018-06-04,2018-06-01,002838,12.9491133723158,12.91347361074062,12.90159369021556
2018-06-04,2018-06-01,002842,14.12398843943718,14.04994393909937,14.06845506418382
2018-06-04,2018-06-01,300110,4.467274038865568,4.467274038865568,4.486824472296052
2018-06-04,2018-06-01,300230,4.902486602393713,4.820230115776369,4.795553169791166
2018-06-04,2018-06-01,300241,7.03736096005196,7.047244893984617,6.987941290388674
2018-06-04,2018-06-01,300284,6.702411725622058,6.746896759199196,6.732068414673484
2018-06-04,2018-06-01,300346,5.903104132028018,5.911441849728622,5.961468155932249
2018-06-04,2018-06-01,300349,19.06284082339636,19.0004274062945,18.77752234521643
2018-06-04,2018-06-01,300357,20.92339076032795,20.99753084401425,20.7486319916388
2018-06-04,2018-06-01,300387,7.597859809645009,7.775587524490505,7.651178124098656
2018-06-04,2018-06-01,300396,19.50696583945542,19.47148250004759,19.48035333489955
2018-06-04,2018-06-01,300401,20.70789354163784,20.36072903731496,20.20122102181526
2018-06-04,2018-06-01,300448,6.704726060566311,6.832435128386622,6.774385552104662
2018-06-04,2018-06-01,300511,10.61551657158594,10.66434599463832,10.71317541769069
2018-06-04,2018-06-01,300547,11.78149603499176,11.90627798770129,11.90107873967173
2018-06-04,2018-06-01,300577,39.27712838604699,39.55701291136324,39.95818073098319
2018-06-04,2018-06-01,600183,7.989335898528228,7.907719527260631,7.962130441439029
2018-06-04,2018-06-01,600230,24.29292831383527,25.01159804986153,26.344919533805
2018-06-04,2018-06-01,600366,7.255025045803719,7.353465005719644,7.314089021753274
2018-06-04,2018-06-01,603456,8.978656177372665,8.96940936359576,8.923175294711248
2018-06-05,2018-06-04,002001,14.22624742222048,14.30900190220167,14.3992795167266
2018-06-05,2018-06-04,002054,5.599202392227556,5.580027041569243,5.608790067556713
2018-06-05,2018-06-04,002080,5.868367454421302,5.93922589788852,5.997200987998061
2018-06-05,2018-06-04,002124,4.024104912572856,4.091965029142382,4.003746877601999
2018-06-05,2018-06-04,002178,7.79,7.73,7.75
2018-06-05,2018-06-04,002230,37.71,37.94,38
2018-06-05,2018-06-04,002365,16.36798670482982,16.51439087929162,16.51439087929162
2018-06-05,2018-06-04,002511,9.953854958810387,9.895927577866777,9.876618450885573
2018-06-05,2018-06-04,002562,6.54,6.59,6.59
2018-06-05,2018-06-04,002749,7.499057345275792,7.476002669256219,7.549358456591226
2018-06-05,2018-06-04,002755,10.71188340781147,10.80718486161763,10.77859442547578
2018-06-05,2018-06-04,002783,9.66797591477536,9.589850856878185,9.687507179249653
2018-06-05,2018-06-04,002838,12.61647559761411,12.56301595525134,12.61053563735158
2018-06-05,2018-06-04,002842,14.08079581424012,14.09930693932458,14.00675131390231
2018-06-05,2018-06-04,300110,4.565026206017987,4.555250989302746,4.535700555872261
2018-06-05,2018-06-04,300230,4.52410676395393,4.548783709939134,4.532332412615665
2018-06-05,2018-06-04,300241,6.898985884994759,6.96817342252336,6.918753752860074
2018-06-05,2018-06-04,300284,6.79879596503919,6.806210137302046,6.843280998616328
2018-06-05,2018-06-04,300346,6.003156744435272,6.065689627189807,6.086533921441317
2018-06-05,2018-06-04,300349,18.51003627192275,18.55461728413836,18.70619272567145
2018-06-05,2018-06-04,300357,20.36734013268066,20.78040631321865,21.17758533296671
2018-06-05,2018-06-04,300387,7.633405352614107,7.615632581129558,7.615632581129558
2018-06-05,2018-06-04,300396,19.24971162874864,19.32954914241626,19.48922416975151
2018-06-05,2018-06-04,300401,20.42640880840307,20.84863590825523,21.4491366724894
2018-06-05,2018-06-04,300448,6.733750848707291,6.727945891079095,6.66409135716894
2018-06-05,2018-06-04,300511,10.64481422541737,10.75223895613259,10.81083426379544
2018-06-05,2018-06-04,300547,11.91147723573085,11.89587949164216,11.98946595617431
2018-06-05,2018-06-04,300577,41.04973037971657,41.07771883224819,40.98442399047611
2018-06-05,2018-06-04,600183,8.043746812706626,8.043746812706626,8.125363183974226
2018-06-05,2018-06-04,600230,26.55295551002313,25.91939140063155,25.7302677858878
2018-06-05,2018-06-04,600366,7.314089021753274,7.33377701373646,7.343621009728052
2018-06-05,2018-06-04,603456,8.876941225826732,,
2018-06-06,2018-06-05,002001,14.47451086216404,14.56478847668897,14.44441832398906
2018-06-06,2018-06-05,002054,5.723842171506594,5.685491470189968,5.695079145519125
2018-06-06,2018-06-05,002080,6.055176078107601,6.035851048071087,6.132476198253655
2018-06-06,2018-06-05,002124,4.173397169025812,4.207327227310575,4.132681099084096
2018-06-06,2018-06-05,002178,7.75,7.73,7.71
2018-06-06,2018-06-05,002230,38.19,38.38,38
2018-06-06,2018-06-05,002365,16.68031561034834,16.69007588864579,16.80719922821523
2018-06-06,2018-06-05,002511,10.25314642701904,10.0504005937164,10.0407460302258
2018-06-06,2018-06-05,002562,6.69,6.66,6.71
2018-06-06,2018-06-05,002749,7.545166697314939,7.511632623104651,7.545166697314939
2018-06-06,2018-06-05,002755,10.82624515237886,10.75953413471455,10.79765471623701
2018-06-06,2018-06-05,002783,9.765632237146827,9.755866604909681,9.66797591477536
2018-06-06,2018-06-05,002838,12.74121476312725,12.6342954784017,12.7709145644399
2018-06-06,2018-06-05,002842,14.17952181469053,14.13632918949348,14.25356631502835
2018-06-06,2018-06-05,300110,4.62367750630944,4.613902289594197,4.604127072878955
2018-06-06,2018-06-05,300230,4.976517440349323,5.198609954216153,5.256189494848293
2018-06-06,2018-06-05,300241,7.047244893984617,7.096664563647903,7.007709158253988
2018-06-06,2018-06-05,300284,6.813624309564903,6.791381792776335,6.783967620513478
2018-06-06,2018-06-05,300346,6.099040497992225,6.086533921441317,6.049014191788597
2018-06-06,2018-06-05,300349,18.91126538186327,18.65269551101272,18.68836032078521
2018-06-06,2018-06-05,300357,21.29409117875947,21.54299003113493,21.96664765219953
2018-06-06,2018-06-05,300387,7.686723667067756,7.71338282429458,7.73115559577913
2018-06-06,2018-06-05,300396,19.89728257294157,20.01260342601702,20.18114928820422
2018-06-06,2018-06-05,300401,21.67432445907722,21.8619809479004,22.19976262778212
2018-06-06,2018-06-05,300448,6.826630170758426,6.791800424989249,6.762775636848271
2018-06-06,2018-06-05,300511,10.96708841756303,10.93779076373161,11.0940449174992
2018-06-06,2018-06-05,300547,12.28062384582989,12.25982685371163,12.31181933400727
2018-06-06,2018-06-05,300577,41.36693284174166,41.32961490503282,41.79608911389323
2018-06-06,2018-06-05,600183,8.288595926509423,8.361143812080622,8.479034126133817
2018-06-06,2018-06-05,600230,26.36383189527938,25.99504084652905,25.90993521989436
2018-06-06,2018-06-05,600366,7.392840989686014,7.412528981669199,7.422372977660792
2018-06-06,2018-06-05,603456,,,
2018-06-07,2018-06-06,002001,14.30900190220167,14.34661757492039,14.30147876765792
2018-06-07,2018-06-06,002054,5.685491470189968,5.711585005633492,5.711585005633492
2018-06-07,2018-06-06,002080,6.113151168217142,6.126034521574817,6.080942784822952
2018-06-07,2018-06-06,002124,4.139467110741049,4.132681099084096,4.091965029142382
2018-06-07,2018-06-06,002178,7.74,7.75,7.79
2018-06-07,2018-06-06,002230,37.9,38,37.72
2018-06-07,2018-06-06,002365,16.61199366226616,16.62175394056361,16.47534976610181
2018-06-07,2018-06-06,002511,10.17590991909423,10.09867341116941,9.992473212772794
2018-06-07,2018-06-06,002562,6.63,6.66,6.66
2018-06-07,2018-06-06,002749,7.545166697314939,7.595467808630373,7.587084290077801
2018-06-07,2018-06-06,002755,11.08355907765547,11.07402893227485,11.09308922303608
2018-06-07,2018-06-06,002783,9.716804075961093,9.707038443723945,9.66797591477536
2018-06-07,2018-06-06,002838,12.80061436575255,12.8303141670652,12.81843424654014
2018-06-07,2018-06-06,002842,14.33995156542245,14.53123319129513,14.33995156542245
2018-06-07,2018-06-06,300110,4.584576639448472,4.62367750630944,4.57480142273323
2018-06-07,2018-06-06,300230,5.215061251539621,5.116353467598808,5.08345087295187
2018-06-07,2018-06-06,300241,6.7507268760049,6.889101951062101,6.839682281398815
2018-06-07,2018-06-06,300284,6.813624309564903,6.850695170879185,6.821038481827759
2018-06-07,2018-06-06,300346,6.024001038686783,6.053183050638899,6.015663320986179
2018-06-07,2018-06-06,300349,18.51895247436588,18.68836032078521,18.57244968902461
2018-06-07,2018-06-06,300357,22.40089671379074,22.49092395826697,22.13611070062537
2018-06-07,2018-06-06,300387,7.73115559577913,7.71338282429458,7.668950895583207
2018-06-07,2018-06-06,300396,19.9327659123494,20.04808676542486,19.85292839868178
2018-06-07,2018-06-06,300401,22.19976262778212,22.24667674998791,22.50001300989921
2018-06-07,2018-06-06,300448,6.838240086014817,6.780190509732858,6.716335975822703
2018-06-07,2018-06-06,300511,11.1331084559411,11.07451314827825,11.10381080210967
2018-06-07,2018-06-06,300547,12.28582309385945,12.36381181430291,12.21823286947512
2018-06-07,2018-06-06,300577,42.44915300629782,42.08530312338669,41.70279427212115
2018-06-07,2018-06-06,600183,8.533445040312216,8.533445040312216,8.560650497401415
2018-06-07,2018-06-06,600230,25.95721612358031,26.00449702726624,26.25035772643313
2018-06-07,2018-06-06,600366,7.432216973652384,7.471592957618754,7.442060969643976
2018-06-07,2018-06-06,603456,,,
2018-06-08,2018-06-07,002001,14.16606234587052,14.01559965499564,13.85761382957701
2018-06-08,2018-06-07,002054,5.643935098629372,5.614942281341893,5.576285191625253
2018-06-08,2018-06-07,002080,6.016526018034574,5.997200987998061,5.93922589788852
2018-06-08,2018-06-07,002124,4.058034970857619,4.051248959200666,4.085179017485428
2018-06-08,2018-06-07,002178,7.42,7.18,7.33
2018-06-08,2018-06-07,002230,37.14,36.69,36.99
2018-06-08,2018-06-07,002365,16.22158253036801,16.11421946909602,15.9287741814444
2018-06-08,2018-06-07,002511,9.92489126833858,9.847654760413768,9.789727379470158
2018-06-08,2018-06-07,002562,6.51,6.49,6.42
2018-06-08,2018-06-07,002749,7.589180169715943,7.587084290077801,7.482290308170649
2018-06-08,2018-06-07,002755,10.82624515237886,10.84530544314009,10.84530544314009
2018-06-08,2018-06-07,002783,9.570319592403891,9.375006947660953,9.218756831866605
2018-06-08,2018-06-07,002838,12.71745492207713,12.80061436575255,12.68775512076447
2018-06-08,2018-06-07,002842,14.09930693932458,14.10547731435273,13.98206981378971
2018-06-08,2018-06-07,300110,4.496599689011294,4.496599689011294,4.437948388719843
2018-06-08,2018-06-07,300230,5.075225224290136,5.009420034996261,4.984743089011057
2018-06-08,2018-06-07,300241,7.36353077982965,7.195503902974476,7.155968167243847
2018-06-08,2018-06-07,300284,6.910008548982034,6.858109343142041,6.813624309564903
2018-06-08,2018-06-07,300346,5.873922120075902,5.915610708578924,5.865584402375297
2018-06-08,2018-06-07,300349,18.50112006947963,18.56353348658149,18.58136589146773
2018-06-08,2018-06-07,300357,22.35853095168428,22.25261654641813,22.40089671379074
2018-06-08,2018-06-07,300387,7.811133067459603,7.686723667067756,7.624518966871833
2018-06-08,2018-06-07,300396,19.24971162874864,19.24084079389668,19.17874494993298
2018-06-08,2018-06-07,300401,22.19037980334096,22.21852827666444,21.9745748411943
2018-06-08,2018-06-07,300448,6.751165721591879,6.681506230053527,6.629261611399764
2018-06-08,2018-06-07,300511,10.94755664834208,10.92802487912113,10.80106837918496
2018-06-08,2018-06-07,300547,11.96866896405606,12.01026294829257,11.89587949164216
2018-06-08,2018-06-07,300577,39.49170652212278,38.99724386073074,38.26021461073128
2018-06-08,2018-06-07,600183,8.524376554615817,8.596924440187015,8.605992925883415
2018-06-08,2018-06-07,600230,26.28818244938187,25.93830376210593,25.71135542441343
2018-06-08,2018-06-07,600366,7.284557033778497,7.255025045803719,7.195961069854163
2018-06-08,2018-06-07,603456,,,
2018-06-11,2018-06-08,000717,6.526229951013265,6.469149222578746,6.45963576783966
2018-06-11,2018-06-08,000792,12.11,11.96,12.04
2018-06-11,2018-06-08,000815,10.4,10.32,10.38
2018-06-11,2018-06-08,000868,5.16,5.14,5.12
2018-06-11,2018-06-08,002001,13.81247502231454,13.74476681142084,13.86513696412075
2018-06-11,2018-06-08,002054,5.469978194904495,5.460313922475335,5.421656832758695
2018-06-11,2018-06-08,002365,15.48956165805899,15.47004110146408,15.51884249295135
2018-06-11,2018-06-08,002511,9.799381942960759,9.693181744564139,9.558017855695716
2018-06-11,2018-06-08,002562,6.29,6.25,6.3
2018-06-11,2018-06-08,002749,7.56612549369637,7.499057345275792,7.689782392346808
2018-06-11,2018-06-08,002753,12.68957999548472,12.58361273038672,12.76905544430821
2018-06-11,2018-06-08,002755,10.29255701106441,10.38785846487056,10.58799151786348
2018-06-11,2018-06-08,002760,19.2545383289423,18.93183656923935,18.81449047480191
2018-06-11,2018-06-08,002815,14.10611866949742,14.15766356110338,14.11470948476508
2018-06-11,2018-06-08,002838,12.64023543866423,12.56895591551387,12.7115149618146
2018-06-11,2018-06-08,300241,6.997825224321331,6.918753752860074,6.987941290388674
2018-06-11,2018-06-08,300259,3.417524544038614,3.382651844609649,3.365215494895166
2018-06-11,2018-06-08,300286,9.684990538663824,9.618263241645471,9.618263241645471
2018-06-11,2018-06-08,300346,5.911441849728622,5.844740108123785,5.844740108123785
2018-06-11,2018-06-08,300349,18.45653905726401,18.45653905726401,18.58136589146773
2018-06-11,2018-06-08,300375,4.083254372321477,4.066217149627507,4.060538075396184
2018-06-11,2018-06-08,300396,19.07229493170948,18.96584491348599,18.9214907392262
2018-06-11,2018-06-08,300401,22.50001300989921,22.17161415445864,22.21852827666444
2018-06-11,2018-06-08,300511,10.74247307152211,10.66434599463832,10.73270718691164
2018-06-11,2018-06-08,300520,22.98877136627595,22.66498585407488,22.61592744313532
2018-06-11,2018-06-08,300567,47.04787344659943,46.7654417059595,46.27939638485823
2018-06-11,2018-06-08,300618,88.31660776279006,88.67433198803272,89.69934947959337
2018-06-11,2018-06-08,300626,13.04034004813848,12.70291876835408,12.2662559356919
2018-06-11,2018-06-08,600167,7.310060968577704,7.236017993757857,7.195630916583394
2018-06-11,2018-06-08,600183,8.524376554615817,8.469965640437417,8.352075326384222
2018-06-11,2018-06-08,600366,7.077833117955053,7.028613137997089,7.048301129980275
2018-06-11,2018-06-08,600516,11.87077355157027,11.63042043129101,11.67047928467089
2018-06-11,2018-06-08,603456,,,
2018-06-12,2018-06-11,000717,6.668931772099561,6.69747213631682,6.716499045794992
2018-06-12,2018-06-11,000792,12.12,12.12,12.08
2018-06-12,2018-06-11,000815,10.2,10.28,10.3
2018-06-12,2018-06-11,000868,5.08,5.14,5.16
2018-06-12,2018-06-11,002001,13.63191979326468,13.74476681142084,13.62439665872093
2018-06-12,2018-06-11,002054,5.382999743042056,5.402328287900375,5.373335470612895
2018-06-12,2018-06-11,002365,15.63596583252079,15.80189056357751,15.69452750230551
2018-06-12,2018-06-11,002511,9.548363292205115,9.52905416522391,9.538708728714512
2018-06-12,2018-06-11,002562,6.2,6.22,6.23
2018-06-12,2018-06-11,002749,7.629001882840661,7.637385401393233,7.666727716327235
2018-06-12,2018-06-11,002753,12.40700062189007,12.52179849241289,12.66308817921022
2018-06-12,2018-06-11,002755,11.32181271217085,11.36946343907392,11.169330386081
2018-06-12,2018-06-11,002760,18.72648090397384,18.8047116335988,18.83404815720816
2018-06-12,2018-06-11,002815,13.95148399467955,13.98584725575019,13.86557584200295
2018-06-12,2018-06-11,002838,12.77685452470243,12.73527480286472,12.65805531945182
2018-06-12,2018-06-11,300241,6.7507268760049,6.869334083196787,6.760610809937557
2018-06-12,2018-06-11,300259,3.347779145180683,3.400088194324132,3.373933669752408
2018-06-12,2018-06-11,300286,10.08535432077394,9.961432197739857,9.904237371724127
2018-06-12,2018-06-11,300346,5.861415543524995,5.886428696626808,5.865584402375297
2018-06-12,2018-06-11,300349,18.4119580450484,18.44762285482089,18.44762285482089
2018-06-12,2018-06-11,300375,4.0889334465528,4.083254372321477,4.094612520784123
2018-06-12,2018-06-11,300396,19.1964866196369,19.32067830756431,19.32954914241626
2018-06-12,2018-06-11,300401,21.29901148143086,21.70247293240069,21.79630117681228
2018-06-12,2018-06-11,300511,10.68387776385926,10.78153660996401,10.72294130230116
2018-06-12,2018-06-11,300520,21.85061623247825,22.22879053005093,22.19932240296734
2018-06-12,2018-06-11,300567,46.96248710640596,46.48300996531957,46.16773732460525
2018-06-12,2018-06-11,300618,91.83881551902535,90.86195321163197,89.43105631066139
2018-06-12,2018-06-11,300626,12.58382890490076,12.41511826500855,12.45481488615966
2018-06-12,2018-06-11,600167,7.350448045752167,7.336985686694013,7.357179225281244
2018-06-12,2018-06-11,600183,8.343006840687821,8.424623211955419,8.379280783473421
2018-06-12,2018-06-11,600366,7.058145125971867,7.077833117955053,7.048301129980275
2018-06-12,2018-06-11,600516,11.87522453527915,11.92863633978565,11.87967551898802
2018-06-12,2018-06-11,603456,,,
2018-06-13,2018-06-12,000717,6.802120138446771,6.792606683707684,6.868714321620375
2018-06-13,2018-06-12,000792,12.19,12.12,12.2
2018-06-13,2018-06-12,000815,10.44,10.44,10.36
2018-06-13,2018-06-12,000868,5.33,5.25,5.36
2018-06-13,2018-06-12,002001,14.06073846225811,13.91779890592696,13.8726600986645
2018-06-13,2018-06-12,002054,5.325014108467096,5.218707111746338,5.228371384175498
2018-06-13,2018-06-12,002365,15.75308917209024,15.67500694571061,15.66524666741315
2018-06-13,2018-06-12,002511,9.644908927111132,9.509745038242707,9.509745038242707
2018-06-13,2018-06-12,002562,6.29,6.24,6.25
2018-06-13,2018-06-12,002749,7.719124707280811,7.681398873794237,7.696070031261238
2018-06-13,2018-06-12,002753,13.13111026672635,12.9280063419552,12.91917573653037
2018-06-13,2018-06-12,002755,11.06449878689424,10.79765471623701,10.76906428009517
2018-06-13,2018-06-12,002760,18.94161541044247,18.8536058396144,18.67758669795824
2018-06-13,2018-06-12,002815,13.77107687405869,13.78825850459401,13.77966768932635
2018-06-13,2018-06-12,002838,12.61647559761411,12.58677579630146,12.60459567708905
2018-06-13,2018-06-12,300241,6.918753752860074,6.770494743870214,6.849566215331472
2018-06-13,2018-06-12,300259,3.373933669752408,3.356497320037925,3.347779145180683
2018-06-13,2018-06-12,300286,9.923302313729371,9.837510074705774,9.799380190695286
2018-06-13,2018-06-12,300346,5.861415543524995,5.848908966974087,5.828064672722577
2018-06-13,2018-06-12,300349,18.65269551101272,18.57244968902461,18.62594690368335
2018-06-13,2018-06-12,300375,4.134366040403386,4.0889334465528,4.0889334465528
2018-06-13,2018-06-12,300396,19.22309912419277,19.0279407574497,18.90374906952228
2018-06-13,2018-06-12,300401,22.24667674998791,22.51877865878152,22.34988781884066
2018-06-13,2018-06-12,300511,10.76200484074306,10.65458011002784,10.60575068697547
2018-06-13,2018-06-12,300520,22.31719491130168,22.12074073074445,22.17967698491162
2018-06-13,2018-06-12,300567,46.31223728493265,46.01666918426296,45.25476030253665
2018-06-13,2018-06-12,300618,90.60053935472388,89.43793562268527,90.25657375352903
2018-06-13,2018-06-12,300626,12.28610424626746,12.31587671213079,12.2662559356919
2018-06-13,2018-06-12,600167,7.316792148106781,7.242749173286934,7.18216855752524
2018-06-13,2018-06-12,600183,8.605992925883415,8.488102611830216,8.515308068919417
2018-06-13,2018-06-12,600366,7.008925146013905,6.940017174072756,6.989237154030719
2018-06-13,2018-06-12,600516,12.20014634602704,12.07551880217853,12.12447962297616
2018-06-13,2018-06-12,603456,,,
2018-06-14,2018-06-13,000717,6.773579774229511,6.849687412142202,6.754552864751338
2018-06-14,2018-06-13,000792,12.2,12.29,12.28
2018-06-14,2018-06-13,000815,10.25,10.29,10.17
2018-06-14,2018-06-13,000868,5.49,5.32,5.26
2018-06-14,2018-06-13,002001,13.65448919689591,13.69210486961463,13.69962800415838
2018-06-14,2018-06-13,002054,5.093071570167258,5.102735842596419,5.122064387454738
2018-06-14,2018-06-13,002365,15.30411637040737,15.22603414402774,15.20651358743283
2018-06-14,2018-06-13,002511,9.345617458902478,9.36492658588368,9.36492658588368
2018-06-14,2018-06-13,002562,5.94,5.6,5.62
2018-06-14,2018-06-13,002749,7.608043086459229,7.624810123564375,7.622714243926231
2018-06-14,2018-06-13,002753,12.77788604973304,12.68957999548472,12.99865118535386
2018-06-14,2018-06-13,002755,10.67376282628901,10.58799151786348,10.61658195400532
2018-06-14,2018-06-13,002760,18.37444262066154,18.12019274938043,18.19842347900539
2018-06-14,2018-06-13,002815,13.83980339619997,13.89993910307359,13.83121258093231
2018-06-14,2018-06-13,002838,12.02247957136109,12.01059965083603,11.98089984952338
2018-06-14,2018-06-13,300241,6.721075074206928,6.721075074206928,6.691423272408956
2018-06-14,2018-06-13,300259,3.251879221751028,3.26059739660827,3.269315571465511
2018-06-14,2018-06-13,300286,9.618263241645471,9.570600886632361,9.589665828637605
2018-06-14,2018-06-13,300346,5.794713801920159,5.794713801920159,5.807220378471065
2018-06-14,2018-06-13,300349,18.29604741328781,18.39412564016216,18.36737703283279
2018-06-14,2018-06-13,300375,4.07189622385883,4.032142704239567,4.037821778470891
2018-06-14,2018-06-13,300396,18.74407404218704,18.6464948588155,18.69971986792725
2018-06-14,2018-06-13,300401,21.83383247457692,21.74938705460649,21.63679316131258
2018-06-14,2018-06-13,300511,10.12722234106221,10.19558353333553,10.19558353333553
2018-06-14,2018-06-13,300520,21.81623675088074,21.83588216893646,21.83588216893646
2018-06-14,2018-06-13,300567,45.97069192415879,45.61601020335516,45.57003294325099
2018-06-14,2018-06-13,300618,89.08021139744264,88.19278014635991,87.70434899266323
2018-06-14,2018-06-13,300626,11.77997232659085,11.81966894774196,11.81966894774196
2018-06-14,2018-06-13,600167,7.000426710240159,6.980233171652928,6.933114914949389
2018-06-14,2018-06-13,600183,8.433691697651819,8.451828669044618,8.451828669044618
2018-06-14,2018-06-13,600366,6.831733218165239,6.930173178081164,6.930173178081164
2018-06-14,2018-06-13,600516,11.94644027462115,12.03100896508978,12.07996978588741
2018-06-14,2018-06-13,603456,,,
2018-06-15,2018-06-14,000717,6.992389233228498,6.982875778489412,6.963848869011239
2018-06-15,2018-06-14,000792,12.24,12.27,12.25
2018-06-15,2018-06-14,000815,10.27,10.33,10.34
2018-06-15,2018-06-14,000868,5.29,5.27,5.25
2018-06-15,2018-06-14,002001,13.64696606235217,13.69210486961463,13.7372436768771
2018-06-15,2018-06-14,002054,5.112400115025579,5.102735842596419,5.112400115025579
2018-06-15,2018-06-14,002365,15.24555470062264,15.17723275254047,15.11867108275575
2018-06-15,2018-06-14,002511,9.36492658588368,9.384235712864886,9.36492658588368
2018-06-15,2018-06-14,002562,5.73,5.71,5.69
2018-06-15,2018-06-14,002749,7.63528952175509,7.645768919945804,7.666727716327235
2018-06-15,2018-06-14,002753,13.05163481790286,13.26356934809885,13.15760208300085
2018-06-15,2018-06-14,002755,10.64517239014717,10.72141355319209,10.71188340781147
2018-06-15,2018-06-14,002760,17.81704867208373,17.89527940170868,17.85616403689621
2018-06-15,2018-06-14,002815,13.71953198245273,13.71953198245273,13.66798709084677
2018-06-15,2018-06-14,002838,12.47391655131339,12.33135750501267,12.50361635262604
2018-06-15,2018-06-14,300241,6.760610809937557,6.711191140274271,6.651887536678328
2018-06-15,2018-06-14,300259,3.234442872036546,3.243161046893787,3.234442872036546
2018-06-15,2018-06-14,300286,9.599198299640227,9.599198299640227,9.580133357634985
2018-06-15,2018-06-14,300346,5.782207225369251,5.819726955021973,5.840571249273483
2018-06-15,2018-06-14,300349,17.78782387402981,17.92156691067665,17.80565627891606
2018-06-15,2018-06-14,300375,4.026463630008243,4.049179926933537,4.043500852702214
2018-06-15,2018-06-14,300396,18.80616988615074,18.68197819822333,18.61101151940767
2018-06-15,2018-06-14,300401,22.60322407875195,22.51877865878152,22.39680194104646
2018-06-15,2018-06-14,300511,10.01003172573651,10.03932937956794,10.03932937956794
2018-06-15,2018-06-14,300520,21.80641404185288,21.90464113213149,21.73765507865784
2018-06-15,2018-06-14,300567,45.98382828418855,45.51091932311705,46.5486917654684
2018-06-15,2018-06-14,300618,87.83505592111727,88.80503891648675,87.36726270349227
2018-06-15,2018-06-14,300626,11.70057908428864,11.75019986072752,11.75019986072752
2018-06-15,2018-06-14,600167,6.85907194012954,6.845609581071386,6.818684862955078
2018-06-15,2018-06-14,600183,8.460897154741017,8.433691697651819,8.352075326384222
2018-06-15,2018-06-14,600366,6.910485186097978,6.861265206140016,6.821889222173645
2018-06-15,2018-06-14,600516,12.02210699767203,11.99985207912766,11.9375383072034
2018-06-15,2018-06-14,603456,,,
2018-06-19,2018-06-15,002001,13.30842500788368,12.87960633889025,12.96236081887144
2018-06-19,2018-06-15,002014,4.424487690535432,4.353541094914601,4.353541094914601
2018-06-19,2018-06-15,002080,5.778183980917572,5.604258710588949,5.57205032719476
2018-06-19,2018-06-15,002101,7.870663339051502,7.47756694586913,7.451360519656971
2018-06-19,2018-06-15,002562,5.21,5.14,5.36
2018-06-19,2018-06-15,002691,10.56891317360549,9.689835329298042,9.969541916123141
2018-06-19,2018-06-15,002734,11.22061446816739,10.78415620684483,10.81143484817749
2018-06-19,2018-06-15,002737,16.90123717969739,17.03753747953366,17.14176712058492
2018-06-19,2018-06-15,002760,16.67292425131875,15.89061695506919,15.79282854303799
2018-06-19,2018-06-15,002838,11.99871973031097,11.7670612800723,11.80864100191001
2018-06-19,2018-06-15,300110,4.457498822150326,4.369521871713149,4.33042100485218
2018-06-19,2018-06-15,300158,4.078672992255544,3.996652145976182,3.966826383692778
2018-06-19,2018-06-15,300180,8.091372996962418,8.151063453497386,8.243915274774006
2018-06-19,2018-06-15,300241,6.128039038247493,6.009431831055607,6.039083632853578
2018-06-19,2018-06-15,300346,5.66964803641109,5.569595424003835,5.644634883309276
2018-06-19,2018-06-15,300349,17.28851653721494,17.4311757763049,17.31526514454431
2018-06-19,2018-06-15,300476,14.16655864410173,12.99158446121264,13.53608469230758
2018-06-19,2018-06-15,300511,9.756118725864173,9.853777571968919,9.795182264306071
2018-06-19,2018-06-15,300545,23.15895742778849,23.21833936991103,23.17875140849601
2018-06-19,2018-06-15,300567,46.6931917257958,46.1480327845606,48.07907770893589
2018-06-19,2018-06-15,300577,37.90569421199737,36.85146249997283,36.4782831328845
2018-06-19,2018-06-15,300616,105.0610405871865,103.4383700650284,105.400242899728
2018-06-19,2018-06-15,300618,85.74374506585258,83.99639981178272,83.04017544046104
2018-06-19,2018-06-15,300626,11.01581236943205,10.71808771079875,10.63869446849654
2018-06-19,2018-06-15,600064,4.154363530131782,4.112187250638058,4.101643180764627
2018-06-19,2018-06-15,600167,6.95330845353662,6.939846094478465,6.919652555891234
2018-06-19,2018-06-15,600366,6.575789322383831,6.398597394535166,6.447817374493128
2018-06-19,2018-06-15,600527,2.111374103949889,2.072845379425256,2.065139634520329
2018-06-19,2018-06-15,600651,4.460218181610108,4.281012986813272,4.300924675124032
2018-06-19,2018-06-15,600703,19.27140567679238,18.82668093040486,18.89586033539847
2018-06-19,2018-06-15,603456,,,
2018-06-20,2018-06-19,002001,11.97683019364093,12.18747796086577,12.11224661542833
2018-06-20,2018-06-19,002014,4.024606878854387,4.102003164986202,4.063305021920295
2018-06-20,2018-06-19,002080,5.198433079822164,5.217758109858677,5.191991403143327
2018-06-20,2018-06-19,002101,7.407683142636708,7.28538648697997,7.259180060767812
2018-06-20,2018-06-19,002562,5.23,5.24,5.11
2018-06-20,2018-06-19,002691,9.749772455046278,10.38910179636079,10.72874550893412
2018-06-20,2018-06-19,002734,10.11128305397255,10.22949049974741,10.16584033663787
2018-06-20,2018-06-19,002737,16.5725129271511,16.6045835859361,16.61260125063235
2018-06-20,2018-06-19,002760,15.01052124678843,15.00074240558531,14.78560789911668
2018-06-20,2018-06-19,002838,11.35720402195772,11.44036346563314,11.26216465775723
2018-06-20,2018-06-19,300110,4.183792754123552,4.174017537408309,4.154467103977826
2018-06-20,2018-06-19,300158,3.668568760858734,3.690938082571288,3.668568760858734
2018-06-20,2018-06-19,300180,7.288867970214507,7.487836158664401,7.428145702129433
2018-06-20,2018-06-19,300241,5.515235134422744,5.623958407681974,5.56465480408603
2018-06-20,2018-06-19,300346,5.102683232769981,5.098514373919679,5.086007797368771
2018-06-20,2018-06-19,300349,16.47714211489077,16.566304139322,16.28098566114208
2018-06-20,2018-06-19,300476,12.95337391867966,13.00113709684589,12.91516337614669
2018-06-20,2018-06-19,300511,8.838125572479557,8.672105534101489,8.584212572607214
2018-06-20,2018-06-19,300545,21.13997139562232,21.47646906765001,21.40719013517372
2018-06-20,2018-06-19,300567,45.63571474339981,45.62914656338492,46.10205552445642
2018-06-20,2018-06-19,300577,35.07886050630325,35.26545018984741,35.20014380060696
2018-06-20,2018-06-19,300616,101.4489943401227,101.3298151492297,100.3030405815364
2018-06-20,2018-06-19,300618,77.17212228407688,75.32846666167248,75.65867363881954
2018-06-20,2018-06-19,300626,9.914231132488846,9.765368803172196,9.656203095006653
2018-06-20,2018-06-19,600064,3.853857538739001,3.890761783296009,3.859129573675717
2018-06-20,2018-06-19,600167,6.778297785780616,6.805222503896924,6.791760144838769
2018-06-20,2018-06-19,600366,5.91624159094713,5.91624159094713,5.876865606980759
2018-06-20,2018-06-19,600527,1.918730481326724,1.964964950756283,1.926436226231651
2018-06-20,2018-06-19,600651,4.012205194618021,3.932558441374983,3.872823376442705
2018-06-20,2018-06-19,600703,19.16269518323098,19.06386746181153,18.8365637025468
2018-06-20,2018-06-19,603456,,,
2018-06-21,2018-06-20,002001,12.33794065174066,13.02254589522139,13.42879516058358
2018-06-21,2018-06-20,002014,4.134251617541126,4.166500070096048,4.166500070096048
2018-06-21,2018-06-20,002080,5.166224696427974,5.21131643317984,5.191991403143327
2018-06-21,2018-06-20,002101,7.468831470465077,7.398947667232656,7.407683142636708
2018-06-21,2018-06-20,002562,5.14,5.26,5.65
2018-06-21,2018-06-20,002691,10.72874550893412,11.79762425144432,11.79762425144432
2018-06-21,2018-06-20,002734,10.28404778241273,10.34769794552227,10.32041930418961
2018-06-21,2018-06-20,002737,17.07762580301492,17.15780244997743,17.45445604373872
2018-06-21,2018-06-20,002760,15.15720386483522,15.00074240558531,15.05941545280403
2018-06-21,2018-06-20,002838,10.94734676384313,11.10772569093145,11.4522433861582
2018-06-21,2018-06-20,300110,4.398847521858874,4.408622738574116,4.369521871713149
2018-06-21,2018-06-20,300158,3.720763844854692,3.713307404283841,3.758046047708947
2018-06-21,2018-06-20,300180,7.448042520974424,7.368455245594465,7.348558426749475
2018-06-21,2018-06-20,300241,5.74256561487386,5.722797747008546,5.732681680941203
2018-06-21,2018-06-20,300346,5.315295034135398,5.273606445632375,5.26526872793177
2018-06-21,2018-06-20,300349,16.53063932954951,16.49497451977702,16.566304139322
2018-06-21,2018-06-20,300476,13.54563732794083,13.45011097160838,13.44055833597514
2018-06-21,2018-06-20,300511,8.72093495715386,8.57444668799674,8.633041995659589
2018-06-21,2018-06-20,300545,22.46616810302559,22.32761023807301,22.11977344064414
2018-06-21,2018-06-20,300567,47.47480514756676,47.54048694771557,47.06757798664407
2018-06-21,2018-06-20,300577,35.89985511389758,35.99314995566967,36.72084972149192
2018-06-21,2018-06-20,300616,102.6774567693271,102.5766128385715,102.6774567693271
2018-06-21,2018-06-20,300618,78.5273467527846,78.499829504689,77.00013948347946
2018-06-21,2018-06-20,300626,10.12263839353215,9.735596337308866,9.755444647884419
2018-06-21,2018-06-20,600064,3.922393992916302,3.911849923042871,3.917121957979586
2018-06-21,2018-06-20,600167,6.818684862955078,6.724448349547999,6.731179529077076
2018-06-21,2018-06-20,600366,5.827645627022797,5.867021610989167,5.857177614997575
2018-06-21,2018-06-20,600527,1.97267069566121,1.94955346094643,1.964964950756283
2018-06-21,2018-06-20,600651,3.882779220598084,3.832999999821186,3.793176623199667
2018-06-21,2018-06-20,600703,18.99468805681792,19.12316409466321,18.99468805681792
2018-06-21,2018-06-20,603456,,,
2018-06-22,2018-06-21,002001,13.38365635332112,13.45136456421482,13.4664108333023
2018-06-22,2018-06-21,002014,4.082654093453248,4.12780192703014,4.121352236519156
2018-06-22,2018-06-21,002080,5.468983500333355,5.204874756501002,5.340149966756596
2018-06-22,2018-06-21,002101,7.51250884748534,7.320328388596181,7.346534814808339
2018-06-22,2018-06-21,002562,5.65,6.22,6.22
2018-06-22,2018-06-21,002691,11.79762425144432,12.2771212574302,12.97638772449295
2018-06-22,2018-06-21,002734,9.683917673094218,9.59298886865202,9.783939357980637
2018-06-22,2018-06-21,002737,17.05357280892616,16.83709586212738,17.02951981483741
2018-06-22,2018-06-21,002760,14.64870412227301,14.65848296347613,15.03007892919467
2018-06-22,2018-06-21,002838,11.32156426038253,11.21464497565699,11.32156426038253
2018-06-22,2018-06-21,300110,4.486824472296052,4.467274038865568,4.486824472296052
2018-06-22,2018-06-21,300158,3.690938082571288,3.661112320287883,3.713307404283841
2018-06-22,2018-06-21,300180,7.361822972646135,7.14295796535125,7.16285478419624
2018-06-22,2018-06-21,300241,5.426279729028829,5.535003002288058,5.752449548806518
2018-06-22,2018-06-21,300346,5.17355383322512,5.11935866817119,5.223580139428747
2018-06-22,2018-06-21,300349,16.13832642205211,15.95108617074653,16.31665047091456
2018-06-22,2018-06-21,300476,12.94382128304642,12.78142647728126,13.07755818191184
2018-06-22,2018-06-21,300511,7.988493611368262,7.998259495978736,8.027557149810161
2018-06-22,2018-06-21,300545,20.95192857890096,20.65501886828829,21.21914731845236
2018-06-22,2018-06-21,300567,45.4189648029087,44.44687416070617,44.10532879993232
2018-06-22,2018-06-21,300577,34.6870221708605,34.61238629744284,34.85495288605025
2018-06-22,2018-06-21,300616,100.8439307555891,98.20365329580643,100.5047284430476
2018-06-22,2018-06-21,300618,72.39100042746844,72.4735521717552,73.59488003165042
2018-06-22,2018-06-21,300626,9.894382821913291,9.576809852704439,9.914231132488846
2018-06-22,2018-06-21,600064,3.838041433928855,3.816953294181993,3.84331346886557
2018-06-22,2018-06-21,600167,6.811953683426,6.603287118024612,6.589824758966457
2018-06-22,2018-06-21,600366,5.670141691157315,5.61107771520776,5.679985687148908
2018-06-22,2018-06-21,600527,1.94955346094643,1.911024736421797,1.926436226231651
2018-06-22,2018-06-21,600651,3.604015584247453,3.514412986849035,3.623927272558213
2018-06-22,2018-06-21,600703,18.18430074117844,17.80875539978454,18.02617638690733
2018-06-22,2018-06-21,603456,,,
2018-06-25,2018-06-22,002001,13.57925785145847,13.63191979326468,13.4664108333023
2018-06-25,2018-06-22,002014,4.166500070096048,4.185849141629002,4.172949760607032
2018-06-25,2018-06-22,002080,5.327266613398921,5.430333440260327,5.398125056866138
2018-06-25,2018-06-22,002101,7.529979798293446,7.451360519656971,7.521244322889393
2018-06-25,2018-06-22,002562,6.22,6.84,6.4
2018-06-25,2018-06-22,002691,12.97638772449295,13.2960523951502,12.66671257479373
2018-06-25,2018-06-22,002734,9.956704086420816,10.15674745619365,10.18402609752631
2018-06-25,2018-06-22,002737,17.18185544406618,17.25401442633244,17.19789077345868
2018-06-25,2018-06-22,002760,15.17676154724146,15.33322300649137,15.57769403656936
2018-06-25,2018-06-22,002838,11.41066366432049,11.47006326694579,11.54134279009615
2018-06-25,2018-06-22,300110,4.78008097375331,4.750755323607585,4.731204890177101
2018-06-25,2018-06-22,300158,3.758046047708947,3.854979775130011,3.862436215700862
2018-06-25,2018-06-22,300180,7.388352064439455,7.222545240731209,7.189383875989559
2018-06-25,2018-06-22,300241,5.821637086335119,5.821637086335119,5.762333482739176
2018-06-25,2018-06-22,300346,5.227748998279049,5.286113022183281,5.311126175285095
2018-06-25,2018-06-22,300349,16.44147730511828,16.58413654420825,16.51280692466326
2018-06-25,2018-06-22,300476,13.1539792669778,13.20174244514402,13.34503197964269
2018-06-25,2018-06-22,300511,8.271704265072028,8.427958418839621,8.44749018806057
2018-06-25,2018-06-22,300545,21.57543897118757,22.01090654675282,22.18905237312043
2018-06-25,2018-06-22,300567,44.86066950164373,45.32044210268547,45.64885110342957
2018-06-25,2018-06-22,300577,35.32142709491067,35.82521924047992,36.27303448098592
2018-06-25,2018-06-22,300616,102.8608093707009,102.7874683301514,103.8600810481881
2018-06-25,2018-06-22,300618,78.01827766301621,79.38726075577172,81.78814065211178
2018-06-25,2018-06-22,300626,10.1027900829566,10.17225916997104,10.00354853007883
2018-06-25,2018-06-22,600064,3.880217713422578,3.90130585316944,3.890761783296009
2018-06-25,2018-06-22,600167,6.798491324367847,6.771566606251539,6.771566606251539
2018-06-25,2018-06-22,600366,5.768581651073242,5.847333619005982,5.876865606980759
2018-06-25,2018-06-22,600527,1.94955346094643,1.964964950756283,1.957259205851357
2018-06-25,2018-06-22,600651,3.70357402580125,3.72348571411201,3.743397402422768
2018-06-25,2018-06-22,600703,18.29301123473984,18.38195618401734,18.3720734118754
2018-06-25,2018-06-22,603456,,,
2018-06-26,2018-06-25,002014,4.160050379585064,4.082654093453248,4.121352236519156
2018-06-26,2018-06-25,002080,5.404566733544976,5.237083139895192,5.372358350150786
2018-06-26,2018-06-25,002271,11.15577345893298,10.9312398829587,10.50580784427058
2018-06-26,2018-06-25,002496,2.661979165553219,2.602604165578054,2.622395832236442
2018-06-26,2018-06-25,002583,7.739848166948486,7.590622302547165,7.660261039267781
2018-06-26,2018-06-25,002706,4.473816745523266,4.403362938507152,4.509043649031323
2018-06-26,2018-06-25,002737,17.23797909693994,17.02150215014116,16.9974491560524
2018-06-26,2018-06-25,002760,15.47990562453817,15.09853081761651,15.23543459446018
2018-06-26,2018-06-25,002815,12.71440659613653,12.57695355185398,12.74876985720717
2018-06-26,2018-06-25,002838,11.36314398222024,11.14930541276916,11.32750422064506
2018-06-26,2018-06-25,300069,11.65,11.32,11.54
2018-06-26,2018-06-25,300074,4.19,3.77,3.77
2018-06-26,2018-06-25,300110,4.672553589885649,4.594351856163714,4.662778373170407
2018-06-26,2018-06-25,300136,29.11011356989481,28.80191223086928,28.88144806029522
2018-06-26,2018-06-25,300180,7.268971151369517,7.16285478419624,7.149590238299579
2018-06-26,2018-06-25,300241,5.801869218469804,5.791985284537147,5.871056755998405
2018-06-26,2018-06-25,300346,5.244424433680258,5.219411280578445,5.240255574829956
2018-06-26,2018-06-25,300349,16.4503935075614,16.27206945869895,16.26315325625583
2018-06-26,2018-06-25,300357,21.70715735929746,21.34175266112924,21.61183439455792
2018-06-26,2018-06-25,300365,12.04382460665426,11.84745790111098,12.33837466496917
2018-06-26,2018-06-25,300375,3.657323804972227,3.81633788344928,3.742509918442077
2018-06-26,2018-06-25,300396,15.56831516518611,15.56831516518611,15.74573186222527
2018-06-26,2018-06-25,300476,12.84829492671397,12.58082112898312,12.82918965544748
2018-06-26,2018-06-25,300511,8.369363111176773,8.349831341955824,8.476787841891994
2018-06-26,2018-06-25,300618,79.94448502970738,80.46731274352355,82.37976148616693
2018-06-26,2018-06-25,600064,3.806409224308561,3.806409224308561,3.816953294181993
2018-06-26,2018-06-25,600230,21.60737298447395,21.08728304392863,21.27640665867238
2018-06-26,2018-06-25,600366,5.788269643056426,5.739049663098464,5.837489623014389
2018-06-26,2018-06-25,600516,10.6066941782497,10.34853712313494,10.4464587647302
2018-06-26,2018-06-25,600527,1.934141971136577,1.911024736421797,1.926436226231651
2018-06-26,2018-06-25,600651,3.71352986995663,3.623927272558213,3.72348571411201
2018-06-26,2018-06-25,601100,13.11568987309541,12.83166386525648,12.95158595745514
2018-06-26,2018-06-25,603456,,,
2018-06-27,2018-06-26,002014,4.147150998563094,4.160050379585064,4.147150998563094
2018-06-27,2018-06-26,002080,5.456100146975679,5.501191883727543,5.449658470296841
2018-06-27,2018-06-26,002271,10.26945671166606,10.2871830466114,10.07446702726734
2018-06-27,2018-06-26,002496,2.691666665540802,2.691666665540802,2.671874998882414
2018-06-27,2018-06-26,002583,7.81943529462919,7.908970813269982,7.849280467509453
2018-06-27,2018-06-26,002706,4.607678978853883,4.572452075345826,4.579497456047437
2018-06-27,2018-06-26,002737,17.3261734085987,17.3101380792062,17.22996143224369
2018-06-27,2018-06-26,002760,15.76349201942863,15.70481897220991,15.52879983055377
2018-06-27,2018-06-26,002815,13.07522083737824,13.05803920684292,12.98931268470165
2018-06-27,2018-06-26,002838,11.35720402195772,11.45818334642073,11.35720402195772
2018-06-27,2018-06-26,300069,12.09,11.98,11.85
2018-06-27,2018-06-26,300074,3.81,3.75,3.78
2018-06-27,2018-06-26,300110,4.692104023316133,4.701879240031374,4.653003156455165
2018-06-27,2018-06-26,300136,29.40837293024209,29.62709646116343,29.47796678098979
2018-06-27,2018-06-26,300180,7.196016148937889,7.149590238299579,7.109796600609601
2018-06-27,2018-06-26,300241,5.890824623863719,5.979780029257634,5.930360359594348
2018-06-27,2018-06-26,300346,5.336139328386909,5.327801610686303,5.344477046087513
2018-06-27,2018-06-26,300349,16.82487401017256,16.83379021261568,16.78029299795694
2018-06-27,2018-06-26,300357,21.93487333061968,21.91898616982976,21.53239859060831
2018-06-27,2018-06-26,300365,12.98638479326198,13.01256702066775,13.06493147547929
2018-06-27,2018-06-26,300375,3.73115176997943,3.719793621516783,3.719793621516783
2018-06-27,2018-06-26,300396,16.14491943056338,16.15379026541533,16.23362777908295
2018-06-27,2018-06-26,300476,13.25905825894349,13.40234779344216,13.53608469230758
2018-06-27,2018-06-26,300511,8.593978457217691,8.603744341828165,8.525617264944367
2018-06-27,2018-06-26,300618,83.17088236891509,83.88633081940037,83.16400305689119
2018-06-27,2018-06-26,600064,3.84331346886557,3.859129573675717,3.848585503802285
2018-06-27,2018-06-26,600230,21.70193479184583,21.84377750290365,21.63574152668551
2018-06-27,2018-06-26,600366,5.867021610989167,5.906397594955537,5.876865606980759
2018-06-27,2018-06-26,600516,10.74467467322484,10.77138057547809,10.66010598275621
2018-06-27,2018-06-26,600527,1.94955346094643,1.957259205851357,1.957259205851357
2018-06-27,2018-06-26,600651,3.862867532287325,3.882779220598084,3.902690908908844
2018-06-27,2018-06-26,601100,13.04626129340145,13.14724831841084,13.19143014185245
2018-06-27,2018-06-26,603456,,,
2018-06-28,2018-06-27,002014,4.179399451118018,4.179399451118018,4.269695118271802
2018-06-28,2018-06-27,002080,5.333708290077759,5.333708290077759,5.359474996793111
2018-06-28,2018-06-27,002271,10.13946358873358,10.2871830466114,10.2871830466114
2018-06-28,2018-06-27,002496,2.681770832211607,2.681770832211607,2.701562498869996
2018-06-28,2018-06-27,002583,7.749796557908573,7.779641730788837,7.799538512709013
2018-06-28,2018-06-27,002706,4.572452075345826,4.586542836749048,4.621769740257106
2018-06-28,2018-06-27,002737,17.14978478528118,16.9333078384824,16.89321951500114
2018-06-28,2018-06-27,002760,15.40167489491321,15.32344416528826,15.46034794213193
2018-06-28,2018-06-27,002815,12.68863415033355,13.05803920684292,13.3415361106757
2018-06-28,2018-06-27,002838,11.23246485644458,11.16118533329422,11.26216465775723
2018-06-28,2018-06-27,300069,11.6,11.63,11.72
2018-06-28,2018-06-27,300074,3.9,3.82,3.81
2018-06-28,2018-06-27,300110,4.594351856163714,4.613902289594197,4.62367750630944
2018-06-28,2018-06-27,300136,28.66272452937388,29.11011356989481,29.51773469570276
2018-06-28,2018-06-27,300180,7.063370689971292,7.050106144074633,7.070002962919622
2018-06-28,2018-06-27,300241,5.930360359594348,5.890824623863719,5.920476425661692
2018-06-28,2018-06-27,300346,5.319463892985699,5.340308187237211,5.344477046087513
2018-06-28,2018-06-27,300349,16.57522034176512,16.69113097352572,16.77137679551382
2018-06-28,2018-06-27,300357,20.60035182426619,20.35145297189074,20.28790432873105
2018-06-28,2018-06-27,300365,13.15656927139949,13.05184036177641,13.02565813437064
2018-06-28,2018-06-27,300375,3.66300287920355,3.674361027666197,3.674361027666197
2018-06-28,2018-06-27,300396,15.71024852281744,15.65702351370569,15.70137768796548
2018-06-28,2018-06-27,300476,13.47876887850811,13.56474259920732,13.76534794750545
2018-06-28,2018-06-27,300511,8.398660765008197,8.388894880397721,8.44749018806057
2018-06-28,2018-06-27,300618,82.72372708736178,83.30158929736913,83.04017544046104
2018-06-28,2018-06-27,600064,3.790593119498415,3.822225329118708,3.801137189371846
2018-06-28,2018-06-27,600230,21.20075721277488,21.21966957424926,21.11565158614019
2018-06-28,2018-06-27,600366,5.91624159094713,5.876865606980759,5.91624159094713
2018-06-28,2018-06-27,600516,10.62004712937633,10.70016483613608,10.74467467322484
2018-06-28,2018-06-27,600527,1.957259205851357,1.957259205851357,1.957259205851357
2018-06-28,2018-06-27,600651,3.882779220598084,3.862867532287325,3.862867532287325
2018-06-28,2018-06-27,601100,12.56026123554372,12.73698852931017,12.79379373087795
2018-06-28,2018-06-27,603456,,,
2018-06-29,2018-06-28,002014,4.198748522650971,4.22454728469491,4.205198213161956
2018-06-29,2018-06-28,002080,5.217758109858677,5.288616553325895,5.26929152328938
2018-06-29,2018-06-28,002271,10.13355481041847,10.22218648514516,10.10991969715802
2018-06-29,2018-06-28,002496,2.622395832236442,2.642187498894831,2.642187498894831
2018-06-29,2018-06-28,002583,7.550828738706812,7.839332076549366,7.809486903669101
2018-06-29,2018-06-28,002706,4.558361313942603,4.579497456047437,4.551315933240992
2018-06-29,2018-06-28,002737,16.64467190941736,16.70881322698736,16.6366542447211
2018-06-29,2018-06-28,002760,14.9420693583666,15.16698270603834,15.05941545280403
2018-06-29,2018-06-28,002815,13.56489730763485,13.35012692594336,13.2556279579991
2018-06-29,2018-06-28,002838,11.11366565119398,11.20870501539446,11.1196056114565
2018-06-29,2018-06-28,300069,11.47,11.58,11.53
2018-06-29,2018-06-28,300074,3.68,3.72,3.65
2018-06-29,2018-06-28,300110,4.584576639448472,4.594351856163714,4.555250989302746
2018-06-29,2018-06-28,300136,29.28906918610318,29.49785073834628,29.06040367650359
2018-06-29,2018-06-28,300180,7.182751603041229,7.129693419454591,7.156222511247909
2018-06-29,2018-06-28,300241,5.871056755998405,5.930360359594348,5.890824623863719
2018-06-29,2018-06-28,300346,5.17355383322512,5.256931010231165,5.219411280578445
2018-06-29,2018-06-28,300349,16.85162261750192,16.81595780772944,16.28098566114208
2018-06-29,2018-06-28,300357,19.80599378477006,20.01782259530236,19.76892374292691
2018-06-29,2018-06-28,300365,12.63292472328409,12.95365700900477,12.92092922474756
2018-06-29,2018-06-28,300375,3.64596565650958,3.66300287920355,3.634607508046933
2018-06-29,2018-06-28,300396,15.70137768796548,15.79008603648506,15.7191193576694
2018-06-29,2018-06-28,300476,14.0328217452363,14.1187954659355,13.79400585440519
2018-06-29,2018-06-28,300511,8.261938380461553,8.359597226566299,8.232640726630128
2018-06-29,2018-06-28,300618,80.26093338280664,82.68245121521839,82.96450300819818
2018-06-29,2018-06-28,600064,3.801137189371846,3.801137189371846,3.790593119498415
2018-06-29,2018-06-28,600230,20.04710316283798,20.42535039232549,20.17003351242142
2018-06-29,2018-06-28,600366,5.837489623014389,5.857177614997575,5.817801631031204
2018-06-29,2018-06-28,600516,10.57553729228758,10.69126286871833,10.59334122712308
2018-06-29,2018-06-28,600527,1.934141971136577,1.941847716041504,1.934141971136577
2018-06-29,2018-06-28,600651,3.803132467355047,3.793176623199667,3.753353246578148
2018-06-29,2018-06-28,601100,12.74330021837326,12.87584568869809,12.80010541994104
2018-06-29,2018-06-28,603456,,,
2018-07-02,2018-06-29,002014,4.289044189804756,4.256795737249832,4.256795737249832
2018-07-02,2018-06-29,002080,5.475425177012192,5.468983500333355,5.430333440260327
2018-07-02,2018-06-29,002271,10.05083191400689,10.07446702726734,10.02128802243132
2018-07-02,2018-06-29,002496,2.701562498869996,2.701562498869996,2.741145832186772
2018-07-02,2018-06-29,002583,8.306906451673502,8.366596797434031,8.237267714952885
2018-07-02,2018-06-29,002706,4.607678978853883,4.551315933240992,4.565406694644214
2018-07-02,2018-06-29,002737,17.3422087379912,17.71903897871501,17.79119796098127
2018-07-02,2018-06-29,002760,15.6950401310068,15.57769403656936,15.67548244860056
2018-07-02,2018-06-29,002815,13.83121258093231,13.88275747253827,13.83980339619997
2018-07-02,2018-06-29,002838,11.42254358484555,11.30968433985747,11.26216465775723
2018-07-02,2018-06-29,300069,11.94,11.93,12
2018-07-02,2018-06-29,300074,3.85,3.82,4.07
2018-07-02,2018-06-29,300110,4.643227939739923,4.62367750630944,4.613902289594197
2018-07-02,2018-06-29,300136,30.55170047824001,30.47216464881406,30.1540213311103
2018-07-02,2018-06-29,300180,7.182751603041229,7.16285478419624,7.096532054712941
2018-07-02,2018-06-29,300241,6.048967566786235,6.098387236449521,6.207110509708752
2018-07-02,2018-06-29,300346,5.432023081943861,5.432023081943861,5.461205093895977
2018-07-02,2018-06-29,300349,17.1547735005681,16.98536565414877,17.09236008346624
2018-07-02,2018-06-29,300357,21.11403668980702,21.19876821401994,21.56946863245146
2018-07-02,2018-06-29,300365,13.50348378452594,13.58203046674325,13.8045793996923
2018-07-02,2018-06-29,300375,3.719793621516783,3.702756398822813,3.719793621516783
2018-07-02,2018-06-29,300396,16.32233612760253,16.32233612760253,16.46426948523386
2018-07-02,2018-06-29,300476,14.71105887519667,14.71105887519667,15.0167432154605
2018-07-02,2018-06-29,300511,8.672105534101489,8.672105534101489,8.57444668799674
2018-07-02,2018-06-29,300618,88.28909051469448,87.37414201551617,86.92010742193897
2018-07-02,2018-06-29,600064,3.869673643549147,3.874945678485862,3.896033818232724
2018-07-02,2018-06-29,600230,20.954896513608,21.38988082751863,22.22202473239116
2018-07-02,2018-06-29,600366,6.004837554871463,5.975305566896686,5.985149562888278
2018-07-02,2018-06-29,600516,10.85149828223784,10.81143942885796,10.84704729852897
2018-07-02,2018-06-29,600527,1.988082185471064,1.97267069566121,1.980376440566137
2018-07-02,2018-06-29,600651,3.882779220598084,3.892735064753464,3.862867532287325
2018-07-02,2018-06-29,601100,13.17880676372628,13.5638197965746,13.40602756999742
2018-07-02,2018-06-29,603456,,,
2018-07-03,2018-07-02,002001,13.96293771318943,13.57925785145847,13.57173471691472
2018-07-03,2018-07-02,002080,5.327266613398921,5.346591643435435,5.372358350150786
2018-07-03,2018-07-02,002114,8.25,8.119999999999999,8.109999999999999
2018-07-03,2018-07-02,002124,2.829766860949209,2.877268942547877,2.870482930890925
2018-07-03,2018-07-02,002178,6.32,6.31,6.31
2018-07-03,2018-07-02,002271,9.046339600437712,9.247238063151547,9.176332723370193
2018-07-03,2018-07-02,002365,13.8010335125995,13.79127323430205,13.82055406919441
2018-07-03,2018-07-02,002742,9.389441103807808,9.409002439440741,9.369879768174876
2018-07-03,2018-07-02,002749,8.085903643955843,8.085903643955843,8.012547856620836
2018-07-03,2018-07-02,002755,8.977396948539509,9.005987384681355,9.025047675442586
2018-07-03,2018-07-02,002783,8.017584066697546,8.505865678554887,8.417974988420564
2018-07-03,2018-07-02,002838,11.08990581014386,11.07802588961879,11.12554557171904
2018-07-03,2018-07-02,002842,11.69286067834576,11.72371255348652,11.76073480365542
2018-07-03,2018-07-02,300074,4.24,4.31,4.23
2018-07-03,2018-07-02,300230,4.088147384882006,4.104598682205475,4.121049979528943
2018-07-03,2018-07-02,300237,7.064439560787362,6.99459340693777,7.014549450894797
2018-07-03,2018-07-02,300241,6.019315764988264,5.969896095324978,6.009431831055607
2018-07-03,2018-07-02,300284,5.582871713930764,5.553215024879339,5.553215024879339
2018-07-03,2018-07-02,300346,5.457036235045674,5.44869851734507,5.440360799644465
2018-07-03,2018-07-02,300349,16.77137679551382,16.64654996131011,16.65546616375323
2018-07-03,2018-07-02,300357,21.34175266112924,21.63831299587446,21.33116122060263
2018-07-03,2018-07-02,300387,6.38583852267746,6.38583852267746,6.395617754718313
2018-07-03,2018-07-02,300396,16.10056525630359,16.01185690778401,16.01185690778401
2018-07-03,2018-07-02,300401,19.19725880661125,19.18787598217009,18.887625600053
2018-07-03,2018-07-02,300511,8.359597226566299,8.437724303450096,8.398660765008197
2018-07-03,2018-07-02,300547,12.58737947957416,12.41060504656899,12.27022534977076
2018-07-03,2018-07-02,300577,37.67245710756716,37.75642246516203,37.1500059936435
2018-07-03,2018-07-02,300639,5.62830946300618,5.564790759547327,5.545458980233763
2018-07-03,2018-07-02,600064,3.806409224308561,3.822225329118708,3.801137189371846
2018-07-03,2018-07-02,600230,21.59791680373676,21.73030333405739,21.69247861110864
2018-07-03,2018-07-02,600366,5.876865606980759,5.847333619005982,5.847333619005982
2018-07-03,2018-07-02,601668,3.618775013956603,3.604775884308802,3.5767776250132
2018-07-03,2018-07-02,603456,,,
2018-07-04,2018-07-03,002001,13.70715113870212,13.44384142967107,13.35356381514614
2018-07-04,2018-07-03,002080,5.48186685369103,5.449658470296841,5.423891763581489
2018-07-04,2018-07-03,002114,8.19,8.09,8.17
2018-07-04,2018-07-03,002124,2.870482930890925,2.795836802664446,2.775478767693589
2018-07-04,2018-07-03,002178,6.22,6.23,6.25
2018-07-04,2018-07-03,002271,9.312234624617787,9.099518605273726,9.18815028000042
2018-07-04,2018-07-03,002365,13.97671852195367,13.86935546068168,13.8010335125995
2018-07-04,2018-07-03,002742,9.350318432541943,9.418783107257209,9.379660435991342
2018-07-04,2018-07-03,002749,8.01464373625898,7.939192069285831,7.859548643036395
2018-07-04,2018-07-03,002755,9.272831455338581,9.158469710771197,9.196590292293658
2018-07-04,2018-07-03,002783,8.408209356183418,8.193365446966189,8.154302918017601
2018-07-04,2018-07-03,002838,11.06614596909373,11.10178573066892,11.04238612804361
2018-07-04,2018-07-03,002842,11.84094967902138,11.77307555371172,11.79775705382433
2018-07-04,2018-07-03,300074,4.28,4.12,4.09
2018-07-04,2018-07-03,300230,4.227983412131491,4.17040387149935,4.178629520161085
2018-07-04,2018-07-03,300237,6.924747253088178,6.844923077260072,6.834945055281558
2018-07-04,2018-07-03,300241,6.088503302516864,6.078619368584207,6.088503302516864
2018-07-04,2018-07-03,300284,5.70891264239932,5.605114230719332,5.619942575245045
2018-07-04,2018-07-03,300346,6.003156744435272,5.886428696626808,5.878090978926203
2018-07-04,2018-07-03,300349,17.08344388102312,16.89620362971754,16.98536565414877
2018-07-04,2018-07-03,300357,22.91987729959488,22.90399013880495,22.5862469230065
2018-07-04,2018-07-03,300387,6.620540091657948,6.610760859617095,6.512968539208558
2018-07-04,2018-07-03,300396,16.45539865038191,16.29572362304666,16.17153193511925
2018-07-04,2018-07-03,300401,18.91577407337648,18.60614086681823,18.78441453120025
2018-07-04,2018-07-03,300511,8.593978457217691,8.545149034165316,8.506085495723418
2018-07-04,2018-07-03,300547,12.53018775124896,12.34301482218465,12.14544339706123
2018-07-04,2018-07-03,300577,38.18557873731362,37.21531238288396,37.30860722465604
2018-07-04,2018-07-03,300639,5.562029076788247,5.48194027677491,5.537173931956522
2018-07-04,2018-07-03,600064,3.896033818232724,3.869673643549147,3.885489748359294
2018-07-04,2018-07-03,600230,21.82486514142927,21.46553027341614,21.51281117710207
2018-07-04,2018-07-03,600366,5.896553598963945,5.867021610989167,5.876865606980759
2018-07-04,2018-07-03,601668,3.562778495365398,3.513781541598094,3.534780236069796
2018-07-04,2018-07-03,603456,,,
2018-07-05,2018-07-04,002001,12.98493022250267,13.03759216430888,13.04511529885262
2018-07-05,2018-07-04,002080,5.378800026829624,5.385241703508462,5.443216793618002
2018-07-05,2018-07-04,002114,8.31,8.140000000000001,8.140000000000001
2018-07-05,2018-07-04,002124,2.741548709408826,2.748334721065778,2.761906744379684
2018-07-05,2018-07-04,002178,6.14,6.14,6.11
2018-07-05,2018-07-04,002271,8.679995344900716,8.774535797942521,8.98134303897147
2018-07-05,2018-07-04,002365,13.59606766835297,13.62534850324534,13.56678683346061
2018-07-05,2018-07-04,002742,9.19382774747848,9.13514374057968,9.096021069313815
2018-07-05,2018-07-04,002749,7.670919475603521,7.664631836689092,7.660440077412805
2018-07-05,2018-07-04,002755,9.063168256965046,9.05363811158443,9.063168256965046
2018-07-05,2018-07-04,002783,7.88086521537749,7.890630847614637,7.841802686428902
2018-07-05,2018-07-04,002838,11.33344418090759,11.2562246974947,11.16712529355675
2018-07-05,2018-07-04,002842,11.74839405359912,11.6249865530361,11.6003050529235
2018-07-05,2018-07-04,300074,4.01,4.13,4.08
2018-07-05,2018-07-04,300230,4.121049979528943,4.112824330867209,4.096373033543741
2018-07-05,2018-07-04,300237,6.864879121217098,6.884835165174125,6.814989011324532
2018-07-05,2018-07-04,300241,6.236762311506722,6.128039038247493,6.13792297218015
2018-07-05,2018-07-04,300284,5.545800852616483,5.568043369405051,5.597700058456477
2018-07-05,2018-07-04,300346,5.811389237321367,5.794713801920159,5.765531789968042
2018-07-05,2018-07-04,300349,16.94078464193315,16.80704160528632,16.78029299795694
2018-07-05,2018-07-04,300357,21.96664765219953,22.03019629535922,21.76541028219384
2018-07-05,2018-07-04,300387,6.503189307167704,6.473851611045143,6.444513914922582
2018-07-05,2018-07-04,300396,16.10056525630359,15.86105271530072,15.79008603648506
2018-07-05,2018-07-04,300401,18.53107827128896,18.38095308023042,18.23082788917187
2018-07-05,2018-07-04,300511,8.320533688124399,8.359597226566299,8.310767803513926
2018-07-05,2018-07-04,300547,11.62031934607528,12.78495090469759,12.78495090469759
2018-07-05,2018-07-04,300577,37.05671115187141,37.22464186706116,36.98207527845375
2018-07-05,2018-07-04,300639,5.385281380207091,5.363187918134447,5.371472966411687
2018-07-05,2018-07-04,600064,3.890761783296009,3.880217713422578,3.890761783296009
2018-07-05,2018-07-04,600230,21.17238867056331,21.3331437430955,21.38042464678145
2018-07-05,2018-07-04,600366,5.827645627022797,5.837489623014389,5.827645627022797
2018-07-05,2018-07-04,601668,3.506781976774193,3.520781106421995,3.527780671245895
2018-07-05,2018-07-04,603456,,7.98924710324406,7.98924710324406
2018-07-06,2018-07-05,002001,12.42069513172185,12.47335707352805,12.60877349531546
2018-07-06,2018-07-05,002080,5.204874756501002,5.172666373106812,5.26929152328938
2018-07-06,2018-07-05,002114,8.17,8.18,8.27
2018-07-06,2018-07-05,002124,2.714404662781016,2.694046627810158,2.694046627810158
2018-07-06,2018-07-05,002178,6.15,6.1,6.14
2018-07-06,2018-07-05,002271,8.939981590765681,8.851349916038988,8.886802585929665
2018-07-06,2018-07-05,002365,13.06901264029048,12.98117013561339,13.19589625815737
2018-07-06,2018-07-05,002742,9.076459733680881,8.900407712984485,8.910188380800951
2018-07-06,2018-07-05,002749,7.545166697314939,7.545166697314939,7.601755447544802
2018-07-06,2018-07-05,002755,8.910685930875202,8.958336657778279,8.958336657778279
2018-07-06,2018-07-05,002783,7.519536822603057,7.53906808707735,7.646490041685966
2018-07-06,2018-07-05,002838,11.07802588961879,11.07802588961879,11.1374254922441
2018-07-06,2018-07-05,002842,11.21774180117815,11.32880855168487,11.39051230196637
2018-07-06,2018-07-05,300074,4.1,4,4.04
2018-07-06,2018-07-05,300230,3.898957465662114,3.923634411647317,3.94831135763252
2018-07-06,2018-07-05,300237,6.785054945388993,6.7152087915394,6.725186813517913
2018-07-06,2018-07-05,300241,6.128039038247493,6.078619368584207,6.108271170382179
2018-07-06,2018-07-05,300284,5.486487474513632,5.486487474513632,5.553215024879339
2018-07-06,2018-07-05,300346,5.753025213417136,5.794713801920159,5.85307782582439
2018-07-06,2018-07-05,300349,16.16507502938148,16.1739912318246,16.45930971000453
2018-07-06,2018-07-05,300357,21.40530130428893,20.97105224269772,21.26231685717963
2018-07-06,2018-07-05,300387,6.30760466635063,6.327163130432337,6.405396986759167
2018-07-06,2018-07-05,300396,15.73686102737331,15.67476518340961,15.77234436678115
2018-07-06,2018-07-05,300401,17.92119468261363,17.5177332316438,17.84613208708436
2018-07-06,2018-07-05,300511,8.076386572862534,8.125215995914907,8.193577188188231
2018-07-06,2018-07-05,300547,12.78495090469759,13.05011255420535,12.8837366172593
2018-07-06,2018-07-05,300577,36.28236396516312,36.5995664271882,36.142421702505
2018-07-06,2018-07-05,300639,5.200248635348693,5.222342097421338,5.288622483639271
2018-07-06,2018-07-05,600064,3.774777014688269,3.795865154435131,3.827497364055423
2018-07-06,2018-07-05,600230,20.36861330790236,20.35915712716517,20.58610546485768
2018-07-06,2018-07-05,600366,5.640609703182538,5.640609703182538,5.689829683140501
2018-07-06,2018-07-05,601668,3.555778930541498,3.534780236069796,3.548779365717597
2018-07-06,2018-07-05,603456,7.98924710324406,7.194021118430415,7.194021118430415
2018-07-09,2018-07-06,002001,12.54106528442176,12.88712947343399,12.96236081887144
2018-07-09,2018-07-06,002080,5.372358350150786,5.417450086902652,5.468983500333355
2018-07-09,2018-07-06,002114,8.109999999999999,8.16,8.220000000000001
2018-07-09,2018-07-06,002124,2.64654454621149,2.707618651124064,2.714404662781016
2018-07-09,2018-07-06,002178,6.15,6.15,6.14
2018-07-09,2018-07-06,002271,9.223602949891095,9.241329284836434,9.48949797407117
2018-07-09,2018-07-06,002365,12.80548512625922,12.99093041391085,13.273978484537
2018-07-09,2018-07-06,002742,9.272073090010212,9.19382774747848,9.252511754377279
2018-07-09,2018-07-06,002749,7.503249104552077,7.629001882840661,7.597563688268515
2018-07-09,2018-07-06,002755,9.291891746099811,,
2018-07-09,2018-07-06,002783,7.656255673923113,7.724615099583141,7.773443260768874
2018-07-09,2018-07-06,002838,10.95922668436819,11.04832608830615,11.03644616778108
2018-07-09,2018-07-06,002842,11.24242330129075,11.32880855168487,11.37200117688192
2018-07-09,2018-07-06,300074,4.03,4.05,4.06
2018-07-09,2018-07-06,300230,3.940085708970786,3.997665249602928,4.0387934929116
2018-07-09,2018-07-06,300237,6.765098901431966,6.795032967367505,6.755120879453452
2018-07-09,2018-07-06,300241,6.058851500718893,6.06873543465155,6.088503302516864
2018-07-09,2018-07-06,300284,5.568043369405051,5.657013436559327,5.64959926429647
2018-07-09,2018-07-06,300346,5.744687495716531,5.786376084219554,5.865584402375297
2018-07-09,2018-07-06,300349,16.31665047091456,16.57522034176512,16.63763375886698
2018-07-09,2018-07-06,300357,20.71156194979565,21.11933241007033,21.36823126244578
2018-07-09,2018-07-06,300387,6.395617754718313,6.415176218800021,6.46407237900429
2018-07-09,2018-07-06,300396,15.6126693394459,15.71024852281744,15.87879438500464
2018-07-09,2018-07-06,300401,17.82736643820204,17.81798361376088,17.9962572781429
2018-07-09,2018-07-06,300511,8.437724303450096,8.476787841891994,8.515851380333894
2018-07-09,2018-07-06,300547,12.43140203868724,11.98426670814475,12.03625918844039
2018-07-09,2018-07-06,300577,35.51734626263204,35.81588975630271,36.12376273415058
2018-07-09,2018-07-06,300639,5.302430897434673,5.349379504339043,5.407374842279735
2018-07-09,2018-07-06,600064,3.832769398992139,3.869673643549147,3.885489748359294
2018-07-09,2018-07-06,600230,20.58610546485768,20.99272123655675,21.11565158614019
2018-07-09,2018-07-06,600366,5.650453699174131,5.758737655081648,5.768581651073242
2018-07-09,2018-07-06,601668,3.548779365717597,3.590776754661,3.590776754661
2018-07-09,2018-07-06,603456,7.194021118430415,6.676199546923855,6.768667684692884
2018-07-10,2018-07-09,000717,6.126664851971637,6.193259035145241,6.25033976357976
2018-07-10,2018-07-09,000792,10.56,10.58,10.7
2018-07-10,2018-07-09,000815,8.109999999999999,8.08,8.07
2018-07-10,2018-07-09,002001,13.09777724065883,13.12786977883381,13.15043918246504
2018-07-10,2018-07-09,002035,13.24762064926291,13.08406977704979,12.79545059079134
2018-07-10,2018-07-09,002271,9.099518605273726,9.069974713698162,9.016795708862146
2018-07-10,2018-07-09,002493,6.788746983133953,6.834221843308056,6.769257757345052
2018-07-10,2018-07-09,002627,5.671705258883773,5.694369415762431,5.649041102005118
2018-07-10,2018-07-09,002667,6.302212380888051,6.262261747728697,6.262261747728697
2018-07-10,2018-07-09,002682,5.23,5.23,5.21
2018-07-10,2018-07-09,002714,8.953122461920408,9.05876402489292,9.319095019360896
2018-07-10,2018-07-09,002749,7.679302994156093,7.69816591089938,7.639481281031377
2018-07-10,2018-07-09,002755,,,
2018-07-10,2018-07-09,002761,10.97145163323666,10.98289811381385,10.95428191237087
2018-07-10,2018-07-09,002775,6.15568176729075,6.14801591203883,6.125018346283075
2018-07-10,2018-07-09,002838,11.1374254922441,11.1196056114565,11.1196056114565
2018-07-10,2018-07-09,300241,6.128039038247493,6.118155104314837,6.108271170382179
2018-07-10,2018-07-09,300346,5.836402390423181,5.836402390423181,5.857246684674693
2018-07-10,2018-07-09,300349,16.9586170468194,17.09236008346624,16.97644945170564
2018-07-10,2018-07-09,300388,9.355276039746618,9.3460680908886,9.272404500024454
2018-07-10,2018-07-09,300396,16.12717776085946,16.18927360482317,16.08282358659967
2018-07-10,2018-07-09,300401,18.33403895802462,18.34342178246578,18.70935193567098
2018-07-10,2018-07-09,300458,5.643868696230792,6.206975777033865,6.206975777033865
2018-07-10,2018-07-09,300511,8.759998495595759,8.672105534101489,8.652573764880538
2018-07-10,2018-07-09,300567,53.31391718079681,54.07582606252311,53.00521272009736
2018-07-10,2018-07-09,300577,36.96341631009933,36.94475734174492,36.69286126896029
2018-07-10,2018-07-09,300616,88.83433536560533,88.83433536560533,90.00779201439765
2018-07-10,2018-07-09,300626,9.844762045474408,9.844762045474408,9.805065424323303
2018-07-10,2018-07-09,300639,5.432229987111461,5.454323449184105,5.48194027677491
2018-07-10,2018-07-09,600167,7.061007326001853,7.094663223647237,7.081200864589084
2018-07-10,2018-07-09,600366,5.827645627022797,5.817801631031204,5.847333619005982
2018-07-10,2018-07-09,600527,1.872496011897165,1.872496011897165,1.864790266992238
2018-07-11,2018-07-10,000717,6.307420492014278,6.079097578276205,6.126664851971637
2018-07-11,2018-07-10,000792,10.81,10.57,10.51
2018-07-11,2018-07-10,000815,8.16,8.01,7.98
2018-07-11,2018-07-10,002001,13.210624258815,12.8720832043465,12.91722201160897
2018-07-11,2018-07-10,002035,13.03596657934005,12.49721076499094,12.57417588132652
2018-07-11,2018-07-10,002271,9.324052181248012,8.98134303897147,9.022704487177259
2018-07-11,2018-07-10,002493,6.853711069096958,6.723782897170949,6.749768531556151
2018-07-11,2018-07-10,002627,5.654707141224781,5.524388239172507,5.524388239172507
2018-07-11,2018-07-10,002667,6.292224722598213,6.172372823120152,6.092471556801444
2018-07-11,2018-07-10,002682,5.23,5.11,5.12
2018-07-11,2018-07-10,002714,9.270047150837945,8.96444120081032,9.205907630461775
2018-07-11,2018-07-10,002749,7.691878271984953,7.534687299124225,7.528399660209795
2018-07-11,2018-07-10,002755,,,
2018-07-11,2018-07-10,002761,11.33773901170674,11.05730023756558,11.00006783467963
2018-07-11,2018-07-10,002775,6.14801591203883,5.918040254481268,5.925706109733188
2018-07-11,2018-07-10,002838,11.13148553198157,11.04238612804361,10.94734676384313
2018-07-11,2018-07-10,300241,6.078619368584207,5.960012161392321,5.979780029257634
2018-07-11,2018-07-10,300346,5.865584402375297,5.711336624914113,5.719674342614717
2018-07-11,2018-07-10,300349,17.35984615675992,16.94078464193315,16.94078464193315
2018-07-11,2018-07-10,300388,9.355276039746618,9.069829625148051,8.858046801413629
2018-07-11,2018-07-10,300396,16.30459445789862,15.89653605470856,15.98524440322814
2018-07-11,2018-07-10,300401,18.55922674461244,18.00564010258406,17.8367492626432
2018-07-11,2018-07-10,300458,6.206975777033865,6.827673354737251,6.827673354737251
2018-07-11,2018-07-10,300511,8.701403187932911,8.476787841891994,8.467021957281519
2018-07-11,2018-07-10,300567,51.92803119765671,50.2203043937874,51.13984959587088
2018-07-11,2018-07-10,300577,37.11268805693467,35.54533471516367,36.44096519617567
2018-07-11,2018-07-10,300616,93.3998151398129,90.72286715975545,90.76870531009891
2018-07-11,2018-07-10,300626,9.844762045474408,9.378326746948906,9.318781815222248
2018-07-11,2018-07-10,300639,5.67525806991055,5.53441224919744,5.539935614715602
2018-07-11,2018-07-10,600167,7.061007326001853,6.85907194012954,6.899459017304003
2018-07-11,2018-07-10,600366,5.876865606980759,5.689829683140501,5.739049663098464
2018-07-11,2018-07-10,600527,1.872496011897165,1.833967287372531,1.787732817942972
2018-07-12,2018-07-11,000717,6.231312854101587,6.374014675187883,6.354987765709709
2018-07-12,2018-07-11,000792,10.43,10.5,10.52
2018-07-12,2018-07-11,000815,8,8.06,8.140000000000001
2018-07-12,2018-07-11,002001,12.87960633889025,13.05263843339637,13.09025410611509
2018-07-12,2018-07-11,002035,12.89165698621082,13.03596657934005,12.69924419537185
2018-07-12,2018-07-11,002271,9.040430822122598,9.075883492013274,9.099518605273726
2018-07-12,2018-07-11,002493,6.860207477693258,6.866703886289558,6.834221843308056
2018-07-12,2018-07-11,002627,5.513056160733179,5.524388239172507,5.552718435270828
2018-07-12,2018-07-11,002667,6.112446873381121,6.112446873381121,6.142409848250637
2018-07-12,2018-07-11,002682,5.04,5.09,5.09
2018-07-12,2018-07-11,002714,9.620928056425216,9.711477967544512,9.662430099021561
2018-07-12,2018-07-11,002749,7.56612549369637,7.547262576953082,7.576604891887085
2018-07-12,2018-07-11,002755,,,
2018-07-12,2018-07-11,002761,10.94283543179368,11.0401305166998,11.00006783467963
2018-07-12,2018-07-11,002775,5.895042688725512,6.010030517504293,5.979367096496619
2018-07-12,2018-07-11,002838,10.80478771754241,10.78696783675482,10.92952688305554
2018-07-12,2018-07-11,300241,5.920476425661692,5.999547897122949,5.979780029257634
2018-07-12,2018-07-11,300346,5.652972601009881,5.72384320146502,5.736349778015926
2018-07-12,2018-07-11,300349,17.35984615675992,18.78643854765956,18.50112006947963
2018-07-12,2018-07-11,300388,8.62784807996317,8.848838852555611,8.894878596845702
2018-07-12,2018-07-11,300396,15.96750273352422,15.99411523808009,16.20701527452708
2018-07-12,2018-07-11,300401,17.80860078931972,17.82736643820204,18.04317140034869
2018-07-12,2018-07-11,300458,6.827673354737251,6.878864907537531,6.958851708787967
2018-07-12,2018-07-11,300511,8.506085495723418,8.525617264944367,8.506085495723418
2018-07-12,2018-07-11,300567,51.56021311682333,51.73098579721026,51.36316771637687
2018-07-12,2018-07-11,300577,36.84213301579562,36.72084972149192,36.84213301579562
2018-07-12,2018-07-11,300616,88.88017351594878,90.42950299755738,90.75953768003021
2018-07-12,2018-07-11,300626,9.42794752338779,9.318781815222248,9.338630125797801
2018-07-12,2018-07-11,300639,5.550982345751924,5.606216000933536,5.68354311818779
2018-07-12,2018-07-11,600167,7.061007326001853,7.18216855752524,7.141781480350777
2018-07-12,2018-07-11,600366,5.689829683140501,5.748893659090056,5.768581651073242
2018-07-12,2018-07-11,600527,1.780027073038045,1.787732817942972,1.787732817942972
2018-07-13,2018-07-12,000717,6.374014675187883,6.374014675187883,6.326447401492451
2018-07-13,2018-07-12,000792,10.7,10.71,10.62
2018-07-13,2018-07-12,000815,8.16,8.27,8.16
2018-07-13,2018-07-12,002001,13.38365635332112,13.30090187333993,13.30090187333993
2018-07-13,2018-07-12,002035,13.44003344010188,13.84410030086371,14.02689245216073
2018-07-13,2018-07-12,002271,9.264964398096884,9.530859422276961,9.61358231868854
2018-07-13,2018-07-12,002493,6.918675155059962,6.89268952067476,6.88619311207846
2018-07-13,2018-07-12,002627,5.615044866687133,5.615044866687133,5.615044866687133
2018-07-13,2018-07-12,002667,6.212323456279505,6.252274089438859,6.222311114569345
2018-07-13,2018-07-12,002682,5.16,5.17,5.16
2018-07-13,2018-07-12,002714,9.564334361975657,9.602063491608696,9.628473882351825
2018-07-13,2018-07-12,002749,7.723316466557097,7.719124707280811,7.79457637425396
2018-07-13,2018-07-12,002755,,,
2018-07-13,2018-07-12,002761,11.0344072764112,11.05730023756558,11.00579107496823
2018-07-13,2018-07-12,002775,6.086689070023481,6.063691504267725,6.071357359519643
2018-07-13,2018-07-12,002838,11.14930541276916,11.08396584988133,11.1374254922441
2018-07-13,2018-07-12,300241,6.157690840045466,6.128039038247493,6.098387236449521
2018-07-13,2018-07-12,300346,5.85307782582439,5.836402390423181,5.840571249273483
2018-07-13,2018-07-12,300349,18.27821500840156,18.42087424749153,18.31387981817405
2018-07-13,2018-07-12,300388,9.032997829715978,9.097453471722106,9.244780653450398
2018-07-13,2018-07-12,300396,16.42878614582603,16.48201115493778,16.57959033830932
2018-07-13,2018-07-12,300401,18.48416414908317,18.49354697352433,18.43725002687737
2018-07-13,2018-07-12,300458,7.192413168439241,7.080431646688631,7.278798913789712
2018-07-13,2018-07-12,300511,8.867423226310979,8.779530264816708,8.769764380206235
2018-07-13,2018-07-12,300567,52.67680371935326,52.67023553933838,53.31391718079681
2018-07-13,2018-07-12,300577,37.36458412971928,38.17624925313641,37.95234163288341
2018-07-13,2018-07-12,300616,93.81235849290395,92.9597688965158,93.06978045734007
2018-07-13,2018-07-12,300626,9.904306977201069,9.725672182021089,9.705823871445535
2018-07-13,2018-07-12,300639,5.77744033199653,5.782963697514692,5.785725380273772
2018-07-13,2018-07-12,600167,7.054276146472776,7.040813787414622,7.054276146472776
2018-07-13,2018-07-12,600366,5.886709602972353,5.906397594955537,5.886709602972353
2018-07-13,2018-07-12,600527,1.818555797562678,1.810850052657752,1.810850052657752
2018-07-16,2018-07-13,000717,6.354987765709709,6.354987765709709,6.326447401492451
2018-07-16,2018-07-13,000792,10.65,9.91,9.77
2018-07-16,2018-07-13,000815,8.32,8.41,8.279999999999999
2018-07-16,2018-07-13,002001,13.71467427324587,13.63191979326468,13.54164217873975
2018-07-16,2018-07-13,002035,14.04613373124462,14.89275001093608,14.65223402238737
2018-07-16,2018-07-13,002271,10.05083191400689,9.979926574225535,9.96810901759531
2018-07-16,2018-07-13,002493,6.938164380848863,6.977142832426666,6.918675155059962
2018-07-16,2018-07-13,002627,5.586714670588812,5.581048631369148,5.62637694512646
2018-07-16,2018-07-13,002667,6.31220003917789,6.332175355757567,6.282237064308375
2018-07-16,2018-07-13,002682,5.16,5.17,5.11
2018-07-16,2018-07-13,002714,9.715250880507817,9.847302834223457,9.764298749030768
2018-07-16,2018-07-13,002749,7.79457637425396,7.809247531720962,7.737987624024099
2018-07-16,2018-07-13,002755,,,
2018-07-16,2018-07-13,002761,10.97145163323666,11.00579107496823,10.9256657109279
2018-07-16,2018-07-13,002775,6.086689070023481,6.079023214771562,6.03302808326005
2018-07-16,2018-07-13,002838,11.06020600883121,11.0008064062059,11.03050620751855
2018-07-16,2018-07-13,300241,5.979780029257634,6.019315764988264,5.960012161392321
2018-07-16,2018-07-13,300346,5.828064672722577,5.861415543524995,5.828064672722577
2018-07-16,2018-07-13,300349,18.24255019862907,18.29604741328781,18.45653905726401
2018-07-16,2018-07-13,300388,9.465771426042838,9.576266812339059,9.521019119190948
2018-07-16,2018-07-13,300396,16.67716952168085,16.55297783375344,16.48201115493778
2018-07-16,2018-07-13,300401,18.38095308023042,17.72415536934929,17.80860078931972
2018-07-16,2018-07-13,300458,7.509160901390969,7.368384131190202,7.550754038041197
2018-07-16,2018-07-13,300511,8.818593803258606,8.125215995914907,7.93966418831589
2018-07-16,2018-07-13,300567,53.30078082076705,53.85907612203201,53.64232618154091
2018-07-16,2018-07-13,300577,39.09053870250283,39.24913993351537,39.41707064870511
2018-07-16,2018-07-13,300616,95.61838161643587,97.14937583790709,98.46951456779843
2018-07-16,2018-07-13,300626,9.606582318567769,9.477568299826673,9.507340765690003
2018-07-16,2018-07-13,300639,5.824388938900899,5.838197352696302,5.733253407851241
2018-07-16,2018-07-13,600167,7.054276146472776,7.11485676223447,7.034082607885544
2018-07-16,2018-07-13,600366,5.91624159094713,5.935929582930315,5.91624159094713
2018-07-16,2018-07-13,600527,1.818555797562678,1.810850052657752,1.803144307752825
2018-07-17,2018-07-16,000576,7.350630394850725,7.340803348868304,7.448900854674933
2018-07-17,2018-07-16,002014,4.237446665716879,4.269695118271802,4.230996975205894
2018-07-17,2018-07-16,002035,14.60413082467763,13.99803053353488,13.99803053353488
2018-07-17,2018-07-16,002080,5.681558830735004,5.630025417304301,5.604258710588949
2018-07-17,2018-07-16,002124,2.816194837635304,2.795836802664446,2.816194837635304
2018-07-17,2018-07-16,002271,9.944473904334856,9.826298338032601,9.731757884990795
2018-07-17,2018-07-16,002461,4.598346983915949,4.589223279582782,4.507109940584283
2018-07-17,2018-07-16,002511,9.519399601733308,9.451817657299095,9.393890276355487
2018-07-17,2018-07-16,002627,5.62637694512646,5.56971655292982,5.56971655292982
2018-07-17,2018-07-16,002691,11.22822155683608,11.20824251492001,11.21823203587804
2018-07-17,2018-07-16,002734,9.874868162422835,9.802125118869077,9.847589521090176
2018-07-17,2018-07-16,002755,,,
2018-07-17,2018-07-16,002760,15.81238622544423,15.85150159025671,16.23287639717837
2018-07-17,2018-07-16,002775,6.010030517504293,6.010030517504293,5.948703675488943
2018-07-17,2018-07-16,002838,11.04832608830615,11.03050620751855,10.98892648568084
2018-07-17,2018-07-16,300074,3.92,3.91,3.93
2018-07-17,2018-07-16,300158,3.50452706830001,3.467244865445755,3.474701306016606
2018-07-17,2018-07-16,300180,8.124534361704068,8.157695726445718,8.071476178117429
2018-07-17,2018-07-16,300241,6.019315764988264,6.009431831055607,6.02919969892092
2018-07-17,2018-07-16,300346,5.978143591333458,5.840571249273483,5.79888266077046
2018-07-17,2018-07-16,300349,18.27821500840156,18.38520943771903,18.36737703283279
2018-07-17,2018-07-16,300511,7.93966418831589,7.773644149937819,7.871302996042567
2018-07-17,2018-07-16,300514,16.74146298478622,17.77896209933635,17.49600779536814
2018-07-17,2018-07-16,300554,35.25532230808275,32.83787087637823,32.56159071275485
2018-07-17,2018-07-16,300567,53.33362172084146,53.20225812054382,52.44691741883238
2018-07-17,2018-07-16,300577,38.66138243035124,38.62406449364241,38.58674655693358
2018-07-17,2018-07-16,300616,95.89341051849657,95.27917930389435,94.88497121094068
2018-07-17,2018-07-16,300626,9.566885697416664,9.576809852704439,9.54703738684111
2018-07-17,2018-07-16,300627,11.21112556858786,11.07884090111189,11.05521863906261
2018-07-17,2018-07-16,600064,3.769504979751554,3.769504979751554,3.743144805067976
2018-07-17,2018-07-16,600527,1.810850052657752,1.818555797562678,1.803144307752825
2018-07-18,2018-07-17,000576,7.537344268516719,7.458727900657354,7.615960636376085
2018-07-18,2018-07-17,002014,4.243896356227864,4.256795737249832,4.263245427760817
2018-07-18,2018-07-17,002035,14.32513227796113,13.87296221948955,13.63244623094084
2018-07-18,2018-07-17,002080,5.675117154056166,5.675117154056166,5.69444218409268
2018-07-18,2018-07-17,002124,2.816194837635304,2.802622814321399,2.802622814321399
2018-07-18,2018-07-17,002271,9.737666663305911,9.601764762058314,9.578129648797864
2018-07-18,2018-07-17,002461,4.580099575249615,4.589223279582782,4.616594392582281
2018-07-18,2018-07-17,002511,9.683527181073538,9.606290673148724,9.654563490601733
2018-07-18,2018-07-17,002627,5.552718435270828,5.541386356831499,5.535720317611835
2018-07-18,2018-07-17,002691,11.29814820354236,11.23821107779412,11.16828443108785
2018-07-18,2018-07-17,002734,9.883961042867055,9.965796966865037,10.03854001041879
2018-07-18,2018-07-17,002755,,,
2018-07-18,2018-07-17,002760,16.28177060319397,16.29154944439708,16.13508798514717
2018-07-18,2018-07-17,002775,5.948703675488943,5.941037820237025,5.956369530740862
2018-07-18,2018-07-17,002838,10.95922668436819,10.95922668436819,10.98892648568084
2018-07-18,2018-07-17,300074,3.97,3.98,3.98
2018-07-18,2018-07-17,300158,3.474701306016606,3.467244865445755,3.482157746587457
2018-07-18,2018-07-17,300180,8.124534361704068,8.091372996962418,8.124534361704068
2018-07-18,2018-07-17,300241,6.048967566786235,6.019315764988264,6.02919969892092
2018-07-18,2018-07-17,300346,5.819726955021973,5.85307782582439,5.878090978926203
2018-07-18,2018-07-17,300349,18.39412564016216,18.39412564016216,18.36737703283279
2018-07-18,2018-07-17,300511,7.988493611368262,7.988493611368262,7.949430072926364
2018-07-18,2018-07-17,300514,17.73180304867498,17.86384839052682,17.41112150417767
2018-07-18,2018-07-17,300554,33.75551570555587,33.1141510400016,33.3410954601208
2018-07-18,2018-07-17,300567,51.94773573770136,52.15134931816271,53.79339432188319
2018-07-18,2018-07-17,300577,38.55875810440195,38.67071191452845,38.81065417718658
2018-07-18,2018-07-17,300616,95.3066821941004,96.16843942055726,95.81090184787836
2018-07-18,2018-07-17,300626,9.765368803172196,9.834837890186632,9.834837890186632
2018-07-18,2018-07-17,300627,11.14025878244002,11.31506352160468,11.2914412595554
2018-07-18,2018-07-17,600064,3.711512595447684,3.737872770131261,3.743144805067976
2018-07-18,2018-07-17,600527,1.810850052657752,1.803144307752825,1.810850052657752
2018-07-19,2018-07-18,000576,7.625787682358506,7.517690176551878,7.527517222534299
2018-07-19,2018-07-18,002014,4.276144808782786,4.301943570826725,4.289044189804756
2018-07-19,2018-07-18,002035,13.24762064926291,13.08406977704979,12.80507123033328
2018-07-19,2018-07-18,002080,5.688000507413842,5.675117154056166,5.700883860771517
2018-07-19,2018-07-18,002124,2.870482930890925,2.870482930890925,2.856910907577019
2018-07-19,2018-07-18,002271,9.483589195756059,9.672670101839669,10.03901435737666
2018-07-19,2018-07-18,002461,4.744326253246614,4.680460322914447,4.716955140247114
2018-07-19,2018-07-18,002511,9.393890276355487,9.393890276355487,9.393890276355487
2018-07-19,2018-07-18,002627,5.450729729316873,5.445063690097209,5.484725964634858
2018-07-19,2018-07-18,002691,10.83863023947255,10.15934281432589,10.37911227540275
2018-07-19,2018-07-18,002734,9.920332564643935,9.920332564643935,9.929425445088155
2018-07-19,2018-07-18,002755,,,
2018-07-19,2018-07-18,002760,16.67292425131875,16.37955901522516,16.448010903647
2018-07-19,2018-07-18,002775,6.017696372756212,6.002364662252375,6.03302808326005
2018-07-19,2018-07-18,002838,10.96516664463072,11.04832608830615,10.92952688305554
2018-07-19,2018-07-18,300074,3.95,3.88,3.92
2018-07-19,2018-07-18,300158,3.459788424874904,3.444875543733202,3.459788424874904
2018-07-19,2018-07-18,300180,8.044947086324111,8.0648439051691,8.078108451065759
2018-07-19,2018-07-18,300241,6.009431831055607,5.979780029257634,5.979780029257634
2018-07-19,2018-07-18,300346,5.823895813872275,5.782207225369251,5.79888266077046
2018-07-19,2018-07-18,300349,18.53678487925212,18.30496361573093,18.43870665237777
2018-07-19,2018-07-18,300511,7.842005342211142,7.861537111432092,7.881068880653041
2018-07-19,2018-07-18,300514,16.95839461782852,16.81691746584441,16.97725823809307
2018-07-19,2018-07-18,300554,32.31491199523398,32.32477914393481,32.68986364586571
2018-07-19,2018-07-18,300567,54.90998492441312,53.62918982151115,53.51096258124326
2018-07-19,2018-07-18,300577,38.67071191452845,38.62406449364241,38.42814532592103
2018-07-19,2018-07-18,300616,95.12332959272662,95.16000011300137,95.41669375492469
2018-07-19,2018-07-18,300626,9.775292958459971,9.81498957961108,9.765368803172196
2018-07-19,2018-07-18,300627,10.98435185291478,10.98435185291478,11.03159637701333
2018-07-19,2018-07-18,600064,3.737872770131261,3.737872770131261,3.748416840004692
2018-07-19,2018-07-18,600527,1.810850052657752,1.803144307752825,1.810850052657752
2018-07-20,2018-07-19,000576,7.144262429219889,7.15408947520231,7.173743567167151
2018-07-20,2018-07-19,002014,4.263245427760817,4.250346046738848,4.269695118271802
2018-07-20,2018-07-19,002035,13.31496512605655,13.0263459397981,13.17065553292732
2018-07-20,2018-07-19,002080,5.539841943800571,5.51407523708522,5.501191883727543
2018-07-20,2018-07-19,002124,2.795836802664446,2.761906744379684,2.761906744379684
2018-07-20,2018-07-19,002271,9.725849106675685,9.542676978907187,9.566312092167639
2018-07-20,2018-07-19,002461,4.707831435913947,4.662212914248115,4.643965505581781
2018-07-20,2018-07-19,002511,9.538708728714512,9.442163093808494,9.413199403336689
2018-07-20,2018-07-19,002627,5.445063690097209,5.462061807756202,5.450729729316873
2018-07-20,2018-07-19,002691,10.31917514965451,10.55892365264746,10.55892365264746
2018-07-20,2018-07-19,002734,9.665731912205779,9.693010553538437,9.711196314426877
2018-07-20,2018-07-19,002755,,,
2018-07-20,2018-07-19,002760,16.34044365041268,16.37955901522516,16.61425120410003
2018-07-20,2018-07-19,002775,6.010030517504293,5.948703675488943,5.933371964985106
2018-07-20,2018-07-19,002838,10.91764696253048,10.82260759833,10.91764696253048
2018-07-20,2018-07-19,300074,3.82,3.82,3.8
2018-07-20,2018-07-19,300158,3.36285469745384,3.347941816312138,3.333028935170435
2018-07-20,2018-07-19,300180,8.044947086324111,8.038314813375779,8.01841799453079
2018-07-20,2018-07-19,300241,5.940244293527005,5.831521020267776,5.880940689931062
2018-07-20,2018-07-19,300346,5.882259837776506,5.794713801920159,5.807220378471065
2018-07-20,2018-07-19,300349,18.25146640107219,18.25146640107219,18.18905298397033
2018-07-20,2018-07-19,300511,7.715048842274972,7.666219419222598,7.597858226949276
2018-07-20,2018-07-19,300514,16.29816790856935,16.37362238962753,16.12839532618841
2018-07-20,2018-07-19,300554,32.80826943027572,32.24584195432814,32.13730331861895
2018-07-20,2018-07-19,300567,50.77203151503749,49.65544091250756,50.19403167372788
2018-07-20,2018-07-19,300577,38.157590284782,38.13893131642758,37.79374040187087
2018-07-20,2018-07-19,300616,93.03310993706532,94.25240473620107,95.29751456403173
2018-07-20,2018-07-19,300626,9.963851908927728,9.934079443064398,10.42036305216545
2018-07-20,2018-07-19,300627,10.88041389989795,10.82372047097968,10.88041389989795
2018-07-20,2018-07-19,600064,3.700968525574252,3.674608350890675,3.66933631595396
2018-07-20,2018-07-19,600527,1.795438562847898,1.787732817942972,1.787732817942972
2018-07-23,2018-07-20,000576,6.996856739483579,6.996856739483579,6.790488773852743
2018-07-23,2018-07-20,002014,4.327742332870663,4.314842951848695,4.327742332870663
2018-07-23,2018-07-20,002035,13.18989681201122,13.18027617246927,13.37268896330824
2018-07-23,2018-07-20,002080,5.604258710588949,5.57205032719476,5.578492003873598
2018-07-23,2018-07-20,002124,2.829766860949209,2.877268942547877,2.91119900083264
2018-07-23,2018-07-20,002271,9.660852545209444,9.820389559717489,9.867659786238391
2018-07-23,2018-07-20,002461,4.671336618581281,4.653089209914947,4.616594392582281
2018-07-23,2018-07-20,002511,9.471126784280301,9.538708728714512,9.615945236639327
2018-07-23,2018-07-20,002627,5.581048631369148,5.513056160733179,5.581048631369148
2018-07-23,2018-07-20,002691,10.38910179636079,10.1893113772,10.12937425145177
2018-07-23,2018-07-20,002734,9.811217999313296,9.774846477536418,9.774846477536418
2018-07-23,2018-07-20,002755,,,
2018-07-23,2018-07-20,002760,16.43823206244388,16.26221292078773,16.0959726203347
2018-07-23,2018-07-20,002775,6.056025649015806,6.025362228008131,6.017696372756212
2018-07-23,2018-07-20,002838,11.06020600883121,11.01862628699349,11.11366565119398
2018-07-23,2018-07-20,300074,3.92,3.89,3.87
2018-07-23,2018-07-20,300158,3.400136900308095,3.37031113802469,3.377767578595542
2018-07-23,2018-07-20,300180,8.237283001825675,8.224018455929016,8.296973458360645
2018-07-23,2018-07-20,300241,5.880940689931062,5.841404954200433,5.861172822065748
2018-07-23,2018-07-20,300346,5.911441849728622,5.894766414327413,5.94479272053104
2018-07-23,2018-07-20,300349,18.42087424749153,18.65269551101272,19.0004274062945
2018-07-23,2018-07-20,300511,7.724814726885446,7.646687650001649,7.597858226949276
2018-07-23,2018-07-20,300514,16.32646333896617,16.37362238962753,16.26987247817252
2018-07-23,2018-07-20,300554,32.33464629263565,31.98929608810644,30.59802812128873
2018-07-23,2018-07-20,300567,52.55857647908538,53.66859890160043,55.49455294573761
2018-07-23,2018-07-20,300577,37.78441091769366,38.23222615819966,37.46720845566858
2018-07-23,2018-07-20,300616,95.7742313276036,97.17687872811315,96.36095965199975
2018-07-23,2018-07-20,300626,10.12263839353215,10.00354853007883,9.953927753639951
2018-07-23,2018-07-20,300627,11.06939199629218,11.09773871075131,11.21112556858786
2018-07-23,2018-07-20,600064,3.769504979751554,3.748416840004692,3.743144805067976
2018-07-23,2018-07-20,600527,1.803144307752825,1.795438562847898,1.795438562847898
2018-07-24,2018-07-23,000576,6.643083084116431,6.770834681887901,6.692218314028534
2018-07-24,2018-07-23,002035,13.35344768422434,13.40155088193408,13.41117152147603
2018-07-24,2018-07-23,002077,5.35,5.36,5.37
2018-07-24,2018-07-23,002139,5.617354642516752,5.617354642516752,5.59808412916335
2018-07-24,2018-07-23,002271,10.16309870199403,10.5176254009008,10.91351354801336
2018-07-24,2018-07-23,002440,10.18747433560322,10.14329621619471,10.18747433560322
2018-07-24,2018-07-23,002511,9.335962895411877,9.287690077958866,9.29734464144947
2018-07-24,2018-07-23,002691,10.24924850294824,10.29919610773844,10.21927994007412
2018-07-24,2018-07-23,002737,16.9653784972674,16.85313119151989,16.83709586212738
2018-07-24,2018-07-23,002755,,,
2018-07-24,2018-07-23,002798,19.49620160161281,19.4729849280771,19.37431406555034
2018-07-24,2018-07-23,002838,11.06020600883121,11.06020600883121,11.06020600883121
2018-07-24,2018-07-23,002842,12.67395030782174,12.66160955776544,12.7294836830751
2018-07-24,2018-07-23,300074,3.9,3.91,3.9
2018-07-24,2018-07-23,300098,8.439290085370713,8.558996327716395,8.469216645957133
2018-07-24,2018-07-23,300110,4.565026206017987,4.535700555872261,4.52592533915702
2018-07-24,2018-07-23,300241,5.880940689931062,5.900708557796376,5.890824623863719
2018-07-24,2018-07-23,300259,3.26059739660827,3.251879221751028,3.269315571465511
2018-07-24,2018-07-23,300357,21.48473710823854,21.28879545849617,20.49973313926335
2018-07-24,2018-07-23,300375,3.503988800726497,3.486951578032527,3.503988800726497
2018-07-24,2018-07-23,300388,10.25765502783242,10.48785374928287,10.52468554471494
2018-07-24,2018-07-23,300396,16.14491943056338,16.26911111849079,16.26911111849079
2018-07-24,2018-07-23,300401,17.08612330735048,17.36760804058525,17.11427178067396
2018-07-24,2018-07-23,300511,7.754112380716871,7.763878265327345,7.832239457600667
2018-07-24,2018-07-23,300547,11.29276672021275,11.26157123203537,11.20957875173973
2018-07-24,2018-07-23,300577,37.31793670883324,37.11268805693467,37.45787897149137
2018-07-24,2018-07-23,300616,96.27845098138154,96.06759548980168,96.06759548980168
2018-07-24,2018-07-23,300627,11.36230804570324,11.33868578365396,11.21112556858786
2018-07-24,2018-07-23,300639,5.53441224919744,5.495748690570313,5.459846814702265
2018-07-24,2018-07-23,300648,26.67637070914763,26.77590940582355,26.49720105513097
2018-07-24,2018-07-23,300650,10.15652962823953,10.13362877225702,10.13362877225702
2018-07-24,2018-07-23,600064,3.801137189371846,3.801137189371846,3.832769398992139
2018-07-24,2018-07-23,600366,5.935929582930315,5.9556175749135,5.975305566896686
2018-07-24,2018-07-23,600527,1.826261542467605,1.818555797562678,1.841673032277458
2018-07-24,2018-07-23,601100,14.58000173573166,15.05337841546321,14.88927449982294
2018-07-25,2018-07-24,000576,6.731526497958217,6.849451049747266,6.829796957782426
2018-07-25,2018-07-24,002035,14.04613373124462,13.93068605674124,13.98840989399293
2018-07-25,2018-07-24,002077,5.56,5.51,5.54
2018-07-25,2018-07-24,002139,5.646260412546856,5.626989899193454,5.675166182576959
2018-07-25,2018-07-24,002271,10.99032766610983,10.81897309497155,10.85442576486223
2018-07-25,2018-07-24,002440,10.4348718042909,10.35535118935557,10.36418681323727
2018-07-25,2018-07-24,002511,9.355272022393079,9.36492658588368,9.490435911261503
2018-07-25,2018-07-24,002691,10.53894461073138,10.4690179640251,10.73873502989216
2018-07-25,2018-07-24,002737,17.654897661145,17.52661502600498,17.58273867887874
2018-07-25,2018-07-24,002755,,,
2018-07-25,2018-07-24,002798,19.72836833696992,19.66452248474672,19.83864753626454
2018-07-25,2018-07-24,002838,11.58886247219639,11.55322271062121,11.55322271062121
2018-07-25,2018-07-24,002842,12.83438005855366,12.69246143290619,12.80352818341291
2018-07-25,2018-07-24,300074,3.99,4.03,4.08
2018-07-25,2018-07-24,300098,8.459241125761659,8.489167686348079,8.5190942469345
2018-07-25,2018-07-24,300110,4.653003156455165,4.643227939739923,4.692104023316133
2018-07-25,2018-07-24,300241,5.950128227459662,5.979780029257634,5.989663963190291
2018-07-25,2018-07-24,300259,3.295470096037235,3.304188270894477,3.3303427954662
2018-07-25,2018-07-24,300357,21.57476435271477,21.3152740598127,21.74952312140392
2018-07-25,2018-07-24,300375,3.555100468808407,3.572137691502377,3.606212136890317
2018-07-25,2018-07-24,300388,10.11953579496214,10.21161528354232,10.13795169267818
2018-07-25,2018-07-24,300396,16.6239445125691,16.65942785197694,16.63281534742106
2018-07-25,2018-07-24,300401,17.68662407158466,17.91181185817247,17.87428056040783
2018-07-25,2018-07-24,300511,7.93966418831589,8.037323034420636,7.988493611368262
2018-07-25,2018-07-24,300547,11.36555619262665,11.67751107440048,12.50419151110114
2018-07-25,2018-07-24,300577,37.34592516136487,37.30860722465604,37.16866496199792
2018-07-25,2018-07-24,300616,98.36867063704284,97.83694809305882,99.66130647672811
2018-07-25,2018-07-24,300627,11.62215292824531,11.6127040234256,11.55128614209747
2018-07-25,2018-07-24,300639,5.556505711270085,5.492987007811233,5.523365518161119
2018-07-25,2018-07-24,300648,26.90530971150226,27.02475614751337,27.05461775651614
2018-07-25,2018-07-24,300650,10.20805655420016,10.26530869415641,10.33401126210392
2018-07-25,2018-07-24,600064,3.864401608612432,3.859129573675717,3.838041433928855
2018-07-25,2018-07-24,600366,6.103277514787389,6.083589522804203,6.093433518795797
2018-07-25,2018-07-24,600527,1.895613246611944,1.887907501707018,1.880201756802091
2018-07-25,2018-07-24,601100,15.44470313737462,15.27428753267126,15.29953428892361
2018-07-26,2018-07-25,000576,6.741353543940638,6.829796957782426,6.996856739483579
2018-07-26,2018-07-25,002035,13.69979070773448,13.5843430332311,13.62282559139889
2018-07-26,2018-07-25,002077,5.67,5.76,5.82
2018-07-26,2018-07-25,002139,5.59808412916335,5.607719385840052,5.521002075749742
2018-07-26,2018-07-25,002271,10.64761852383328,10.7480677551902,10.48217273101012
2018-07-26,2018-07-25,002440,10.29350182218365,10.32884431771046,10.29350182218365
2018-07-26,2018-07-25,002511,9.36492658588368,9.480781347770902,9.36492658588368
2018-07-26,2018-07-25,002691,10.54893413168942,10.62885029935373,10.49898652689922
2018-07-26,2018-07-25,002737,17.93551592551379,18.0317279018688,17.87939227264003
2018-07-26,2018-07-25,002755,,,
2018-07-26,2018-07-25,002798,19.71095583181814,19.4729849280771,19.53683078030031
2018-07-26,2018-07-25,002838,11.38096386300784,11.39878374379543,11.3750239027453
2018-07-26,2018-07-25,002842,12.68629105787804,12.71097255799065,12.42713530669571
2018-07-26,2018-07-25,300074,4.07,4.26,4.21
2018-07-26,2018-07-25,300098,8.479192166152606,8.40936352478429,8.269706242047658
2018-07-26,2018-07-25,300110,4.672553589885649,4.662778373170407,4.721429673461858
2018-07-26,2018-07-25,300241,5.930360359594348,5.950128227459662,5.890824623863719
2018-07-26,2018-07-25,300259,3.304188270894477,3.295470096037235,3.295470096037235
2018-07-26,2018-07-25,300357,22.38500955300082,22.42737531510728,22.14140642088867
2018-07-26,2018-07-25,300375,3.62892843381561,3.617570285352963,3.617570285352963
2018-07-26,2018-07-25,300388,10.19319938582629,10.11953579496214,9.95379271551781
2018-07-26,2018-07-25,300396,16.65942785197694,16.70378202623672,16.59733200801323
2018-07-26,2018-07-25,300401,17.69600689602581,17.61156147605538,17.54588170496727
2018-07-26,2018-07-25,300511,7.959195957536839,7.998259495978736,8.017791265199687
2018-07-26,2018-07-25,300547,12.50419151110114,12.55618399139678,12.29622158991858
2018-07-26,2018-07-25,300577,37.31793670883324,37.31793670883324,37.19665341452954
2018-07-26,2018-07-25,300616,97.83694809305882,98.79038162020258,98.54285560834795
2018-07-26,2018-07-25,300627,11.43317483185108,11.51821497522848,11.42845037944122
2018-07-26,2018-07-25,300639,5.399089794002494,5.495748690570313,5.465370180220426
2018-07-26,2018-07-25,300648,26.70623231815041,26.3279852707819,25.63121439405043
2018-07-26,2018-07-25,300650,10.1279035582614,10.11072791627452,10.05920099031389
2018-07-26,2018-07-25,600064,3.848585503802285,3.84331346886557,3.832769398992139
2018-07-26,2018-07-25,600366,6.073745526812611,6.034369542846241,5.99499355887987
2018-07-26,2018-07-25,600527,1.934141971136577,1.918730481326724,1.911024736421797
2018-07-26,2018-07-25,601100,15.32478104517596,15.26797584360818,14.99657321389542
2018-07-27,2018-07-26,000576,7.055819015378102,6.947721509571474,6.89858627965937
2018-07-27,2018-07-26,002035,13.5843430332311,13.53623983552136,13.603584312315
2018-07-27,2018-07-26,002077,5.74,5.7,5.72
2018-07-27,2018-07-26,002139,5.540272589103144,5.549907845779845,5.530637332426442
2018-07-27,2018-07-26,002271,10.31081815987185,10.40535861291366,10.45262883943456
2018-07-27,2018-07-26,002440,10.24932370277514,10.20514558336663,10.07261122514108
2018-07-27,2018-07-26,002511,9.191144443052849,9.181489879562248,9.20079900654345
2018-07-27,2018-07-26,002691,10.62885029935373,10.58889221552157,10.27921706582236
2018-07-27,2018-07-26,002737,17.83930394915878,17.81525095507002,17.54265035539748
2018-07-27,2018-07-26,002755,,,
2018-07-27,2018-07-26,002798,19.33368488686284,19.4091390758539,19.53102661191638
2018-07-27,2018-07-26,002838,11.21464497565699,11.18494517434434,11.23246485644458
2018-07-27,2018-07-26,002842,12.40245380658311,12.39628343155495,12.55671318228688
2018-07-27,2018-07-26,300074,4.14,4.19,4.15
2018-07-27,2018-07-26,300098,8.130048959311027,8.090146878529133,8.050244797747238
2018-07-27,2018-07-26,300110,4.78008097375331,4.828957057329521,4.809406623899037
2018-07-27,2018-07-26,300241,6.039083632853578,6.02919969892092,5.999547897122949
2018-07-27,2018-07-26,300259,3.356497320037925,3.3303427954662,3.312906445751718
2018-07-27,2018-07-26,300357,21.50062426902847,21.60653867429462,21.18817677349332
2018-07-27,2018-07-26,300375,3.634607508046933,3.634607508046933,3.61189121112164
2018-07-27,2018-07-26,300388,9.972208613233846,10.05508015295601,10.00904040866592
2018-07-27,2018-07-26,300396,16.37556113671428,16.38443197156624,16.43765698067799
2018-07-27,2018-07-26,300401,17.55526452940843,17.46143628499684,17.45205346055568
2018-07-27,2018-07-26,300511,8.164279534356805,8.00802538058921,8.027557149810161
2018-07-27,2018-07-26,300547,12.14544339706123,11.89587949164216,11.84388701134652
2018-07-27,2018-07-26,300577,36.01180892402408,35.71326543035342,36.02113840820129
2018-07-27,2018-07-26,300616,96.18677468069464,97.62609260147896,95.91174577863396
2018-07-27,2018-07-26,300627,11.17332994930901,11.12136097280059,11.10246316316117
2018-07-27,2018-07-26,300639,5.399089794002494,5.368711283652607,5.33280940778456
2018-07-27,2018-07-26,300648,25.69093761205598,26.27821592244393,27.26364901953558
2018-07-27,2018-07-26,300650,9.870268928458254,9.887444570445131,9.881719356449507
2018-07-27,2018-07-26,600064,3.864401608612432,3.84331346886557,3.84331346886557
2018-07-27,2018-07-26,600366,6.014681550863056,5.985149562888278,5.985149562888278
2018-07-27,2018-07-26,600527,1.99578793037599,1.980376440566137,1.988082185471064
2018-07-27,2018-07-26,601100,14.66836538261488,14.89558618888602,14.88296281075985
2018-07-30,2018-07-27,000576,6.751180589923059,6.682391268046113,6.613601946169169
2018-07-30,2018-07-27,002035,13.33420640514044,13.40155088193408,13.33420640514044
2018-07-30,2018-07-27,002077,5.92,5.84,5.77
2018-07-30,2018-07-27,002139,5.443920022336132,5.482461049042938,5.405378995629328
2018-07-30,2018-07-27,002271,10.26354793335095,10.45262883943456,10.68897997203907
2018-07-30,2018-07-27,002440,9.966583738560651,10.01076185796916,9.984254986324057
2018-07-30,2018-07-27,002511,9.220108133524656,9.210453570034053,9.181489879562248
2018-07-30,2018-07-27,002691,10.19930089815804,10.15934281432589,10.08941616761961
2018-07-30,2018-07-27,002737,17.76714496689251,17.55868568478998,17.3422087379912
2018-07-30,2018-07-27,002755,,,
2018-07-30,2018-07-27,002798,19.67613082151457,19.76319334727348,19.93731839879131
2018-07-30,2018-07-27,002838,11.1374254922441,11.1196056114565,11.17900521408181
2018-07-30,2018-07-27,002842,12.52586130714612,12.52586130714612,12.47032793189276
2018-07-30,2018-07-27,300074,4.06,4.01,3.97
2018-07-30,2018-07-27,300098,8.050244797747238,8.209853120874818,8.130048959311027
2018-07-30,2018-07-27,300110,4.907158791051455,4.887608357620971,4.809406623899037
2018-07-30,2018-07-27,300241,5.979780029257634,5.920476425661692,5.861172822065748
2018-07-30,2018-07-27,300259,3.251879221751028,3.26059739660827,3.225724697179305
2018-07-30,2018-07-27,300357,21.74952312140392,21.50062426902847,21.18288105323002
2018-07-30,2018-07-27,300375,3.589174914196347,3.589174914196347,3.555100468808407
2018-07-30,2018-07-27,300388,10.1471596415362,10.02745630638196,10.03666425523997
2018-07-30,2018-07-27,300396,16.89006955812784,16.80136120960826,16.55297783375344
2018-07-30,2018-07-27,300401,17.55526452940843,17.62094430049654,17.4239049872322
2018-07-30,2018-07-27,300511,7.988493611368262,7.978727726757787,7.920132419094939
2018-07-30,2018-07-27,300547,11.91667648376042,11.94267272390824,11.79709377908045
2018-07-30,2018-07-27,300577,36.68353178478308,37.02872269933979,36.73017920566912
2018-07-30,2018-07-27,300616,96.00342207932084,96.45263595268665,95.99425444925215
2018-07-30,2018-07-27,300627,11.00797411496406,11.1638810444893,11.14970768725973
2018-07-30,2018-07-27,300639,5.219580414662256,5.252720607771224,5.225103780180419
2018-07-30,2018-07-27,300648,26.22844657410597,26.52706266413374,26.28816979211153
2018-07-30,2018-07-27,300650,9.732863792563244,9.847368072475753,9.761489862541373
2018-07-30,2018-07-27,600064,3.848585503802285,3.848585503802285,3.848585503802285
2018-07-30,2018-07-27,600366,5.91624159094713,5.945773578921908,5.867021610989167
2018-07-30,2018-07-27,600527,1.94955346094643,1.934141971136577,1.911024736421797
2018-07-30,2018-07-27,601100,15.28059922173435,15.34371611236522,15.07862517171555
2018-07-31,2018-07-30,000411,9.617282655309143,9.74656651475318,9.818390881110977
2018-07-31,2018-07-30,000576,6.289309428749284,6.328617612678967,6.338444658661388
2018-07-31,2018-07-30,002001,12.81189812799655,12.74418991710285,12.71409737892787
2018-07-31,2018-07-30,002063,3.788566807919699,3.769811526692374,3.794818568328808
2018-07-31,2018-07-30,002124,3.141923397169026,3.175853455453788,3.162281432139884
2018-07-31,2018-07-30,002236,15.86484174137302,16.00929932552049,16.37469203836411
2018-07-31,2018-07-30,002271,10.16309870199403,10.27536548998118,10.13946358873358
2018-07-31,2018-07-30,002324,4.360787864884029,4.345324078129122,4.353055971506575
2018-07-31,2018-07-30,002440,10.05493997737768,10.03726872961427,10.01959748185087
2018-07-31,2018-07-30,002511,8.998053173240816,8.949780355787807,8.969089482769009
2018-07-31,2018-07-30,002562,5.7,5.68,5.71
2018-07-31,2018-07-30,002594,13.60205195047783,13.54124277705216,13.54764374267592
2018-07-31,2018-07-30,002682,5.28,5.28,5.27
2018-07-31,2018-07-30,002714,9.885031963856497,10.14536295832447,10.13027130647126
2018-07-31,2018-07-30,002755,,,
2018-07-31,2018-07-30,002783,7.939459008800371,7.939459008800371,8.017584066697546
2018-07-31,2018-07-30,300074,3.74,3.71,3.77
2018-07-31,2018-07-30,300158,3.37031113802469,3.37031113802469,3.377767578595542
2018-07-31,2018-07-30,300230,4.079921736220271,4.063470438896803,4.088147384882006
2018-07-31,2018-07-30,300357,21.34175266112924,21.25172541665302,21.68597447824423
2018-07-31,2018-07-30,300387,6.855241660638437,6.816124732475022,6.825903964515876
2018-07-31,2018-07-30,300388,9.824881431505553,9.916960920085737,10.01824835752394
2018-07-31,2018-07-30,300396,16.18927360482317,16.04734024719184,16.09169442145163
2018-07-31,2018-07-30,300401,17.55526452940843,17.37699086502641,17.32069391837945
2018-07-31,2018-07-30,300448,6.013936102810994,5.979106357041819,5.979106357041819
2018-07-31,2018-07-30,300485,12.16823212559104,12.18725985369987,12.23482917397192
2018-07-31,2018-07-30,300511,7.783410034548294,7.842005342211142,7.871302996042567
2018-07-31,2018-07-30,300618,102.020197314393,102.0889904346319,102.1577835548709
2018-07-31,2018-07-30,300639,5.122921518094437,5.059402814635584,5.122921518094437
2018-07-31,2018-07-30,300642,26.16654624337123,26.21967628650498,26.43219645903997
2018-07-31,2018-07-30,300648,25.36245991302544,25.76061469972913,26.11895400776245
2018-07-31,2018-07-30,600016,4.185266328199805,4.164547187961192,4.17145356804073
2018-07-31,2018-07-30,600029,7.03,7.05,7.09
2018-07-31,2018-07-30,600195,7.177834258205694,7.194209545486771,7.194209545486771
2018-07-31,2018-07-30,600366,5.91624159094713,5.896553598963945,5.935929582930315
2018-07-31,2018-07-30,601113,6.642900001142706,6.534000001123972,6.672600001147814
2018-08-01,2018-07-31,000411,10.57972916450364,10.81674957348437,10.9101212497495
2018-08-01,2018-07-31,000576,6.240174198837179,6.289309428749284,6.200866014907496
2018-08-01,2018-07-31,002001,12.60125036077171,12.73666678255911,12.57868095714048
2018-08-01,2018-07-31,002063,3.751056245465048,3.776063287101482,3.769811526692374
2018-08-01,2018-07-31,002124,3.182639467110741,3.189425478767694,3.175853455453788
2018-08-01,2018-07-31,002236,15.96681180077123,16.16225441461782,15.97530930572109
2018-08-01,2018-07-31,002271,10.22809526346027,10.2871830466114,10.39354105628343
2018-08-01,2018-07-31,002324,4.418777065214933,4.441972745347296,4.41104517183748
2018-08-01,2018-07-31,002440,10.05493997737768,10.18747433560322,10.26699495053854
2018-08-01,2018-07-31,002511,9.162180752581046,9.20079900654345,9.142871625599842
2018-08-01,2018-07-31,002562,5.66,5.7,5.68
2018-08-01,2018-07-31,002594,13.51883939736902,13.61165339891346,13.61485388172534
2018-08-01,2018-07-31,002682,5.39,5.42,5.39
2018-08-01,2018-07-31,002714,10.0812234379483,10.02085683053544,9.85107574718676
2018-08-01,2018-07-31,002755,,,
2018-08-01,2018-07-31,002783,8.330084298286243,8.320318666049097,8.242193608151922
2018-08-01,2018-07-31,300074,3.78,3.76,3.76
2018-08-01,2018-07-31,300158,3.37031113802469,3.355398256882989,3.37031113802469
2018-08-01,2018-07-31,300230,4.079921736220271,4.088147384882006,4.088147384882006
2018-08-01,2018-07-31,300357,21.3152740598127,21.55887719192485,21.25172541665302
2018-08-01,2018-07-31,300387,6.816124732475022,6.845462428597584,6.796566268393315
2018-08-01,2018-07-31,300388,9.926168868943755,9.990624510949884,10.13795169267818
2018-08-01,2018-07-31,300396,15.80782770618898,15.9497610638203,15.84331104559681
2018-08-01,2018-07-31,300401,17.2643969717325,17.40513933834989,17.20810002508555
2018-08-01,2018-07-31,300448,6.147450128259501,6.11842534011852,6.106815424862129
2018-08-01,2018-07-31,300485,12.09212121315576,12.20628758180869,12.12066280531899
2018-08-01,2018-07-31,300511,7.861537111432092,7.881068880653041,7.871302996042567
2018-08-01,2018-07-31,300618,98.2021791411301,99.26847250483415,97.62431693112275
2018-08-01,2018-07-31,300639,5.131206566371679,5.164346759480646,5.145014980167081
2018-08-01,2018-07-31,300642,26.35250139433935,26.44813547198009,26.35781439865272
2018-08-01,2018-07-31,300648,25.63121439405043,25.5316756973745,25.39232152202822
2018-08-01,2018-07-31,600016,4.19907908835888,4.212891848517955,4.19907908835888
2018-08-01,2018-07-31,600029,7.09,7.16,7.12
2018-08-01,2018-07-31,600195,7.106874679987691,7.106874679987691,7.085040963612921
2018-08-01,2018-07-31,600366,5.91624159094713,5.935929582930315,5.91624159094713
2018-08-01,2018-07-31,601113,6.722100001156329,6.801300001169953,6.702300001152923
2018-08-02,2018-08-01,000411,10.67310084076877,10.4863574882385,10.22778976935042
2018-08-02,2018-08-01,000576,6.141903739012973,6.063287371153606,5.807784175610667
2018-08-02,2018-08-01,002001,12.21757049904075,12.14986228814705,12.11224661542833
2018-08-02,2018-08-01,002063,3.651028078919314,3.651028078919314,3.644776318510206
2018-08-02,2018-08-01,002124,3.019775187343881,3.060491257285595,3.053705245628643
2018-08-02,2018-08-01,002236,15.40597647408103,15.09156879093652,14.87913116719023
2018-08-02,2018-08-01,002271,9.950382682649971,9.690396436785006,9.48949797407117
2018-08-02,2018-08-01,002324,4.322128397996759,4.302798664553125,4.264139197665854
2018-08-02,2018-08-01,002440,9.948912490797246,9.878227499743625,9.754528765399787
2018-08-02,2018-08-01,002511,9.133217062109241,9.027016863712619,8.930471228806603
2018-08-02,2018-08-01,002562,5.49,5.43,5.34
2018-08-02,2018-08-01,002594,13.43562684426022,13.30760753178513,13.04196745839933
2018-08-02,2018-08-01,002682,5.25,5.22,5.18
2018-08-02,2018-08-01,002714,9.77561748792068,9.828438269406938,9.662430099021561
2018-08-02,2018-08-01,002755,,,
2018-08-02,2018-08-01,002783,8.076177860120426,8.007818434460397,7.91016211208893
2018-08-02,2018-08-01,300074,3.67,3.65,3.61
2018-08-02,2018-08-01,300158,3.318116054028733,3.280833851174478,3.251008088891074
2018-08-02,2018-08-01,300230,3.981213952279458,3.981213952279458,3.94831135763252
2018-08-02,2018-08-01,300357,20.91809504006464,20.73274483084888,20.87572927795818
2018-08-02,2018-08-01,300387,6.600981627576241,6.552085467371973,6.434734682881729
2018-08-02,2018-08-01,300388,10.18399143696827,9.999832459807902,9.742009891783388
2018-08-02,2018-08-01,300396,15.77234436678115,15.71024852281744,15.63041100914982
2018-08-02,2018-08-01,300401,16.87970116964498,16.75772445190992,16.62636490973369
2018-08-02,2018-08-01,300448,6.04876584858017,5.961691484157231,5.955886526529035
2018-08-02,2018-08-01,300485,11.92087166017637,11.91135779612196,11.84476074774109
2018-08-02,2018-08-01,300511,7.705282957664497,7.685751188443548,7.470901727013106
2018-08-02,2018-08-01,300618,95.26471290692606,95.16152322656762,92.38916048093712
2018-08-02,2018-08-01,300639,5.125683200853517,5.131206566371679,5.122921518094437
2018-08-02,2018-08-01,300642,25.68837585516749,25.74681890261461,25.40147362224525
2018-08-02,2018-08-01,300648,24.66568903629397,24.16799555291435,23.78974850554583
2018-08-02,2018-08-01,600016,4.109296147324891,4.102389767245354,4.116202527404429
2018-08-02,2018-08-01,600029,7.03,6.94,6.92
2018-08-02,2018-08-01,600195,6.943121807176915,6.97587238173907,6.82849479620937
2018-08-02,2018-08-01,600366,5.768581651073242,5.729205667106871,5.650453699174131
2018-08-02,2018-08-01,601113,6.682500001149517,6.484500001115458,6.524100001122269
2018-08-03,2018-08-02,000411,10.32834388225134,10.32834388225134,10.4863574882385
2018-08-03,2018-08-02,000576,5.581762118014989,5.611243255962251,5.660378485874355
2018-08-03,2018-08-02,002001,12.06710780816586,12.03701526999089,11.84141377185354
2018-08-03,2018-08-02,002063,3.613517516464664,3.62602103728288,3.613517516464664
2018-08-03,2018-08-02,002124,3.141923397169026,3.311573688592839,3.454079933388843
2018-08-03,2018-08-02,002236,14.43726090979794,14.2163257811018,13.9698981375561
2018-08-03,2018-08-02,002271,9.46586286081072,9.430410190920044,9.247238063151547
2018-08-03,2018-08-02,002324,4.325994344685486,4.314396504619306,4.275737037732036
2018-08-03,2018-08-02,002440,9.648501278819355,9.683843774346165,9.657336902701056
2018-08-03,2018-08-02,002511,8.978744046259612,8.949780355787807,8.920816665316002
2018-08-03,2018-08-02,002562,5.38,5.39,5.34
2018-08-03,2018-08-02,002594,12.83393607562732,12.90434669748861,12.80193124750854
2018-08-03,2018-08-02,002682,5.14,5.14,5.14
2018-08-03,2018-08-02,002714,9.77561748792068,10.10008800276483,10.37173773612271
2018-08-03,2018-08-02,002755,,10.2258459934001,10.2258459934001
2018-08-03,2018-08-02,002783,7.705083835108846,7.763677628531728,7.734380731820287
2018-08-03,2018-08-02,300074,3.52,3.49,3.49
2018-08-03,2018-08-02,300158,3.116792158615754,3.131705039757456,3.139161480328307
2018-08-03,2018-08-02,300230,3.849603573691708,3.882506168338645,3.874280519676911
2018-08-03,2018-08-02,300357,21.06107948717395,21.22524681533648,21.11403668980702
2018-08-03,2018-08-02,300387,6.376059290636606,6.317383898391484,6.38583852267746
2018-08-03,2018-08-02,300388,9.382899886320674,9.336860142030583,9.23557270459238
2018-08-03,2018-08-02,300396,15.65702351370569,15.69250685311352,15.76347353192919
2018-08-03,2018-08-02,300401,16.46685689423399,16.47623971867515,16.3730286498224
2018-08-03,2018-08-02,300448,6.008131145182798,6.008131145182798,5.979106357041819
2018-08-03,2018-08-02,300485,11.50226164178231,11.60691414638082,11.587886418272
2018-08-03,2018-08-02,300511,7.343945227076935,7.324413457855986,7.33417934246646
2018-08-03,2018-08-02,300618,97.52800656278819,97.9614032202937,97.92700666017421
2018-08-03,2018-08-02,300639,4.99312242841765,5.045594400840182,4.976552331863168
2018-08-03,2018-08-02,300642,25.2208314755905,25.19426645402363,24.96049426423513
2018-08-03,2018-08-02,300648,23.94901042022731,24.18790329224953,24.24762651025508
2018-08-03,2018-08-02,600016,4.026419586370439,4.019513206290902,4.040232346529514
2018-08-03,2018-08-02,600029,6.83,6.71,6.64
2018-08-03,2018-08-02,600195,6.893995945333682,6.904912803521067,6.861245370771527
2018-08-03,2018-08-02,600366,5.591389723224575,5.591389723224575,5.581545727232982
2018-08-03,2018-08-02,601113,6.6231000011393,6.553800001127379,6.573600001130784
2018-08-06,2018-08-03,000411,10.16314783962841,10.24215464262199,10.25651951589354
2018-08-06,2018-08-03,000576,5.532626888102885,5.601416209979831,5.59158916399741
2018-08-06,2018-08-03,002001,11.66085854280367,11.45021077557883,11.4953495828413
2018-08-06,2018-08-03,002063,3.576006954010013,3.550999912373579,3.576006954010013
2018-08-06,2018-08-03,002124,3.454079933388843,3.399791840133222,3.399791840133222
2018-08-06,2018-08-03,002236,13.58751041481278,13.29859524651782,13.57901290986293
2018-08-06,2018-08-03,002271,9.058157157067937,9.052248378752823,9.217694171575982
2018-08-06,2018-08-03,002324,4.24480946422222,4.237077570844766,4.240943517533493
2018-08-06,2018-08-03,002440,9.33925444295976,9.374596938486571,9.40110381013168
2018-08-06,2018-08-03,002511,8.756689085975772,8.775998212956976,8.795307339938178
2018-08-06,2018-08-03,002562,5.27,5.21,5.2
2018-08-06,2018-08-03,002594,12.26745061792506,12.24184675543005,12.29945544604383
2018-08-06,2018-08-03,002682,5.15,5.12,5.16
2018-08-06,2018-08-03,002714,10.25855034722359,9.892577789783104,9.620928056425216
2018-08-06,2018-08-03,002755,10.2258459934001,11.24557154912593,11.24557154912593
2018-08-06,2018-08-03,002783,7.607427512737378,7.617193144974525,7.568364983788792
2018-08-06,2018-08-03,300074,3.47,3.46,3.47
2018-08-06,2018-08-03,300158,3.094422836903201,3.086966396332349,3.139161480328307
2018-08-06,2018-08-03,300230,3.833152276368239,3.800249681721301,3.824926627706505
2018-08-06,2018-08-03,300357,19.85895098740314,19.59416497423776,19.31878752054577
2018-08-06,2018-08-03,300387,6.376059290636606,6.424955450840875,6.356500826554899
2018-08-06,2018-08-03,300388,8.922502443419758,8.996166034283904,9.134285267154178
2018-08-06,2018-08-03,300396,15.57718600003807,15.5505734954822,15.47073598181458
2018-08-06,2018-08-03,300401,16.05401261882299,15.98833284773488,15.97895002329372
2018-08-06,2018-08-03,300448,5.961691484157231,5.938471653644447,5.897836950247076
2018-08-06,2018-08-03,300485,11.45469232151026,11.32149822474851,11.24538731231323
2018-08-06,2018-08-03,300511,7.236520496361714,7.236520496361714,7.265818150193138
2018-08-06,2018-08-03,300618,96.01455791753084,91.70122927854742,91.49484991783049
2018-08-06,2018-08-03,300639,4.901986897367992,4.896463531849832,4.896463531849832
2018-08-06,2018-08-03,300642,24.37075078545052,24.1635436172289,24.54076692347851
2018-08-06,2018-08-03,300648,24.11822620457638,23.78974850554583,24.13813394391157
2018-08-06,2018-08-03,600016,4.019513206290902,4.026419586370439,4.067857866847665
2018-08-06,2018-08-03,600029,6.48,6.5,6.54
2018-08-06,2018-08-03,600195,7.150542112737231,6.801202650740909,6.779368934366138
2018-08-06,2018-08-03,600366,5.57170173124139,5.542169743266612,5.561857735249798
2018-08-06,2018-08-03,601113,6.524100001122269,6.543900001125676,6.553800001127379
2018-08-07,2018-08-06,000576,5.237815508630263,5.33608596845447,5.306604830507208
2018-08-07,2018-08-06,000792,7.65,7.73,7.73
2018-08-07,2018-08-06,000868,4.77,4.83,4.77
2018-08-07,2018-08-06,002001,11.32231748833518,11.47278017921006,11.48030331375381
2018-08-07,2018-08-06,002035,10.89056396148556,11.02525291507284,11.09259739186647
2018-08-07,2018-08-06,002080,5.224199786537515,5.262849846610543,5.262849846610543
2018-08-07,2018-08-06,002271,9.075883492013274,9.10542738358884,9.064065935383049
2018-08-07,2018-08-06,002323,0.7277438393002116,0.6918058719273616,0.6918058719273616
2018-08-07,2018-08-06,002511,8.486361308238923,8.3511974193705,8.061560514652447
2018-08-07,2018-08-06,002562,5.08,5.16,5.17
2018-08-07,2018-08-06,002709,4.587776242177321,4.673742221476245,4.622864396993209
2018-08-07,2018-08-06,002745,14.58460853749073,14.6792579144302,14.5157726269893
2018-08-07,2018-08-06,002815,12.48245458390972,12.64568007399525,12.79172393354547
2018-08-07,2018-08-06,002838,10.65628871097915,10.51372966467843,10.50184974415337
2018-08-07,2018-08-06,300241,5.129761711049111,5.169297446779741,5.109993843183797
2018-08-07,2018-08-06,300259,2.93802492689034,2.955461276604822,2.946743101747581
2018-08-07,2018-08-06,300274,4.624525772236315,4.665151181655668,4.665151181655668
2018-08-07,2018-08-06,300396,15.60379850459394,15.7191193576694,15.75460269707723
2018-08-07,2018-08-06,300401,15.58487139676505,15.66931681673548,15.60363704564736
2018-08-07,2018-08-06,300511,7.148627534867442,7.22675461175124,7.246286380972188
2018-08-07,2018-08-06,300527,7.024895725075124,7.090990174101369,7.053221917514943
2018-08-07,2018-08-06,300554,25.29936926894044,25.85192959618718,25.76312525787967
2018-08-07,2018-08-06,300567,46.11519188448619,46.6931917257958,47.22521430700125
2018-08-07,2018-08-06,300577,32.14007299048264,32.00013072782451,32.16806144301425
2018-08-07,2018-08-06,300616,79.28166483403044,79.46501743540423,77.42063593008638
2018-08-07,2018-08-06,300618,86.41103833217059,86.74812462134153,83.845054947257
2018-08-07,2018-08-06,300626,8.385911218171245,8.485152771049012,8.395835373459022
2018-08-07,2018-08-06,300639,4.711430786991434,4.747332662859482,4.73904761458224
2018-08-07,2018-08-06,600167,6.569631220379226,6.428276450268608,6.374427014035992
2018-08-07,2018-08-06,600366,5.502793759300242,5.542169743266612,5.581545727232982
2018-08-07,2018-08-06,601113,6.42510000110524,6.464700001112052,6.474600001113755
2018-08-08,2018-08-07,000576,5.395048244348995,5.375394152384153,5.404875290331415
2018-08-08,2018-08-07,000792,7.9,7.91,8.029999999999999
2018-08-08,2018-08-07,000868,4.86,4.81,4.82
2018-08-08,2018-08-07,002001,11.86398317548477,11.79627496459107,11.84893690639728
2018-08-08,2018-08-07,002035,11.61211192713169,11.36197529904103,11.67945640392533
2018-08-08,2018-08-07,002080,5.398125056866138,5.340149966756596,5.391683380187299
2018-08-08,2018-08-07,002271,9.63130865363388,9.5485857572223,9.80266322477215
2018-08-08,2018-08-07,002323,0.6918058719273616,0.6558679045545117,0.6558679045545117
2018-08-08,2018-08-07,002511,8.399470236823507,8.206378967011473,8.071215078143048
2018-08-08,2018-08-07,002562,5.25,5.2,5.27
2018-08-08,2018-08-07,002709,4.740409715626432,4.759708200775171,4.764971423997554
2018-08-08,2018-08-07,002745,15.006228489312,14.92018360118521,14.98901951168664
2018-08-08,2018-08-07,002815,13.59926056870549,13.36730855647868,13.46180752442294
2018-08-08,2018-08-07,002838,10.81072767780494,10.75726803544216,10.79290779701735
2018-08-08,2018-08-07,300241,5.228601050375683,5.228601050375683,5.248368918240998
2018-08-08,2018-08-07,300259,2.990333976033788,2.990333976033788,2.990333976033788
2018-08-08,2018-08-07,300274,4.787027409913726,4.83442372090297,5.037550767999734
2018-08-08,2018-08-07,300396,15.9497610638203,15.83444021074485,15.9497610638203
2018-08-08,2018-08-07,300401,15.9601843744114,15.73499658782359,15.8006763589117
2018-08-08,2018-08-07,300511,7.451369957792156,7.383008765518833,7.441604073181682
2018-08-08,2018-08-07,300527,7.1382004948344,7.072106045808156,7.128758430687793
2018-08-08,2018-08-07,300554,26.72023868186065,26.34528703122892,26.54263000524562
2018-08-08,2018-08-07,300567,48.57169121005204,48.27612310938235,48.21044130923354
2018-08-08,2018-08-07,300577,32.50392287339376,32.08409608541938,31.67359878162222
2018-08-08,2018-08-07,300616,78.87828911100809,80.2167631010368,80.22593073110549
2018-08-08,2018-08-07,300618,85.77126231394817,83.65243421058787,83.69371008273126
2018-08-08,2018-08-07,300626,8.673711721516767,8.604242634502331,8.564546013351226
2018-08-08,2018-08-07,300639,4.832944828390978,4.813613049077415,4.868846704259026
2018-08-08,2018-08-07,600167,6.542706502262918,6.509050604617532,6.441738809326762
2018-08-08,2018-08-07,600366,5.640609703182538,5.620921711199353,5.630765707190945
2018-08-08,2018-08-07,601113,6.49440000111716,6.474600001113755,6.474600001113755
2018-08-09,2018-08-08,000576,5.07075572692911,5.149372094788476,5.090409818893951
2018-08-09,2018-08-08,000792,8.119999999999999,8.15,8.27
2018-08-09,2018-08-08,000868,4.8,4.77,4.85
2018-08-09,2018-08-08,002001,11.60067346645372,11.62324287008495,11.85646004094102
2018-08-09,2018-08-08,002035,11.45818169446051,11.52552617125415,11.72755960163507
2018-08-09,2018-08-08,002080,5.224199786537515,5.249966493252867,5.295058230004732
2018-08-09,2018-08-08,002271,9.459954082495608,9.365413629453803,9.48949797407117
2018-08-09,2018-08-08,002323,0.6558679045545117,0.6244221831032679,0.6244221831032679
2018-08-09,2018-08-08,002511,7.675377975028378,7.472632141725741,7.704341665500183
2018-08-09,2018-08-08,002562,5.22,5.24,5.25
2018-08-09,2018-08-08,002709,4.761462608515965,4.763217016256759,4.761462608515965
2018-08-09,2018-08-08,002745,14.09415267516803,13.92206289891446,14.10275716398072
2018-08-09,2018-08-08,002815,13.45321670915528,13.5133524160289,13.81403095039699
2018-08-09,2018-08-08,002838,10.69192847255433,10.57312926730373,10.6859885122918
2018-08-09,2018-08-08,300241,5.050690239587854,5.139645644981769,5.169297446779741
2018-08-09,2018-08-08,300259,3.016488500605512,2.999052150891029,2.999052150891029
2018-08-09,2018-08-08,300274,4.915674539741676,4.841194622472863,4.908903638171784
2018-08-09,2018-08-08,300396,16.10943609115554,16.02959857748792,16.0562110820438
2018-08-09,2018-08-08,300401,15.65055116785316,15.72561376338243,15.69746529005895
2018-08-09,2018-08-08,300511,7.246286380972188,7.22675461175124,7.256052265582663
2018-08-09,2018-08-08,300527,6.713307608237114,6.779402057263359,6.826612377996391
2018-08-09,2018-08-08,300554,25.63485232476882,26.33541988252809,27.33200190131241
2018-08-09,2018-08-08,300567,46.86396440618272,45.97726010417367,46.48957814533446
2018-08-09,2018-08-08,300577,32.00013072782451,31.67359878162222,32.17739092719147
2018-08-09,2018-08-08,300616,78.65826598935952,76.54971107356083,78.61242783901606
2018-08-09,2018-08-08,300618,80.65993348019268,83.72122733082685,84.58114133381397
2018-08-09,2018-08-08,300626,8.485152771049012,8.475228615761234,8.624090945077883
2018-08-09,2018-08-08,300639,4.802566318041093,4.783234538727529,4.799804635282012
2018-08-09,2018-08-08,600167,6.515781784146609,6.408082911681376,6.529244143204763
2018-08-09,2018-08-08,600366,5.552013739258205,5.552013739258205,5.591389723224575
2018-08-09,2018-08-08,601113,6.454800001110348,6.464700001112052,6.464700001112052
2018-08-10,2018-08-09,000576,5.267296646577526,5.277123692559946,5.227988462647843
2018-08-10,2018-08-09,000792,8.17,8.109999999999999,8.119999999999999
2018-08-10,2018-08-09,000868,4.9,4.88,4.9
2018-08-10,2018-08-09,002001,11.90912198274723,11.99187646272842,12.17243169177828
2018-08-10,2018-08-09,002035,12.07390262514521,11.98731686926767,12.27593605552612
2018-08-10,2018-08-09,002080,5.365916673471949,5.372358350150786,5.391683380187299
2018-08-10,2018-08-09,002271,9.643126210264105,9.814480781402375,9.879477342868617
2018-08-10,2018-08-09,002323,0.6244221831032679,0.5929764616520243,0.5929764616520243
2018-08-10,2018-08-09,002511,7.868469244840413,7.868469244840413,7.955360316255828
2018-08-10,2018-08-09,002562,5.31,5.32,5.27
2018-08-10,2018-08-09,002709,4.836902141370124,4.817603656221385,4.824621287184563
2018-08-10,2018-08-09,002745,14.30066040667233,14.36089182836108,14.3953097836118
2018-08-10,2018-08-09,002815,14.44975128020382,14.60438595502169,14.62156758555701
2018-08-10,2018-08-09,002838,10.91170700226795,10.91764696253048,10.97110660489325
2018-08-10,2018-08-09,300241,5.179181380712397,5.189065314645055,5.198949248577712
2018-08-10,2018-08-09,300259,3.06879754974896,3.042643025177236,3.060079374891718
2018-08-10,2018-08-09,300274,5.010467161720166,4.990154457010489,4.990154457010489
2018-08-10,2018-08-09,300396,16.41104447612211,16.53523616404953,16.48201115493778
2018-08-10,2018-08-09,300401,15.8006763589117,15.87573895444097,16.01648132105836
2018-08-10,2018-08-09,300511,7.392774650129309,7.343945227076935,7.392774650129309
2018-08-10,2018-08-09,300527,7.081548109954762,7.06266398166155,7.06266398166155
2018-08-10,2018-08-09,300554,27.11492462989404,26.818910168869,27.32213475261157
2018-08-10,2018-08-09,300567,49.51750913219504,49.24164557157,49.56348639229921
2018-08-10,2018-08-09,300577,32.53191132592538,33.06369192402625,32.95173811389976
2018-08-10,2018-08-09,300616,81.59190761134029,83.42543362507827,85.50648565067088
2018-08-10,2018-08-09,300618,85.09021042358236,87.28471095920551,86.06019341895184
2018-08-10,2018-08-09,300626,8.723332497955649,8.723332497955649,8.663787566228992
2018-08-10,2018-08-09,300639,4.871608387018107,4.882655118054429,4.88817848357259
2018-08-10,2018-08-09,600167,6.542706502262918,6.509050604617532,6.455201168384916
2018-08-10,2018-08-09,600366,5.660297695165723,5.670141691157315,5.660297695165723
2018-08-10,2018-08-09,601113,6.682500001149517,6.652800001144408,6.6231000011393
2018-08-13,2018-08-10,000576,5.188680278718159,5.208334370683001,5.169026186753317
2018-08-13,2018-08-10,000792,8.15,7.84,7.83
2018-08-13,2018-08-10,000868,4.94,4.86,4.88
2018-08-13,2018-08-10,002001,12.08215407725335,11.84141377185354,11.96178392455344
2018-08-13,2018-08-10,002035,12.37214245094561,12.12200582285495,12.14124710193884
2018-08-13,2018-08-10,002080,5.417450086902652,5.320824936720083,5.333708290077759
2018-08-13,2018-08-10,002271,9.814480781402375,9.660852545209444,9.672670101839669
2018-08-13,2018-08-10,002323,0.5929764616520243,0.5615307402007805,0.5615307402007805
2018-08-13,2018-08-10,002511,7.926396625784023,7.897432935312217,8.032596824180642
2018-08-13,2018-08-10,002562,5.3,5.17,5.19
2018-08-13,2018-08-10,002709,4.810586025258208,4.6877774834026,4.680759852439423
2018-08-13,2018-08-10,002745,14.2318244961709,13.97368983179053,13.93927187653981
2018-08-13,2018-08-10,002815,14.73324818403659,14.63874921609233,14.93942775046043
2018-08-13,2018-08-10,002838,10.92952688305554,10.7632079957047,10.95328672410566
2018-08-13,2018-08-10,300241,5.67337807734526,5.574538738018687,5.782101350604489
2018-08-13,2018-08-10,300259,3.077515724606201,3.033924850319994,3.06879754974896
2018-08-13,2018-08-10,300274,5.037550767999734,4.983383555440597,4.996925358580381
2018-08-13,2018-08-10,300396,16.42878614582603,16.23362777908295,16.10056525630359
2018-08-13,2018-08-10,300401,15.95080154997025,15.71623093894127,15.72561376338243
2018-08-13,2018-08-10,300511,7.519731150065479,7.35371111168741,7.373242880908359
2018-08-13,2018-08-10,300527,7.298715585326708,7.194852879714039,7.204294943860645
2018-08-13,2018-08-10,300554,27.25306471170573,26.83864446627067,26.78930872276649
2018-08-13,2018-08-10,300567,50.75232697499285,48.40748670967999,49.76053179274567
2018-08-13,2018-08-10,300577,33.25961109174763,33.34357644934251,33.71675581643084
2018-08-13,2018-08-10,300616,82.41699431752239,81.61024287147767,83.05872842233067
2018-08-13,2018-08-10,300618,85.9226071784739,84.27157229273861,85.31722772037095
2018-08-13,2018-08-10,300626,8.673711721516767,8.524849392200117,8.514925236912342
2018-08-13,2018-08-10,300639,4.965505600826845,4.860561655981785,4.843991559427301
2018-08-13,2018-08-10,600167,6.529244143204763,6.448469988855839,6.42154527073953
2018-08-13,2018-08-10,600366,5.670141691157315,5.561857735249798,5.552013739258205
2018-08-13,2018-08-10,601113,6.642900001142706,6.573600001130784,6.573600001130784
2018-08-14,2018-08-13,000488,6.987473919728929,6.924033819290404,6.905908076307969
2018-08-14,2018-08-13,000576,5.188680278718159,5.277123692559946,5.296777784524787
2018-08-14,2018-08-13,002001,12.63886603349043,12.57115782259673,12.53354214987801
2018-08-14,2018-08-13,002080,5.372358350150786,5.385241703508462,5.456100146975679
2018-08-14,2018-08-13,002094,8.460000000000001,8.640000000000001,8.44
2018-08-14,2018-08-13,002101,6.988380323242177,6.962173897030019,6.944702946221914
2018-08-14,2018-08-13,002323,0.5615307402007805,0.5345772646711431,0.5750074779655993
2018-08-14,2018-08-13,002461,4.324635853920952,4.342883262587285,4.370254375586785
2018-08-14,2018-08-13,002511,8.18706984003027,8.283615474936287,8.273960911445686
2018-08-14,2018-08-13,002691,9.47006586822118,9.120432634689807,9.060495508941573
2018-08-14,2018-08-13,002734,10.36588370641071,10.32951218463383,10.30223354330117
2018-08-14,2018-08-13,002760,14.70737716949173,14.64870412227301,14.62914643986677
2018-08-14,2018-08-13,002832,18.41045015778177,18.26214375373297,18.76843113307197
2018-08-14,2018-08-13,002840,8.583058594756956,8.614066754420096,8.601663490554838
2018-08-14,2018-08-13,300138,6.015923091498824,6.072410632264071,6.072410632264071
2018-08-14,2018-08-13,300158,3.15407436147001,3.146617920899158,3.146617920899158
2018-08-14,2018-08-13,300180,7.58732025288935,7.60058479878601,7.60721707173434
2018-08-14,2018-08-13,300346,5.432023081943861,5.411178787692349,5.386165634590536
2018-08-14,2018-08-13,300349,17.52033780073613,17.49358919340676,17.29743273965806
2018-08-14,2018-08-13,300382,5.619415838314176,5.610263695255033,5.610263695255033
2018-08-14,2018-08-13,300485,11.77816369936022,11.74962210719698,11.77816369936022
2018-08-14,2018-08-13,300527,7.648071958751142,7.487556868258835,7.468672739965623
2018-08-14,2018-08-13,300545,21.26863227022114,21.17955935703734,21.17955935703734
2018-08-14,2018-08-13,300554,27.08532318379153,28.04243660777251,28.12137379737919
2018-08-14,2018-08-13,300567,49.71455453264149,48.66364573026039,48.61110029014133
2018-08-14,2018-08-13,300577,33.67943787972201,33.48351871200063,33.49284819617784
2018-08-14,2018-08-13,300616,82.36198853711025,82.46283246786584,82.55450876855274
2018-08-14,2018-08-13,300626,8.63401510036566,8.63401510036566,8.63401510036566
2018-08-14,2018-08-13,300639,4.924080359440636,4.863323338740865,4.843991559427301
2018-08-14,2018-08-13,300641,6.13480576941997,6.097681377471892,6.069838083510833
2018-08-14,2018-08-13,300650,8.97141033114506,8.914158191188807,8.97141033114506
2018-08-14,2018-08-13,600167,6.495588245559379,6.515781784146609,6.455201168384916
2018-08-15,2018-08-14,000488,6.905908076307969,6.896845204816751,6.869656590343097
2018-08-15,2018-08-14,000576,5.33608596845447,5.286950738542367,5.296777784524787
2018-08-15,2018-08-14,002001,12.48840334261555,12.5485884189655,12.42821826626559
2018-08-15,2018-08-14,002080,5.430333440260327,5.411008410223814,5.430333440260327
2018-08-15,2018-08-14,002094,8.1,7.84,7.8
2018-08-15,2018-08-14,002101,6.935967470817861,6.935967470817861,6.927231995413808
2018-08-15,2018-08-14,002323,0.588484215730418,0.570515232043993,0.588484215730418
2018-08-15,2018-08-14,002461,4.352006966920451,4.324635853920952,4.333759558254118
2018-08-15,2018-08-14,002511,8.322233728898693,8.312579165408092,8.254651784464482
2018-08-15,2018-08-14,002691,8.960600299361181,9.120432634689807,8.990568862235298
2018-08-15,2018-08-14,002734,10.36588370641071,10.34769794552227,10.32041930418961
2018-08-15,2018-08-14,002760,14.76605021671044,14.77582905791356,14.80516558152292
2018-08-15,2018-08-14,002832,18.66615085441763,18.74286106340838,18.55364254789785
2018-08-15,2018-08-14,002840,8.843527135927324,8.824922240129442,8.88693855945572
2018-08-15,2018-08-14,300138,6.034752271753906,6.015923091498824,6.034752271753906
2018-08-15,2018-08-14,300158,3.146617920899158,3.131705039757456,3.139161480328307
2018-08-15,2018-08-14,300180,7.666907528269308,7.560791161096031,7.58732025288935
2018-08-15,2018-08-14,300346,5.361152481488721,5.361152481488721,5.361152481488721
2018-08-15,2018-08-14,300349,17.49358919340676,17.52033780073613,17.45792438363427
2018-08-15,2018-08-14,300382,5.628567981373321,5.637720124432464,5.628567981373321
2018-08-15,2018-08-14,300485,11.77816369936022,11.70205278692493,11.70205278692493
2018-08-15,2018-08-14,300527,7.383694162646165,7.412020355085984,7.421462419232591
2018-08-15,2018-08-14,300545,21.031104501731,21.02120751137725,20.80347372359462
2018-08-15,2018-08-14,300554,28.20031098698587,27.50961057792743,27.55894632143161
2018-08-15,2018-08-14,300567,48.99862291101936,49.11685015128724,48.11848678902518
2018-08-15,2018-08-14,300577,33.52083664870946,33.52083664870946,33.09168037655788
2018-08-15,2018-08-14,300616,82.31615038676681,82.78369952026998,82.41699431752239
2018-08-15,2018-08-14,300626,8.63401510036566,8.643939255653438,8.663787566228992
2018-08-15,2018-08-14,300639,4.841229876668221,4.750094345618562,4.799804635282012
2018-08-15,2018-08-14,300641,6.051275887536793,6.041994789549774,6.088400279484872
2018-08-15,2018-08-14,300650,8.94850947516256,8.954234689158184,8.942784261166933
2018-08-15,2018-08-14,600167,6.529244143204763,6.475394706972146,6.461932347913993
2018-08-16,2018-08-15,000488,6.661210546045088,6.525267473676821,6.552456088150475
2018-08-16,2018-08-15,000576,5.139545048806055,4.844733669333432,4.933177083175219
2018-08-16,2018-08-15,002001,12.09720034634084,11.89407571365975,12.14233915360331
2018-08-16,2018-08-15,002080,5.333708290077759,5.224199786537515,5.256408169931705
2018-08-16,2018-08-15,002094,8.08,7.84,7.85
2018-08-16,2018-08-15,002101,6.787464388948965,6.691374159504385,6.735051536524648
2018-08-16,2018-08-15,002323,0.6199299371816617,0.588484215730418,0.588484215730418
2018-08-16,2018-08-15,002461,4.279017332255119,4.215151401922953,4.233398810589286
2018-08-16,2018-08-15,002511,7.974669443237032,7.791232736915599,8.022942260690041
2018-08-16,2018-08-15,002691,8.670904191578042,8.381208083794906,8.491092814333337
2018-08-16,2018-08-15,002734,10.14765457574943,9.920332564643935,9.974889847309257
2018-08-16,2018-08-15,002760,14.33578120377319,13.88595450842969,13.96418523805464
2018-08-16,2018-08-15,002832,18.51273043643612,18.18543354474222,18.30816987912743
2018-08-16,2018-08-15,002840,8.59546185862221,8.366001477114981,8.459025956104398
2018-08-16,2018-08-15,300138,5.865289649458164,5.742899977800128,5.789972928437835
2018-08-16,2018-08-15,300158,3.086966396332349,3.034771312336392,3.049684193478094
2018-08-16,2018-08-15,300180,7.620481617631,7.527629796354381,7.434777975077764
2018-08-16,2018-08-15,300346,5.256931010231165,5.194398127476632,5.244424433680258
2018-08-16,2018-08-15,300349,17.08344388102312,16.72679578329821,16.89620362971754
2018-08-16,2018-08-15,300382,5.491285835486166,5.445525120190449,5.436372977131305
2018-08-16,2018-08-15,300485,11.55934482610877,11.38809527312938,11.45469232151026
2018-08-16,2018-08-15,300527,7.090990174101369,6.939917147755667,7.015453660928517
2018-08-16,2018-08-15,300545,20.65501886828829,20.35810915767561,20.51646100333571
2018-08-16,2018-08-15,300554,26.58209860004896,26.47355996433978,26.93731595327901
2018-08-16,2018-08-15,300567,48.42719124972464,46.30566910491776,47.43539606747746
2018-08-16,2018-08-15,300577,32.33599215820401,32.18672041136868,32.65319462022909
2018-08-16,2018-08-15,300616,80.5834683037844,80.06091338986907,82.22447408607989
2018-08-16,2018-08-15,300626,8.524849392200117,8.306517975869031,8.336290441732363
2018-08-16,2018-08-15,300639,4.705907421473273,4.58991674559189,4.634103669737179
2018-08-16,2018-08-15,300641,5.893497221757459,5.661469772081969,5.735718555978126
2018-08-16,2018-08-15,300650,8.788203483285047,8.587820993438157,8.662248775381288
2018-08-16,2018-08-15,600167,6.475394706972146,6.286921680157989,6.293652859687065
2018-08-17,2018-08-16,000488,6.597770445606564,6.634021931571435,6.643084803062652
2018-08-17,2018-08-16,000576,4.913522991210378,5.011793451034585,4.962658221122481
2018-08-17,2018-08-16,002001,12.0896772117971,12.22509363358449,12.17995482632203
2018-08-17,2018-08-16,002080,5.224199786537515,5.282174876647056,5.249966493252867
2018-08-17,2018-08-16,002094,8.08,8.050000000000001,8.029999999999999
2018-08-17,2018-08-16,002101,6.717580585716544,6.813670815161123,6.778728913544912
2018-08-17,2018-08-16,002323,0.588484215730418,,
2018-08-17,2018-08-16,002461,4.224275106256119,4.251646219255619,4.242522514922453
2018-08-17,2018-08-16,002511,8.01328769719944,8.129142459086658,8.129142459086658
2018-08-17,2018-08-16,002691,8.411176646669023,8.630946107745887,8.541040419123533
2018-08-17,2018-08-16,002734,9.920332564643935,9.993075608197696,10.01126136908614
2018-08-17,2018-08-16,002760,14.07175249128896,14.27710815655447,14.20865626813263
2018-08-17,2018-08-16,002832,19.0139038018424,19.16732421982391,19.39745484679618
2018-08-17,2018-08-16,002840,8.378404740980235,8.446622692239142,8.378404740980235
2018-08-17,2018-08-16,300138,5.827631288948,5.893533419840788,5.893533419840788
2018-08-17,2018-08-16,300158,3.01985843119469,3.034771312336392,3.012401990623839
2018-08-17,2018-08-16,300180,7.474571612767742,7.474571612767742,7.454674793922753
2018-08-17,2018-08-16,300346,5.140202962422702,5.202735845177236,5.206904704027538
2018-08-17,2018-08-16,300349,16.93186843949003,17.11019248835249,17.11910869079561
2018-08-17,2018-08-16,300382,5.454677263249592,5.482133692427023,5.454677263249592
2018-08-17,2018-08-16,300485,11.38809527312938,11.54031709799995,11.48323391367349
2018-08-17,2018-08-16,300527,6.939917147755667,7.024895725075124,6.987127468488699
2018-08-17,2018-08-16,300545,20.55604896475073,20.77378275253335,20.70450382005707
2018-08-17,2018-08-16,300554,26.74984012796315,27.62801636233745,27.65761780843996
2018-08-17,2018-08-16,300567,46.65378264570651,47.02816890655478,46.83112350610832
2018-08-17,2018-08-16,300577,31.30041941453388,32.36398061073563,32.15873195883705
2018-08-17,2018-08-16,300616,81.86693651340099,81.84860125326361,81.5827399812716
2018-08-17,2018-08-16,300626,8.425607839322351,8.465304460473458,8.445456149897904
2018-08-17,2018-08-16,300639,4.63962703525534,4.68933732491879,4.653435449050742
2018-08-17,2018-08-16,300641,5.735718555978126,5.800686241887264,5.763561849939185
2018-08-17,2018-08-16,300650,8.662248775381288,8.776753055293796,8.730951343328792
2018-08-17,2018-08-16,600167,6.354233475448759,6.360964654977836,6.313846398274298
2018-08-20,2018-08-17,000488,6.434638758764643,6.416513015782207,6.48901598771195
2018-08-20,2018-08-17,000576,4.707155025579542,4.697327979597121,4.756290255491646
2018-08-20,2018-08-17,002001,11.8188443682223,11.75865929187235,11.85646004094102
2018-08-20,2018-08-17,002080,5.121132959676109,5.146899666391461,5.153341343070299
2018-08-20,2018-08-17,002094,7.91,7.88,7.99
2018-08-20,2018-08-17,002101,6.638961307080068,6.656432257888174,6.673903208696279
2018-08-20,2018-08-17,002323,,,
2018-08-20,2018-08-17,002461,4.123914358591287,4.087419541258622,4.114790654258121
2018-08-20,2018-08-17,002511,7.820196427387404,7.897432935312217,7.878123808331014
2018-08-20,2018-08-17,002691,8.151449101760003,8.790778443074514,8.970589820319219
2018-08-20,2018-08-17,002734,9.756660716647978,9.802125118869077,9.811217999313296
2018-08-20,2018-08-17,002760,13.7392718903829,13.55347390752363,13.7392718903829
2018-08-20,2018-08-17,002832,19.05481591330413,19.02413182970783,18.67637888228306
2018-08-20,2018-08-17,002840,8.062121512416216,8.068323144348843,8.062121512416216
2018-08-20,2018-08-17,300138,5.714656207417505,5.676997846907341,5.658168666652258
2018-08-20,2018-08-17,300158,2.908011822631924,2.908011822631924,2.922924703773626
2018-08-20,2018-08-17,300180,7.481203885716072,7.428145702129433,7.401616610336115
2018-08-20,2018-08-17,300346,5.140202962422702,5.031812632314843,5.052656926566353
2018-08-20,2018-08-17,300349,17.02994666636438,16.86945502238817,17.08344388102312
2018-08-20,2018-08-17,300382,5.418068691013017,5.408916547953874,5.39976440489473
2018-08-20,2018-08-17,300485,11.48323391367349,11.34052595285733,11.47372004961908
2018-08-20,2018-08-17,300527,6.807728249703178,6.854938570436209,6.817170313849784
2018-08-20,2018-08-17,300545,20.04140546635543,20.14037536989299,20.18986032166176
2018-08-20,2018-08-17,300554,26.37488847733143,26.52289570784395,26.30581843642559
2018-08-20,2018-08-17,300567,45.68826018351886,44.33521510045318,44.68332864124192
2018-08-20,2018-08-17,300577,29.8543493670666,29.68641865187685,29.95697369301589
2018-08-20,2018-08-17,300616,79.75838159760231,78.85078622080201,78.52075153832918
2018-08-20,2018-08-17,300626,8.326366286444586,8.237048888854597,8.266821354717926
2018-08-20,2018-08-17,300639,4.647912083532581,4.559538235242004,4.650673766291662
2018-08-20,2018-08-17,300641,5.587220988185812,5.587220988185812,5.605783184159852
2018-08-20,2018-08-17,300650,8.416064573569393,8.433240215556269,8.461866285534397
2018-08-20,2018-08-17,600167,6.360964654977836,6.246534602983526,6.280190500628912
2018-08-21,2018-08-20,000488,6.543393216659256,6.543393216659256,6.77902787543092
2018-08-21,2018-08-20,000576,4.746463209509225,4.707155025579542,4.726809117544383
2018-08-21,2018-08-20,000736,6.280046793414971,6.267684496577539,6.255322199740108
2018-08-21,2018-08-20,002080,5.204874756501002,5.21131643317984,5.237083139895192
2018-08-21,2018-08-20,002323,,,
2018-08-21,2018-08-20,002440,8.756103266767381,8.729596395122273,8.782610138412489
2018-08-21,2018-08-20,002511,7.936051189274625,8.01328769719944,8.119487895596057
2018-08-21,2018-08-20,002645,6.48333978717312,6.532409530122397,6.526275812253737
2018-08-21,2018-08-20,002679,11.02662201696656,11.02662201696656,11.08517045245488
2018-08-21,2018-08-20,002745,13.37998010371569,13.37137561490301,13.44021152540444
2018-08-21,2018-08-20,002798,17.4125051517828,17.27320511056854,17.2848134473364
2018-08-21,2018-08-20,002815,15.24010628482852,15.11124405581362,15.18856139322256
2018-08-21,2018-08-20,002838,10.58500918782879,10.62064894940397,10.61470898914144
2018-08-21,2018-08-20,002840,8.148944359473006,8.105532935944611,8.074524776281471
2018-08-21,2018-08-20,300241,5.861172822065748,5.871056755998405,5.880940689931062
2018-08-21,2018-08-20,300259,2.903152227461374,2.911870402318615,2.911870402318615
2018-08-21,2018-08-20,300349,17.29743273965806,17.2706841323287,17.3509299543168
2018-08-21,2018-08-20,300396,15.60379850459394,15.58605683489003,15.66589434855765
2018-08-21,2018-08-20,300401,15.4816603279123,15.62240269452968,15.8475904811175
2018-08-21,2018-08-20,300468,5.988557308286016,5.96272865692557,5.992247115623221
2018-08-21,2018-08-20,300509,4.940859845343336,4.899378745895492,4.913205779044772
2018-08-21,2018-08-20,300511,7.22675461175124,7.22675461175124,7.236520496361714
2018-08-21,2018-08-20,300547,10.36730057095038,10.42969154730515,10.38289831503907
2018-08-21,2018-08-20,300567,45.25476030253665,44.77528316145027,44.86723768165862
2018-08-21,2018-08-20,300577,30.4141184176991,30.76863881643301,30.88059262655951
2018-08-21,2018-08-20,300616,78.88745674107676,78.94246252148891,79.52919084588505
2018-08-21,2018-08-20,300627,10.90403616194723,10.8000982089304,10.90876061435708
2018-08-21,2018-08-20,300639,4.791519587004771,4.763902759413964,4.799804635282012
2018-08-21,2018-08-20,300648,22.45592997008845,22.34643740374494,22.30662192507457
2018-08-21,2018-08-20,300650,8.410339359573769,8.444690643547521,8.387438503591266
2018-08-21,2018-08-20,300660,5.799470005804225,5.782495947250652,5.799470005804225
2018-08-21,2018-08-20,600130,3.22,3.22,3.21
2018-08-21,2018-08-20,601100,13.3681574356189,14.13818350131555,14.18236532475716
2018-08-22,2018-08-21,000488,6.73371351797483,6.751839260957266,6.706524903501177
2018-08-22,2018-08-21,000576,4.726809117544383,4.707155025579542,4.6875009336147
2018-08-22,2018-08-21,000736,6.273865644996255,6.236778754483962,6.224416457646531
2018-08-22,2018-08-21,002080,5.24352481657403,5.237083139895192,5.224199786537515
2018-08-22,2018-08-21,002323,,,
2018-08-22,2018-08-21,002440,8.879802001111219,9.189048836970814,9.233226956379326
2018-08-22,2018-08-21,002511,8.138797022577261,8.090524205124254,8.051905951161846
2018-08-22,2018-08-21,002645,6.48333978717312,6.544676965859716,6.575345555203014
2018-08-22,2018-08-21,002679,11.04613816212933,11.06565430729211,11.04613816212933
2018-08-22,2018-08-21,002745,13.62951027928337,13.50904743590587,13.49183845828051
2018-08-22,2018-08-21,002798,17.31963845763996,17.4125051517828,17.06425504874715
2018-08-22,2018-08-21,002815,15.11983487108128,15.01674508786937,15.08547161001064
2018-08-22,2018-08-21,002838,10.59094914809132,10.64440879045409,10.51372966467843
2018-08-22,2018-08-21,002840,8.111734567877239,8.024911720820448,8.024911720820448
2018-08-22,2018-08-21,300241,5.880940689931062,5.85128888813309,5.762333482739176
2018-08-22,2018-08-21,300259,2.911870402318615,2.894434052604133,2.894434052604133
2018-08-22,2018-08-21,300349,17.6273322300536,17.36876235920305,17.18152210789747
2018-08-22,2018-08-21,300396,15.72799019252136,15.51509015607436,15.55944433033416
2018-08-22,2018-08-21,300401,15.58487139676505,15.50980880123577,15.4347462057065
2018-08-22,2018-08-21,300468,6.180427289820749,6.095561721065001,6.106631143076621
2018-08-22,2018-08-21,300509,4.996167977940463,4.959295889542378,4.936250834293576
2018-08-22,2018-08-21,300511,7.33417934246646,7.304881688635037,7.285349919414087
2018-08-22,2018-08-21,300547,10.44528929139384,10.3932968110982,10.4504885394234
2018-08-22,2018-08-21,300567,46.89680530625714,46.2202827647243,46.13489642453083
2018-08-22,2018-08-21,300577,31.53365651896409,31.52432703478688,31.11382973098972
2018-08-22,2018-08-21,300616,81.40855500996649,82.3069827566981,81.38105211976043
2018-08-22,2018-08-21,300627,10.85679163784867,10.80482266134026,10.74812923242198
2018-08-22,2018-08-21,300639,4.785996221486609,4.810851366318334,4.788757904245689
2018-08-22,2018-08-21,300648,22.50569931842642,22.25685257673661,22.30662192507457
2018-08-22,2018-08-21,300650,8.501942783503775,8.862631265228178,9.332098812869464
2018-08-22,2018-08-21,300660,5.841905152188159,5.81361505459887,5.771179908214936
2018-08-22,2018-08-21,600130,3.23,3.21,3.19
2018-08-22,2018-08-21,601100,14.7062355169934,14.60524849198401,14.45376795446991
2018-08-23,2018-08-22,000488,6.624959060080216,6.65214767455387,6.634021931571435
2018-08-23,2018-08-22,000576,4.736636163526804,4.716982071561962,4.677673887632279
2018-08-23,2018-08-22,000736,6.15642382504066,6.168786121878091,6.199691863971668
2018-08-23,2018-08-22,002080,5.191991403143327,5.230641463216353,5.217758109858677
2018-08-23,2018-08-22,002323,,,
2018-08-23,2018-08-22,002440,9.038843230981868,9.180213213089111,9.17137758920741
2018-08-23,2018-08-22,002511,8.119487895596057,8.138797022577261,8.109833332105456
2018-08-23,2018-08-22,002645,6.379066583405908,6.434270044223844,6.422002608486525
2018-08-23,2018-08-22,002679,10.84121863792022,10.89000900082715,10.95831550889686
2018-08-23,2018-08-22,002745,13.69834618978481,13.76718210028624,13.82741352197499
2018-08-23,2018-08-22,002798,17.19194675319356,17.22096759511319,17.05264671197929
2018-08-23,2018-08-22,002815,14.58720432448637,14.73324818403659,14.76761144510723
2018-08-23,2018-08-22,002838,10.59094914809132,10.48996982362831,10.51966962494096
2018-08-23,2018-08-22,002840,7.944290505696286,7.987701929224682,7.987701929224682
2018-08-23,2018-08-22,300241,5.762333482739176,5.811753152402462,5.821637086335119
2018-08-23,2018-08-22,300259,2.859561353175167,2.87699770288965,2.868279528032409
2018-08-23,2018-08-22,300349,17.04777907125063,17.16368970301122,17.06561147613687
2018-08-23,2018-08-22,300396,15.72799019252136,15.69250685311352,15.62154017429786
2018-08-23,2018-08-22,300401,14.80609696814885,14.69350307485494,14.61844047932567
2018-08-23,2018-08-22,300468,5.959038849588363,6.010696152309253,6.032834996332492
2018-08-23,2018-08-22,300509,4.857897646447645,4.862506657497407,4.867115668547167
2018-08-23,2018-08-22,300511,7.383008765518833,7.402540534739783,7.363476996297885
2018-08-23,2018-08-22,300547,10.19052613794521,10.30490959459561,10.21132313006346
2018-08-23,2018-08-22,300567,45.72766926360816,46.35164636502194,46.0035328242332
2018-08-23,2018-08-22,300577,30.85260417402788,30.77796830061022,30.40478893352189
2018-08-23,2018-08-22,300616,80.91350298625724,79.77671685773969,79.13498275293139
2018-08-23,2018-08-22,300627,10.64891573181501,10.71505806555299,10.70560916073328
2018-08-23,2018-08-22,300639,4.658958814568904,4.683813959400629,4.681052276641548
2018-08-23,2018-08-22,300648,21.67952813601625,21.80892844169495,21.84874392036532
2018-08-23,2018-08-22,300650,8.845455623241302,8.64507313339441,8.570645351451281
2018-08-23,2018-08-22,300660,5.691967634964928,5.720257732554216,5.720257732554216
2018-08-23,2018-08-22,600130,3.19,3.21,3.17
2018-08-23,2018-08-22,601100,14.64943031542562,14.90189787794911,14.67467707167797
2018-08-24,2018-08-23,000488,6.615896188588999,6.525267473676821,6.48901598771195
2018-08-24,2018-08-23,000576,4.736636163526804,4.697327979597121,4.667846841649859
2018-08-24,2018-08-23,000736,6.181148418715522,6.082250044016074,6.094612340853504
2018-08-24,2018-08-23,002080,5.198433079822164,5.185549726464489,5.185549726464489
2018-08-24,2018-08-23,002323,,,
2018-08-24,2018-08-23,002440,9.17137758920741,9.162541965325705,9.100692598153787
2018-08-24,2018-08-23,002511,8.090524205124254,8.061560514652447,8.100178768614855
2018-08-24,2018-08-23,002645,6.477206069304462,6.434270044223844,6.501740940779099
2018-08-24,2018-08-23,002679,11.07541237987349,11.00710587180379,11.01686394438518
2018-08-24,2018-08-23,002745,14.12857063041875,14.03392125347928,14.11996614160607
2018-08-24,2018-08-23,002798,17.99292199017556,17.76075525481846,17.74334274966668
2018-08-24,2018-08-23,002815,15.0081542726017,14.90506448938979,14.77620226037489
2018-08-24,2018-08-23,002838,10.54936942625361,10.51372966467843,10.54936942625361
2018-08-24,2018-08-23,002840,7.628007277132266,7.640410540997522,7.640410540997522
2018-08-24,2018-08-23,300241,5.831521020267776,5.801869218469804,5.861172822065748
2018-08-24,2018-08-23,300259,2.885715877746891,2.868279528032409,2.868279528032409
2018-08-24,2018-08-23,300349,17.20827071522683,17.22610312011308,17.1547735005681
2018-08-24,2018-08-23,300396,15.7191193576694,15.60379850459394,15.57718600003807
2018-08-24,2018-08-23,300401,14.77794849482537,14.85301109035465,14.99375345697203
2018-08-24,2018-08-23,300468,6.077112684378969,6.036524803669698,6.047594225681318
2018-08-24,2018-08-23,300509,4.899378745895492,4.899378745895492,4.899378745895492
2018-08-24,2018-08-23,300511,7.35371111168741,7.246286380972188,7.295115804024562
2018-08-24,2018-08-23,300547,10.32570658671387,10.33090583474343,10.35170282686169
2018-08-24,2018-08-23,300567,47.2777597471203,46.35821454503682,46.69975990581068
2018-08-24,2018-08-23,300577,30.68467345883814,30.34881202845864,30.47009532276234
2018-08-24,2018-08-23,300616,80.6751446044713,79.75838159760231,80.08841628007514
2018-08-24,2018-08-23,300627,10.83316937579939,10.7575781372417,10.74812923242198
2018-08-24,2018-08-23,300639,4.716954152509595,4.719715835268675,4.69209900767787
2018-08-24,2018-08-23,300648,22.19712935873105,21.69943587535143,21.69943587535143
2018-08-24,2018-08-23,300650,8.690874845359414,8.530568853481903,8.587820993438157
2018-08-24,2018-08-23,300660,5.742889810625647,5.751376839902433,5.734402781348861
2018-08-24,2018-08-23,600130,3.22,3.2,3.2
2018-08-24,2018-08-23,601100,14.92083294513837,14.6557420044887,14.66205369355179
2018-08-27,2018-08-24,000488,6.525267473676821,6.643084803062652,6.615896188588999
2018-08-27,2018-08-24,000576,4.834906623351012,4.913522991210378,4.893868899245537
2018-08-27,2018-08-24,000736,6.10079348927222,6.150242676621944,6.15642382504066
2018-08-27,2018-08-24,002080,5.172666373106812,5.204874756501002,5.21131643317984
2018-08-27,2018-08-24,002323,,,
2018-08-27,2018-08-24,002440,9.197884460852517,9.259733828024435,9.259733828024435
2018-08-27,2018-08-24,002511,8.090524205124254,8.100178768614855,8.109833332105456
2018-08-27,2018-08-24,002645,6.734822219788161,6.710287348313522,6.734822219788161
2018-08-27,2018-08-24,002679,11.08517045245488,11.17299310568736,11.22178346859429
2018-08-27,2018-08-24,002745,14.3953097836118,14.38670529479912,14.44693671648787
2018-08-27,2018-08-24,002798,17.80138443350596,19.58326412737173,19.58326412737173
2018-08-27,2018-08-24,002815,14.73324818403659,14.92224611992511,15.29165117643448
2018-08-27,2018-08-24,002838,10.60876902887891,10.67410859176674,10.66222867124168
2018-08-27,2018-08-24,002840,8.390808004845491,8.601663490554838,8.645074914083233
2018-08-27,2018-08-24,300241,5.930360359594348,6.13792297218015,6.305949849035324
2018-08-27,2018-08-24,300259,2.87699770288965,2.894434052604133,2.894434052604133
2018-08-27,2018-08-24,300349,17.07452767857999,17.19935451278371,17.27960033477182
2018-08-27,2018-08-24,300396,15.58605683489003,15.55944433033416,15.59492766974199
2018-08-27,2018-08-24,300401,15.23770689244216,15.33153513685375,15.36906643461839
2018-08-27,2018-08-24,300468,6.029145188995286,5.977487886274395,5.970108271599983
2018-08-27,2018-08-24,300509,4.908596767995012,4.940859845343336,4.950077867442857
2018-08-27,2018-08-24,300511,7.597858226949276,7.842005342211142,8.037323034420636
2018-08-27,2018-08-24,300547,10.29451109853649,10.336105082773,10.36730057095038
2018-08-27,2018-08-24,300567,47.55362330774534,47.80978232832574,48.6964866303348
2018-08-27,2018-08-24,300577,30.47009532276234,31.19779508858459,31.16047715187576
2018-08-27,2018-08-24,300616,80.56513304364701,79.94173419897611,81.13352610790579
2018-08-27,2018-08-24,300627,10.68671135109386,10.74812923242198,10.86624054266838
2018-08-27,2018-08-24,300639,4.703145738714193,4.736285931823159,4.758379393895804
2018-08-27,2018-08-24,300648,21.59989717867551,22.29666805540698,22.16726774972827
2018-08-27,2018-08-24,300650,8.496217569508149,8.530568853481903,8.542019281473154
2018-08-27,2018-08-24,300660,5.725915752072074,5.78815396676851,5.807957035081012
2018-08-27,2018-08-24,600130,3.19,3.19,3.22
2018-08-27,2018-08-24,601100,14.80091085293971,14.69361213886723,14.76935240762428
2018-08-28,2018-08-27,000488,6.715587774992395,6.534330345168039,6.434638758764643
2018-08-28,2018-08-27,000576,4.923350037192798,4.903695945227957,4.893868899245537
2018-08-28,2018-08-27,002001,12.21004736449701,12.23261676812824,12.20252422995326
2018-08-28,2018-08-27,002124,2.917985012489592,2.904412989175687,2.931557035803497
2018-08-28,2018-08-27,002271,9.170423945055079,9.134971275164403,9.3181434029329
2018-08-28,2018-08-27,002323,,,
2018-08-28,2018-08-27,002714,8.677699815599215,8.68147272856252,8.655062337819391
2018-08-28,2018-08-27,002789,19.84801668005068,19.6991565549503,19.68923254661027
2018-08-28,2018-08-27,002812,23.04808195609357,23.18137206861074,23.29800091706326
2018-08-28,2018-08-27,002838,11.16118533329422,11.14336545250663,11.04238612804361
2018-08-28,2018-08-27,300158,2.960206906627882,2.960206906627882,2.960206906627882
2018-08-28,2018-08-27,300180,7.408248883284444,7.355190699697805,7.375087518542794
2018-08-28,2018-08-27,300230,3.808475330383036,3.800249681721301,3.792024033059567
2018-08-28,2018-08-27,300259,2.946743101747581,2.990333976033788,2.990333976033788
2018-08-28,2018-08-27,300346,5.294450739883885,5.286113022183281,5.294450739883885
2018-08-28,2018-08-27,300387,6.131578489615263,6.151136953696971,6.151136953696971
2018-08-28,2018-08-27,300388,8.047747301908016,8.066163199624054,8.056955250766034
2018-08-28,2018-08-27,300396,15.64815267885374,15.63928184400178,15.48847765151849
2018-08-28,2018-08-27,300401,15.28462101464796,15.45351185458882,15.35968361017723
2018-08-28,2018-08-27,300485,12.01601030072048,12.07309348504694,12.0350380288293
2018-08-28,2018-08-27,300497,9.579687227812956,9.569624531145084,9.559561834477215
2018-08-28,2018-08-27,300547,10.46608628351209,10.50248101971904,10.47648477957122
2018-08-28,2018-08-27,300567,51.35003135634711,50.89025875530537,49.7868045128052
2018-08-28,2018-08-27,300577,32.8957612088365,32.39196906326725,32.47593442086213
2018-08-28,2018-08-27,300616,80.74848564502082,81.35354922955435,80.950173506532
2018-08-28,2018-08-27,300639,4.794281269763851,4.827421462872818,4.802566318041093
2018-08-28,2018-08-27,300650,8.685149631363789,8.69660005935504,8.656523561385661
2018-08-28,2018-08-27,300660,5.841905152188159,5.86453723025959,5.86453723025959
2018-08-28,2018-08-27,600366,5.177941891577688,5.168097895586095,5.177941891577688
2018-08-28,2018-08-27,600439,3.029487892217577,3.049223969691307,3.049223969691307
2018-08-28,2018-08-27,601113,6.59340000113419,6.811200001171656,6.732000001158032
2018-08-29,2018-08-28,000488,6.371198658326119,6.298695686396376,6.217129842975416
2018-08-29,2018-08-28,000576,4.923350037192798,4.884041853263115,4.884041853263115
2018-08-29,2018-08-28,002001,12.0896772117971,12.02949213544714,11.97683019364093
2018-08-29,2018-08-28,002124,2.917985012489592,2.870482930890925,2.884054954204829
2018-08-29,2018-08-28,002271,9.312234624617787,9.247238063151547,9.223602949891095
2018-08-29,2018-08-28,002323,,,
2018-08-29,2018-08-28,002714,8.662608163745999,8.662608163745999,8.696564380415735
2018-08-29,2018-08-28,002789,19.44113233810964,19.14341208790888,18.93500791276835
2018-08-29,2018-08-28,002812,23.43684478426864,23.34243095456898,23.30355467175147
2018-08-29,2018-08-28,002838,10.78696783675482,10.69786843281686,10.66816863150421
2018-08-29,2018-08-28,300158,2.967663347198732,2.945294025486179,2.945294025486179
2018-08-29,2018-08-28,300180,7.335293880852816,7.295500243162836,7.262338878421187
2018-08-29,2018-08-28,300230,3.849603573691708,3.841377925029973,3.808475330383036
2018-08-29,2018-08-28,300259,3.00777032574827,3.00777032574827,2.972897626319305
2018-08-29,2018-08-28,300346,5.294450739883885,5.294450739883885,5.256931010231165
2018-08-29,2018-08-28,300387,6.180474649819533,6.160916185737825,6.141357721656118
2018-08-29,2018-08-28,300388,8.149034739346218,8.08457909734009,8.047747301908016
2018-08-29,2018-08-28,300396,15.49734848637045,15.35541512873912,15.33767345903521
2018-08-29,2018-08-28,300401,15.28462101464796,15.29400383908912,15.24708971688332
2018-08-29,2018-08-28,300485,12.01601030072048,11.92087166017637,11.86378847584991
2018-08-29,2018-08-28,300497,9.247618237773221,9.192273406099932,9.252649586107157
2018-08-29,2018-08-28,300547,10.44009004336427,10.40889455518689,10.3932968110982
2018-08-29,2018-08-28,300567,49.21537285151047,49.11028197127236,49.24164557157
2018-08-29,2018-08-28,300577,31.80421156010314,31.78555259174872,31.56164497149572
2018-08-29,2018-08-28,300616,80.27176888144895,80.64764171426523,79.96006945911348
2018-08-29,2018-08-28,300639,4.799804635282012,4.772187807691207,4.810851366318334
2018-08-29,2018-08-28,300650,8.730951343328792,8.719500915337543,8.667973989376913
2018-08-29,2018-08-28,300660,5.955065542545315,5.901314357125665,5.88716930833102
2018-08-29,2018-08-28,600366,5.18778588756928,5.158253899594503,5.148409903602911
2018-08-29,2018-08-28,600439,3.098564163375633,3.088696124638767,3.068960047165037
2018-08-29,2018-08-28,601113,6.553800001127379,6.534000001123972,6.553800001127379
2018-08-30,2018-08-29,000488,6.144626871045674,6.19900409999298,6.153689742536891
2018-08-30,2018-08-29,000576,4.884041853263115,5.06092868094669,5.06092868094669
2018-08-30,2018-08-29,002001,11.82636750276605,11.94673765546596,11.94673765546596
2018-08-30,2018-08-29,002124,2.877268942547877,2.877268942547877,2.890840965861782
2018-08-30,2018-08-29,002271,9.099518605273726,9.12906249684929,9.123153718534176
2018-08-30,2018-08-29,002323,,,
2018-08-30,2018-08-29,002714,8.696564380415735,8.677699815599215,8.670153989672608
2018-08-30,2018-08-29,002789,18.74645175430787,18.45865551244713,17.4662546784446
2018-08-30,2018-08-29,002812,22.86480805138246,23.04808195609357,22.90923808888818
2018-08-30,2018-08-29,002838,10.59094914809132,10.59094914809132,10.6265889096665
2018-08-30,2018-08-29,300158,2.95275046605703,2.937837584915328,2.915468263202775
2018-08-30,2018-08-29,300180,7.295500243162836,7.262338878421187,7.255706605472858
2018-08-30,2018-08-29,300230,3.833152276368239,3.841377925029973,3.841377925029973
2018-08-30,2018-08-29,300259,2.93802492689034,2.93802492689034,2.929306752033098
2018-08-30,2018-08-29,300346,5.24859329253056,5.244424433680258,5.223580139428747
2018-08-30,2018-08-29,300387,6.160916185737825,6.209812345942093,6.160916185737825
2018-08-30,2018-08-29,300388,7.992499608759906,8.066163199624054,8.02933140419198
2018-08-30,2018-08-29,300396,15.16912759684801,15.12477342258822,14.91187338614123
2018-08-30,2018-08-29,300401,14.79671414370769,14.92807368588392,14.87177673923696
2018-08-30,2018-08-29,300485,12.04455189288371,12.0350380288293,12.00649643666607
2018-08-30,2018-08-29,300497,9.484091609468184,9.463966216132441,9.489122957802119
2018-08-30,2018-08-29,300547,10.27371410641823,10.336105082773,10.29451109853649
2018-08-30,2018-08-29,300567,49.29419101168905,49.3138955517337,48.99205473100449
2018-08-30,2018-08-29,300577,32.18672041136868,32.12141402212821,32.07476660124217
2018-08-30,2018-08-29,300616,79.19915616341223,79.88672841856396,79.55669373609113
2018-08-30,2018-08-29,300639,4.730762566304998,4.774949490450287,4.772187807691207
2018-08-30,2018-08-29,300650,8.593546207433782,8.667973989376913,8.656523561385661
2018-08-30,2018-08-29,300660,5.88716930833102,5.91263039616138,5.898485347366737
2018-08-30,2018-08-29,600366,4.990905967737429,5.010593959720614,5.000749963729022
2018-08-30,2018-08-29,600439,3.078828085901903,3.088696124638767,3.078828085901903
2018-08-30,2018-08-29,601113,6.543900001125676,6.603300001135893,6.633000001141003
2018-08-31,2018-08-30,000488,6.162752614028109,6.126501128063237,6.081186770607149
2018-08-31,2018-08-30,000576,4.903695945227957,4.785771393438908,4.825079577368591
2018-08-31,2018-08-30,002001,11.66085854280367,11.60819660099746,11.52544212101627
2018-08-31,2018-08-30,002124,2.972273105745213,2.93834304746045,2.985845129059118
2018-08-31,2018-08-30,002271,9.064065935383049,8.922255255820343,8.939981590765681
2018-08-31,2018-08-30,002323,,,
2018-08-31,2018-08-30,002714,8.602241556333135,8.583376991516614,8.587149904479919
2018-08-31,2018-08-30,002789,17.33724257002427,16.69218202792262,16.82119413634295
2018-08-31,2018-08-30,002812,22.74817920292994,22.65376537323028,22.64265786385385
2018-08-31,2018-08-30,002838,10.52560958520349,10.5671893070412,10.50184974415337
2018-08-31,2018-08-30,300158,2.893098941490222,2.855816738635966,2.863273179206817
2018-08-31,2018-08-30,300180,7.302132516111167,7.249074332524527,7.229177513679538
2018-08-31,2018-08-30,300230,3.767347087074364,3.767347087074364,3.734444492427426
2018-08-31,2018-08-30,300259,2.868279528032409,2.868279528032409,2.859561353175167
2018-08-31,2018-08-30,300346,5.156878397823911,5.131865244722097,5.127696385871795
2018-08-31,2018-08-30,300387,6.04356540124758,5.984890009002458,5.994669241043312
2018-08-31,2018-08-30,300388,7.946459864469816,8.010915506475943,8.075371148482072
2018-08-31,2018-08-30,300396,14.95622756040102,14.82316503762165,14.64574834058249
2018-08-31,2018-08-30,300401,15.01251910585435,14.8623939147958,14.87177673923696
2018-08-31,2018-08-30,300485,11.87330233990432,11.65448346665288,11.71156665097934
2018-08-31,2018-08-30,300497,9.358307901119799,9.22749284443748,9.192273406099932
2018-08-31,2018-08-30,300547,10.06574418523568,10.08654117735393,10.07094343326524
2018-08-31,2018-08-30,300567,49.28105465165929,48.72275935039433,48.42062306970976
2018-08-31,2018-08-30,300577,31.62695136073618,30.95522849997718,30.9738874683316
2018-08-31,2018-08-30,300616,78.33739893695537,77.70483246221578,77.28312147905602
2018-08-31,2018-08-30,300639,4.716954152509595,4.636865352496259,4.636865352496259
2018-08-31,2018-08-30,300650,8.335911577630638,8.393163717586893,8.444690643547521
2018-08-31,2018-08-30,300660,5.793811986286368,5.790982976527438,5.827760103393515
2018-08-31,2018-08-30,600366,4.921997995796281,4.902310003813096,4.882622011829911
2018-08-31,2018-08-30,600439,3.009751814743847,2.990015737270117,3.009751814743847
2018-08-31,2018-08-30,601113,6.543900001125676,6.484500001115458,6.474600001113755
2018-09-03,2018-08-31,000488,6.026809541659842,5.972432312712534,5.918055083765227
2018-09-03,2018-08-31,000576,4.756290255491646,4.716982071561962,4.746463209509225
2018-09-03,2018-08-31,002001,11.47278017921006,11.52544212101627,11.39002569922888
2018-09-03,2018-08-31,002124,3.074063280599501,3.019775187343881,3.040133222314738
2018-09-03,2018-08-31,002271,9.111336161903951,8.98134303897147,8.892711364244779
2018-09-03,2018-08-31,002323,,,
2018-09-03,2018-08-31,002714,8.662608163745999,8.647516511892784,8.481508341507407
2018-09-03,2018-08-31,002789,16.48377785278209,16.12651355254118,16.19598161092135
2018-09-03,2018-08-31,002812,22.21501875286127,22.15948120597912,21.90956224500943
2018-09-03,2018-08-31,002838,10.51966962494096,10.47214994284072,10.09793244630131
2018-09-03,2018-08-31,300158,2.803621654640008,2.811078095210859,2.811078095210859
2018-09-03,2018-08-31,300180,7.249074332524527,7.202648421886218,7.196016148937889
2018-09-03,2018-08-31,300230,3.709767546442222,3.726218843765692,3.701541897780488
2018-09-03,2018-08-31,300259,2.824688653746202,2.842125003460684,2.833406828603443
2018-09-03,2018-08-31,300346,5.094345515069377,5.077670079668168,4.969279749560308
2018-09-03,2018-08-31,300387,5.955552312879897,5.965331544920751,5.935993848798191
2018-09-03,2018-08-31,300388,8.047747301908016,7.845172427031613,7.75309293845143
2018-09-03,2018-08-31,300396,15.15138592714409,15.08041924832843,15.08041924832843
2018-09-03,2018-08-31,300401,14.91869086144276,14.91869086144276,15.21894124355985
2018-09-03,2018-08-31,300485,11.88281620395873,11.84476074774109,11.84476074774109
2018-09-03,2018-08-31,300497,9.307994417780446,9.262712282775027,9.212398799435674
2018-09-03,2018-08-31,300547,9.998153960851345,9.992954712821781,9.800582535727919
2018-09-03,2018-08-31,300567,48.07907770893589,47.92800956859361,47.73753234816203
2018-09-03,2018-08-31,300577,30.4141184176991,30.37680048099027,29.96630317719309
2018-09-03,2018-08-31,300616,75.43126020518066,75.35791916463114,74.81702899057844
2018-09-03,2018-08-31,300639,4.681052276641548,4.650673766291662,4.595440111110051
2018-09-03,2018-08-31,300650,8.381713289595641,8.450415857543145,8.433240215556269
2018-09-03,2018-08-31,300660,5.776837927732795,5.75986386917922,5.691967634964928
2018-09-03,2018-08-31,600366,4.784182051913985,4.794026047905578,4.744806067947615
2018-09-03,2018-08-31,600439,3.009751814743847,3.009751814743847,2.980147698533252
2018-09-03,2018-08-31,601113,6.712200001154627,6.702300001152923,6.722100001156329
2018-09-04,2018-09-03,000488,5.972432312712534,5.99055805569497,6.063061027624713
2018-09-04,2018-09-03,002001,11.38250256468513,11.4953495828413,11.51039585192879
2018-09-04,2018-09-03,002027,6.3559663988804,6.4612723510512,6.491359765957143
2018-09-04,2018-09-03,002035,9.764949135077599,9.803431693245392,9.909258728206824
2018-09-04,2018-09-03,002061,5.587617596015234,5.56929753832338,5.605937653707087
2018-09-04,2018-09-03,002080,5.069599546245406,5.063157869566568,5.095366252960758
2018-09-04,2018-09-03,002164,2.83,2.81,2.84
2018-09-04,2018-09-03,002271,9.028613265492373,9.016795708862146,9.10542738358884
2018-09-04,2018-09-03,002323,,,
2018-09-04,2018-09-03,002493,7.425395025571396,7.405905799782494,7.477366294341799
2018-09-04,2018-09-03,002627,5.133431533015684,5.133431533015684,5.167427768333668
2018-09-04,2018-09-03,002714,8.632424860039567,8.526783297067055,8.572058252626702
2018-09-04,2018-09-03,002745,14.79972075780771,14.53298160461466,14.60181751511609
2018-09-04,2018-09-03,002789,16.29522169432161,16.62271396954244,16.77157409464282
2018-09-04,2018-09-03,002838,10.18703185023927,10.08605252577625,10.22267161181445
2018-09-04,2018-09-03,300259,2.824688653746202,2.833406828603443,2.842125003460684
2018-09-04,2018-09-03,300274,4.719318394214804,4.67192208322556,4.692234787935236
2018-09-04,2018-09-03,300388,7.891212171321706,7.882004222463687,7.946459864469816
2018-09-04,2018-09-03,300393,3.703015999765917,3.625262382972932,3.678717994518109
2018-09-04,2018-09-03,300396,15.2134817711078,15.05380674377255,15.17799843169997
2018-09-04,2018-09-03,300485,11.72108051503375,11.74962210719698,11.81621915557786
2018-09-04,2018-09-03,300545,19.08139740204112,19.22985225734746,19.3981010933613
2018-09-04,2018-09-03,300554,23.80942981511438,23.46407961058516,23.69102403070437
2018-09-04,2018-09-03,300567,48.73589571042409,48.38121398962046,49.26135011161465
2018-09-04,2018-09-03,300577,29.60245329428197,29.30390980061131,29.44385206326943
2018-09-04,2018-09-03,300616,76.18300587081323,77.38396540981161,76.47637003301132
2018-09-04,2018-09-03,300626,7.929400074933521,7.949248385509073,7.949248385509073
2018-09-04,2018-09-03,300639,4.625818621459937,4.609248524905453,4.625818621459937
2018-09-04,2018-09-03,300660,5.708941693518501,5.703283674000643,5.771179908214936
2018-09-04,2018-09-03,300668,17.58499367424997,17.74477181025331,17.84815766296136
2018-09-04,2018-09-03,600167,5.856126190297055,5.748427317831823,5.741696138302745
2018-09-04,2018-09-03,600366,4.902310003813096,4.892466007821503,4.931841991787874
2018-09-04,2018-09-03,600439,3.019619853480712,3.029487892217577,3.078828085901903
2018-09-04,2018-09-03,601100,14.56737835760548,14.51688484510079,14.51688484510079
2018-09-04,2018-09-03,601113,6.741900001159735,6.732000001158032,6.741900001159735
2018-09-05,2018-09-04,000488,6.072123899115931,6.026809541659842,6.035872413151059
2018-09-05,2018-09-04,002001,11.45021077557883,11.3599331610539,11.35241002651015
2018-09-05,2018-09-04,002027,6.476316058504171,6.401097521239315,6.401097521239315
2018-09-05,2018-09-04,002035,10.10167151904579,9.99584448408436,10.0247064027102
2018-09-05,2018-09-04,002061,5.599830967809803,5.575404224220666,5.56929753832338
2018-09-05,2018-09-04,002080,5.140457989712623,5.134016313033785,5.172666373106812
2018-09-05,2018-09-04,002164,2.86,2.86,3.15
2018-09-05,2018-09-04,002271,9.117244940219065,9.034522043807485,9.040430822122598
2018-09-05,2018-09-04,002323,,,
2018-09-05,2018-09-04,002493,7.431891434167696,7.314956079434288,7.340941713819491
2018-09-05,2018-09-04,002627,5.167427768333668,5.173093807553332,5.173093807553332
2018-09-05,2018-09-04,002714,8.526783297067055,8.511691645213839,8.424914647057847
2018-09-05,2018-09-04,002745,14.52437711580198,14.43833222767519,14.62763098155413
2018-09-05,2018-09-04,002789,16.56316991950229,16.45400582776201,16.27537367764155
2018-09-05,2018-09-04,002838,10.22267161181445,10.24643145286457,10.21079169128939
2018-09-05,2018-09-04,300259,2.87699770288965,2.868279528032409,2.885715877746891
2018-09-05,2018-09-04,300274,4.712547492644913,4.67192208322556,4.699005689505129
2018-09-05,2018-09-04,300388,8.08457909734009,8.02933140419198,8.066163199624054
2018-09-05,2018-09-04,300393,3.732173606063286,3.722454403964163,4.106362886879527
2018-09-05,2018-09-04,300396,15.34654429388717,15.32880262418325,15.28444844992346
2018-09-05,2018-09-04,300485,11.87330233990432,11.87330233990432,11.88281620395873
2018-09-05,2018-09-04,300545,19.34861614159253,19.37830711265379,19.29913118982375
2018-09-05,2018-09-04,300554,23.81929696381522,23.67128973330269,23.66142258460186
2018-09-05,2018-09-04,300567,49.19566831146583,48.32210036948652,48.4403276097544
2018-09-05,2018-09-04,300577,30.47009532276234,30.16222234491447,30.18088131326889
2018-09-05,2018-09-04,300616,76.47637003301132,74.45949141789953,75.1287284129139
2018-09-05,2018-09-04,300626,8.058414093674616,8.018717472523511,8.038565783099063
2018-09-05,2018-09-04,300639,4.730762566304998,4.697622373196031,4.678290593882468
2018-09-05,2018-09-04,300660,5.785324957009581,5.757034859420292,5.757034859420292
2018-09-05,2018-09-04,300668,18.28049850155863,18.29929592932373,18.18651136273314
2018-09-05,2018-09-04,600167,5.728233779244592,5.620534906779358,5.654190804424744
2018-09-05,2018-09-04,600366,5.010593959720614,4.961373979762651,5.000749963729022
2018-09-05,2018-09-04,600439,3.118300240849363,3.167640434533688,3.138036318323093
2018-09-05,2018-09-04,601100,14.66205369355179,14.54844329041622,14.52950822322696
2018-09-05,2018-09-04,601113,6.801300001169953,6.771600001164845,6.791400001168251
2018-09-06,2018-09-05,000488,5.936180826747663,5.899929340782792,5.899929340782792
2018-09-06,2018-09-05,002001,11.20947047017901,11.14928539382906,11.14176225928531
2018-09-06,2018-09-05,002027,6.303313422795001,6.318357130247972,6.258182300436087
2018-09-06,2018-09-05,002035,9.764949135077599,9.726466576909804,9.697604658283959
2018-09-06,2018-09-05,002061,5.453270506274976,5.477697249864115,5.453270506274976
2018-09-06,2018-09-05,002080,5.037391162851217,5.037391162851217,5.030949486172378
2018-09-06,2018-09-05,002164,3.15,3.02,3.03
2018-09-06,2018-09-05,002271,8.98134303897147,8.951799147395906,8.969525482341245
2018-09-06,2018-09-05,002323,,,
2018-09-06,2018-09-05,002493,7.269481219260185,7.19802072470088,7.224006359086082
2018-09-06,2018-09-05,002627,5.105101336917363,5.133431533015684,5.116433415356691
2018-09-06,2018-09-05,002714,8.296635606305509,8.357002213718374,8.40982299520463
2018-09-06,2018-09-05,002745,14.77390729136967,14.66204893680484,14.6792579144302
2018-09-06,2018-09-05,002789,16.03719747748095,16.07689351084105,16.15628557756125
2018-09-06,2018-09-05,002838,10.22861157207698,10.22861157207698,10.09793244630131
2018-09-06,2018-09-05,300259,2.859561353175167,2.842125003460684,2.842125003460684
2018-09-06,2018-09-05,300274,4.631296673806207,4.590671264386855,4.54327495339761
2018-09-06,2018-09-05,300388,7.946459864469816,7.97408371104387,7.909628069037741
2018-09-06,2018-09-05,300393,4.106362886879527,4.018890067987419,4.060196676908693
2018-09-06,2018-09-05,300396,15.34654429388717,15.19574010140388,15.24009427566367
2018-09-06,2018-09-05,300485,11.72108051503375,11.75913597125139,11.73059437908816
2018-09-06,2018-09-05,300545,18.883457594966,18.883457594966,18.883457594966
2018-09-06,2018-09-05,300554,23.30620523137181,23.19766659566262,23.36540812357681
2018-09-06,2018-09-05,300567,45.43866934295335,44.72930590134609,46.02323736427784
2018-09-06,2018-09-05,300577,29.76105452529451,29.8636788512438,29.58379432592756
2018-09-06,2018-09-05,300616,73.87276309350338,71.82838158818552,72.30509835175741
2018-09-06,2018-09-05,300626,8.108034870113499,8.16757980184016,8.16757980184016
2018-09-06,2018-09-05,300639,4.64238871801442,4.63962703525534,4.63962703525534
2018-09-06,2018-09-05,300660,5.658019517857781,5.615584371473848,5.658019517857781
2018-09-06,2018-09-05,300668,17.9139486601392,17.8951512323741,17.81056280743116
2018-09-06,2018-09-05,600167,5.580147829604895,5.398405982319814,5.438793059494277
2018-09-06,2018-09-05,600366,5.000749963729022,4.921997995796281,4.931841991787874
2018-09-06,2018-09-05,600439,3.068960047165037,3.059092008428173,3.059092008428173
2018-09-06,2018-09-05,601100,14.47270302165917,14.25810559351421,14.20761208100951
2018-09-06,2018-09-05,601113,6.900300001186983,6.850800001178468,6.930000001192092
2018-09-07,2018-09-06,000488,5.736797653940871,5.763986268414525,5.800237754379396
2018-09-07,2018-09-06,002001,11.0891003174791,11.20194733563527,11.26213241198522
2018-09-07,2018-09-06,002027,6.009961127462059,6.047570396094487,6.070135957273945
2018-09-07,2018-09-06,002035,9.485950588361094,9.861155530497081,9.899638088664874
2018-09-07,2018-09-06,002061,5.398310333199417,5.41663039089127,5.453270506274976
2018-09-07,2018-09-06,002080,4.972974396062838,4.985857749420514,5.011624456135865
2018-09-07,2018-09-06,002164,3.03,3.03,3.03
2018-09-07,2018-09-06,002271,8.880893807614552,8.922255255820343,9.010886930547034
2018-09-07,2018-09-06,002323,,,
2018-09-07,2018-09-06,002493,7.19152431610458,7.243495584874983,7.269481219260185
2018-09-07,2018-09-06,002627,5.042774905501058,5.065439062379713,5.065439062379713
2018-09-07,2018-09-06,002714,8.530556210030358,8.598468643369831,8.632424860039567
2018-09-07,2018-09-06,002745,14.54158609342734,14.61902649274145,14.79972075780771
2018-09-07,2018-09-06,002789,15.81886929400039,15.80894528566036,15.87841334404054
2018-09-07,2018-09-06,002838,10.1335722078765,,
2018-09-07,2018-09-06,300259,2.781097779459995,2.772379604602754,2.781097779459995
2018-09-07,2018-09-06,300274,4.495878642408365,4.516191347118041,4.536504051827718
2018-09-07,2018-09-06,300388,7.97408371104387,7.992499608759906,8.010915506475943
2018-09-07,2018-09-06,300393,3.977583459066146,3.994592062739612,4.045617873760007
2018-09-07,2018-09-06,300396,15.24896511051563,15.26670678021955,15.39976930299891
2018-09-07,2018-09-06,300485,11.63545573854406,11.71156665097934,11.75913597125139
2018-09-07,2018-09-06,300545,18.76469371072093,18.76469371072093,18.95273652744229
2018-09-07,2018-09-06,300554,23.21740089306429,23.23713519046596,23.41474386708099
2018-09-07,2018-09-06,300567,46.63407810566186,47.2777597471203,47.69812326807274
2018-09-07,2018-09-06,300577,29.39720464238339,29.5184879366871,29.80770194618055
2018-09-07,2018-09-06,300616,71.36083245468234,72.99267060690914,73.64357234178613
2018-09-07,2018-09-06,300626,8.16757980184016,8.187428112415713,8.207276422991265
2018-09-07,2018-09-06,300639,4.612010207664534,4.628580304219017,4.681052276641548
2018-09-07,2018-09-06,300660,5.672164566652426,5.666506547134568,5.723086742313146
2018-09-07,2018-09-06,300668,17.68837952695802,17.85755637684391,17.876353804609
2018-09-07,2018-09-06,600167,5.647459624895667,5.573416650075819,5.654190804424744
2018-09-07,2018-09-06,600366,4.862934019846726,4.912153999804689,4.931841991787874
2018-09-07,2018-09-06,600439,3.039355930954442,3.059092008428173,3.098564163375633
2018-09-07,2018-09-06,601100,13.45020939343903,13.67743019971017,13.68374188877326
2018-09-07,2018-09-06,601113,6.840900001176766,6.900300001186983,6.959700001197201
2018-09-10,2018-09-07,000488,5.718671910958435,5.664294682011129,5.61898032455504
2018-09-10,2018-09-07,002001,11.16433166291655,11.11166972111034,11.02891524112915
2018-09-10,2018-09-07,002027,5.859524052932346,5.761739954488032,5.74669624703506
2018-09-10,2018-09-07,002035,9.832293611871238,9.784190414161495,9.851534890955135
2018-09-10,2018-09-07,002061,5.392203647302133,5.379990275507565,5.337243474226574
2018-09-10,2018-09-07,002080,5.024507809493541,4.985857749420514,4.972974396062838
2018-09-10,2018-09-07,002164,3,2.98,2.95
2018-09-10,2018-09-07,002271,8.892711364244779,8.827714802778537,8.768627019627409
2018-09-10,2018-09-07,002323,,,
2018-09-10,2018-09-07,002493,7.165538681719378,7.211013541893482,7.068092552774872
2018-09-10,2018-09-07,002627,4.991780552524081,4.986114513304416,4.912456003448783
2018-09-10,2018-09-07,002714,8.639970685966174,8.651289424856087,8.787114291535032
2018-09-10,2018-09-07,002745,15.17831826556558,14.91157911237253,14.85134769068378
2018-09-10,2018-09-07,002789,15.70970520226011,15.67000916890001,15.38221292703927
2018-09-10,2018-09-07,002838,,,
2018-09-10,2018-09-07,300259,2.68519785603034,2.68519785603034,2.702634205744823
2018-09-10,2018-09-07,300274,4.604213067526639,4.57712946124707,4.54327495339761
2018-09-10,2018-09-07,300388,7.928043966753778,7.872796273605669,7.863588324747649
2018-09-10,2018-09-07,300393,4.133090692652116,4.045617873760007,4.009170865888296
2018-09-10,2018-09-07,300396,15.4441234772587,15.34654429388717,15.30219011962738
2018-09-10,2018-09-07,300485,11.64496960259847,11.56885869016318,11.587886418272
2018-09-10,2018-09-07,300545,18.72510574930591,18.55685691329206,18.49747497116953
2018-09-10,2018-09-07,300554,22.99045647294509,22.72404345802255,22.64510626841587
2018-09-10,2018-09-07,300567,46.89023712624226,47.7506687081918,46.79171442601903
2018-09-10,2018-09-07,300577,29.59312381010476,29.41586361073781,29.03335475947227
2018-09-10,2018-09-07,300616,73.75358390261042,72.54345673354334,73.01100586704652
2018-09-10,2018-09-07,300626,8.227124733566818,8.217200578279042,8.07826240425017
2018-09-10,2018-09-07,300639,4.625818621459937,4.600963476628212,4.600963476628212
2018-09-10,2018-09-07,300660,5.720257732554216,5.703283674000643,5.683480605688141
2018-09-10,2018-09-07,300668,17.876353804609,17.71657566860567,17.58499367424997
2018-09-10,2018-09-07,600167,5.607072547721204,5.573416650075819,5.519567213843202
2018-09-10,2018-09-07,600366,4.902310003813096,4.853090023855133,4.853090023855133
2018-09-10,2018-09-07,600439,3.098564163375633,3.108432202112498,3.128168279586228
2018-09-10,2018-09-07,601100,14.17605363569407,14.23285883726186,14.12556012318937
2018-09-10,2018-09-07,601113,6.979500001200607,6.910200001188686,6.801300001169953
2018-09-11,2018-09-10,000488,5.510225866660426,5.591791710081386,5.582728838590169
2018-09-11,2018-09-10,000938,29.05919574052961,29.27017731657411,29.3194063509845
2018-09-11,2018-09-10,002001,10.82579060844805,10.9010219538855,10.87845255025426
2018-09-11,2018-09-10,002027,5.709086978402632,5.731652539582089,5.716608832129118
2018-09-11,2018-09-10,002035,9.81305233278734,9.620639541948373,9.649501460574218
2018-09-11,2018-09-10,002080,4.902115952595621,4.908557629274459,4.889232599237945
2018-09-11,2018-09-10,002094,6.49,5.84,5.93
2018-09-11,2018-09-10,002124,3.053705245628643,3.019775187343881,3.012989175686928
2018-09-11,2018-09-10,002271,8.691812901530943,8.744991906366959,8.697721679846056
2018-09-11,2018-09-10,002323,,,
2018-09-11,2018-09-10,002611,4.729297109379963,4.778663467515453,4.778663467515453
2018-09-11,2018-09-10,002627,4.980448474084752,5.003112630963408,5.003112630963408
2018-09-11,2018-09-10,002691,8.121480538885887,8.281312874214512,8.231365269424318
2018-09-11,2018-09-10,002714,8.847480898947895,8.700337293379038,8.711656032268952
2018-09-11,2018-09-10,002734,9.820310879757518,9.902146803755496,9.838496640645957
2018-09-11,2018-09-10,002832,15.96083748401025,15.81253107996145,15.82787312175961
2018-09-11,2018-09-10,002838,,,
2018-09-11,2018-09-10,300138,5.017976537979457,5.046220308362081,5.027391128106998
2018-09-11,2018-09-10,300349,15.96000237318965,15.91542136097404,15.87084034875843
2018-09-11,2018-09-10,300388,7.780716785025485,7.928043966753778,7.891212171321706
2018-09-11,2018-09-10,300482,24.02829643957289,24.20465090885415,24.19730280596743
2018-09-11,2018-09-10,300485,11.25490117636764,11.23587344825882,11.30247049663969
2018-09-11,2018-09-10,300497,8.95580003440497,8.9457373377371,8.920580596067422
2018-09-11,2018-09-10,300545,18.04221341489676,18.04221341489676,17.98283147277423
2018-09-11,2018-09-10,300554,21.83600007494742,21.97414015675911,22.03334304896411
2018-09-11,2018-09-10,300567,45.38612390283429,45.78021470372721,46.18744186464988
2018-09-11,2018-09-10,300577,29.02402527529506,28.96804837023181,28.90274198099135
2018-09-11,2018-09-10,300600,8.748136076600904,8.775371867623946,8.878867873511505
2018-09-11,2018-09-10,300616,72.42427754265037,71.98423129935325,71.44334112530055
2018-09-11,2018-09-10,300626,8.068338248962394,8.108034870113499,8.028641627811286
2018-09-11,2018-09-10,300641,5.132447186821851,5.160290480782909,5.132447186821851
2018-09-11,2018-09-10,300668,17.03046955517956,17.1526528356527,17.1714502634178
2018-09-11,2018-09-10,600167,5.600341368192128,5.519567213843202,5.499373675255971
2018-09-11,2018-09-10,600280,4.96,4.65,4.6
2018-09-12,2018-09-11,000488,5.573665967098951,5.582728838590169,5.600854581572604
2018-09-12,2018-09-11,000938,29.33347178938747,29.48115889261862,29.81872941428982
2018-09-12,2018-09-11,002001,10.78817493572933,10.75808239755436,10.79569807027308
2018-09-12,2018-09-11,002027,5.671477709770204,5.64139029486426,5.656434002317232
2018-09-12,2018-09-11,002035,9.659122100116166,9.716845937367856,9.726466576909804
2018-09-12,2018-09-11,002080,4.831257509128405,4.818374155770729,4.805490802413053
2018-09-12,2018-09-11,002094,5.84,5.71,5.72
2018-09-12,2018-09-11,002124,2.99263114071607,2.985845129059118,3.053705245628643
2018-09-12,2018-09-11,002271,8.567728556913574,8.490914438817107,8.437735433981091
2018-09-12,2018-09-11,002323,,,
2018-09-12,2018-09-11,002611,4.78853673914255,4.768790195888355,4.828029825650943
2018-09-12,2018-09-11,002627,5.008778670183073,4.980448474084752,4.997446591743745
2018-09-12,2018-09-11,002691,8.241354790382356,8.18141766463412,8.171428143676081
2018-09-12,2018-09-11,002714,8.847480898947895,8.734293510048774,8.802205943388246
2018-09-12,2018-09-11,002734,9.874868162422835,9.893053923311276,9.883961042867055
2018-09-12,2018-09-11,002832,16.0631177626646,15.85855720535591,16.02731966513558
2018-09-12,2018-09-11,002838,,,
2018-09-12,2018-09-11,300138,5.027391128106998,4.989732767596833,5.027391128106998
2018-09-12,2018-09-11,300349,15.24670617773984,15.1932089630811,15.25562238018296
2018-09-12,2018-09-11,300388,7.891212171321706,7.854380375889631,7.882004222463687
2018-09-12,2018-09-11,300482,24.61614467051045,24.55735984741669,24.79984724267844
2018-09-12,2018-09-11,300485,11.24538731231323,11.25490117636764,11.30247049663969
2018-09-12,2018-09-11,300497,8.925611944401355,8.855173067726263,8.850141719392326
2018-09-12,2018-09-11,300545,18.13128632808057,18.12138933772681,18.06200739560428
2018-09-12,2018-09-11,300554,22.00374160286161,22.13201453597246,22.40829469959584
2018-09-12,2018-09-11,300567,45.79335106375697,45.6751238234891,45.44523752296823
2018-09-12,2018-09-11,300577,28.57621003478906,28.79078817086485,28.37096138289047
2018-09-12,2018-09-11,300600,8.944233771966804,8.949680930171411,8.993258195808279
2018-09-12,2018-09-11,300616,70.90245095124784,70.6640925694619,71.25082089385806
2018-09-12,2018-09-11,300626,8.157655646552383,8.296593820581254,8.227124733566818
2018-09-12,2018-09-11,300641,5.15100938279589,5.15100938279589,5.160290480782909
2018-09-12,2018-09-11,300668,17.0398682690621,17.04926698294465,17.12445669400505
2018-09-12,2018-09-11,600167,5.553223111488587,5.512836034314125,5.519567213843202
2018-09-12,2018-09-11,600280,4.46,4.26,4.3
2018-09-13,2018-09-12,000488,5.637106067537475,5.691483296484782,5.700546167976
2018-09-13,2018-09-12,000938,29.48115889261862,29.98751467512543,30.01564555193136
2018-09-13,2018-09-12,002001,10.82579060844805,10.95368389569171,10.9010219538855
2018-09-13,2018-09-12,002027,5.694043270949661,5.724130685855603,5.709086978402632
2018-09-13,2018-09-12,002035,9.716845937367856,9.793811053703443,9.716845937367856
2018-09-13,2018-09-12,002080,4.818374155770729,4.863465892522594,4.869907569201432
2018-09-13,2018-09-12,002094,5.6,5.64,5.64
2018-09-13,2018-09-12,002124,3.074063280599501,3.080849292256453,3.074063280599501
2018-09-13,2018-09-12,002271,8.502731995447332,8.550002221968235,8.508640773762446
2018-09-13,2018-09-12,002323,,,
2018-09-13,2018-09-12,002611,4.837903097278041,4.89714272704063,4.926762541921924
2018-09-13,2018-09-12,002627,5.014444709402737,5.003112630963408,5.003112630963408
2018-09-13,2018-09-12,002691,8.381208083794906,8.331260479004708,8.271323353256474
2018-09-13,2018-09-12,002714,8.677699815599215,8.670153989672608,8.651289424856087
2018-09-13,2018-09-12,002734,9.956704086420816,10.02035424953035,9.983982727753476
2018-09-13,2018-09-12,002832,15.95572347007753,16.03754769300101,15.95572347007753
2018-09-13,2018-09-12,002838,,,
2018-09-13,2018-09-12,300138,5.027391128106998,5.055634898489622,5.036805718234539
2018-09-13,2018-09-12,300349,15.33586820217107,15.54094085836289,15.47852744126103
2018-09-13,2018-09-12,300388,7.80834063159954,7.872796273605669,7.826756529315577
2018-09-13,2018-09-12,300482,24.26343573194791,24.4103977896823,24.10177746844008
2018-09-13,2018-09-12,300485,11.21684572014999,11.28344276853087,11.22635958420441
2018-09-13,2018-09-12,300497,8.875298461062004,8.910517899399551,8.865235764394132
2018-09-13,2018-09-12,300545,18.24015322197188,18.40840205798573,18.51726895187704
2018-09-13,2018-09-12,300554,22.49709903790335,22.90165213463758,22.64510626841587
2018-09-13,2018-09-12,300567,44.34835146048294,44.84096496159908,44.73587408136098
2018-09-13,2018-09-12,300577,28.26833705694118,28.53889209808023,28.13772427846027
2018-09-13,2018-09-12,300600,9.227485998606435,9.27651042244791,9.222038840401826
2018-09-13,2018-09-12,300616,71.46167638543793,72.8459885258101,72.73597696498584
2018-09-13,2018-09-12,300626,8.137807335976829,8.177503957127936,8.16757980184016
2018-09-13,2018-09-12,300641,5.16957157876993,5.206695970718008,5.197414872730988
2018-09-13,2018-09-12,300668,17.29363354389094,17.40641811048153,17.34062711330369
2018-09-13,2018-09-12,600167,5.559954291017664,5.559954291017664,5.546491931959511
2018-09-13,2018-09-12,600280,4.44,4.38,4.36
2018-09-14,2018-09-13,000488,5.691483296484782,5.637106067537475,5.646168939028694
2018-09-14,2018-09-13,000938,29.78356581828241,29.64994415345422,29.63587871505126
2018-09-14,2018-09-13,002001,10.94616076114796,10.93863762660422,10.93863762660422
2018-09-14,2018-09-13,002027,5.566171757599404,5.57369361132589,5.64139029486426
2018-09-14,2018-09-13,002035,9.726466576909804,9.668742739658114,9.611018902406425
2018-09-14,2018-09-13,002080,4.850582539164919,4.84414086248608,4.857024215843756
2018-09-14,2018-09-13,002094,5.72,5.7,5.7
2018-09-14,2018-09-13,002124,3.101207327227311,3.087635303913405,3.087635303913405
2018-09-14,2018-09-13,002271,8.585454891858911,8.597272448489138,8.550002221968235
2018-09-14,2018-09-13,002323,,,
2018-09-14,2018-09-13,002611,4.986002171684512,5.153847789345178,5.104481431209688
2018-09-14,2018-09-13,002627,5.0201107486224,4.997446591743745,5.003112630963408
2018-09-14,2018-09-13,002691,8.311281437088631,8.281312874214512,8.251344311340395
2018-09-14,2018-09-13,002714,8.628651947076262,8.666381076709303,8.69279146745243
2018-09-14,2018-09-13,002734,10.08400441263989,10.14765457574943,10.13856169530521
2018-09-14,2018-09-13,002832,15.88412727501949,15.83298713569232,15.79207502423058
2018-09-14,2018-09-13,002838,,,
2018-09-14,2018-09-13,300138,5.008561947851915,5.008561947851915,5.036805718234539
2018-09-14,2018-09-13,300349,15.57660566813538,15.54094085836289,15.54094085836289
2018-09-14,2018-09-13,300388,7.835964478173595,7.80834063159954,7.835964478173595
2018-09-14,2018-09-13,300482,23.998904028026,23.71967611833066,23.67558750101034
2018-09-14,2018-09-13,300485,11.21684572014999,11.19781799204117,11.18830412798676
2018-09-14,2018-09-13,300497,8.89039250606381,8.814922281054779,8.794796887719038
2018-09-14,2018-09-13,300545,18.24015322197188,18.35891710621695,18.2797411833869
2018-09-14,2018-09-13,300554,22.76351205282589,22.74377775542422,22.64510626841587
2018-09-14,2018-09-13,300567,44.59794230104846,44.24326058024483,44.44687416070617
2018-09-14,2018-09-13,300577,27.66192058542264,27.54063729111893,27.36337709175197
2018-09-14,2018-09-13,300600,10.01187678007003,9.902933615977862,9.93561656520551
2018-09-14,2018-09-13,300616,73.06601164745867,72.16758390072705,72.42427754265037
2018-09-14,2018-09-13,300626,8.147731491264608,8.127883180689052,8.16757980184016
2018-09-14,2018-09-13,300641,5.197414872730988,5.197414872730988,5.160290480782909
2018-09-14,2018-09-13,300668,17.40641811048153,17.38762068271643,17.36882325495134
2018-09-14,2018-09-13,600167,5.566685470546742,5.539760752430434,5.512836034314125
2018-09-14,2018-09-13,600280,4.32,4.35,4.36
2018-09-17,2018-09-14,000488,5.637106067537475,5.564603095607733,5.573665967098951
2018-09-17,2018-09-14,000938,29.08732661733555,28.63019986923912,28.74975609566434
2018-09-17,2018-09-14,002001,10.84836001207929,10.71294359029189,10.7656055320981
2018-09-17,2018-09-14,002027,5.776783661941002,5.678999563496689,5.74669624703506
2018-09-17,2018-09-14,002035,9.784190414161495,9.649501460574218,9.58215698378058
2018-09-17,2018-09-14,002080,4.831257509128405,4.895674275916783,4.882790922559108
2018-09-17,2018-09-14,002094,5.61,5.53,5.5
2018-09-17,2018-09-14,002124,3.107993338884263,3.074063280599501,3.074063280599501
2018-09-17,2018-09-14,002271,8.674086566585604,8.674086566585604,8.591363670174024
2018-09-17,2018-09-14,002323,,,
2018-09-17,2018-09-14,002611,4.995875443311609,4.828029825650943,4.857649640532237
2018-09-17,2018-09-14,002627,4.986114513304416,4.96345035642576,4.906789964229119
2018-09-17,2018-09-14,002691,8.091511976011768,7.94166916164118,7.94166916164118
2018-09-17,2018-09-14,002714,8.655062337819391,8.307954345195423,8.372093865571591
2018-09-17,2018-09-14,002734,10.04763289086302,10.06581865175145,10.21130473885897
2018-09-17,2018-09-14,002832,15.88412727501949,16.00686360940471,15.85855720535591
2018-09-17,2018-09-14,002838,,,
2018-09-17,2018-09-14,300138,5.027391128106998,4.970903587341751,4.933245226831586
2018-09-17,2018-09-14,300349,15.49635984614727,15.42503022660229,15.40719782171605
2018-09-17,2018-09-14,300388,7.964875762185851,7.937251915611796,8.020123455333962
2018-09-17,2018-09-14,300482,23.30818235667437,23.02160634409231,23.28613804801421
2018-09-17,2018-09-14,300485,11.00754071095296,10.93142979851768,10.97899911878973
2018-09-17,2018-09-14,300497,8.699201269374264,8.608636999363428,8.603605651029493
2018-09-17,2018-09-14,300545,18.14118331843432,17.86406758852916,17.64633380074653
2018-09-17,2018-09-14,300554,22.29975606388666,22.01360875156244,21.85573437234909
2018-09-17,2018-09-14,300567,43.95426065959003,43.33685173819112,43.78348797920309
2018-09-17,2018-09-14,300577,27.89515768985285,27.77387439554914,27.63393213289102
2018-09-17,2018-09-14,300600,9.62512854754284,9.608787072929013,9.717730237021179
2018-09-17,2018-09-14,300616,71.37000008475103,70.1323700254779,70.96662436172868
2018-09-17,2018-09-14,300626,8.207276422991265,8.088186559537947,8.127883180689052
2018-09-17,2018-09-14,300641,5.132447186821851,4.956106325068478,4.956106325068478
2018-09-17,2018-09-14,300668,17.06806441070976,17.07746312459231,16.96467855800171
2018-09-17,2018-09-14,600167,5.485911316197817,5.458986598081508,5.519567213843202
2018-09-17,2018-09-14,600280,4.28,4.14,4.15
2018-09-18,2018-09-17,000488,5.546477352625297,5.573665967098951,5.546477352625297
2018-09-18,2018-09-17,000736,5.519765537912961,5.513584389494246,5.501222092656815
2018-09-18,2018-09-17,000938,28.3840546971872,28.74975609566434,28.54580723882133
2018-09-18,2018-09-17,002027,5.656434002317232,5.678999563496689,5.618824733684804
2018-09-18,2018-09-17,002271,8.230928192952144,8.22501941463703,8.171840409801016
2018-09-18,2018-09-17,002323,,,
2018-09-18,2018-09-17,002327,5.331596307379724,5.317186587630048,5.281162288255861
2018-09-18,2018-09-17,002440,8.994665111573354,9.038843230981868,8.959322616046544
2018-09-18,2018-09-17,002627,4.929454121107775,4.93512016032744,4.946452238766768
2018-09-18,2018-09-17,002645,6.078514407841592,6.121450432922209,6.188921329477463
2018-09-18,2018-09-17,002664,13.77882821139483,12.40094539025535,12.40094539025535
2018-09-18,2018-09-17,002682,4.8,4.78,4.8
2018-09-18,2018-09-17,002714,8.066487915543966,8.145719087773349,8.187221130369695
2018-09-18,2018-09-17,002789,14.53867221813712,14.61806428485732,14.59821626817727
2018-09-18,2018-09-17,002815,13.58207893817018,13.83121258093231,13.57348812290252
2018-09-18,2018-09-17,002838,,,
2018-09-18,2018-09-17,002883,10.35408156623294,10.39144165435852,10.30604716721433
2018-09-18,2018-09-17,300241,6.02919969892092,6.147806906112808,6.128039038247493
2018-09-18,2018-09-17,300270,6.89,6.94,6.93
2018-09-18,2018-09-17,300393,3.814786823905833,3.778339816034122,3.783199417083683
2018-09-18,2018-09-17,300396,15.08041924832843,15.08041924832843,15.1070317528843
2018-09-18,2018-09-17,300401,14.13053360838541,14.34633857053206,14.21497902835584
2018-09-18,2018-09-17,300433,8.389175915018946,8.516147226165177,8.470800329327238
2018-09-18,2018-09-17,300468,5.269044877530764,5.246906033507526,5.243216226170319
2018-09-18,2018-09-17,300485,10.56038910039567,10.5889306925589,10.48427818796038
2018-09-18,2018-09-17,300497,8.352038234332724,8.286630705991564,8.321850144329112
2018-09-18,2018-09-17,300627,10.5213555167489,10.57804894566718,10.53080442156862
2018-09-18,2018-09-17,300639,4.29441669037027,4.327556883479236,4.283369959333947
2018-09-18,2018-09-17,300665,7.25704489462548,7.285337467314079,7.26411803779763
2018-09-18,2018-09-17,300666,41.57398616186928,42.30885511358745,41.74055645759206
2018-09-18,2018-09-17,300668,16.65452099987758,16.65452099987758,16.63572357211248
2018-09-18,2018-09-17,600130,3.17,3.18,3.19
2018-09-18,2018-09-17,600203,5.03,5.03,5.05
2018-09-18,2018-09-17,600366,4.80387004389717,4.794026047905578,4.794026047905578
2018-09-18,2018-09-17,601100,13.54488472938534,13.39971588093433,13.27348209967259
2018-09-18,2018-09-17,601113,6.534000001123972,6.514200001120567,6.781500001166547
2018-09-19,2018-09-18,000488,5.664294682011129,5.637106067537475,5.682420424993564
2018-09-19,2018-09-18,000736,5.544490131587824,5.569214725262685,5.643388506287272
2018-09-19,2018-09-18,000938,29.01699942532071,28.89041047969401,29.11545749414148
2018-09-19,2018-09-18,002027,5.889611467838288,5.897133321564774,5.927220736470717
2018-09-19,2018-09-18,002271,8.390465207460188,8.290015976103271,8.343194980939286
2018-09-19,2018-09-18,002323,,,
2018-09-19,2018-09-18,002327,5.446874065377123,5.396440046253261,5.410849766002935
2018-09-19,2018-09-18,002440,9.321583195196355,9.27740507578784,9.27740507578784
2018-09-19,2018-09-18,002627,4.929454121107775,4.991780552524081,4.918122042668447
2018-09-19,2018-09-18,002645,6.170520175871485,6.201188765214781,6.188921329477463
2018-09-19,2018-09-18,002664,12.40094539025535,13.46388356656295,13.47372558671395
2018-09-19,2018-09-18,002682,4.9,4.89,4.94
2018-09-19,2018-09-18,002714,8.232496085929343,8.311727258158728,8.319273084085335
2018-09-19,2018-09-18,002789,14.84631647667791,14.79669643497778,14.73715238493763
2018-09-19,2018-09-18,002815,13.86557584200295,13.77107687405869,13.72812279772039
2018-09-19,2018-09-18,002838,,,
2018-09-19,2018-09-18,002883,10.70633382570272,10.6529622712376,10.71700813659574
2018-09-19,2018-09-18,300241,6.02919969892092,6.266414113304695,6.197226575776094
2018-09-19,2018-09-18,300270,6.98,7.03,7.04
2018-09-19,2018-09-18,300393,3.882821238599695,3.819646424955395,3.822076225480176
2018-09-19,2018-09-18,300396,15.22235260595976,15.18686926655193,15.37315679844304
2018-09-19,2018-09-18,300401,14.3369557460909,14.23374467723815,14.44016681494365
2018-09-19,2018-09-18,300433,8.488939088062413,8.488939088062413,8.479869708694824
2018-09-19,2018-09-18,300468,5.287493914216796,5.239526418833112,5.228456996821493
2018-09-19,2018-09-18,300485,10.6745554690486,10.66504160499418,10.69358319715742
2018-09-19,2018-09-18,300497,8.523104077686527,8.437571156009625,8.43253980767569
2018-09-19,2018-09-18,300627,10.28513289625611,10.21899056251813,10.21426611010828
2018-09-19,2018-09-18,300639,4.402122317974412,4.388313904179009,4.385552221419928
2018-09-19,2018-09-18,300665,7.539970621511464,7.518751191995015,7.539970621511464
2018-09-19,2018-09-18,300666,42.28925860820829,42.36764462972491,43.63161922668016
2018-09-19,2018-09-18,300668,17.05866569682721,16.92708370247151,17.02107084129701
2018-09-19,2018-09-18,600130,3.31,3.3,3.29
2018-09-19,2018-09-18,600203,5.14,5.15,5.14
2018-09-19,2018-09-18,600366,4.862934019846726,4.882622011829911,4.902310003813096
2018-09-19,2018-09-18,601100,13.82259904816118,13.67111851064709,13.63956006533165
2018-09-19,2018-09-18,601113,6.840900001176766,6.771600001164845,6.821100001173359
2018-09-20,2018-09-19,000488,5.78211201139696,5.791174882888178,5.773049139905743
2018-09-20,2018-09-19,000736,5.705199990474427,5.711381138893143,5.736105732568004
2018-09-20,2018-09-19,000938,29.67104231105867,29.67104231105867,29.76246766067796
2018-09-20,2018-09-19,002027,6.085179664726916,6.11526707963286,6.167920055718258
2018-09-20,2018-09-19,002271,8.638633896694927,8.721356793106507,8.697721679846056
2018-09-20,2018-09-19,002323,,,
2018-09-20,2018-09-19,002327,5.583766402999034,5.583766402999034,5.54053724375001
2018-09-20,2018-09-19,002440,9.418775057895084,9.480624425067003,9.489460048948706
2018-09-20,2018-09-19,002627,4.929454121107775,4.895457885789791,4.918122042668447
2018-09-20,2018-09-19,002645,6.225723636689421,6.213456200952102,6.213456200952102
2018-09-20,2018-09-19,002664,13.53277770761993,12.34189326934937,12.50920761191631
2018-09-20,2018-09-19,002682,4.94,5.17,5.14
2018-09-20,2018-09-19,002714,8.462643776690886,8.726747684122167,8.624879034112958
2018-09-20,2018-09-19,002789,14.98525259343826,14.90586052671806,14.88601251003801
2018-09-20,2018-09-19,002815,14.04598296262381,14.16625437637104,14.19202682217402
2018-09-20,2018-09-19,002838,,,
2018-09-20,2018-09-19,002883,10.78105400195389,10.82375124552598,10.86644848909808
2018-09-20,2018-09-19,300241,6.088503302516864,6.118155104314837,6.147806906112808
2018-09-20,2018-09-19,300270,7.2,7.24,7.21
2018-09-20,2018-09-19,300393,3.851233831777545,3.936276850144872,3.975153658541365
2018-09-20,2018-09-19,300396,15.42638180755479,15.30219011962738,15.34654429388717
2018-09-20,2018-09-19,300401,14.34633857053206,14.34633857053206,14.34633857053206
2018-09-20,2018-09-19,300433,8.724742951619701,8.751951089722468,8.869853021501111
2018-09-20,2018-09-19,300468,5.309632758240035,5.305942950902828,5.31332256557724
2018-09-20,2018-09-19,300485,10.87434661419122,10.84580502202799,10.86483275013681
2018-09-20,2018-09-19,300497,8.578448909359816,8.543229471022268,8.523104077686527
2018-09-20,2018-09-19,300627,10.22843946733784,10.31347961071525,10.30875515830539
2018-09-20,2018-09-19,300639,4.426977462806136,4.440785876601539,4.446309242119701
2018-09-20,2018-09-19,300665,7.554116907855763,7.547043764683614,7.582409480544362
2018-09-20,2018-09-19,300666,43.89617204929869,43.79818952240294,44.02354933426318
2018-09-20,2018-09-19,300668,17.14325412177015,17.08686183847485,17.12445669400505
2018-09-20,2018-09-19,600130,3.3,3.34,3.37
2018-09-20,2018-09-19,600203,5.2,5.17,5.22
2018-09-20,2018-09-19,600366,4.921997995796281,5.089345927653355,5.197629883560873
2018-09-20,2018-09-19,601100,13.75948215753031,13.69005357783635,13.67743019971017
2018-09-20,2018-09-19,601113,6.821100001173359,6.840900001176766,6.880500001183577
2018-09-21,2018-09-20,000488,5.727734782449654,5.745860525432089,5.754923396923306
2018-09-21,2018-09-20,000736,5.729924584149289,5.754649177824152,5.717562287311858
2018-09-21,2018-09-20,000938,29.43896257740972,29.71323862626758,29.50928976942456
2018-09-21,2018-09-20,002027,6.070135957273945,6.070135957273945,6.070135957273945
2018-09-21,2018-09-20,002271,8.609090005119363,8.668177788270491,8.603181226804251
2018-09-21,2018-09-20,002323,,,
2018-09-21,2018-09-20,002327,5.583766402999034,5.626995562248059,5.598176122748709
2018-09-21,2018-09-20,002440,9.409939434013381,9.436446305658489,9.374596938486571
2018-09-21,2018-09-20,002627,4.844463532812814,4.844463532812814,4.844463532812814
2018-09-21,2018-09-20,002645,6.084648125710251,6.084648125710251,6.066246972104273
2018-09-21,2018-09-20,002664,12.18442094693343,12.15489488648044,12.35173528950037
2018-09-21,2018-09-20,002682,5.09,5.03,4.99
2018-09-21,2018-09-20,002714,8.515464558177143,8.54187494892027,8.436233385947759
2018-09-21,2018-09-20,002789,15.06464466015846,15.06464466015846,15.04479664347841
2018-09-21,2018-09-20,002815,14.18343600690636,14.2607533443153,14.16625437637104
2018-09-21,2018-09-20,002838,,,
2018-09-21,2018-09-20,002883,10.73301960293528,10.79706546829342,10.73301960293528
2018-09-21,2018-09-20,300241,6.02919969892092,6.039083632853578,6.019315764988264
2018-09-21,2018-09-20,300270,7.26,7.29,7.3
2018-09-21,2018-09-20,300393,3.960574855392681,3.924127847520968,3.902259642797941
2018-09-21,2018-09-20,300396,15.43525264240674,15.45299431211066,15.41751097270283
2018-09-21,2018-09-20,300401,12.91076643103474,12.62928169779997,12.5073049800649
2018-09-21,2018-09-20,300433,8.751951089722468,8.733812330987291,8.751951089722468
2018-09-21,2018-09-20,300468,5.235836611495905,5.250595840844732,5.254285648181938
2018-09-21,2018-09-20,300485,10.81726342986475,10.88386047824563,10.87434661419122
2018-09-21,2018-09-20,300497,8.477821942681109,8.442602504343562,8.49794733601685
2018-09-21,2018-09-20,300627,10.00639020407462,10.10087925227174,10.03946137094361
2018-09-21,2018-09-20,300639,4.404884000733492,4.426977462806136,4.402122317974412
2018-09-21,2018-09-20,300665,7.582409480544362,7.568263194200061,7.539970621511464
2018-09-21,2018-09-20,300666,43.01432930723689,43.48464543633652,43.02412755992646
2018-09-21,2018-09-20,300668,16.89888756082387,16.95527984411916,16.83309656364602
2018-09-21,2018-09-20,600130,3.41,3.38,3.36
2018-09-21,2018-09-20,600203,5.21,5.22,5.2
2018-09-21,2018-09-20,600366,5.414197795375909,5.266537855502021,5.276381851493614
2018-09-21,2018-09-20,601100,13.50701459500682,13.17880676372628,12.94527426839205
2018-09-21,2018-09-20,601113,6.831000001175062,6.840900001176766,6.761700001163141
2018-09-25,2018-09-21,000488,5.854614983326703,5.791174882888178,5.827426368853049
2018-09-25,2018-09-21,000736,5.90917788829204,5.723743435730573,5.729924584149289
2018-09-25,2018-09-21,000938,29.83982757189428,29.79763125668537,30.27585616238625
2018-09-25,2018-09-21,002027,6.250660446709602,6.160398201991772,6.152876348265287
2018-09-25,2018-09-21,002271,8.863167472669215,8.668177788270491,8.679995344900716
2018-09-25,2018-09-21,002323,,,
2018-09-25,2018-09-21,002327,5.778297619619646,5.713453880746108,5.670224721497084
2018-09-25,2018-09-21,002440,9.604323159410841,9.542473792238923,9.683843774346165
2018-09-25,2018-09-21,002627,4.895457885789791,4.861461650471806,4.86712768969147
2018-09-25,2018-09-21,002645,6.145985304396846,6.201188765214781,6.195055047346123
2018-09-25,2018-09-21,002664,12.35173528950037,12.2828411484434,12.58794377312428
2018-09-25,2018-09-21,002682,5.07,5.04,5.05
2018-09-25,2018-09-21,002714,8.594695730406528,8.662608163745999,8.787114291535032
2018-09-25,2018-09-21,002789,15.10434069351857,14.94555656007816,15.01502461845834
2018-09-25,2018-09-21,002815,14.28652579011828,14.19202682217402,14.38102475806254
2018-09-25,2018-09-21,002838,,,
2018-09-25,2018-09-21,002883,10.83442555641901,10.87178564454459,10.82908840097249
2018-09-25,2018-09-21,300241,6.108271170382179,6.009431831055607,5.979780029257634
2018-09-25,2018-09-21,300270,7.4,7.28,7.35
2018-09-25,2018-09-21,300393,3.926557648045749,3.880391438074914,3.863382834401449
2018-09-25,2018-09-21,300396,15.47960681666653,15.34654429388717,15.39976930299891
2018-09-25,2018-09-21,300401,13.59571261523934,13.52065001971007,13.64262673744514
2018-09-25,2018-09-21,300433,9.078448746955637,8.92426929770664,9.005893712014933
2018-09-25,2018-09-21,300468,5.12883219871692,5.091934125344856,5.114072969368094
2018-09-25,2018-09-21,300485,11.06462389527943,10.99802684689855,11.02656843906178
2018-09-25,2018-09-21,300497,8.603605651029493,8.56335486435801,8.523104077686527
2018-09-25,2018-09-21,300627,10.23788837215756,10.190643848059,10.2756839914364
2018-09-25,2018-09-21,300639,4.484972800746828,4.449070924878781,4.473926069710505
2018-09-25,2018-09-21,300665,7.653140912265857,7.638994625921558,7.589482623716512
2018-09-25,2018-09-21,300666,43.62182097399058,43.75899651164463,44.68003226446474
2018-09-25,2018-09-21,300668,17.0398682690621,16.98347598576681,17.02107084129701
2018-09-25,2018-09-21,600130,3.4,3.37,3.37
2018-09-25,2018-09-21,600203,5.24,5.24,5.25
2018-09-25,2018-09-21,600366,5.355133819426355,5.266537855502021,5.276381851493614
2018-09-25,2018-09-21,601100,13.48176783875447,13.44389770437595,13.53226135125917
2018-09-25,2018-09-21,601113,6.771600001164845,6.811200001171656,6.821100001173359
2018-09-26,2018-09-25,000411,9.301255443334831,9.768113824660519,10.2349722059862
2018-09-26,2018-09-25,000488,5.773049139905743,5.809300625870614,5.773049139905743
2018-09-26,2018-09-25,000736,5.711381138893143,5.711381138893143,5.680475396799564
2018-09-26,2018-09-25,000830,10.79394211209176,10.86298651792604,10.87065811857429
2018-09-26,2018-09-25,002001,11.35241002651015,11.40507196831637,11.27717868107271
2018-09-26,2018-09-25,002016,9.413037937895668,9.562007875587391,9.440969801212868
2018-09-26,2018-09-25,002271,8.715448014791393,8.715448014791393,8.638633896694927
2018-09-26,2018-09-25,002323,,,
2018-09-26,2018-09-25,002418,3.35,3.69,3.69
2018-09-26,2018-09-25,002440,9.683843774346165,9.692679398227869,9.613158783292544
2018-09-26,2018-09-25,002664,12.96194053886214,13.12925488142908,12.88320437765417
2018-09-26,2018-09-25,002714,8.870118376727721,9.009716156369967,9.05876402489292
2018-09-26,2018-09-25,002789,14.98525259343826,14.98525259343826,14.97532858509824
2018-09-26,2018-09-25,002838,,,
2018-09-26,2018-09-25,002840,9.259036475413392,9.271439739278648,9.166011996423974
2018-09-26,2018-09-25,002883,10.83442555641901,10.82375124552598,10.72768244748877
2018-09-26,2018-09-25,002884,6.780076314438189,6.810739976161779,6.780076314438189
2018-09-26,2018-09-25,300054,7.067338496014114,7.087162727419484,7.05742638031143
2018-09-26,2018-09-25,300241,5.880940689931062,5.910592491729035,5.920476425661692
2018-09-26,2018-09-25,300388,8.1398267904882,8.167450637062254,8.158242688204236
2018-09-26,2018-09-25,300396,16.12717776085946,16.58846117316127,16.7303945307926
2018-09-26,2018-09-25,300401,13.47373589750428,13.67077521076862,13.4925015463866
2018-09-26,2018-09-25,300470,24.95595204201812,24.92674101738837,24.87805597633878
2018-09-26,2018-09-25,300485,10.88386047824563,10.87434661419122,10.8553188860824
2018-09-26,2018-09-25,300497,8.492915987682913,8.477821942681109,8.482853291015044
2018-09-26,2018-09-25,300601,24.96071138027666,25.02036891225629,24.8413963163174
2018-09-26,2018-09-25,300639,4.44354755936062,4.468402704192345,4.446309242119701
2018-09-26,2018-09-25,300668,16.93648241635406,16.98347598576681,16.85189399141112
2018-09-26,2018-09-25,600029,6.82,6.82,6.76
2018-09-26,2018-09-25,600188,3.445280761290445,3.45756340215066,3.469846043010876
2018-09-26,2018-09-25,600280,4.48,4.45,4.52
2018-09-26,2018-09-25,601100,13.65218344345782,13.84784580441353,13.98670296380145
2018-09-26,2018-09-25,601113,6.771600001164845,6.741900001159735,6.722100001156329
2018-09-26,2018-09-25,601668,3.786764569730217,3.807763264201919,3.786764569730217
2018-09-27,2018-09-26,000411,10.2349722059862,10.98912805274308,10.75210764376235
2018-09-27,2018-09-26,000488,5.836489240344267,5.800237754379396,5.791174882888178
2018-09-27,2018-09-26,000736,5.773192623080297,5.779373771499013,5.760830326242867
2018-09-27,2018-09-26,000830,11.11614933931839,11.04710493348411,11.05477653413236
2018-09-27,2018-09-26,002001,11.31479435379143,11.32984062287892,11.32231748833518
2018-09-27,2018-09-26,002016,9.450280422318601,9.48752290674153,9.580629117798855
2018-09-27,2018-09-26,002271,8.656360231640265,8.626816340064702,8.609090005119363
2018-09-27,2018-09-26,002323,,,
2018-09-27,2018-09-26,002418,3.69,3.84,3.82
2018-09-27,2018-09-26,002440,9.736857517636381,9.710350645991273,9.710350645991273
2018-09-27,2018-09-26,002664,13.31625326429801,13.24735912324103,13.0702027605231
2018-09-27,2018-09-26,002714,9.394553278626976,9.326640845287503,9.262501324911335
2018-09-27,2018-09-26,002789,14.92570854339811,14.95548056841819,14.96540457675821
2018-09-27,2018-09-26,002838,,,
2018-09-27,2018-09-26,002840,9.079189149367185,9.097794045165067,9.079189149367185
2018-09-27,2018-09-26,002883,10.79172831284691,10.90914573267017,10.87178564454459
2018-09-27,2018-09-26,002884,6.783483387963034,6.817554123211467,6.817554123211467
2018-09-27,2018-09-26,300054,7.097074843122168,7.05742638031143,7.047514264608745
2018-09-27,2018-09-26,300241,5.969896095324978,5.920476425661692,5.920476425661692
2018-09-27,2018-09-26,300388,8.102994995056127,8.1398267904882,8.112202943914145
2018-09-27,2018-09-26,300396,17.11184042942679,17.04974458546308,16.89006955812784
2018-09-27,2018-09-26,300401,13.31422788200457,13.42682177529848,13.35175917976921
2018-09-27,2018-09-26,300470,25.04358511590737,24.90726700096853,24.7222638449801
2018-09-27,2018-09-26,300485,10.97899911878973,10.94094366257209,10.97899911878973
2018-09-27,2018-09-26,300497,8.633793741033106,8.568386212691946,8.427508459341755
2018-09-27,2018-09-26,300601,25.50359492129128,25.22917027418499,25.78398532159554
2018-09-27,2018-09-26,300639,4.468402704192345,4.482211117987748,4.457355973156023
2018-09-27,2018-09-26,300668,16.95527984411916,16.87069141917621,16.95527984411916
2018-09-27,2018-09-26,600029,6.82,6.77,6.73
2018-09-27,2018-09-26,600188,3.460634062365714,3.475987363440984,3.503623305376469
2018-09-27,2018-09-26,600280,4.45,4.49,4.58
2018-09-27,2018-09-26,601100,13.90465100598132,13.84784580441353,13.82891073722427
2018-09-27,2018-09-26,601113,6.801300001169953,6.712200001154627,6.642900001142706
2018-09-27,2018-09-26,601668,3.800763699378018,3.800763699378018,3.807763264201919
2018-09-28,2018-09-27,000411,10.37143850206602,9.73220164148162,9.768113824660519
2018-09-28,2018-09-27,000488,5.763986268414525,5.791174882888178,5.791174882888178
2018-09-28,2018-09-27,000736,5.680475396799564,5.723743435730573,5.723743435730573
2018-09-28,2018-09-27,000830,10.95504572570507,11.0164185308911,10.93203092376032
2018-09-28,2018-09-27,002001,11.28470181561646,11.30727121924769,11.31479435379143
2018-09-28,2018-09-27,002016,9.338552969049807,9.478212285635797,9.617871602221786
2018-09-28,2018-09-27,002271,8.366830094199738,8.449552990611318,8.437735433981091
2018-09-28,2018-09-27,002323,,,
2018-09-28,2018-09-27,002418,3.73,3.6,3.54
2018-09-28,2018-09-27,002440,9.692679398227869,9.710350645991273,9.666172526582759
2018-09-28,2018-09-27,002664,12.54857569252029,12.89304639780517,13.13909690158007
2018-09-28,2018-09-27,002714,9.383234539737064,9.288911715654464,9.477557363819665
2018-09-28,2018-09-27,002789,15.08449267683852,15.02494862679836,14.99517660177829
2018-09-28,2018-09-27,002838,,,
2018-09-28,2018-09-27,002840,9.128802204828208,9.11639894096295,8.986164670377766
2018-09-28,2018-09-27,002883,10.61560218311202,10.63695080489807,10.67431089302365
2018-09-28,2018-09-27,002884,6.780076314438189,6.732377285090384,6.763040946813974
2018-09-28,2018-09-27,300054,6.90874464477116,6.90874464477116,6.898832529068476
2018-09-28,2018-09-27,300241,5.663494143412603,5.74256561487386,5.712913813075889
2018-09-28,2018-09-27,300388,7.964875762185851,8.02933140419198,8.121410892772163
2018-09-28,2018-09-27,300396,17.11184042942679,17.16506543853854,17.13845293398266
2018-09-28,2018-09-27,300401,13.00459467544633,12.98582902656401,12.96706337768169
2018-09-28,2018-09-27,300470,23.88488113892721,23.46618978590077,23.68040396651894
2018-09-28,2018-09-27,300485,10.75066638148388,10.79823570175593,10.77920797364711
2018-09-28,2018-09-27,300497,8.407383066006014,8.447633852677496,8.422477111007819
2018-09-28,2018-09-27,300601,26.27317708382849,26.43425242017349,26.58936200332052
2018-09-28,2018-09-27,300639,4.352412028310962,4.410407366251653,4.410407366251653
2018-09-28,2018-09-27,300668,16.22218016128031,16.25037630292795,16.24097758904541
2018-09-28,2018-09-27,600029,6.68,6.73,6.71
2018-09-28,2018-09-27,600188,3.485199344086145,3.485199344086145,3.485199344086145
2018-09-28,2018-09-27,600280,4.54,4.45,4.4
2018-09-28,2018-09-27,601100,13.75317046846722,13.68374188877326,13.5638197965746
2018-09-28,2018-09-27,601113,6.781500001166547,6.900300001186983,6.840900001176766
2018-09-28,2018-09-27,601668,3.81476282902582,3.835761523497522,3.835761523497522
2018-10-08,2018-09-28,000411,9.839938191018316,9.444904176050429,9.552640725587125
2018-10-08,2018-09-28,000488,5.836489240344267,5.700546167976,5.718671910958435
2018-10-08,2018-09-28,000736,5.692837693636996,5.538308983169109,5.538308983169109
2018-10-08,2018-09-28,000830,11.20053694644917,10.93970252440857,11.03943333283586
2018-10-08,2018-09-28,002001,11.71352048460988,11.48782644829755,11.4276413719476
2018-10-08,2018-09-28,002016,9.738909676596311,9.077855578089295,9.254757379098214
2018-10-08,2018-09-28,002271,8.585454891858911,8.195475523061466,8.230928192952144
2018-10-08,2018-09-28,002323,,,
2018-10-08,2018-09-28,002418,3.57,3.67,3.64
2018-10-08,2018-09-28,002440,9.754528765399787,9.524802544475516,9.560145040002327
2018-10-08,2018-09-28,002664,12.84383629705018,12.44031347085934,12.54857569252029
2018-10-08,2018-09-28,002714,9.394553278626976,9.292684628617767,9.507740667526097
2018-10-08,2018-09-28,002789,15.92803338574067,15.71962921060014,15.75932524396024
2018-10-08,2018-09-28,002838,,10.53748950572855,10.57312926730373
2018-10-08,2018-09-28,002840,9.010971198108278,8.905543455253603,9.035777725838789
2018-10-08,2018-09-28,002883,10.73301960293528,10.51953338507481,10.47683614150271
2018-10-08,2018-09-28,002884,6.75963387328913,6.585873123522121,6.694899476317107
2018-10-08,2018-09-28,300054,6.92856887617653,6.799711372041631,6.839359834852369
2018-10-08,2018-09-28,300241,5.782101350604489,5.604190539816659,5.633842341614631
2018-10-08,2018-09-28,300388,8.056955250766034,7.845172427031613,7.835964478173595
2018-10-08,2018-09-28,300396,17.12071126427875,16.90781122783175,16.84571538386805
2018-10-08,2018-09-28,300401,13.05150879765212,13.21101681315183,13.2391652864753
2018-10-08,2018-09-28,300470,24.50804966436192,23.95304019639663,24.2159394180644
2018-10-08,2018-09-28,300485,11.08365162338825,10.81726342986475,10.8553188860824
2018-10-08,2018-09-28,300497,8.467759246013237,8.352038234332724,8.472790594347172
2018-10-08,2018-09-28,300601,25.9510264111385,25.05616343144407,25.09792370382981
2018-10-08,2018-09-28,300639,4.462879338674184,4.424215780047056,4.426977462806136
2018-10-08,2018-09-28,300668,16.21278144739776,16.04360459751187,16.20338273351521
2018-10-08,2018-09-28,600029,6.76,6.39,6.44
2018-10-08,2018-09-28,600188,3.537400567742061,3.482128683871091,3.500552645161415
2018-10-08,2018-09-28,600280,4.49,4.3,4.31
2018-10-08,2018-09-28,601100,14.09400167787394,13.79104060284575,13.92989776223367
2018-10-08,2018-09-28,601113,6.880500001183577,6.771600001164845,6.771600001164845
2018-10-08,2018-09-28,601668,3.842761088321422,3.744767180786813,3.800763699378018
2018-10-09,2018-10-08,000411,9.272525696791712,9.279708133427492,9.272525696791712
2018-10-09,2018-10-08,000488,5.591791710081386,5.628043196046258,5.628043196046258
2018-10-09,2018-10-08,000736,5.408504866376082,5.43941060846966,5.377599124282503
2018-10-09,2018-10-08,000830,10.67119650171972,10.85531491727779,10.87832971922255
2018-10-09,2018-10-08,002001,11.2922249501602,11.3599331610539,11.32231748833518
2018-10-09,2018-10-08,002016,8.845090050445981,9.031302472560631,8.95681750371477
2018-10-09,2018-10-08,002271,8.03593850855342,8.083208735074322,8.106843848334774
2018-10-09,2018-10-08,002323,,,
2018-10-09,2018-10-08,002418,3.48,3.55,3.51
2018-10-09,2018-10-08,002440,9.197884460852517,9.250898204142734,9.312747571314651
2018-10-09,2018-10-08,002664,12.39110337010435,12.65683791418125,12.69620599478524
2018-10-09,2018-10-08,002714,9.447374060113232,9.383234539737064,9.330413758250808
2018-10-09,2018-10-08,002789,15.83871731068044,16.1761335942413,16.20590561926138
2018-10-09,2018-10-08,002838,10.4483901017906,10.54342946599108,10.43651018126554
2018-10-09,2018-10-08,002840,8.71329286534214,8.787712448533675,8.645074914083233
2018-10-09,2018-10-08,002883,9.985817840423627,9.953794907744554,10.05520086122828
2018-10-09,2018-10-08,002884,6.521138726550098,6.517731653025255,6.524545800074941
2018-10-09,2018-10-08,300054,6.641117520798677,6.621293289393307,6.660941752204045
2018-10-09,2018-10-08,300241,5.732681680941203,5.623958407681974,5.633842341614631
2018-10-09,2018-10-08,300388,7.771508836167467,7.80834063159954,7.799132682741522
2018-10-09,2018-10-08,300396,16.21588610937904,16.37556113671428,16.37556113671428
2018-10-09,2018-10-08,300401,13.22978246203414,13.1265713931814,12.99521185100517
2018-10-09,2018-10-08,300470,23.77777404861812,23.8264590896677,24.16725437701481
2018-10-09,2018-10-08,300485,10.4937920520148,10.56990296445008,10.5889306925589
2018-10-09,2018-10-08,300497,8.472790594347172,8.447633852677496,8.407383066006014
2018-10-09,2018-10-08,300601,24.45958811164778,24.81156755032759,24.80560179712963
2018-10-09,2018-10-08,300639,4.272323228297625,4.324795200720156,4.335841931756478
2018-10-09,2018-10-08,300668,15.43268819514616,15.58306761726694,15.54547276173675
2018-10-09,2018-10-08,600029,6.35,6.37,6.31
2018-10-09,2018-10-08,600188,3.426856800000122,3.460634062365714,3.494411324731307
2018-10-09,2018-10-08,600280,4.18,4.23,4.21
2018-10-09,2018-10-08,601100,13.47545614969138,13.57013148563769,13.43127432624977
2018-10-09,2018-10-08,601113,6.722100001156329,6.732000001158032,6.712200001154627
2018-10-09,2018-10-08,601668,3.730768051139012,3.723768486315112,3.70276979184341
2018-10-10,2018-10-09,000488,5.591791710081386,5.628043196046258,5.628043196046258
2018-10-10,2018-10-09,000513,18.51140296701613,18.72591029861011,18.56937792150099
2018-10-10,2018-10-09,000830,10.92435932311206,10.98573212829809,11.07779133607712
2018-10-10,2018-10-09,002001,11.2245167392665,11.23956300835399,11.26213241198522
2018-10-10,2018-10-09,002035,9.428226751109406,9.408985472025508,9.428226751109406
2018-10-10,2018-10-09,002271,7.900036607305825,7.882310272360487,7.965033168772067
2018-10-10,2018-10-09,002323,,,
2018-10-10,2018-10-09,002333,7.936207678482674,7.56915807335285,7.509636515764231
2018-10-10,2018-10-09,002664,12.46983953131232,12.55841771267129,12.44031347085934
2018-10-10,2018-10-09,002712,8.889450950132828,8.989332421482635,8.989332421482635
2018-10-10,2018-10-09,002714,9.462465711966448,9.500194841599487,9.575653100865567
2018-10-10,2018-10-09,002789,16.42423380274194,16.22575363594143,16.33491772768171
2018-10-10,2018-10-09,002798,15.392654554176,15.48145833045009,15.5209266754608
2018-10-10,2018-10-09,002840,8.403211268710749,8.42181616450863,8.440421060306514
2018-10-10,2018-10-09,002884,6.524545800074941,6.616536785245711,6.616536785245711
2018-10-10,2018-10-09,300136,25.14230448383733,25.02272158498436,24.81345151199165
2018-10-10,2018-10-09,300221,6.079736842105262,6.149276315789473,6.189013157894736
2018-10-10,2018-10-09,300241,5.594306605884002,5.554770870153373,5.604190539816659
2018-10-10,2018-10-09,300259,2.676479681173098,2.68519785603034,2.702634205744823
2018-10-10,2018-10-09,300270,6.81,6.81,6.82
2018-10-10,2018-10-09,300274,4.468795036128796,4.522962248687933,4.54327495339761
2018-10-10,2018-10-09,300388,7.762300887309448,7.75309293845143,7.845172427031613
2018-10-10,2018-10-09,300401,13.55818131747471,13.39867330197501,13.4455874241808
2018-10-10,2018-10-09,300470,24.68331581214043,24.2159394180644,24.35225753300324
2018-10-10,2018-10-09,300497,8.417445762673884,8.402351717672078,8.417445762673884
2018-10-10,2018-10-09,300545,16.92385350492236,16.87436855315358,16.94364748562987
2018-10-10,2018-10-09,300554,21.82613292624659,21.66825854703323,21.92480441325493
2018-10-10,2018-10-09,300567,41.31385229360748,41.77362489464922,41.97067029509567
2018-10-10,2018-10-09,300639,4.371743807624525,4.322033517961075,4.404884000733492
2018-10-10,2018-10-09,300668,15.76164318103538,15.75224446715284,15.91202260315617
2018-10-10,2018-10-09,600167,5.20320177597658,5.405137161848891,5.384943623261661
2018-10-10,2018-10-09,600280,4.16,4.17,4.17
2018-10-10,2018-10-09,601113,6.741900001159735,6.761700001163141,6.821100001173359
2018-10-11,2018-10-10,000488,5.600854581572604,5.374282794292159,5.392408537274595
2018-10-11,2018-10-10,000513,18.26211066273122,17.24175146379767,17.3982838409068
2018-10-11,2018-10-10,000830,10.81695691403652,10.05746844985949,10.10349805374901
2018-10-11,2018-10-10,002001,11.16433166291655,10.6978973212044,10.78817493572933
2018-10-11,2018-10-10,002035,9.283917157980181,8.850988378592502,8.937574134470037
2018-10-11,2018-10-10,002271,7.8882190506756,7.480513346932817,7.545509908399057
2018-10-11,2018-10-10,002323,,,
2018-10-11,2018-10-10,002333,7.142586910634407,6.55729159434631,6.587052373140619
2018-10-11,2018-10-10,002664,12.06631670512148,11.55453165726967,11.51516357666568
2018-10-11,2018-10-10,002712,8.889450950132828,8.559842094678464,8.429996181923714
2018-10-11,2018-10-10,002714,9.598290578645393,9.409644930480193,9.500194841599487
2018-10-11,2018-10-10,002789,16.40438578606189,15.74940123562021,15.78909726898031
2018-10-11,2018-10-10,002798,15.42225581293403,14.39607884265563,14.41581301516099
2018-10-11,2018-10-10,002840,8.583058594756956,8.341194949384468,8.403211268710749
2018-10-11,2018-10-10,002884,6.599501417621495,6.299678947435282,6.30649309448497
2018-10-11,2018-10-10,300136,23.91657977059437,22.97984706291275,23.01970802919708
2018-10-11,2018-10-10,300221,6.159210526315789,5.960526315789473,6.000263157894737
2018-10-11,2018-10-10,300241,5.535003002288058,5.366976125432885,5.337324323634914
2018-10-11,2018-10-10,300259,2.702634205744823,2.580579757743443,2.571861582886202
2018-10-11,2018-10-10,300270,6.86,6.54,6.46
2018-10-11,2018-10-10,300274,4.482336839268581,4.252126185892249,4.265667989032033
2018-10-11,2018-10-10,300388,7.863588324747649,7.504478319284936,7.53210216585899
2018-10-11,2018-10-10,300401,13.79275192850368,13.4455874241808,13.56756414191587
2018-10-11,2018-10-10,300470,23.8264590896677,23.36881970380159,23.64145593367928
2018-10-11,2018-10-10,300497,8.362100931000596,8.04009463762873,8.10550216596989
2018-10-11,2018-10-10,300545,16.92385350492236,18.1015953570193,17.50777593579395
2018-10-11,2018-10-10,300554,23.28647093397014,21.93467156195577,22.26028746908332
2018-10-11,2018-10-10,300567,41.18248869330984,39.22517104887502,39.40908008929171
2018-10-11,2018-10-10,300639,4.371743807624525,4.241944717947739,4.302701738647511
2018-10-11,2018-10-10,300668,16.24097758904541,15.56427018950185,15.66765604220989
2018-10-11,2018-10-10,600167,5.47918013666874,5.277244750796427,5.358018905145353
2018-10-11,2018-10-10,600280,4.11,3.92,3.93
2018-10-11,2018-10-10,601113,6.821100001173359,6.672600001147814,6.672600001147814
2018-10-12,2018-10-11,000488,5.229276850432674,5.147711007011714,5.129585264029279
2018-10-12,2018-10-11,000513,16.88230674599153,16.83592678240364,16.94607919592488
2018-10-12,2018-10-11,000830,9.881021634949676,9.773619225874135,9.865678433653169
2018-10-12,2018-10-11,002001,10.4947726885233,10.38944880491088,10.41954134308586
2018-10-12,2018-10-11,002035,8.658575587753536,8.610472390043793,8.658575587753536
2018-10-12,2018-10-11,002271,7.397790450521237,7.214618322752741,7.279614884218981
2018-10-12,2018-10-11,002323,,,
2018-10-12,2018-10-11,002333,6.428328219570966,5.971996278058212,5.981916537656316
2018-10-12,2018-10-11,002664,10.85574822654893,10.59001368247203,10.78685408549196
2018-10-12,2018-10-11,002712,8.50990135900356,8.300150269168967,8.300150269168967
2018-10-12,2018-10-11,002714,9.258728411948031,9.345505410104025,9.322867932324201
2018-10-12,2018-10-11,002789,16.06696950250102,15.89826136072059,15.98757743578082
2018-10-12,2018-10-11,002798,13.89285744376911,13.51790816616739,13.76458532248431
2018-10-12,2018-10-11,002840,8.062121512416216,7.807854603178473,7.888475818302636
2018-10-12,2018-10-11,002884,6.20428088873967,6.173617227016081,6.200873815214827
2018-10-12,2018-10-11,300136,21.52492179353493,20.98679874869656,21.24589502954467
2018-10-12,2018-10-11,300221,5.54328947368421,5.493618421052632,5.473749999999999
2018-10-12,2018-10-11,300241,4.981502702059252,4.892547296665337,4.823359759136737
2018-10-12,2018-10-11,300259,2.43237078517034,2.380061736026892,2.353907211455168
2018-10-12,2018-10-11,300270,6.17,5.85,5.91
2018-10-12,2018-10-11,300274,4.035457335655702,3.879726599548183,3.886497501118075
2018-10-12,2018-10-11,300388,7.080912671816093,7.071704722958073,7.099328569532129
2018-10-12,2018-10-11,300401,13.45497024862196,13.41743895085732,13.38929047753385
2018-10-12,2018-10-11,300470,23.320134662752,22.94039134256523,22.8138102358363
2018-10-12,2018-10-11,300497,7.969655760953636,7.909279580946412,7.863997445940993
2018-10-12,2018-10-11,300545,16.81498661103105,16.10240330556063,16.02322738273059
2018-10-12,2018-10-11,300554,21.4610484243157,21.07622962498314,21.18476826069232
2018-10-12,2018-10-11,300567,37.3401033846039,37.43205790481225,38.15455770644927
2018-10-12,2018-10-11,300639,3.935397931689797,3.963014759280603,3.976823173076006
2018-10-12,2018-10-11,300668,14.7183859400724,14.63379751512945,15.03794221207908
2018-10-12,2018-10-11,600167,5.310900648441812,5.196470596447503,5.236857673621965
2018-10-12,2018-10-11,600280,3.7,3.49,3.53
2018-10-12,2018-10-11,601113,6.573600001130784,6.563700001129082,6.722100001156329
2018-10-15,2018-10-12,000488,5.229276850432674,5.211151107450239,5.16583674999415
2018-10-15,2018-10-12,000513,16.95767418682185,16.96347168227034,17.0620291048946
2018-10-15,2018-10-12,000830,9.819648829763652,9.950066040783952,9.911708037542686
2018-10-15,2018-10-12,002001,10.4270644776296,10.40449507399837,10.48724955397956
2018-10-15,2018-10-12,002035,8.850988378592502,8.74516134363107,8.754781983173018
2018-10-15,2018-10-12,002271,6.960540855202889,7.055081308244694,7.090533978135371
2018-10-15,2018-10-12,002323,,,
2018-10-15,2018-10-12,002333,5.783511345694249,5.912474720469592,6.160481210422176
2018-10-15,2018-10-12,002664,10.77701206534096,10.83606418624694,10.89511630715292
2018-10-15,2018-10-12,002712,8.50990135900356,8.390043593383792,8.390043593383792
2018-10-15,2018-10-12,002714,9.620928056425216,9.49264901567288,9.496421928636185
2018-10-15,2018-10-12,002789,16.34484173602173,16.18605760258133,16.35476574436176
2018-10-15,2018-10-12,002798,13.89285744376911,14.05073082381194,14.26780672137083
2018-10-15,2018-10-12,002840,7.807854603178473,7.900879082167891,8.000105193089937
2018-10-15,2018-10-12,002884,6.142953565292491,6.27582943276138,6.364413344407306
2018-10-15,2018-10-12,300136,21.67440041710115,21.90360097323601,22.08297532151547
2018-10-15,2018-10-12,300221,5.294934210526315,5.344605263157894,5.821447368421053
2018-10-15,2018-10-12,300241,4.48730600542639,4.576261410820305,4.932083032395966
2018-10-15,2018-10-12,300259,2.397498085741375,2.353907211455168,2.336470861740685
2018-10-15,2018-10-12,300270,6.1,5.96,6.1
2018-10-15,2018-10-12,300274,3.879726599548183,3.879726599548183,3.906810205827751
2018-10-15,2018-10-12,300388,6.887545745797708,6.9335854900878,6.988833183235909
2018-10-15,2018-10-12,300401,13.66139238632746,13.68015803520978,13.67077521076862
2018-10-15,2018-10-12,300470,23.17407953960324,23.27144962170242,22.99881339182473
2018-10-15,2018-10-12,300497,7.959593064285765,7.828778007603446,7.788527220931962
2018-10-15,2018-10-12,300545,15.98363942131556,16.1320942766219,16.20137320909819
2018-10-15,2018-10-12,300554,20.84928520486394,19.04359699261117,19.04359699261117
2018-10-15,2018-10-12,300567,38.50923942725289,38.75226208780352,39.06753472851785
2018-10-15,2018-10-12,300639,3.924351200653475,3.974061490316925,4.018248414462214
2018-10-15,2018-10-12,300668,16.19398401963266,17.81056280743116,17.81056280743116
2018-10-15,2018-10-12,600167,5.371481264203507,5.398405982319814,5.297438289383659
2018-10-15,2018-10-12,600280,3.5,3.55,3.59
2018-10-15,2018-10-12,601113,6.692400001151221,6.692400001151221,6.672600001147814
2018-10-16,2018-10-15,000488,5.075208035081971,5.075208035081971,5.048019420608319
2018-10-16,2018-10-15,000513,16.61562195536117,16.78954681881575,16.70258438708846
2018-10-16,2018-10-15,000830,9.566486008371308,9.627858813557332,9.520456404481791
2018-10-16,2018-10-15,002001,10.40449507399837,10.47220328489207,10.43458761217335
2018-10-16,2018-10-15,002035,8.504645355082362,8.543127913250155,8.418059599204826
2018-10-16,2018-10-15,002271,6.836456510585521,6.848274067215746,6.789186284064618
2018-10-16,2018-10-15,002323,,,
2018-10-16,2018-10-15,002333,6.358886402384242,6.67633470952355,6.587052373140619
2018-10-16,2018-10-15,002664,10.91480034745491,11.2002189318338,11.12148277062583
2018-10-16,2018-10-15,002712,8.50990135900356,8.429996181923714,8.420008034788735
2018-10-16,2018-10-15,002714,9.488876102709575,9.545469797159138,9.383234539737064
2018-10-16,2018-10-15,002789,16.35476574436176,16.2158296276014,16.2555256609615
2018-10-16,2018-10-15,002798,14.61315474021453,15.05717362158499,14.83023063777342
2018-10-16,2018-10-15,002840,7.801652971245845,7.745838283852195,7.739636651919567
2018-10-16,2018-10-15,002884,6.282643579811067,6.282643579811067,6.292864800385596
2018-10-16,2018-10-15,300136,22.2224887035106,22.3819325686479,22.42179353493222
2018-10-16,2018-10-15,300221,5.463815789473684,5.463815789473684,5.334671052631578
2018-10-16,2018-10-15,300241,4.862895494867366,4.734404353742821,4.714636485877507
2018-10-16,2018-10-15,300259,2.258007288025513,2.231852763453789,2.24057093831103
2018-10-16,2018-10-15,300270,5.94,5.9,5.9
2018-10-16,2018-10-15,300274,3.771392174429909,3.778163075999801,3.764621272860016
2018-10-16,2018-10-15,300388,6.915169592371762,6.970417285519873,6.905961643513744
2018-10-16,2018-10-15,300401,13.88658017291527,13.90534582179759,13.82090040182716
2018-10-16,2018-10-15,300470,22.32695982534043,22.54117400595862,22.46327794027928
2018-10-16,2018-10-15,300497,7.798589917599832,7.753307782594415,7.682868905919319
2018-10-16,2018-10-15,300545,15.79559660459421,15.88466951777801,15.91436048883927
2018-10-16,2018-10-15,300554,18.83638686989364,18.48116951666359,18.25422509654438
2018-10-16,2018-10-15,300567,38.70628482769935,38.26621676670226,37.76703508557123
2018-10-16,2018-10-15,300639,3.9492063454852,3.987869904112328,3.9492063454852
2018-10-16,2018-10-15,300668,17.81056280743116,19.59631844511555,19.59631844511555
2018-10-16,2018-10-15,600167,5.364750084674429,5.250320032680119,5.277244750796427
2018-10-16,2018-10-15,600280,3.54,3.58,3.57
2018-10-16,2018-10-15,601113,6.6231000011393,6.633000001141003,6.613200001137597
2018-10-17,2018-10-16,000488,4.930202091222487,5.011767934643447,4.966453577187359
2018-10-17,2018-10-16,000576,6.161557830977813,6.308963520714125,6.230347152854759
2018-10-17,2018-10-16,000938,22.64535582877671,23.14467889208203,23.29236599531318
2018-10-17,2018-10-16,002035,8.081337215236633,8.139061052488325,8.167922971114168
2018-10-17,2018-10-16,002293,6.613460533903752,6.730512932733908,6.657355183465061
2018-10-17,2018-10-16,002323,,,
2018-10-17,2018-10-16,002333,6.229923027608899,6.339045883188035,6.448168738767173
2018-10-17,2018-10-16,002627,4.640486120904906,4.640486120904906,4.640486120904906
2018-10-17,2018-10-16,002664,10.80653812579395,10.9344843877569,10.9344843877569
2018-10-17,2018-10-16,002691,6.992664670627454,7.072580838291768,7.102549401165885
2018-10-17,2018-10-16,002712,8.529877653273521,8.469948770463638,8.390043593383792
2018-10-17,2018-10-16,002789,16.06696950250102,16.06696950250102,15.96772941910077
2018-10-17,2018-10-16,002798,14.63288891271988,14.70195851648862,14.64275599897256
2018-10-17,2018-10-16,002840,7.677620332593289,7.820257867043728,7.801652971245845
2018-10-17,2018-10-16,002873,10.25483958325087,10.43366307698965,10.46117438371869
2018-10-17,2018-10-16,300138,4.584905392112562,4.641392932877809,4.65080752300535
2018-10-17,2018-10-16,300270,5.78,5.84,5.85
2018-10-17,2018-10-16,300349,13.0711527816179,13.36538746224095,13.24947683048035
2018-10-17,2018-10-16,300388,6.878337796939689,6.952001387803835,6.869129848081671
2018-10-17,2018-10-16,300393,3.377422729445292,3.413869737317004,3.392001532593977
2018-10-17,2018-10-16,300434,10.85157734011701,10.81289078988486,11.2190995673224
2018-10-17,2018-10-16,300470,20.82746056101317,21.19746687299003,21.22667789761978
2018-10-17,2018-10-16,300482,19.91335882300994,20.06032088074434,19.98683985187714
2018-10-17,2018-10-16,300485,9.142823356288503,9.266503588995839,9.218934268723785
2018-10-17,2018-10-16,300497,7.723119692590802,7.748276434260479,7.758339130928349
2018-10-17,2018-10-16,300545,15.39971699044397,15.91436048883927,15.76590563353294
2018-10-17,2018-10-16,300567,34.83762679893388,35.25799031988632,34.92958131914222
2018-10-17,2018-10-16,300616,62.06485556503076,60.68971105472728,59.88295960868255
2018-10-17,2018-10-16,300639,3.783505379940366,3.866355862712783,3.871879228230944
2018-10-17,2018-10-16,600280,3.47,3.54,3.54
2018-10-17,2018-10-16,600521,10.55400358472257,10.52757452733178,10.23685489603308
2018-10-17,2018-10-16,600575,1.943051023170902,1.748745920853812,1.748745920853812
2018-10-18,2018-10-17,000488,5.011767934643447,4.939264962713705,4.930202091222487
2018-10-18,2018-10-17,000576,5.965016911329399,5.611243255962251,5.630897347927093
2018-10-18,2018-10-17,000938,23.65806739379033,23.32049687211912,23.68619827059626
2018-10-18,2018-10-17,002035,8.158302331572221,7.9755101802752,7.937027622107407
2018-10-18,2018-10-17,002293,6.664670958391945,6.518355459854252,6.474460810292944
2018-10-18,2018-10-17,002323,,,
2018-10-18,2018-10-17,002333,6.358886402384242,5.922394980067695,6.041438095244936
2018-10-18,2018-10-17,002627,4.442174748216662,4.306189806944723,4.362850199141365
2018-10-18,2018-10-17,002664,10.78685408549196,10.43254136005609,10.37348923915011
2018-10-18,2018-10-17,002691,7.142507484998043,6.91274850296314,7.012643712543531
2018-10-18,2018-10-17,002712,8.51988950613854,8.400031740518774,8.380055446248813
2018-10-18,2018-10-17,002789,16.27537367764155,15.91810937740064,16.057045494161
2018-10-18,2018-10-17,002798,14.42568010141366,13.99152830629588,14.00139539254856
2018-10-18,2018-10-17,002840,7.745838283852195,7.547386062008103,7.565990957805986
2018-10-18,2018-10-17,002873,10.43366307698965,10.31674002339121,10.24796175656861
2018-10-18,2018-10-17,300138,4.613149162495186,4.519003261219773,4.537832441474857
2018-10-18,2018-10-17,300270,5.76,5.69,5.69
2018-10-18,2018-10-17,300349,13.0711527816179,12.90174493519857,12.83041531565358
2018-10-18,2018-10-17,300388,6.712594717495359,6.611307280057157,6.565267535767066
2018-10-18,2018-10-17,300393,3.4017207346931,3.355554524722265,3.333686319999238
2018-10-18,2018-10-17,300434,11.9348007466171,11.50924869406349,11.98315893440729
2018-10-18,2018-10-17,300470,20.94430465953218,20.92483064311234,20.91509363490242
2018-10-18,2018-10-17,300482,20.42037792219359,20.20728293847872,20.2734158644592
2018-10-18,2018-10-17,300485,9.199906540614965,9.066712443853218,9.180878812506144
2018-10-18,2018-10-17,300497,7.733182389258673,7.647649467581771,7.6375867709139
2018-10-18,2018-10-17,300545,15.89456650813176,16.61704680395593,16.44879796794208
2018-10-18,2018-10-17,300567,33.01824093481158,33.13646817507945,33.79985435658253
2018-10-18,2018-10-17,300616,62.11069371537421,60.84556076589501,60.36884400232312
2018-10-18,2018-10-17,300639,3.860832497194622,3.833215669603816,3.80283715925393
2018-10-18,2018-10-17,600280,3.53,3.42,3.4
2018-10-18,2018-10-17,600521,9.699464062420327,9.602557518654093,9.813989977780423
2018-10-18,2018-10-17,600575,1.748745920853812,1.704585670327201,1.695753620221878
2018-10-19,2018-10-18,000488,4.948327834204922,4.893950605257616,4.939264962713705
2018-10-19,2018-10-18,000576,5.365567106401732,4.834906623351012,5.06092868094669
2018-10-19,2018-10-18,000938,23.52444572896214,,
2018-10-19,2018-10-18,002035,7.98513081981715,7.908165703481563,8.004372098901046
2018-10-19,2018-10-18,002293,6.459829260439175,6.386671511170328,6.459829260439175
2018-10-19,2018-10-18,002323,,,
2018-10-19,2018-10-18,002333,5.872793682077178,6.458088998365276,6.458088998365276
2018-10-19,2018-10-18,002627,4.000223689082861,3.824576473273274,3.739585884978312
2018-10-19,2018-10-18,002664,9.989650453261255,9.930598332355277,10.16680681597919
2018-10-19,2018-10-18,002691,6.802863772424709,6.543136227515689,6.712958083802356
2018-10-19,2018-10-18,002712,8.060434737929429,7.94057697230966,7.840695500959853
2018-10-19,2018-10-18,002789,15.64023714387993,15.3127448686591,15.58069309383978
2018-10-19,2018-10-18,002798,13.66591445995754,13.40937021738794,13.54750942492542
2018-10-19,2018-10-18,002840,7.807854603178473,7.993903561157309,7.950492137628914
2018-10-19,2018-10-18,002873,10.33049567675573,10.22732827652182,10.30298437002669
2018-10-19,2018-10-18,300138,4.556661621729938,4.500174080964691,4.519003261219773
2018-10-19,2018-10-18,300270,6.34,6.5,6.33
2018-10-19,2018-10-18,300349,12.78583430343797,12.66992367167738,12.7590856961086
2018-10-19,2018-10-18,300388,6.675762922063286,6.565267535767066,6.731010615211396
2018-10-19,2018-10-18,300393,3.384712131019634,3.30938831475143,3.350694923672703
2018-10-19,2018-10-18,300434,12.21527823580016,11.644651619876,11.18041301709025
2018-10-19,2018-10-18,300470,20.43798023261647,20.42824322440656,20.3990321997768
2018-10-19,2018-10-18,300482,20.30280827600608,20.32485258466624,20.38363740775999
2018-10-19,2018-10-18,300485,9.142823356288503,9.009629259526756,9.161851084397323
2018-10-19,2018-10-18,300497,7.592304635908482,7.521865759233386,7.572179242572741
2018-10-19,2018-10-18,300545,16.56756185218715,15.51848087468904,15.84508155636298
2018-10-19,2018-10-18,300567,33.49114989588308,34.27276331765403,34.92958131914222
2018-10-19,2018-10-18,300616,59.58959544648448,59.58042781641579,59.52542203600366
2018-10-19,2018-10-18,300639,3.813883890290252,3.797313793735769,3.813883890290252
2018-10-19,2018-10-18,600280,3.24,3.2,3.3
2018-10-19,2018-10-18,600521,9.79637060618656,9.576128461263302,9.637796261841814
2018-10-19,2018-10-18,600575,1.686921570116556,1.660425419800589,1.686921570116556
2018-10-22,2018-10-19,000488,5.048019420608319,5.102396649555625,5.156773878502932
2018-10-22,2018-10-19,000576,5.001966405052165,5.277123692559946,5.19850732470058
2018-10-22,2018-10-19,000938,,,
2018-10-22,2018-10-19,002035,8.158302331572221,8.292991285159497,8.427680238746774
2018-10-22,2018-10-19,002293,6.584197434196215,6.715881382880139,6.745144482587678
2018-10-22,2018-10-19,002323,,,
2018-10-22,2018-10-19,002333,6.458088998365276,7.102905872241993,7.102905872241993
2018-10-22,2018-10-19,002627,3.966227453764877,3.869904787030587,4.011555767522189
2018-10-22,2018-10-19,002664,10.99353650866288,11.40690135500472,11.44626943560871
2018-10-22,2018-10-19,002691,6.972685628711376,7.092559880207846,7.142507484998043
2018-10-22,2018-10-19,002712,7.271371114265953,7.151513348646185,7.161501495781166
2018-10-22,2018-10-19,002789,15.91810937740064,16.00742545246087,16.0967415275211
2018-10-22,2018-10-19,002798,13.95205996128517,14.26780672137083,14.60328765396185
2018-10-22,2018-10-19,002840,8.173750887203516,8.068323144348843,8.161347623338262
2018-10-22,2018-10-19,002873,10.63999787745747,10.8807218113366,10.92198877143016
2018-10-22,2018-10-19,300138,4.613149162495186,4.697880473643056,4.707295063770597
2018-10-22,2018-10-19,300270,6.41,6.25,6.33
2018-10-22,2018-10-19,300349,13.16923100849225,13.32972265246845,13.44563328422905
2018-10-22,2018-10-19,300388,6.869129848081671,6.979625234377891,7.053288825242038
2018-10-22,2018-10-19,300393,3.430878340990469,3.423588939416127,3.462465747812619
2018-10-22,2018-10-19,300434,11.62530834475993,11.38351740580902,11.4318755935992
2018-10-22,2018-10-19,300470,20.83719756922308,21.69405429169581,22.19064171040159
2018-10-22,2018-10-19,300482,21.05231477045147,21.588726281182,21.72099213314295
2018-10-22,2018-10-19,300485,9.361642229539944,9.494836326301693,9.609002694954617
2018-10-22,2018-10-19,300497,7.697962950921125,7.733182389258673,7.783495872598027
2018-10-22,2018-10-19,300545,16.72591369784724,16.88426554350734,16.86447156279982
2018-10-22,2018-10-19,300567,35.82942198118105,37.2284443243509,38.68001210763982
2018-10-22,2018-10-19,300616,59.86462434854518,61.23976885884866,61.91817348393172
2018-10-22,2018-10-19,300639,3.921589517894394,3.943682979967039,3.99891663514865
2018-10-22,2018-10-19,600280,3.4,3.5,3.48
2018-10-22,2018-10-19,600521,9.937325578937447,10.13113866646992,10.14875803806378
2018-10-22,2018-10-19,600575,1.704585670327201,1.748745920853812,1.766410021064457
2018-10-23,2018-10-22,000488,5.301779822362416,5.238339721923892,5.24740259341511
2018-10-23,2018-10-22,000576,5.434356428278678,5.345913014436891,5.473664612208361
2018-10-23,2018-10-22,000938,,,
2018-10-23,2018-10-22,002035,8.793264541340813,8.677816866837432,8.783643901798865
2018-10-23,2018-10-22,002293,6.964617730394218,6.481776585219828,6.437881935658521
2018-10-23,2018-10-22,002323,,,
2018-10-23,2018-10-22,002333,7.102905872241993,7.340992102596474,7.47987573696992
2018-10-23,2018-10-22,002627,4.130542591135136,4.051218042059839,4.124876551915472
2018-10-23,2018-10-22,002664,11.38721731470273,11.69231993938362,11.83995024164856
2018-10-23,2018-10-22,002691,7.282360778410591,7.222423652662356,7.242402694578434
2018-10-23,2018-10-22,002712,7.541051086910432,7.151513348646185,7.151513348646185
2018-10-23,2018-10-22,002789,16.42423380274194,16.18605760258133,16.24560165262148
2018-10-23,2018-10-22,002798,14.60328765396185,14.51448387768776,14.50461679143508
2018-10-23,2018-10-22,002840,8.42181616450863,8.248170470395051,8.347396581317097
2018-10-23,2018-10-22,002873,11.41031446587068,11.20397966540286,11.27963575890773
2018-10-23,2018-10-22,300138,4.773197194663386,4.773197194663386,4.801440965046009
2018-10-23,2018-10-22,300270,6.65,6.46,6.53
2018-10-23,2018-10-22,300349,13.74878416729522,13.69528695263649,13.70420315507961
2018-10-23,2018-10-22,300388,7.301903444408532,7.872796273605669,7.826756529315577
2018-10-23,2018-10-22,300393,3.540219364605604,3.520780960407358,3.498912755684331
2018-10-23,2018-10-22,300434,12.26363642359035,11.79939782080459,11.86709928371085
2018-10-23,2018-10-22,300470,22.40485589101977,22.41459289922969,22.68722912910738
2018-10-23,2018-10-22,300482,22.191270717893,22.04430866015861,22.32353656985395
2018-10-23,2018-10-22,300485,9.846849296314881,9.799279976042829,9.799279976042829
2018-10-23,2018-10-22,300497,8.186003739312856,8.080345424300214,8.070282727632343
2018-10-23,2018-10-22,300545,17.4286000129639,17.35932108048761,17.4978789454402
2018-10-23,2018-10-22,300567,38.75226208780352,38.34503492688084,38.63403484753564
2018-10-23,2018-10-22,300616,64.09090181021124,63.53167637602115,63.71502897739494
2018-10-23,2018-10-22,300639,4.081767117921067,4.073482069643825,4.103860579993711
2018-10-23,2018-10-22,600280,3.57,3.53,3.55
2018-10-23,2018-10-22,600521,10.5628132705195,10.39542924037783,10.50114546994099
2018-10-23,2018-10-22,600575,1.872394622328324,1.943051023170902,1.969547173486869
2018-10-24,2018-10-23,000488,5.147711007011714,5.174899621485367,5.120522392538061
2018-10-24,2018-10-23,000938,,,
2018-10-24,2018-10-23,002271,7.616415248180411,7.663685474701314,7.616415248180411
2018-10-24,2018-10-23,002323,,,
2018-10-24,2018-10-23,002418,2.89,2.91,2.86
2018-10-24,2018-10-23,002440,7.996239612940949,8.06692460399457,7.987403989059245
2018-10-24,2018-10-23,002627,4.062550120499167,4.017221806741854,3.988891610643533
2018-10-24,2018-10-23,002645,4.667759298049901,4.692294169524539,4.673893015918559
2018-10-24,2018-10-23,002712,6.891821523136687,6.751987463246956,6.702046727572053
2018-10-24,2018-10-23,002789,15.98757743578082,15.82879330234042,15.69978119392009
2018-10-24,2018-10-23,002798,14.17900294509674,14.30727506638154,14.29740798012886
2018-10-24,2018-10-23,002812,21.09871406052999,20.59887613859062,19.92687182131656
2018-10-24,2018-10-23,002840,8.272976998125563,8.297783525856074,8.192355783001402
2018-10-24,2018-10-23,002873,11.08705661180442,10.98388921157051,10.92198877143016
2018-10-24,2018-10-23,002884,6.609722638196024,6.582466049997278,6.544988241224002
2018-10-24,2018-10-23,300259,2.144671014881375,2.153389189738617,2.162107364595858
2018-10-24,2018-10-23,300388,7.69784524530332,7.605765756723136,7.707053194161338
2018-10-24,2018-10-23,300393,3.450316745188715,3.479474351486085,3.438167742564811
2018-10-24,2018-10-23,300396,11.28370193169045,11.37241028021003,11.26596026198653
2018-10-24,2018-10-23,300401,10.97790459615599,10.9309904739502,10.85592787842093
2018-10-24,2018-10-23,300468,5.302253143565621,5.291183721554003,5.298563336228415
2018-10-24,2018-10-23,300485,9.618516559009027,9.63754428711785,9.618516559009027
2018-10-24,2018-10-23,300497,8.050157334296602,8.019969244292989,8.085376772634149
2018-10-24,2018-10-23,300581,4.068940984526325,4.075404750983078,4.049549685156064
2018-10-24,2018-10-23,300616,62.09235845523683,62.43156076777835,62.36738735729753
2018-10-24,2018-10-23,300639,3.976823173076006,3.99891663514865,3.976823173076006
2018-10-24,2018-10-23,600130,2.98,3,3.01
2018-10-24,2018-10-23,600195,5.851435988438406,5.862352846625791,5.856894417532098
2018-10-24,2018-10-23,600203,4.23,4.25,4.23
2018-10-24,2018-10-23,600280,3.54,3.57,3.58
2018-10-24,2018-10-23,600487,18.52705714444388,18.54624622486278,18.38313904130217
2018-10-24,2018-10-23,600575,1.881226672433646,1.916554872854935,1.907722822749613
2018-10-24,2018-10-23,601100,12.01745597611822,12.21311833707392,11.92278064017191
2018-10-24,2018-10-23,601113,6.930000001192092,6.89040000118528,6.89040000118528
2018-10-25,2018-10-24,000488,5.174899621485367,4.975516448678576,5.029893677625883
2018-10-25,2018-10-24,000938,,,
2018-10-25,2018-10-24,002271,7.598688913235073,7.267797327588756,7.474604568617704
2018-10-25,2018-10-24,002323,,,
2018-10-25,2018-10-24,002418,2.83,2.69,2.72
2018-10-25,2018-10-24,002440,7.943225869650733,7.616307786027732,7.64281465767284
2018-10-25,2018-10-24,002627,4.022887845961518,3.869904787030587,3.932231218446892
2018-10-25,2018-10-24,002645,4.692294169524539,4.508282633464752,4.502148915596093
2018-10-25,2018-10-24,002712,6.442354902062555,6.072793458068269,6.012864575258384
2018-10-25,2018-10-24,002789,15.79902127732034,15.273048835299,15.29289685197905
2018-10-25,2018-10-24,002798,14.06059791006462,13.45870564865132,13.468572734904
2018-10-25,2018-10-24,002812,20.38783346043843,19.60475404940007,19.8324579916169
2018-10-25,2018-10-24,002840,8.124137831742493,7.869870922504751,7.882274186370008
2018-10-25,2018-10-24,002873,11.01827834498182,10.69502049091556,10.73628745100912
2018-10-25,2018-10-24,002884,6.647200446969301,6.39848407965574,6.480253844251978
2018-10-25,2018-10-24,300259,2.1708255394531,2.101080140595168,2.135952840024134
2018-10-25,2018-10-24,300388,7.568933961291064,7.458438574994843,7.596557807865119
2018-10-25,2018-10-24,300393,3.428448540465688,3.34097572157358,3.430878340990469
2018-10-25,2018-10-24,300396,11.17725191346695,10.73371017086906,10.82241851938864
2018-10-25,2018-10-24,300401,11.02481871836179,10.68703703848007,10.79024810733281
2018-10-25,2018-10-24,300468,5.184179308775017,4.948031639193806,5.091934125344856
2018-10-25,2018-10-24,300485,9.63754428711785,9.371156093594355,9.380669957648765
2018-10-25,2018-10-24,300497,8.050157334296602,7.853934749273122,7.88915418761067
2018-10-25,2018-10-24,300581,4.065709101297948,3.949361305076386,4.001071436730413
2018-10-25,2018-10-24,300616,63.63252030677673,60.59803475404037,60.61637001417776
2018-10-25,2018-10-24,300639,3.974061490316925,3.869117545471863,3.871879228230944
2018-10-25,2018-10-24,600130,3.08,2.97,3
2018-10-25,2018-10-24,600195,5.878728133906868,5.693141544721322,5.720433690189785
2018-10-25,2018-10-24,600203,4.29,4.05,4.07
2018-10-25,2018-10-24,600280,3.58,3.42,3.44
2018-10-25,2018-10-24,600487,18.229626397951,17.26057783679676,17.308550537844
2018-10-25,2018-10-24,600575,1.898890772644291,1.792906171380423,1.845898472012357
2018-10-25,2018-10-24,601100,11.61981956514372,11.15906626353834,11.35472862449405
2018-10-25,2018-10-24,601113,6.870600001181875,6.613200001137597,6.692400001151221
2018-10-26,2018-10-25,000488,5.138648135520496,5.147711007011714,5.129585264029279
2018-10-26,2018-10-25,000938,,25.14197114530333,25.09274211089295
2018-10-26,2018-10-25,002271,7.752317149428006,7.710955701222217,7.675503031331539
2018-10-26,2018-10-25,002323,,,
2018-10-26,2018-10-25,002418,2.85,2.88,2.93
2018-10-26,2018-10-25,002440,7.907883374123921,8.005075236822652,7.978568365177543
2018-10-26,2018-10-25,002627,3.988891610643533,4.005889728302526,4.079548238158159
2018-10-26,2018-10-25,002645,4.557352376414029,4.637090708706602,4.772032501817113
2018-10-26,2018-10-25,002712,5.823089779693751,5.992888280988423,6.002876428123403
2018-10-26,2018-10-25,002789,15.73947722728019,15.84864131902047,15.81886929400039
2018-10-26,2018-10-25,002798,13.61657902869416,13.80405366749502,13.78431949498966
2018-10-26,2018-10-25,002812,19.99351687757514,20.25454334792126,20.31563464949163
2018-10-26,2018-10-25,002840,7.944290505696286,7.981500297292053,8.006306825022564
2018-10-26,2018-10-25,002873,10.86696615797208,11.11456791853347,11.18334618535608
2018-10-26,2018-10-25,002884,6.558616535323375,6.643793373444457,6.65742166754383
2018-10-26,2018-10-25,300259,2.179543714310341,2.196980064024824,2.214416413739306
2018-10-26,2018-10-25,300388,7.707053194161338,7.734677040735394,7.863588324747649
2018-10-26,2018-10-25,300393,3.549938566704728,3.501342556209112,3.518351159882577
2018-10-26,2018-10-25,300396,10.81354768453668,11.00870605127975,11.11515606950325
2018-10-26,2018-10-25,300401,11.25938932939076,11.34383474936119,11.16556108497917
2018-10-26,2018-10-25,300468,5.27273468486797,5.280114299542383,5.217387574809874
2018-10-26,2018-10-25,300485,9.599488830900206,9.675599743335491,9.713655199553134
2018-10-26,2018-10-25,300497,7.874060142608863,7.924373625948217,7.909279580946412
2018-10-26,2018-10-25,300581,4.172361247834381,4.13357864909386,4.159433714920874
2018-10-26,2018-10-25,300616,60.76305209527679,61.28560700919211,62.4865665481905
2018-10-26,2018-10-25,300639,3.979584855835086,3.979584855835086,4.00167831790773
2018-10-26,2018-10-25,600130,3.12,3.1,3.14
2018-10-26,2018-10-25,600195,5.856894417532098,5.922395566656409,5.971521428499641
2018-10-26,2018-10-25,600203,4.19,4.21,4.25
2018-10-26,2018-10-25,600280,3.49,3.54,3.56
2018-10-26,2018-10-25,600487,17.70192668643136,17.91300657103922,17.85543932978253
2018-10-26,2018-10-25,600575,1.845898472012357,1.872394622328324,1.863562572223002
2018-10-26,2018-10-25,601100,12.14368975737996,11.92278064017191,11.96065077455043
2018-10-26,2018-10-25,601113,6.801300001169953,6.92010000119039,6.870600001181875
2018-10-29,2018-10-26,000488,5.138648135520496,5.111459521046843,5.102396649555625
2018-10-29,2018-10-26,000938,24.20661949150604,24.24881580671493,24.15739045709565
2018-10-29,2018-10-26,002271,7.610506469865299,7.545509908399057,7.480513346932817
2018-10-29,2018-10-26,002323,,,
2018-10-29,2018-10-26,002418,2.84,2.88,2.86
2018-10-29,2018-10-26,002440,7.925554621887327,7.846034006952003,7.713499648726462
2018-10-29,2018-10-26,002627,4.170204865672785,4.1362086303548,4.034219924400846
2018-10-29,2018-10-26,002645,4.729096476736496,4.624823272969284,4.637090708706602
2018-10-29,2018-10-26,002712,6.082781605203249,5.992888280988423,5.972911986718462
2018-10-29,2018-10-26,002789,15.80894528566036,15.72955321894016,15.68985718558006
2018-10-29,2018-10-26,002798,13.78431949498966,13.47843982115668,13.84352201250572
2018-10-29,2018-10-26,002812,20.12680699009231,20.54889234639668,20.44337100732059
2018-10-29,2018-10-26,002840,7.876072554437379,7.876072554437379,7.832661130908985
2018-10-29,2018-10-26,002873,11.10081226516895,11.03203399834634,10.98388921157051
2018-10-29,2018-10-26,002884,6.619943858770554,6.851624858459899,6.943615843630669
2018-10-29,2018-10-26,300259,2.196980064024824,2.188261889167582,2.196980064024824
2018-10-29,2018-10-26,300388,7.937251915611796,7.80834063159954,7.80834063159954
2018-10-29,2018-10-26,300393,3.455176346238277,3.460035947287839,3.452746545713496
2018-10-29,2018-10-26,300396,11.15063940891108,10.955481042168,10.94661020731605
2018-10-29,2018-10-26,300401,11.16556108497917,10.99667024503831,10.96852177171483
2018-10-29,2018-10-26,300468,5.114072969368094,5.047656437298379,5.210007960135461
2018-10-29,2018-10-26,300485,9.618516559009027,9.513864054410512,9.551919510628153
2018-10-29,2018-10-26,300497,7.803621265933768,7.652680815915708,7.582241939240611
2018-10-29,2018-10-26,300581,4.072172867754701,3.991375787045283,3.971984487675022
2018-10-29,2018-10-26,300616,63.40332955505949,61.95484400420648,61.40478620008509
2018-10-29,2018-10-26,300639,3.907781104098992,3.913304469617152,3.882925959267266
2018-10-29,2018-10-26,600130,3.09,3.09,3.1
2018-10-29,2018-10-26,600195,5.79685169750148,5.791393268407788,5.785934839314095
2018-10-29,2018-10-26,600203,4.21,4.19,4.2
2018-10-29,2018-10-26,600280,3.52,3.56,3.54
2018-10-29,2018-10-26,600487,17.79787208852584,17.60598128433689,17.63476490496523
2018-10-29,2018-10-26,600575,1.837066421907035,1.828234371801712,1.81940232169639
2018-10-29,2018-10-26,601100,11.75867672453164,11.64506632139606,11.52514422919741
2018-10-29,2018-10-26,601113,6.791400001168251,6.771600001164845,6.741900001159735
2018-10-30,2018-10-29,000488,4.984579320169794,4.975516448678576,4.921139219731269
2018-10-30,2018-10-29,000938,23.89014712743928,23.41895494093988,22.0124111006432
2018-10-30,2018-10-29,002271,7.344611445685222,7.421425563781689,7.279614884218981
2018-10-30,2018-10-29,002323,,,
2018-10-30,2018-10-29,002418,2.82,2.83,2.81
2018-10-30,2018-10-29,002440,7.669321529317948,7.686992777081353,7.669321529317948
2018-10-30,2018-10-29,002627,4.022887845961518,3.971893492984541,3.937897257666556
2018-10-30,2018-10-29,002645,5.06031724164411,4.845637116241027,4.845637116241027
2018-10-30,2018-10-29,002712,5.853054221098693,5.843066073963712,5.733196455478925
2018-10-30,2018-10-29,002789,15.3127448686591,15.36236491035922,15.3127448686591
2018-10-30,2018-10-29,002798,13.64618028745219,13.63631320119951,13.44883856239865
2018-10-30,2018-10-29,002812,20.86545636362495,20.6655211948492,20.58221487452597
2018-10-30,2018-10-29,002840,7.783048075447963,7.795451339313217,7.7024268603238
2018-10-30,2018-10-29,002873,10.85321050460756,10.88759963801886,10.82569919787851
2018-10-30,2018-10-29,002884,6.814147049686623,6.807332902636936,6.677864108692891
2018-10-30,2018-10-29,300259,2.127234665166893,2.118516490309651,2.118516490309651
2018-10-30,2018-10-29,300388,7.826756529315577,7.835964478173595,7.863588324747649
2018-10-30,2018-10-29,300393,3.481904152010866,3.443027343614373,3.355554524722265
2018-10-30,2018-10-29,300396,10.76919351027689,10.81354768453668,10.74258100572102
2018-10-30,2018-10-29,300401,10.84654505397977,10.8840763517444,10.79024810733281
2018-10-30,2018-10-29,300468,5.187869116112223,5.176799694100603,4.959101061205424
2018-10-30,2018-10-29,300485,9.513864054410512,9.475808598192872,9.390183821703175
2018-10-30,2018-10-29,300497,7.592304635908482,7.526897107567323,7.511803062565516
2018-10-30,2018-10-29,300581,3.994607670273659,3.997839553502036,3.991375787045283
2018-10-30,2018-10-29,300616,60.34134111211705,61.04724862740618,60.10298273033112
2018-10-30,2018-10-29,300639,3.880164276508186,3.882925959267266,3.838739035121978
2018-10-30,2018-10-29,600130,3.03,3.05,3
2018-10-30,2018-10-29,600195,5.583972962847471,5.671307828346552,5.638557253784397
2018-10-30,2018-10-29,600203,4.15,4.16,4.1
2018-10-30,2018-10-29,600280,3.5,3.49,3.51
2018-10-30,2018-10-29,600487,16.96314709030388,15.2649134732316,15.2649134732316
2018-10-30,2018-10-29,600575,1.810570271591068,1.810570271591068,1.784074121275101
2018-10-30,2018-10-29,601100,11.63244294326989,11.54407929638667,11.24742991042156
2018-10-30,2018-10-29,601113,6.692400001151221,6.652800001144408,6.59340000113419
2018-10-31,2018-10-30,000488,5.0389565491171,5.0389565491171,5.0389565491171
2018-10-31,2018-10-30,000528,5.872738537408449,5.890087838848356,5.933461092448123
2018-10-31,2018-10-30,000830,8.615207527987954,8.714938336415241,8.760967940304758
2018-10-31,2018-10-30,000938,22.96886091204494,23.13764617288055,23.2009406456939
2018-10-31,2018-10-30,002001,10.50981895761079,10.55495776487326,10.53238836124203
2018-10-31,2018-10-30,002016,7.932649182084184,7.960581045401383,7.886096076555521
2018-10-31,2018-10-30,002027,4.40780628372061,4.47550296725898,4.452937406079523
2018-10-31,2018-10-30,002236,9.500210533934135,9.551195563633247,9.542698058683394
2018-10-31,2018-10-30,002323,,,
2018-10-31,2018-10-30,002333,6.706095488317859,6.745776526710273,6.696175228719756
2018-10-31,2018-10-30,002418,2.87,2.89,2.89
2018-10-31,2018-10-30,002563,6.008125576631034,5.902322107357028,5.917436888681886
2018-10-31,2018-10-30,002664,11.07227266987085,11.31832317364576,11.26911307289078
2018-10-31,2018-10-30,002681,3.61,3.65,3.65
2018-10-31,2018-10-30,002712,5.863042368233674,5.853054221098693,5.863042368233674
2018-10-31,2018-10-30,002714,8.534329122993663,8.470189602617495,8.61733320818635
2018-10-31,2018-10-30,002840,7.845064394774241,7.845064394774241,7.857467658639496
2018-10-31,2018-10-30,300168,10.20891591096455,10.19893652102226,10.31868920032976
2018-10-31,2018-10-30,300298,9.610590563019125,9.649109964073309,9.677999514863949
2018-10-31,2018-10-30,300388,7.909628069037741,7.918836017895759,7.97408371104387
2018-10-31,2018-10-30,300396,10.8312893542406,10.88451436335234,10.97322271187192
2018-10-31,2018-10-30,300401,11.85989009362494,11.71914772700755,11.47519429153742
2018-10-31,2018-10-30,300470,21.33378498792887,21.32404797971895,21.55773617675697
2018-10-31,2018-10-30,300497,7.602367332576352,7.607398680910288,7.597335984242418
2018-10-31,2018-10-30,300518,13.50499343351021,13.60134900062876,13.52020747042367
2018-10-31,2018-10-30,300639,3.932636248930717,3.943682979967039,3.974061490316925
2018-10-31,2018-10-30,600029,5.92,5.92,5.96
2018-10-31,2018-10-30,600188,3.089084176344196,3.104437477419465,3.101366817204411
2018-10-31,2018-10-30,600195,5.813226984782558,5.900561850281639,5.976979857593334
2018-10-31,2018-10-30,600280,3.52,3.54,3.55
2018-10-31,2018-10-30,600325,4.860270479609563,4.875999510287911,4.836676933592041
2018-10-31,2018-10-30,600518,7.582025226064192,7.619746744601824,7.594599065576736
2018-11-01,2018-10-31,000488,5.102396649555625,5.129585264029279,5.156773878502932
2018-11-01,2018-10-31,000528,6.046231551807518,6.159002011166912,6.159002011166912
2018-11-01,2018-10-31,000830,8.89905675197331,9.00645916104885,8.968101157807585
2018-11-01,2018-10-31,000938,23.34159502972357,24.22771764911048,24.22771764911048
2018-11-01,2018-10-31,002001,10.60761970667947,10.62266597576696,10.66028164848568
2018-11-01,2018-10-31,002016,7.932649182084184,8.016444772035777,8.035066014247244
2018-11-01,2018-10-31,002027,4.513112235891409,4.550721504523837,4.550721504523837
2018-11-01,2018-10-31,002236,9.78062819727924,10.17151342497242,10.12052839527331
2018-11-01,2018-10-31,002323,,,
2018-11-01,2018-10-31,002333,6.706095488317859,6.656494190327343,6.636653671131136
2018-11-01,2018-10-31,002418,2.88,2.88,2.87
2018-11-01,2018-10-31,002563,6.008125576631034,6.159273389879614,6.310421203128192
2018-11-01,2018-10-31,002664,11.10179873032384,11.14116681092782,11.2002189318338
2018-11-01,2018-10-31,002681,3.62,3.66,3.67
2018-11-01,2018-10-31,002712,5.922971251043558,5.982900133853443,5.9529356924485
2018-11-01,2018-10-31,002714,8.639970685966174,8.621106121149655,8.621106121149655
2018-11-01,2018-10-31,002840,7.882274186370008,7.894677450235263,7.962895401494169
2018-11-01,2018-10-31,300168,10.44842126957955,10.80767930750206,10.7577823577906
2018-11-01,2018-10-31,300298,9.947635322243242,10.11134277672353,10.08245322593289
2018-11-01,2018-10-31,300388,7.946459864469816,8.406857307370732,8.277946023358474
2018-11-01,2018-10-31,300396,11.13289773920716,11.22160608772674,11.26596026198653
2018-11-01,2018-10-31,300401,11.4564286426551,11.27815497827308,11.34383474936119
2018-11-01,2018-10-31,300470,21.83037240663466,22.19064171040159,22.37564486639002
2018-11-01,2018-10-31,300497,7.687900254253254,7.697962950921125,7.718088344256866
2018-11-01,2018-10-31,300518,13.57599227243967,13.75348936976331,13.60134900062876
2018-11-01,2018-10-31,300639,4.018248414462214,4.037580193775778,4.037580193775778
2018-11-01,2018-10-31,600029,6.09,6.09,6.09
2018-11-01,2018-10-31,600188,3.153568040860327,3.147426720430219,3.162780021505489
2018-11-01,2018-10-31,600195,6.129815872216726,6.129815872216726,6.113440584935647
2018-11-01,2018-10-31,600280,3.56,3.57,3.55
2018-11-01,2018-10-31,600325,4.860270479609563,4.954644663679651,4.986102725036347
2018-11-01,2018-10-31,600518,7.764345898996083,7.732911300214723,7.745485139727267
2018-11-02,2018-11-01,000488,5.156773878502932,5.283654079379981,5.24740259341511
2018-11-02,2018-11-01,000528,6.054906202527472,6.167676661886865,6.150327360446958
2018-11-02,2018-11-01,000830,8.868370349380299,9.052488764938367,9.044817164290114
2018-11-02,2018-11-01,000938,24.37540475234163,24.93098956925883,25.03648035728108
2018-11-02,2018-11-01,002001,10.75055926301061,10.84083687753554,10.85588314662303
2018-11-02,2018-11-01,002016,7.969891666507115,8.081619119775906,8.025755393141509
2018-11-02,2018-11-01,002027,4.640983749241665,4.821508238677322,4.768855262591922
2018-11-02,2018-11-01,002236,10.0695433655742,11.08074645460654,11.08074645460654
2018-11-02,2018-11-01,002323,,,
2018-11-02,2018-11-01,002333,6.835058863093202,6.745776526710273,6.785457565102686
2018-11-02,2018-11-01,002418,2.9,2.93,2.92
2018-11-02,2018-11-01,002563,6.612716829625351,6.809208986848505,6.567372485650777
2018-11-02,2018-11-01,002664,11.10179873032384,11.31832317364576,11.7218459998366
2018-11-02,2018-11-01,002681,3.68,3.79,3.83
2018-11-02,2018-11-01,002712,6.002876428123403,6.142710488013134,6.09276975233823
2018-11-02,2018-11-01,002714,8.451325037800974,8.564512426700094,8.609787382259743
2018-11-02,2018-11-01,002840,7.913282346033147,8.000105193089937,7.987701929224682
2018-11-02,2018-11-01,300168,11.05716405605936,11.60603050288541,11.80561830173125
2018-11-02,2018-11-01,300298,10.02467412435161,10.32319948252155,10.35208903331218
2018-11-02,2018-11-01,300388,8.333193716506585,8.434481153944786,8.425273205086768
2018-11-02,2018-11-01,300396,11.20386441802283,11.3990227847659,11.44337695902569
2018-11-02,2018-11-01,300401,11.15617826053801,11.21247520718497,11.31568627603771
2018-11-02,2018-11-01,300470,22.25880076787102,22.43406691564953,22.45354093206936
2018-11-02,2018-11-01,300497,7.758339130928349,7.874060142608863,7.828778007603446
2018-11-02,2018-11-01,300518,13.63684842009349,13.70277591338513,13.79406013486586
2018-11-02,2018-11-01,300639,4.0486269248121,4.137000773102678,4.112145628270953
2018-11-02,2018-11-01,600029,6.27,6.7,6.65
2018-11-02,2018-11-01,600188,3.141285400000112,3.181203982795812,3.162780021505489
2018-11-02,2018-11-01,600195,6.124357443123033,6.266276599559039,6.249901312277961
2018-11-02,2018-11-01,600280,3.63,3.67,3.69
2018-11-02,2018-11-01,600325,4.852405964270389,4.938915633001304,4.891728540966259
2018-11-02,2018-11-01,600518,7.72662438045845,7.795780497777445,7.827215096558804
2018-11-05,2018-11-02,000488,5.519288738151644,5.455848637713119,5.437722894730684
2018-11-05,2018-11-02,000528,6.237073867646493,6.167676661886865,6.150327360446958
2018-11-05,2018-11-02,000830,9.497441602537032,9.313323186978964,9.313323186978964
2018-11-05,2018-11-02,000938,25.1982328989152,25.04351307648256,24.88879325404993
2018-11-05,2018-11-02,002001,11.05148464476038,10.96120703023545,11.04396151021664
2018-11-05,2018-11-02,002016,8.258520920784825,8.146793467516034,8.211967815256163
2018-11-05,2018-11-02,002027,5.092294972830806,5.092294972830806,5.047163850471892
2018-11-05,2018-11-02,002236,11.08074645460654,11.18271651400476,11.08924395955639
2018-11-05,2018-11-02,002323,,,
2018-11-05,2018-11-02,002333,6.88466016108372,6.785457565102686,6.88466016108372
2018-11-05,2018-11-02,002418,2.96,2.97,3.07
2018-11-05,2018-11-02,002563,6.816766377510934,6.665618564262354,6.567372485650777
2018-11-05,2018-11-02,002664,12.21394700738642,13.28672720384502,12.95209851871114
2018-11-05,2018-11-02,002681,3.8,3.8,3.78
2018-11-05,2018-11-02,002712,6.272556400767883,6.5222600791424,6.602165256222246
2018-11-05,2018-11-02,002714,8.719201858195559,8.621106121149655,8.666381076709303
2018-11-05,2018-11-02,002840,8.086928040146725,8.192355783001402,8.124137831742493
2018-11-05,2018-11-02,300168,12.05510305028854,11.85551525144271,11.84553586150041
2018-11-05,2018-11-02,300298,10.44838753594765,10.61209499042793,10.60246514016438
2018-11-05,2018-11-02,300388,8.323985767648566,8.296361921074512,8.452897051660823
2018-11-05,2018-11-02,300396,11.77159784854813,11.70063116973247,11.75385617884422
2018-11-05,2018-11-02,300401,11.76606184921335,11.63470230703712,11.67223360480176
2018-11-05,2018-11-02,300470,22.89170630151564,23.04749843287432,23.07670945750407
2018-11-05,2018-11-02,300497,7.97468710928757,8.070282727632343,8.256442615987952
2018-11-05,2018-11-02,300518,13.85998762815749,14.0273420342055,14.07805549058368
2018-11-05,2018-11-02,300639,4.161855917934403,4.186711062766128,4.250229766224981
2018-11-05,2018-11-02,600029,6.69,6.69,6.59
2018-11-05,2018-11-02,600188,3.22726388602162,3.193486623656028,3.181203982795812
2018-11-05,2018-11-02,600195,6.413654185088737,6.299027174121194,6.320860890495965
2018-11-05,2018-11-02,600280,3.83,3.82,3.84
2018-11-05,2018-11-02,600325,4.946780148340477,4.868134994948737,4.883864025627084
2018-11-05,2018-11-02,600518,7.978101170709336,7.908945053390343,7.927805812659159
2018-11-06,2018-11-05,000488,5.464911509204337,5.428660023239466,5.483037252186773
2018-11-06,2018-11-05,000528,6.185025963326773,6.124303408287098,6.115628757567145
2018-11-06,2018-11-05,000830,9.290308385034205,9.167562774662159,9.190577576606918
2018-11-06,2018-11-05,000938,25.1982328989152,25.92963569586948,25.91557025746651
2018-11-06,2018-11-05,002001,11.3599331610539,11.2245167392665,11.25460927744148
2018-11-06,2018-11-05,002016,8.342316510736421,8.267831541890558,8.221278436361896
2018-11-06,2018-11-05,002027,4.881683068489207,4.844073799856779,4.798942677497864
2018-11-06,2018-11-05,002236,11.47163168229972,11.1402289892555,11.1402289892555
2018-11-06,2018-11-05,002323,,,
2018-11-06,2018-11-05,002333,7.013623535859064,6.85489938228941,6.835058863093202
2018-11-06,2018-11-05,002418,2.98,2.96,2.95
2018-11-06,2018-11-05,002563,6.710962908236929,6.574929876313206,6.582487266975637
2018-11-06,2018-11-05,002664,12.71589003508723,12.36157730965137,12.40094539025535
2018-11-06,2018-11-05,002681,3.8,3.81,3.79
2018-11-06,2018-11-05,002712,6.562212667682323,6.462331196332516,6.442354902062555
2018-11-06,2018-11-05,002714,8.896528767470846,8.904074593397455,9.036126547113096
2018-11-06,2018-11-05,002840,8.384606372912863,8.223363942664539,8.235767206529795
2018-11-06,2018-11-05,300168,12.23473206924979,11.80561830173125,12.06508244023083
2018-11-06,2018-11-05,300298,10.63135469095502,10.47727708673828,10.40986813489346
2018-11-06,2018-11-05,300388,8.443689102802804,8.406857307370732,8.41606525622875
2018-11-06,2018-11-05,300396,11.5054728029894,11.35466861050611,11.40789361961786
2018-11-06,2018-11-05,300401,11.52210841374321,11.49395994041974,11.4564286426551
2018-11-06,2018-11-05,300470,22.89170630151564,22.90144330972556,22.86249527688589
2018-11-06,2018-11-05,300497,8.231285874318274,8.155815649309245,8.251411267654015
2018-11-06,2018-11-05,300518,14.09834087313496,13.80927417177931,13.70784725902295
2018-11-06,2018-11-05,300639,4.225374621393255,4.192234428284289,4.161855917934403
2018-11-06,2018-11-05,600029,6.65,6.62,6.62
2018-11-06,2018-11-05,600188,3.208839924731297,3.18734530322592,3.218051905376459
2018-11-06,2018-11-05,600195,6.315402461402273,6.222609166809499,6.217150737715807
2018-11-06,2018-11-05,600280,3.94,3.89,3.95
2018-11-06,2018-11-05,600325,4.915322086983781,4.875999510287911,4.891728540966259
2018-11-06,2018-11-05,600518,7.852362775583893,7.764345898996083,7.751772059483539
2018-11-07,2018-11-06,000488,5.528351609642861,5.510225866660426,5.501162995169209
2018-11-07,2018-11-06,000528,6.132978059007052,6.115628757567145,6.132978059007052
2018-11-07,2018-11-06,000830,9.144547972717401,9.090846768179631,9.159891174013906
2018-11-07,2018-11-06,000858,40.85901740568402,40.95553476963446,40.93944854230939
2018-11-07,2018-11-06,000932,4.074153246887086,4.052710335061365,4.041988879148504
2018-11-07,2018-11-06,002001,11.51039585192879,11.7511361573286,11.77370556095984
2018-11-07,2018-11-06,002027,4.723724140233008,4.708680432780036,4.761333408865436
2018-11-07,2018-11-06,002304,75.29612858878536,75.13064259188694,75.37493144445129
2018-11-07,2018-11-06,002323,,,
2018-11-07,2018-11-06,002333,6.666414449925446,6.666414449925446,6.76561704590648
2018-11-07,2018-11-06,002440,8.172952090575002,8.181787714456705,8.217130209983516
2018-11-07,2018-11-06,002488,6.439573447300162,6.399699927502638,6.409668307452019
2018-11-07,2018-11-06,002493,6.944660789445163,6.89268952067476,6.879696703482159
2018-11-07,2018-11-06,002627,4.141874669574464,4.113544473476144,4.147540708794129
2018-11-07,2018-11-06,002712,6.881833376001706,6.741999316111976,6.751987463246956
2018-11-07,2018-11-06,002789,16.03719747748095,16.1364375608812,16.07689351084105
2018-11-07,2018-11-06,002798,13.77445240873699,13.77445240873699,13.96192704753785
2018-11-07,2018-11-06,002840,8.42181616450863,8.527243907363305,8.775309184668419
2018-11-07,2018-11-06,300142,16.81736824943808,16.91606172508032,16.97527781046566
2018-11-07,2018-11-06,300168,11.82557708161583,11.91539159109645,12.2247526793075
2018-11-07,2018-11-06,300221,5.682368421052631,6.248618421052631,6.248618421052631
2018-11-07,2018-11-06,300259,2.345189036597926,2.336470861740685,2.371343561169651
2018-11-07,2018-11-06,300518,13.59627765499094,13.51006477914803,13.64191976573131
2018-11-07,2018-11-06,600280,4.13,4.05,4.07
2018-11-07,2018-11-06,600298,21.3319020788481,21.18867086524796,21.10273213708787
2018-11-07,2018-11-06,600426,7.840162435278619,7.719786109503312,7.714552356208734
2018-11-07,2018-11-06,600518,7.751772059483539,7.802067417533716,7.814641257046261
2018-11-07,2018-11-06,600702,19.29655168314078,19.50253137117042,19.63360935446201
2018-11-07,2018-11-06,600741,15.13820107942897,15.05367734364209,15.1804629473224
2018-11-07,2018-11-06,600809,20.77007015958067,20.67748440849784,20.82562161023037
2018-11-07,2018-11-06,600867,13.69277450029524,13.59065889385236,13.61850860470042
2018-11-07,2018-11-06,601100,12.69911839493164,12.71174177305782,12.78117035275178
2018-11-07,2018-11-06,601113,6.949800001195498,6.910200001188686,6.910200001188686
2018-11-07,2018-11-06,601888,51.68181401942437,51.68181401942437,51.56194540528477
2018-11-08,2018-11-07,000488,5.437722894730684,5.501162995169209,5.473974380695555
2018-11-08,2018-11-07,000528,6.072255503967378,6.106954106847192,6.089604805407284
2018-11-08,2018-11-07,000830,9.098518368827884,9.175234375310414,9.11386157012439
2018-11-08,2018-11-07,000858,40.61772399580794,41.06009524724743,41.33356111177366
2018-11-08,2018-11-07,000932,3.98302087162777,4.004463783453491,3.98302087162777
2018-11-08,2018-11-07,002001,11.50287271738504,11.58562719736623,11.4953495828413
2018-11-08,2018-11-07,002027,4.731245993959494,4.776377116318407,4.731245993959494
2018-11-08,2018-11-07,002304,75.19368487641967,76.03687543204499,76.49393199490733
2018-11-08,2018-11-07,002323,,,
2018-11-08,2018-11-07,002333,6.517610555953897,6.537451075150103,6.577132113542516
2018-11-08,2018-11-07,002440,8.084595851757976,8.146445218929895,8.111102723403084
2018-11-08,2018-11-07,002488,6.329921267856971,6.349858027755733,6.329921267856971
2018-11-08,2018-11-07,002493,6.938164380848863,6.918675155059962,6.931667972252563
2018-11-08,2018-11-07,002627,4.141874669574464,4.158872787233457,4.124876551915472
2018-11-08,2018-11-07,002712,6.971726700216532,6.881833376001706,6.901809670271668
2018-11-08,2018-11-07,002789,16.11658954420115,16.1761335942413,16.23567764428145
2018-11-08,2018-11-07,002798,13.92245870252714,13.78431949498966,13.70538280496825
2018-11-08,2018-11-07,002840,9.26523810734602,9.662142551034202,9.476093593055367
2018-11-08,2018-11-07,300142,16.92593107264454,17.03449389585101,17.24175019469972
2018-11-08,2018-11-07,300168,12.06508244023083,12.12495877988458,11.80561830173125
2018-11-08,2018-11-07,300221,6.248618421052631,6.347960526315789,6.258552631578946
2018-11-08,2018-11-07,300259,2.345189036597926,2.353907211455168,2.345189036597926
2018-11-08,2018-11-07,300518,13.52020747042367,13.6114916919044,13.5861349637153
2018-11-08,2018-11-07,600280,3.93,3.92,3.88
2018-11-08,2018-11-07,600298,21.25551209826136,21.12182963223456,21.27460959340804
2018-11-08,2018-11-07,600426,7.662214823262949,7.745954875976206,7.725019862797891
2018-11-08,2018-11-07,600518,7.707763621189634,7.764345898996083,7.745485139727267
2018-11-08,2018-11-07,600702,19.52125679735494,19.68978563301555,19.81150090321489
2018-11-08,2018-11-07,600741,14.99451072859128,15.09593921153553,15.01141547574866
2018-11-08,2018-11-07,600809,20.67131202509232,20.91820736131319,21.27620559883345
2018-11-08,2018-11-07,600867,13.49782652435883,13.53495947215625,13.60922536775107
2018-11-08,2018-11-07,601100,13.15987169653702,13.05257298246453,12.98314440277057
2018-11-08,2018-11-07,601113,6.860700001180171,6.900300001186983,6.870600001181875
2018-11-08,2018-11-07,601888,51.98609588608647,52.66842492041963,52.97270678708173
2018-11-09,2018-11-08,000488,5.392408537274595,5.365219922800941,5.392408537274595
2018-11-09,2018-11-08,000528,5.968159695327937,5.942135743168077,5.916111791008217
2018-11-09,2018-11-08,000830,8.945086355862827,8.853027148083791,8.837683946787287
2018-11-09,2018-11-08,000858,40.77054315539613,40.2557838809938,40.26382699465635
2018-11-09,2018-11-08,000932,3.9883815995842,3.98302087162777,3.972299415714909
2018-11-09,2018-11-08,002001,11.24708614289773,11.29974808470394,11.30727121924769
2018-11-09,2018-11-08,002027,4.618418188062208,4.332587746455753,4.294978477823324
2018-11-09,2018-11-08,002304,74.94151573828873,74.07468432596362,74.11408575379657
2018-11-09,2018-11-08,002323,,,
2018-11-09,2018-11-08,002333,6.844979122691306,6.725936007514067,6.626733411533032
2018-11-09,2018-11-08,002440,8.049253356231164,8.022746484586056,8.022746484586056
2018-11-09,2018-11-08,002488,6.240205848312542,6.240205848312542,6.230237468363161
2018-11-09,2018-11-08,002493,6.931667972252563,6.88619311207846,6.918675155059962
2018-11-09,2018-11-08,002627,4.124876551915472,4.107878434256479,4.158872787233457
2018-11-09,2018-11-08,002712,6.961738553081551,6.811916346056841,6.771963757516918
2018-11-09,2018-11-08,002789,16.20590561926138,16.02727346914092,16.15628557756125
2018-11-09,2018-11-08,002798,13.57711068368345,13.54750942492542,13.47843982115668
2018-11-09,2018-11-08,002840,9.352060954402809,9.103995677097695,9.072987517434557
2018-11-09,2018-11-08,300142,17.20227280444282,17.14305671905748,16.93580042020876
2018-11-09,2018-11-08,300168,11.77568013190437,11.76570074196208,11.75572135201979
2018-11-09,2018-11-08,300221,6.208881578947368,6.000263157894737,6.04
2018-11-09,2018-11-08,300259,2.362625386312409,2.336470861740685,2.327752686883444
2018-11-09,2018-11-08,300518,13.44413728585639,13.20071269524111,13.36806710128912
2018-11-09,2018-11-08,600280,3.9,3.87,3.85
2018-11-09,2018-11-08,600298,20.8640134477543,20.50116103996726,20.29108859335372
2018-11-09,2018-11-08,600426,7.557539757371378,7.489500964541858,7.468565951363543
2018-11-09,2018-11-08,600518,7.739198219970995,7.670042102652001,7.670042102652001
2018-11-09,2018-11-08,600702,19.52125679735494,19.19356183912596,19.23101269149498
2018-11-09,2018-11-08,600741,14.88462987206835,14.80010613628147,14.74093952123066
2018-11-09,2018-11-08,600809,20.70834632552545,20.42441668887145,20.43058907227697
2018-11-09,2018-11-08,600867,13.29359531147307,13.29359531147307,13.25646236367566
2018-11-09,2018-11-08,601100,13.02101453714909,12.96420933558131,12.93896257932896
2018-11-09,2018-11-08,601113,6.910200001188686,6.870600001181875,6.900300001186983
2018-11-09,2018-11-08,601888,52.35492239113142,50.94416100933447,51.52506275478027
2018-11-12,2018-11-09,000488,5.473974380695555,5.600854581572604,5.53741448113408
2018-11-12,2018-11-09,000528,5.89876248956831,5.924786441728171,5.924786441728171
2018-11-12,2018-11-09,000830,8.806997544194276,8.837683946787287,8.814669144842528
2018-11-12,2018-11-09,000858,40.22361142634366,39.99840424379265,39.89384376617968
2018-11-12,2018-11-09,000932,3.940135047976327,3.897249224324884,3.881167040455593
2018-11-12,2018-11-09,002001,11.19442420109153,11.31479435379143,11.26213241198522
2018-11-12,2018-11-09,002027,4.302500331549809,4.340109600182237,4.302500331549809
2018-11-12,2018-11-09,002304,74.81543116922326,73.28665576930443,72.9320429188078
2018-11-12,2018-11-09,002323,,,
2018-11-12,2018-11-09,002333,6.805298084298894,6.706095488317859,6.666414449925446
2018-11-12,2018-11-09,002440,7.943225869650733,7.987403989059245,7.952061493532435
2018-11-12,2018-11-09,002488,6.210300708464398,6.170427188666874,6.210300708464398
2018-11-12,2018-11-09,002493,6.860207477693258,6.866703886289558,6.912178746463661
2018-11-12,2018-11-09,002627,4.141874669574464,4.107878434256479,4.107878434256479
2018-11-12,2018-11-09,002712,6.702046727572053,6.672082286167111,6.692058580437073
2018-11-12,2018-11-09,002789,16.04712148582097,16.02727346914092,16.08681751918107
2018-11-12,2018-11-09,002798,13.62644611494683,13.61657902869416,13.83365492625305
2018-11-12,2018-11-09,002840,8.905543455253603,8.930349982984115,8.88693855945572
2018-11-12,2018-11-09,300142,17.03449389585101,17.1529260666217,17.10357932880057
2018-11-12,2018-11-09,300168,11.70582440230833,12.20479389942292,12.15489694971146
2018-11-12,2018-11-09,300221,5.970460526315788,5.900921052631579,5.861184210526316
2018-11-12,2018-11-09,300259,2.353907211455168,2.345189036597926,2.380061736026892
2018-11-12,2018-11-09,300518,13.20071269524111,13.35285306437566,13.35792441001348
2018-11-12,2018-11-09,600280,3.86,3.86,3.9
2018-11-12,2018-11-09,600298,20.3961248166605,20.53935603026064,20.34838107879378
2018-11-12,2018-11-09,600426,7.452864691479808,7.473799704658122,7.442397184890652
2018-11-12,2018-11-09,600518,7.544303707526559,7.569451386551647,7.512869108745198
2018-11-12,2018-11-09,600702,19.35272796169432,19.48380594498591,19.2497381176795
2018-11-12,2018-11-09,600741,15.12129633227159,15.13820107942897,14.96070123427653
2018-11-12,2018-11-09,600809,20.46145098930458,20.33183093778862,20.17134896924506
2018-11-12,2018-11-09,600867,13.35857797011854,13.25646236367566,13.01509820299249
2018-11-12,2018-11-09,601100,12.80010541994104,12.78748204181487,12.85059893244574
2018-11-12,2018-11-09,601113,6.821100001173359,6.821100001173359,6.821100001173359
2018-11-12,2018-11-09,601888,52.28115709012243,51.58038673053701,50.6490998052985
2018-11-13,2018-11-12,000488,5.628043196046258,5.555540224116515,5.573665967098951
2018-11-13,2018-11-12,000528,6.132978059007052,6.020207599647658,6.080930154687331
2018-11-13,2018-11-12,000830,9.090846768179631,8.929743154566321,8.975772758455838
2018-11-13,2018-11-12,000858,40.2557838809938,39.81341262955431,39.80536951589178
2018-11-13,2018-11-12,000932,3.956217231845618,3.881167040455593,3.902609952281314
2018-11-13,2018-11-12,002001,11.60067346645372,11.58562719736623,11.80379809913481
2018-11-13,2018-11-12,002027,4.392762576267637,4.317544039002781,4.347631453908724
2018-11-13,2018-11-12,002304,73.57822633526834,72.78231749304256,72.25433836008089
2018-11-13,2018-11-12,002323,,,
2018-11-13,2018-11-12,002333,6.894580420681823,6.815218343896997,6.993783016662857
2018-11-13,2018-11-12,002440,8.155280842811598,8.093431475639678,8.075760227876273
2018-11-13,2018-11-12,002488,6.399699927502638,6.309984507958209,6.359826407705114
2018-11-13,2018-11-12,002493,6.88619311207846,6.821229026115455,6.840718251904356
2018-11-13,2018-11-12,002627,4.16453882645312,4.153206748013792,4.198535061771105
2018-11-13,2018-11-12,002712,7.171489642916145,7.111560760106262,7.37125258561576
2018-11-13,2018-11-12,002789,16.37461376104181,16.26544966930153,16.26544966930153
2018-11-13,2018-11-12,002798,14.00139539254856,14.109933341328,14.00139539254856
2018-11-13,2018-11-12,002840,8.992366302310394,8.967559774579883,8.986164670377766
2018-11-13,2018-11-12,300142,17.7648256156036,17.77469496316782,18.02142865227343
2018-11-13,2018-11-12,300168,12.87341302555647,12.82351607584501,12.78359851607585
2018-11-13,2018-11-12,300221,6.04,5.980394736842104,6.089671052631578
2018-11-13,2018-11-12,300259,2.475961659456547,2.458525309742064,2.554425233171719
2018-11-13,2018-11-12,300518,13.85998762815749,13.69263322210949,13.78391744359022
2018-11-13,2018-11-12,600280,4.06,4,4.04
2018-11-13,2018-11-12,600298,20.82581845746093,20.62529475842073,20.63484350599407
2018-11-13,2018-11-12,600426,7.609877290317163,7.426695925006915,7.442397184890652
2018-11-13,2018-11-12,600518,7.745485139727267,7.657468263139457,7.663755182895729
2018-11-13,2018-11-12,600702,19.50253137117042,19.34336524860206,19.28718897004852
2018-11-13,2018-11-12,600741,15.20582006805846,15.04522497006341,15.12974870585028
2018-11-13,2018-11-12,600809,20.49848528973771,20.20838326967819,20.12196990200089
2018-11-13,2018-11-12,600867,13.46997681351078,13.42356062876401,13.46069357656142
2018-11-13,2018-11-12,601100,13.08413142777997,12.95158595745514,12.98314440277057
2018-11-13,2018-11-12,601113,6.959700001197201,6.939900001193795,7.029000001209122
2018-11-13,2018-11-12,601888,51.24844287599655,50.40014191439315,50.30793528813192
2018-11-14,2018-11-13,000830,9.11386157012439,9.129204771420895,9.11386157012439
2018-11-14,2018-11-13,000963,29.56887684675706,29.31148488264655,29.37388293455212
2018-11-14,2018-11-13,002027,4.70115857905355,4.678593017874094,4.618418188062208
2018-11-14,2018-11-13,002094,5.57,5.57,5.68
2018-11-14,2018-11-13,002293,7.125564778785681,7.176775203273874,7.176775203273874
2018-11-14,2018-11-13,002323,,,
2018-11-14,2018-11-13,002333,7.261630025811647,7.172347689428717,7.102905872241993
2018-11-14,2018-11-13,002645,5.103253266724727,5.109386984593386,5.078718395250088
2018-11-14,2018-11-13,002664,12.89304639780517,13.01115063961712,12.86352033735218
2018-11-14,2018-11-13,002677,8.826778651143231,8.834196112194611,8.760021501680804
2018-11-14,2018-11-13,002691,7.622004490983924,7.731889221522357,7.81180538918667
2018-11-14,2018-11-13,002712,7.421193321290663,7.351276291345799,7.331299997075837
2018-11-14,2018-11-13,002749,6.602230448114387,6.602230448114387,6.566600494265955
2018-11-14,2018-11-13,002789,16.65248599456252,16.60286595286239,16.48377785278209
2018-11-14,2018-11-13,002798,14.03099665130659,14.13953460008603,14.11980042758068
2018-11-14,2018-11-13,002832,16.62054528133077,16.58474718380175,16.95295618695738
2018-11-14,2018-11-13,002887,7.409387335716099,7.444399207355632,7.536305370409404
2018-11-14,2018-11-13,300168,12.94326875515251,12.87341302555647,12.97320692497939
2018-11-14,2018-11-13,300434,10.99665190348756,11.07402500395185,11.05468172883578
2018-11-14,2018-11-13,300470,23.79724806503796,23.8264590896677,23.71935199935862
2018-11-14,2018-11-13,300518,14.01212799729204,14.32655142683678,14.30119469864769
2018-11-14,2018-11-13,300520,16.19764718694387,16.45303762166827,16.46286033069614
2018-11-14,2018-11-13,300554,19.83296888867796,19.95137467308797,19.81323459127628
2018-11-14,2018-11-13,600280,4.12,4.18,4.12
2018-11-14,2018-11-13,600346,8.709082088851813,8.685857869948208,8.680051815222306
2018-11-14,2018-11-13,600426,7.536604744193065,7.353423378882817,7.316787105820767
2018-11-14,2018-11-13,600518,7.795780497777445,7.802067417533716,7.802067417533716
2018-11-14,2018-11-13,600600,28.07260544116714,27.90221026398251,27.71477556907942
2018-11-14,2018-11-13,600661,20.56,20.63,20.85
2018-11-14,2018-11-13,600782,4.328837670631464,4.360608956287475,4.368551777701478
2018-11-14,2018-11-13,600789,6.911775896808897,6.933764579407441,6.919105457675078
2018-11-14,2018-11-13,600809,20.88734544428559,20.93672451152976,20.77007015958067
2018-11-14,2018-11-13,601888,50.73208576893362,50.52923119115889,50.12352203560944
2018-11-15,2018-11-14,000830,9.052488764938367,9.075503566883125,9.083175167531378
2018-11-15,2018-11-14,000963,28.77330168496091,28.69530412007894,28.21171921781069
2018-11-15,2018-11-14,002027,4.588330773156265,4.63346189551518,4.648505602968151
2018-11-15,2018-11-14,002094,5.8,5.74,5.73
2018-11-15,2018-11-14,002293,7.191406753127644,7.227985627762068,7.213354077908297
2018-11-15,2018-11-14,002323,,,
2018-11-15,2018-11-14,002333,7.27155028540975,7.192188208624923,7.27155028540975
2018-11-15,2018-11-14,002645,5.029648652300812,5.084852113118748,5.097119548856067
2018-11-15,2018-11-14,002664,12.62731185372827,12.64699589403026,12.58794377312428
2018-11-15,2018-11-14,002677,8.641342124858708,8.656177046961471,8.463323059625568
2018-11-15,2018-11-14,002691,7.602025449067846,7.641983532900003,7.641983532900003
2018-11-15,2018-11-14,002712,7.23141852572603,7.281359261400934,7.271371114265953
2018-11-15,2018-11-14,002749,6.83026215274435,6.734061277353583,6.783943212741388
2018-11-15,2018-11-14,002789,16.45400582776201,16.50362586946214,16.62271396954244
2018-11-15,2018-11-14,002798,13.96192704753785,13.93232578877982,14.00139539254856
2018-11-15,2018-11-14,002832,16.58986119773446,16.72282555998511,16.6000892255999
2018-11-15,2018-11-14,002887,7.523175918544581,7.49691701481493,7.49254053085999
2018-11-15,2018-11-14,300168,12.86343363561418,13.12289777411377,13.25262984336356
2018-11-15,2018-11-14,300434,10.86124897767505,10.9289504405813,11.02566681616167
2018-11-15,2018-11-14,300470,23.6025079008396,23.61224490904952,23.74856302398837
2018-11-15,2018-11-14,300518,14.34176546375024,14.3316227724746,14.24540989663169
2018-11-15,2018-11-14,300520,17.20938621681362,16.81647785569915,16.89505952792205
2018-11-15,2018-11-14,300554,19.72443025296877,20.11911620100216,20.17831909320717
2018-11-15,2018-11-14,600280,4.08,4.13,4.13
2018-11-15,2018-11-14,600346,8.685857869948208,8.720694198303615,8.714888143577713
2018-11-15,2018-11-14,600426,7.222579546518354,7.253982066285825,7.280150832758717
2018-11-15,2018-11-14,600518,7.745485139727267,7.707763621189634,7.714050540945906
2018-11-15,2018-11-14,600600,27.50178159759864,27.64661749820558,27.51030135645787
2018-11-15,2018-11-14,600661,21.2,22.43,22.18
2018-11-15,2018-11-14,600782,4.440037170427502,4.416208706185493,4.400323063357488
2018-11-15,2018-11-14,600789,7.014389748935435,7.029048870667797,6.99240106633689
2018-11-15,2018-11-14,600809,20.47996813952115,20.68982917530889,20.57255389060397
2018-11-15,2018-11-14,601888,49.77313685581673,50.98104365983896,50.75974775681199
2018-11-16,2018-11-15,000830,9.228935579848182,9.221263979199929,9.182905975958665
2018-11-16,2018-11-15,000963,28.32871556513365,28.24291824376348,27.64233699417226
2018-11-16,2018-11-15,002027,4.640983749241665,4.746289701412464,4.68611487160058
2018-11-16,2018-11-15,002094,5.77,5.7,5.72
2018-11-16,2018-11-15,002293,7.352353801519107,7.396248451080414,7.315774926884683
2018-11-16,2018-11-15,002323,,,
2018-11-16,2018-11-15,002333,7.36083262179268,7.281470545007854,7.281470545007854
2018-11-16,2018-11-15,002645,5.17685788114864,5.19525903475462,5.19525903475462
2018-11-16,2018-11-15,002664,12.95209851871114,13.11941286127808,13.00130861946613
2018-11-16,2018-11-15,002677,8.641342124858708,8.64875958591009,8.722934196423898
2018-11-16,2018-11-15,002691,7.761857784396473,7.791826347270591,7.711910179606277
2018-11-16,2018-11-15,002712,7.281359261400934,7.341288144210818,7.391228879885722
2018-11-16,2018-11-15,002749,7.0903608158379,7.061856852759155,7.068982843528842
2018-11-16,2018-11-15,002789,16.7616500863028,16.9204342197432,16.82119413634295
2018-11-16,2018-11-15,002798,14.59342056770917,14.82036355152074,15.02757236282696
2018-11-16,2018-11-15,002832,17.07057850740988,16.95295618695738,16.98364027055369
2018-11-16,2018-11-15,002887,7.781388471886134,7.772635503976251,7.842659247255316
2018-11-16,2018-11-15,300168,13.26260923330585,13.17279472382523,13.07300082440231
2018-11-16,2018-11-15,300434,11.13205482930007,11.36417413069295,11.17074137953222
2018-11-16,2018-11-15,300470,23.8264590896677,23.9919882292363,24.00172523744622
2018-11-16,2018-11-15,300518,14.75761580605134,14.86918541008334,14.61561812819243
2018-11-16,2018-11-15,300520,17.42548581542658,17.27814518000865,17.1897407987579
2018-11-16,2018-11-15,300554,21.14529966588898,21.11569821978648,21.44131412691403
2018-11-16,2018-11-15,600280,4.11,4.11,4.11
2018-11-16,2018-11-15,600346,8.69746997940001,8.703276034125912,8.703276034125912
2018-11-16,2018-11-15,600426,7.421462171712337,7.48426721124728,7.442397184890652
2018-11-16,2018-11-15,600518,7.776919738508627,7.745485139727267,7.745485139727267
2018-11-16,2018-11-15,600600,27.59549894505018,27.63809773934634,27.47622232102094
2018-11-16,2018-11-15,600661,22.79,21.91,22.03
2018-11-16,2018-11-15,600782,4.424151527599497,4.424151527599497,4.408265884771491
2018-11-16,2018-11-15,600789,7.065696674998703,7.05103755326634,7.021719309801616
2018-11-16,2018-11-15,600809,20.62193295784814,20.72069109233649,20.65279487487576
2018-11-16,2018-11-15,601888,50.40936257701929,50.81507173256873,50.72286510630749
2018-11-19,2018-11-16,000830,9.221263979199929,9.290308385034205,9.228935579848182
2018-11-19,2018-11-16,000963,27.04955550106925,27.14315257892762,27.03395598809285
2018-11-19,2018-11-16,002027,4.678593017874094,4.70115857905355,4.648505602968151
2018-11-19,2018-11-16,002094,5.81,5.74,5.67
2018-11-19,2018-11-16,002293,7.462090425422376,7.440143100641722,7.337722251665336
2018-11-19,2018-11-16,002323,,,
2018-11-19,2018-11-16,002333,7.202108468223027,7.380673140988887,7.509636515764231
2018-11-19,2018-11-16,002645,5.274997367047193,5.219793906229258,5.219793906229258
2018-11-19,2018-11-16,002664,12.87336235750317,12.90288841795616,12.88320437765417
2018-11-19,2018-11-16,002677,8.715516735372518,8.804526267989088,8.737769118526659
2018-11-19,2018-11-16,002691,7.761857784396473,7.701920658648238,7.721899700564317
2018-11-19,2018-11-16,002712,7.37125258561576,7.161501495781166,7.151513348646185
2018-11-19,2018-11-16,002749,7.001285931216821,7.04404187583494,7.001285931216821
2018-11-19,2018-11-16,002789,16.7616500863028,16.70210603626265,16.54332190282224
2018-11-19,2018-11-16,002798,15.42225581293403,15.32358495040726,14.96836984531089
2018-11-19,2018-11-16,002832,16.83021985257217,16.71259753211967,16.69725549032152
2018-11-19,2018-11-16,002887,7.816400343525665,7.860165183075082,7.820776827480608
2018-11-19,2018-11-16,300168,13.68174361088211,13.73164056059357,13.56199093157461
2018-11-19,2018-11-16,300434,11.07402500395185,11.13205482930007,11.23844284243847
2018-11-19,2018-11-16,300470,24.18672839343465,24.26462445911399,23.9919882292363
2018-11-19,2018-11-16,300518,14.61054678255461,14.35697950066369,14.1642683664266
2018-11-19,2018-11-16,300520,17.32725872514796,17.32725872514796,17.28796788903652
2018-11-19,2018-11-16,300554,22.5957705249117,22.26028746908332,22.65497341711671
2018-11-19,2018-11-16,600280,4.12,4.1,4.06
2018-11-19,2018-11-16,600346,8.627797322689196,8.668439705770504,8.621991267963294
2018-11-19,2018-11-16,600426,7.348189625588238,7.384825898650287,7.358657132177395
2018-11-19,2018-11-16,600518,7.714050540945906,7.739198219970995,7.707763621189634
2018-11-19,2018-11-16,600600,28.00444737029328,27.7062558102202,27.55290015075403
2018-11-19,2018-11-16,600661,22.27,22.06,21.89
2018-11-19,2018-11-16,600782,4.392380241943486,4.368551777701478,4.336780492045467
2018-11-19,2018-11-16,600789,7.05103755326634,7.029048870667797,7.007060188069254
2018-11-19,2018-11-16,600809,20.73303585914754,20.85648352725797,20.78858730979723
2018-11-19,2018-11-16,601888,50.86117504569935,50.66754113055075,50.57533450428951
2018-11-20,2018-11-19,000830,9.420725596054503,9.290308385034205,9.282636784385952
2018-11-20,2018-11-19,000963,27.16655184839221,27.2055506308332,26.97155793618727
2018-11-20,2018-11-19,002027,4.746289701412464,4.63346189551518,4.656027456694637
2018-11-20,2018-11-19,002094,5.64,5.59,5.64
2018-11-20,2018-11-19,002293,7.330406476738452,7.249932952542721,7.249932952542721
2018-11-20,2018-11-19,002323,,,
2018-11-20,2018-11-19,002333,7.370752881390783,7.073145093447683,7.122746391438199
2018-11-20,2018-11-19,002645,5.232061341966577,5.170724163279981,5.146189291805344
2018-11-20,2018-11-19,002664,12.63715387387926,12.50920761191631,12.57810175297328
2018-11-20,2018-11-19,002677,8.930623105862562,8.908370722708419,8.989962794273609
2018-11-20,2018-11-19,002691,8.171428143676081,8.071532934095689,8.011595808347455
2018-11-20,2018-11-19,002712,7.151513348646185,6.95175040594657,7.061620024431359
2018-11-20,2018-11-19,002749,6.979907958907763,6.862329111207939,6.915774041980585
2018-11-20,2018-11-19,002789,16.9601302531033,16.85096616136303,16.77157409464282
2018-11-20,2018-11-19,002798,14.95850275905822,14.66249017147791,14.47501553267705
2018-11-20,2018-11-19,002832,17.03478040988086,16.6000892255999,16.67679943459065
2018-11-20,2018-11-19,002887,8.057106961047452,7.91268299053438,7.917059474489323
2018-11-20,2018-11-19,300168,13.87135201978566,13.59192910140148,13.56199093157461
2018-11-20,2018-11-19,300434,11.26745775511258,11.27712939267062,11.3254875804608
2018-11-20,2018-11-19,300470,24.09909531954539,23.69014097472886,23.72908900756853
2018-11-20,2018-11-19,300518,14.36205084630151,14.1642683664266,14.19976778589132
2018-11-20,2018-11-19,300520,17.51389019667733,18.27023879182268,17.86750772168035
2018-11-20,2018-11-19,300554,23.89823415342189,23.34567382617514,23.33580667747431
2018-11-20,2018-11-19,600280,3.99,4,4
2018-11-20,2018-11-19,600346,8.69746997940001,8.639409432140999,8.610379158511492
2018-11-20,2018-11-19,600426,7.363890885471974,7.264449572874982,7.23304705310751
2018-11-20,2018-11-19,600518,8.022109609003241,7.946666571927976,7.940379652171703
2018-11-20,2018-11-19,600600,27.56141990961326,27.29730738497709,27.08431341349631
2018-11-20,2018-11-19,600661,21.7,21.95,21.97
2018-11-20,2018-11-19,600782,4.384437420529482,4.360608956287475,4.400323063357488
2018-11-20,2018-11-19,600789,6.999730627203072,6.889787214210354,6.919105457675078
2018-11-20,2018-11-19,600809,21.2885503656445,21.07251694645123,20.91203497790767
2018-11-20,2018-11-19,601888,51.10091227397857,50.00365342146983,49.94832944571309
2018-11-21,2018-11-20,000488,5.637106067537475,5.528351609642861,5.555540224116515
2018-11-21,2018-11-20,000830,9.075503566883125,8.876041950028551,8.876041950028551
2018-11-21,2018-11-20,002027,4.513112235891409,4.483024820985466,4.490546674711951
2018-11-21,2018-11-20,002120,17.09471722070212,16.97382883148468,16.93536434400641
2018-11-21,2018-11-20,002271,8.479096882186882,8.301833532733497,8.372738872514851
2018-11-21,2018-11-20,002323,,,
2018-11-21,2018-11-20,002333,6.934261459074237,6.97394249746665,7.142586910634407
2018-11-21,2018-11-20,002440,8.305486448800544,8.225965833865219,8.243637081628624
2018-11-21,2018-11-20,002645,5.066450959512769,5.041916088038132,5.078718395250088
2018-11-21,2018-11-20,002664,12.65683791418125,12.42062943055734,12.41078741040635
2018-11-21,2018-11-20,002712,6.991702994486493,6.871845228866725,6.93177411167661
2018-11-21,2018-11-20,002749,6.76256524043233,6.716246300429368,6.726935286583897
2018-11-21,2018-11-20,002789,16.40438578606189,16.08681751918107,16.2555256609615
2018-11-21,2018-11-20,002798,14.25793963511816,13.99152830629588,14.07046499631729
2018-11-21,2018-11-20,002840,8.781510816601047,8.676083073746373,8.719494497274768
2018-11-21,2018-11-20,002873,11.92615146704024,11.71293883989016,11.82986189348859
2018-11-21,2018-11-20,002884,7.325208078413119,7.318393931363433,7.36609296071124
2018-11-21,2018-11-20,300270,7.36,7.29,7.33
2018-11-21,2018-11-20,300401,12.09446070465391,11.96310116247768,12.07569505577159
2018-11-21,2018-11-20,300468,5.198938538123842,5.121452584042507,5.080864703333236
2018-11-21,2018-11-20,300470,23.08644646571399,23.01828740824457,22.99881339182473
2018-11-21,2018-11-20,300497,8.352038234332724,8.201097784314664,8.276568009323693
2018-11-21,2018-11-20,300581,4.456766971931534,4.333955409253218,4.346882942166725
2018-11-21,2018-11-20,300584,25.73508674702593,25.85135972931671,26.03545861794378
2018-11-21,2018-11-20,300639,4.410407366251653,4.391075586938089,4.473926069710505
2018-11-21,2018-11-20,300668,19.5493248757028,19.13578146487063,19.15457889263573
2018-11-21,2018-11-20,300698,15.03673191198675,14.86789146119165,14.94734579097758
2018-11-21,2018-11-20,600130,3.68,3.65,3.71
2018-11-21,2018-11-20,600280,3.86,3.87,3.88
2018-11-21,2018-11-20,600486,28.23576458158315,28.08685673220765,28.05140248235634
2018-11-21,2018-11-20,600600,26.43681174019473,26.15565969784009,26.14713993898086
2018-11-21,2018-11-20,601100,12.5223911011652,12.3709105636511,12.44665083240815
2018-11-21,2018-11-20,601888,50.05897739722657,50.05897739722657,51.01792631034346
2018-11-22,2018-11-21,000488,5.61898032455504,5.609917453063822,5.609917453063822
2018-11-22,2018-11-21,000830,8.945086355862827,8.937414755214574,8.922071553918069
2018-11-22,2018-11-21,002027,4.520634089617894,4.528155943344379,4.513112235891409
2018-11-22,2018-11-21,002120,16.92437449044119,16.96833390470207,16.89140492974552
2018-11-22,2018-11-21,002271,8.496823217132221,8.585454891858911,8.461370547241543
2018-11-22,2018-11-21,002323,,,
2018-11-22,2018-11-21,002333,7.628679630941471,7.807244303707331,7.86676586129595
2018-11-22,2018-11-21,002440,8.287815201037139,8.331993320445651,8.29665082491884
2018-11-22,2018-11-21,002645,5.115520702462046,5.127788138199365,5.152323009674003
2018-11-22,2018-11-21,002664,12.63715387387926,12.84383629705018,12.91273043810716
2018-11-22,2018-11-21,002712,7.071608171566339,7.071608171566339,7.101572612971282
2018-11-22,2018-11-21,002749,6.812447175820134,6.848077129668565,6.855203120438251
2018-11-22,2018-11-21,002789,16.45400582776201,16.56316991950229,16.51354987780216
2018-11-22,2018-11-21,002798,14.2382054626128,14.28754089387619,14.37634467015028
2018-11-22,2018-11-21,002840,8.967559774579883,8.880736927523094,9.023374461973534
2018-11-22,2018-11-21,002873,12.03619669395642,12.09809713409676,12.08434148073224
2018-11-22,2018-11-21,002884,7.447862725307479,7.505782975229816,7.529632489903719
2018-11-22,2018-11-21,300270,7.43,7.42,7.45
2018-11-22,2018-11-21,300401,12.20705459794782,12.28211719347709,12.33841414012404
2018-11-22,2018-11-21,300468,5.066105473984411,5.088244318007649,5.091934125344856
2018-11-22,2018-11-21,300470,23.72908900756853,23.91409216355696,23.84593310608754
2018-11-22,2018-11-21,300497,8.407383066006014,8.533166774354399,8.578448909359816
2018-11-22,2018-11-21,300581,4.408288723505883,4.427680022876143,4.395361190592376
2018-11-22,2018-11-21,300584,27.10129428894259,28.1768193751323,28.29309235742308
2018-11-22,2018-11-21,300639,4.482211117987748,4.49325784902407,4.520874676614876
2018-11-22,2018-11-21,300668,19.24856603146122,19.29555960087397,19.10758532322298
2018-11-22,2018-11-21,300698,15.03673191198675,15.10625445054944,15.01686832954027
2018-11-22,2018-11-21,600130,3.84,3.86,3.8
2018-11-22,2018-11-21,600280,3.98,4.06,4.09
2018-11-22,2018-11-21,600486,28.09394758217791,28.35630903107761,28.22158288164263
2018-11-22,2018-11-21,600600,26.28345608072857,26.4027327047578,26.34309439274319
2018-11-22,2018-11-21,601100,12.52870279022829,12.64862488242694,12.63600150430077
2018-11-22,2018-11-21,601888,51.08247094872632,50.86117504569935,50.99026432246509
2018-11-23,2018-11-22,000488,5.591791710081386,5.555540224116515,5.573665967098951
2018-11-23,2018-11-22,000830,8.906728352621561,8.830012346139034,8.79165434289777
2018-11-23,2018-11-22,002027,4.565765211976808,4.520634089617894,4.483024820985466
2018-11-23,2018-11-22,002120,16.74304190661503,16.72106219948459,16.79249624765853
2018-11-23,2018-11-22,002271,8.402282764090415,8.437735433981091,8.319559867678835
2018-11-23,2018-11-22,002323,,,
2018-11-23,2018-11-22,002333,7.45011495817561,7.499716256166127,7.311231323802164
2018-11-23,2018-11-22,002440,8.26130832939203,8.252472705510327,8.225965833865219
2018-11-23,2018-11-22,002645,5.244328777703896,5.19525903475462,5.115520702462046
2018-11-23,2018-11-22,002664,12.87336235750317,13.03083467991912,12.74541609554022
2018-11-23,2018-11-22,002712,7.351276291345799,7.301335555670895,7.401217027020703
2018-11-23,2018-11-22,002749,6.787506208126231,6.812447175820134,6.769691231202016
2018-11-23,2018-11-22,002789,16.8013461196629,16.75172607796277,16.68225801958259
2018-11-23,2018-11-22,002798,14.07046499631729,14.01126247880123,13.89285744376911
2018-11-23,2018-11-22,002840,8.911745087186231,8.942753246849371,8.862132031725208
2018-11-23,2018-11-22,002873,11.99492973386285,11.90551798699346,11.85049537353537
2018-11-23,2018-11-22,002884,7.563703225152151,7.468305166456539,7.413791990059046
2018-11-23,2018-11-22,300270,7.42,7.3,7.25
2018-11-23,2018-11-22,300401,13.22039963759299,12.92953207991706,12.80755536218199
2018-11-23,2018-11-22,300468,5.114072969368094,5.106693354693681,5.010758363926315
2018-11-23,2018-11-22,300470,23.43697876127101,23.52461183516027,23.44671576948093
2018-11-23,2018-11-22,300497,8.583480257693751,8.538198122688332,8.523104077686527
2018-11-23,2018-11-22,300581,4.321027876339711,4.321027876339711,4.333955409253218
2018-11-23,2018-11-22,300584,28.64191130429542,28.09930405360512,28.02178873207793
2018-11-23,2018-11-22,300639,4.49325784902407,4.507066262819473,4.462879338674184
2018-11-23,2018-11-22,300668,19.96286828653498,19.83128629217929,19.64331201452829
2018-11-23,2018-11-22,300698,15.04666370320999,14.9771411646473,14.72884638406628
2018-11-23,2018-11-22,600130,3.78,3.74,3.68
2018-11-23,2018-11-22,600280,4.05,4.02,3.95
2018-11-23,2018-11-22,600486,27.50540703464617,27.59758808425958,27.55504298443801
2018-11-23,2018-11-22,600600,26.28345608072857,26.04490283267009,25.97674476179624
2018-11-23,2018-11-22,601100,12.52870279022829,12.36459887458802,12.34566380739875
2018-11-23,2018-11-22,601888,50.42780390227153,50.2618319750013,50.25261131237517
2018-11-26,2018-11-23,000488,5.383345665783377,5.383345665783377,5.437722894730684
2018-11-26,2018-11-23,000830,8.431089112429886,8.346701505299105,8.36204470659561
2018-11-26,2018-11-23,002027,4.40780628372061,4.40780628372061,4.422849991173581
2018-11-26,2018-11-23,002120,16.64413322452804,16.56720424957149,16.64962815131065
2018-11-26,2018-11-23,002271,8.089117513389436,8.065482400128985,8.106843848334774
2018-11-26,2018-11-23,002323,,,
2018-11-26,2018-11-23,002333,7.073145093447683,7.102905872241993,7.142586910634407
2018-11-26,2018-11-23,002440,7.996239612940949,7.890212126360516,7.925554621887327
2018-11-26,2018-11-23,002645,4.851770834109686,4.913108012796282,4.876305705584325
2018-11-26,2018-11-23,002664,12.30252518874539,12.23363104768841,12.34189326934937
2018-11-26,2018-11-23,002712,7.021667435891436,7.141525201511205,7.461145909830586
2018-11-26,2018-11-23,002749,6.506029572723622,6.534533535802367,6.520281554262994
2018-11-26,2018-11-23,002789,15.92803338574067,15.89826136072059,16.18605760258133
2018-11-26,2018-11-23,002798,13.43897147614597,13.33043352736652,13.42910438989329
2018-11-26,2018-11-23,002840,8.514840643498049,8.614066754420096,8.521042275430677
2018-11-26,2018-11-23,002873,11.46533707932877,11.3552918524126,11.48597055937555
2018-11-26,2018-11-23,002884,7.33542929898765,7.427420284158419,7.492154681130441
2018-11-26,2018-11-23,300270,6.84,6.83,6.85
2018-11-26,2018-11-23,300401,12.48853933118259,12.38532826232984,12.57298475115302
2018-11-26,2018-11-23,300468,4.667606281566118,4.722953391624214,4.689745125589357
2018-11-26,2018-11-23,300470,22.90144330972556,22.78459921120655,22.71644015373713
2018-11-26,2018-11-23,300497,8.221223177650405,8.276568009323693,8.256442615987952
2018-11-26,2018-11-23,300581,4.088332283896586,4.081868517439832,4.120651116180353
2018-11-26,2018-11-23,300584,27.33384025352415,27.39197674466954,27.79893218268727
2018-11-26,2018-11-23,300639,4.239183035188659,4.225374621393255,4.225374621393255
2018-11-26,2018-11-23,300668,18.47787149309217,17.71657566860567,17.29363354389094
2018-11-26,2018-11-23,300698,13.71580367929571,13.70587188807247,13.72573547051895
2018-11-26,2018-11-23,600130,3.52,3.55,3.56
2018-11-26,2018-11-23,600280,3.82,3.82,3.83
2018-11-26,2018-11-23,600486,27.07286518646019,26.69705013803631,26.959411586936
2018-11-26,2018-11-23,600600,25.53371730111621,25.67855320172314,25.75523103145622
2018-11-26,2018-11-23,601100,12.11213131206453,12.11213131206453,12.26361184957862
2018-11-26,2018-11-23,601888,50.23416998712293,49.76391619319061,49.72703354268612
2018-11-27,2018-11-26,000488,5.356157051309724,5.41053428025703,5.392408537274595
2018-11-27,2018-11-26,000830,8.223955894927059,8.316015102706093,8.323686703354346
2018-11-27,2018-11-26,002027,4.392762576267637,4.385240722541152,4.385240722541152
2018-11-27,2018-11-26,002120,16.64413322452804,16.74853683339764,16.66611293165848
2018-11-27,2018-11-26,002271,8.219110636321918,8.313651089363724,8.260472084527708
2018-11-27,2018-11-26,002323,,,
2018-11-27,2018-11-26,002333,6.993783016662857,7.03346405505527,6.993783016662857
2018-11-27,2018-11-26,002440,7.863705254715408,7.899047750242218,7.890212126360516
2018-11-27,2018-11-26,002645,4.968311473614217,4.992846345088855,4.962177755745557
2018-11-27,2018-11-26,002664,11.77105610059159,11.91868640285653,11.86947630210155
2018-11-27,2018-11-26,002712,7.331299997075837,7.431181468425645,7.391228879885722
2018-11-27,2018-11-26,002749,6.406265701948013,6.506029572723622,6.473962614260033
2018-11-27,2018-11-26,002789,16.02727346914092,16.18605760258133,16.1761335942413
2018-11-27,2018-11-26,002798,13.07388928479693,13.24162975109243,13.20216140608172
2018-11-27,2018-11-26,002840,8.316388421653958,8.428017796441258,8.42181616450863
2018-11-27,2018-11-26,002873,11.31402489231903,11.39655881250616,11.36216967909486
2018-11-27,2018-11-26,002884,7.478526387031068,7.451269798832323,7.406977843009359
2018-11-27,2018-11-26,300270,6.84,6.89,6.93
2018-11-27,2018-11-26,300401,12.56360192671186,12.69496146888808,12.56360192671186
2018-11-27,2018-11-26,300468,4.638087822868466,4.68605531825215,4.700814547600976
2018-11-27,2018-11-26,300470,21.64536925064622,22.04458658725283,22.16143068577184
2018-11-27,2018-11-26,300497,8.211160480982533,8.251411267654015,8.221223177650405
2018-11-27,2018-11-26,300581,4.01399896964392,4.049549685156064,4.062477218069572
2018-11-27,2018-11-26,300584,26.97533189146091,26.99471072184271,26.93657423069732
2018-11-27,2018-11-26,300639,4.145285821379919,4.10109889723463,4.112145628270953
2018-11-27,2018-11-26,300668,16.88948884694132,17.07746312459231,16.91768498858896
2018-11-27,2018-11-26,300698,13.60655397584006,13.79525800908164,13.94423487743025
2018-11-27,2018-11-26,600130,3.52,3.56,3.56
2018-11-27,2018-11-26,600280,3.8,3.81,3.81
2018-11-27,2018-11-26,600486,26.56232398860133,26.89559393720364,26.68286843809578
2018-11-27,2018-11-26,600600,25.68707296058237,25.68707296058237,25.71263223716007
2018-11-27,2018-11-26,601100,12.10581962300144,12.18787158082157,12.10581962300144
2018-11-27,2018-11-26,601888,49.80079884369511,49.66248890430325,49.42275167602403
2018-11-28,2018-11-27,000488,5.374282794292159,5.383345665783377,5.347094179818506
2018-11-28,2018-11-27,000528,5.890087838848356,5.872738537408449,5.838039934528637
2018-11-28,2018-11-27,000830,8.262313898168323,8.277657099464827,8.231627495575312
2018-11-28,2018-11-27,002016,8.351627131842152,8.286452784102023,8.146793467516034
2018-11-28,2018-11-27,002027,4.362675161361695,4.340109600182237,4.302500331549809
2018-11-28,2018-11-27,002258,9.688010646879468,9.69473843205091,9.66109950619369
2018-11-28,2018-11-27,002323,,,
2018-11-28,2018-11-27,002333,6.894580420681823,6.864819641887513,6.785457565102686
2018-11-28,2018-11-27,002418,3.06,3.07,3.01
2018-11-28,2018-11-27,002430,9.201884758266514,9.220160596912525,9.156195161651485
2018-11-28,2018-11-27,002434,5.92175773255958,5.966082266485925,5.886298105418504
2018-11-28,2018-11-27,002440,7.87254087859711,7.87254087859711,7.846034006952003
2018-11-28,2018-11-27,002563,6.627831610950209,6.673175954924783,6.635389001612638
2018-11-28,2018-11-27,002645,4.94377660213958,4.870171987715665,4.851770834109686
2018-11-28,2018-11-27,002664,11.89900236255454,11.98758054391351,11.87931832225255
2018-11-28,2018-11-27,002712,7.121548907241243,7.111560760106262,6.831892640326802
2018-11-28,2018-11-27,002714,9.164405587865431,9.119130632305785,9.009716156369967
2018-11-28,2018-11-27,002789,15.99750144412085,16.00742545246087,15.93795739408069
2018-11-28,2018-11-27,002798,13.20216140608172,13.09362345730228,13.05415511229157
2018-11-28,2018-11-27,002840,8.403211268710749,8.372203109047609,8.31018678972133
2018-11-28,2018-11-27,300054,6.323929818312769,6.323929818312769,6.204984429880554
2018-11-28,2018-11-27,300107,8.980520554483149,8.989097938011787,8.911901486254051
2018-11-28,2018-11-27,300168,12.8334954657873,12.80355729596043,12.7137427864798
2018-11-28,2018-11-27,300434,10.49372675046966,10.46471183779555,10.33898054954107
2018-11-28,2018-11-27,300470,23.27144962170242,23.0961834739239,22.67749212089746
2018-11-28,2018-11-27,300497,8.256442615987952,8.28159935765763,8.246379919320081
2018-11-28,2018-11-27,300518,13.34778171873784,13.33763902746221,13.40356652075385
2018-11-28,2018-11-27,300601,24.2149922305313,24.00022511540464,23.80335525987186
2018-11-28,2018-11-27,300668,16.73910942482052,16.74850813870307,16.60752743046483
2018-11-28,2018-11-27,600188,2.90177390322591,2.910985883871071,2.898703243010856
2018-11-28,2018-11-27,600280,3.77,3.78,3.75
2018-11-28,2018-11-27,600325,4.844541448931214,4.836676933592041,4.836676933592041
2018-11-28,2018-11-27,600346,7.501422705864361,7.669798292915497,7.669798292915497
2018-11-28,2018-11-27,600426,6.547425371517725,6.578827891285196,6.589295397874353
2018-11-28,2018-11-27,601088,11.38158331728693,11.43096111909729,11.48033892090764
2018-11-28,2018-11-27,601100,12.01745597611822,11.94802739642425,11.84072868235177
2018-11-29,2018-11-28,000488,5.41053428025703,5.455848637713119,5.464911509204337
2018-11-29,2018-11-28,000528,5.907437140288263,5.942135743168077,5.907437140288263
2018-11-29,2018-11-28,000830,8.385059508540369,8.515476719560667,8.500133518264162
2018-11-29,2018-11-28,002016,8.342316510736421,8.45404396400521,8.333005889630686
2018-11-29,2018-11-28,002027,4.437893698626552,4.47550296725898,4.422849991173581
2018-11-29,2018-11-28,002258,9.782199639279684,9.842749705822682,9.74183292825102
2018-11-29,2018-11-28,002323,,,
2018-11-29,2018-11-28,002333,6.924341199476133,6.874739901485616,6.825138603495099
2018-11-29,2018-11-28,002418,3.07,3.09,3.1
2018-11-29,2018-11-28,002430,9.274988112850558,9.338953548111597,9.329815628788591
2018-11-29,2018-11-28,002434,5.886298105418504,5.93062263934485,5.886298105418504
2018-11-29,2018-11-28,002440,7.978568365177543,8.031582108467759,8.013910860704355
2018-11-29,2018-11-28,002563,6.748749861549073,6.786536814861218,6.77897942419879
2018-11-29,2018-11-28,002645,5.1829915990173,5.164590445411322,5.170724163279981
2018-11-29,2018-11-28,002664,11.97773852376251,12.09584276557446,12.02694862451749
2018-11-29,2018-11-28,002712,7.071608171566339,7.08159631870132,6.991702994486493
2018-11-29,2018-11-28,002714,9.330413758250808,9.371915800847152,9.571880187902265
2018-11-29,2018-11-28,002789,16.42423380274194,17.86321501204561,17.10899037820368
2018-11-29,2018-11-28,002798,13.41923730364062,13.41923730364062,13.35016769987188
2018-11-29,2018-11-28,002840,8.45282432417177,8.459025956104398,8.397009636778119
2018-11-29,2018-11-28,300054,6.482523669555723,6.462699438150353,6.423050975339616
2018-11-29,2018-11-28,300107,8.886169335668139,8.954788403897236,8.946211020368599
2018-11-29,2018-11-28,300168,12.88339241549876,12.93328936521022,12.74368095630668
2018-11-29,2018-11-28,300434,10.62912967628217,10.62912967628217,10.60011476360806
2018-11-29,2018-11-28,300470,22.7553881865768,22.80407322762639,22.77486220299663
2018-11-29,2018-11-28,300497,8.402351717672078,8.442602504343562,8.402351717672078
2018-11-29,2018-11-28,300518,13.74841802412549,13.74841802412549,13.63684842009349
2018-11-29,2018-11-28,300601,24.15533469855167,24.45958811164778,24.23885524332315
2018-11-29,2018-11-28,300668,16.89888756082387,16.98347598576681,17.05866569682721
2018-11-29,2018-11-28,600188,2.935551165591502,2.944763146236664,2.92633918494634
2018-11-29,2018-11-28,600280,3.79,3.82,3.84
2018-11-29,2018-11-28,600325,4.875999510287911,4.923186602322955,4.899593056305434
2018-11-29,2018-11-28,600346,7.843979934692532,7.849785989418434,7.809143606337125
2018-11-29,2018-11-28,600426,6.683502957176766,6.762009256595444,6.709671723649659
2018-11-29,2018-11-28,601088,11.57909452452836,11.62847232633871,11.58526674975465
2018-11-29,2018-11-28,601100,11.9732741526766,12.03007935424439,12.01745597611822
2018-11-30,2018-11-29,000488,5.338031308327288,5.32896843683607,5.310842693853635
2018-11-30,2018-11-29,000528,5.742618776609149,5.759968078049056,5.742618776609149
2018-11-30,2018-11-29,000830,8.170254690389289,8.193269492334046,8.185597891685795
2018-11-30,2018-11-29,002016,8.472665206216675,8.37955899515935,8.333005889630686
2018-11-30,2018-11-29,002027,4.317544039002781,4.287456624096838,4.257369209190895
2018-11-30,2018-11-29,002258,9.29779910693571,9.277615751421378,9.109421122135275
2018-11-30,2018-11-29,002323,,,
2018-11-30,2018-11-29,002333,6.517610555953897,6.448168738767173,6.477929517561483
2018-11-30,2018-11-29,002418,2.98,2.95,2.94
2018-11-30,2018-11-29,002430,9.119643484359464,9.092229726390448,9.083091807067442
2018-11-30,2018-11-29,002434,5.762189410424741,5.744459596854203,5.638080715430978
2018-11-30,2018-11-29,002440,7.854869630833706,8.013910860704355,8.208294586101813
2018-11-30,2018-11-29,002563,6.597602048300494,6.537142923001062,6.605159438962922
2018-11-30,2018-11-29,002645,5.078718395250088,5.011247498694834,5.023514934432153
2018-11-30,2018-11-29,002664,11.61358377817565,11.52500559681668,11.50532155651469
2018-11-30,2018-11-29,002712,6.65210599189715,6.741999316111976,6.781951904651899
2018-11-30,2018-11-29,002714,9.688840489764688,9.771844574957376,9.983127700902401
2018-11-30,2018-11-29,002789,16.97005426144333,17.30747054500419,17.52579872848475
2018-11-30,2018-11-29,002798,13.07388928479693,13.12322471606031,13.06402219854425
2018-11-30,2018-11-29,002840,8.601663490554838,8.669881441813745,8.552050435093816
2018-11-30,2018-11-29,300054,6.204984429880554,6.204984429880554,6.244632892691293
2018-11-30,2018-11-29,300107,8.620270446280387,8.654579980394935,8.688889514509485
2018-11-30,2018-11-29,300168,12.2247526793075,12.25469084913438,12.24471145919209
2018-11-30,2018-11-29,300434,10.35832382465715,10.37766709977322,10.28095072419285
2018-11-30,2018-11-29,300470,22.88196929330572,22.83328425225614,22.57038503058837
2018-11-30,2018-11-29,300497,8.316818795995177,8.22625452598434,8.241348570986146
2018-11-30,2018-11-29,300518,13.20071269524111,13.33763902746221,13.26664018853275
2018-11-30,2018-11-29,300601,23.62438266393298,23.87494429824742,23.92863607702908
2018-11-30,2018-11-29,300668,16.2973698723407,16.3349647278709,16.24097758904541
2018-11-30,2018-11-29,600188,2.883349941935586,2.889491262365694,2.895632582795802
2018-11-30,2018-11-29,600280,3.65,3.69,3.65
2018-11-30,2018-11-29,600325,4.79735435689617,4.79735435689617,4.79735435689617
2018-11-30,2018-11-29,600346,7.78011333270762,7.751083059078113,7.756889113804014
2018-11-30,2018-11-29,600426,6.521256605044833,6.557892878106881,6.552659124812303
2018-11-30,2018-11-29,601088,11.43713334432358,11.46799447045505,11.56675007407576
2018-11-30,2018-11-29,601100,11.58826111982828,11.63875463233298,11.70818321202694
2018-12-03,2018-11-30,000488,5.319905565344852,5.455848637713119,5.455848637713119
2018-12-03,2018-11-30,000528,5.777317379488963,5.872738537408449,5.855389235968543
2018-12-03,2018-11-30,000830,8.423417511781633,8.668908732525725,8.584521125394943
2018-12-03,2018-11-30,002016,8.45404396400521,8.575082038379735,8.528528932851071
2018-12-03,2018-11-30,002027,4.325065892729267,4.422849991173581,4.400284429994123
2018-12-03,2018-11-30,002258,9.317982462450042,9.405443669678816,9.472721521393256
2018-12-03,2018-11-30,002323,,,
2018-12-03,2018-11-30,002333,6.358886402384242,6.497770036757689,6.507690296355793
2018-12-03,2018-11-30,002418,2.97,3.03,3.04
2018-12-03,2018-11-30,002430,9.165333080974492,9.430332741341651,9.338953548111597
2018-12-03,2018-11-30,002434,6.001541893627,6.1433804021913,6.125650588620763
2018-12-03,2018-11-30,002440,8.119938347284785,8.243637081628624,8.155280842811598
2018-12-03,2018-11-30,002563,6.869668112147937,7.005701144071658,6.907455065460082
2018-12-03,2018-11-30,002645,5.256596213441215,5.274997367047193,5.232061341966577
2018-12-03,2018-11-30,002664,11.7415300401386,11.94821246330952,12.03679064466849
2018-12-03,2018-11-30,002712,6.791940051786879,6.911797817406648,6.921785964541629
2018-12-03,2018-11-30,002714,10.19063791388412,9.994446439792313,10.42833143057227
2018-12-03,2018-11-30,002789,17.57541877018487,17.39678662006442,17.39678662006442
2018-12-03,2018-11-30,002798,12.80747795597465,13.0837563710496,13.31069935486117
2018-12-03,2018-11-30,002840,8.893140191388348,8.88693855945572,8.868333663657838
2018-12-03,2018-11-30,300054,6.641117520798677,6.948393107581898,6.849271950555053
2018-12-03,2018-11-30,300107,9.117758690941345,9.297883745042725,9.289306361514088
2018-12-03,2018-11-30,300168,12.344505358615,12.5939901071723,12.54409315746084
2018-12-03,2018-11-30,300434,9.836055396523172,10.11653288570623,10.05850306035801
2018-12-03,2018-11-30,300470,22.0835346200925,22.5314369977487,22.58012203879829
2018-12-03,2018-11-30,300497,8.402351717672078,8.543229471022268,8.533166774354399
2018-12-03,2018-11-30,300518,12.83050446368038,13.04857232610656,13.10435712812256
2018-12-03,2018-11-30,300601,24.13147168575982,24.63856070758666,24.68628673317037
2018-12-03,2018-11-30,300668,16.42895186669639,16.78610299423327,16.74850813870307
2018-12-03,2018-11-30,600188,2.929409845161394,2.996964369892579,2.984681729032364
2018-12-03,2018-11-30,600280,3.7,3.77,3.77
2018-12-03,2018-11-30,600325,4.805218872235344,4.883864025627084,4.860270479609563
2018-12-03,2018-11-30,600346,7.902040481951545,8.058803959550877,8.064610014276779
2018-12-03,2018-11-30,600426,6.625931670936403,6.819580542835808,6.782944269773759
2018-12-03,2018-11-30,601088,11.57909452452836,11.85684465971161,11.81363908312754
2018-12-03,2018-11-30,601100,11.70818321202694,12.18787158082157,12.35828718552493
2018-12-04,2018-12-03,000488,5.609917453063822,5.628043196046258,5.673357553502346
2018-12-04,2018-12-03,000528,5.933461092448123,5.916111791008217,5.950810393888031
2018-12-04,2018-12-03,000830,8.730281537711747,8.722609937063494,8.783982742249517
2018-12-04,2018-12-03,002016,8.630945765014129,8.575082038379735,8.612324522802664
2018-12-04,2018-12-03,002027,4.693636725327065,4.618418188062208,4.610896334335722
2018-12-04,2018-12-03,002258,9.862933061337012,9.795655209622572,9.802382994794016
2018-12-04,2018-12-03,002323,,,
2018-12-04,2018-12-03,002333,6.636653671131136,6.706095488317859,6.76561704590648
2018-12-04,2018-12-03,002418,3.04,3.05,3.05
2018-12-04,2018-12-03,002430,9.430332741341651,9.466884418633672,9.457746499310668
2018-12-04,2018-12-03,002434,6.107920775050225,6.161110215761838,6.187704936117646
2018-12-04,2018-12-03,002440,8.349664568209056,8.29665082491884,8.314322072682247
2018-12-04,2018-12-03,002563,6.922569846784939,6.801651596186076,6.877225502810365
2018-12-04,2018-12-03,002645,5.428340313763681,5.342468263602449,5.379270570814406
2018-12-04,2018-12-03,002664,12.91273043810716,12.90288841795616,12.94225649856015
2018-12-04,2018-12-03,002712,6.981714847351513,7.031655583026416,7.08159631870132
2018-12-04,2018-12-03,002714,10.42833143057227,10.51510842872827,10.68488951207695
2018-12-04,2018-12-03,002789,17.78382294532541,17.68458286192515,17.71435488694523
2018-12-04,2018-12-03,002798,13.61657902869416,13.57711068368345,13.65604737370486
2018-12-04,2018-12-03,002840,9.277641371211276,9.197020156087113,9.184616892221857
2018-12-04,2018-12-03,300054,7.087162727419484,7.216020231554383,7.136723305932906
2018-12-04,2018-12-03,300107,9.220687293284991,9.280728977985451,9.280728977985451
2018-12-04,2018-12-03,300168,12.75366034624897,12.75366034624897,12.76363973619126
2018-12-04,2018-12-03,300434,10.05850306035801,10.1358761608223,10.19390598617052
2018-12-04,2018-12-03,300470,23.35908269559167,23.63171892546936,23.67066695830903
2018-12-04,2018-12-03,300497,8.598574302695557,8.608636999363428,8.603605651029493
2018-12-04,2018-12-03,300518,13.46442266840767,13.61656303754222,13.60642034626658
2018-12-04,2018-12-03,300601,24.93684836748481,24.99054014626648,25.08599219743388
2018-12-04,2018-12-03,300668,16.95527984411916,16.96467855800171,17.28423483000839
2018-12-04,2018-12-03,600188,3.064518894623765,3.043024273118388,3.055306913978603
2018-12-04,2018-12-03,600280,3.81,3.79,3.83
2018-12-04,2018-12-03,600325,4.915322086983781,4.899593056305434,4.891728540966259
2018-12-04,2018-12-03,600346,8.11686450680989,8.122670561535791,8.122670561535791
2018-12-04,2018-12-03,600426,6.9190218554328,6.934723115316535,6.98706064826232
2018-12-04,2018-12-03,601088,11.78277795699607,11.77043350654348,11.72722792995942
2018-12-04,2018-12-03,601100,12.59181968085916,12.58550799179607,12.67387163867929
2018-12-05,2018-12-04,000488,5.736797653940871,5.646168939028694,5.691483296484782
2018-12-05,2018-12-04,000528,6.072255503967378,5.985508996767845,6.037556901087565
2018-12-05,2018-12-04,000736,5.111809742277736,5.019092515997003,5.049998258090581
2018-12-05,2018-12-04,000830,8.768639540953011,8.569177924098437,8.615207527987954
2018-12-05,2018-12-04,002027,4.625940041788694,4.528155943344379,4.558243358250323
2018-12-05,2018-12-04,002078,6.307942583732059,6.180608339029392,6.239377990430623
2018-12-05,2018-12-04,002271,8.739083128051844,8.591363670174024,8.656360231640265
2018-12-05,2018-12-04,002323,,,
2018-12-05,2018-12-04,002333,6.716015747915963,6.477929517561483,6.517610555953897
2018-12-05,2018-12-04,002430,9.476022337956678,9.274988112850558,9.284126032173564
2018-12-05,2018-12-04,002456,11.57176361660393,11.16240873456704,11.21233006164471
2018-12-05,2018-12-04,002547,4.19,4.08,4.1
2018-12-05,2018-12-04,002664,13.326095284449,12.94225649856015,13.04067670007011
2018-12-05,2018-12-04,002677,8.003440474439953,7.869926175515098,7.869926175515098
2018-12-05,2018-12-04,002712,7.121548907241243,6.961738553081551,7.021667435891436
2018-12-05,2018-12-04,002749,6.623608420423446,6.481088605029719,6.516718558878151
2018-12-05,2018-12-04,002789,17.6647348452451,17.43648265342452,17.48610269512465
2018-12-05,2018-12-04,002798,13.63631320119951,13.37976895862991,13.42910438989329
2018-12-05,2018-12-04,300136,27.45424052832812,26.86629127563434,27.0456656239138
2018-12-05,2018-12-04,300168,12.98318631492168,12.78359851607585,12.76363973619126
2018-12-05,2018-12-04,300270,7.37,7.21,7.25
2018-12-05,2018-12-04,300434,10.15521943593838,9.894085221871391,9.9231001345455
2018-12-05,2018-12-04,300470,23.36881970380159,23.06697244929416,23.07670945750407
2018-12-05,2018-12-04,300497,8.55329216769014,8.422477111007819,8.452665201011431
2018-12-05,2018-12-04,300518,13.51006477914803,13.2260694234302,13.32242499054875
2018-12-05,2018-12-04,300554,21.41171268081152,20.92822239447062,21.0071595840773
2018-12-05,2018-12-04,300697,4.775360632861227,4.727866087688104,4.961021127628888
2018-12-05,2018-12-04,600280,3.89,3.81,3.81
2018-12-05,2018-12-04,600426,6.95042437520027,6.814346789541229,6.840515556014122
2018-12-05,2018-12-04,600518,7.116793164100054,7.003628608487156,7.079071645562421
2018-12-05,2018-12-04,600600,27.19507027866631,26.8372404065786,26.96503678946707
2018-12-05,2018-12-04,600782,4.074667385383378,4.019067635485359,4.027010456899363
2018-12-05,2018-12-04,600789,7.124333161928154,6.985071505470709,6.999730627203072
2018-12-05,2018-12-04,601888,54.18061359110395,54.32814419312194,54.77073599917588
2018-12-06,2018-12-05,000488,5.673357553502346,5.61898032455504,5.600854581572604
2018-12-06,2018-12-05,000528,6.020207599647658,5.97683434604789,5.97683434604789
2018-12-06,2018-12-05,000736,5.09326629702159,5.043817109671866,5.056179406509297
2018-12-06,2018-12-05,000830,8.622879128636207,8.52314832020892,8.569177924098437
2018-12-06,2018-12-05,002027,4.58080891942978,4.498068528438438,4.505590382164923
2018-12-06,2018-12-05,002078,6.190403280929598,6.102248803827752,6.112043745727957
2018-12-06,2018-12-05,002271,8.620907561749588,8.591363670174024,8.567728556913574
2018-12-06,2018-12-05,002323,,,
2018-12-06,2018-12-05,002333,6.537451075150103,6.666414449925446,6.616813151934929
2018-12-06,2018-12-05,002430,9.393781064049628,9.348091467434601,9.375505225403618
2018-12-06,2018-12-05,002456,11.18237726539811,10.72310105628354,10.82294371043888
2018-12-06,2018-12-05,002547,4.07,3.98,3.98
2018-12-06,2018-12-05,002664,12.85367831720118,12.8143102365972,12.91273043810716
2018-12-06,2018-12-05,002677,7.877343636566479,7.818003948155432,7.773499181847148
2018-12-06,2018-12-05,002712,7.261382967130972,7.291347408535914,7.311323702805876
2018-12-06,2018-12-05,002749,6.595104457344701,6.552348512726582,6.587978466575014
2018-12-06,2018-12-05,002789,17.64488682856505,17.59526678686493,17.72427889528526
2018-12-06,2018-12-05,002798,13.41923730364062,13.3008322686085,13.49817399366203
2018-12-06,2018-12-05,300136,26.92608272506083,25.4213312478276,25.31171359054571
2018-12-06,2018-12-05,300168,12.66384583676834,12.44429925803792,12.55407254740313
2018-12-06,2018-12-05,300270,7.16,7.18,7.2
2018-12-06,2018-12-05,300434,10.00047323500979,9.874741946755318,9.9231001345455
2018-12-06,2018-12-05,300470,23.0961834739239,23.17407953960324,23.28118662991233
2018-12-06,2018-12-05,300497,8.518072729352591,8.513041381018658,8.538198122688332
2018-12-06,2018-12-05,300518,13.33763902746221,13.54049285297494,13.57599227243967
2018-12-06,2018-12-05,300554,20.86901950226561,20.99729243537646,20.92822239447062
2018-12-06,2018-12-05,300697,5.07328096167445,4.948068069854401,4.956703441704058
2018-12-06,2018-12-05,600280,3.81,3.77,3.78
2018-12-06,2018-12-05,600426,6.8457493093087,6.803879282952072,6.830048049424965
2018-12-06,2018-12-05,600518,7.25510539873804,7.204810040687864,7.267679238250586
2018-12-06,2018-12-05,600600,27.07579365463707,26.8372404065786,26.78612185342321
2018-12-06,2018-12-05,600782,4.106438671039389,4.066724563969376,4.082610206797381
2018-12-06,2018-12-05,600789,7.058367114132523,6.977741944604528,7.080355796731066
2018-12-06,2018-12-05,601888,54.66930871028852,54.21749624160844,54.29126154261744
2018-12-07,2018-12-06,000488,5.510225866660426,5.53741448113408,5.519288738151644
2018-12-07,2018-12-06,000528,5.881413188128404,5.881413188128404,5.872738537408449
2018-12-07,2018-12-06,000736,5.012911367578288,5.043817109671866,5.037635961253151
2018-12-07,2018-12-06,000830,8.454103914374643,8.515476719560667,8.484790316967656
2018-12-07,2018-12-06,002027,4.40780628372061,4.40780628372061,4.430371844900066
2018-12-07,2018-12-06,002078,6.004299384825702,6.014094326725906,5.994504442925496
2018-12-07,2018-12-06,002271,8.473188103871768,8.544093443653123,8.520458330392671
2018-12-07,2018-12-06,002323,,,
2018-12-07,2018-12-06,002333,6.358886402384242,6.339045883188035,6.358886402384242
2018-12-07,2018-12-06,002430,9.338953548111597,9.375505225403618,9.302401870819574
2018-12-07,2018-12-06,002456,10.6831639946214,10.64322693295927,10.6532111983748
2018-12-07,2018-12-06,002547,3.86,3.91,3.92
2018-12-07,2018-12-06,002664,12.5387336723693,12.58794377312428,12.49936559176531
2018-12-07,2018-12-06,002677,7.662237266076435,7.70674203238472,7.647402343973673
2018-12-07,2018-12-06,002712,7.071608171566339,7.101572612971282,7.001691141621474
2018-12-07,2018-12-06,002749,6.484651600414562,6.495340586569092,6.481088605029719
2018-12-07,2018-12-06,002789,17.39678662006442,17.65481083690508,17.79374695366543
2018-12-07,2018-12-06,002798,13.50804107991471,13.42910438989329,13.39950313113526
2018-12-07,2018-12-06,300136,24.36501564129301,24.61414668057004,24.87324296141815
2018-12-07,2018-12-06,300168,12.31456718878813,12.50417559769167,12.48421681780709
2018-12-07,2018-12-06,300270,7.15,7.6,7.49
2018-12-07,2018-12-06,300434,9.565249544898148,9.478204806875819,9.507219719549928
2018-12-07,2018-12-06,300470,22.9793393754049,22.99881339182473,23.14486851497349
2018-12-07,2018-12-06,300497,8.477821942681109,8.482853291015044,8.467759246013237
2018-12-07,2018-12-06,300518,13.09421443684693,13.13478520194947,13.14492789322511
2018-12-07,2018-12-06,300554,20.63220793344557,20.85915235356477,20.8394180561631
2018-12-07,2018-12-06,300697,4.874667409132301,4.88330278098196,4.82285517803435
2018-12-07,2018-12-06,600280,3.71,3.72,3.71
2018-12-07,2018-12-06,600426,6.777710516479179,6.782944269773759,6.762009256595444
2018-12-07,2018-12-06,600518,7.060210886293605,7.066497806049877,6.978480929462067
2018-12-07,2018-12-06,600600,26.48793029335011,26.73500330026782,26.72648354140859
2018-12-07,2018-12-06,600782,3.995239171243352,4.003181992657354,4.003181992657354
2018-12-07,2018-12-06,600789,6.867798531611809,6.831150727280904,6.713877753422004
2018-12-07,2018-12-06,601888,53.69191847191938,53.34153329212668,52.70530757092413
2018-12-10,2018-12-07,000488,5.519288738151644,5.473974380695555,5.464911509204337
2018-12-10,2018-12-07,000528,5.916111791008217,5.890087838848356,5.89876248956831
2018-12-10,2018-12-07,000736,5.043817109671866,5.037635961253151,5.031454812834435
2018-12-10,2018-12-07,000830,8.492461917615909,8.431089112429886,8.385059508540369
2018-12-10,2018-12-07,002027,4.422849991173581,4.385240722541152,4.40780628372061
2018-12-10,2018-12-07,002078,5.994504442925496,5.955324675324676,5.965119617224881
2018-12-10,2018-12-07,002271,8.709539236476282,8.721356793106507,8.703630458161168
2018-12-10,2018-12-07,002323,,,
2018-12-10,2018-12-07,002333,6.150560950824072,6.100959652833556,6.110879912431659
2018-12-10,2018-12-07,002430,9.174471000297496,9.220160596912525,9.21102267758952
2018-12-10,2018-12-07,002456,10.67317972920587,10.51343148255733,10.49346295172626
2018-12-10,2018-12-07,002547,3.9,3.94,3.92
2018-12-10,2018-12-07,002664,12.15489488648044,11.97773852376251,11.98758054391351
2018-12-10,2018-12-07,002677,7.669654727127815,7.632567421870911,7.639984882922293
2018-12-10,2018-12-07,002712,7.181477790051127,7.101572612971282,7.08159631870132
2018-12-10,2018-12-07,002749,6.484651600414562,6.441895655796444,6.416954688102543
2018-12-10,2018-12-07,002789,18.23040332062655,18.16093526224637,17.95253108710584
2018-12-10,2018-12-07,002798,13.25149683734511,13.3008322686085,13.41923730364062
2018-12-10,2018-12-07,300136,24.95296489398679,24.92306916927355,25.08251303441085
2018-12-10,2018-12-07,300168,12.64388705688376,12.69378400659522,12.79357790601814
2018-12-10,2018-12-07,300270,7.25,6.97,6.87
2018-12-10,2018-12-07,300434,9.516891357107966,9.565249544898148,9.516891357107966
2018-12-10,2018-12-07,300470,23.17407953960324,22.72617716194705,22.35617084997019
2018-12-10,2018-12-07,300497,8.48788463934898,8.387257672670273,8.392289021004206
2018-12-10,2018-12-07,300518,13.02828694355529,12.82036177240474,12.67836409454582
2018-12-10,2018-12-07,300554,20.78021516395809,20.46446640553138,20.42499781072804
2018-12-10,2018-12-07,300697,4.792631376560545,4.82285517803435,4.81853749210952
2018-12-10,2018-12-07,600280,3.69,3.66,3.66
2018-12-10,2018-12-07,600426,6.793411776362915,6.793411776362915,6.8457493093087
2018-12-10,2018-12-07,600518,6.921898651655618,6.846455614580353,6.827594855311536
2018-12-10,2018-12-07,600600,27.16099124322939,27.04171461920015,27.47622232102094
2018-12-10,2018-12-07,600782,4.019067635485359,4.027010456899363,4.027010456899363
2018-12-10,2018-12-07,600789,6.662570827358736,6.486661366570386,6.45001356223948
2018-12-10,2018-12-07,601888,53.89477304969412,53.98697967595535,54.95514925169836
2018-12-11,2018-12-10,000488,5.392408537274595,5.401471408765813,5.41053428025703
2018-12-11,2018-12-10,000528,5.785992030208916,5.794666680928869,5.803341331648823
2018-12-11,2018-12-10,000736,4.951099883391133,4.969643328647279,4.969643328647279
2018-12-11,2018-12-10,000830,8.25464229752007,8.30834350205784,8.316015102706093
2018-12-11,2018-12-10,002027,4.430371844900066,4.460459259806009,4.550721504523837
2018-12-11,2018-12-10,002078,5.935734791524266,5.945529733424472,5.974914559125086
2018-12-11,2018-12-10,002271,8.437735433981091,8.502731995447332,8.443644212296205
2018-12-11,2018-12-10,002323,,,
2018-12-11,2018-12-10,002333,6.021597576048729,6.626733411533032,6.626733411533032
2018-12-11,2018-12-10,002430,9.229298516235531,9.21102267758952,9.165333080974492
2018-12-11,2018-12-10,002456,10.21390352009131,10.17396645842917,10.17396645842917
2018-12-11,2018-12-10,002547,3.99,4.02,4.02
2018-12-11,2018-12-10,002664,11.98758054391351,12.03679064466849,12.07615872527247
2018-12-11,2018-12-10,002677,7.595480116614007,7.639984882922293,7.617732499768149
2018-12-11,2018-12-10,002712,6.95175040594657,7.001691141621474,7.031655583026416
2018-12-11,2018-12-10,002749,6.310064826557247,6.363509757329894,6.359946761945052
2018-12-11,2018-12-10,002789,17.48610269512465,17.5456467451648,17.60519079520495
2018-12-11,2018-12-10,002798,13.5968448561888,13.48830690740936,13.49817399366203
2018-12-11,2018-12-10,300136,25.16223496697949,25.49108793882516,25.54091414668057
2018-12-11,2018-12-10,300168,12.70376339653751,12.74368095630668,12.76363973619126
2018-12-11,2018-12-10,300270,6.84,6.86,6.89
2018-12-11,2018-12-10,300434,9.255757143040979,9.352473518621343,9.371816793737416
2018-12-11,2018-12-10,300470,22.95012835077515,22.69696613731729,22.66775511268754
2018-12-11,2018-12-10,300497,8.336944189330918,8.452665201011431,8.442602504343562
2018-12-11,2018-12-10,300518,12.49579565158436,12.55158045360037,12.67836409454582
2018-12-11,2018-12-10,300554,19.94150752438714,20.1585847958055,20.17831909320717
2018-12-11,2018-12-10,300697,4.796949062485373,4.801266748410202,4.801266748410202
2018-12-11,2018-12-10,600280,3.59,3.61,3.61
2018-12-11,2018-12-10,600426,6.725372983533394,6.714905476944238,6.652100437409295
2018-12-11,2018-12-10,600518,6.708143379942365,6.764725657748814,6.771012577505086
2018-12-11,2018-12-10,600600,27.4080642501471,27.05023437805938,27.34842593813248
2018-12-11,2018-12-10,600782,4.011124814071357,4.019067635485359,4.027010456899363
2018-12-11,2018-12-10,600789,6.508650049168931,6.545297853499836,6.574616096964562
2018-12-11,2018-12-10,601888,54.32814419312194,53.25854732849156,54.67852937291464
2018-12-12,2018-12-11,000488,5.41053428025703,5.455848637713119,5.455848637713119
2018-12-12,2018-12-11,000830,8.316015102706093,8.33902990465085,8.39273110918862
2018-12-12,2018-12-11,002078,5.955324675324676,5.974914559125086,5.984709501025292
2018-12-12,2018-12-11,002262,9.017352759983064,9.10067532142028,9.165481758093669
2018-12-12,2018-12-11,002293,6.532987009708021,6.584197434196215,6.584197434196215
2018-12-12,2018-12-11,002323,,,
2018-12-12,2018-12-11,002333,6.626733411533032,6.745776526710273,6.587052373140619
2018-12-12,2018-12-11,002456,10.25384058175344,10.30376190883111,10.30376190883111
2018-12-12,2018-12-11,002589,7.725619532364044,7.706061001902362,7.725619532364044
2018-12-12,2018-12-11,002645,4.814968526897728,4.827235962635048,4.839503398372367
2018-12-12,2018-12-11,002664,12.2533150879904,12.41078741040635,12.78478417614421
2018-12-12,2018-12-11,002712,7.061620024431359,7.0915844658363,7.061620024431359
2018-12-12,2018-12-11,002749,6.409828697332856,6.420517683487385,6.45971063272066
2018-12-12,2018-12-11,002789,17.97237910378589,17.98230311212592,17.89298703706569
2018-12-12,2018-12-11,002798,13.43897147614597,13.39950313113526,13.53764233867274
2018-12-12,2018-12-11,002840,8.806317344331557,8.812518976264187,8.818720608196815
2018-12-12,2018-12-11,002847,9.904070554366994,9.917352723192696,9.943917060844107
2018-12-12,2018-12-11,300168,12.67382522671064,12.75366034624897,12.73370156636439
2018-12-12,2018-12-11,300434,9.381488431295452,9.381488431295452,9.391160068853491
2018-12-12,2018-12-11,300470,22.27827478429085,22.40485589101977,22.42432990743961
2018-12-12,2018-12-11,300518,12.71386351401055,12.67836409454582,12.74429158783746
2018-12-12,2018-12-11,300571,39.12892387648749,39.84571470283218,39.39403829171086
2018-12-12,2018-12-11,300618,53.47289236175161,53.79622002687477,54.20897874830859
2018-12-12,2018-12-11,600182,14.87970358191905,14.91538632432173,14.9867518091271
2018-12-12,2018-12-11,600238,4.84,4.83,4.75
2018-12-12,2018-12-11,600280,3.62,3.64,3.63
2018-12-12,2018-12-11,600282,2.934291123979318,2.942896083287175,2.96010600190289
2018-12-12,2018-12-11,600313,2.406201400899846,2.416185639077853,2.406201400899846
2018-12-12,2018-12-11,600346,8.058803959550877,8.180731108794802,8.192343218246604
2018-12-12,2018-12-11,600518,6.827594855311536,6.859029454092896,6.846455614580353
2018-12-12,2018-12-11,600569,3.043273112864832,3.043273112864832,3.080613887255811
2018-12-12,2018-12-11,600661,21.7,21.95,21.9
2018-12-12,2018-12-11,600789,6.713877753422004,6.684559509957278,6.677229949091098
2018-12-13,2018-12-12,000488,5.41053428025703,5.41053428025703,5.401471408765813
2018-12-13,2018-12-12,000830,8.346701505299105,8.354373105947358,8.369716307243863
2018-12-13,2018-12-12,002078,5.925939849624061,5.925939849624061,5.935734791524266
2018-12-13,2018-12-12,002262,9.017352759983064,9.026610822364978,9.008094697601152
2018-12-13,2018-12-12,002293,6.598828984049984,6.613460533903752,6.613460533903752
2018-12-13,2018-12-12,002323,,,
2018-12-13,2018-12-12,002333,6.507690296355793,6.418407959972862,6.348966142786139
2018-12-13,2018-12-12,002456,10.30376190883111,10.31374617424665,10.27380911258451
2018-12-13,2018-12-12,002589,7.64738541051732,7.833191449903289,7.833191449903289
2018-12-13,2018-12-12,002645,4.845637116241027,4.839503398372367,4.845637116241027
2018-12-13,2018-12-12,002664,12.85367831720118,12.64699589403026,12.7946261962952
2018-12-13,2018-12-12,002712,6.961738553081551,6.971726700216532,6.93177411167661
2018-12-13,2018-12-12,002749,6.416954688102543,6.452584641950974,6.32431680809662
2018-12-13,2018-12-12,002789,18.60751563754751,18.34949142070685,18.26017534564662
2018-12-13,2018-12-12,002798,13.36003478612455,13.41923730364062,13.41923730364062
2018-12-13,2018-12-12,002840,8.607865122487468,8.614066754420096,8.607865122487468
2018-12-13,2018-12-12,002847,9.917352723192696,9.868651437498448,9.868651437498448
2018-12-13,2018-12-12,300168,12.70376339653751,12.70376339653751,12.69378400659522
2018-12-13,2018-12-12,300434,9.284772055715088,9.284772055715088,9.255757143040979
2018-12-13,2018-12-12,300470,22.07379761188259,22.10300863651234,22.14195666935201
2018-12-13,2018-12-12,300518,12.67836409454582,12.70372082273492,12.561723144876
2018-12-13,2018-12-12,300571,39.43331450137359,39.49222881586767,39.45295260620495
2018-12-13,2018-12-12,300618,53.68615103449243,53.45225442567993,52.83999565555308
2018-12-13,2018-12-12,600182,14.8618622107177,14.88862426751972,14.88862426751972
2018-12-13,2018-12-12,600238,4.76,4.76,4.75
2018-12-13,2018-12-12,600280,3.63,3.63,3.6
2018-12-13,2018-12-12,600282,2.96010600190289,2.968710961210747,2.96010600190289
2018-12-13,2018-12-12,600313,2.396217162721838,2.406201400899846,2.38623292454383
2018-12-13,2018-12-12,600346,8.232985601327913,8.26782192968332,8.186537163520704
2018-12-13,2018-12-12,600518,6.777299497261358,6.764725657748814,6.739577978723727
2018-12-13,2018-12-12,600569,3.052608306462577,3.043273112864832,3.043273112864832
2018-12-13,2018-12-12,600661,21.68,21.84,21.86
2018-12-13,2018-12-12,600789,6.633252583894011,6.662570827358736,6.662570827358736
2018-12-14,2018-12-13,000488,5.501162995169209,5.473974380695555,5.464911509204337
2018-12-14,2018-12-13,000830,8.561506323450184,8.52314832020892,8.52314832020892
2018-12-14,2018-12-13,002078,6.072863978127137,6.014094326725906,6.014094326725906
2018-12-14,2018-12-13,002262,8.9710624480735,8.952546323309674,8.989578572837328
2018-12-14,2018-12-13,002293,6.745144482587678,6.708565607953254,6.693934058099485
2018-12-14,2018-12-13,002323,,,
2018-12-14,2018-12-13,002333,6.388647181178553,6.309285104393727,6.279524325599416
2018-12-14,2018-12-13,002456,10.37365176673985,10.32373043966218,10.23387205092237
2018-12-14,2018-12-13,002589,7.901646306519174,7.921204836980855,8.01899748928926
2018-12-14,2018-12-13,002645,4.857904551978345,4.851770834109686,4.851770834109686
2018-12-14,2018-12-13,002664,12.86352033735218,12.73557407538923,12.74541609554022
2018-12-14,2018-12-13,002712,7.031655583026416,7.011679288756454,7.001691141621474
2018-12-14,2018-12-13,002749,6.445458651181288,6.502466577338778,6.449021646566131
2018-12-14,2018-12-13,002789,18.80599580434802,17.99222712046594,17.86321501204561
2018-12-14,2018-12-13,002798,14.40594592890831,14.06059791006462,14.11980042758068
2018-12-14,2018-12-13,002840,8.663679809881119,8.731897761140024,8.71329286534214
2018-12-14,2018-12-13,002847,9.997045736146923,9.983763567321221,9.961626619278379
2018-12-14,2018-12-13,300168,12.82351607584501,12.8434748557296,12.92330997526793
2018-12-14,2018-12-13,300434,9.429846619085636,9.323458605947234,9.36214515617938
2018-12-14,2018-12-13,300470,22.64828109626771,22.5898590470082,22.74565117836688
2018-12-14,2018-12-13,300518,12.6986494770971,12.65300736635673,12.59722256434073
2018-12-14,2018-12-13,300571,40.35630542844758,39.90462901732626,39.86535280766354
2018-12-14,2018-12-13,300618,53.88565108318543,54.04387525973507,53.83749589901816
2018-12-14,2018-12-13,600182,14.99567249472777,15.03135523713045,15.04919660833179
2018-12-14,2018-12-13,600238,4.77,4.74,4.78
2018-12-14,2018-12-13,600280,3.65,3.64,3.62
2018-12-14,2018-12-13,600282,3.037550635673604,3.02034071705789,3.02034071705789
2018-12-14,2018-12-13,600313,2.406201400899846,2.406201400899846,2.406201400899846
2018-12-14,2018-12-13,600346,8.238791656053815,8.308464312764629,8.26201587495742
2018-12-14,2018-12-13,600518,6.84016869482408,6.789873336773903,6.796160256530175
2018-12-14,2018-12-13,600569,3.089949080853556,3.080613887255811,3.071278693658066
2018-12-14,2018-12-13,600661,21.77,21.68,21.6
2018-12-14,2018-12-13,600789,6.669900388224916,6.677229949091098,6.743195996886729
2018-12-17,2018-12-14,000488,5.365219922800941,5.347094179818506,5.338031308327288
2018-12-17,2018-12-14,000830,8.300671901409586,8.300671901409586,8.239299096223565
2018-12-17,2018-12-14,002078,5.896555023923446,5.876965140123036,5.876965140123036
2018-12-17,2018-12-14,002262,8.795159262817158,8.795159262817158,8.674804451852291
2018-12-17,2018-12-14,002293,6.606144758976868,6.562250109415561,6.532987009708021
2018-12-17,2018-12-14,002323,,,
2018-12-17,2018-12-14,002333,6.081119133637348,6.100959652833556,6.130720431627865
2018-12-17,2018-12-14,002456,10.02420247719616,10.04417100802723,9.984265415534024
2018-12-17,2018-12-14,002589,7.85274998036497,7.813632919441609,7.67672320620984
2018-12-17,2018-12-14,002645,4.716829040999177,4.704561605261858,4.698427887393198
2018-12-17,2018-12-14,002664,12.20410498723543,12.40094539025535,12.64699589403026
2018-12-17,2018-12-14,002712,6.841880787461783,6.781951904651899,6.741999316111976
2018-12-17,2018-12-14,002749,6.60579344349923,6.520281554262994,6.491777591184248
2018-12-17,2018-12-14,002789,17.33724257002427,17.16853442824384,17.38686261172439
2018-12-17,2018-12-14,002798,14.02112956505391,13.90272453002179,13.76458532248431
2018-12-17,2018-12-14,002840,8.496235747700165,8.490034115767537,8.471429219969654
2018-12-17,2018-12-14,002847,10.19185087892392,10.2228426061839,10.34238212561524
2018-12-17,2018-12-14,300168,12.63390766694147,12.48421681780709,11.87547403132729
2018-12-17,2018-12-14,300434,9.081667666996321,8.994622928973993,9.004294566532028
2018-12-17,2018-12-14,300470,22.23932675145118,22.04458658725283,22.03484957904292
2018-12-17,2018-12-14,300518,12.16108683948836,12.05965992673199,11.96837570525126
2018-12-17,2018-12-14,300571,39.56096218277744,39.44313355378927,39.21729534822861
2018-12-17,2018-12-14,300618,52.24149550947404,51.90440922030309,52.39284037399977
2018-12-17,2018-12-14,600182,14.9243070099224,14.75481398350965,14.71913124110697
2018-12-17,2018-12-14,600238,4.68,4.67,4.69
2018-12-17,2018-12-14,600280,3.5,3.49,3.49
2018-12-17,2018-12-14,600282,2.977315920518604,2.985920879826462,3.011735757750033
2018-12-17,2018-12-14,600313,2.336311733653792,2.326327495475784,2.306359019119769
2018-12-17,2018-12-14,600346,8.215567437150209,8.145894780439395,8.01816157646957
2018-12-17,2018-12-14,600518,6.66413494164846,6.676708781161004,6.6327003428671
2018-12-17,2018-12-14,600569,3.033937919267087,3.043273112864832,3.043273112864832
2018-12-17,2018-12-14,600661,20.85,20.99,21.16
2018-12-17,2018-12-14,600789,6.537968292633654,6.493990927436567,6.45001356223948
2018-12-18,2018-12-17,000488,5.374282794292159,5.338031308327288,5.365219922800941
2018-12-18,2018-12-17,000830,8.277657099464827,8.223955894927059,8.223955894927059
2018-12-18,2018-12-17,002078,5.945529733424472,5.88676008202324,5.896555023923446
2018-12-18,2018-12-17,002262,8.887739886636284,8.841449574726722,8.878481824254372
2018-12-18,2018-12-17,002293,6.547618559561791,6.511039684927368,6.503723910000484
2018-12-18,2018-12-17,002323,,,
2018-12-18,2018-12-17,002333,6.160481210422176,6.071198874039246,6.100959652833556
2018-12-18,2018-12-17,002456,9.97428115011849,9.82451716888548,9.924359823040819
2018-12-18,2018-12-17,002589,7.696281736671522,7.637606145286478,7.67672320620984
2018-12-18,2018-12-17,002645,4.686160451655879,4.680026733787219,4.710695323130516
2018-12-18,2018-12-17,002664,13.01115063961712,12.76510013584221,12.88320437765417
2018-12-18,2018-12-17,002712,6.682070433302092,6.672082286167111,6.722023021842015
2018-12-18,2018-12-17,002749,6.851640125053408,6.716246300429368,6.719809295814211
2018-12-18,2018-12-17,002789,17.39678662006442,17.18838244492389,17.24792649496404
2018-12-18,2018-12-17,002798,13.67578154621022,13.65604737370486,13.67578154621022
2018-12-18,2018-12-17,002840,8.496235747700165,8.434219428373886,8.45282432417177
2018-12-18,2018-12-17,002847,10.56375160604365,10.56375160604365,10.75412935921208
2018-12-18,2018-12-17,300168,11.74574196207749,11.69584501236604,11.84553586150041
2018-12-18,2018-12-17,300434,9.120354217228467,9.091339304554356,9.101010942112394
2018-12-18,2018-12-17,300470,22.14195666935201,21.90826847231399,21.91800548052391
2018-12-18,2018-12-17,300518,12.06980261800762,12.01401781599162,12.04444588981853
2018-12-18,2018-12-17,300571,39.48240976345199,39.2762096627227,39.06019050957772
2018-12-18,2018-12-17,300618,53.55544410603837,53.23899575293911,53.61735791425345
2018-12-18,2018-12-17,600182,14.54071752909355,14.54071752909355,14.54963821469422
2018-12-18,2018-12-17,600238,4.59,4.64,4.6
2018-12-18,2018-12-17,600280,3.5,3.48,3.49
2018-12-18,2018-12-17,600282,3.003130798442176,3.003130798442176,3.028945676365748
2018-12-18,2018-12-17,600313,2.326327495475784,2.296374780941761,2.316343257297776
2018-12-18,2018-12-17,600346,8.006549467017766,8.000743412291865,7.977519193388261
2018-12-18,2018-12-17,600518,6.6327003428671,6.620126503354555,6.682995700917277
2018-12-18,2018-12-17,600569,3.043273112864832,3.033937919267087,3.043273112864832
2018-12-18,2018-12-17,600661,20.75,20.7,20.75
2018-12-18,2018-12-17,600789,6.472002244838023,6.457343123105661,6.501320488302748
2018-12-19,2018-12-18,000488,5.347094179818506,5.347094179818506,5.32896843683607
2018-12-19,2018-12-18,000528,5.829365283808682,5.812015982368776,5.794666680928869
2018-12-19,2018-12-18,000736,4.858382657110401,4.876926102366546,5.000549070740857
2018-12-19,2018-12-18,000830,8.277657099464827,8.246970696871816,8.231627495575312
2018-12-19,2018-12-18,002323,,,
2018-12-19,2018-12-18,002333,6.091039393235452,6.081119133637348,6.071198874039246
2018-12-19,2018-12-18,002645,4.661625580181241,4.649358144443922,4.667759298049901
2018-12-19,2018-12-18,002712,6.692058580437073,6.612153403357227,6.582188961952284
2018-12-19,2018-12-18,002749,6.616482429653759,6.587978466575014,6.555911508111425
2018-12-19,2018-12-18,002789,16.71203004460267,16.71203004460267,16.67233401124257
2018-12-19,2018-12-18,002798,13.77445240873699,13.65604737370486,13.58697776993612
2018-12-19,2018-12-18,002840,8.409412900643376,8.428017796441258,8.465227588037026
2018-12-19,2018-12-18,002884,7.240031240292037,7.280916122590157,7.243438313816881
2018-12-19,2018-12-18,300168,11.74574196207749,11.79563891178895,11.84553586150041
2018-12-19,2018-12-18,300393,3.634981585072055,3.634981585072055,3.627692183497713
2018-12-19,2018-12-18,300401,11.94433551359537,11.94433551359537,11.94433551359537
2018-12-19,2018-12-18,300470,22.35617084997019,21.61615822601647,21.47010310286771
2018-12-19,2018-12-18,300485,9.46629473413846,9.380669957648765,9.380669957648765
2018-12-19,2018-12-18,300497,8.900455202731681,8.89039250606381,8.845110371058389
2018-12-19,2018-12-18,300518,12.11544472874799,12.12558742002363,12.06980261800762
2018-12-19,2018-12-18,300581,4.29194092728432,4.253158328543799,4.256390211772176
2018-12-19,2018-12-18,300584,25.24092657229011,25.51223019763527,25.3087524786264
2018-12-19,2018-12-18,300678,12.75861420915085,12.64588217092031,12.59946309635479
2018-12-19,2018-12-18,300685,15.01655837423483,15.05822281365467,14.86726079964706
2018-12-19,2018-12-18,600182,14.44258998748617,14.46935204428818,14.53179684349288
2018-12-19,2018-12-18,600207,4.59,4.6,4.6
2018-12-19,2018-12-18,600280,3.45,3.46,3.46
2018-12-19,2018-12-18,600518,6.6327003428671,6.613839583598283,6.613839583598283
2018-12-19,2018-12-18,600521,10.72138761486425,10.62448107109802,10.48352609834713
2018-12-19,2018-12-18,600575,1.969547173486869,1.978379223592192,1.969547173486869
2018-12-19,2018-12-18,601100,12.72436515118399,12.83797555431956,12.72436515118399
2018-12-19,2018-12-18,601888,55.37007906987393,54.50333678301828,54.95514925169836
2018-12-19,2018-12-18,603399,8.662360724853112,8.286991760109478,8.412114748357357
2018-12-20,2018-12-19,000488,5.238339721923892,5.256465464906328,5.229276850432674
2018-12-20,2018-12-19,000528,5.777317379488963,5.803341331648823,5.785992030208916
2018-12-20,2018-12-19,000736,4.889288399203978,4.932556438134987,4.895469547622693
2018-12-20,2018-12-19,000830,8.162583089741036,8.177926291037542,8.193269492334046
2018-12-20,2018-12-19,002323,,,
2018-12-20,2018-12-19,002333,6.031517835646833,5.981916537656316,5.922394980067695
2018-12-20,2018-12-19,002645,4.563486094282688,4.581887247888667,4.594154683625986
2018-12-20,2018-12-19,002712,6.492295637737458,6.482307490602477,6.432366754927575
2018-12-20,2018-12-19,002749,6.473962614260033,6.466836623490346,6.413391692717699
2018-12-20,2018-12-19,002789,16.55324591116226,16.67233401124257,16.52347388614219
2018-12-20,2018-12-19,002798,13.44883856239865,13.37976895862991,13.49817399366203
2018-12-20,2018-12-19,002840,8.415614532576003,8.496235747700165,8.465227588037026
2018-12-20,2018-12-19,002884,7.16166854922064,7.178703916844857,7.134411961021895
2018-12-20,2018-12-19,300168,11.60603050288541,11.72578318219291,11.7357625721352
2018-12-20,2018-12-19,300393,3.583955774051659,3.58881537510122,3.581525973526878
2018-12-20,2018-12-19,300401,11.68161642924291,11.73791337588987,11.71914772700755
2018-12-20,2018-12-19,300470,21.39220703718837,21.2948369550892,21.28509994687928
2018-12-20,2018-12-19,300485,9.247475860887018,9.314072909267891,9.342614501431123
2018-12-20,2018-12-19,300497,8.809890932720844,8.744483404379682,8.719326662710005
2018-12-20,2018-12-19,300518,11.92780494014871,11.96837570525126,11.94301897706217
2018-12-20,2018-12-19,300581,4.253158328543799,4.220839496260032,4.140042415550614
2018-12-20,2018-12-19,300584,24.53359926335454,24.61111458488172,24.67894049121801
2018-12-20,2018-12-19,300678,12.48009976175774,12.55967531815577,12.51988753995676
2018-12-20,2018-12-19,300685,14.58949787018144,14.61380212650969,14.54088935752496
2018-12-20,2018-12-19,600182,14.45151067308684,14.44258998748617,14.48719341548953
2018-12-20,2018-12-19,600207,4.53,4.52,4.48
2018-12-20,2018-12-19,600280,3.43,3.43,3.4
2018-12-20,2018-12-19,600518,6.500675027985385,6.494388108229113,6.437805830422664
2018-12-20,2018-12-19,600521,10.14875803806378,10.13113866646992,10.13994835226685
2018-12-20,2018-12-19,600575,1.951883073276225,1.93421897306558,1.925386922960258
2018-12-20,2018-12-19,601100,12.81272879806722,12.7685469746256,12.80641710900413
2018-12-20,2018-12-19,601888,54.54021943352278,54.89982527594162,54.26359955473907
2018-12-20,2018-12-19,603399,9.153227832594789,8.989605463347564,9.105103606345606
2018-12-21,2018-12-20,000488,5.183962492976585,5.183962492976585,5.147711007011714
2018-12-21,2018-12-20,000528,5.812015982368776,5.777317379488963,5.777317379488963
2018-12-21,2018-12-20,000736,4.883107250785263,4.852201508691684,4.846020360272969
2018-12-21,2018-12-20,000830,8.200941092982299,8.154911489092784,8.139568287796276
2018-12-21,2018-12-20,002323,,,
2018-12-21,2018-12-20,002333,5.991836797254419,5.952155758862006,5.932315239665799
2018-12-21,2018-12-20,002645,4.600288401494645,4.526683787070731,4.569619812151348
2018-12-21,2018-12-20,002712,6.472319343467497,6.392414166387652,6.342473430712747
2018-12-21,2018-12-20,002749,6.516718558878151,6.370635748099581,6.302938835787561
2018-12-21,2018-12-20,002789,16.61278996120242,16.47385384444206,16.57309392784232
2018-12-21,2018-12-20,002798,13.44883856239865,13.49817399366203,13.52777525242006
2018-12-21,2018-12-20,002840,8.589260226689584,8.576856962824328,8.552050435093816
2018-12-21,2018-12-20,002884,7.22299587266782,7.154854402170955,7.134411961021895
2018-12-21,2018-12-20,300168,11.76570074196208,12.04512366034625,12.18483511953834
2018-12-21,2018-12-20,300393,3.61797298139859,3.627692183497713,3.627692183497713
2018-12-21,2018-12-20,300401,11.55963971150785,11.52210841374321,11.51272558930205
2018-12-21,2018-12-20,300470,21.31431097150903,21.30457396329912,21.50905113570738
2018-12-21,2018-12-20,300485,9.399697685757587,9.342614501431123,9.390183821703175
2018-12-21,2018-12-20,300497,8.749514752713619,8.633793741033106,8.669013179370653
2018-12-21,2018-12-20,300518,12.02416050726726,11.93287628578653,11.9531616683378
2018-12-21,2018-12-20,300581,4.162665598149251,4.123882999408729,4.1141873497236
2018-12-21,2018-12-20,300584,24.87272879503598,24.63049341526352,24.65956166083621
2018-12-21,2018-12-20,300678,12.55967531815577,12.51325624359026,12.54641272542277
2018-12-21,2018-12-20,300685,14.37423159984559,14.37075956322727,14.38464770970055
2018-12-21,2018-12-20,600182,14.4961141010902,14.42474861628483,14.45151067308684
2018-12-21,2018-12-20,600207,4.52,4.52,4.55
2018-12-21,2018-12-20,600280,3.44,3.44,3.44
2018-12-21,2018-12-20,600518,6.462953509447751,6.40008431188503,6.418945071153848
2018-12-21,2018-12-20,600521,10.20161615284536,10.16637740965764,10.16637740965764
2018-12-21,2018-12-20,600575,1.943051023170902,1.916554872854935,1.925386922960258
2018-12-21,2018-12-20,601100,13.23561196529406,13.02101453714909,12.88846906682426
2018-12-21,2018-12-20,601888,54.28204087999131,53.94087636282473,53.94087636282473
2018-12-21,2018-12-20,603399,9.162852677844626,9.085853915845931,9.095478761095768
2018-12-24,2018-12-21,000488,5.156773878502932,5.16583674999415,5.16583674999415
2018-12-24,2018-12-21,000528,5.725269475169242,5.742618776609149,5.742618776609149
2018-12-24,2018-12-21,000736,4.80275232134196,4.80275232134196,4.80275232134196
2018-12-24,2018-12-21,000830,7.978464674182968,7.978464674182968,7.98613627483122
2018-12-24,2018-12-21,002323,,,
2018-12-24,2018-12-21,002333,5.942235499263902,5.912474720469592,5.912474720469592
2018-12-24,2018-12-21,002645,4.496015197727433,4.520550069202072,4.53281750493939
2018-12-24,2018-12-21,002712,6.292532695037844,6.272556400767883,6.292532695037844
2018-12-24,2018-12-21,002749,6.356383766560208,6.342131785020836,6.302938835787561
2018-12-24,2018-12-21,002789,16.2158296276014,16.22575363594143,16.22575363594143
2018-12-24,2018-12-21,002798,13.36003478612455,13.16269306107102,13.26136392359779
2018-12-24,2018-12-21,002840,8.638873282150605,8.806317344331557,8.806317344331557
2018-12-24,2018-12-21,002884,7.137819034546737,7.144633181596424,7.165075622745484
2018-12-24,2018-12-21,300168,11.90541220115416,11.93535037098104,11.88545342126958
2018-12-24,2018-12-21,300393,3.632551784547274,3.661709390844644,3.656849789795082
2018-12-24,2018-12-21,300401,11.2969206271554,11.23124085606728,11.2969206271554
2018-12-24,2018-12-21,300470,21.27536293866937,20.98325269237185,21.17799285657019
2018-12-24,2018-12-21,300485,9.475808598192872,9.494836326301693,9.46629473413846
2018-12-24,2018-12-21,300497,8.729389359377878,8.76964014604936,8.779702842717231
2018-12-24,2018-12-21,300518,12.48058161467091,12.23208567841781,12.15601549385054
2018-12-24,2018-12-21,300581,4.052781568384441,4.030158385785804,4.072172867754701
2018-12-24,2018-12-21,300584,24.40763686587286,24.1557120709095,24.49484160259095
2018-12-24,2018-12-21,300678,12.71219513458533,12.79840198734986,12.75861420915085
2018-12-24,2018-12-21,300685,14.0825805239067,14.09299663376166,14.13118903656318
2018-12-24,2018-12-21,600182,14.27309696107343,14.10360393466068,14.10360393466068
2018-12-24,2018-12-21,600207,4.62,4.61,4.6
2018-12-24,2018-12-21,600280,3.43,3.42,3.42
2018-12-24,2018-12-21,600518,6.305780515540948,6.249198237734499,6.261772077247044
2018-12-24,2018-12-21,600521,10.00780306531289,9.963754636328238,10.04304180850061
2018-12-24,2018-12-21,600575,1.898890772644291,1.890058722538969,1.898890772644291
2018-12-24,2018-12-21,601100,12.59813136992225,12.44033914334507,12.40878069802963
2018-12-24,2018-12-21,601888,53.68269780929326,53.95931768807698,54.30970286786968
2018-12-24,2018-12-21,603399,9.182102368344299,9.172477523094463,9.105103606345606
2018-12-25,2018-12-24,000488,5.211151107450239,5.129585264029279,5.102396649555625
2018-12-25,2018-12-24,000528,5.759968078049056,5.621173666529802,5.456355302850687
2018-12-25,2018-12-24,000736,4.827476915016822,4.73475968873609,4.74712198557352
2018-12-25,2018-12-24,000830,8.062852281313749,7.909420268348692,7.786674657976646
2018-12-25,2018-12-24,002323,,,
2018-12-25,2018-12-24,002333,5.971996278058212,5.843032903282868,5.634707451722698
2018-12-25,2018-12-24,002645,4.53281750493939,4.496015197727433,4.373340840354243
2018-12-25,2018-12-24,002712,6.24259195936294,6.112746046608192,5.982900133853443
2018-12-25,2018-12-24,002749,6.32431680809662,6.253056900399756,6.270871877323973
2018-12-25,2018-12-24,002789,16.24560165262148,15.99750144412085,15.77917326064029
2018-12-25,2018-12-24,002798,13.39950313113526,13.20216140608172,13.0837563710496
2018-12-25,2018-12-24,002840,8.781510816601047,8.676083073746373,8.59546185862221
2018-12-25,2018-12-24,002884,7.209367578568447,7.117376593397678,7.059456343475341
2018-12-25,2018-12-24,300168,12.20479389942292,11.9852473206925,11.96528854080792
2018-12-25,2018-12-24,300393,3.686007396092452,3.62040278192337,3.605823978774686
2018-12-25,2018-12-24,300401,11.35321757380235,11.16556108497917,11.14679543609685
2018-12-25,2018-12-24,300470,21.17799285657019,20.79824953638342,20.846934577433
2018-12-25,2018-12-24,300485,9.485322462247282,9.409211549811998,9.276017453050249
2018-12-25,2018-12-24,300497,8.774671494383297,8.663981831036716,8.608636999363428
2018-12-25,2018-12-24,300518,12.24729971533127,11.92780494014871,11.71480842336034
2018-12-25,2018-12-24,300581,4.104491700038469,3.9752163709034,3.952593188304762
2018-12-25,2018-12-24,300584,24.23322739243669,24.45608394182735,24.45608394182735
2018-12-25,2018-12-24,300678,13.12996680567499,12.8912401364809,12.73208902368484
2018-12-25,2018-12-24,300685,14.36034345337231,14.26659846467767,14.20062976892958
2018-12-25,2018-12-24,600182,14.12144530586202,13.87166610904324,13.73785582503317
2018-12-25,2018-12-24,600207,4.59,4.51,4.35
2018-12-25,2018-12-24,600280,3.44,3.39,3.3
2018-12-25,2018-12-24,600518,6.318354355053494,6.224050558709411,6.117172922852785
2018-12-25,2018-12-24,600521,10.09589992328219,10.14875803806378,10.21923552443922
2018-12-25,2018-12-24,600575,1.907722822749613,1.890058722538969,1.872394622328324
2018-12-25,2018-12-24,601100,13.01470284808601,12.69911839493164,12.59181968085916
2018-12-25,2018-12-24,601888,54.63242605978402,54.25437889211295,55.13956250422083
2018-12-25,2018-12-24,603399,9.143602987344952,8.979980618097727,8.835607939350174
2018-12-26,2018-12-25,000528,5.595149714369941,5.577800412930034,5.595149714369941
2018-12-26,2018-12-25,000681,23.59068597781756,23.38288211643578,23.48183633614139
2018-12-26,2018-12-25,000830,7.901748667700439,7.871062265107427,7.894077067052185
2018-12-26,2018-12-25,000989,10.3,10.3,10.26
2018-12-26,2018-12-25,002027,4.302500331549809,4.287456624096838,4.287456624096838
2018-12-26,2018-12-25,002049,21.41070866055167,21.40372994195306,21.4246660977489
2018-12-26,2018-12-25,002078,5.592911825017089,5.602706766917294,5.6125017088175
2018-12-26,2018-12-25,002323,,,
2018-12-26,2018-12-25,002333,5.624787192124595,5.644627711320802,5.654547970918905
2018-12-26,2018-12-25,002434,5.93062263934485,5.974947173271193,5.99267698684173
2018-12-26,2018-12-25,002488,6.658877806186545,6.658877806186545,6.728656465832213
2018-12-26,2018-12-25,002563,6.665618564262354,6.680733345587212,6.726077689561786
2018-12-26,2018-12-25,002645,4.502148915596093,4.477614044121455,4.54508494067671
2018-12-26,2018-12-25,002712,6.052817163798307,6.042829016663326,6.082781605203249
2018-12-26,2018-12-25,002840,8.564453698959072,8.508639011565421,8.558252067026444
2018-12-26,2018-12-25,300042,8.811693631548295,8.706636181395707,8.765730997106537
2018-12-26,2018-12-25,300107,8.440145392179005,8.431568008650368,8.474454926293555
2018-12-26,2018-12-25,300168,12.31456718878813,12.23473206924979,12.33452596867271
2018-12-26,2018-12-25,300353,8.92442857174945,8.834685714603367,8.804771428888007
2018-12-26,2018-12-25,300373,14.38183743096975,14.25193696385131,14.35400161658723
2018-12-26,2018-12-25,300434,8.559399238862346,8.694802164674858,8.714145439790931
2018-12-26,2018-12-25,300497,8.76964014604936,8.900455202731681,9.011144866078258
2018-12-26,2018-12-25,300518,11.73509380591162,11.65902362134434,11.75030784282507
2018-12-26,2018-12-25,600182,13.76461788183519,13.73785582503317,13.80030062423787
2018-12-26,2018-12-25,600188,2.754382212903324,2.754382212903324,2.754382212903324
2018-12-26,2018-12-25,600238,4.59,4.65,4.8
2018-12-26,2018-12-25,600267,8.075610828554002,8.018606516823032,8.047108672688518
2018-12-26,2018-12-25,600280,3.32,3.32,3.34
2018-12-26,2018-12-25,600518,6.129746762365329,6.129746762365329,6.142320601877873
2018-12-26,2018-12-25,600521,10.26328395342387,10.24566458183001,10.25447426762694
2018-12-26,2018-12-25,600575,1.872394622328324,1.898890772644291,1.907722822749613
2018-12-26,2018-12-25,600585,20.21999907353478,20.20615450039303,20.27537736610181
2018-12-26,2018-12-25,600789,6.369388392711486,6.369388392711486,6.38404751444385
2018-12-26,2018-12-25,600810,6.680189617844119,6.686456212232341,6.692722806620562
2018-12-27,2018-12-26,000528,5.508403207170407,5.577800412930034,5.551776460770174
2018-12-27,2018-12-26,000681,23.37298669446522,23.82817610511103,23.66984935358205
2018-12-27,2018-12-26,000830,7.740645054087128,7.901748667700439,7.901748667700439
2018-12-27,2018-12-26,000989,10.21,10.2,10.15
2018-12-27,2018-12-26,002027,4.219759940558467,4.24984735546441,4.167106964473067
2018-12-27,2018-12-26,002049,21.09666632361398,21.34092147456552,21.31998531876967
2018-12-27,2018-12-26,002078,5.553732057416269,5.651681476418319,5.641886534518115
2018-12-27,2018-12-26,002323,,,
2018-12-27,2018-12-26,002333,5.654547970918905,5.714069528507525,5.704149268909422
2018-12-27,2018-12-26,002434,5.841973571492161,5.877433198633236,5.868568291847967
2018-12-27,2018-12-26,002488,6.489415347047068,6.678814566085308,6.599067526490259
2018-12-27,2018-12-26,002563,6.658061173599926,6.741192470886644,6.665618564262354
2018-12-27,2018-12-26,002645,4.471480326252795,4.53281750493939,4.526683787070731
2018-12-27,2018-12-26,002712,6.082781605203249,6.172674929418076,6.182663076553057
2018-12-27,2018-12-26,002840,8.403211268710749,8.527243907363305,8.496235747700165
2018-12-27,2018-12-26,300042,8.732900543933853,8.837957994086441,8.81825972218283
2018-12-27,2018-12-26,300107,8.414413241593094,8.525919227465376,8.491609693350828
2018-12-27,2018-12-26,300168,12.21477328936521,12.27464962901896,12.30458779884584
2018-12-27,2018-12-26,300353,8.715028571741923,8.824714286031581,8.89451428603409
2018-12-27,2018-12-26,300373,14.10347928714453,14.3632802213814,14.37255882617558
2018-12-27,2018-12-26,300434,8.723817077348967,8.897906553393625,8.888234915835589
2018-12-27,2018-12-26,300497,9.267743631108964,9.272774979442898,9.197304754433867
2018-12-27,2018-12-26,300518,11.70973707772252,11.84666340994362,11.81623533611671
2018-12-27,2018-12-26,600182,13.68433171142915,13.82706268103988,13.74677651063384
2018-12-27,2018-12-26,600188,2.714463630107623,2.763594193548485,2.748240892473216
2018-12-27,2018-12-26,600238,4.72,4.75,4.75
2018-12-27,2018-12-26,600267,7.800089988520984,7.904597893361094,7.92359933060475
2018-12-27,2018-12-26,600280,3.3,3.34,3.34
2018-12-27,2018-12-26,600518,5.966286848702254,6.048016805533791,6.029156046264974
2018-12-27,2018-12-26,600521,10.0694708658914,10.21923552443922,10.16637740965764
2018-12-27,2018-12-26,600575,1.925386922960258,1.951883073276225,1.943051023170902
2018-12-27,2018-12-26,600585,20.23384364667654,20.57303568864956,20.50381282294078
2018-12-27,2018-12-26,600789,6.259444979718768,6.340070149246761,6.318081466648217
2018-12-27,2018-12-26,600810,6.611257079573683,6.736588967338113,6.72405577856167
2018-12-28,2018-12-27,000528,5.308886240611479,5.33491019277134,5.256838336291758
2018-12-28,2018-12-27,000681,22.95737897170165,23.31361416264185,22.70009800046707
2018-12-28,2018-12-27,000830,7.686943849549358,7.663929047604601,7.479810632046532
2018-12-28,2018-12-27,000989,9.58,9.67,9.380000000000001
2018-12-28,2018-12-27,002027,4.009148036216868,4.016669889943354,3.933929498952012
2018-12-28,2018-12-27,002049,20.58024114731645,20.57326242871784,20.25922009178015
2018-12-28,2018-12-27,002078,5.563526999316474,5.57332194121668,5.534142173615859
2018-12-28,2018-12-27,002323,,,
2018-12-28,2018-12-27,002333,5.287498365789082,5.813272124488559,5.813272124488559
2018-12-28,2018-12-27,002434,5.833108664706891,5.788784130780548,5.717864876498397
2018-12-28,2018-12-27,002488,6.579130766591497,6.549225626743355,6.499383726996449
2018-12-28,2018-12-27,002563,6.665618564262354,6.703405517574499,6.62027422028778
2018-12-28,2018-12-27,002645,4.385608276091562,4.40400942969754,4.367207122485583
2018-12-28,2018-12-27,002712,6.002876428123403,5.962923839583481,5.912983103908577
2018-12-28,2018-12-27,002840,8.055919880483588,8.198557414934029,8.062121512416216
2018-12-28,2018-12-27,300042,8.470256918552385,8.470256918552385,8.489955190455994
2018-12-28,2018-12-27,300107,8.088472667504879,8.12278220161943,7.925502380460773
2018-12-28,2018-12-27,300168,11.83555647155812,12.11497938994229,11.88545342126958
2018-12-28,2018-12-27,300353,8.515600000306179,8.555485714593329,8.425857143160096
2018-12-28,2018-12-27,300373,13.79728532893679,13.84367835290766,13.37046950840478
2018-12-28,2018-12-27,300434,8.472354500840018,8.60775742665253,8.375638125259652
2018-12-28,2018-12-27,300497,9.141959922760579,9.16208531609632,9.086615091087289
2018-12-28,2018-12-27,300518,11.35981422871306,11.42067037636688,11.3699569199887
2018-12-28,2018-12-27,600182,13.363187029805,13.40779045780835,13.22937674579493
2018-12-28,2018-12-27,600188,2.686827688172138,2.720604950537731,2.708322309677516
2018-12-28,2018-12-27,600238,4.68,4.7,4.67
2018-12-28,2018-12-27,600267,7.885596456117439,7.914098611982922,7.933100049226578
2018-12-28,2018-12-27,600280,3.23,3.25,3.24
2018-12-28,2018-12-27,600518,5.790253095526634,5.80911385479545,5.733670817720184
2018-12-28,2018-12-27,600521,9.928515893140517,9.849228720968144,9.74351249140498
2018-12-28,2018-12-27,600575,1.898890772644291,1.881226672433646,1.890058722538969
2018-12-28,2018-12-27,600585,20.26153279296005,20.38613395123586,20.22692136010566
2018-12-28,2018-12-27,600789,5.753705279952263,5.775693962550807,5.570466258297732
2018-12-28,2018-12-27,600810,6.454592219868146,6.448325625479923,6.316727143327272
