trading_day,open_0931,close_1500,prev_close,gap,raw_open_0931,raw_close_1500,raw_prev_close,raw_gap,open_0931_abs_error,close_1500_abs_error,prev_close_abs_error,gap_abs_error
2015-01-05,6025.7399999999998,6049.7799999999997,,,6025.7399999999998,6049.7799999999997,,,0,0,,
2015-01-06,6021.4399999999996,6172.3900000000003,6049.7799999999997,-0.0046844678649471394,6021.4399999999996,6172.3900000000003,6049.7799999999997,-0.0046844678649471394,0,0,0,0
2015-01-07,6161.4799999999996,6166.7600000000002,6172.3900000000003,-0.0017675487128974154,6161.4799999999996,6166.7600000000002,6172.3900000000003,-0.0017675487128974154,0,0,0,0
2015-01-08,6161.5500000000002,6164.1099999999997,6166.7600000000002,-0.00084485207791451522,6161.5500000000002,6164.1099999999997,6166.7600000000002,-0.00084485207791451522,0,0,0,0
2015-01-09,6148.1000000000004,6128.0100000000002,6164.1099999999997,-0.0025972930398709959,6148.1000000000004,6128.0100000000002,6164.1099999999997,-0.0025972930398709959,0,0,0,0
2015-01-12,6098.8100000000004,6062.2799999999997,6128.0100000000002,-0.0047650052790383368,6098.8100000000004,6062.2799999999997,6128.0100000000002,-0.0047650052790383368,0,0,0,0
2015-01-13,6059.3800000000001,6167.1099999999997,6062.2799999999997,-0.00047836787479293985,6059.3800000000001,6167.1099999999997,6062.2799999999997,-0.00047836787479293985,0,0,0,0
2015-01-14,6167.7399999999998,6139.29,6167.1099999999997,0.00010215481805908588,6167.7399999999998,6139.29,6167.1099999999997,0.00010215481805908588,0,0,0,0
2015-01-15,6136.5500000000002,6168.6499999999996,6139.29,-0.0004463056802984644,6136.5500000000002,6168.6499999999996,6139.29,-0.0004463056802984644,0,0,0,0
2015-01-16,6172.9499999999998,6252.0699999999997,6168.6499999999996,0.00069707310351541096,6172.9499999999998,6252.0699999999997,6168.6499999999996,0.00069707310351541096,0,0,0,0
2015-01-19,6133.54,6109.2799999999997,6252.0699999999997,-0.01895852093786532,6133.54,6109.2799999999997,6252.0699999999997,-0.01895852093786532,0,0,0,0
2015-01-20,6135.6000000000004,6336.6300000000001,6109.2799999999997,0.0043081999842862206,6135.6000000000004,6336.6300000000001,6109.2799999999997,0.0043081999842862206,0,0,0,0
2015-01-21,6358.0100000000002,6465.7299999999996,6336.6300000000001,0.0033740332006129137,6358.0100000000002,6465.7299999999996,6336.6300000000001,0.0033740332006129137,0,0,0,0
2015-01-22,6472.1599999999999,6568.6300000000001,6465.7299999999996,0.00099447394184415394,6472.1599999999999,6568.6300000000001,6465.7299999999996,0.00099447394184415394,0,0,0,0
2015-01-23,6576.9799999999996,6502.0600000000004,6568.6300000000001,0.0012711935365516958,6576.9799999999996,6502.0600000000004,6568.6300000000001,0.0012711935365516958,0,0,0,0
2015-01-26,6508.7299999999996,6642.6099999999997,6502.0600000000004,0.0010258287373539066,6508.7299999999996,6642.6099999999997,6502.0600000000004,0.0010258287373539066,0,0,0,0
2015-01-27,6652.1999999999998,6693.8000000000002,6642.6099999999997,0.0014437096261861182,6652.1999999999998,6693.8000000000002,6642.6099999999997,0.0014437096261861182,0,0,0,0
2015-01-28,6680.0799999999999,6666.2600000000002,6693.8000000000002,-0.0020496578923780984,6680.0799999999999,6666.2600000000002,6693.8000000000002,-0.0020496578923780984,0,0,0,0
2015-01-29,6620.2299999999996,6625,6666.2600000000002,-0.0069049212001932592,6620.2299999999996,6625,6666.2600000000002,-0.0069049212001932592,0,0,0,0
2015-01-30,6629.2700000000004,6546.5900000000001,6625,0.0006445283018867709,6629.2700000000004,6546.5900000000001,6625,0.0006445283018867709,0,0,0,0
2015-02-02,6485.1499999999996,6535.8999999999996,6546.5900000000001,-0.0093850386231610905,6485.1499999999996,6535.8999999999996,6546.5900000000001,-0.0093850386231610905,0,0,0,0
2015-02-03,6547.75,6654.54,6535.8999999999996,0.0018130632353616782,6547.75,6654.54,6535.8999999999996,0.0018130632353616782,0,0,0,0
2015-02-04,6665.8699999999999,6653.3299999999999,6654.54,0.0017025970239865629,6665.8699999999999,6653.3299999999999,6654.54,0.0017025970239865629,0,0,0,0
2015-02-05,6685.7600000000002,6654.0799999999999,6653.3299999999999,0.0048742509390036215,6685.7600000000002,6654.0799999999999,6653.3299999999999,0.0048742509390036215,0,0,0,0
2015-02-06,6637.5299999999997,6526.9399999999996,6654.0799999999999,-0.0024871958257189908,6637.5299999999997,6526.9399999999996,6654.0799999999999,-0.0024871958257189908,0,0,0,0
2015-02-09,6508.3699999999999,6474.8100000000004,6526.9399999999996,-0.0028451311027831716,6508.3699999999999,6474.8100000000004,6526.9399999999996,-0.0028451311027831716,0,0,0,0
2015-02-10,6468.5100000000002,6555.8100000000004,6474.8100000000004,-0.00097300152436907705,6468.5100000000002,6555.8100000000004,6474.8100000000004,-0.00097300152436907705,0,0,0,0
2015-02-11,6563.8699999999999,6645.5100000000002,6555.8100000000004,0.0012294438063336077,6563.8699999999999,6645.5100000000002,6555.8100000000004,0.0012294438063336077,0,0,0,0
2015-02-12,6652.5600000000004,6703.8100000000004,6645.5100000000002,0.0010608666603466599,6652.5600000000004,6703.8100000000004,6645.5100000000002,0.0010608666603466599,0,0,0,0
2015-02-13,6732.3000000000002,6815.8400000000001,6703.8100000000004,0.0042498221160802707,6732.3000000000002,6815.8400000000001,6703.8100000000004,0.0042498221160802707,0,0,0,0
2015-02-16,6831.25,6965.3000000000002,6815.8400000000001,0.0022609098805135286,6831.25,6965.3000000000002,6815.8400000000001,0.0022609098805135286,0,0,0,0
2015-02-17,6987.3900000000003,7020.0500000000002,6965.3000000000002,0.003171435544772061,6987.3900000000003,7020.0500000000002,6965.3000000000002,0.003171435544772061,0,0,0,0
2015-02-25,7037.96,7004.6599999999999,7020.0500000000002,0.0025512638798868004,7037.96,7004.6599999999999,7020.0500000000002,0.0025512638798868004,0,0,0,0
2015-02-26,7001.1700000000001,7045.2600000000002,7004.6599999999999,-0.00049823974325657883,7001.1700000000001,7045.2600000000002,7004.6599999999999,-0.00049823974325657883,0,0,0,0
2015-02-27,7045.79,7141.8800000000001,7045.2600000000002,7.5227883711947996e-05,7045.79,7141.8800000000001,7045.2600000000002,7.5227883711947996e-05,0,0,0,0
2015-03-02,7187.5200000000004,7317.6700000000001,7141.8800000000001,0.0063904742168729989,7187.5200000000004,7317.6700000000001,7141.8800000000001,0.0063904742168729989,0,0,0,0
2015-03-03,7306.4300000000003,7282.1000000000004,7317.6700000000001,-0.0015360080462769599,7306.4300000000003,7282.1000000000004,7317.6700000000001,-0.0015360080462769599,0,0,0,0
2015-03-04,7277.54,7411.0299999999997,7282.1000000000004,-0.00062619299377930648,7277.54,7411.0299999999997,7282.1000000000004,-0.00062619299377930648,0,0,0,0
2015-03-05,7417.5299999999997,7450.8999999999996,7411.0299999999997,0.00087707106839407523,7417.5299999999997,7450.8999999999996,7411.0299999999997,0.00087707106839407523,0,0,0,0
2015-03-06,7454.9200000000001,7338.3999999999996,7450.8999999999996,0.00053953213705737468,7454.9200000000001,7338.3999999999996,7450.8999999999996,0.00053953213705737468,0,0,0,0
2015-03-09,7314.9300000000003,7450.8100000000004,7338.3999999999996,-0.0031982448490133208,7314.9300000000003,7450.8100000000004,7338.3999999999996,-0.0031982448490133208,0,0,0,0
2015-03-10,7460.6099999999997,7566.4799999999996,7450.8100000000004,0.0013152932365740888,7460.6099999999997,7566.4799999999996,7450.8100000000004,0.0013152932365740888,0,0,0,0
2015-03-11,7573.2600000000002,7566.3100000000004,7566.4799999999996,0.00089605734767039813,7573.2600000000002,7566.3100000000004,7566.4799999999996,0.00089605734767039813,0,0,0,0
2015-03-12,7566.4799999999996,7514.4399999999996,7566.3100000000004,2.2468019417631879e-05,7566.4799999999996,7514.4399999999996,7566.3100000000004,2.2468019417631879e-05,0,0,0,0
2015-03-13,7530.1999999999998,7649.3400000000001,7514.4399999999996,0.0020972953407041306,7530.1999999999998,7649.3400000000001,7514.4399999999996,0.0020972953407041306,0,0,0,0
2015-03-16,7707.3999999999996,7903.3599999999997,7649.3400000000001,0.0075901973242136211,7707.3999999999996,7903.3599999999997,7649.3400000000001,0.0075901973242136211,0,0,0,0
2015-03-17,7946.1199999999999,7993.2399999999998,7903.3599999999997,0.0054103571139363371,7946.1199999999999,7993.2399999999998,7903.3599999999997,0.0054103571139363371,0,0,0,0
2015-03-18,7992.9200000000001,8150.9499999999998,7993.2399999999998,-4.0033828585084308e-05,7992.9200000000001,8150.9499999999998,7993.2399999999998,-4.0033828585084308e-05,0,0,0,0
2015-03-19,8149.4700000000003,8216.6200000000008,8150.9499999999998,-0.00018157392696549479,8149.4700000000003,8216.6200000000008,8150.9499999999998,-0.00018157392696549479,0,0,0,0
2015-03-20,8216.2999999999993,8318.8199999999997,8216.6200000000008,-3.894545445715103e-05,8216.2999999999993,8318.8199999999997,8216.6200000000008,-3.894545445715103e-05,0,0,0,0
2015-03-23,8360.9200000000001,8560.4400000000005,8318.8199999999997,0.0050608139135117636,8360.9200000000001,8560.4400000000005,8318.8199999999997,0.0050608139135117636,0,0,0,0
2015-03-24,8593.7800000000007,8655.3799999999992,8560.4400000000005,0.0038946596203000006,8593.7800000000007,8655.3799999999992,8560.4400000000005,0.0038946596203000006,0,0,0,0
2015-03-25,8662.7600000000002,8784.8999999999996,8655.3799999999992,0.00085264887272429313,8662.7600000000002,8784.8999999999996,8655.3799999999992,0.00085264887272429313,0,0,0,0
2015-03-26,8730.3600000000006,8611.8600000000006,8784.8999999999996,-0.0062083802889046913,8730.3600000000006,8611.8600000000006,8784.8999999999996,-0.0062083802889046913,0,0,0,0
2015-03-27,8586.3999999999996,8710.2900000000009,8611.8600000000006,-0.0029563880508973739,8586.3999999999996,8710.2900000000009,8611.8600000000006,-0.0029563880508973739,0,0,0,0
2015-03-30,8721.2000000000007,8719.2199999999993,8710.2900000000009,0.0012525415342083956,8721.2000000000007,8719.2199999999993,8710.2900000000009,0.0012525415342083956,0,0,0,0
2015-03-31,8734.9500000000007,8780.7299999999996,8719.2199999999993,0.0018040604549491857,8734.9500000000007,8780.7299999999996,8719.2199999999993,0.0018040604549491857,0,0,0,0
2015-04-01,8785.1200000000008,9008.2000000000007,8780.7299999999996,0.00049995843170225207,8785.1200000000008,9008.2000000000007,8780.7299999999996,0.00049995843170225207,0,0,0,0
2015-04-02,9061.4899999999998,9238.0499999999993,9008.2000000000007,0.0059157212317664243,9061.4899999999998,9238.0499999999993,9008.2000000000007,0.0059157212317664243,0,0,0,0
2015-04-03,9204.8400000000001,9419.2000000000007,9238.0499999999993,-0.0035949145111792147,9204.8400000000001,9419.2000000000007,9238.0499999999993,-0.0035949145111792147,0,0,0,0
2015-04-07,9457.7299999999996,9600.7199999999993,9419.2000000000007,0.0040905809410565208,9457.7299999999996,9600.7199999999993,9419.2000000000007,0.0040905809410565208,0,0,0,0
2015-04-08,9625.2000000000007,9455.5900000000001,9600.7199999999993,0.0025498087643427425,9625.2000000000007,9455.5900000000001,9600.7199999999993,0.0025498087643427425,0,0,0,0
2015-04-09,9446.6800000000003,9369.6499999999996,9455.5900000000001,-0.00094229974015369589,9446.6800000000003,9369.6499999999996,9455.5900000000001,-0.00094229974015369589,0,0,0,0
2015-04-10,9325.4200000000001,9600.3999999999996,9369.6499999999996,-0.0047205605332109046,9325.4200000000001,9600.3999999999996,9369.6499999999996,-0.0047205605332109046,0,0,0,0
2015-04-13,9652.5300000000007,9813.5900000000001,9600.3999999999996,0.0054299820840799651,9652.5300000000007,9813.5900000000001,9600.3999999999996,0.0054299820840799651,0,0,0,0
2015-04-14,9830.5300000000007,9830.0599999999995,9813.5900000000001,0.0017261776780974625,9830.5300000000007,9830.0599999999995,9813.5900000000001,0.0017261776780974625,0,0,0,0
2015-04-15,9800.6399999999994,9441.1900000000005,9830.0599999999995,-0.0029928606742990471,9800.6399999999994,9441.1900000000005,9830.0599999999995,-0.0029928606742990471,0,0,0,0
2015-04-16,9319.9599999999991,9541.7600000000002,9441.1900000000005,-0.012840542346886474,9319.9599999999991,9541.7600000000002,9441.1900000000005,-0.012840542346886474,0,0,0,0
2015-04-17,9612.7299999999996,9567.6900000000005,9541.7600000000002,0.0074378311757998805,9612.7299999999996,9567.6900000000005,9541.7600000000002,0.0074378311757998805,0,0,0,0
2015-04-20,9541.25,9353.6100000000006,9567.6900000000005,-0.0027634674618429722,9541.25,9353.6100000000006,9567.6900000000005,-0.0027634674618429722,0,0,0,0
2015-04-21,9364.2999999999993,9716.3400000000001,9353.6100000000006,0.0011428742485519727,9364.2999999999993,9716.3400000000001,9353.6100000000006,0.0011428742485519727,0,0,0,0
2015-04-22,9798.1599999999999,9995.2600000000002,9716.3400000000001,0.0084208662932749867,9798.1599999999999,9995.2600000000002,9716.3400000000001,0.0084208662932749867,0,0,0,0
2015-04-23,10035.43,10105.27,9995.2600000000002,0.0040189049609515859,10035.43,10105.27,9995.2600000000002,0.0040189049609515859,0,0,0,0
2015-04-24,9990.3299999999999,10123.91,10105.27,-0.011374263132009399,9990.3299999999999,10123.91,10105.27,-0.011374263132009399,0,0,0,0
2015-04-27,10202.030000000001,10174.9,10123.91,0.0077163862578786269,10202.030000000001,10174.9,10123.91,0.0077163862578786269,0,0,0,0
2015-04-28,10184.26,9847.8899999999994,10174.9,0.00091991076079378509,10184.26,9847.8899999999994,10174.9,0.00091991076079378509,0,0,0,0
2015-04-29,9817.4400000000005,10107.4,9847.8899999999994,-0.0030920329126339352,9817.4400000000005,10107.4,9847.8899999999994,-0.0030920329126339352,0,0,0,0
2015-04-30,10156.360000000001,10180.49,10107.4,0.0048439757009717255,10156.360000000001,10180.49,10107.4,0.0048439757009717255,0,0,0,0
2015-05-04,10206.209999999999,10270.129999999999,10180.49,0.0025264009885574978,10206.209999999999,10270.129999999999,10180.49,0.0025264009885574978,0,0,0,0
2015-05-05,10273.57,10007.27,10270.129999999999,0.00033495194315946719,10273.57,10007.27,10270.129999999999,0.00033495194315946719,0,0,0,0
2015-05-06,10032.049999999999,9973.9899999999998,10007.27,0.002476199802743384,10032.049999999999,9973.9899999999998,10007.27,0.002476199802743384,0,0,0,0
2015-05-07,9934.9300000000003,9806.5,9973.9899999999998,-0.0039161859997853821,9934.9300000000003,9806.5,9973.9899999999998,-0.0039161859997853821,0,0,0,0
2015-05-08,9913.8500000000004,10274.379999999999,9806.5,0.010946820986080796,9913.8500000000004,10274.379999999999,9806.5,0.010946820986080796,0,0,0,0
2015-05-11,10424.969999999999,10771.620000000001,10274.379999999999,0.01465684547388757,10424.969999999999,10771.620000000001,10274.379999999999,0.01465684547388757,0,0,0,0
2015-05-12,10871.48,11051.43,10771.620000000001,0.0092706575241234823,10871.48,11051.43,10771.620000000001,0.0092706575241234823,0,0,0,0
2015-05-13,10969.33,11137.299999999999,11051.43,-0.0074289028659639822,10969.33,11137.299999999999,11051.43,-0.0074289028659639822,0,0,0,0
2015-05-14,11158.42,11211.1,11137.299999999999,0.0018963303493666483,11158.42,11211.1,11137.299999999999,0.0018963303493666483,0,0,0,0
2015-05-15,11165.969999999999,11217.93,11211.1,-0.0040254747527005419,11165.969999999999,11217.93,11211.1,-0.0040254747527005419,0,0,0,0
2015-05-18,11234.719999999999,11542.280000000001,11217.93,0.0014967110687977847,11234.719999999999,11542.280000000001,11217.93,0.0014967110687977847,0,0,0,0
2015-05-19,11624.299999999999,11831.360000000001,11542.280000000001,0.0071060483717253486,11624.299999999999,11831.360000000001,11542.280000000001,0.0071060483717253486,0,0,0,0
2015-05-20,11912.379999999999,12132.370000000001,11831.360000000001,0.006847902523462901,11912.379999999999,12132.370000000001,11831.360000000001,0.006847902523462901,0,0,0,0
2015-05-21,12214.48,12586.049999999999,12132.370000000001,0.0067678450294541559,12214.48,12586.049999999999,12132.370000000001,0.0067678450294541559,0,0,0,0
2015-05-22,12782.049999999999,12687.290000000001,12586.049999999999,0.015572796866371919,12782.049999999999,12687.290000000001,12586.049999999999,0.015572796866371919,0,0,0,0
2015-05-25,12513.18,12877.870000000001,12687.290000000001,-0.013723182807360845,12513.18,12877.870000000001,12687.290000000001,-0.013723182807360845,0,0,0,0
2015-05-26,12962.67,13401.309999999999,12877.870000000001,0.0065849399007753551,12962.67,13401.309999999999,12877.870000000001,0.0065849399007753551,0,0,0,0
2015-05-27,13484.77,13582.549999999999,13401.309999999999,0.0062277493767401992,13484.77,13582.549999999999,13401.309999999999,0.0062277493767401992,0,0,0,0
2015-05-28,13610.780000000001,12818.99,13582.549999999999,0.0020784020673585424,13610.780000000001,12818.99,13582.549999999999,0.0020784020673585424,0,0,0,0
2015-05-29,12775.09,13027.209999999999,12818.99,-0.0034246067747927267,12775.09,13027.209999999999,12818.99,-0.0034246067747927267,0,0,0,0
2015-06-01,13146.120000000001,13691.17,13027.209999999999,0.0091278178520191044,13146.120000000001,13691.17,13027.209999999999,0.0091278178520191044,0,0,0,0
2015-06-02,13805.719999999999,14276.32,13691.17,0.0083667064246517597,13805.719999999999,14276.32,13691.17,0.0083667064246517597,0,0,0,0
2015-06-03,14381.02,14356.6,14276.32,0.0073338227218218144,14381.02,14356.6,14276.32,0.0073338227218218144,0,0,0,0
2015-06-04,14366.780000000001,14308.65,14356.6,0.00070908153741133795,14366.780000000001,14308.65,14356.6,0.00070908153741133795,0,0,0,0
2015-06-05,14513.110000000001,14465.75,14308.65,0.014289258595325371,14513.110000000001,14465.75,14308.65,0.014289258595325371,0,0,0,0
2015-06-08,14445.110000000001,14099.73,14465.75,-0.0014268185196065764,14445.110000000001,14099.73,14465.75,-0.0014268185196065764,0,0,0,0
2015-06-09,14018.540000000001,14106.23,14099.73,-0.0057582662930424355,14018.540000000001,14106.23,14099.73,-0.0057582662930424355,0,0,0,0
2015-06-10,14047.110000000001,14461.809999999999,14106.23,-0.0041910560085861581,14047.110000000001,14461.809999999999,14106.23,-0.0041910560085861581,0,0,0,0
2015-06-11,14486.940000000001,14768.879999999999,14461.809999999999,0.0017376801382400497,14486.940000000001,14768.879999999999,14461.809999999999,0.0017376801382400497,0,0,0,0
2015-06-12,14844.610000000001,15006.33,14768.879999999999,0.0051276738655876564,14844.610000000001,15006.33,14768.879999999999,0.0051276738655876564,0,0,0,0
2015-06-15,15050.57,14707.77,15006.33,0.0029480892396742675,15050.57,14707.77,15006.33,0.0029480892396742675,0,0,0,0
2015-06-16,14514.85,14102.219999999999,14707.77,-0.013116876317755821,14514.85,14102.219999999999,14707.77,-0.013116876317755821,0,0,0,0
2015-06-17,14061.969999999999,14407.309999999999,14102.219999999999,-0.0028541605506083867,14061.969999999999,14407.309999999999,14102.219999999999,-0.0028541605506083867,0,0,0,0
2015-06-18,14392.309999999999,13934.209999999999,14407.309999999999,-0.0010411381444558332,14392.309999999999,13934.209999999999,14407.309999999999,-0.0010411381444558332,0,0,0,0
2015-06-19,13564.219999999999,13024.709999999999,13934.209999999999,-0.026552635563838911,13564.219999999999,13024.709999999999,13934.209999999999,-0.026552635563838911,0,0,0,0
2015-06-23,12955.75,13047.01,13024.709999999999,-0.005294551663722169,12955.75,13047.01,13024.709999999999,-0.005294551663722169,0,0,0,0
2015-06-24,13176.059999999999,13313.790000000001,13047.01,0.0098911551382270257,13176.059999999999,13313.790000000001,13047.01,0.0098911551382270257,0,0,0,0
2015-06-25,13357.209999999999,12760.469999999999,13313.790000000001,0.0032612802214844194,13357.209999999999,12760.469999999999,13313.790000000001,0.0032612802214844194,0,0,0,0
2015-06-26,12309.799999999999,11730.74,12760.469999999999,-0.035317664631475232,12309.799999999999,11730.74,12760.469999999999,-0.035317664631475232,0,0,0,0
2015-06-29,11923.42,10906.040000000001,11730.74,0.01642522125628898,11923.42,10906.040000000001,11730.74,0.01642522125628898,0,0,0,0
2015-06-30,10543.23,11381.469999999999,10906.040000000001,-0.033266886972723508,10543.23,11381.469999999999,10906.040000000001,-0.033266886972723508,0,0,0,0
2015-07-01,11264.860000000001,10734.01,11381.469999999999,-0.010245600963671553,11264.860000000001,10734.01,11381.469999999999,-0.010245600963671553,0,0,0,0
2015-07-02,10626.73,10002.35,10734.01,-0.0099944009741000928,10626.73,10002.35,10734.01,-0.0099944009741000928,0,0,0,0
2015-07-03,9545.2700000000004,9358.7299999999996,10002.35,-0.045697261143631263,9545.2700000000004,9358.7299999999996,10002.35,-0.045697261143631263,0,0,0,0
2015-07-06,9943.9500000000007,8858.9099999999999,9358.7299999999996,0.062531988848914422,9943.9500000000007,8858.9099999999999,9358.7299999999996,0.062531988848914422,0,0,0,0
2015-07-07,8517.2900000000009,8356.1200000000008,8858.9099999999999,-0.038562306197940766,8517.2900000000009,8356.1200000000008,8858.9099999999999,-0.038562306197940766,0,0,0,0
2015-07-08,8057.1000000000004,8114.6000000000004,8356.1200000000008,-0.035784550724498931,8057.1000000000004,8114.6000000000004,8356.1200000000008,-0.035784550724498931,0,0,0,0
2015-07-09,7951.4300000000003,8348.8700000000008,8114.6000000000004,-0.020108200034505752,7951.4300000000003,8348.8700000000008,8114.6000000000004,-0.020108200034505752,0,0,0,0
2015-07-10,8348.3099999999995,8620.2700000000004,8348.8700000000008,-6.7074945471867764e-05,8348.3099999999995,8620.2700000000004,8348.8700000000008,-6.7074945471867764e-05,0,0,0,0
2015-07-13,8930.7900000000009,9032.5499999999993,8620.2700000000004,0.036022073554540679,8930.7900000000009,9032.5499999999993,8620.2700000000004,0.036022073554540679,0,0,0,0
2015-07-14,9311.5100000000002,9338.1599999999999,9032.5499999999993,0.030883858932416741,9311.5100000000002,9338.1599999999999,9032.5499999999993,0.030883858932416741,0,0,0,0
2015-07-15,9424.2199999999993,8942.8999999999996,9338.1599999999999,0.0092159483238667406,9424.2199999999993,8942.8999999999996,9338.1599999999999,0.0092159483238667406,0,0,0,0
2015-07-16,8615.9300000000003,9041.2199999999993,8942.8999999999996,-0.036561965357993387,8615.9300000000003,9041.2199999999993,8942.8999999999996,-0.036561965357993387,0,0,0,0
2015-07-17,9087.1499999999996,9541.25,9041.2199999999993,0.005080066628176283,9087.1499999999996,9541.25,9041.2199999999993,0.005080066628176283,0,0,0,0
2015-07-20,9657.6200000000008,9839.9099999999999,9541.25,0.012196515131665198,9657.6200000000008,9839.9099999999999,9541.25,0.012196515131665198,0,0,0,0
2015-07-21,9762.6000000000004,10062.889999999999,9839.9099999999999,-0.0078567791778583196,9762.6000000000004,10062.889999999999,9839.9099999999999,-0.0078567791778583196,0,0,0,0
2015-07-22,10082.950000000001,10228.860000000001,10062.889999999999,0.0019934631104983058,10082.950000000001,10228.860000000001,10062.889999999999,0.0019934631104983058,0,0,0,0
2015-07-23,10251.549999999999,10553.219999999999,10228.860000000001,0.0022182335079372617,10251.549999999999,10553.219999999999,10228.860000000001,0.0022182335079372617,0,0,0,0
2015-07-24,10579.15,10449.75,10553.219999999999,0.0024570699748514002,10579.15,10449.75,10553.219999999999,0.0024570699748514002,0,0,0,0
2015-07-27,10235.629999999999,9719.5499999999993,10449.75,-0.020490442355080352,10235.629999999999,9719.5499999999993,10449.75,-0.020490442355080352,0,0,0,0
2015-07-28,9125.9500000000007,9284.5400000000009,9719.5499999999993,-0.061072786291546222,9125.9500000000007,9284.5400000000009,9719.5499999999993,-0.061072786291546222,0,0,0,0
2015-07-29,9435.3899999999994,9727.2299999999996,9284.5400000000009,0.016247439291553256,9435.3899999999994,9727.2299999999996,9284.5400000000009,0.016247439291553256,0,0,0,0
2015-07-30,9679.0900000000001,9460.7199999999993,9727.2299999999996,-0.0049489937011871765,9679.0900000000001,9460.7199999999993,9727.2299999999996,-0.0049489937011871765,0,0,0,0
2015-07-31,9283.3799999999992,9223.6299999999992,9460.7199999999993,-0.018744873540280205,9283.3799999999992,9223.6299999999992,9460.7199999999993,-0.018744873540280205,0,0,0,0
2015-08-03,9076.0699999999997,8723.5900000000001,9223.6299999999992,-0.015998039817295306,9076.0699999999997,8723.5900000000001,9223.6299999999992,-0.015998039817295306,0,0,0,0
2015-08-04,8720.2399999999998,9265.2199999999993,8723.5900000000001,-0.0003840162135084757,8720.2399999999998,9265.2199999999993,8723.5900000000001,-0.0003840162135084757,0,0,0,0
2015-08-05,9285.2900000000009,9240.8799999999992,9265.2199999999993,0.0021661655092919396,9285.2900000000009,9240.8799999999992,9265.2199999999993,0.0021661655092919396,0,0,0,0
2015-08-06,9025.6599999999999,9229.3400000000001,9240.8799999999992,-0.023289989697950819,9025.6599999999999,9229.3400000000001,9240.8799999999992,-0.023289989697950819,0,0,0,0
2015-08-07,9321.9799999999996,9585.1299999999992,9229.3400000000001,0.010037554147967143,9321.9799999999996,9585.1299999999992,9229.3400000000001,0.010037554147967143,0,0,0,0
2015-08-10,9704.0699999999997,10077.940000000001,9585.1299999999992,0.012408804053779088,9704.0699999999997,10077.940000000001,9585.1299999999992,0.012408804053779088,0,0,0,0
2015-08-11,10093.879999999999,10153.709999999999,10077.940000000001,0.0015816724449637665,10093.879999999999,10153.709999999999,10077.940000000001,0.0015816724449637665,0,0,0,0
2015-08-12,10053.469999999999,10005.93,10153.709999999999,-0.0098722535900670483,10053.469999999999,10005.93,10153.709999999999,-0.0098722535900670483,0,0,0,0
2015-08-13,9946.3999999999996,10308.790000000001,10005.93,-0.0059494719631258963,9946.3999999999996,10308.790000000001,10005.93,-0.0059494719631258963,0,0,0,0
2015-08-14,10400.5,10377.98,10308.790000000001,0.0088962914173242869,10400.5,10377.98,10308.790000000001,0.0088962914173242869,0,0,0,0
2015-08-17,10339.26,10563.129999999999,10377.98,-0.0037309765484226931,10339.26,10563.129999999999,10377.98,-0.0037309765484226931,0,0,0,0
2015-08-18,10582.23,9806.7000000000007,10563.129999999999,0.0018081761750541325,10582.23,9806.7000000000007,10563.129999999999,0.0018081761750541325,0,0,0,0
2015-08-19,9442.9099999999999,10057.84,9806.7000000000007,-0.037096066974619424,9442.9099999999999,10057.84,9806.7000000000007,-0.037096066974619424,0,0,0,0
2015-08-20,9947.8199999999997,9739.9099999999999,10057.84,-0.010938730383462048,9947.8199999999997,9739.9099999999999,10057.84,-0.010938730383462048,0,0,0,0
2015-08-21,9531.9099999999999,9208.1499999999996,9739.9099999999999,-0.02135543346909774,9531.9099999999999,9208.1499999999996,9739.9099999999999,-0.02135543346909774,0,0,0,0
2015-08-24,8782.4799999999996,8506.7199999999993,9208.1499999999996,-0.046227526701889121,8782.4799999999996,8506.7199999999993,9208.1499999999996,-0.046227526701889121,0,0,0,0
2015-08-25,7889.7799999999997,7882.1099999999997,8506.7199999999993,-0.07252383997592482,7889.7799999999997,7882.1099999999997,8506.7199999999993,-0.07252383997592482,0,0,0,0
2015-08-26,7836.2799999999997,7543.7799999999997,7882.1099999999997,-0.0058144329373733816,7836.2799999999997,7543.7799999999997,7882.1099999999997,-0.0058144329373733816,0,0,0,0
2015-08-27,7666.5,7793.5299999999997,7543.7799999999997,0.016267706640437529,7666.5,7793.5299999999997,7543.7799999999997,0.016267706640437529,0,0,0,0
2015-08-28,7912.79,8270.9500000000007,7793.5299999999997,0.015302436764854876,7912.79,8270.9500000000007,7793.5299999999997,0.015302436764854876,0,0,0,0
2015-08-31,8222.5300000000007,7950.4499999999998,8270.9500000000007,-0.0058542247263011493,8222.5300000000007,7950.4499999999998,8270.9500000000007,-0.0058542247263011493,0,0,0,0
2015-09-01,7848.6499999999996,7441.3299999999999,7950.4499999999998,-0.012804306674464971,7848.6499999999996,7441.3299999999999,7950.4499999999998,-0.012804306674464971,0,0,0,0
2015-09-02,7072.79,7129.9700000000003,7441.3299999999999,-0.04952609278180109,7072.79,7129.9700000000003,7441.3299999999999,-0.04952609278180109,0,0,0,0
2015-09-07,7243.4399999999996,7291.46,7129.9700000000003,0.01591451296429014,7243.4399999999996,7291.46,7129.9700000000003,0.01591451296429014,0,0,0,0
2015-09-08,7247.5699999999997,7651.5,7291.46,-0.0060193706061612007,7247.5699999999997,7651.5,7291.46,-0.0060193706061612007,0,0,0,0
2015-09-09,7716.5500000000002,7956.7200000000003,7651.5,0.0085016009932692427,7716.5500000000002,7956.7200000000003,7651.5,0.0085016009932692427,0,0,0,0
2015-09-10,7831.5,7842.9899999999998,7956.7200000000003,-0.015737640635839933,7831.5,7842.9899999999998,7956.7200000000003,-0.015737640635839933,0,0,0,0
2015-09-11,7826.7299999999996,7952.1300000000001,7842.9899999999998,-0.0020731889241221158,7826.7299999999996,7952.1300000000001,7842.9899999999998,-0.0020731889241221158,0,0,0,0
2015-09-14,7997.3400000000001,7412.3000000000002,7952.1300000000001,0.0056852692297535423,7997.3400000000001,7412.3000000000002,7952.1300000000001,0.0056852692297535423,0,0,0,0
2015-09-15,7183.3199999999997,7034.8999999999996,7412.3000000000002,-0.030891895902756317,7183.3199999999997,7034.8999999999996,7412.3000000000002,-0.030891895902756317,0,0,0,0
2015-09-16,7062.8299999999999,7500.6099999999997,7034.8999999999996,0.0039702056887802595,7062.8299999999999,7500.6099999999997,7034.8999999999996,0.0039702056887802595,0,0,0,0
2015-09-17,7516.3500000000004,7428.6300000000001,7500.6099999999997,0.0020984959889929211,7516.3500000000004,7428.6300000000001,7500.6099999999997,0.0020984959889929211,0,0,0,0
2015-09-18,7484.2799999999997,7556.1999999999998,7428.6300000000001,0.0074912870879286775,7484.2799999999997,7556.1999999999998,7428.6300000000001,0.0074912870879286775,0,0,0,0
2015-09-21,7453.1700000000001,7847.8800000000001,7556.1999999999998,-0.01363516053042535,7453.1700000000001,7847.8800000000001,7556.1999999999998,-0.01363516053042535,0,0,0,0
2015-09-22,7868.6300000000001,7880.8299999999999,7847.8800000000001,0.002644026157382573,7868.6300000000001,7880.8299999999999,7847.8800000000001,0.002644026157382573,0,0,0,0
2015-09-23,7734.2700000000004,7824.0600000000004,7880.8299999999999,-0.018597025947774459,7734.2700000000004,7824.0600000000004,7880.8299999999999,-0.018597025947774459,0,0,0,0
2015-09-24,7856.0200000000004,7928.8199999999997,7824.0600000000004,0.0040848357502369925,7856.0200000000004,7928.8199999999997,7824.0600000000004,0.0040848357502369925,0,0,0,0
2015-09-25,7877.9200000000001,7640.1700000000001,7928.8199999999997,-0.0064196185561028463,7877.9200000000001,7640.1700000000001,7928.8199999999997,-0.0064196185561028463,0,0,0,0
2015-09-28,7643.1599999999999,7839.6099999999997,7640.1700000000001,0.00039135254843802869,7643.1599999999999,7839.6099999999997,7640.1700000000001,0.00039135254843802869,0,0,0,0
2015-09-29,7702.6400000000003,7720.6700000000001,7839.6099999999997,-0.017471532384901733,7702.6400000000003,7720.6700000000001,7839.6099999999997,-0.017471532384901733,0,0,0,0
2015-09-30,7753.3500000000004,7727.5,7720.6700000000001,0.0042327932679417923,7753.3500000000004,7727.5,7720.6700000000001,0.0042327932679417923,0,0,0,0
2015-10-08,7961,8056.2700000000004,7727.5,0.030216758330637417,7961,8056.2700000000004,7727.5,0.030216758330637417,0,0,0,0
2015-10-09,8045.7700000000004,8180.3900000000003,8056.2700000000004,-0.0013033326837357251,8045.7700000000004,8180.3900000000003,8056.2700000000004,-0.0013033326837357251,0,0,0,0
2015-10-12,8226.5400000000009,8522.6200000000008,8180.3900000000003,0.0056415403177598744,8226.5400000000009,8522.6200000000008,8180.3900000000003,0.0056415403177598744,0,0,0,0
2015-10-13,8447.7399999999998,8651.0499999999993,8522.6200000000008,-0.0087860305868384669,8447.7399999999998,8651.0499999999993,8522.6200000000008,-0.0087860305868384669,0,0,0,0
2015-10-14,8610.3400000000001,8534.7199999999993,8651.0499999999993,-0.0047057871587841138,8610.3400000000001,8534.7199999999993,8651.0499999999993,-0.0047057871587841138,0,0,0,0
2015-10-15,8476.3099999999995,8808.4599999999991,8534.7199999999993,-0.0068438097559146982,8476.3099999999995,8808.4599999999991,8534.7199999999993,-0.0068438097559146982,0,0,0,0
2015-10-16,8866.7900000000009,8943.0100000000002,8808.4599999999991,0.0066220428996670577,8866.7900000000009,8943.0100000000002,8808.4599999999991,0.0066220428996670577,0,0,0,0
2015-10-19,8961.6599999999999,8935.3899999999994,8943.0100000000002,0.0020854276132979965,8961.6599999999999,8935.3899999999994,8943.0100000000002,0.0020854276132979965,0,0,0,0
2015-10-20,8915.8600000000006,9116.5300000000007,8935.3899999999994,-0.0021856908316255641,8915.8600000000006,9116.5300000000007,8935.3899999999994,-0.0021856908316255641,0,0,0,0
2015-10-21,9116.4699999999993,8541.6000000000004,9116.5300000000007,-6.581451495346613e-06,9116.4699999999993,8541.6000000000004,9116.5300000000007,-6.581451495346613e-06,0,0,0,0
2015-10-22,8531.6900000000005,8894.75,8541.6000000000004,-0.0011602041772033056,8531.6900000000005,8894.75,8541.6000000000004,-0.0011602041772033056,0,0,0,0
2015-10-23,8977.8700000000008,9182.5499999999993,8894.75,0.0093448382472807179,8977.8700000000008,9182.5499999999993,8894.75,0.0093448382472807179,0,0,0,0
2015-10-26,9296.1800000000003,9262.8899999999994,9182.5499999999993,0.012374558265405788,9296.1800000000003,9262.8899999999994,9182.5499999999993,0.012374558265405788,0,0,0,0
2015-10-27,9183.7800000000007,9345.9599999999991,9262.8899999999994,-0.0085405310869500761,9183.7800000000007,9345.9599999999991,9262.8899999999994,-0.0085405310869500761,0,0,0,0
2015-10-28,9277.7199999999993,9131.8700000000008,9345.9599999999991,-0.0073015506165230448,9277.7199999999993,9131.8700000000008,9345.9599999999991,-0.0073015506165230448,0,0,0,0
2015-10-29,9197.4599999999991,9214.5799999999999,9131.8700000000008,0.0071825376401546404,9197.4599999999991,9214.5799999999999,9131.8700000000008,0.0071825376401546404,0,0,0,0
2015-10-30,9183.4899999999998,9188.2600000000002,9214.5799999999999,-0.0033740007683475959,9183.4899999999998,9188.2600000000002,9214.5799999999999,-0.0033740007683475959,0,0,0,0
2015-11-02,8946.8799999999992,8944.6800000000003,9188.2600000000002,-0.026270479938530378,8946.8799999999992,8944.6800000000003,9188.2600000000002,-0.026270479938530378,0,0,0,0
2015-11-03,8963.7700000000004,8924.4099999999999,8944.6800000000003,0.0021342295084900709,8963.7700000000004,8924.4099999999999,8944.6800000000003,0.0021342295084900709,0,0,0,0
2015-11-04,8973.1499999999996,9396.8400000000001,8924.4099999999999,0.0054614254611788926,8973.1499999999996,9396.8400000000001,8924.4099999999999,0.0054614254611788926,0,0,0,0
2015-11-05,9416.4899999999998,9391.4400000000005,9396.8400000000001,0.0020911285070299712,9416.4899999999998,9391.4400000000005,9396.8400000000001,0.0020911285070299712,0,0,0,0
2015-11-06,9396.0900000000001,9629.2800000000007,9391.4400000000005,0.00049513173698589874,9396.0900000000001,9629.2800000000007,9391.4400000000005,0.00049513173698589874,0,0,0,0
2015-11-09,9560.5300000000007,9816.0300000000007,9629.2800000000007,-0.0071396823023113232,9560.5300000000007,9816.0300000000007,9629.2800000000007,-0.0071396823023113232,0,0,0,0
2015-11-10,9770.1299999999992,9911.2399999999998,9816.0300000000007,-0.0046760248287751605,9770.1299999999992,9911.2399999999998,9816.0300000000007,-0.0046760248287751605,0,0,0,0
2015-11-11,9910.1100000000006,10100.51,9911.2399999999998,-0.00011401197024785148,9910.1100000000006,10100.51,9911.2399999999998,-0.00011401197024785148,0,0,0,0
2015-11-12,10137.459999999999,10135.08,10100.51,0.0036582311190225258,10137.459999999999,10135.08,10100.51,0.0036582311190225258,0,0,0,0
2015-11-13,10030.15,9934.7600000000002,10135.08,-0.010353149654467431,10030.15,9934.7600000000002,10135.08,-0.010353149654467431,0,0,0,0
2015-11-16,9749.1000000000004,10194.780000000001,9934.7600000000002,-0.018687919990014845,9749.1000000000004,10194.780000000001,9934.7600000000002,-0.018687919990014845,0,0,0,0
2015-11-17,10308.23,10109.4,10194.780000000001,0.011128244062157178,10308.23,10109.4,10194.780000000001,0.011128244062157178,0,0,0,0
2015-11-18,10116.709999999999,9928.6599999999999,10109.4,0.00072308940194276694,10116.709999999999,9928.6599999999999,10109.4,0.00072308940194276694,0,0,0,0
2015-11-19,9954.6499999999996,10235.35,9928.6599999999999,0.0026176744898103177,9954.6499999999996,10235.35,9928.6599999999999,0.0026176744898103177,0,0,0,0
2015-11-20,10272.35,10440.35,10235.35,0.0036149227920883042,10272.35,10440.35,10235.35,0.0036149227920883042,0,0,0,0
2015-11-23,10447.809999999999,10341.42,10440.35,0.00071453543224109239,10447.809999999999,10341.42,10440.35,0.00071453543224109239,0,0,0,0
2015-11-24,10324.040000000001,10459.6,10341.42,-0.0016806202629812139,10324.040000000001,10459.6,10341.42,-0.0016806202629812139,0,0,0,0
2015-11-25,10470.93,10696.309999999999,10459.6,0.0010832154193276544,10470.93,10696.309999999999,10459.6,0.0010832154193276544,0,0,0,0
2015-11-26,10745.059999999999,10620.83,10696.309999999999,0.0045576465154806289,10745.059999999999,10620.83,10696.309999999999,0.0045576465154806289,0,0,0,0
2015-11-27,10560.389999999999,9933.4899999999998,10620.83,-0.0056907040221904071,10560.389999999999,9933.4899999999998,10620.83,-0.0056907040221904071,0,0,0,0
2015-11-30,9935.3999999999996,10001.190000000001,9933.4899999999998,0.00019227884660888428,9935.3999999999996,10001.190000000001,9933.4899999999998,0.00019227884660888428,0,0,0,0
2015-12-01,9985.7900000000009,9955.2000000000007,10001.190000000001,-0.0015398167618052572,9985.7900000000009,9955.2000000000007,10001.190000000001,-0.0015398167618052572,0,0,0,0
2015-12-02,9928.2600000000002,9822.0499999999993,9955.2000000000007,-0.0027061234329798234,9928.2600000000002,9822.0499999999993,9955.2000000000007,-0.0027061234329798234,0,0,0,0
2015-12-03,9833.2999999999993,10102.889999999999,9822.0499999999993,0.0011453820740070508,9833.2999999999993,10102.889999999999,9822.0499999999993,0.0011453820740070508,0,0,0,0
2015-12-04,10073.67,10081.57,10102.889999999999,-0.0028922417248925525,10073.67,10081.57,10102.889999999999,-0.0028922417248925525,0,0,0,0
2015-12-07,10105.790000000001,10238.02,10081.57,0.0024024035938847721,10105.790000000001,10238.02,10081.57,0.0024024035938847721,0,0,0,0
2015-12-08,10189.870000000001,10057.74,10238.02,-0.0047030578178202109,10189.870000000001,10057.74,10238.02,-0.0047030578178202109,0,0,0,0
2015-12-09,10002.73,10034.190000000001,10057.74,-0.0054694195713947957,10002.73,10034.190000000001,10057.74,-0.0054694195713947957,0,0,0,0
2015-12-10,10024.190000000001,10035.450000000001,10034.190000000001,-0.00099659264973062101,10024.190000000001,10035.450000000001,10034.190000000001,-0.00099659264973062101,0,0,0,0
2015-12-11,10003.76,9946.1200000000008,10035.450000000001,-0.0031578055792217397,10003.76,9946.1200000000008,10035.450000000001,-0.0031578055792217397,0,0,0,0
2015-12-14,9845.0699999999997,10118.9,9946.1200000000008,-0.010159740682799012,9845.0699999999997,10118.9,9946.1200000000008,-0.010159740682799012,0,0,0,0
2015-12-15,10137.459999999999,10278.469999999999,10118.9,0.0018341914634989465,10137.459999999999,10278.469999999999,10118.9,0.0018341914634989465,0,0,0,0
2015-12-16,10319.559999999999,10374.23,10278.469999999999,0.0039976766970182265,10319.559999999999,10374.23,10278.469999999999,0.0039976766970182265,0,0,0,0
2015-12-17,10436.799999999999,10679.959999999999,10374.23,0.0060312909970186013,10436.799999999999,10679.959999999999,10374.23,0.0060312909970186013,0,0,0,0
2015-12-18,10678.370000000001,10629.969999999999,10679.959999999999,-0.00014887696208587542,10678.370000000001,10629.969999999999,10679.959999999999,-0.00014887696208587542,0,0,0,0
2015-12-21,10596.41,10699.610000000001,10629.969999999999,-0.003157111449985206,10596.41,10699.610000000001,10629.969999999999,-0.003157111449985206,0,0,0,0
2015-12-22,10724.02,10809.24,10699.610000000001,0.0022813915647392768,10724.02,10809.24,10699.610000000001,0.0022813915647392768,0,0,0,0
2015-12-23,10817.280000000001,10638.16,10809.24,0.00074380807531349014,10817.280000000001,10638.16,10809.24,0.00074380807531349014,0,0,0,0
2015-12-24,10600.469999999999,10633.190000000001,10638.16,-0.0035429059160607679,10600.469999999999,10633.190000000001,10638.16,-0.0035429059160607679,0,0,0,0
2015-12-25,10651.66,10726.99,10633.190000000001,0.0017370140099066678,10651.66,10726.99,10633.190000000001,0.0017370140099066678,0,0,0,0
2015-12-28,10765.91,10515.360000000001,10726.99,0.0036282312186364241,10765.91,10515.360000000001,10726.99,0.0036282312186364241,0,0,0,0
2015-12-29,10499.5,10653.709999999999,10515.360000000001,-0.0015082698072154122,10499.5,10653.709999999999,10515.360000000001,-0.0015082698072154122,0,0,0,0
2015-12-30,10678.110000000001,10806.700000000001,10653.709999999999,0.0022902819768888527,10678.110000000001,10806.700000000001,10653.709999999999,0.0022902819768888527,0,0,0,0
2015-12-31,10810.35,10614.379999999999,10806.700000000001,0.00033775343074204933,10810.35,10614.379999999999,10806.700000000001,0.00033775343074204933,0,0,0,0
2016-01-04,10598.27,9694.8299999999999,10614.379999999999,-0.0015177523322134068,10598.27,9694.8299999999999,10614.379999999999,-0.0015177523322134068,0,0,0,0
2016-01-05,9140.6700000000001,9452.0400000000009,9694.8299999999999,-0.0571603627913021,9140.6700000000001,9452.0400000000009,9694.8299999999999,-0.0571603627913021,0,0,0,0
2016-01-06,9511.7299999999996,9709.5599999999995,9452.0400000000009,0.0063150388699158011,9511.7299999999996,9709.5599999999995,9452.0400000000009,0.0063150388699158011,0,0,0,0
2016-01-07,9511.1399999999994,8856.4899999999998,9709.5599999999995,-0.02043552951936034,9511.1399999999994,8856.4899999999998,9709.5599999999995,-0.02043552951936034,0,0,0,0
2016-01-08,9049.7600000000002,8876.25,8856.4899999999998,0.021822414974781212,9049.7600000000002,8876.25,8856.4899999999998,0.021822414974781212,0,0,0,0
2016-01-11,8651.3199999999997,8205.1200000000008,8876.25,-0.025340656245599225,8651.3199999999997,8205.1200000000008,8876.25,-0.025340656245599225,0,0,0,0
2016-01-12,8164.3299999999999,8187.96,8205.1200000000008,-0.0049712862212862863,8164.3299999999999,8187.96,8205.1200000000008,-0.0049712862212862863,0,0,0,0
2016-01-13,8230.0799999999999,7836.1199999999999,8187.96,0.0051441384667243462,8230.0799999999999,7836.1199999999999,8187.96,0.0051441384667243462,0,0,0,0
2016-01-14,7548.0200000000004,8157.7399999999998,7836.1199999999999,-0.036765644221885219,7548.0200000000004,8157.7399999999998,7836.1199999999999,-0.036765644221885219,0,0,0,0
2016-01-15,8092.8599999999997,7868.1599999999999,8157.7399999999998,-0.007953183111989337,8092.8599999999997,7868.1599999999999,8157.7399999999998,-0.007953183111989337,0,0,0,0
2016-01-18,7689.6499999999996,8060.8699999999999,7868.1599999999999,-0.022687642345859849,7689.6499999999996,8060.8699999999999,7868.1599999999999,-0.022687642345859849,0,0,0,0
2016-01-19,8041.8599999999997,8388.3799999999992,8060.8699999999999,-0.0023583062374160635,8041.8599999999997,8388.3799999999992,8060.8699999999999,-0.0023583062374160635,0,0,0,0
2016-01-20,8328.7199999999993,8321.3899999999994,8388.3799999999992,-0.0071122195227206753,8328.7199999999993,8321.3899999999994,8388.3799999999992,-0.0071122195227206753,0,0,0,0
2016-01-21,8167.9499999999998,7944.5600000000004,8321.3899999999994,-0.01843922710028012,8167.9499999999998,7944.5600000000004,8321.3899999999994,-0.01843922710028012,0,0,0,0
2016-01-22,8036.3199999999997,8074.2799999999997,7944.5600000000004,0.01155004178960195,8036.3199999999997,8074.2799999999997,7944.5600000000004,0.01155004178960195,0,0,0,0
2016-01-25,8153.3400000000001,8180.5,8074.2799999999997,0.0097915851320489189,8153.3400000000001,8180.5,8074.2799999999997,0.0097915851320489189,0,0,0,0
2016-01-26,8071.3599999999997,7545.54,8180.5,-0.013341482794450243,8071.3599999999997,7545.54,8180.5,-0.013341482794450243,0,0,0,0
2016-01-27,7557.4499999999998,7466.7399999999998,7545.54,0.0015784158589047248,7557.4499999999998,7466.7399999999998,7545.54,0.0015784158589047248,0,0,0,0
2016-01-28,7344.0200000000004,7100.8999999999996,7466.7399999999998,-0.016435552865105674,7344.0200000000004,7100.8999999999996,7466.7399999999998,-0.016435552865105674,0,0,0,0
2016-01-29,7071.75,7385.75,7100.8999999999996,-0.0041051134363249142,7071.75,7385.75,7100.8999999999996,-0.0041051134363249142,0,0,0,0
2016-02-01,7358.75,7292.6099999999997,7385.75,-0.0036556883187218725,7358.75,7292.6099999999997,7385.75,-0.0036556883187218725,0,0,0,0
2016-02-02,7296.2200000000003,7576.0600000000004,7292.6099999999997,0.00049502167262494012,7296.2200000000003,7576.0600000000004,7292.6099999999997,0.00049502167262494012,0,0,0,0
2016-02-03,7480.3000000000002,7630.4499999999998,7576.0600000000004,-0.012639815418568512,7480.3000000000002,7630.4499999999998,7576.0600000000004,-0.012639815418568512,0,0,0,0
2016-02-04,7661.6400000000003,7807.3999999999996,7630.4499999999998,0.0040875701957290289,7661.6400000000003,7807.3999999999996,7630.4499999999998,0.0040875701957290289,0,0,0,0
2016-02-05,7828.6099999999997,7718.6999999999998,7807.3999999999996,0.0027166534313600721,7828.6099999999997,7718.6999999999998,7807.3999999999996,0.0027166534313600721,0,0,0,0
2016-02-15,7434.2700000000004,7726.3699999999999,7718.6999999999998,-0.036849469470247476,7434.2700000000004,7726.3699999999999,7718.6999999999998,-0.036849469470247476,0,0,0,0
2016-02-16,7767.0299999999997,8069.5900000000001,7726.3699999999999,0.0052624971364301221,7767.0299999999997,8069.5900000000001,7726.3699999999999,0.0052624971364301221,0,0,0,0
2016-02-17,8060.9099999999999,8202.1399999999994,8069.5900000000001,-0.0010756432482939005,8060.9099999999999,8202.1399999999994,8069.5900000000001,-0.0010756432482939005,0,0,0,0
2016-02-18,8256.9500000000007,8176.1400000000003,8202.1399999999994,0.0066824023974232372,8256.9500000000007,8176.1400000000003,8202.1399999999994,0.0066824023974232372,0,0,0,0
2016-02-19,8146.0600000000004,8239.25,8176.1400000000003,-0.0036789976688266224,8146.0600000000004,8239.25,8176.1400000000003,-0.0036789976688266224,0,0,0,0
2016-02-22,8350.2800000000007,8407.8500000000004,8239.25,0.013475741117213502,8350.2800000000007,8407.8500000000004,8239.25,0.013475741117213502,0,0,0,0
2016-02-23,8414.6700000000001,8357.3500000000004,8407.8500000000004,0.00081114672597637494,8414.6700000000001,8357.3500000000004,8407.8500000000004,0.00081114672597637494,0,0,0,0
2016-02-24,8316.8299999999999,8364.6599999999999,8357.3500000000004,-0.0048484268338648828,8316.8299999999999,8364.6599999999999,8357.3500000000004,-0.0048484268338648828,0,0,0,0
2016-02-25,8340.4500000000007,7702.5900000000001,8364.6599999999999,-0.0028943196734833032,8340.4500000000007,7702.5900000000001,8364.6599999999999,-0.0028943196734833032,0,0,0,0
2016-02-26,7750.7299999999996,7666.8199999999997,7702.5900000000001,0.0062498458310775717,7750.7299999999996,7666.8199999999997,7702.5900000000001,0.0062498458310775717,0,0,0,0
2016-02-29,7614.1499999999996,7183.6700000000001,7666.8199999999997,-0.0068698626027479115,7614.1499999999996,7183.6700000000001,7666.8199999999997,-0.0068698626027479115,0,0,0,0
2016-03-01,7183.1099999999997,7345.0799999999999,7183.6700000000001,-7.795458310311254e-05,7183.1099999999997,7345.0799999999999,7183.6700000000001,-7.795458310311254e-05,0,0,0,0
2016-03-02,7324.4899999999998,7711.8800000000001,7345.0799999999999,-0.0028032369967380122,7324.4899999999998,7711.8800000000001,7345.0799999999999,-0.0028032369967380122,0,0,0,0
2016-03-03,7711.29,7727.1599999999999,7711.8800000000001,-7.6505339813404127e-05,7711.29,7727.1599999999999,7711.8800000000001,-7.6505339813404127e-05,0,0,0,0
2016-03-04,7684.9200000000001,7418.8000000000002,7727.1599999999999,-0.0054664326867827073,7684.9200000000001,7418.8000000000002,7727.1599999999999,-0.0054664326867827073,0,0,0,0
2016-03-07,7494.0299999999997,7600.4300000000003,7418.8000000000002,0.010140453981775988,7494.0299999999997,7600.4300000000003,7418.8000000000002,0.010140453981775988,0,0,0,0
2016-03-08,7585.8599999999997,7670.6899999999996,7600.4300000000003,-0.0019169968014968175,7585.8599999999997,7670.6899999999996,7600.4300000000003,-0.0019169968014968175,0,0,0,0
2016-03-09,7486.9399999999996,7500.1700000000001,7670.6899999999996,-0.023954820231296026,7486.9399999999996,7500.1700000000001,7670.6899999999996,-0.023954820231296026,0,0,0,0
2016-03-10,7503.4200000000001,7376.6899999999996,7500.1700000000001,0.00043332351133384961,7503.4200000000001,7376.6899999999996,7500.1700000000001,0.00043332351133384961,0,0,0,0
2016-03-11,7284.9399999999996,7349.5600000000004,7376.6899999999996,-0.012437827806238255,7284.9399999999996,7349.5600000000004,7376.6899999999996,-0.012437827806238255,0,0,0,0
2016-03-14,7441.0900000000001,7640.1300000000001,7349.5600000000004,0.01245380675849983,7441.0900000000001,7640.1300000000001,7349.5600000000004,0.01245380675849983,0,0,0,0
2016-03-15,7612.9700000000003,7571.8199999999997,7640.1300000000001,-0.0035549133326264748,7612.9700000000003,7571.8199999999997,7640.1300000000001,-0.0035549133326264748,0,0,0,0
2016-03-16,7633.7399999999998,7484.2200000000003,7571.8199999999997,0.0081776904363812797,7633.7399999999998,7484.2200000000003,7571.8199999999997,0.0081776904363812797,0,0,0,0
2016-03-17,7514.6700000000001,7779.8699999999999,7484.2200000000003,0.0040685602507675167,7514.6700000000001,7779.8699999999999,7484.2200000000003,0.0040685602507675167,0,0,0,0
2016-03-18,7823.5600000000004,8097.1999999999998,7779.8699999999999,0.0056157750707916954,7823.5600000000004,8097.1999999999998,7779.8699999999999,0.0056157750707916954,0,0,0,0
2016-03-21,8206.5200000000004,8325.9699999999993,8097.1999999999998,0.013500963295954183,8206.5200000000004,8325.9699999999993,8097.1999999999998,0.013500963295954183,0,0,0,0
2016-03-22,8248.5300000000007,8311.2099999999991,8325.9699999999993,-0.0093010183798403201,8248.5300000000007,8311.2099999999991,8325.9699999999993,-0.0093010183798403201,0,0,0,0
2016-03-23,8279.8799999999992,8408.6299999999992,8311.2099999999991,-0.0037696075541346907,8279.8799999999992,8408.6299999999992,8311.2099999999991,-0.0037696075541346907,0,0,0,0
2016-03-24,8324.8500000000004,8279.6399999999994,8408.6299999999992,-0.009963573138549231,8324.8500000000004,8279.6399999999994,8408.6299999999992,-0.009963573138549231,0,0,0,0
2016-03-25,8252.4200000000001,8343.2399999999998,8279.6399999999994,-0.0032875825518983159,8252.4200000000001,8343.2399999999998,8279.6399999999994,-0.0032875825518983159,0,0,0,0
2016-03-28,8400.2099999999991,8298.7700000000004,8343.2399999999998,0.0068282825377190548,8400.2099999999991,8298.7700000000004,8343.2399999999998,0.0068282825377190548,0,0,0,0
2016-03-29,8274.0900000000001,8118.9899999999998,8298.7700000000004,-0.0029739346915266252,8274.0900000000001,8118.9899999999998,8298.7700000000004,-0.0029739346915266252,0,0,0,0
2016-03-30,8187.4499999999998,8438.6800000000003,8118.9899999999998,0.0084320833010016472,8187.4499999999998,8438.6800000000003,8118.9899999999998,0.0084320833010016472,0,0,0,0
2016-03-31,8475.4300000000003,8447.1700000000001,8438.6800000000003,0.0043549465082217687,8475.4300000000003,8447.1700000000001,8438.6800000000003,0.0043549465082217687,0,0,0,0
2016-04-01,8399.1700000000001,8389.2800000000007,8447.1700000000001,-0.0056823764645437258,8399.1700000000001,8389.2800000000007,8447.1700000000001,-0.0056823764645437258,0,0,0,0
2016-04-05,8401.3400000000001,8635.6599999999999,8389.2800000000007,0.0014375488718936236,8401.3400000000001,8635.6599999999999,8389.2800000000007,0.0014375488718936236,0,0,0,0
2016-04-06,8601.6499999999996,8691.2299999999996,8635.6599999999999,-0.0039383208695108474,8601.6499999999996,8691.2299999999996,8635.6599999999999,-0.0039383208695108474,0,0,0,0
2016-04-07,8715,8549.5100000000002,8691.2299999999996,0.0027349408541714748,8715,8549.5100000000002,8691.2299999999996,0.0027349408541714748,0,0,0,0
2016-04-08,8465.8299999999999,8484.1700000000001,8549.5100000000002,-0.0097876954351769907,8465.8299999999999,8484.1700000000001,8549.5100000000002,-0.0097876954351769907,0,0,0,0
2016-04-11,8560.0900000000001,8677.3999999999996,8484.1700000000001,0.0089484298405146934,8560.0900000000001,8677.3999999999996,8484.1700000000001,0.0089484298405146934,0,0,0,0
2016-04-12,8664.2700000000004,8608.3700000000008,8677.3999999999996,-0.0015131260515821587,8664.2700000000004,8608.3700000000008,8677.3999999999996,-0.0015131260515821587,0,0,0,0
2016-04-13,8655.1900000000005,8729.8400000000001,8608.3700000000008,0.0054388926126549553,8655.1900000000005,8729.8400000000001,8608.3700000000008,0.0054388926126549553,0,0,0,0
2016-04-14,8780.5400000000009,8837.0100000000002,8729.8400000000001,0.0058076665780817383,8780.5400000000009,8837.0100000000002,8729.8400000000001,0.0058076665780817383,0,0,0,0
2016-04-15,8840.5300000000007,8841.0900000000001,8837.0100000000002,0.00039832477274548417,8840.5300000000007,8841.0900000000001,8837.0100000000002,0.00039832477274548417,0,0,0,0
2016-04-18,8780.4500000000007,8715.8500000000004,8841.0900000000001,-0.0068588827848149458,8780.4500000000007,8715.8500000000004,8841.0900000000001,-0.0068588827848149458,0,0,0,0
2016-04-19,8755.25,8754.5,8715.8500000000004,0.004520500008605044,8755.25,8754.5,8715.8500000000004,0.004520500008605044,0,0,0,0
2016-04-20,8784.6399999999994,8312.2000000000007,8754.5,0.0034428008452795922,8784.6399999999994,8312.2000000000007,8754.5,0.0034428008452795922,0,0,0,0
2016-04-21,8268.0200000000004,8198.5100000000002,8312.2000000000007,-0.0053150790404465909,8268.0200000000004,8198.5100000000002,8312.2000000000007,-0.0053150790404465909,0,0,0,0
2016-04-22,8130.8900000000003,8282.4200000000001,8198.5100000000002,-0.0082478401563210735,8130.8900000000003,8282.4200000000001,8198.5100000000002,-0.0082478401563210735,0,0,0,0
2016-04-25,8246.0200000000004,8232.4699999999993,8282.4200000000001,-0.0043948507803274195,8246.0200000000004,8232.4699999999993,8282.4200000000001,-0.0043948507803274195,0,0,0,0
2016-04-26,8218.4699999999993,8343.4200000000001,8232.4699999999993,-0.0017005831785600334,8218.4699999999993,8343.4200000000001,8232.4699999999993,-0.0017005831785600334,0,0,0,0
2016-04-27,8357.2600000000002,8323.4500000000007,8343.4200000000001,0.001658792197923642,8357.2600000000002,8323.4500000000007,8343.4200000000001,0.001658792197923642,0,0,0,0
2016-04-28,8319.2199999999993,8303.5499999999993,8323.4500000000007,-0.00050820272843610237,8319.2199999999993,8303.5499999999993,8323.4500000000007,-0.00050820272843610237,0,0,0,0
2016-04-29,8253.4799999999996,8291.6900000000005,8303.5499999999993,-0.0060299510450348981,8253.4799999999996,8291.6900000000005,8303.5499999999993,-0.0060299510450348981,0,0,0,0
2016-05-03,8290.7900000000009,8558.5699999999997,8291.6900000000005,-0.00010854240812185889,8290.7900000000009,8558.5699999999997,8291.6900000000005,-0.00010854240812185889,0,0,0,0
2016-05-04,8526.3099999999995,8565.1100000000006,8558.5699999999997,-0.0037693212768020734,8526.3099999999995,8565.1100000000006,8558.5699999999997,-0.0037693212768020734,0,0,0,0
2016-05-05,8549.3299999999999,8628.7399999999998,8565.1100000000006,-0.0018423581249978893,8549.3299999999999,8628.7399999999998,8565.1100000000006,-0.0018423581249978893,0,0,0,0
2016-05-06,8632.4500000000007,8276.0300000000007,8628.7399999999998,0.00042995848756599564,8632.4500000000007,8276.0300000000007,8628.7399999999998,0.00042995848756599564,0,0,0,0
2016-05-09,8180.6199999999999,7918.1400000000003,8276.0300000000007,-0.011528474401373723,8180.6199999999999,7918.1400000000003,8276.0300000000007,-0.011528474401373723,0,0,0,0
2016-05-10,7898.6499999999996,7898.6599999999999,7918.1400000000003,-0.0024614366505265606,7898.6499999999996,7898.6599999999999,7918.1400000000003,-0.0024614366505265606,0,0,0,0
2016-05-11,7950.3699999999999,7823.9799999999996,7898.6599999999999,0.0065466800697839833,7950.3699999999999,7823.9799999999996,7898.6599999999999,0.0065466800697839833,0,0,0,0
2016-05-12,7706.1199999999999,7821.9099999999999,7823.9799999999996,-0.01506394443748571,7706.1199999999999,7821.9099999999999,7823.9799999999996,-0.01506394443748571,0,0,0,0
2016-05-13,7794.6099999999997,7806.9499999999998,7821.9099999999999,-0.0034901961285670469,7794.6099999999997,7806.9499999999998,7821.9099999999999,-0.0034901961285670469,0,0,0,0
2016-05-16,7783.29,7961.1400000000003,7806.9499999999998,-0.0030306329616559546,7783.29,7961.1400000000003,7806.9499999999998,-0.0030306329616559546,0,0,0,0
2016-05-17,7964.5100000000002,7961.5,7961.1400000000003,0.00042330620991459789,7964.5100000000002,7961.5,7961.1400000000003,0.00042330620991459789,0,0,0,0
2016-05-18,7886.25,7711.9499999999998,7961.5,-0.0094517364818187399,7886.25,7711.9499999999998,7961.5,-0.0094517364818187399,0,0,0,0
2016-05-19,7707.3199999999997,7767.3100000000004,7711.9499999999998,-0.00060036696296006387,7707.3199999999997,7767.3100000000004,7711.9499999999998,-0.00060036696296006387,0,0,0,0
2016-05-20,7699.0699999999997,7860.1199999999999,7767.3100000000004,-0.008785538365277179,7699.0699999999997,7860.1199999999999,7767.3100000000004,-0.008785538365277179,0,0,0,0
2016-05-23,7876.1099999999997,7995.5799999999999,7860.1199999999999,0.0020343200867161126,7876.1099999999997,7995.5799999999999,7860.1199999999999,0.0020343200867161126,0,0,0,0
2016-05-24,7981,7913.6700000000001,7995.5799999999999,-0.0018235074878870661,7981,7913.6700000000001,7995.5799999999999,-0.0018235074878870661,0,0,0,0
2016-05-25,7965.7399999999998,7889.7299999999996,7913.6700000000001,0.0065797537678471407,7965.7399999999998,7889.7299999999996,7913.6700000000001,0.0065797537678471407,0,0,0,0
2016-05-26,7864.0299999999997,7929.46,7889.7299999999996,-0.0032573991758906296,7864.0299999999997,7929.46,7889.7299999999996,-0.0032573991758906296,0,0,0,0
2016-05-27,7904.7600000000002,7912.8599999999997,7929.46,-0.0031149662145971702,7904.7600000000002,7912.8599999999997,7929.46,-0.0031149662145971702,0,0,0,0
2016-05-30,7863.3100000000004,7867.5900000000001,7912.8599999999997,-0.0062619583816723168,7863.3100000000004,7867.5900000000001,7912.8599999999997,-0.0062619583816723168,0,0,0,0
2016-05-31,7872.3100000000004,8197.5499999999993,7867.5900000000001,0.00059992958453602974,7872.3100000000004,8197.5499999999993,7867.5900000000001,0.00059992958453602974,0,0,0,0
2016-06-01,8207.25,8270.5100000000002,8197.5499999999993,0.0011832803703546446,8207.25,8270.5100000000002,8197.5499999999993,0.0011832803703546446,0,0,0,0
2016-06-02,8261.6000000000004,8369.4300000000003,8270.5100000000002,-0.0010773217129294022,8261.6000000000004,8369.4300000000003,8270.5100000000002,-0.0010773217129294022,0,0,0,0
2016-06-03,8370.7800000000007,8391.7600000000002,8369.4300000000003,0.00016130130725744429,8370.7800000000007,8391.7600000000002,8369.4300000000003,0.00016130130725744429,0,0,0,0
2016-06-06,8418.3299999999999,8422.4699999999993,8391.7600000000002,0.0031662011306328175,8418.3299999999999,8422.4699999999993,8391.7600000000002,0.0031662011306328175,0,0,0,0
2016-06-07,8421.6100000000006,8434.6599999999999,8422.4699999999993,-0.00010210781397845814,8421.6100000000006,8434.6599999999999,8422.4699999999993,-0.00010210781397845814,0,0,0,0
2016-06-08,8417.75,8431.8899999999994,8434.6599999999999,-0.0020048229567047882,8417.75,8431.8899999999994,8434.6599999999999,-0.0020048229567047882,0,0,0,0
2016-06-13,8307.1800000000003,8000.8100000000004,8431.8899999999994,-0.014790278336173635,8307.1800000000003,8000.8100000000004,8431.8899999999994,-0.014790278336173635,0,0,0,0
2016-06-14,7957.9300000000003,8038.5799999999999,8000.8100000000004,-0.0053594573549428093,7957.9300000000003,8038.5799999999999,8000.8100000000004,-0.0053594573549428093,0,0,0,0
2016-06-15,7948.1800000000003,8340.5300000000007,8038.5799999999999,-0.011245767287257125,7948.1800000000003,8340.5300000000007,8038.5799999999999,-0.011245767287257125,0,0,0,0
2016-06-16,8339.8099999999995,8358.0300000000007,8340.5300000000007,-8.6325449342061766e-05,8339.8099999999995,8358.0300000000007,8340.5300000000007,-8.6325449342061766e-05,0,0,0,0
2016-06-17,8374.0699999999997,8414.5,8358.0300000000007,0.0019191125181410307,8374.0699999999997,8414.5,8358.0300000000007,0.0019191125181410307,0,0,0,0
2016-06-20,8417.3500000000004,8457.9300000000003,8414.5,0.00033870105175592968,8417.3500000000004,8457.9300000000003,8414.5,0.00033870105175592968,0,0,0,0
2016-06-21,8510.75,8350.7600000000002,8457.9300000000003,0.0062450268564531175,8510.75,8350.7600000000002,8457.9300000000003,0.0062450268564531175,0,0,0,0
2016-06-22,8323.8700000000008,8513.5400000000009,8350.7600000000002,-0.0032200661975675393,8323.8700000000008,8513.5400000000009,8350.7600000000002,-0.0032200661975675393,0,0,0,0
2016-06-23,8510.8400000000001,8495.7800000000007,8513.5400000000009,-0.00031714187047937603,8510.8400000000001,8495.7800000000007,8513.5400000000009,-0.00031714187047937603,0,0,0,0
2016-06-24,8477.0300000000007,8428.8199999999997,8495.7800000000007,-0.0022069780526331462,8477.0300000000007,8428.8199999999997,8495.7800000000007,-0.0022069780526331462,0,0,0,0
2016-06-27,8360.5200000000004,8646.1599999999999,8428.8199999999997,-0.0081031508562289245,8360.5200000000004,8646.1599999999999,8428.8199999999997,-0.0081031508562289245,0,0,0,0
2016-06-28,8616.0699999999997,8730.1900000000005,8646.1599999999999,-0.0034801576653682442,8616.0699999999997,8730.1900000000005,8646.1599999999999,-0.0034801576653682442,0,0,0,0
2016-06-29,8758.7000000000007,8745.8099999999995,8730.1900000000005,0.0032656792120218103,8758.7000000000007,8745.8099999999995,8730.1900000000005,0.0032656792120218103,0,0,0,0
2016-06-30,8753.8400000000001,8741.0900000000001,8745.8099999999995,0.0009181539502916003,8753.8400000000001,8741.0900000000001,8745.8099999999995,0.0009181539502916003,0,0,0,0
2016-07-01,8747.7800000000007,8710.5100000000002,8741.0900000000001,0.00076535077433148579,8747.7800000000007,8710.5100000000002,8741.0900000000001,0.00076535077433148579,0,0,0,0
2016-07-04,8661.2700000000004,8874.0699999999997,8710.5100000000002,-0.0056529411021857268,8661.2700000000004,8874.0699999999997,8710.5100000000002,-0.0056529411021857268,0,0,0,0
2016-07-05,8886.5100000000002,8914.8400000000001,8874.0699999999997,0.0014018370375712408,8886.5100000000002,8914.8400000000001,8874.0699999999997,0.0014018370375712408,0,0,0,0
2016-07-06,8885.3299999999999,8947.1299999999992,8914.8400000000001,-0.003310210839454264,8885.3299999999999,8947.1299999999992,8914.8400000000001,-0.003310210839454264,0,0,0,0
2016-07-07,8942.9899999999998,8954.2700000000004,8947.1299999999992,-0.00046271821243226707,8942.9899999999998,8954.2700000000004,8947.1299999999992,-0.00046271821243226707,0,0,0,0
2016-07-08,8941.4899999999998,8939.25,8954.2700000000004,-0.0014272520261283672,8941.4899999999998,8939.25,8954.2700000000004,-0.0014272520261283672,0,0,0,0
2016-07-11,8953.8600000000006,8874.9899999999998,8939.25,0.001634365299102436,8953.8600000000006,8874.9899999999998,8939.25,0.001634365299102436,0,0,0,0
2016-07-12,8862.3600000000006,8943.0599999999995,8874.9899999999998,-0.0014231001950424371,8862.3600000000006,8943.0599999999995,8874.9899999999998,-0.0014231001950424371,0,0,0,0
2016-07-13,8963.4300000000003,9023.2299999999996,8943.0599999999995,0.0022777438594845378,8963.4300000000003,9023.2299999999996,8943.0599999999995,0.0022777438594845378,0,0,0,0
2016-07-14,9011.3899999999994,9042.7600000000002,9023.2299999999996,-0.0013121687023383011,9011.3899999999994,9042.7600000000002,9023.2299999999996,-0.0013121687023383011,0,0,0,0
2016-07-15,9039.8700000000008,8982.8799999999992,9042.7600000000002,-0.00031959269072712182,9039.8700000000008,8982.8799999999992,9042.7600000000002,-0.00031959269072712182,0,0,0,0
2016-07-18,8962.9599999999991,8937.8500000000004,8982.8799999999992,-0.0022175516092834968,8962.9599999999991,8937.8500000000004,8982.8799999999992,-0.0022175516092834968,0,0,0,0
2016-07-19,8928.6399999999994,8996.8299999999999,8937.8500000000004,-0.0010304491572359353,8928.6399999999994,8996.8299999999999,8937.8500000000004,-0.0010304491572359353,0,0,0,0
2016-07-20,8999.1100000000006,8997.8899999999994,8996.8299999999999,0.00025342259440286341,8999.1100000000006,8997.8899999999994,8996.8299999999999,0.00025342259440286341,0,0,0,0
2016-07-21,8991.3199999999997,9007.5499999999993,8997.8899999999994,-0.00073017118457763264,8991.3199999999997,9007.5499999999993,8997.8899999999994,-0.00073017118457763264,0,0,0,0
2016-07-22,9002.0900000000001,8931.9599999999991,9007.5499999999993,-0.0006061581673151295,9002.0900000000001,8931.9599999999991,9007.5499999999993,-0.0006061581673151295,0,0,0,0
2016-07-25,8911.9300000000003,8925.3400000000001,8931.9599999999991,-0.0022425089230133644,8911.9300000000003,8925.3400000000001,8931.9599999999991,-0.0022425089230133644,0,0,0,0
2016-07-26,8922.75,9035.5499999999993,8925.3400000000001,-0.00029018502376376709,8922.75,9035.5499999999993,8925.3400000000001,-0.00029018502376376709,0,0,0,0
2016-07-27,9037.4899999999998,8602.9200000000001,9035.5499999999993,0.00021470746108431804,9037.4899999999998,8602.9200000000001,9035.5499999999993,0.00021470746108431804,0,0,0,0
2016-07-28,8580.0799999999999,8571.5599999999995,8602.9200000000001,-0.0026549125180752586,8580.0799999999999,8571.5599999999995,8602.9200000000001,-0.0026549125180752586,0,0,0,0
2016-07-29,8565.25,8501.0900000000001,8571.5599999999995,-0.00073615537895077576,8565.25,8501.0900000000001,8571.5599999999995,-0.00073615537895077576,0,0,0,0
2016-08-01,8462.8999999999996,8363.6100000000006,8501.0900000000001,-0.0044923650967111373,8462.8999999999996,8363.6100000000006,8501.0900000000001,-0.0044923650967111373,0,0,0,0
2016-08-02,8353.4200000000001,8445.7800000000007,8363.6100000000006,-0.0012183734057422679,8353.4200000000001,8445.7800000000007,8363.6100000000006,-0.0012183734057422679,0,0,0,0
2016-08-03,8431.5100000000002,8482.1900000000005,8445.7800000000007,-0.0016896011972843406,8431.5100000000002,8482.1900000000005,8445.7800000000007,-0.0016896011972843406,0,0,0,0
2016-08-04,8474.2600000000002,8553,8482.1900000000005,-0.00093490006708174533,8474.2600000000002,8553,8482.1900000000005,-0.00093490006708174533,0,0,0,0
2016-08-05,8545.8500000000004,8505.3600000000006,8553,-0.00083596398924346005,8545.8500000000004,8505.3600000000006,8553,-0.00083596398924346005,0,0,0,0
2016-08-08,8480.7900000000009,8607.3899999999994,8505.3600000000006,-0.0028887666130533729,8480.7900000000009,8607.3899999999994,8505.3600000000006,-0.0028887666130533729,0,0,0,0
2016-08-09,8601.8299999999999,8699.3799999999992,8607.3899999999994,-0.00064595655593613355,8601.8299999999999,8699.3799999999992,8607.3899999999994,-0.00064595655593613355,0,0,0,0
2016-08-10,8694.3799999999992,8671.7700000000004,8699.3799999999992,-0.00057475360313030688,8694.3799999999992,8671.7700000000004,8699.3799999999992,-0.00057475360313030688,0,0,0,0
2016-08-11,8647.1100000000006,8531.6900000000005,8671.7700000000004,-0.0028437101076250748,8647.1100000000006,8531.6900000000005,8671.7700000000004,-0.0028437101076250748,0,0,0,0
2016-08-12,8515.5100000000002,8615.0499999999993,8531.6900000000005,-0.0018964589665119158,8515.5100000000002,8615.0499999999993,8531.6900000000005,-0.0018964589665119158,0,0,0,0
2016-08-15,8628.6299999999992,8807.8299999999999,8615.0499999999993,0.001576311222801996,8628.6299999999992,8807.8299999999999,8615.0499999999993,0.001576311222801996,0,0,0,0
2016-08-16,8813.2000000000007,8877.0599999999995,8807.8299999999999,0.00060968479182732516,8813.2000000000007,8877.0599999999995,8807.8299999999999,0.00060968479182732516,0,0,0,0
2016-08-17,8867.4500000000007,8911.7399999999998,8877.0599999999995,-0.0010825656242042792,8867.4500000000007,8911.7399999999998,8877.0599999999995,-0.0010825656242042792,0,0,0,0
2016-08-18,8899.1800000000003,8908.3299999999999,8911.7399999999998,-0.0014093768444769506,8899.1800000000003,8908.3299999999999,8911.7399999999998,-0.0014093768444769506,0,0,0,0
2016-08-19,8895.2900000000009,8923.3600000000006,8908.3299999999999,-0.0014637984897279965,8895.2900000000009,8923.3600000000006,8908.3299999999999,-0.0014637984897279965,0,0,0,0
2016-08-22,8921.9099999999999,8810.8400000000001,8923.3600000000006,-0.00016249484499120115,8921.9099999999999,8810.8400000000001,8923.3600000000006,-0.00016249484499120115,0,0,0,0
2016-08-23,8796.5,8820.2099999999991,8810.8400000000001,-0.0016275406204175891,8796.5,8820.2099999999991,8810.8400000000001,-0.0016275406204175891,0,0,0,0
2016-08-24,8824.7099999999991,8850.5100000000002,8820.2099999999991,0.00051019193420565045,8824.7099999999991,8850.5100000000002,8820.2099999999991,0.00051019193420565045,0,0,0,0
2016-08-25,8799.7600000000002,8784.5799999999999,8850.5100000000002,-0.0057341328352829013,8799.7600000000002,8784.5799999999999,8850.5100000000002,-0.0057341328352829013,0,0,0,0
2016-08-26,8799.4899999999998,8814.4599999999991,8784.5799999999999,0.0016972923008271579,8799.4899999999998,8814.4599999999991,8784.5799999999999,0.0016972923008271579,0,0,0,0
2016-08-29,8808.7299999999996,8836.9899999999998,8814.4599999999991,-0.00065006818341672989,8808.7299999999996,8836.9899999999998,8814.4599999999991,-0.00065006818341672989,0,0,0,0
2016-08-30,8842.4099999999999,8838.4599999999991,8836.9899999999998,0.00061333100976690424,8842.4099999999999,8838.4599999999991,8836.9899999999998,0.00061333100976690424,0,0,0,0
2016-08-31,8833.2000000000007,8838.3799999999992,8838.4599999999991,-0.00059512630028291102,8833.2000000000007,8838.3799999999992,8838.4599999999991,-0.00059512630028291102,0,0,0,0
2016-09-01,8831.6000000000004,8770.75,8838.3799999999992,-0.00076710890457287739,8831.6000000000004,8770.75,8838.3799999999992,-0.00076710890457287739,0,0,0,0
2016-09-02,8750.9300000000003,8724.9400000000005,8770.75,-0.0022597839409400633,8750.9300000000003,8724.9400000000005,8770.75,-0.0022597839409400633,0,0,0,0
2016-09-05,8743.7399999999998,8761.9599999999991,8724.9400000000005,0.0021547426114103541,8743.7399999999998,8761.9599999999991,8724.9400000000005,0.0021547426114103541,0,0,0,0
2016-09-06,8761.4099999999999,8906.8600000000006,8761.9599999999991,-6.2771343397938217e-05,8761.4099999999999,8906.8600000000006,8761.9599999999991,-6.2771343397938217e-05,0,0,0,0
2016-09-07,8908.5,8897.7900000000009,8906.8600000000006,0.0001841277397420793,8908.5,8897.7900000000009,8906.8600000000006,0.0001841277397420793,0,0,0,0
2016-09-08,8888.0100000000002,8938.4300000000003,8897.7900000000009,-0.0010991493393304186,8888.0100000000002,8938.4300000000003,8897.7900000000009,-0.0010991493393304186,0,0,0,0
2016-09-09,8934.2700000000004,8872.3099999999995,8938.4300000000003,-0.0004654061171815993,8934.2700000000004,8872.3099999999995,8938.4300000000003,-0.0004654061171815993,0,0,0,0
2016-09-12,8705.7399999999998,8587.3899999999994,8872.3099999999995,-0.018774141119956345,8705.7399999999998,8587.3899999999994,8872.3099999999995,-0.018774141119956345,0,0,0,0
2016-09-13,8635.5699999999997,8656.6800000000003,8587.3899999999994,0.0056105522166804978,8635.5699999999997,8656.6800000000003,8587.3899999999994,0.0056105522166804978,0,0,0,0
2016-09-14,8612.6900000000005,8618.1399999999994,8656.6800000000003,-0.0050816248261458252,8612.6900000000005,8618.1399999999994,8656.6800000000003,-0.0050816248261458252,0,0,0,0
2016-09-19,8630.6399999999994,8716.4799999999996,8618.1399999999994,0.0014504289788748181,8630.6399999999994,8716.4799999999996,8618.1399999999994,0.0014504289788748181,0,0,0,0
2016-09-20,8721.3799999999992,8712.2800000000007,8716.4799999999996,0.00056215352986521694,8721.3799999999992,8712.2800000000007,8716.4799999999996,0.00056215352986521694,0,0,0,0
2016-09-21,8705.25,8731.9899999999998,8712.2800000000007,-0.00080690703237273897,8705.25,8731.9899999999998,8712.2800000000007,-0.00080690703237273897,0,0,0,0
2016-09-22,8779.8799999999992,8770.0900000000001,8731.9899999999998,0.0054844313839113035,8779.8799999999992,8770.0900000000001,8731.9899999999998,0.0054844313839113035,0,0,0,0
2016-09-23,8773.8999999999996,8729.6100000000006,8770.0900000000001,0.00043443111758256769,8773.8999999999996,8729.6100000000006,8770.0900000000001,0.00043443111758256769,0,0,0,0
2016-09-26,8711.8799999999992,8544.1700000000001,8729.6100000000006,-0.0020310185678399373,8711.8799999999992,8544.1700000000001,8729.6100000000006,-0.0020310185678399373,0,0,0,0
2016-09-27,8521.0100000000002,8604.0900000000001,8544.1700000000001,-0.0027106202240826383,8521.0100000000002,8604.0900000000001,8544.1700000000001,-0.0027106202240826383,0,0,0,0
2016-09-28,8604.2299999999996,8592.1200000000008,8604.0900000000001,1.6271331424899671e-05,8604.2299999999996,8592.1200000000008,8604.0900000000001,1.6271331424899671e-05,0,0,0,0
2016-09-29,8597.2900000000009,8618.6000000000004,8592.1200000000008,0.00060171412875975605,8597.2900000000009,8618.6000000000004,8592.1200000000008,0.00060171412875975605,0,0,0,0
2016-09-30,8607.9699999999993,8661.0100000000002,8618.6000000000004,-0.0012333789710626819,8607.9699999999993,8661.0100000000002,8618.6000000000004,-0.0012333789710626819,0,0,0,0
2016-10-10,8699.7000000000007,8842.8099999999995,8661.0100000000002,0.0044671464413503781,8699.7000000000007,8842.8099999999995,8661.0100000000002,0.0044671464413503781,0,0,0,0
2016-10-11,8845.2199999999993,8903.4500000000007,8842.8099999999995,0.00027253780189773202,8845.2199999999993,8903.4500000000007,8842.8099999999995,0.00027253780189773202,0,0,0,0
2016-10-12,8879.6599999999999,8915.4400000000005,8903.4500000000007,-0.0026719979333854615,8879.6599999999999,8915.4400000000005,8903.4500000000007,-0.0026719979333854615,0,0,0,0
2016-10-13,8914.5599999999995,8929.5100000000002,8915.4400000000005,-9.8705167664303595e-05,8914.5599999999995,8929.5100000000002,8915.4400000000005,-9.8705167664303595e-05,0,0,0,0
2016-10-14,8913.7399999999998,8913.6900000000005,8929.5100000000002,-0.0017660543523665417,8913.7399999999998,8913.6900000000005,8929.5100000000002,-0.0017660543523665417,0,0,0,0
2016-10-17,8922.1299999999992,8832.0900000000001,8913.6900000000005,0.00094685814741124474,8922.1299999999992,8832.0900000000001,8913.6900000000005,0.00094685814741124474,0,0,0,0
2016-10-18,8822.7800000000007,8966.6900000000005,8832.0900000000001,-0.0010541106351950047,8822.7800000000007,8966.6900000000005,8832.0900000000001,-0.0010541106351950047,0,0,0,0
2016-10-19,8976.8400000000001,8954.2000000000007,8966.6900000000005,0.0011319673145830933,8976.8400000000001,8954.2000000000007,8966.6900000000005,0.0011319673145830933,0,0,0,0
2016-10-20,8957.4699999999993,8995.4099999999999,8954.2000000000007,0.00036519175359028822,8957.4699999999993,8995.4099999999999,8954.2000000000007,0.00036519175359028822,0,0,0,0
2016-10-21,8987.2399999999998,8943.0100000000002,8995.4099999999999,-0.00090824098067787684,8987.2399999999998,8943.0100000000002,8995.4099999999999,-0.00090824098067787684,0,0,0,0
2016-10-24,8940.5400000000009,9000.7000000000007,8943.0100000000002,-0.00027619336219009138,8940.5400000000009,9000.7000000000007,8943.0100000000002,-0.00027619336219009138,0,0,0,0
2016-10-25,9003.3799999999992,9039.4799999999996,9000.7000000000007,0.0002977546190849889,9003.3799999999992,9039.4799999999996,9000.7000000000007,0.0002977546190849889,0,0,0,0
2016-10-26,9041.9300000000003,9000.7600000000002,9039.4799999999996,0.00027103328952549077,9041.9300000000003,9000.7600000000002,9039.4799999999996,0.00027103328952549077,0,0,0,0
2016-10-27,8989.6900000000005,8997.0100000000002,9000.7600000000002,-0.0012298961421035592,8989.6900000000005,8997.0100000000002,9000.7600000000002,-0.0012298961421035592,0,0,0,0
2016-10-28,8988.2199999999993,8914.6100000000006,8997.0100000000002,-0.00097699124486927413,8988.2199999999993,8914.6100000000006,8997.0100000000002,-0.00097699124486927413,0,0,0,0
2016-10-31,8893.2900000000009,8910.5,8914.6100000000006,-0.0023915796652910215,8893.2900000000009,8910.5,8914.6100000000006,-0.0023915796652910215,0,0,0,0
2016-11-01,8914.6800000000003,9006.7800000000007,8910.5,0.00046910947758260768,8914.6800000000003,9006.7800000000007,8910.5,0.00046910947758260768,0,0,0,0
2016-11-02,8990.4599999999991,8946.7399999999998,9006.7800000000007,-0.0018119683172012069,8990.4599999999991,8946.7399999999998,9006.7800000000007,-0.0018119683172012069,0,0,0,0
2016-11-03,8922.0400000000009,9004.8500000000004,8946.7399999999998,-0.0027607821396395948,8922.0400000000009,9004.8500000000004,8946.7399999999998,-0.0027607821396395948,0,0,0,0
2016-11-04,9000.4799999999996,8979.9200000000001,9004.8500000000004,-0.00048529403599184562,9000.4799999999996,8979.9200000000001,9004.8500000000004,-0.00048529403599184562,0,0,0,0
2016-11-07,8981.4200000000001,8975.5599999999995,8979.9200000000001,0.0001670393500163847,8981.4200000000001,8975.5599999999995,8979.9200000000001,0.0001670393500163847,0,0,0,0
2016-11-08,8996.8999999999996,9030.7299999999996,8975.5599999999995,0.0023775675278199238,8996.8999999999996,9030.7299999999996,8975.5599999999995,0.0023775675278199238,0,0,0,0
2016-11-09,9027.9400000000005,8967.5900000000001,9030.7299999999996,-0.00030894512403745189,9027.9400000000005,8967.5900000000001,9030.7299999999996,-0.00030894512403745189,0,0,0,0
2016-11-10,9028.6700000000001,9083.8400000000001,8967.5900000000001,0.0068111945349864644,9028.6700000000001,9083.8400000000001,8967.5900000000001,0.0068111945349864644,0,0,0,0
2016-11-11,9080.4300000000003,9121.5,9083.8400000000001,-0.00037539190474511486,9080.4300000000003,9121.5,9083.8400000000001,-0.00037539190474511486,0,0,0,0
2016-11-14,9105.9200000000001,9152.1599999999999,9121.5,-0.0017080524036616751,9105.9200000000001,9152.1599999999999,9121.5,-0.0017080524036616751,0,0,0,0
2016-11-15,9152.1800000000003,9197.8600000000006,9152.1599999999999,2.1852764813257153e-06,9152.1800000000003,9197.8600000000006,9152.1599999999999,2.1852764813257153e-06,0,0,0,0
2016-11-16,9208.4899999999998,9211.9400000000005,9197.8600000000006,0.0011557036093177153,9208.4899999999998,9211.9400000000005,9197.8600000000006,0.0011557036093177153,0,0,0,0
2016-11-17,9197.9200000000001,9174.4300000000003,9211.9400000000005,-0.0015219378328561461,9197.9200000000001,9174.4300000000003,9211.9400000000005,-0.0015219378328561461,0,0,0,0
2016-11-18,9176.3299999999999,9146.2099999999991,9174.4300000000003,0.0002070973346572913,9176.3299999999999,9146.2099999999991,9174.4300000000003,0.0002070973346572913,0,0,0,0
2016-11-21,9138.0499999999993,9167.4899999999998,9146.2099999999991,-0.00089217282349740579,9138.0499999999993,9167.4899999999998,9146.2099999999991,-0.00089217282349740579,0,0,0,0
2016-11-22,9176.5499999999993,9244.2099999999991,9167.4899999999998,0.00098827487131147862,9176.5499999999993,9244.2099999999991,9167.4899999999998,0.00098827487131147862,0,0,0,0
2016-11-23,9250.0400000000009,9180.0100000000002,9244.2099999999991,0.00063066503249076256,9250.0400000000009,9180.0100000000002,9244.2099999999991,0.00063066503249076256,0,0,0,0
2016-11-24,9166.5699999999997,9116.5599999999995,9180.0100000000002,-0.0014640506927553476,9166.5699999999997,9116.5599999999995,9180.0100000000002,-0.0014640506927553476,0,0,0,0
2016-11-25,9109.1599999999999,9134.8099999999995,9116.5599999999995,-0.0008117096799669099,9109.1599999999999,9134.8099999999995,9116.5599999999995,-0.0008117096799669099,0,0,0,0
2016-11-28,9148.9599999999991,9133.9099999999999,9134.8099999999995,0.0015490196293079794,9148.9599999999991,9133.9099999999999,9134.8099999999995,0.0015490196293079794,0,0,0,0
2016-11-29,9120.5900000000001,9031.2900000000009,9133.9099999999999,-0.0014583020853062845,9120.5900000000001,9031.2900000000009,9133.9099999999999,-0.0014583020853062845,0,0,0,0
2016-11-30,9013.1399999999994,9014.9099999999999,9031.2900000000009,-0.0020096796803116268,9013.1399999999994,9014.9099999999999,9031.2900000000009,-0.0020096796803116268,0,0,0,0
2016-12-01,9021.9599999999991,9055.9799999999996,9014.9099999999999,0.00078203775744833948,9021.9599999999991,9055.9799999999996,9014.9099999999999,0.00078203775744833948,0,0,0,0
2016-12-02,9056.0100000000002,8900.4099999999999,9055.9799999999996,3.3127281642286732e-06,9056.0100000000002,8900.4099999999999,9055.9799999999996,3.3127281642286732e-06,0,0,0,0
2016-12-05,8818.6100000000006,8851.5100000000002,8900.4099999999999,-0.0091905878493236948,8818.6100000000006,8851.5100000000002,8900.4099999999999,-0.0091905878493236948,0,0,0,0
2016-12-06,8865.3400000000001,8871.7199999999993,8851.5100000000002,0.0015624452776983322,8865.3400000000001,8871.7199999999993,8851.5100000000002,0.0015624452776983322,0,0,0,0
2016-12-07,8870.2999999999993,8969.1299999999992,8871.7199999999993,-0.00016005915425643114,8870.2999999999993,8969.1299999999992,8871.7199999999993,-0.00016005915425643114,0,0,0,0
2016-12-08,8973.0900000000001,8914.5100000000002,8969.1299999999992,0.00044151439437278839,8973.0900000000001,8914.5100000000002,8969.1299999999992,0.00044151439437278839,0,0,0,0
2016-12-09,8903.7399999999998,8881.3400000000001,8914.5100000000002,-0.0012081426797435624,8903.7399999999998,8881.3400000000001,8914.5100000000002,-0.0012081426797435624,0,0,0,0
2016-12-12,8875.5900000000001,8397.4799999999996,8881.3400000000001,-0.00064742482553303837,8875.5900000000001,8397.4799999999996,8881.3400000000001,-0.00064742482553303837,0,0,0,0
2016-12-13,8371.3600000000006,8433.5799999999999,8397.4799999999996,-0.0031104569466077203,8371.3600000000006,8433.5799999999999,8397.4799999999996,-0.0031104569466077203,0,0,0,0
2016-12-14,8416.9799999999996,8378.0499999999993,8433.5799999999999,-0.0019683218751704867,8416.9799999999996,8378.0499999999993,8433.5799999999999,-0.0019683218751704867,0,0,0,0
2016-12-15,8347.6000000000004,8467.7000000000007,8378.0499999999993,-0.0036344972875548276,8347.6000000000004,8467.7000000000007,8378.0499999999993,-0.0036344972875548276,0,0,0,0
2016-12-16,8470.5300000000007,8559.9899999999998,8467.7000000000007,0.00033421117895060526,8470.5300000000007,8559.9899999999998,8467.7000000000007,0.00033421117895060526,0,0,0,0
2016-12-19,8554.9599999999991,8551.3199999999997,8559.9899999999998,-0.00058761750889901876,8554.9599999999991,8551.3199999999997,8559.9899999999998,-0.00058761750889901876,0,0,0,0
2016-12-20,8543.8700000000008,8546.1900000000005,8551.3199999999997,-0.00087121052656180531,8543.8700000000008,8546.1900000000005,8551.3199999999997,-0.00087121052656180531,0,0,0,0
2016-12-21,8558.2800000000007,8609.3999999999996,8546.1900000000005,0.0014146654825133442,8558.2800000000007,8609.3999999999996,8546.1900000000005,0.0014146654825133442,0,0,0,0
2016-12-22,8602.3500000000004,8607.9400000000005,8609.3999999999996,-0.0008188723952887722,8602.3500000000004,8607.9400000000005,8609.3999999999996,-0.0008188723952887722,0,0,0,0
2016-12-23,8602.6599999999999,8509.3600000000006,8607.9400000000005,-0.00061338717509651364,8602.6599999999999,8509.3600000000006,8607.9400000000005,-0.00061338717509651364,0,0,0,0
2016-12-26,8472.4400000000005,8547.0900000000001,8509.3600000000006,-0.0043387516805024617,8472.4400000000005,8547.0900000000001,8509.3600000000006,-0.0043387516805024617,0,0,0,0
2016-12-27,8541,8555.9899999999998,8547.0900000000001,-0.00071252320965387028,8541,8555.9899999999998,8547.0900000000001,-0.00071252320965387028,0,0,0,0
2016-12-28,8551.2199999999993,8521.3700000000008,8555.9899999999998,-0.000557504157905786,8551.2199999999993,8521.3700000000008,8555.9899999999998,-0.000557504157905786,0,0,0,0
2016-12-29,8505.4500000000007,8488.2900000000009,8521.3700000000008,-0.0018682441907815761,8505.4500000000007,8488.2900000000009,8521.3700000000008,-0.0018682441907815761,0,0,0,0
2016-12-30,8487.1499999999996,8490.8600000000006,8488.2900000000009,-0.00013430266873559749,8487.1499999999996,8490.8600000000006,8488.2900000000009,-0.00013430266873559749,0,0,0,0
2017-01-03,8503.6599999999999,8565.1299999999992,8490.8600000000006,0.0015075033624389889,8503.6599999999999,8565.1299999999992,8490.8600000000006,0.0015075033624389889,0,0,0,0
2017-01-04,8567.2199999999993,8669.9400000000005,8565.1299999999992,0.00024401264195650363,8567.2199999999993,8669.9400000000005,8565.1299999999992,0.00024401264195650363,0,0,0,0
2017-01-05,8665.2199999999993,8670.7600000000002,8669.9400000000005,-0.00054440976523495443,8665.2199999999993,8670.7600000000002,8669.9400000000005,-0.00054440976523495443,0,0,0,0
2017-01-06,8661.6900000000005,8609.8899999999994,8670.7600000000002,-0.001046044406718627,8661.6900000000005,8609.8899999999994,8670.7600000000002,-0.001046044406718627,0,0,0,0
2017-01-09,8595.9099999999999,8653.8400000000001,8609.8899999999994,-0.0016237141241061126,8595.9099999999999,8653.8400000000001,8609.8899999999994,-0.0016237141241061126,0,0,0,0
2017-01-10,8646.0799999999999,8609.5499999999993,8653.8400000000001,-0.00089671174877281601,8646.0799999999999,8609.5499999999993,8653.8400000000001,-0.00089671174877281601,0,0,0,0
2017-01-11,8592.7399999999998,8519.8400000000001,8609.5499999999993,-0.0019524829985306802,8592.7399999999998,8519.8400000000001,8609.5499999999993,-0.0019524829985306802,0,0,0,0
2017-01-12,8509.5300000000007,8443.2600000000002,8519.8400000000001,-0.0012101166219082859,8509.5300000000007,8443.2600000000002,8519.8400000000001,-0.0012101166219082859,0,0,0,0
2017-01-13,8433.9899999999998,8286.2399999999998,8443.2600000000002,-0.0010979171552221167,8433.9899999999998,8286.2399999999998,8443.2600000000002,-0.0010979171552221167,0,0,0,0
2017-01-16,8263.1900000000005,7931.9499999999998,8286.2399999999998,-0.0027817200563825528,8263.1900000000005,7931.9499999999998,8286.2399999999998,-0.0027817200563825528,0,0,0,0
2017-01-17,7900.9200000000001,8028.6499999999996,7931.9499999999998,-0.003912026676920477,7900.9200000000001,8028.6499999999996,7931.9499999999998,-0.003912026676920477,0,0,0,0
2017-01-18,8009.5,7989.1400000000003,8028.6499999999996,-0.0023852079739432597,8009.5,7989.1400000000003,8028.6499999999996,-0.0023852079739432597,0,0,0,0
2017-01-19,7966.4700000000003,7955.3900000000003,7989.1400000000003,-0.0028376020447757888,7966.4700000000003,7955.3900000000003,7989.1400000000003,-0.0028376020447757888,0,0,0,0
2017-01-20,7945.1800000000003,8087.7700000000004,7955.3900000000003,-0.0012834065960311003,7945.1800000000003,8087.7700000000004,7955.3900000000003,-0.0012834065960311003,0,0,0,0
2017-01-23,8100.0299999999997,8169.1000000000004,8087.7700000000004,0.0015158690219922999,8100.0299999999997,8169.1000000000004,8087.7700000000004,0.0015158690219922999,0,0,0,0
2017-01-24,8160.7799999999997,8123.5799999999999,8169.1000000000004,-0.0010184720471043684,8160.7799999999997,8123.5799999999999,8169.1000000000004,-0.0010184720471043684,0,0,0,0
2017-01-25,8107.6599999999999,8150.5900000000001,8123.5799999999999,-0.0019597271153850571,8107.6599999999999,8150.5900000000001,8123.5799999999999,-0.0019597271153850571,0,0,0,0
2017-01-26,8157.0100000000002,8205.8700000000008,8150.5900000000001,0.00078767303962035129,8157.0100000000002,8205.8700000000008,8150.5900000000001,0.00078767303962035129,0,0,0,0
2017-02-03,8212.3999999999996,8182.2700000000004,8205.8700000000008,0.00079577180725487473,8212.3999999999996,8182.2700000000004,8205.8700000000008,0.00079577180725487473,0,0,0,0
2017-02-06,8181.8999999999996,8280,8182.2700000000004,-4.5219725088641027e-05,8181.8999999999996,8280,8182.2700000000004,-4.5219725088641027e-05,0,0,0,0
2017-02-07,8271.7600000000002,8282.3700000000008,8280,-0.00099516908212560207,8271.7600000000002,8282.3700000000008,8280,-0.00099516908212560207,0,0,0,0
2017-02-08,8267.7900000000009,8342.4300000000003,8282.3700000000008,-0.0017603656924286559,8267.7900000000009,8342.4300000000003,8282.3700000000008,-0.0017603656924286559,0,0,0,0
2017-02-09,8338,8410.2600000000002,8342.4300000000003,-0.00053102033819885097,8338,8410.2600000000002,8342.4300000000003,-0.00053102033819885097,0,0,0,0
2017-02-10,8404.5,8380.7800000000007,8410.2600000000002,-0.00068487775645464932,8404.5,8380.7800000000007,8410.2600000000002,-0.00068487775645464932,0,0,0,0
2017-02-13,8373.75,8432.9500000000007,8380.7800000000007,-0.00083882407126789627,8373.75,8432.9500000000007,8380.7800000000007,-0.00083882407126789627,0,0,0,0
2017-02-14,8427.6900000000005,8423.8299999999999,8432.9500000000007,-0.00062374376700924383,8427.6900000000005,8423.8299999999999,8432.9500000000007,-0.00062374376700924383,0,0,0,0
2017-02-15,8415.5699999999997,8344.0699999999997,8423.8299999999999,-0.00098055160182486389,8415.5699999999997,8344.0699999999997,8423.8299999999999,-0.00098055160182486389,0,0,0,0
2017-02-16,8333.8099999999995,8397.5599999999995,8344.0699999999997,-0.0012296157630509175,8333.8099999999995,8397.5599999999995,8344.0699999999997,-0.0012296157630509175,0,0,0,0
2017-02-17,8390.1200000000008,8324.4099999999999,8397.5599999999995,-0.00088597163938075596,8390.1200000000008,8324.4099999999999,8397.5599999999995,-0.00088597163938075596,0,0,0,0
2017-02-20,8318.2700000000004,8397.2399999999998,8324.4099999999999,-0.00073758981116978095,8318.2700000000004,8397.2399999999998,8324.4099999999999,-0.00073758981116978095,0,0,0,0
2017-02-21,8399.0400000000009,8479.6000000000004,8397.2399999999998,0.00021435614559073279,8399.0400000000009,8479.6000000000004,8397.2399999999998,0.00021435614559073279,0,0,0,0
2017-02-22,8477.7399999999998,8510.2999999999993,8479.6000000000004,-0.00021934996933825612,8477.7399999999998,8510.2999999999993,8479.6000000000004,-0.00021934996933825612,0,0,0,0
2017-02-23,8507.9500000000007,8512.7000000000007,8510.2999999999993,-0.00027613597640485654,8507.9500000000007,8512.7000000000007,8510.2999999999993,-0.00027613597640485654,0,0,0,0
2017-02-24,8500.6900000000005,8543.4400000000005,8512.7000000000007,-0.0014108332256511646,8500.6900000000005,8543.4400000000005,8512.7000000000007,-0.0014108332256511646,0,0,0,0
2017-02-27,8534.7199999999993,8476.8999999999996,8543.4400000000005,-0.0010206661485304691,8534.7199999999993,8476.8999999999996,8543.4400000000005,-0.0010206661485304691,0,0,0,0
2017-02-28,8470.4300000000003,8508.0799999999999,8476.8999999999996,-0.00076325071665339639,8470.4300000000003,8508.0799999999999,8476.8999999999996,-0.00076325071665339639,0,0,0,0
2017-03-01,8497.8899999999994,8526.4699999999993,8508.0799999999999,-0.0011976850241183223,8497.8899999999994,8526.4699999999993,8508.0799999999999,-0.0011976850241183223,0,0,0,0
2017-03-02,8529.5799999999999,8471.4400000000005,8526.4699999999993,0.00036474648946160926,8529.5799999999999,8471.4400000000005,8526.4699999999993,0.00036474648946160926,0,0,0,0
2017-03-03,8450.9699999999993,8505.4500000000007,8471.4400000000005,-0.0024163542443789154,8450.9699999999993,8505.4500000000007,8471.4400000000005,-0.0024163542443789154,0,0,0,0
2017-03-06,8513.2000000000007,8608.1499999999996,8505.4500000000007,0.00091118047839922056,8513.2000000000007,8608.1499999999996,8505.4500000000007,0.00091118047839922056,0,0,0,0
2017-03-07,8614.8500000000004,8624.4599999999991,8608.1499999999996,0.00077833216196276922,8614.8500000000004,8624.4599999999991,8608.1499999999996,0.00077833216196276922,0,0,0,0
2017-03-08,8622.1100000000006,8589.8700000000008,8624.4599999999991,-0.00027248082778497107,8622.1100000000006,8589.8700000000008,8624.4599999999991,-0.00027248082778497107,0,0,0,0
2017-03-09,8578.8799999999992,8535.5499999999993,8589.8700000000008,-0.0012794140074298133,8578.8799999999992,8535.5499999999993,8589.8700000000008,-0.0012794140074298133,0,0,0,0
2017-03-10,8526.5300000000007,8537.7800000000007,8535.5499999999993,-0.001056756740924536,8526.5300000000007,8537.7800000000007,8535.5499999999993,-0.001056756740924536,0,0,0,0
2017-03-13,8529.1700000000001,8598.5100000000002,8537.7800000000007,-0.0010084588733839661,8529.1700000000001,8598.5100000000002,8537.7800000000007,-0.0010084588733839661,0,0,0,0
2017-03-14,8604.7600000000002,8581.7099999999991,8598.5100000000002,0.00072687012052097266,8604.7600000000002,8581.7099999999991,8598.5100000000002,0.00072687012052097266,0,0,0,0
2017-03-15,8563.4599999999991,8574.0200000000004,8581.7099999999991,-0.0021266157910253547,8563.4599999999991,8574.0200000000004,8581.7099999999991,-0.0021266157910253547,0,0,0,0
2017-03-16,8582.9500000000007,8664.9799999999996,8574.0200000000004,0.0010415184475893735,8582.9500000000007,8664.9799999999996,8574.0200000000004,0.0010415184475893735,0,0,0,0
2017-03-17,8671.5200000000004,8603.8600000000006,8664.9799999999996,0.00075476227296555898,8671.5200000000004,8603.8600000000006,8664.9799999999996,0.00075476227296555898,0,0,0,0
2017-03-20,8594.7099999999991,8634.8400000000001,8603.8600000000006,-0.0010634761607001275,8594.7099999999991,8634.8400000000001,8603.8600000000006,-0.0010634761607001275,0,0,0,0
2017-03-21,8629.0599999999995,8639.5599999999995,8634.8400000000001,-0.00066938125083970679,8629.0599999999995,8639.5599999999995,8634.8400000000001,-0.00066938125083970679,0,0,0,0
2017-03-22,8604.6000000000004,8592.5,8639.5599999999995,-0.0040465023681760526,8604.6000000000004,8592.5,8639.5599999999995,-0.0040465023681760526,0,0,0,0
2017-03-23,8592.3299999999999,8590.9599999999991,8592.5,-1.9784695955760156e-05,8592.3299999999999,8590.9599999999991,8592.5,-1.9784695955760156e-05,0,0,0,0
2017-03-24,8583.9500000000007,8602.2900000000009,8590.9599999999991,-0.00081597400057720204,8583.9500000000007,8602.2900000000009,8590.9599999999991,-0.00081597400057720204,0,0,0,0
2017-03-27,8603.2199999999993,8586.9099999999999,8602.2900000000009,0.00010811074725425307,8603.2199999999993,8586.9099999999999,8602.2900000000009,0.00010811074725425307,0,0,0,0
2017-03-28,8579.0499999999993,8558.0699999999997,8586.9099999999999,-0.00091534673124560317,8579.0499999999993,8558.0699999999997,8586.9099999999999,-0.00091534673124560317,0,0,0,0
2017-03-29,8555.9799999999996,8488.2099999999991,8558.0699999999997,-0.00024421394076001857,8555.9799999999996,8488.2099999999991,8558.0699999999997,-0.00024421394076001857,0,0,0,0
2017-03-30,8471.2399999999998,8315.0400000000009,8488.2099999999991,-0.0019992436567897176,8471.2399999999998,8315.0400000000009,8488.2099999999991,-0.0019992436567897176,0,0,0,0
2017-03-31,8314.0799999999999,8339.1399999999994,8315.0400000000009,-0.0001154534433990273,8314.0799999999999,8339.1399999999994,8315.0400000000009,-0.0001154534433990273,0,0,0,0
2017-04-05,8369.3899999999994,8522.0100000000002,8339.1399999999994,0.003627472377247587,8369.3899999999994,8522.0100000000002,8339.1399999999994,0.003627472377247587,0,0,0,0
2017-04-06,8531.1900000000005,8543.6599999999999,8522.0100000000002,0.0010772106580489993,8531.1900000000005,8543.6599999999999,8522.0100000000002,0.0010772106580489993,0,0,0,0
2017-04-07,8539.1399999999994,8544.7399999999998,8543.6599999999999,-0.00052904727013958208,8539.1399999999994,8544.7399999999998,8543.6599999999999,-0.00052904727013958208,0,0,0,0
2017-04-10,8522.9099999999999,8449.1499999999996,8544.7399999999998,-0.0025547880918553867,8522.9099999999999,8449.1499999999996,8544.7399999999998,-0.0025547880918553867,0,0,0,0
2017-04-11,8432.4599999999991,8514.4300000000003,8449.1499999999996,-0.0019753466325015401,8432.4599999999991,8514.4300000000003,8449.1499999999996,-0.0019753466325015401,0,0,0,0
2017-04-12,8505.7000000000007,8444.3899999999994,8514.4300000000003,-0.0010253181951110912,8505.7000000000007,8444.3899999999994,8514.4300000000003,-0.0010253181951110912,0,0,0,0
2017-04-13,8429.7299999999996,8470.3099999999995,8444.3899999999994,-0.0017360638246219917,8429.7299999999996,8470.3099999999995,8444.3899999999994,-0.0017360638246219917,0,0,0,0
2017-04-14,8460.6299999999992,8345.6499999999996,8470.3099999999995,-0.0011428153160865095,8460.6299999999992,8345.6499999999996,8470.3099999999995,-0.0011428153160865095,0,0,0,0
2017-04-17,8309.7700000000004,8220.6499999999996,8345.6499999999996,-0.0042992457148334218,8309.7700000000004,8220.6499999999996,8345.6499999999996,-0.0042992457148334218,0,0,0,0
2017-04-18,8216.2000000000007,8136.3999999999996,8220.6499999999996,-0.00054131972532567296,8216.2000000000007,8136.3999999999996,8220.6499999999996,-0.00054131972532567296,0,0,0,0
2017-04-19,8101.79,8033.5,8136.3999999999996,-0.0042537240057026748,8101.79,8033.5,8136.3999999999996,-0.0042537240057026748,0,0,0,0
2017-04-20,8021.0600000000004,7987.6499999999996,8033.5,-0.0015485155909628068,8021.0600000000004,7987.6499999999996,8033.5,-0.0015485155909628068,0,0,0,0
2017-04-21,7984.4700000000003,7945.3900000000003,7987.6499999999996,-0.0003981145893973137,7984.4700000000003,7945.3900000000003,7987.6499999999996,-0.0003981145893973137,0,0,0,0
2017-04-24,7921.4099999999999,7698.2799999999997,7945.3900000000003,-0.003018102320968552,7921.4099999999999,7698.2799999999997,7945.3900000000003,-0.003018102320968552,0,0,0,0
2017-04-25,7699.9799999999996,7724,7698.2799999999997,0.00022082854871485758,7699.9799999999996,7724,7698.2799999999997,0.00022082854871485758,0,0,0,0
2017-04-26,7721.6599999999999,7751.9399999999996,7724,-0.00030295183842565798,7721.6599999999999,7751.9399999999996,7724,-0.00030295183842565798,0,0,0,0
2017-04-27,7737.0600000000004,7799.1199999999999,7751.9399999999996,-0.0019195195009248378,7737.0600000000004,7799.1199999999999,7751.9399999999996,-0.0019195195009248378,0,0,0,0
2017-04-28,7777.75,7842.0799999999999,7799.1199999999999,-0.0027400527238969907,7777.75,7842.0799999999999,7799.1199999999999,-0.0027400527238969907,0,0,0,0
2017-05-02,7831.4399999999996,7845.46,7842.0799999999999,-0.0013567828943341631,7831.4399999999996,7845.46,7842.0799999999999,-0.0013567828943341631,0,0,0,0
2017-05-03,7832.0100000000002,7830.6300000000001,7845.46,-0.0017143672901269724,7832.0100000000002,7830.6300000000001,7845.46,-0.0017143672901269724,0,0,0,0
2017-05-04,7804.7700000000004,7804.5799999999999,7830.6300000000001,-0.0033024162806823965,7804.7700000000004,7804.5799999999999,7830.6300000000001,-0.0033024162806823965,0,0,0,0
2017-05-05,7780.1400000000003,7700.2600000000002,7804.5799999999999,-0.0031314945839493458,7780.1400000000003,7700.2600000000002,7804.5799999999999,-0.0031314945839493458,0,0,0,0
2017-05-08,7679.1599999999999,7555.2799999999997,7700.2600000000002,-0.0027401672151330381,7679.1599999999999,7555.2799999999997,7700.2600000000002,-0.0027401672151330381,0,0,0,0
2017-05-09,7522.21,7602.96,7555.2799999999997,-0.0043770713990745058,7522.21,7602.96,7555.2799999999997,-0.0043770713990745058,0,0,0,0
2017-05-10,7597.7600000000002,7451.7700000000004,7602.96,-0.00068394414806860482,7597.7600000000002,7451.7700000000004,7602.96,-0.00068394414806860482,0,0,0,0
2017-05-11,7400.4099999999999,7387.1499999999996,7451.7700000000004,-0.0068923222267999185,7400.4099999999999,7387.1499999999996,7451.7700000000004,-0.0068923222267999185,0,0,0,0
2017-05-12,7368.0699999999997,7371.3000000000002,7387.1499999999996,-0.0025828634859180744,7368.0699999999997,7371.3000000000002,7387.1499999999996,-0.0025828634859180744,0,0,0,0
2017-05-15,7386.1999999999998,7391.6000000000004,7371.3000000000002,0.0020213530856156847,7386.1999999999998,7391.6000000000004,7371.3000000000002,0.0020213530856156847,0,0,0,0
2017-05-16,7377.7600000000002,7549.7600000000002,7391.6000000000004,-0.0018723956924076024,7377.7600000000002,7549.7600000000002,7391.6000000000004,-0.0018723956924076024,0,0,0,0
2017-05-17,7545.21,7570.4300000000003,7549.7600000000002,-0.00060266816428600212,7545.21,7570.4300000000003,7549.7600000000002,-0.00060266816428600212,0,0,0,0
2017-05-18,7509.3999999999996,7519.1899999999996,7570.4300000000003,-0.0080616292601609629,7509.3999999999996,7519.1899999999996,7570.4300000000003,-0.0080616292601609629,0,0,0,0
2017-05-19,7517.1300000000001,7510.1000000000004,7519.1899999999996,-0.000273965679813859,7517.1300000000001,7510.1000000000004,7519.1899999999996,-0.000273965679813859,0,0,0,0
2017-05-22,7500.5,7372.79,7510.1000000000004,-0.0012782785848390876,7500.5,7372.79,7510.1000000000004,-0.0012782785848390876,0,0,0,0
2017-05-23,7352.25,7138.2299999999996,7372.79,-0.0027859195772563794,7352.25,7138.2299999999996,7372.79,-0.0027859195772563794,0,0,0,0
2017-05-24,7099.2700000000004,7172.1400000000003,7138.2299999999996,-0.0054579356507143961,7099.2700000000004,7172.1400000000003,7138.2299999999996,-0.0054579356507143961,0,0,0,0
2017-05-25,7160.1599999999999,7232.6300000000001,7172.1400000000003,-0.0016703522240224533,7160.1599999999999,7232.6300000000001,7172.1400000000003,-0.0016703522240224533,0,0,0,0
2017-05-26,7224.8100000000004,7233.3299999999999,7232.6300000000001,-0.0010812111223718057,7224.8100000000004,7233.3299999999999,7232.6300000000001,-0.0010812111223718057,0,0,0,0
2017-05-31,7303.5799999999999,7212.6899999999996,7233.3299999999999,0.0097119860423899862,7303.5799999999999,7212.6899999999996,7233.3299999999999,0.0097119860423899862,0,0,0,0
2017-06-01,7191.6800000000003,7016.3000000000002,7212.6899999999996,-0.0029129215313564716,7191.6800000000003,7016.3000000000002,7212.6899999999996,-0.0029129215313564716,0,0,0,0
2017-06-02,6989.4399999999996,7094.4200000000001,7016.3000000000002,-0.0038282285535111704,6989.4399999999996,7094.4200000000001,7016.3000000000002,-0.0038282285535111704,0,0,0,0
2017-06-05,7102.4899999999998,7160.5200000000004,7094.4200000000001,0.0011375137079563391,7102.4899999999998,7160.5200000000004,7094.4200000000001,0.0011375137079563391,0,0,0,0
2017-06-06,7147.1700000000001,7197.6099999999997,7160.5200000000004,-0.0018643897370582696,7147.1700000000001,7197.6099999999997,7160.5200000000004,-0.0018643897370582696,0,0,0,0
2017-06-07,7194.6899999999996,7347.5900000000001,7197.6099999999997,-0.0004056902221709624,7194.6899999999996,7347.5900000000001,7197.6099999999997,-0.0004056902221709624,0,0,0,0
2017-06-08,7349.9200000000001,7342.4799999999996,7347.5900000000001,0.00031711078054152964,7349.9200000000001,7342.4799999999996,7347.5900000000001,0.00031711078054152964,0,0,0,0
2017-06-09,7331.5,7348.5200000000004,7342.4799999999996,-0.0014954075462241256,7331.5,7348.5200000000004,7342.4799999999996,-0.0014954075462241256,0,0,0,0
2017-06-12,7314.6599999999999,7246.71,7348.5200000000004,-0.0046077305362168808,7314.6599999999999,7246.71,7348.5200000000004,-0.0046077305362168808,0,0,0,0
2017-06-13,7234.2700000000004,7352.9700000000003,7246.71,-0.0017166410688436162,7234.2700000000004,7352.9700000000003,7246.71,-0.0017166410688436162,0,0,0,0
2017-06-14,7346.5200000000004,7362.8500000000004,7352.9700000000003,-0.00087719656138940394,7346.5200000000004,7362.8500000000004,7352.9700000000003,-0.00087719656138940394,0,0,0,0
2017-06-15,7350,7455.3800000000001,7362.8500000000004,-0.0017452481036556167,7350,7455.3800000000001,7362.8500000000004,-0.0017452481036556167,0,0,0,0
2017-06-16,7453.6000000000004,7442.9499999999998,7455.3800000000001,-0.00023875375903037455,7453.6000000000004,7442.9499999999998,7455.3800000000001,-0.00023875375903037455,0,0,0,0
2017-06-19,7435.25,7489.7600000000002,7442.9499999999998,-0.001034536037458289,7435.25,7489.7600000000002,7442.9499999999998,-0.001034536037458289,0,0,0,0
2017-06-20,7496.8800000000001,7503.8000000000002,7489.7600000000002,0.0009506312618827728,7496.8800000000001,7503.8000000000002,7489.7600000000002,0.0009506312618827728,0,0,0,0
2017-06-21,7510.0100000000002,7504.1899999999996,7503.8000000000002,0.000827580692449148,7510.0100000000002,7504.1899999999996,7503.8000000000002,0.000827580692449148,0,0,0,0
2017-06-22,7495.9099999999999,7371.96,7504.1899999999996,-0.0011033835763752942,7495.9099999999999,7371.96,7504.1899999999996,-0.0011033835763752942,0,0,0,0
2017-06-23,7355.75,7376.6599999999999,7371.96,-0.0021988724843867713,7355.75,7376.6599999999999,7371.96,-0.0021988724843867713,0,0,0,0
2017-06-26,7370.6099999999997,7462.0900000000001,7376.6599999999999,-0.00082015437881099995,7370.6099999999997,7462.0900000000001,7376.6599999999999,-0.00082015437881099995,0,0,0,0
2017-06-27,7461.3900000000003,7474.0299999999997,7462.0900000000001,-9.3807498971476555e-05,7461.3900000000003,7474.0299999999997,7462.0900000000001,-9.3807498971476555e-05,0,0,0,0
2017-06-28,7457.3599999999997,7423.46,7474.0299999999997,-0.0022303897629525338,7457.3599999999997,7423.46,7474.0299999999997,-0.0022303897629525338,0,0,0,0
2017-06-29,7424.96,7456.6700000000001,7423.46,0.00020206211119888629,7424.96,7456.6700000000001,7423.46,0.00020206211119888629,0,0,0,0
2017-06-30,7435.6999999999998,7465.7600000000002,7456.6700000000001,-0.0028122472900101725,7435.6999999999998,7465.7600000000002,7456.6700000000001,-0.0028122472900101725,0,0,0,0
2017-07-03,7468.1499999999996,7537.1000000000004,7465.7600000000002,0.00032012815841908626,7468.1499999999996,7537.1000000000004,7465.7600000000002,0.00032012815841908626,0,0,0,0
2017-07-04,7533.9799999999996,7523.6899999999996,7537.1000000000004,-0.00041395231587759707,7533.9799999999996,7523.6899999999996,7537.1000000000004,-0.00041395231587759707,0,0,0,0
2017-07-05,7520.8599999999997,7588.0799999999999,7523.6899999999996,-0.00037614521597784112,7520.8599999999997,7588.0799999999999,7523.6899999999996,-0.00037614521597784112,0,0,0,0
2017-07-06,7583.1400000000003,7601.7799999999997,7588.0799999999999,-0.0006510210751599077,7583.1400000000003,7601.7799999999997,7588.0799999999999,-0.0006510210751599077,0,0,0,0
2017-07-07,7585.3299999999999,7623.3800000000001,7601.7799999999997,-0.0021639668603932183,7585.3299999999999,7623.3800000000001,7601.7799999999997,-0.0021639668603932183,0,0,0,0
2017-07-10,7613.3100000000004,7577.8100000000004,7623.3800000000001,-0.0013209363825494869,7613.3100000000004,7577.8100000000004,7623.3800000000001,-0.0013209363825494869,0,0,0,0
2017-07-11,7566.3999999999996,7484.0500000000002,7577.8100000000004,-0.001505712072485399,7566.3999999999996,7484.0500000000002,7577.8100000000004,-0.001505712072485399,0,0,0,0
2017-07-12,7471.5600000000004,7474.3299999999999,7484.0500000000002,-0.0016688824900955579,7471.5600000000004,7474.3299999999999,7484.0500000000002,-0.0016688824900955579,0,0,0,0
2017-07-13,7463.2700000000004,7474.29,7474.3299999999999,-0.0014797312936409845,7463.2700000000004,7474.29,7474.3299999999999,-0.0014797312936409845,0,0,0,0
2017-07-14,7460.5200000000004,7433.1800000000003,7474.29,-0.0018423154573878886,7460.5200000000004,7433.1800000000003,7474.29,-0.0018423154573878886,0,0,0,0
2017-07-17,7405.9099999999999,7048.5299999999997,7433.1800000000003,-0.0036686855423924136,7405.9099999999999,7048.5299999999997,7433.1800000000003,-0.0036686855423924136,0,0,0,0
2017-07-18,7013.3100000000004,7109.6000000000004,7048.5299999999997,-0.0049967865640068165,7013.3100000000004,7109.6000000000004,7048.5299999999997,-0.0049967865640068165,0,0,0,0
2017-07-19,7097.54,7202.8000000000002,7109.6000000000004,-0.0016962979633172726,7097.54,7202.8000000000002,7109.6000000000004,-0.0016962979633172726,0,0,0,0
2017-07-20,7199.6700000000001,7244.8999999999996,7202.8000000000002,-0.00043455322929975004,7199.6700000000001,7244.8999999999996,7202.8000000000002,-0.00043455322929975004,0,0,0,0
2017-07-21,7232.8000000000002,7252.6999999999998,7244.8999999999996,-0.00167014037460822,7232.8000000000002,7252.6999999999998,7244.8999999999996,-0.00167014037460822,0,0,0,0
2017-07-24,7235.0100000000002,7292.6400000000003,7252.6999999999998,-0.0024390916486273229,7235.0100000000002,7292.6400000000003,7252.6999999999998,-0.0024390916486273229,0,0,0,0
2017-07-25,7281.3900000000003,7278.8400000000001,7292.6400000000003,-0.0015426512209569809,7281.3900000000003,7278.8400000000001,7292.6400000000003,-0.0015426512209569809,0,0,0,0
2017-07-26,7275.8699999999999,7289.8699999999999,7278.8400000000001,-0.00040803204906281199,7275.8699999999999,7289.8699999999999,7278.8400000000001,-0.00040803204906281199,0,0,0,0
2017-07-27,7274.1400000000003,7383.1099999999997,7289.8699999999999,-0.002157788822022777,7274.1400000000003,7383.1099999999997,7289.8699999999999,-0.002157788822022777,0,0,0,0
2017-07-28,7366.5500000000002,7386.1999999999998,7383.1099999999997,-0.002242957236178178,7366.5500000000002,7386.1999999999998,7383.1099999999997,-0.002242957236178178,0,0,0,0
2017-07-31,7382.96,7444.9499999999998,7386.1999999999998,-0.0004386558717608402,7382.96,7444.9499999999998,7386.1999999999998,-0.0004386558717608402,0,0,0,0
2017-08-01,7444.75,7452.9300000000003,7444.9499999999998,-2.6863847305880206e-05,7444.75,7452.9300000000003,7444.9499999999998,-2.6863847305880206e-05,0,0,0,0
2017-08-02,7445.2799999999997,7389.5100000000002,7452.9300000000003,-0.0010264419496762711,7445.2799999999997,7389.5100000000002,7452.9300000000003,-0.0010264419496762711,0,0,0,0
2017-08-03,7374.4700000000003,7424.1000000000004,7389.5100000000002,-0.0020353176326982636,7374.4700000000003,7424.1000000000004,7389.5100000000002,-0.0020353176326982636,0,0,0,0
2017-08-04,7417.3100000000004,7389.1400000000003,7424.1000000000004,-0.00091458897374763204,7417.3100000000004,7389.1400000000003,7424.1000000000004,-0.00091458897374763204,0,0,0,0
2017-08-07,7379.0200000000004,7445.1800000000003,7389.1400000000003,-0.0013695775151100209,7379.0200000000004,7445.1800000000003,7389.1400000000003,-0.0013695775151100209,0,0,0,0
2017-08-08,7446.2299999999996,7470.6899999999996,7445.1800000000003,0.00014103084143024525,7446.2299999999996,7470.6899999999996,7445.1800000000003,0.00014103084143024525,0,0,0,0
2017-08-09,7469.2799999999997,7495.3800000000001,7470.6899999999996,-0.00018873758648796368,7469.2799999999997,7495.3800000000001,7470.6899999999996,-0.00018873758648796368,0,0,0,0
2017-08-10,7478.9200000000001,7441.2299999999996,7495.3800000000001,-0.0021960194146261047,7478.9200000000001,7441.2299999999996,7495.3800000000001,-0.0021960194146261047,0,0,0,0
2017-08-11,7389.7399999999998,7328.3999999999996,7441.2299999999996,-0.0069195549660472366,7389.7399999999998,7328.3999999999996,7441.2299999999996,-0.0069195549660472366,0,0,0,0
2017-08-14,7331.6300000000001,7474.6400000000003,7328.3999999999996,0.00044075105070695564,7331.6300000000001,7474.6400000000003,7328.3999999999996,0.00044075105070695564,0,0,0,0
2017-08-15,7477.2600000000002,7507.29,7474.6400000000003,0.00035051855340184623,7477.2600000000002,7507.29,7474.6400000000003,0.00035051855340184623,0,0,0,0
2017-08-16,7502.5699999999997,7544.3800000000001,7507.29,-0.00062872221534004957,7502.5699999999997,7544.3800000000001,7507.29,-0.00062872221534004957,0,0,0,0
2017-08-17,7547.7799999999997,7614.21,7544.3800000000001,0.00045066658890458022,7547.7799999999997,7614.21,7544.3800000000001,0.00045066658890458022,0,0,0,0
2017-08-18,7564.9799999999996,7576.2600000000002,7614.21,-0.0064655427155280165,7564.9799999999996,7576.2600000000002,7614.21,-0.0064655427155280165,0,0,0,0
2017-08-21,7583.0799999999999,7631.9499999999998,7576.2600000000002,0.0009001803000423525,7583.0799999999999,7631.9499999999998,7576.2600000000002,0.0009001803000423525,0,0,0,0
2017-08-22,7622.9899999999998,7585.5100000000002,7631.9499999999998,-0.0011740118842498148,7622.9899999999998,7585.5100000000002,7631.9499999999998,-0.0011740118842498148,0,0,0,0
2017-08-23,7572.0799999999999,7534.8599999999997,7585.5100000000002,-0.0017704808246248316,7572.0799999999999,7534.8599999999997,7585.5100000000002,-0.0017704808246248316,0,0,0,0
2017-08-24,7531.8400000000001,7486.5699999999997,7534.8599999999997,-0.00040080373092521437,7531.8400000000001,7486.5699999999997,7534.8599999999997,-0.00040080373092521437,0,0,0,0
2017-08-25,7483.8500000000004,7559.3199999999997,7486.5699999999997,-0.0003633172467497614,7483.8500000000004,7559.3199999999997,7486.5699999999997,-0.0003633172467497614,0,0,0,0
2017-08-28,7563.54,7642.8599999999997,7559.3199999999997,0.00055825127127850926,7563.54,7642.8599999999997,7559.3199999999997,0.00055825127127850926,0,0,0,0
2017-08-29,7639.0100000000002,7623.8500000000004,7642.8599999999997,-0.0005037381294435983,7639.0100000000002,7623.8500000000004,7642.8599999999997,-0.0005037381294435983,0,0,0,0
2017-08-30,7618.3800000000001,7654.7600000000002,7623.8500000000004,-0.00071748526007209268,7618.3800000000001,7654.7600000000002,7623.8500000000004,-0.00071748526007209268,0,0,0,0
2017-08-31,7654.3400000000001,7680.3100000000004,7654.7600000000002,-5.4867820806880907e-05,7654.3400000000001,7680.3100000000004,7654.7600000000002,-5.4867820806880907e-05,0,0,0,0
2017-09-01,7687.8400000000001,7740.2700000000004,7680.3100000000004,0.00098042917538476715,7687.8400000000001,7740.2700000000004,7680.3100000000004,0.00098042917538476715,0,0,0,0
2017-09-04,7739.8699999999999,7798.5100000000002,7740.2700000000004,-5.1677783849957137e-05,7739.8699999999999,7798.5100000000002,7740.2700000000004,-5.1677783849957137e-05,0,0,0,0
2017-09-05,7790.6999999999998,7800.8999999999996,7798.5100000000002,-0.0010014733583723068,7790.6999999999998,7800.8999999999996,7798.5100000000002,-0.0010014733583723068,0,0,0,0
2017-09-06,7776.9899999999998,7858.3599999999997,7800.8999999999996,-0.003065030957966397,7776.9899999999998,7858.3599999999997,7800.8999999999996,-0.003065030957966397,0,0,0,0
2017-09-07,7859.3999999999996,7823.4200000000001,7858.3599999999997,0.00013234313520893437,7859.3999999999996,7823.4200000000001,7858.3599999999997,0.00013234313520893437,0,0,0,0
2017-09-08,7816.21,7838.79,7823.4200000000001,-0.00092159183579565429,7816.21,7838.79,7823.4200000000001,-0.00092159183579565429,0,0,0,0
2017-09-11,7835.8199999999997,7920.8400000000001,7838.79,-0.0003788850064869731,7835.8199999999997,7920.8400000000001,7838.79,-0.0003788850064869731,0,0,0,0
2017-09-12,7926.4700000000003,7899.4799999999996,7920.8400000000001,0.00071078319976169979,7926.4700000000003,7899.4799999999996,7920.8400000000001,0.00071078319976169979,0,0,0,0
2017-09-13,7888.8400000000001,7928.9499999999998,7899.4799999999996,-0.0013469241013331912,7888.8400000000001,7928.9499999999998,7899.4799999999996,-0.0013469241013331912,0,0,0,0
2017-09-14,7930.8299999999999,7917.0799999999999,7928.9499999999998,0.00023710579584945712,7930.8299999999999,7917.0799999999999,7928.9499999999998,0.00023710579584945712,0,0,0,0
2017-09-15,7902.1999999999998,7880.5299999999997,7917.0799999999999,-0.0018794808186857193,7902.1999999999998,7880.5299999999997,7917.0799999999999,-0.0018794808186857193,0,0,0,0
2017-09-18,7870.6400000000003,7941.9399999999996,7880.5299999999997,-0.0012549917327894233,7870.6400000000003,7941.9399999999996,7880.5299999999997,-0.0012549917327894233,0,0,0,0
2017-09-19,7941.0699999999997,7905.9700000000003,7941.9399999999996,-0.00010954502300442037,7941.0699999999997,7905.9700000000003,7941.9399999999996,-0.00010954502300442037,0,0,0,0
2017-09-20,7896.8199999999997,7975.6099999999997,7905.9700000000003,-0.001157353240652359,7896.8199999999997,7975.6099999999997,7905.9700000000003,-0.001157353240652359,0,0,0,0
2017-09-21,7974.71,7886.96,7975.6099999999997,-0.00011284403324629544,7974.71,7886.96,7975.6099999999997,-0.00011284403324629544,0,0,0,0
2017-09-22,7860.8599999999997,7849.7299999999996,7886.96,-0.003309259841561274,7860.8599999999997,7849.7299999999996,7886.96,-0.003309259841561274,0,0,0,0
2017-09-25,7835.1999999999998,7732.2799999999997,7849.7299999999996,-0.0018510190796371395,7835.1999999999998,7732.2799999999997,7849.7299999999996,-0.0018510190796371395,0,0,0,0
2017-09-26,7723.1099999999997,7746.75,7732.2799999999997,-0.0011859373949210106,7723.1099999999997,7746.75,7732.2799999999997,-0.0011859373949210106,0,0,0,0
2017-09-27,7745.5900000000001,7810.6300000000001,7746.75,-0.00014974021363800549,7745.5900000000001,7810.6300000000001,7746.75,-0.00014974021363800549,0,0,0,0
2017-09-28,7800.1300000000001,7768.8299999999999,7810.6300000000001,-0.001344321776860502,7800.1300000000001,7768.8299999999999,7810.6300000000001,-0.001344321776860502,0,0,0,0
2017-09-29,7779.8800000000001,7842.96,7768.8299999999999,0.0014223505984813922,7779.8800000000001,7842.96,7768.8299999999999,0.0014223505984813922,0,0,0,0
2017-10-09,7921.7299999999996,7941.6199999999999,7842.96,0.010043401980884603,7921.7299999999996,7941.6199999999999,7842.96,0.010043401980884603,0,0,0,0
2017-10-10,7934.3699999999999,7994.7399999999998,7941.6199999999999,-0.00091291197513854172,7934.3699999999999,7994.7399999999998,7941.6199999999999,-0.00091291197513854172,0,0,0,0
2017-10-11,7991.2200000000003,7961.7700000000004,7994.7399999999998,-0.00044028949033980691,7991.2200000000003,7961.7700000000004,7994.7399999999998,-0.00044028949033980691,0,0,0,0
2017-10-12,7951.6700000000001,7940.4899999999998,7961.7700000000004,-0.001268562141332974,7951.6700000000001,7940.4899999999998,7961.7700000000004,-0.001268562141332974,0,0,0,0
2017-10-13,7934.4300000000003,7972.6700000000001,7940.4899999999998,-0.00076317708353002001,7934.4300000000003,7972.6700000000001,7940.4899999999998,-0.00076317708353002001,0,0,0,0
2017-10-16,7963.5200000000004,7819.8400000000001,7972.6700000000001,-0.0011476707301317779,7963.5200000000004,7819.8400000000001,7972.6700000000001,-0.0011476707301317779,0,0,0,0
2017-10-17,7799.7799999999997,7805.71,7819.8400000000001,-0.0025652698776446048,7799.7799999999997,7805.71,7819.8400000000001,-0.0025652698776446048,0,0,0,0
2017-10-18,7806.8800000000001,7730.3800000000001,7805.71,0.00014989027263379029,7806.8800000000001,7730.3800000000001,7805.71,0.00014989027263379029,0,0,0,0
2017-10-19,7718.8000000000002,7656.2200000000003,7730.3800000000001,-0.0014979858687412806,7718.8000000000002,7656.2200000000003,7730.3800000000001,-0.0014979858687412806,0,0,0,0
2017-10-20,7650.0799999999999,7751.2299999999996,7656.2200000000003,-0.00080196232605644902,7650.0799999999999,7751.2299999999996,7656.2200000000003,-0.00080196232605644902,0,0,0,0
2017-10-23,7753.6899999999996,7793.8100000000004,7751.2299999999996,0.00031736898530954072,7753.6899999999996,7793.8100000000004,7751.2299999999996,0.00031736898530954072,0,0,0,0
2017-10-24,7786.3000000000002,7753.3599999999997,7793.8100000000004,-0.00096358520415562587,7786.3000000000002,7753.3599999999997,7793.8100000000004,-0.00096358520415562587,0,0,0,0
2017-10-25,7745.3199999999997,7799.8699999999999,7753.3599999999997,-0.001036969778263841,7745.3199999999997,7799.8699999999999,7753.3599999999997,-0.001036969778263841,0,0,0,0
2017-10-26,7791.7399999999998,7830.25,7799.8699999999999,-0.0010423250643920579,7791.7399999999998,7830.25,7799.8699999999999,-0.0010423250643920579,0,0,0,0
2017-10-27,7821.5600000000004,7771.1700000000001,7830.25,-0.0011097985377221953,7821.5600000000004,7771.1700000000001,7830.25,-0.0011097985377221953,0,0,0,0
2017-10-30,7753.6800000000003,7575.25,7771.1700000000001,-0.0022506263535606585,7753.6800000000003,7575.25,7771.1700000000001,-0.0022506263535606585,0,0,0,0
2017-10-31,7563.6499999999996,7631.9200000000001,7575.25,-0.0015313025972740757,7563.6499999999996,7631.9200000000001,7575.25,-0.0015313025972740757,0,0,0,0
2017-11-01,7630.4200000000001,7635.8500000000004,7631.9200000000001,-0.00019654294070170497,7630.4200000000001,7635.8500000000004,7631.9200000000001,-0.00019654294070170497,0,0,0,0
2017-11-02,7622.8400000000001,7542.6300000000001,7635.8500000000004,-0.001703805077365339,7622.8400000000001,7542.6300000000001,7635.8500000000004,-0.001703805077365339,0,0,0,0
2017-11-03,7534.4399999999996,7477.3400000000001,7542.6300000000001,-0.0010858281527796887,7534.4399999999996,7477.3400000000001,7542.6300000000001,-0.0010858281527796887,0,0,0,0
2017-11-06,7476.1899999999996,7551.8900000000003,7477.3400000000001,-0.00015379800838277724,7476.1899999999996,7551.8900000000003,7477.3400000000001,-0.00015379800838277724,0,0,0,0
2017-11-07,7548.3800000000001,7596.4200000000001,7551.8900000000003,-0.00046478431227148231,7548.3800000000001,7596.4200000000001,7551.8900000000003,-0.00046478431227148231,0,0,0,0
2017-11-08,7585.9099999999999,7617.9499999999998,7596.4200000000001,-0.001383546460043017,7585.9099999999999,7617.9499999999998,7596.4200000000001,-0.001383546460043017,0,0,0,0
2017-11-09,7610.8900000000003,7657.25,7617.9499999999998,-0.0009267585111479848,7610.8900000000003,7657.25,7617.9499999999998,-0.0009267585111479848,0,0,0,0
2017-11-10,7649.4700000000003,7670.0299999999997,7657.25,-0.0010160305592739061,7649.4700000000003,7670.0299999999997,7657.25,-0.0010160305592739061,0,0,0,0
2017-11-13,7673.5200000000004,7682.0600000000004,7670.0299999999997,0.00045501777698397916,7673.5200000000004,7682.0600000000004,7670.0299999999997,0.00045501777698397916,0,0,0,0
2017-11-14,7676.6999999999998,7628.3299999999999,7682.0600000000004,-0.00069772951526025917,7676.6999999999998,7628.3299999999999,7682.0600000000004,-0.00069772951526025917,0,0,0,0
2017-11-15,7609.7200000000003,7556.8500000000004,7628.3299999999999,-0.0024395903166223309,7609.7200000000003,7556.8500000000004,7628.3299999999999,-0.0024395903166223309,0,0,0,0
2017-11-16,7543.0100000000002,7535.8400000000001,7556.8500000000004,-0.0018314509352441721,7543.0100000000002,7535.8400000000001,7556.8500000000004,-0.0018314509352441721,0,0,0,0
2017-11-17,7528.8000000000002,7274.04,7535.8400000000001,-0.00093420242467989745,7528.8000000000002,7274.04,7535.8400000000001,-0.00093420242467989745,0,0,0,0
2017-11-20,7234.3299999999999,7292.5100000000002,7274.04,-0.0054591396252976487,7234.3299999999999,7292.5100000000002,7274.04,-0.0054591396252976487,0,0,0,0
2017-11-21,7283.6099999999997,7289.7600000000002,7292.5100000000002,-0.0012204302770926212,7283.6099999999997,7289.7600000000002,7292.5100000000002,-0.0012204302770926212,0,0,0,0
2017-11-22,7290.6400000000003,7297.7700000000004,7289.7600000000002,0.00012071728012985616,7290.6400000000003,7297.7700000000004,7289.7600000000002,0.00012071728012985616,0,0,0,0
2017-11-23,7283.75,7129.2700000000004,7297.7700000000004,-0.0019211348124154037,7283.75,7129.2700000000004,7297.7700000000004,-0.0019211348124154037,0,0,0,0
2017-11-24,7102.2600000000002,7139.7399999999998,7129.2700000000004,-0.0037886066876412494,7102.2600000000002,7139.7399999999998,7129.2700000000004,-0.0037886066876412494,0,0,0,0
2017-11-27,7130.1000000000004,7066.2600000000002,7139.7399999999998,-0.0013501892225766809,7130.1000000000004,7066.2600000000002,7139.7399999999998,-0.0013501892225766809,0,0,0,0
2017-11-28,7057.5299999999997,7177.1000000000004,7066.2600000000002,-0.0012354484550526346,7057.5299999999997,7177.1000000000004,7066.2600000000002,-0.0012354484550526346,0,0,0,0
2017-11-29,7176.1599999999999,7192.9899999999998,7177.1000000000004,-0.00013097211965840128,7176.1599999999999,7192.9899999999998,7177.1000000000004,-0.00013097211965840128,0,0,0,0
2017-11-30,7176.1499999999996,7153.6800000000003,7192.9899999999998,-0.0023411682763356811,7176.1499999999996,7153.6800000000003,7192.9899999999998,-0.0023411682763356811,0,0,0,0
2017-12-01,7144.4799999999996,7215.9200000000001,7153.6800000000003,-0.0012860513749567426,7144.4799999999996,7215.9200000000001,7153.6800000000003,-0.0012860513749567426,0,0,0,0
2017-12-04,7209.7799999999997,7140.2799999999997,7215.9200000000001,-0.00085089635140078723,7209.7799999999997,7140.2799999999997,7215.9200000000001,-0.00085089635140078723,0,0,0,0
2017-12-05,7124.9799999999996,6946.8599999999997,7140.2799999999997,-0.0021427731125390759,7124.9799999999996,6946.8599999999997,7140.2799999999997,-0.0021427731125390759,0,0,0,0
2017-12-06,6925.46,7016.8699999999999,6946.8599999999997,-0.0030805284689773282,6925.46,7016.8699999999999,6946.8599999999997,-0.0030805284689773282,0,0,0,0
2017-12-07,7002.46,7012.9399999999996,7016.8699999999999,-0.0020536221990716808,7002.46,7012.9399999999996,7016.8699999999999,-0.0020536221990716808,0,0,0,0
2017-12-08,7004.1199999999999,7078.0600000000004,7012.9399999999996,-0.001257675097747879,7004.1199999999999,7078.0600000000004,7012.9399999999996,-0.001257675097747879,0,0,0,0
2017-12-11,7089.9499999999998,7160.8299999999999,7078.0600000000004,0.0016798388258929542,7089.9499999999998,7160.8299999999999,7078.0600000000004,0.0016798388258929542,0,0,0,0
2017-12-12,7157.7299999999996,7095.2299999999996,7160.8299999999999,-0.00043291071007134363,7157.7299999999996,7095.2299999999996,7160.8299999999999,-0.00043291071007134363,0,0,0,0
2017-12-13,7080.6199999999999,7140.0100000000002,7095.2299999999996,-0.0020591298661212232,7080.6199999999999,7140.0100000000002,7095.2299999999996,-0.0020591298661212232,0,0,0,0
2017-12-14,7131.2700000000004,7146.6700000000001,7140.0100000000002,-0.0012240879214454603,7131.2700000000004,7146.6700000000001,7140.0100000000002,-0.0012240879214454603,0,0,0,0
2017-12-15,7137.04,7122.6999999999998,7146.6700000000001,-0.0013474807147945134,7137.04,7122.6999999999998,7146.6700000000001,-0.0013474807147945134,0,0,0,0
2017-12-18,7113.7799999999997,7076.46,7122.6999999999998,-0.0012523340867929278,7113.7799999999997,7076.46,7122.6999999999998,-0.0012523340867929278,0,0,0,0
2017-12-19,7070.2200000000003,7116.0900000000001,7076.46,-0.00088179683061861969,7070.2200000000003,7116.0900000000001,7076.46,-0.00088179683061861969,0,0,0,0
2017-12-20,7106.6599999999999,7041.9899999999998,7116.0900000000001,-0.0013251659267941029,7106.6599999999999,7041.9899999999998,7116.0900000000001,-0.0013251659267941029,0,0,0,0
2017-12-21,7029.0200000000004,7051.9099999999999,7041.9899999999998,-0.0018418089204896848,7029.0200000000004,7051.9099999999999,7041.9899999999998,-0.0018418089204896848,0,0,0,0
2017-12-22,7043.3900000000003,7037.6099999999997,7051.9099999999999,-0.0012081833148749332,7043.3900000000003,7037.6099999999997,7051.9099999999999,-0.0012081833148749332,0,0,0,0
2017-12-25,7031.0299999999997,6941.1199999999999,7037.6099999999997,-0.00093497650480778294,7031.0299999999997,6941.1199999999999,7037.6099999999997,-0.00093497650480778294,0,0,0,0
2017-12-26,6935.04,6970.9700000000003,6941.1199999999999,-0.00087593932967588994,6935.04,6970.9700000000003,6941.1199999999999,-0.00087593932967588994,0,0,0,0
2017-12-27,6963.0600000000004,6942.8299999999999,6970.9700000000003,-0.0011347057869994792,6963.0600000000004,6942.8299999999999,6970.9700000000003,-0.0011347057869994792,0,0,0,0
2017-12-28,6929.54,6956.6599999999999,6942.8299999999999,-0.0019142050143817757,6929.54,6956.6599999999999,6942.8299999999999,-0.0019142050143817757,0,0,0,0
2017-12-29,6957.0200000000004,7018.0600000000004,6956.6599999999999,5.1748971489296025e-05,6957.0200000000004,7018.0600000000004,6956.6599999999999,5.1748971489296025e-05,0,0,0,0
2018-01-02,7027.6300000000001,7092.2200000000003,7018.0600000000004,0.001363624705402966,7027.6300000000001,7092.2200000000003,7018.0600000000004,0.001363624705402966,0,0,0,0
2018-01-03,7090.8699999999999,7160.3000000000002,7092.2200000000003,-0.00019034942514484232,7090.8699999999999,7160.3000000000002,7092.2200000000003,-0.00019034942514484232,0,0,0,0
2018-01-04,7149.6800000000003,7175.3500000000004,7160.3000000000002,-0.0014831780791307869,7149.6800000000003,7175.3500000000004,7160.3000000000002,-0.0014831780791307869,0,0,0,0
2018-01-05,7172,7177.0900000000001,7175.3500000000004,-0.00046687618025609279,7172,7177.0900000000001,7175.3500000000004,-0.00046687618025609279,0,0,0,0
2018-01-08,7172.04,7188.54,7177.0900000000001,-0.0007036277934372448,7172.04,7188.54,7177.0900000000001,-0.0007036277934372448,0,0,0,0
2018-01-09,7179.9300000000003,7177.2299999999996,7188.54,-0.0011977397357459951,7179.9300000000003,7177.2299999999996,7188.54,-0.0011977397357459951,0,0,0,0
2018-01-10,7172.7299999999996,7139.0600000000004,7177.2299999999996,-0.00062698283321005466,7172.7299999999996,7139.0600000000004,7177.2299999999996,-0.00062698283321005466,0,0,0,0
2018-01-11,7121.46,7175.8500000000004,7139.0600000000004,-0.00246531055909327,7121.46,7175.8500000000004,7139.0600000000004,-0.00246531055909327,0,0,0,0
2018-01-12,7166.75,7127.9200000000001,7175.8500000000004,-0.0012681424500233796,7166.75,7127.9200000000001,7175.8500000000004,-0.0012681424500233796,0,0,0,0
2018-01-15,7103.6099999999997,6929.3100000000004,7127.9200000000001,-0.0034105321047375181,7103.6099999999997,6929.3100000000004,7127.9200000000001,-0.0034105321047375181,0,0,0,0
2018-01-16,6916.1599999999999,6960.7299999999996,6929.3100000000004,-0.0018977358496012897,6916.1599999999999,6960.7299999999996,6929.3100000000004,-0.0018977358496012897,0,0,0,0
2018-01-17,6938.7200000000003,6943.0900000000001,6960.7299999999996,-0.0031620246726994372,6938.7200000000003,6943.0900000000001,6960.7299999999996,-0.0031620246726994372,0,0,0,0
2018-01-18,6928.0900000000001,6955.1700000000001,6943.0900000000001,-0.0021604213685837426,6928.0900000000001,6955.1700000000001,6943.0900000000001,-0.0021604213685837426,0,0,0,0
2018-01-19,6953.3400000000001,6938.3999999999996,6955.1700000000001,-0.00026311362626652013,6953.3400000000001,6938.3999999999996,6955.1700000000001,-0.00026311362626652013,0,0,0,0
2018-01-22,6928.8000000000002,7014.8299999999999,6938.3999999999996,-0.0013836042891731681,6928.8000000000002,7014.8299999999999,6938.3999999999996,-0.0013836042891731681,0,0,0,0
2018-01-23,7008.9700000000003,7020.4899999999998,7014.8299999999999,-0.00083537305964642705,7008.9700000000003,7020.4899999999998,7014.8299999999999,-0.00083537305964642705,0,0,0,0
2018-01-24,7008.4700000000003,7072.8699999999999,7020.4899999999998,-0.0017121312045169645,7008.4700000000003,7072.8699999999999,7020.4899999999998,-0.0017121312045169645,0,0,0,0
2018-01-25,7065.3000000000002,7062.6800000000003,7072.8699999999999,-0.0010702868849561398,7065.3000000000002,7062.6800000000003,7072.8699999999999,-0.0010702868849561398,0,0,0,0
2018-01-26,7043.2700000000004,7056.4399999999996,7062.6800000000003,-0.0027482485402141599,7043.2700000000004,7056.4399999999996,7062.6800000000003,-0.0027482485402141599,0,0,0,0
2018-01-29,7052.3100000000004,6972.6400000000003,7056.4399999999996,-0.0005852809632050926,7052.3100000000004,6972.6400000000003,7056.4399999999996,-0.0005852809632050926,0,0,0,0
2018-01-30,6955.6800000000003,6955.3800000000001,6972.6400000000003,-0.0024323642121205635,6955.6800000000003,6955.3800000000001,6972.6400000000003,-0.0024323642121205635,0,0,0,0
2018-01-31,6913.3599999999997,6791.1499999999996,6955.3800000000001,-0.0060413665392833327,6913.3599999999997,6791.1499999999996,6955.3800000000001,-0.0060413665392833327,0,0,0,0
2018-02-01,6775.3599999999997,6506.1800000000003,6791.1499999999996,-0.0023250848530808055,6775.3599999999997,6506.1800000000003,6791.1499999999996,-0.0023250848530808055,0,0,0,0
2018-02-02,6454.4399999999996,6488.3800000000001,6506.1800000000003,-0.0079524390656269262,6454.4399999999996,6488.3800000000001,6506.1800000000003,-0.0079524390656269262,0,0,0,0
2018-02-05,6403.0799999999999,6462.46,6488.3800000000001,-0.013146578961158228,6403.0799999999999,6462.46,6488.3800000000001,-0.013146578961158228,0,0,0,0
2018-02-06,6353.1999999999998,6142.5799999999999,6462.46,-0.016906874471950384,6353.1999999999998,6142.5799999999999,6462.46,-0.016906874471950384,0,0,0,0
2018-02-07,6236.46,6158.8299999999999,6142.5799999999999,0.015283480231433666,6236.46,6158.8299999999999,6142.5799999999999,0.015283480231433666,0,0,0,0
2018-02-08,6141.7799999999997,6238.7200000000003,6158.8299999999999,-0.0027683829558536877,6141.7799999999997,6238.7200000000003,6158.8299999999999,-0.0027683829558536877,0,0,0,0
2018-02-09,6100.3500000000004,6053.4799999999996,6238.7200000000003,-0.022179229072630258,6100.3500000000004,6053.4799999999996,6238.7200000000003,-0.022179229072630258,0,0,0,0
2018-02-12,6074.46,6204.0100000000002,6053.4799999999996,0.0034657750583135805,6074.46,6204.0100000000002,6053.4799999999996,0.0034657750583135805,0,0,0,0
2018-02-13,6229.3800000000001,6216.75,6204.0100000000002,0.0040892906362175463,6229.3800000000001,6216.75,6204.0100000000002,0.0040892906362175463,0,0,0,0
2018-02-14,6216.3800000000001,6230.4499999999998,6216.75,-5.9516628463374133e-05,6216.3800000000001,6230.4499999999998,6216.75,-5.9516628463374133e-05,0,0,0,0
2018-02-22,6269.3699999999999,6347.1499999999996,6230.4499999999998,0.0062467398021008869,6269.3699999999999,6347.1499999999996,6230.4499999999998,0.0062467398021008869,0,0,0,0
2018-02-23,6346.8199999999997,6365.9899999999998,6347.1499999999996,-5.1991838856846329e-05,6346.8199999999997,6365.9899999999998,6347.1499999999996,-5.1991838856846329e-05,0,0,0,0
2018-02-26,6396.5100000000002,6507.3599999999997,6365.9899999999998,0.0047942268209657524,6396.5100000000002,6507.3599999999997,6365.9899999999998,0.0047942268209657524,0,0,0,0
2018-02-27,6506.3999999999996,6529.8299999999999,6507.3599999999997,-0.00014752526370143126,6506.3999999999996,6529.8299999999999,6507.3599999999997,-0.00014752526370143126,0,0,0,0
2018-02-28,6488.25,6564.1499999999996,6529.8299999999999,-0.0063677002310933428,6488.25,6564.1499999999996,6529.8299999999999,-0.0063677002310933428,0,0,0,0
2018-03-01,6530.2200000000003,6658.9399999999996,6564.1499999999996,-0.0051689860834989165,6530.2200000000003,6658.9399999999996,6564.1499999999996,-0.0051689860834989165,0,0,0,0
2018-03-02,6621.5299999999997,6632.3299999999999,6658.9399999999996,-0.0056180112750677802,6621.5299999999997,6632.3299999999999,6658.9399999999996,-0.0056180112750677802,0,0,0,0
2018-03-05,6648.2600000000002,6674.4099999999999,6632.3299999999999,0.0024018708357396168,6648.2600000000002,6674.4099999999999,6632.3299999999999,0.0024018708357396168,0,0,0,0
2018-03-06,6679.2700000000004,6735.96,6674.4099999999999,0.00072815424883998503,6679.2700000000004,6735.96,6674.4099999999999,0.00072815424883998503,0,0,0,0
2018-03-07,6726.8000000000002,6688.7299999999996,6735.96,-0.0013598655573964225,6726.8000000000002,6688.7299999999996,6735.96,-0.0013598655573964225,0,0,0,0
2018-03-08,6679.04,6725.4200000000001,6688.7299999999996,-0.001448705509117465,6679.04,6725.4200000000001,6688.7299999999996,-0.001448705509117465,0,0,0,0
2018-03-09,6725.4300000000003,6837.3100000000004,6725.4200000000001,1.4868959856695341e-06,6725.4300000000003,6837.3100000000004,6725.4200000000001,1.4868959856695341e-06,0,0,0,0
2018-03-12,6865.4399999999996,6947.6499999999996,6837.3100000000004,0.0041141911073212523,6865.4399999999996,6947.6499999999996,6837.3100000000004,0.0041141911073212523,0,0,0,0
2018-03-13,6937.1199999999999,6911.8599999999997,6947.6499999999996,-0.0015156203896281584,6937.1199999999999,6911.8599999999997,6947.6499999999996,-0.0015156203896281584,0,0,0,0
2018-03-14,6886.0200000000004,6835.3800000000001,6911.8599999999997,-0.003738501647892023,6886.0200000000004,6835.3800000000001,6911.8599999999997,-0.003738501647892023,0,0,0,0
2018-03-15,6809.8500000000004,6824.3599999999997,6835.3800000000001,-0.0037349788892496738,6809.8500000000004,6824.3599999999997,6835.3800000000001,-0.0037349788892496738,0,0,0,0
2018-03-16,6821.2299999999996,6806.5299999999997,6824.3599999999997,-0.0004586510676458655,6821.2299999999996,6806.5299999999997,6824.3599999999997,-0.0004586510676458655,0,0,0,0
2018-03-19,6796.3500000000004,6820.6700000000001,6806.5299999999997,-0.0014956225859578121,6796.3500000000004,6820.6700000000001,6806.5299999999997,-0.0014956225859578121,0,0,0,0
2018-03-20,6768.71,6822.2700000000004,6820.6700000000001,-0.0076180199305933005,6768.71,6822.2700000000004,6820.6700000000001,-0.0076180199305933005,0,0,0,0
2018-03-21,6826.2200000000003,6771.1599999999999,6822.2700000000004,0.00057898617322393875,6826.2200000000003,6771.1599999999999,6822.2700000000004,0.00057898617322393875,0,0,0,0
2018-03-22,6767.2700000000004,6765.1099999999997,6771.1599999999999,-0.00057449535973153054,6767.2700000000004,6765.1099999999997,6771.1599999999999,-0.00057449535973153054,0,0,0,0
2018-03-23,6565.9799999999996,6402.4499999999998,6765.1099999999997,-0.029434850283291736,6565.9799999999996,6402.4499999999998,6765.1099999999997,-0.029434850283291736,0,0,0,0
2018-03-26,6313.8999999999996,6515.3299999999999,6402.4499999999998,-0.0138306429569931,6313.8999999999996,6515.3299999999999,6402.4499999999998,-0.0138306429569931,0,0,0,0
2018-03-27,6570.4200000000001,6680.8800000000001,6515.3299999999999,0.0084554427788001707,6570.4200000000001,6680.8800000000001,6515.3299999999999,0.0084554427788001707,0,0,0,0
2018-03-28,6602.6300000000001,6636.0600000000004,6680.8800000000001,-0.011712528888409901,6602.6300000000001,6636.0600000000004,6680.8800000000001,-0.011712528888409901,0,0,0,0
2018-03-29,6648.8900000000003,6684.5500000000002,6636.0600000000004,0.0019333761298119256,6648.8900000000003,6684.5500000000002,6636.0600000000004,0.0019333761298119256,0,0,0,0
2018-03-30,6699.46,6799.0200000000004,6684.5500000000002,0.002230516639115443,6699.46,6799.0200000000004,6684.5500000000002,0.002230516639115443,0,0,0,0
2018-04-02,6818.1199999999999,6836.25,6799.0200000000004,0.0028092283887970471,6818.1199999999999,6836.25,6799.0200000000004,0.0028092283887970471,0,0,0,0
2018-04-03,6745.21,6769.79,6836.25,-0.013317242640336402,6745.21,6769.79,6836.25,-0.013317242640336402,0,0,0,0
2018-04-04,6783.3400000000001,6709.0200000000004,6769.79,0.002001539191023749,6783.3400000000001,6709.0200000000004,6769.79,0.002001539191023749,0,0,0,0
2018-04-09,6680.3999999999996,6719.1599999999999,6709.0200000000004,-0.0042658987452713903,6680.3999999999996,6719.1599999999999,6709.0200000000004,-0.0042658987452713903,0,0,0,0
2018-04-10,6721.9099999999999,6720.8800000000001,6719.1599999999999,0.00040927735014495426,6721.9099999999999,6720.8800000000001,6719.1599999999999,0.00040927735014495426,0,0,0,0
2018-04-11,6736.2200000000003,6760.0299999999997,6720.8800000000001,0.0022824392043898634,6736.2200000000003,6760.0299999999997,6720.8800000000001,0.0022824392043898634,0,0,0,0
2018-04-12,6748.4700000000003,6727.9099999999999,6760.0299999999997,-0.0017100515826112828,6748.4700000000003,6727.9099999999999,6760.0299999999997,-0.0017100515826112828,0,0,0,0
2018-04-13,6753.3500000000004,6722.3999999999996,6727.9099999999999,0.0037812634235594444,6753.3500000000004,6722.3999999999996,6727.9099999999999,0.0037812634235594444,0,0,0,0
2018-04-16,6704.3400000000001,6718.0600000000004,6722.3999999999996,-0.0026865405212422866,6704.3400000000001,6718.0600000000004,6722.3999999999996,-0.0026865405212422866,0,0,0,0
2018-04-17,6727.4200000000001,6564.7600000000002,6718.0600000000004,0.0013932593635661572,6727.4200000000001,6564.7600000000002,6718.0600000000004,0.0013932593635661572,0,0,0,0
2018-04-18,6597.3299999999999,6661.5699999999997,6564.7600000000002,0.0049613390283878012,6597.3299999999999,6661.5699999999997,6564.7600000000002,0.0049613390283878012,0,0,0,0
2018-04-19,6649.0500000000002,6677.3299999999999,6661.5699999999997,-0.001879436829456016,6649.0500000000002,6677.3299999999999,6661.5699999999997,-0.001879436829456016,0,0,0,0
2018-04-20,6649.9899999999998,6536,6677.3299999999999,-0.0040944509257443418,6649.9899999999998,6536,6677.3299999999999,-0.0040944509257443418,0,0,0,0
2018-04-23,6532.7200000000003,6466.8800000000001,6536,-0.0005018359853120602,6532.7200000000003,6466.8800000000001,6536,-0.0005018359853120602,0,0,0,0
2018-04-24,6459.4799999999996,6606.5100000000002,6466.8800000000001,-0.0011442921470632417,6459.4799999999996,6606.5100000000002,6466.8800000000001,-0.0011442921470632417,0,0,0,0
2018-04-25,6571.6599999999999,6632.1700000000001,6606.5100000000002,-0.0052750998636194035,6571.6599999999999,6632.1700000000001,6606.5100000000002,-0.0052750998636194035,0,0,0,0
2018-04-26,6621.46,6510.8199999999997,6632.1700000000001,-0.0016148560727484718,6621.46,6510.8199999999997,6632.1700000000001,-0.0016148560727484718,0,0,0,0
2018-04-27,6528.7299999999996,6517.3999999999996,6510.8199999999997,0.0027508055820926192,6528.7299999999996,6517.3999999999996,6510.8199999999997,0.0027508055820926192,0,0,0,0
2018-05-02,6516.6000000000004,6487.0600000000004,6517.3999999999996,-0.00012274833522563089,6516.6000000000004,6487.0600000000004,6517.3999999999996,-0.00012274833522563089,0,0,0,0
2018-05-03,6471.1700000000001,6545.6000000000004,6487.0600000000004,-0.0024494917574371389,6471.1700000000001,6545.6000000000004,6487.0600000000004,-0.0024494917574371389,0,0,0,0
2018-05-04,6524.0200000000004,6531.2700000000004,6545.6000000000004,-0.0032968711806403705,6524.0200000000004,6531.2700000000004,6545.6000000000004,-0.0032968711806403705,0,0,0,0
2018-05-07,6538.1300000000001,6646.6800000000003,6531.2700000000004,0.0010503317119028299,6538.1300000000001,6646.6800000000003,6531.2700000000004,0.0010503317119028299,0,0,0,0
2018-05-08,6647.3400000000001,6678.46,6646.6800000000003,9.9297694488020838e-05,6647.3400000000001,6678.46,6646.6800000000003,9.9297694488020838e-05,0,0,0,0
2018-05-09,6666.7700000000004,6675.1999999999998,6678.46,-0.0017504035361445291,6666.7700000000004,6675.1999999999998,6678.46,-0.0017504035361445291,0,0,0,0
2018-05-10,6682.1199999999999,6703.6700000000001,6675.1999999999998,0.0010366730584852046,6682.1199999999999,6703.6700000000001,6675.1999999999998,0.0010366730584852046,0,0,0,0
2018-05-11,6705.3100000000004,6637.0100000000002,6703.6700000000001,0.00024464211394659152,6705.3100000000004,6637.0100000000002,6703.6700000000001,0.00024464211394659152,0,0,0,0
2018-05-14,6625.0299999999997,6592.0299999999997,6637.0100000000002,-0.0018050296745071304,6625.0299999999997,6592.0299999999997,6637.0100000000002,-0.0018050296745071304,0,0,0,0
2018-05-15,6592.6499999999996,6661.3999999999996,6592.0299999999997,9.4052970025959581e-05,6592.6499999999996,6661.3999999999996,6592.0299999999997,9.4052970025959581e-05,0,0,0,0
2018-05-16,6638.6700000000001,6623.2200000000003,6661.3999999999996,-0.0034121956345511961,6638.6700000000001,6623.2200000000003,6661.3999999999996,-0.0034121956345511961,0,0,0,0
2018-05-17,6616.4399999999996,6591.54,6623.2200000000003,-0.0010236712656382929,6616.4399999999996,6591.54,6623.2200000000003,-0.0010236712656382929,0,0,0,0
2018-05-18,6583.8699999999999,6621.0600000000004,6591.54,-0.0011636127521034156,6583.8699999999999,6621.0600000000004,6591.54,-0.0011636127521034156,0,0,0,0
2018-05-21,6654.0500000000002,6697.4799999999996,6621.0600000000004,0.0049825858699361625,6654.0500000000002,6697.4799999999996,6621.0600000000004,0.0049825858699361625,0,0,0,0
2018-05-22,6691.8000000000002,6724.7399999999998,6697.4799999999996,-0.00084808017343829256,6691.8000000000002,6724.7399999999998,6697.4799999999996,-0.00084808017343829256,0,0,0,0
2018-05-23,6702.4899999999998,6652.5500000000002,6724.7399999999998,-0.0033086781050271075,6702.4899999999998,6652.5500000000002,6724.7399999999998,-0.0033086781050271075,0,0,0,0
2018-05-24,6649.0100000000002,6628.8999999999996,6652.5500000000002,-0.00053212677845337897,6649.0100000000002,6628.8999999999996,6652.5500000000002,-0.00053212677845337897,0,0,0,0
2018-05-25,6622.5100000000002,6541.8299999999999,6628.8999999999996,-0.00096396083814798139,6622.5100000000002,6541.8299999999999,6628.8999999999996,-0.00096396083814798139,0,0,0,0
2018-05-28,6526.8400000000001,6491.0200000000004,6541.8299999999999,-0.0022914077559337276,6526.8400000000001,6491.0200000000004,6541.8299999999999,-0.0022914077559337276,0,0,0,0
2018-05-29,6481.8199999999997,6437.2200000000003,6491.0200000000004,-0.0014173427288778351,6481.8199999999997,6437.2200000000003,6491.0200000000004,-0.0014173427288778351,0,0,0,0
2018-05-30,6345.9399999999996,6232.4700000000003,6437.2200000000003,-0.014180034238382544,6345.9399999999996,6232.4700000000003,6437.2200000000003,-0.014180034238382544,0,0,0,0
2018-05-31,6274.7600000000002,6315.5100000000002,6232.4700000000003,0.0067854317790538854,6274.7600000000002,6315.5100000000002,6232.4700000000003,0.0067854317790538854,0,0,0,0
2018-06-01,6285.0500000000002,6244.0500000000002,6315.5100000000002,-0.0048230467531521493,6285.0500000000002,6244.0500000000002,6315.5100000000002,-0.0048230467531521493,0,0,0,0
2018-06-04,6252.2600000000002,6215.7399999999998,6244.0500000000002,0.0013148517388554826,6252.2600000000002,6215.7399999999998,6244.0500000000002,0.0013148517388554826,0,0,0,0
2018-06-05,6210.9799999999996,6316.4799999999996,6215.7399999999998,-0.00076579779720520325,6210.9799999999996,6316.4799999999996,6215.7399999999998,-0.00076579779720520325,0,0,0,0
2018-06-06,6308.79,6320.8400000000001,6316.4799999999996,-0.0012174502254419517,6308.79,6320.8400000000001,6316.4799999999996,-0.0012174502254419517,0,0,0,0
2018-06-07,6334.3999999999996,6274.9099999999999,6320.8400000000001,0.0021452844875047283,6334.3999999999996,6274.9099999999999,6320.8400000000001,0.0021452844875047283,0,0,0,0
2018-06-08,6261.6800000000003,6206.3800000000001,6274.9099999999999,-0.0021083967738182441,6261.6800000000003,6206.3800000000001,6274.9099999999999,-0.0021083967738182441,0,0,0,0
2018-06-11,6187.6199999999999,6152.5,6206.3800000000001,-0.0030226959999226644,6187.6199999999999,6152.5,6206.3800000000001,-0.0030226959999226644,0,0,0,0
2018-06-12,6152.0200000000004,6199.3199999999997,6152.5,-7.8017066233115884e-05,6152.0200000000004,6199.3199999999997,6152.5,-7.8017066233115884e-05,0,0,0,0
2018-06-13,6180.9799999999996,6092.7200000000003,6199.3199999999997,-0.0029583889845983258,6180.9799999999996,6092.7200000000003,6199.3199999999997,-0.0029583889845983258,0,0,0,0
2018-06-14,6069.2600000000002,6060.6400000000003,6092.7200000000003,-0.0038504969865675864,6069.2600000000002,6060.6400000000003,6092.7200000000003,-0.0038504969865675864,0,0,0,0
2018-06-15,6054.8900000000003,5928.5100000000002,6060.6400000000003,-0.00094874468702976777,6054.8900000000003,5928.5100000000002,6060.6400000000003,-0.00094874468702976777,0,0,0,0
2018-06-19,5821.04,5522.54,5928.5100000000002,-0.018127657708260636,5821.04,5522.54,5928.5100000000002,-0.018127657708260636,0,0,0,0
2018-06-20,5485.0600000000004,5588.3800000000001,5522.54,-0.0067867321920709323,5485.0600000000004,5588.3800000000001,5522.54,-0.0067867321920709323,0,0,0,0
2018-06-21,5578.2399999999998,5457.5,5588.3800000000001,-0.0018144793303247475,5578.2399999999998,5457.5,5588.3800000000001,-0.0018144793303247475,0,0,0,0
2018-06-22,5413.3800000000001,5541.8599999999997,5457.5,-0.0080842876775080175,5413.3800000000001,5541.8599999999997,5457.5,-0.0080842876775080175,0,0,0,0
2018-06-25,5579.4399999999996,5512.8599999999997,5541.8599999999997,0.0067811168091578278,5579.4399999999996,5512.8599999999997,5541.8599999999997,0.0067811168091578278,0,0,0,0
2018-06-26,5434.3900000000003,5559.2600000000002,5512.8599999999997,-0.014233991068156926,5434.3900000000003,5559.2600000000002,5512.8599999999997,-0.014233991068156926,0,0,0,0
2018-06-27,5557.5900000000001,5509.1300000000001,5559.2600000000002,-0.00030039969348438778,5557.5900000000001,5509.1300000000001,5559.2600000000002,-0.00030039969348438778,0,0,0,0
2018-06-28,5494.9499999999998,5443.96,5509.1300000000001,-0.0025739091290276628,5494.9499999999998,5443.96,5509.1300000000001,-0.0025739091290276628,0,0,0,0
2018-06-29,5441.96,5608.5100000000002,5443.96,-0.00036737962806487889,5441.96,5608.5100000000002,5443.96,-0.00036737962806487889,0,0,0,0
2018-07-02,5601.7399999999998,5538.3199999999997,5608.5100000000002,-0.0012070942193204148,5601.7399999999998,5538.3199999999997,5608.5100000000002,-0.0012070942193204148,0,0,0,0
2018-07-03,5531.5799999999999,5601.8299999999999,5538.3199999999997,-0.0012169755449304986,5531.5799999999999,5601.8299999999999,5538.3199999999997,-0.0012169755449304986,0,0,0,0
2018-07-04,5574.1800000000003,5500.9499999999998,5601.8299999999999,-0.0049358870226335894,5574.1800000000003,5500.9499999999998,5601.8299999999999,-0.0049358870226335894,0,0,0,0
2018-07-05,5484.0699999999997,5352.9200000000001,5500.9499999999998,-0.0030685608849381207,5484.0699999999997,5352.9200000000001,5500.9499999999998,-0.0030685608849381207,0,0,0,0
2018-07-06,5345.8800000000001,5374.6099999999997,5352.9200000000001,-0.0013151700380352738,5345.8800000000001,5374.6099999999997,5352.9200000000001,-0.0013151700380352738,0,0,0,0
2018-07-09,5378.8100000000004,5487.7799999999997,5374.6099999999997,0.00078145204954416236,5378.8100000000004,5487.7799999999997,5374.6099999999997,0.00078145204954416236,0,0,0,0
2018-07-10,5487.3400000000001,5525.0200000000004,5487.7799999999997,-8.0178141251940893e-05,5487.3400000000001,5525.0200000000004,5487.7799999999997,-8.0178141251940893e-05,0,0,0,0
2018-07-11,5441.2399999999998,5396.5799999999999,5525.0200000000004,-0.015163746013589163,5441.2399999999998,5396.5799999999999,5525.0200000000004,-0.015163746013589163,0,0,0,0
2018-07-12,5385.8100000000004,5541.4799999999996,5396.5799999999999,-0.0019957083930932651,5385.8100000000004,5541.4799999999996,5396.5799999999999,-0.0019957083930932651,0,0,0,0
2018-07-13,5539.1400000000003,5561.8999999999996,5541.4799999999996,-0.00042226986292459578,5539.1400000000003,5561.8999999999996,5541.4799999999996,-0.00042226986292459578,0,0,0,0
2018-07-16,5552.2200000000003,5567.3999999999996,5561.8999999999996,-0.0017404124489831529,5552.2200000000003,5567.3999999999996,5561.8999999999996,-0.0017404124489831529,0,0,0,0
2018-07-17,5557.9099999999999,5575.7700000000004,5567.3999999999996,-0.0017045658655745477,5557.9099999999999,5575.7700000000004,5567.3999999999996,-0.0017045658655745477,0,0,0,0
2018-07-18,5573.0200000000004,5544.6599999999999,5575.7700000000004,-0.00049320542274877699,5573.0200000000004,5544.6599999999999,5575.7700000000004,-0.00049320542274877699,0,0,0,0
2018-07-19,5533.1199999999999,5481.2200000000003,5544.6599999999999,-0.0020812818098855379,5533.1199999999999,5481.2200000000003,5544.6599999999999,-0.0020812818098855379,0,0,0,0
2018-07-20,5469.79,5541.1499999999996,5481.2200000000003,-0.0020853021772525571,5469.79,5541.1499999999996,5481.2200000000003,-0.0020853021772525571,0,0,0,0
2018-07-23,5509.2299999999996,5582.4099999999999,5541.1499999999996,-0.005760537072629357,5509.2299999999996,5582.4099999999999,5541.1499999999996,-0.005760537072629357,0,0,0,0
2018-07-24,5578.7200000000003,5672.4899999999998,5582.4099999999999,-0.00066100483482933736,5578.7200000000003,5672.4899999999998,5582.4099999999999,-0.00066100483482933736,0,0,0,0
2018-07-25,5669.9899999999998,5685.9700000000003,5672.4899999999998,-0.00044072356231561471,5669.9899999999998,5685.9700000000003,5672.4899999999998,-0.00044072356231561471,0,0,0,0
2018-07-26,5681.0699999999997,5663.5699999999997,5685.9700000000003,-0.00086177028721579063,5681.0699999999997,5663.5699999999997,5685.9700000000003,-0.00086177028721579063,0,0,0,0
2018-07-27,5655.3100000000004,5630.75,5663.5699999999997,-0.0014584440556043576,5655.3100000000004,5630.75,5663.5699999999997,-0.0014584440556043576,0,0,0,0
2018-07-30,5618.8999999999996,5549.5900000000001,5630.75,-0.0021045153842739195,5618.8999999999996,5549.5900000000001,5630.75,-0.0021045153842739195,0,0,0,0
2018-07-31,5536.71,5543.0500000000002,5549.5900000000001,-0.0023208921740164312,5536.71,5543.0500000000002,5549.5900000000001,-0.0023208921740164312,0,0,0,0
2018-08-01,5553.7600000000002,5456.4300000000003,5543.0500000000002,0.0019321492680022256,5553.7600000000002,5456.4300000000003,5543.0500000000002,0.0019321492680022256,0,0,0,0
2018-08-02,5431.1300000000001,5326.0299999999997,5456.4300000000003,-0.0046367313426545209,5431.1300000000001,5326.0299999999997,5456.4300000000003,-0.0046367313426545209,0,0,0,0
2018-08-03,5313.0500000000002,5256.0600000000004,5326.0299999999997,-0.0024370872864026838,5313.0500000000002,5256.0600000000004,5326.0299999999997,-0.0024370872864026838,0,0,0,0
2018-08-06,5234.6700000000001,5144.6400000000003,5256.0600000000004,-0.0040695882467095545,5234.6700000000001,5144.6400000000003,5256.0600000000004,-0.0040695882467095545,0,0,0,0
2018-08-07,5149.3699999999999,5279.54,5144.6400000000003,0.00091940349567698476,5149.3699999999999,5279.54,5144.6400000000003,0.00091940349567698476,0,0,0,0
2018-08-08,5263.1700000000001,5192.0200000000004,5279.54,-0.0031006489201710341,5263.1700000000001,5192.0200000000004,5279.54,-0.0031006489201710341,0,0,0,0
2018-08-09,5166.3800000000001,5308.3699999999999,5192.0200000000004,-0.004938347695116807,5166.3800000000001,5308.3699999999999,5192.0200000000004,-0.004938347695116807,0,0,0,0
2018-08-10,5299.4899999999998,5342.1499999999996,5308.3699999999999,-0.0016728298894010951,5299.4899999999998,5342.1499999999996,5308.3699999999999,-0.0016728298894010951,0,0,0,0
2018-08-13,5278.1599999999999,5369.6000000000004,5342.1499999999996,-0.011978323334238095,5278.1599999999999,5369.6000000000004,5342.1499999999996,-0.011978323334238095,0,0,0,0
2018-08-14,5357.7200000000003,5351.4499999999998,5369.6000000000004,-0.002212455303933325,5357.7200000000003,5351.4499999999998,5369.6000000000004,-0.002212455303933325,0,0,0,0
2018-08-15,5347.6899999999996,5242.1899999999996,5351.4499999999998,-0.00070261331041121533,5347.6899999999996,5242.1899999999996,5351.4499999999998,-0.00070261331041121533,0,0,0,0
2018-08-16,5175.4200000000001,5178.75,5242.1899999999996,-0.012737043106030077,5175.4200000000001,5178.75,5242.1899999999996,-0.012737043106030077,0,0,0,0
2018-08-17,5210.2299999999996,5084.4399999999996,5178.75,0.0060786869418294476,5210.2299999999996,5084.4399999999996,5178.75,0.0060786869418294476,0,0,0,0
2018-08-20,5071.1400000000003,5103.6300000000001,5084.4399999999996,-0.0026158239648809145,5071.1400000000003,5103.6300000000001,5084.4399999999996,-0.0026158239648809145,0,0,0,0
2018-08-21,5097.1999999999998,5162.0299999999997,5103.6300000000001,-0.0012598875702196644,5097.1999999999998,5162.0299999999997,5103.6300000000001,-0.0012598875702196644,0,0,0,0
2018-08-22,5151.4399999999996,5102.3599999999997,5162.0299999999997,-0.0020515184917562213,5151.4399999999996,5102.3599999999997,5162.0299999999997,-0.0020515184917562213,0,0,0,0
2018-08-23,5095.3599999999997,5133.3299999999999,5102.3599999999997,-0.0013719141730493822,5095.3599999999997,5133.3299999999999,5102.3599999999997,-0.0013719141730493822,0,0,0,0
2018-08-24,5122.6800000000003,5116.1400000000003,5133.3299999999999,-0.0020746766718678922,5122.6800000000003,5116.1400000000003,5133.3299999999999,-0.0020746766718678922,0,0,0,0
2018-08-27,5121.1899999999996,5229.3599999999997,5116.1400000000003,0.00098707228496475174,5121.1899999999996,5229.3599999999997,5116.1400000000003,0.00098707228496475174,0,0,0,0
2018-08-28,5229.6199999999999,5233.5100000000002,5229.3599999999997,4.9719277311233157e-05,5229.6199999999999,5233.5100000000002,5229.3599999999997,4.9719277311233157e-05,0,0,0,0
2018-08-29,5229.0699999999997,5203.7299999999996,5233.5100000000002,-0.00084837900376621977,5229.0699999999997,5203.7299999999996,5233.5100000000002,-0.00084837900376621977,0,0,0,0
2018-08-30,5193.6899999999996,5114.2799999999997,5203.7299999999996,-0.0019293852678751167,5193.6899999999996,5114.2799999999997,5203.7299999999996,-0.0019293852678751167,0,0,0,0
2018-08-31,5096.5500000000002,5057.9799999999996,5114.2799999999997,-0.0034667636500151922,5096.5500000000002,5057.9799999999996,5114.2799999999997,-0.0034667636500151922,0,0,0,0
2018-09-03,5049.7299999999996,5054.1000000000004,5057.9799999999996,-0.0016310859275837641,5049.7299999999996,5054.1000000000004,5057.9799999999996,-0.0016310859275837641,0,0,0,0
2018-09-04,5047.8100000000004,5113.1400000000003,5054.1000000000004,-0.0012445341405986632,5047.8100000000004,5113.1400000000003,5054.1000000000004,-0.0012445341405986632,0,0,0,0
2018-09-05,5100.3400000000001,5032.5100000000002,5113.1400000000003,-0.0025033541033494533,5100.3400000000001,5032.5100000000002,5113.1400000000003,-0.0025033541033494533,0,0,0,0
2018-09-06,5016.8299999999999,5012.5100000000002,5032.5100000000002,-0.0031157414490979862,5016.8299999999999,5012.5100000000002,5032.5100000000002,-0.0031157414490979862,0,0,0,0
2018-09-07,5018.2299999999996,5022.29,5012.5100000000002,0.0011411448555711523,5018.2299999999996,5022.29,5012.5100000000002,0.0011411448555711523,0,0,0,0
2018-09-10,5016.79,4923.6400000000003,5022.29,-0.0010951179641159881,5016.79,4923.6400000000003,5022.29,-0.0010951179641159881,0,0,0,0
2018-09-11,4917.0699999999997,4925.3000000000002,4923.6400000000003,-0.0013343786304442773,4917.0699999999997,4925.3000000000002,4923.6400000000003,-0.0013343786304442773,0,0,0,0
2018-09-12,4922.3500000000004,4919.8100000000004,4925.3000000000002,-0.00059894828741391404,4922.3500000000004,4919.8100000000004,4925.3000000000002,-0.00059894828741391404,0,0,0,0
2018-09-13,4955.79,4958.1700000000001,4919.8100000000004,0.0073132905539035065,4955.79,4958.1700000000001,4919.8100000000004,0.0073132905539035065,0,0,0,0
2018-09-14,4958.6999999999998,4907.9300000000003,4958.1700000000001,0.00010689427752574865,4958.6999999999998,4907.9300000000003,4958.1700000000001,0.00010689427752574865,0,0,0,0
2018-09-17,4885.2299999999996,4831.5600000000004,4907.9300000000003,-0.0046251678406172836,4885.2299999999996,4831.5600000000004,4907.9300000000003,-0.0046251678406172836,0,0,0,0
2018-09-18,4815.7600000000002,4917.3500000000004,4831.5600000000004,-0.0032701653296244304,4815.7600000000002,4917.3500000000004,4831.5600000000004,-0.0032701653296244304,0,0,0,0
2018-09-19,4904.2399999999998,4970.0100000000002,4917.3500000000004,-0.0026660701394044528,4904.2399999999998,4970.0100000000002,4917.3500000000004,-0.0026660701394044528,0,0,0,0
2018-09-20,4961.6599999999999,4951.5799999999999,4970.0100000000002,-0.0016800771024606531,4961.6599999999999,4951.5799999999999,4970.0100000000002,-0.0016800771024606531,0,0,0,0
2018-09-21,4957.2700000000004,5011.6899999999996,4951.5799999999999,0.0011491281570732426,4957.2700000000004,5011.6899999999996,4951.5799999999999,0.0011491281570732426,0,0,0,0
2018-09-25,4980.3000000000002,4995.6899999999996,5011.6899999999996,-0.0062633562730335379,4980.3000000000002,4995.6899999999996,5011.6899999999996,-0.0062633562730335379,0,0,0,0
2018-09-26,4996.3500000000004,5017.0600000000004,4995.6899999999996,0.0001321138821666068,4996.3500000000004,5017.0600000000004,4995.6899999999996,0.0001321138821666068,0,0,0,0
2018-09-27,5012.4499999999998,4945.6899999999996,5017.0600000000004,-0.00091886483318925904,5012.4499999999998,4945.6899999999996,5017.0600000000004,-0.00091886483318925904,0,0,0,0
2018-09-28,4947.7200000000003,4987.2700000000004,4945.6899999999996,0.00041045839913156357,4947.7200000000003,4987.2700000000004,4945.6899999999996,0.00041045839913156357,0,0,0,0
2018-10-08,4906.1000000000004,4817.4300000000003,4987.2700000000004,-0.016275437263272297,4906.1000000000004,4817.4300000000003,4987.2700000000004,-0.016275437263272297,0,0,0,0
2018-10-09,4826.3199999999997,4818.7299999999996,4817.4300000000003,0.0018453822888966354,4826.3199999999997,4818.7299999999996,4817.4300000000003,0.0018453822888966354,0,0,0,0
2018-10-10,4823.3500000000004,4812.4399999999996,4818.7299999999996,0.0009587588430979288,4823.3500000000004,4812.4399999999996,4818.7299999999996,0.0009587588430979288,0,0,0,0
2018-10-11,4662.96,4456.6000000000004,4812.4399999999996,-0.031061166476880619,4662.96,4456.6000000000004,4812.4399999999996,-0.031061166476880619,0,0,0,0
2018-10-12,4415.29,4427.6800000000003,4456.6000000000004,-0.0092693981959341976,4415.29,4427.6800000000003,4456.6000000000004,-0.0092693981959341976,0,0,0,0
2018-10-15,4435.0799999999999,4358.8699999999999,4427.6800000000003,0.0016713041592888445,4435.0799999999999,4358.8699999999999,4427.6800000000003,0.0016713041592888445,0,0,0,0
2018-10-16,4358.0600000000004,4261.1800000000003,4358.8699999999999,-0.0001858279783520933,4358.0600000000004,4261.1800000000003,4358.8699999999999,-0.0001858279783520933,0,0,0,0
2018-10-17,4311.0500000000002,4292.1999999999998,4261.1800000000003,0.011703331002210549,4311.0500000000002,4292.1999999999998,4261.1800000000003,0.011703331002210549,0,0,0,0
2018-10-18,4260.0100000000002,4149.4399999999996,4292.1999999999998,-0.0074996505288662529,4260.0100000000002,4149.4399999999996,4292.1999999999998,-0.0074996505288662529,0,0,0,0
2018-10-19,4080.1199999999999,4241.2299999999996,4149.4399999999996,-0.016705868743734031,4080.1199999999999,4241.2299999999996,4149.4399999999996,-0.016705868743734031,0,0,0,0
2018-10-22,4279.7600000000002,4452.7399999999998,4241.2299999999996,0.0090846287515651269,4279.7600000000002,4452.7399999999998,4241.2299999999996,0.0090846287515651269,0,0,0,0
2018-10-23,4448.9099999999999,4379.0500000000002,4452.7399999999998,-0.00086014454021565712,4448.9099999999999,4379.0500000000002,4452.7399999999998,-0.00086014454021565712,0,0,0,0
2018-10-24,4358.8699999999999,4377.5500000000002,4379.0500000000002,-0.0046083054543794022,4358.8699999999999,4377.5500000000002,4379.0500000000002,-0.0046083054543794022,0,0,0,0
2018-10-25,4245.3000000000002,4345.3299999999999,4377.5500000000002,-0.030210962753138171,4245.3000000000002,4345.3299999999999,4377.5500000000002,-0.030210962753138171,0,0,0,0
2018-10-26,4374.46,4359.4700000000003,4345.3299999999999,0.0067037486220840048,4374.46,4359.4700000000003,4345.3299999999999,0.0067037486220840048,0,0,0,0
2018-10-29,4341.9099999999999,4296.6999999999998,4359.4700000000003,-0.004028012579510909,4341.9099999999999,4296.6999999999998,4359.4700000000003,-0.004028012579510909,0,0,0,0
2018-10-30,4284.3599999999997,4336.6499999999996,4296.6999999999998,-0.0028719715130216539,4284.3599999999997,4336.6499999999996,4296.6999999999998,-0.0028719715130216539,0,0,0,0
2018-10-31,4342.1099999999997,4400.6099999999997,4336.6499999999996,0.0012590363529452198,4342.1099999999997,4400.6099999999997,4336.6499999999996,0.0012590363529452198,0,0,0,0
2018-11-01,4428.8599999999997,4428.7399999999998,4400.6099999999997,0.0064195645603677409,4428.8599999999997,4428.7399999999998,4400.6099999999997,0.0064195645603677409,0,0,0,0
2018-11-02,4490.6300000000001,4564.1800000000003,4428.7399999999998,0.013974629352818235,4490.6300000000001,4564.1800000000003,4428.7399999999998,0.013974629352818235,0,0,0,0
2018-11-05,4557.9200000000001,4598.1999999999998,4564.1800000000003,-0.0013715497635939933,4557.9200000000001,4598.1999999999998,4564.1800000000003,-0.0013715497635939933,0,0,0,0
2018-11-06,4585.5799999999999,4603.1099999999997,4598.1999999999998,-0.0027445522160844948,4585.5799999999999,4603.1099999999997,4598.1999999999998,-0.0027445522160844948,0,0,0,0
2018-11-07,4604.8699999999999,4592.8400000000001,4603.1099999999997,0.00038235019367349743,4604.8699999999999,4592.8400000000001,4603.1099999999997,0.00038235019367349743,0,0,0,0
2018-11-08,4617.9099999999999,4572.3800000000001,4592.8400000000001,0.0054584962681041294,4617.9099999999999,4572.3800000000001,4592.8400000000001,0.0054584962681041294,0,0,0,0
2018-11-09,4553.21,4561.21,4572.3800000000001,-0.0041925649224255901,4553.21,4561.21,4572.3800000000001,-0.0041925649224255901,0,0,0,0
2018-11-12,4560.8599999999997,4697.3500000000004,4561.21,-7.673402452423872e-05,4560.8599999999997,4697.3500000000004,4561.21,-7.673402452423872e-05,0,0,0,0
2018-11-13,4648.5600000000004,4790.4499999999998,4697.3500000000004,-0.010386707398852502,4648.5600000000004,4790.4499999999998,4697.3500000000004,-0.010386707398852502,0,0,0,0
2018-11-14,4784.8599999999997,4791.2299999999996,4790.4499999999998,-0.0011669049880491666,4784.8599999999997,4791.2299999999996,4790.4499999999998,-0.0011669049880491666,0,0,0,0
2018-11-15,4790.3299999999999,4871.0900000000001,4791.2299999999996,-0.00018784320518938635,4790.3299999999999,4871.0900000000001,4791.2299999999996,-0.00018784320518938635,0,0,0,0
2018-11-16,4880.8699999999999,4923.9899999999998,4871.0900000000001,0.0020077641759852494,4880.8699999999999,4923.9899999999998,4871.0900000000001,0.0020077641759852494,0,0,0,0
2018-11-19,4924.29,4942.4899999999998,4923.9899999999998,6.0926200093902594e-05,4924.29,4942.4899999999998,4923.9899999999998,6.0926200093902594e-05,0,0,0,0
2018-11-20,4899.3199999999997,4811.8800000000001,4942.4899999999998,-0.0087344638026581878,4899.3199999999997,4811.8800000000001,4942.4899999999998,-0.0087344638026581878,0,0,0,0
2018-11-21,4754.2299999999996,4847.04,4811.8800000000001,-0.011980764275085987,4754.2299999999996,4847.04,4811.8800000000001,-0.011980764275085987,0,0,0,0
2018-11-22,4858.4799999999996,4850.1300000000001,4847.04,0.0023602033405953904,4858.4799999999996,4850.1300000000001,4847.04,0.0023602033405953904,0,0,0,0
2018-11-23,4840.9399999999996,4642.1199999999999,4850.1300000000001,-0.0018947945725167337,4840.9399999999996,4642.1199999999999,4850.1300000000001,-0.0018947945725167337,0,0,0,0
2018-11-26,4631.4200000000001,4633.7299999999996,4642.1199999999999,-0.0023049813447303391,4631.4200000000001,4633.7299999999996,4642.1199999999999,-0.0023049813447303391,0,0,0,0
2018-11-27,4662.3299999999999,4671.6400000000003,4633.7299999999996,0.0061721334648330295,4662.3299999999999,4671.6400000000003,4633.7299999999996,0.0061721334648330295,0,0,0,0
2018-11-28,4669.6599999999999,4728.5799999999999,4671.6400000000003,-0.0004238340283070352,4669.6599999999999,4728.5799999999999,4671.6400000000003,-0.0004238340283070352,0,0,0,0
2018-11-29,4746.6300000000001,4617.3500000000004,4728.5799999999999,0.0038172136243861399,4746.6300000000001,4617.3500000000004,4728.5799999999999,0.0038172136243861399,0,0,0,0
2018-11-30,4604.2700000000004,4648.1800000000003,4617.3500000000004,-0.0028327937020151683,4604.2700000000004,4648.1800000000003,4617.3500000000004,-0.0028327937020151683,0,0,0,0
2018-12-03,4762.96,4802.29,4648.1800000000003,0.024693535964614099,4762.96,4802.29,4648.1800000000003,0.024693535964614099,0,0,0,0
2018-12-04,4793.3199999999997,4846.1700000000001,4802.29,-0.0018678588756614323,4793.3199999999997,4846.1700000000001,4802.29,-0.0018678588756614323,0,0,0,0
2018-12-05,4750.5500000000002,4816.9899999999998,4846.1700000000001,-0.01973104534095993,4750.5500000000002,4816.9899999999998,4846.1700000000001,-0.01973104534095993,0,0,0,0
2018-12-06,4796.4099999999999,4730.9099999999999,4816.9899999999998,-0.0042723775635822303,4796.4099999999999,4730.9099999999999,4816.9899999999998,-0.0042723775635822303,0,0,0,0
2018-12-07,4738.1700000000001,4731.8999999999996,4730.9099999999999,0.0015345884829769396,4738.1700000000001,4731.8999999999996,4730.9099999999999,0.0015345884829769396,0,0,0,0
2018-12-10,4698.5500000000002,4676.6199999999999,4731.8999999999996,-0.0070479088738137907,4698.5500000000002,4676.6199999999999,4731.8999999999996,-0.0070479088738137907,0,0,0,0
2018-12-11,4691.5900000000001,4720.4700000000003,4676.6199999999999,0.0032010298035760609,4691.5900000000001,4720.4700000000003,4676.6199999999999,0.0032010298035760609,0,0,0,0
2018-12-12,4733.0699999999997,4718.8199999999997,4720.4700000000003,0.0026692257338780667,4733.0699999999997,4718.8199999999997,4720.4700000000003,0.0026692257338780667,0,0,0,0
2018-12-13,4727.46,4763.7200000000003,4718.8199999999997,0.0018309662161304363,4727.46,4763.7200000000003,4718.8199999999997,0.0018309662161304363,0,0,0,0
2018-12-14,4755.0200000000004,4641.8900000000003,4763.7200000000003,-0.0018263038129864295,4755.0200000000004,4641.8900000000003,4763.7200000000003,-0.0018263038129864295,0,0,0,0
2018-12-17,4623.1300000000001,4627.2299999999996,4641.8900000000003,-0.0040414572512490476,4623.1300000000001,4627.2299999999996,4641.8900000000003,-0.0040414572512490476,0,0,0,0
2018-12-18,4602.3999999999996,4596.6099999999997,4627.2299999999996,-0.0053660613369120869,4602.3999999999996,4596.6099999999997,4627.2299999999996,-0.0053660613369120869,0,0,0,0
2018-12-19,4601.3699999999999,4533.3999999999996,4596.6099999999997,0.0010355457608977048,4601.3699999999999,4533.3999999999996,4596.6099999999997,0.0010355457608977048,0,0,0,0
2018-12-20,4523.9700000000003,4550.6000000000004,4533.3999999999996,-0.0020801164688752927,4523.9700000000003,4550.6000000000004,4533.3999999999996,-0.0020801164688752927,0,0,0,0
2018-12-21,4536.5699999999997,4517.7799999999997,4550.6000000000004,-0.0030831099195711698,4536.5699999999997,4517.7799999999997,4550.6000000000004,-0.0030831099195711698,0,0,0,0
2018-12-24,4511.2200000000003,4558.3199999999997,4517.7799999999997,-0.0014520406040133826,4511.2200000000003,4558.3199999999997,4517.7799999999997,-0.0014520406040133826,0,0,0,0
2018-12-25,4512.29,4514.6199999999999,4558.3199999999997,-0.010098018568244438,4512.29,4514.6199999999999,4558.3199999999997,-0.010098018568244438,0,0,0,0
2018-12-26,4509.3199999999997,4494.5,4514.6199999999999,-0.0011739637001564329,4509.3199999999997,4494.5,4514.6199999999999,-0.0011739637001564329,0,0,0,0
2018-12-27,4553.7200000000003,4424.6499999999996,4494.5,0.013176104127266663,4553.7200000000003,4424.6499999999996,4494.5,0.013176104127266663,0,0,0,0
2018-12-28,4429.04,4430.0200000000004,4424.6499999999996,0.00099216887211417415,4429.04,4430.0200000000004,4424.6499999999996,0.00099216887211417415,0,0,0,0
2019-01-02,4436.75,4408.5299999999997,4430.0200000000004,0.0015191805003136327,4436.75,4408.5299999999997,4430.0200000000004,0.0015191805003136327,0,0,0,0
2019-01-03,4404.3100000000004,4376.8599999999997,4408.5299999999997,-0.00095723517816581616,4404.3100000000004,4376.8599999999997,4408.5299999999997,-0.00095723517816581616,0,0,0,0
2019-01-04,4338.0600000000004,4497.8900000000003,4376.8599999999997,-0.0088648026210569331,4338.0600000000004,4497.8900000000003,4376.8599999999997,-0.0088648026210569331,0,0,0,0
2019-01-07,4523.2299999999996,4594.1499999999996,4497.8900000000003,0.005633752715161755,4523.2299999999996,4594.1499999999996,4497.8900000000003,0.005633752715161755,0,0,0,0
2019-01-08,4586.8299999999999,4585.0299999999997,4594.1499999999996,-0.001593330648759772,4586.8299999999999,4585.0299999999997,4594.1499999999996,-0.001593330648759772,0,0,0,0
2019-01-09,4588.6899999999996,4594.7399999999998,4585.0299999999997,0.00079824995692501233,4588.6899999999996,4594.7399999999998,4585.0299999999997,0.00079824995692501233,0,0,0,0
2019-01-10,4592.7399999999998,4582.4799999999996,4594.7399999999998,-0.0004352803423044449,4592.7399999999998,4582.4799999999996,4594.7399999999998,-0.0004352803423044449,0,0,0,0
2019-01-11,4585.2200000000003,4621.6099999999997,4582.4799999999996,0.00059792950542081336,4585.2200000000003,4621.6099999999997,4582.4799999999996,0.00059792950542081336,0,0,0,0
2019-01-14,4621.6999999999998,4594.1899999999996,4621.6099999999997,1.947373317956469e-05,4621.6999999999998,4594.1899999999996,4621.6099999999997,1.947373317956469e-05,0,0,0,0
2019-01-15,4583.5500000000002,4644.1700000000001,4594.1899999999996,-0.0023159686473566143,4583.5500000000002,4644.1700000000001,4594.1899999999996,-0.0023159686473566143,0,0,0,0
2019-01-16,4644.2299999999996,4637.1999999999998,4644.1700000000001,1.2919423707513644e-05,4644.2299999999996,4637.1999999999998,4644.1700000000001,1.2919423707513644e-05,0,0,0,0
2019-01-17,4632.2700000000004,4595.4899999999998,4637.1999999999998,-0.0010631415509357867,4632.2700000000004,4595.4899999999998,4637.1999999999998,-0.0010631415509357867,0,0,0,0
2019-01-18,4596.25,4626.4099999999999,4595.4899999999998,0.00016537953515305404,4596.25,4626.4099999999999,4595.4899999999998,0.00016537953515305404,0,0,0,0
2019-01-21,4629.79,4655.1099999999997,4626.4099999999999,0.00073058808017445465,4629.79,4655.1099999999997,4626.4099999999999,0.00073058808017445465,0,0,0,0
2019-01-22,4651.0299999999997,4603.1999999999998,4655.1099999999997,-0.00087645619544973741,4651.0299999999997,4603.1999999999998,4655.1099999999997,-0.00087645619544973741,0,0,0,0
2019-01-23,4590.6899999999996,4609.6700000000001,4603.1999999999998,-0.0027176746611053959,4590.6899999999996,4609.6700000000001,4603.1999999999998,-0.0027176746611053959,0,0,0,0
2019-01-24,4613.9300000000003,4635.75,4609.6700000000001,0.0009241442445988568,4613.9300000000003,4635.75,4609.6700000000001,0.0009241442445988568,0,0,0,0
2019-01-25,4634.0600000000004,4607.9399999999996,4635.75,-0.00036455805425217314,4634.0600000000004,4607.9399999999996,4635.75,-0.00036455805425217314,0,0,0,0
2019-01-28,4629.4300000000003,4570.3999999999996,4607.9399999999996,0.004663689197342169,4629.4300000000003,4570.3999999999996,4607.9399999999996,0.004663689197342169,0,0,0,0
2019-01-29,4557.8100000000004,4490.0500000000002,4570.3999999999996,-0.0027546823035181633,4557.8100000000004,4490.0500000000002,4570.3999999999996,-0.0027546823035181633,0,0,0,0
2019-01-30,4464.8000000000002,4423.1400000000003,4490.0500000000002,-0.0056235453948174641,4464.8000000000002,4423.1400000000003,4490.0500000000002,-0.0056235453948174641,0,0,0,0
2019-01-31,4408.1099999999997,4355.7399999999998,4423.1400000000003,-0.0033980384975380584,4408.1099999999997,4355.7399999999998,4423.1400000000003,-0.0033980384975380584,0,0,0,0
2019-02-01,4369.2700000000004,4482.9899999999998,4355.7399999999998,0.0031062460110109491,4369.2700000000004,4482.9899999999998,4355.7399999999998,0.0031062460110109491,0,0,0,0
2019-02-11,4497.5299999999997,4611.8299999999999,4482.9899999999998,0.0032433710536940996,4497.5299999999997,4611.8299999999999,4482.9899999999998,0.0032433710536940996,0,0,0,0
2019-02-12,4611.8500000000004,4675.79,4611.8299999999999,4.336673294691451e-06,4611.8500000000004,4675.79,4611.8299999999999,4.336673294691451e-06,0,0,0,0
2019-02-13,4679.6899999999996,4759.8299999999999,4675.79,0.00083408365217430003,4679.6899999999996,4759.8299999999999,4675.79,0.00083408365217430003,0,0,0,0
2019-02-14,4758.5100000000002,4780.04,4759.8299999999999,-0.00027732082868503483,4758.5100000000002,4780.04,4759.8299999999999,-0.00027732082868503483,0,0,0,0
2019-02-15,4772.9799999999996,4773.5100000000002,4780.04,-0.0014769750880746502,4772.9799999999996,4773.5100000000002,4780.04,-0.0014769750880746502,0,0,0,0
2019-02-18,4805.3299999999999,4942.8800000000001,4773.5100000000002,0.0066659544025255979,4805.3299999999999,4942.8800000000001,4773.5100000000002,0.0066659544025255979,0,0,0,0
2019-02-19,4964.2200000000003,4963.75,4942.8800000000001,0.004317321075971936,4964.2200000000003,4963.75,4942.8800000000001,0.004317321075971936,0,0,0,0
2019-02-20,4958.8900000000003,4967.04,4963.75,-0.00097909846386290411,4958.8900000000003,4967.04,4963.75,-0.00097909846386290411,0,0,0,0
2019-02-21,4957.6300000000001,4947.6599999999999,4967.04,-0.0018944884679809038,4957.6300000000001,4947.6599999999999,4967.04,-0.0018944884679809038,0,0,0,0
2019-02-22,4935.4399999999996,5059.5100000000002,4947.6599999999999,-0.0024698544362385944,4935.4399999999996,5059.5100000000002,4947.6599999999999,-0.0024698544362385944,0,0,0,0
2019-02-25,5129.4700000000003,5324.25,5059.5100000000002,0.01382742597603337,5129.4700000000003,5324.25,5059.5100000000002,0.01382742597603337,0,0,0,0
2019-02-26,5335.3800000000001,5323.7600000000002,5324.25,0.0020904352725736874,5335.3800000000001,5323.7600000000002,5324.25,0.0020904352725736874,0,0,0,0
2019-02-27,5312.5600000000004,5310.2700000000004,5323.7600000000002,-0.0021037762784197334,5312.5600000000004,5310.2700000000004,5323.7600000000002,-0.0021037762784197334,0,0,0,0
2019-02-28,5306.1999999999998,5330.3400000000001,5310.2700000000004,-0.0007664393712562001,5306.1999999999998,5330.3400000000001,5310.2700000000004,-0.0007664393712562001,0,0,0,0
2019-03-01,5344.4200000000001,5364.3699999999999,5330.3400000000001,0.0026414825320710822,5344.4200000000001,5364.3699999999999,5330.3400000000001,0.0026414825320710822,0,0,0,0
2019-03-04,5418.71,5482.3000000000002,5364.3699999999999,0.010129800889946194,5418.71,5482.3000000000002,5364.3699999999999,0.010129800889946194,0,0,0,0
2019-03-05,5470.6999999999998,5654.3100000000004,5482.3000000000002,-0.0021159002608395205,5470.6999999999998,5654.3100000000004,5482.3000000000002,-0.0021159002608395205,0,0,0,0
2019-03-06,5694.8999999999996,5776.9700000000003,5654.3100000000004,0.0071785947356970414,5694.8999999999996,5776.9700000000003,5654.3100000000004,0.0071785947356970414,0,0,0,0
2019-03-07,5775.3000000000002,5877.3000000000002,5776.9700000000003,-0.00028907887698914614,5775.3000000000002,5877.3000000000002,5776.9700000000003,-0.00028907887698914614,0,0,0,0
2019-03-08,5736.9300000000003,5633.3199999999997,5877.3000000000002,-0.023883415854218715,5736.9300000000003,5633.3199999999997,5877.3000000000002,-0.023883415854218715,0,0,0,0
2019-03-11,5682.5699999999997,5876.3400000000001,5633.3199999999997,0.0087426242428976231,5682.5699999999997,5876.3400000000001,5633.3199999999997,0.0087426242428976231,0,0,0,0
2019-03-12,5922.5699999999997,6006.1800000000003,5876.3400000000001,0.0078671417923401599,5922.5699999999997,6006.1800000000003,5876.3400000000001,0.0078671417923401599,0,0,0,0
2019-03-13,6014.5100000000002,5866.6300000000001,6006.1800000000003,0.0013869048213672741,6014.5100000000002,5866.6300000000001,6006.1800000000003,0.0013869048213672741,0,0,0,0
2019-03-14,5810.0200000000004,5688.9499999999998,5866.6300000000001,-0.0096494921275075418,5810.0200000000004,5688.9499999999998,5866.6300000000001,-0.0096494921275075418,0,0,0,0
2019-03-15,5723.6499999999996,5777.1099999999997,5688.9499999999998,0.0060995438525561774,5723.6499999999996,5777.1099999999997,5688.9499999999998,0.0060995438525561774,0,0,0,0
2019-03-18,5801.3199999999997,5916.3400000000001,5777.1099999999997,0.004190676653205605,5801.3199999999997,5916.3400000000001,5777.1099999999997,0.004190676653205605,0,0,0,0
2019-03-19,5916.1700000000001,5941.9099999999999,5916.3400000000001,-2.873398080571743e-05,5916.1700000000001,5941.9099999999999,5916.3400000000001,-2.873398080571743e-05,0,0,0,0
2019-03-20,5935.2700000000004,5926.1700000000001,5941.9099999999999,-0.0011174857916056435,5935.2700000000004,5926.1700000000001,5941.9099999999999,-0.0011174857916056435,0,0,0,0
2019-03-21,5929.75,5990.6400000000003,5926.1700000000001,0.00060410011862632729,5929.75,5990.6400000000003,5926.1700000000001,0.00060410011862632729,0,0,0,0
2019-03-22,5981.6999999999998,6014.5500000000002,5990.6400000000003,-0.0014923280317296062,5981.6999999999998,6014.5500000000002,5990.6400000000003,-0.0014923280317296062,0,0,0,0
2019-03-25,5914.8500000000004,5961.4399999999996,6014.5500000000002,-0.016576468729996408,5914.8500000000004,5961.4399999999996,6014.5500000000002,-0.016576468729996408,0,0,0,0
2019-03-26,5982.3599999999997,5788.3599999999997,5961.4399999999996,0.0035092192490404628,5982.3599999999997,5788.3599999999997,5961.4399999999996,0.0035092192490404628,0,0,0,0
2019-03-27,5822.6899999999996,5826.5299999999997,5788.3599999999997,0.0059308681560925613,5822.6899999999996,5826.5299999999997,5788.3599999999997,0.0059308681560925613,0,0,0,0
2019-03-28,5797.8699999999999,5747.8599999999997,5826.5299999999997,-0.004918879676239496,5797.8699999999999,5747.8599999999997,5826.5299999999997,-0.004918879676239496,0,0,0,0
2019-03-29,5748.9200000000001,5911.21,5747.8599999999997,0.00018441646108291465,5748.9200000000001,5911.21,5747.8599999999997,0.00018441646108291465,0,0,0,0
2019-04-01,5961.79,6137.7299999999996,5911.21,0.0085566237707677129,5961.79,6137.7299999999996,5911.21,0.0085566237707677129,0,0,0,0
2019-04-02,6181.0799999999999,6174.9399999999996,6137.7299999999996,0.0070628717783285389,6181.0799999999999,6174.9399999999996,6137.7299999999996,0.0070628717783285389,0,0,0,0
2019-04-03,6142.3699999999999,6237.0200000000004,6174.9399999999996,-0.0052745451777668206,6142.3699999999999,6237.0200000000004,6174.9399999999996,-0.0052745451777668206,0,0,0,0
2019-04-04,6262.6899999999996,6260.0699999999997,6237.0200000000004,0.0041157475845834401,6262.6899999999996,6260.0699999999997,6237.0200000000004,0.0041157475845834401,0,0,0,0
2019-04-08,6303.4300000000003,6230.21,6260.0699999999997,0.0069264401196793557,6303.4300000000003,6230.21,6260.0699999999997,0.0069264401196793557,0,0,0,0
2019-04-09,6212.7299999999996,6245.4300000000003,6230.21,-0.002805683917556645,6212.7299999999996,6245.4300000000003,6230.21,-0.002805683917556645,0,0,0,0
2019-04-10,6203.3999999999996,6235.71,6245.4300000000003,-0.0067297207718284291,6203.3999999999996,6235.71,6245.4300000000003,-0.0067297207718284291,0,0,0,0
2019-04-11,6232.8900000000003,6106.9499999999998,6235.71,-0.00045223398778959645,6232.8900000000003,6106.9499999999998,6235.71,-0.00045223398778959645,0,0,0,0
2019-04-12,6097.0699999999997,6101.1999999999998,6106.9499999999998,-0.0016178288671104823,6097.0699999999997,6101.1999999999998,6106.9499999999998,-0.0016178288671104823,0,0,0,0
2019-04-15,6178.5,6052.0500000000002,6101.1999999999998,0.012669638759588375,6178.5,6052.0500000000002,6101.1999999999998,0.012669638759588375,0,0,0,0
2019-04-16,6019.1300000000001,6179.8000000000002,6052.0500000000002,-0.0054394791847390822,6019.1300000000001,6179.8000000000002,6052.0500000000002,-0.0054394791847390822,0,0,0,0
2019-04-17,6181.7600000000002,6234.1099999999997,6179.8000000000002,0.00031716236771406336,6181.7600000000002,6234.1099999999997,6179.8000000000002,0.00031716236771406336,0,0,0,0
2019-04-18,6229.6899999999996,6202.8400000000001,6234.1099999999997,-0.00070900256812922446,6229.6899999999996,6202.8400000000001,6234.1099999999997,-0.00070900256812922446,0,0,0,0
2019-04-19,6198.6099999999997,6255.25,6202.8400000000001,-0.00068194568939394795,6198.6099999999997,6255.25,6202.8400000000001,-0.00068194568939394795,0,0,0,0
2019-04-22,6270.3699999999999,6192.1400000000003,6255.25,0.0024171695775547786,6270.3699999999999,6192.1400000000003,6255.25,0.0024171695775547786,0,0,0,0
2019-04-23,6175.1300000000001,6078.2700000000004,6192.1400000000003,-0.0027470309133837967,6175.1300000000001,6078.2700000000004,6192.1400000000003,-0.0027470309133837967,0,0,0,0
2019-04-24,6081.96,6153.3900000000003,6078.2700000000004,0.0006070806331406331,6081.96,6153.3900000000003,6078.2700000000004,0.0006070806331406331,0,0,0,0
2019-04-25,6130.0100000000002,5899.9099999999999,6153.3900000000003,-0.0037995316402829049,6130.0100000000002,5899.9099999999999,6153.3900000000003,-0.0037995316402829049,0,0,0,0
2019-04-26,5861.79,5834.3800000000001,5899.9099999999999,-0.0064611155085416705,5861.79,5834.3800000000001,5899.9099999999999,-0.0064611155085416705,0,0,0,0
2019-04-29,5831.2399999999998,5622.4799999999996,5834.3800000000001,-0.00053818914777581384,5831.2399999999998,5622.4799999999996,5834.3800000000001,-0.00053818914777581384,0,0,0,0
2019-04-30,5595.8100000000004,5682.2399999999998,5622.4799999999996,-0.0047434584026976312,5595.8100000000004,5682.2399999999998,5622.4799999999996,-0.0047434584026976312,0,0,0,0
2019-05-06,5480.1300000000001,5246.8299999999999,5682.2399999999998,-0.035568719378273328,5480.1300000000001,5246.8299999999999,5682.2399999999998,-0.035568719378273328,0,0,0,0
2019-05-07,5273.2200000000003,5312.5,5246.8299999999999,0.0050297036496322889,5273.2200000000003,5312.5,5246.8299999999999,0.0050297036496322889,0,0,0,0
2019-05-08,5198.8400000000001,5292.75,5312.5,-0.021394823529411688,5198.8400000000001,5292.75,5312.5,-0.021394823529411688,0,0,0,0
2019-05-09,5243.7200000000003,5237.8199999999997,5292.75,-0.0092636153228472518,5243.7200000000003,5237.8199999999997,5292.75,-0.0092636153228472518,0,0,0,0
2019-05-10,5292.4499999999998,5445.5299999999997,5237.8199999999997,0.010429911680813753,5292.4499999999998,5445.5299999999997,5237.8199999999997,0.010429911680813753,0,0,0,0
2019-05-13,5385.7600000000002,5405.6099999999997,5445.5299999999997,-0.010975974790332521,5385.7600000000002,5405.6099999999997,5445.5299999999997,-0.010975974790332521,0,0,0,0
2019-05-14,5333.8500000000004,5368.2299999999996,5405.6099999999997,-0.013275097537558067,5333.8500000000004,5368.2299999999996,5405.6099999999997,-0.013275097537558067,0,0,0,0
2019-05-15,5412.9300000000003,5486.3900000000003,5368.2299999999996,0.0083267669231759101,5412.9300000000003,5486.3900000000003,5368.2299999999996,0.0083267669231759101,0,0,0,0
2019-05-16,5488.2700000000004,5527.2700000000004,5486.3900000000003,0.00034266612471944846,5488.2700000000004,5527.2700000000004,5486.3900000000003,0.00034266612471944846,0,0,0,0
2019-05-17,5527.3800000000001,5330.9899999999998,5527.2700000000004,1.990132560925062e-05,5527.3800000000001,5330.9899999999998,5527.2700000000004,1.990132560925062e-05,0,0,0,0
2019-05-20,5326.1899999999996,5313.1499999999996,5330.9899999999998,-0.00090039561132171375,5326.1899999999996,5313.1499999999996,5330.9899999999998,-0.00090039561132171375,0,0,0,0
2019-05-21,5305.4399999999996,5418.0500000000002,5313.1499999999996,-0.0014511165692667749,5305.4399999999996,5418.0500000000002,5313.1499999999996,-0.0014511165692667749,0,0,0,0
2019-05-22,5418.2399999999998,5395.4300000000003,5418.0500000000002,3.506796725760708e-05,5418.2399999999998,5395.4300000000003,5418.0500000000002,3.506796725760708e-05,0,0,0,0
2019-05-23,5380.4099999999999,5267.8299999999999,5395.4300000000003,-0.0027838374327904258,5380.4099999999999,5267.8299999999999,5395.4300000000003,-0.0027838374327904258,0,0,0,0
2019-05-24,5230.8999999999996,5200.7700000000004,5267.8299999999999,-0.0070104767997448691,5230.8999999999996,5200.7700000000004,5267.8299999999999,-0.0070104767997448691,0,0,0,0
2019-05-27,5204.4200000000001,5354.6300000000001,5200.7700000000004,0.00070181915370226555,5204.4200000000001,5354.6300000000001,5200.7700000000004,0.00070181915370226555,0,0,0,0
2019-05-28,5353.8500000000004,5354.5299999999997,5354.6300000000001,-0.00014566832815710029,5353.8500000000004,5354.5299999999997,5354.6300000000001,-0.00014566832815710029,0,0,0,0
2019-05-29,5336.8400000000001,5376.5100000000002,5354.5299999999997,-0.003303744679738374,5336.8400000000001,5376.5100000000002,5354.5299999999997,-0.003303744679738374,0,0,0,0
2019-05-30,5357.4899999999998,5341.9799999999996,5376.5100000000002,-0.0035376108293299069,5357.4899999999998,5341.9799999999996,5376.5100000000002,-0.0035376108293299069,0,0,0,0
2019-05-31,5336.6899999999996,5334.25,5341.9799999999996,-0.00099026952553171732,5336.6899999999996,5334.25,5341.9799999999996,-0.00099026952553171732,0,0,0,0
2019-06-03,5341.2700000000004,5255.0699999999997,5334.25,0.0013160238084080067,5341.2700000000004,5255.0699999999997,5334.25,0.0013160238084080067,0,0,0,0
2019-06-04,5244.7299999999996,5160.9799999999996,5255.0699999999997,-0.001967623647258776,5244.7299999999996,5160.9799999999996,5255.0699999999997,-0.001967623647258776,0,0,0,0
2019-06-05,5206.1499999999996,5158.4700000000003,5160.9799999999996,0.0087522137268503108,5206.1499999999996,5158.4700000000003,5160.9799999999996,0.0087522137268503108,0,0,0,0
2019-06-06,5149.3800000000001,5030.8000000000002,5158.4700000000003,-0.0017621504050620018,5149.3800000000001,5030.8000000000002,5158.4700000000003,-0.0017621504050620018,0,0,0,0
2019-06-10,5043.3299999999999,5098.9399999999996,5030.8000000000002,0.0024906575494949568,5043.3299999999999,5098.9399999999996,5030.8000000000002,0.0024906575494949568,0,0,0,0
2019-06-11,5103.8500000000004,5289.6199999999999,5098.9399999999996,0.00096294523959894462,5103.8500000000004,5289.6199999999999,5098.9399999999996,0.00096294523959894462,0,0,0,0
2019-06-12,5276.6999999999998,5264.8900000000003,5289.6199999999999,-0.0024425195004555977,5276.6999999999998,5264.8900000000003,5289.6199999999999,-0.0024425195004555977,0,0,0,0
2019-06-13,5256.9099999999999,5294.1099999999997,5264.8900000000003,-0.0015157011827408029,5256.9099999999999,5294.1099999999997,5264.8900000000003,-0.0015157011827408029,0,0,0,0
2019-06-14,5297.7399999999998,5173.0699999999997,5294.1099999999997,0.00068566765707545052,5297.7399999999998,5173.0699999999997,5294.1099999999997,0.00068566765707545052,0,0,0,0
2019-06-17,5168.3500000000004,5160.6700000000001,5173.0699999999997,-0.00091241757795645917,5168.3500000000004,5160.6700000000001,5173.0699999999997,-0.00091241757795645917,0,0,0,0
2019-06-18,5160.1099999999997,5160.8800000000001,5160.6700000000001,-0.00010851304191128452,5160.1099999999997,5160.8800000000001,5160.6700000000001,-0.00010851304191128452,0,0,0,0
2019-06-19,5268.9399999999996,5234.2799999999997,5160.8800000000001,0.020938289594022663,5268.9399999999996,5234.2799999999997,5160.8800000000001,0.020938289594022663,0,0,0,0
2019-06-20,5228.4899999999998,5317.3100000000004,5234.2799999999997,-0.0011061693298791697,5228.4899999999998,5317.3100000000004,5234.2799999999997,-0.0011061693298791697,0,0,0,0
2019-06-21,5350.29,5406.04,5317.3100000000004,0.0062023842882961144,5350.29,5406.04,5317.3100000000004,0.0062023842882961144,0,0,0,0
2019-06-24,5412.5500000000002,5403.8000000000002,5406.04,0.0012042086259074214,5412.5500000000002,5403.8000000000002,5406.04,0.0012042086259074214,0,0,0,0
2019-06-25,5397.0600000000004,5351.6899999999996,5403.8000000000002,-0.0012472704393204914,5397.0600000000004,5351.6899999999996,5403.8000000000002,-0.0012472704393204914,0,0,0,0
2019-06-26,5323.6999999999998,5351.3900000000003,5351.6899999999996,-0.0052301235684428793,5323.6999999999998,5351.3900000000003,5351.6899999999996,-0.0052301235684428793,0,0,0,0
2019-06-27,5361.9799999999996,5397.5699999999997,5351.3900000000003,0.001978925101702389,5361.9799999999996,5397.5699999999997,5351.3900000000003,0.001978925101702389,0,0,0,0
2019-06-28,5389.9799999999996,5321.4300000000003,5397.5699999999997,-0.0014061883403087005,5389.9799999999996,5321.4300000000003,5397.5699999999997,-0.0014061883403087005,0,0,0,0
2019-07-01,5418.21,5481.4099999999999,5321.4300000000003,0.018186840755210376,5418.21,5481.4099999999999,5321.4300000000003,0.018186840755210376,0,0,0,0
2019-07-02,5482.4399999999996,5483.5200000000004,5481.4099999999999,0.0001879078558253422,5482.4399999999996,5483.5200000000004,5481.4099999999999,0.0001879078558253422,0,0,0,0
2019-07-03,5465.9499999999998,5428.5100000000002,5483.5200000000004,-0.0032041462418301858,5465.9499999999998,5428.5100000000002,5483.5200000000004,-0.0032041462418301858,0,0,0,0
2019-07-04,5435.4799999999996,5404.3800000000001,5428.5100000000002,0.0012839618974633815,5435.4799999999996,5404.3800000000001,5428.5100000000002,0.0012839618974633815,0,0,0,0
2019-07-05,5404.71,5424.25,5404.3800000000001,6.1061583382260309e-05,5404.71,5424.25,5404.3800000000001,6.1061583382260309e-05,0,0,0,0
2019-07-08,5410.1999999999998,5244.2700000000004,5424.25,-0.0025902198460616699,5410.1999999999998,5244.2700000000004,5424.25,-0.0025902198460616699,0,0,0,0
2019-07-09,5239.8599999999997,5260.3400000000001,5244.2700000000004,-0.0008409178017151353,5239.8599999999997,5260.3400000000001,5244.2700000000004,-0.0008409178017151353,0,0,0,0
2019-07-10,5267.2700000000004,5214.6400000000003,5260.3400000000001,0.0013174053388185225,5267.2700000000004,5214.6400000000003,5260.3400000000001,0.0013174053388185225,0,0,0,0
2019-07-11,5236.6599999999999,5206.3999999999996,5214.6400000000003,0.0042227267845909022,5236.6599999999999,5206.3999999999996,5214.6400000000003,0.0042227267845909022,0,0,0,0
2019-07-12,5209.3000000000002,5219.1899999999996,5206.3999999999996,0.00055700676090975065,5209.3000000000002,5219.1899999999996,5206.3999999999996,0.00055700676090975065,0,0,0,0
2019-07-15,5203.5799999999999,5273.8100000000004,5219.1899999999996,-0.002990885558870171,5203.5799999999999,5273.8100000000004,5219.1899999999996,-0.002990885558870171,0,0,0,0
2019-07-16,5264.6499999999996,5285.2299999999996,5273.8100000000004,-0.0017368847190173398,5264.6499999999996,5285.2299999999996,5273.8100000000004,-0.0017368847190173398,0,0,0,0
2019-07-17,5282.5600000000004,5289.4200000000001,5285.2299999999996,-0.00050518142067590421,5282.5600000000004,5289.4200000000001,5285.2299999999996,-0.00050518142067590421,0,0,0,0
2019-07-18,5265.3699999999999,5194.6000000000004,5289.4200000000001,-0.0045468123159061458,5265.3699999999999,5194.6000000000004,5289.4200000000001,-0.0045468123159061458,0,0,0,0
2019-07-19,5205.7299999999996,5220.0299999999997,5194.6000000000004,0.0021426096330803279,5205.7299999999996,5220.0299999999997,5194.6000000000004,0.0021426096330803279,0,0,0,0
2019-07-22,5222.0600000000004,5073.3299999999999,5220.0299999999997,0.00038888665390834909,5222.0600000000004,5073.3299999999999,5220.0299999999997,0.00038888665390834909,0,0,0,0
2019-07-23,5072.7700000000004,5131.1000000000004,5073.3299999999999,-0.00011038115005324034,5072.7700000000004,5131.1000000000004,5073.3299999999999,-0.00011038115005324034,0,0,0,0
2019-07-24,5141.9399999999996,5194.8299999999999,5131.1000000000004,0.0021126074331039302,5141.9399999999996,5194.8299999999999,5131.1000000000004,0.0021126074331039302,0,0,0,0
2019-07-25,5193.6499999999996,5211.0900000000001,5194.8299999999999,-0.00022714891536401716,5193.6499999999996,5211.0900000000001,5194.8299999999999,-0.00022714891536401716,0,0,0,0
2019-07-26,5201.5600000000004,5216.6000000000004,5211.0900000000001,-0.0018287920569400873,5201.5600000000004,5216.6000000000004,5211.0900000000001,-0.0018287920569400873,0,0,0,0
2019-07-29,5217.9300000000003,5218.9799999999996,5216.6000000000004,0.00025495533489250377,5217.9300000000003,5218.9799999999996,5216.6000000000004,0.00025495533489250377,0,0,0,0
2019-07-30,5217.0699999999997,5239.7200000000003,5218.9799999999996,-0.00036597189489129267,5217.0699999999997,5239.7200000000003,5218.9799999999996,-0.00036597189489129267,0,0,0,0
2019-07-31,5229.1400000000003,5200.0900000000001,5239.7200000000003,-0.0020191918652141538,5229.1400000000003,5200.0900000000001,5239.7200000000003,-0.0020191918652141538,0,0,0,0
2019-08-01,5172.0799999999999,5173.2299999999996,5200.0900000000001,-0.0053864452346017444,5172.0799999999999,5173.2299999999996,5200.0900000000001,-0.0053864452346017444,0,0,0,0
2019-08-02,5074,5091.0600000000004,5173.2299999999996,-0.019181439835460501,5074,5091.0600000000004,5173.2299999999996,-0.019181439835460501,0,0,0,0
2019-08-05,5076.1099999999997,5032.6400000000003,5091.0600000000004,-0.0029365200960115301,5076.1099999999997,5032.6400000000003,5091.0600000000004,-0.0029365200960115301,0,0,0,0
2019-08-06,4940.8699999999999,4899.8199999999997,5032.6400000000003,-0.018234962166974067,4940.8699999999999,4899.8199999999997,5032.6400000000003,-0.018234962166974067,0,0,0,0
2019-08-07,4928.1400000000003,4885.4399999999996,4899.8199999999997,0.0057798041560712665,4928.1400000000003,4885.4399999999996,4899.8199999999997,0.0057798041560712665,0,0,0,0
2019-08-08,4901.8199999999997,4923.3299999999999,4885.4399999999996,0.0033528198074277427,4901.8199999999997,4923.3299999999999,4885.4399999999996,0.0033528198074277427,0,0,0,0
2019-08-09,4948.5200000000004,4869.79,4923.3299999999999,0.0051164557321976556,4948.5200000000004,4869.79,4923.3299999999999,0.0051164557321976556,0,0,0,0
2019-08-12,4873.8900000000003,4952.2200000000003,4869.79,0.00084192542183547658,4873.8900000000003,4952.2200000000003,4869.79,0.00084192542183547658,0,0,0,0
2019-08-13,4917.8900000000003,4928.46,4952.2200000000003,-0.0069322445287164358,4917.8900000000003,4928.46,4952.2200000000003,-0.0069322445287164358,0,0,0,0
2019-08-14,4980.3900000000003,4961.75,4928.46,0.010536759961529585,4980.3900000000003,4961.75,4928.46,0.010536759961529585,0,0,0,0
2019-08-15,4848.8699999999999,4985.4200000000001,4961.75,-0.022750037789086575,4848.8699999999999,4985.4200000000001,4961.75,-0.022750037789086575,0,0,0,0
2019-08-16,4981.5600000000004,5013.5799999999999,4985.4200000000001,-0.00077425773555683808,4981.5600000000004,5013.5799999999999,4985.4200000000001,-0.00077425773555683808,0,0,0,0
2019-08-19,5054.4799999999996,5173.1800000000003,5013.5799999999999,0.0081578432976037174,5054.4799999999996,5173.1800000000003,5013.5799999999999,0.0081578432976037174,0,0,0,0
2019-08-20,5183.0100000000002,5185.2700000000004,5173.1800000000003,0.001900185185901071,5183.0100000000002,5185.2700000000004,5173.1800000000003,0.001900185185901071,0,0,0,0
2019-08-21,5177.8800000000001,5186.6199999999999,5185.2700000000004,-0.001425190973662005,5177.8800000000001,5186.6199999999999,5185.2700000000004,-0.001425190973662005,0,0,0,0
2019-08-22,5200.0600000000004,5208.5500000000002,5186.6199999999999,0.0025912829549881167,5200.0600000000004,5208.5500000000002,5186.6199999999999,0.0025912829549881167,0,0,0,0
2019-08-23,5210.4200000000001,5197.5500000000002,5208.5500000000002,0.00035902506455731675,5210.4200000000001,5197.5500000000002,5208.5500000000002,0.00035902506455731675,0,0,0,0
2019-08-26,5096.1000000000004,5168.6800000000003,5197.5500000000002,-0.019518811747842646,5096.1000000000004,5168.6800000000003,5197.5500000000002,-0.019518811747842646,0,0,0,0
2019-08-27,5196.1400000000003,5266.6599999999999,5168.6800000000003,0.0053127684437805911,5196.1400000000003,5266.6599999999999,5168.6800000000003,0.0053127684437805911,0,0,0,0
2019-08-28,5261.6199999999999,5256.1800000000003,5266.6599999999999,-0.00095696323666227823,5261.6199999999999,5256.1800000000003,5266.6599999999999,-0.00095696323666227823,0,0,0,0
2019-08-29,5262.96,5260.9499999999998,5256.1800000000003,0.0012899101628938148,5262.96,5260.9499999999998,5256.1800000000003,0.0012899101628938148,0,0,0,0
2019-08-30,5280.5100000000002,5182.96,5260.9499999999998,0.0037179596840875018,5280.5100000000002,5182.96,5260.9499999999998,0.0037179596840875018,0,0,0,0
2019-09-02,5187.3999999999996,5317.5299999999997,5182.96,0.00085665334094797707,5187.3999999999996,5317.5299999999997,5182.96,0.00085665334094797707,0,0,0,0
2019-09-03,5324.6899999999996,5357.0600000000004,5317.5299999999997,0.0013464898176409612,5324.6899999999996,5357.0600000000004,5317.5299999999997,0.0013464898176409612,0,0,0,0
2019-09-04,5345.9399999999996,5394.71,5357.0600000000004,-0.0020757654385056279,5345.9399999999996,5394.71,5357.0600000000004,-0.0020757654385056279,0,0,0,0
2019-09-05,5423.96,5445.5699999999997,5394.71,0.005421978197159838,5423.96,5445.5699999999997,5394.71,0.005421978197159838,0,0,0,0
2019-09-06,5461.3299999999999,5468.46,5445.5699999999997,0.0028940955675897939,5461.3299999999999,5468.46,5445.5699999999997,0.0028940955675897939,0,0,0,0
2019-09-09,5516.5299999999997,5602.2399999999998,5468.46,0.0087904089999744084,5516.5299999999997,5602.2399999999998,5468.46,0.0087904089999744084,0,0,0,0
2019-09-10,5608.7399999999998,5614.5799999999999,5602.2399999999998,0.0011602501856400327,5608.7399999999998,5614.5799999999999,5602.2399999999998,0.0011602501856400327,0,0,0,0
2019-09-11,5630.1999999999998,5566.4099999999999,5614.5799999999999,0.0027820424680029543,5630.1999999999998,5566.4099999999999,5614.5799999999999,0.0027820424680029543,0,0,0,0
2019-09-12,5580.6000000000004,5592.9200000000001,5566.4099999999999,0.0025492193352627535,5580.6000000000004,5592.9200000000001,5566.4099999999999,0.0025492193352627535,0,0,0,0
2019-09-16,5613.5699999999997,5627.2399999999998,5592.9200000000001,0.0036921679552004427,5613.5699999999997,5627.2399999999998,5592.9200000000001,0.0036921679552004427,0,0,0,0
2019-09-17,5614.1599999999999,5492.2200000000003,5627.2399999999998,-0.002324407702532616,5614.1599999999999,5492.2200000000003,5627.2399999999998,-0.002324407702532616,0,0,0,0
2019-09-18,5501.8400000000001,5485.8800000000001,5492.2200000000003,0.0017515685824676108,5501.8400000000001,5485.8800000000001,5492.2200000000003,0.0017515685824676108,0,0,0,0
2019-09-19,5497.2399999999998,5550.4099999999999,5485.8800000000001,0.0020707707787992469,5497.2399999999998,5550.4099999999999,5485.8800000000001,0.0020707707787992469,0,0,0,0
2019-09-20,5560.04,5556.4799999999996,5550.4099999999999,0.0017350069634496368,5560.04,5556.4799999999996,5550.4099999999999,0.0017350069634496368,0,0,0,0
2019-09-23,5538.7299999999996,5501.21,5556.4799999999996,-0.0031944684404514589,5538.7299999999996,5501.21,5556.4799999999996,-0.0031944684404514589,0,0,0,0
2019-09-24,5504.5,5528.8900000000003,5501.21,0.00059805024712744626,5504.5,5528.8900000000003,5501.21,0.00059805024712744626,0,0,0,0
2019-09-25,5502.1599999999999,5421.6199999999999,5528.8900000000003,-0.0048346051377402555,5502.1599999999999,5421.6199999999999,5528.8900000000003,-0.0048346051377402555,0,0,0,0
2019-09-26,5428.6099999999997,5244.0799999999999,5421.6199999999999,0.0012892825391672691,5428.6099999999997,5244.0799999999999,5421.6199999999999,0.0012892825391672691,0,0,0,0
2019-09-27,5241.5100000000002,5291.4399999999996,5244.0799999999999,-0.00049007642903997617,5241.5100000000002,5291.4399999999996,5244.0799999999999,-0.00049007642903997617,0,0,0,0
2019-09-30,5297.0200000000004,5232.3900000000003,5291.4399999999996,0.0010545333595393114,5297.0200000000004,5232.3900000000003,5291.4399999999996,0.0010545333595393114,0,0,0,0
2019-10-08,5242.0200000000004,5237.1800000000003,5232.3900000000003,0.0018404591400871251,5242.0200000000004,5237.1800000000003,5232.3900000000003,0.0018404591400871251,0,0,0,0
2019-10-09,5220.1999999999998,5285.1499999999996,5237.1800000000003,-0.0032422028649006229,5220.1999999999998,5285.1499999999996,5237.1800000000003,-0.0032422028649006229,0,0,0,0
2019-10-10,5291.5500000000002,5366.9300000000003,5285.1499999999996,0.0012109400868471898,5291.5500000000002,5366.9300000000003,5285.1499999999996,0.0012109400868471898,0,0,0,0
2019-10-11,5371.3999999999996,5370.6499999999996,5366.9300000000003,0.00083287838671264325,5371.3999999999996,5370.6499999999996,5366.9300000000003,0.00083287838671264325,0,0,0,0
2019-10-14,5411.6499999999996,5455.6099999999997,5370.6499999999996,0.0076340852596985531,5411.6499999999996,5455.6099999999997,5370.6499999999996,0.0076340852596985531,0,0,0,0
2019-10-15,5429.9399999999996,5375.5299999999997,5455.6099999999997,-0.0047052483590286354,5429.9399999999996,5375.5299999999997,5455.6099999999997,-0.0047052483590286354,0,0,0,0
2019-10-16,5377.75,5353.0200000000004,5375.5299999999997,0.00041298253381527594,5377.75,5353.0200000000004,5375.5299999999997,0.00041298253381527594,0,0,0,0
2019-10-17,5354.4099999999999,5347.2700000000004,5353.0200000000004,0.00025966650600950381,5354.4099999999999,5347.2700000000004,5353.0200000000004,0.00025966650600950381,0,0,0,0
2019-10-18,5350.6400000000003,5280.5299999999997,5347.2700000000004,0.0006302281351044936,5350.6400000000003,5280.5299999999997,5347.2700000000004,0.0006302281351044936,0,0,0,0
2019-10-21,5273.6400000000003,5247.3000000000002,5280.5299999999997,-0.0013047932688573516,5273.6400000000003,5247.3000000000002,5280.5299999999997,-0.0013047932688573516,0,0,0,0
2019-10-22,5252.1899999999996,5312.46,5247.3000000000002,0.00093190783831675894,5252.1899999999996,5312.46,5247.3000000000002,0.00093190783831675894,0,0,0,0
2019-10-23,5311.7700000000004,5269.7200000000003,5312.46,-0.00012988333088614912,5311.7700000000004,5269.7200000000003,5312.46,-0.00012988333088614912,0,0,0,0
2019-10-24,5262.9200000000001,5259.4499999999998,5269.7200000000003,-0.0012903911403262525,5262.9200000000001,5259.4499999999998,5269.7200000000003,-0.0012903911403262525,0,0,0,0
2019-10-25,5254.3699999999999,5300.0900000000001,5259.4499999999998,-0.00096588046278600626,5254.3699999999999,5300.0900000000001,5259.4499999999998,-0.00096588046278600626,0,0,0,0
2019-10-28,5343.5,5425.75,5300.0900000000001,0.0081904269550139297,5343.5,5425.75,5300.0900000000001,0.0081904269550139297,0,0,0,0
2019-10-29,5434.3100000000004,5366.75,5425.75,0.0015776620743677139,5434.3100000000004,5366.75,5425.75,0.0015776620743677139,0,0,0,0
2019-10-30,5349.0799999999999,5313.4200000000001,5366.75,-0.0032924954581450283,5349.0799999999999,5313.4200000000001,5366.75,-0.0032924954581450283,0,0,0,0
2019-10-31,5310.6599999999999,5253.8800000000001,5313.4200000000001,-0.00051943945707288997,5310.6599999999999,5253.8800000000001,5313.4200000000001,-0.00051943945707288997,0,0,0,0
2019-11-01,5234.75,5303.9899999999998,5253.8800000000001,-0.0036411185638043353,5234.75,5303.9899999999998,5253.8800000000001,-0.0036411185638043353,0,0,0,0
2019-11-04,5316.6000000000004,5337.0799999999999,5303.9899999999998,0.0023774554627744582,5316.6000000000004,5337.0799999999999,5303.9899999999998,0.0023774554627744582,0,0,0,0
2019-11-05,5341.1700000000001,5352.0600000000004,5337.0799999999999,0.00076633664850445093,5341.1700000000001,5352.0600000000004,5337.0799999999999,0.00076633664850445093,0,0,0,0
2019-11-06,5348.4499999999998,5304.8400000000001,5352.0600000000004,-0.00067450663856549742,5348.4499999999998,5304.8400000000001,5352.0600000000004,-0.00067450663856549742,0,0,0,0
2019-11-07,5300.6700000000001,5340.1700000000001,5304.8400000000001,-0.00078607460356960868,5300.6700000000001,5340.1700000000001,5304.8400000000001,-0.00078607460356960868,0,0,0,0
2019-11-08,5361.2700000000004,5321.7799999999997,5340.1700000000001,0.0039511850746325461,5361.2700000000004,5321.7799999999997,5340.1700000000001,0.0039511850746325461,0,0,0,0
2019-11-11,5289.6300000000001,5183.5699999999997,5321.7799999999997,-0.0060412117750074934,5289.6300000000001,5183.5699999999997,5321.7799999999997,-0.0060412117750074934,0,0,0,0
2019-11-12,5183.4799999999996,5196.7200000000003,5183.5699999999997,-1.7362551291921768e-05,5183.4799999999996,5196.7200000000003,5183.5699999999997,-1.7362551291921768e-05,0,0,0,0
2019-11-13,5188.8800000000001,5181.4899999999998,5196.7200000000003,-0.0015086439138534136,5188.8800000000001,5181.4899999999998,5196.7200000000003,-0.0015086439138534136,0,0,0,0
2019-11-14,5180.3100000000004,5216.6400000000003,5181.4899999999998,-0.00022773372138118475,5180.3100000000004,5216.6400000000003,5181.4899999999998,-0.00022773372138118475,0,0,0,0
2019-11-15,5208.3699999999999,5152.5600000000004,5216.6400000000003,-0.0015853116182064086,5208.3699999999999,5152.5600000000004,5216.6400000000003,-0.0015853116182064086,0,0,0,0
2019-11-18,5147.0299999999997,5189.3500000000004,5152.5600000000004,-0.0010732529072927655,5147.0299999999997,5189.3500000000004,5152.5600000000004,-0.0010732529072927655,0,0,0,0
2019-11-19,5192.6800000000003,5286.1499999999996,5189.3500000000004,0.00064169886401965748,5192.6800000000003,5286.1499999999996,5189.3500000000004,0.00064169886401965748,0,0,0,0
2019-11-20,5281.8500000000004,5259.4700000000003,5286.1499999999996,-0.00081344645914305236,5281.8500000000004,5259.4700000000003,5286.1499999999996,-0.00081344645914305236,0,0,0,0
2019-11-21,5238.6000000000004,5250.6700000000001,5259.4700000000003,-0.0039680804339600195,5238.6000000000004,5250.6700000000001,5259.4700000000003,-0.0039680804339600195,0,0,0,0
2019-11-22,5255.4300000000003,5181.1099999999997,5250.6700000000001,0.00090655097349490177,5255.4300000000003,5181.1099999999997,5250.6700000000001,0.00090655097349490177,0,0,0,0
2019-11-25,5179.1499999999996,5151.3699999999999,5181.1099999999997,-0.0003782973146680968,5179.1499999999996,5151.3699999999999,5181.1099999999997,-0.0003782973146680968,0,0,0,0
2019-11-26,5154.9200000000001,5147.7299999999996,5151.3699999999999,0.00068913706450901557,5154.9200000000001,5147.7299999999996,5151.3699999999999,0.00068913706450901557,0,0,0,0
2019-11-27,5138.0600000000004,5145.9700000000003,5147.7299999999996,-0.0018784979010163516,5138.0600000000004,5145.9700000000003,5147.7299999999996,-0.0018784979010163516,0,0,0,0
2019-11-28,5142.3800000000001,5131.1300000000001,5145.9700000000003,-0.00069763329362593218,5142.3800000000001,5131.1300000000001,5145.9700000000003,-0.00069763329362593218,0,0,0,0
2019-11-29,5130.2799999999997,5126.6099999999997,5131.1300000000001,-0.00016565551837521841,5130.2799999999997,5126.6099999999997,5131.1300000000001,-0.00016565551837521841,0,0,0,0
2019-12-02,5131.8900000000003,5137.7799999999997,5126.6099999999997,0.0010299203567269988,5131.8900000000003,5137.7799999999997,5126.6099999999997,0.0010299203567269988,0,0,0,0
2019-12-03,5119.75,5171.3599999999997,5137.7799999999997,-0.0035092977900960109,5119.75,5171.3599999999997,5137.7799999999997,-0.0035092977900960109,0,0,0,0
2019-12-04,5148.4099999999999,5179.6899999999996,5171.3599999999997,-0.0044379041490052451,5148.4099999999999,5179.6899999999996,5171.3599999999997,-0.0044379041490052451,0,0,0,0
2019-12-05,5190.0799999999999,5238.1300000000001,5179.6899999999996,0.0020059115506914083,5190.0799999999999,5238.1300000000001,5179.6899999999996,0.0020059115506914083,0,0,0,0
2019-12-06,5241.0900000000001,5275.5100000000002,5238.1300000000001,0.00056508715896708139,5241.0900000000001,5275.5100000000002,5238.1300000000001,0.00056508715896708139,0,0,0,0
2019-12-09,5286.1999999999998,5294.2799999999997,5275.5100000000002,0.0020263443723924635,5286.1999999999998,5294.2799999999997,5275.5100000000002,0.0020263443723924635,0,0,0,0
2019-12-10,5286.04,5326.3599999999997,5294.2799999999997,-0.0015563967149451186,5286.04,5326.3599999999997,5294.2799999999997,-0.0015563967149451186,0,0,0,0
2019-12-11,5323.8599999999997,5304.8800000000001,5326.3599999999997,-0.0004693636930286349,5323.8599999999997,5304.8800000000001,5326.3599999999997,-0.0004693636930286349,0,0,0,0
2019-12-12,5302.7200000000003,5304.4200000000001,5304.8800000000001,-0.00040717226402853246,5302.7200000000003,5304.4200000000001,5304.8800000000001,-0.00040717226402853246,0,0,0,0
2019-12-13,5334.5799999999999,5375.9799999999996,5304.4200000000001,0.0056858242748500931,5334.5799999999999,5375.9799999999996,5304.4200000000001,0.0056858242748500931,0,0,0,0
2019-12-16,5391.4700000000003,5476.9899999999998,5375.9799999999996,0.0028813351240146723,5391.4700000000003,5476.9899999999998,5375.9799999999996,0.0028813351240146723,0,0,0,0
2019-12-17,5479.8999999999996,5545.6199999999999,5476.9899999999998,0.00053131373254289294,5479.8999999999996,5545.6199999999999,5476.9899999999998,0.00053131373254289294,0,0,0,0
2019-12-18,5546.2799999999997,5543.79,5545.6199999999999,0.00011901284256765621,5546.2799999999997,5543.79,5545.6199999999999,0.00011901284256765621,0,0,0,0
2019-12-19,5544.6599999999999,5568.1099999999997,5543.79,0.0001569323513337384,5544.6599999999999,5568.1099999999997,5543.79,0.0001569323513337384,0,0,0,0
2019-12-20,5571.6300000000001,5501.1599999999999,5568.1099999999997,0.00063217141902738305,5571.6300000000001,5501.1599999999999,5568.1099999999997,0.00063217141902738305,0,0,0,0
2019-12-23,5478.5699999999997,5377.0900000000001,5501.1599999999999,-0.0041064066487795925,5478.5699999999997,5377.0900000000001,5501.1599999999999,-0.0041064066487795925,0,0,0,0
2019-12-24,5388.21,5471.7399999999998,5377.0900000000001,0.0020680330810902703,5388.21,5471.7399999999998,5377.0900000000001,0.0020680330810902703,0,0,0,0
2019-12-25,5467.75,5504.4200000000001,5471.7399999999998,-0.00072920131438991564,5467.75,5504.4200000000001,5471.7399999999998,-0.00072920131438991564,0,0,0,0
2019-12-26,5503.29,5543.6599999999999,5504.4200000000001,-0.00020528956729326531,5503.29,5543.6599999999999,5504.4200000000001,-0.00020528956729326531,0,0,0,0
2019-12-27,5548.3500000000004,5498.9300000000003,5543.6599999999999,0.000846011479780584,5548.3500000000004,5498.9300000000003,5543.6599999999999,0.000846011479780584,0,0,0,0
2019-12-30,5478,5530,5498.9300000000003,-0.00380619502339552,5478,5530,5498.9300000000003,-0.00380619502339552,0,0,0,0
2019-12-31,5524.4300000000003,5567.0299999999997,5530,-0.001007233273055963,5524.4300000000003,5567.0299999999997,5530,-0.001007233273055963,0,0,0,0
2020-01-02,5603.9300000000003,5676.5600000000004,5567.0299999999997,0.0066283098887558456,5603.9300000000003,5676.5600000000004,5567.0299999999997,0.0066283098887558456,0,0,0,0
2020-01-03,5685.0799999999999,5706.04,5676.5600000000004,0.001500909001225903,5685.0799999999999,5706.04,5676.5600000000004,0.001500909001225903,0,0,0,0
2020-01-06,5686.1599999999999,5764.7299999999996,5706.04,-0.0034840274516126923,5686.1599999999999,5764.7299999999996,5706.04,-0.0034840274516126923,0,0,0,0
2020-01-07,5772.6700000000001,5852.3599999999997,5764.7299999999996,0.0013773411764299581,5772.6700000000001,5852.3599999999997,5764.7299999999996,0.0013773411764299581,0,0,0,0
2020-01-08,5827.3800000000001,5772.4700000000003,5852.3599999999997,-0.0042683635319767932,5827.3800000000001,5772.4700000000003,5852.3599999999997,-0.0042683635319767932,0,0,0,0
2020-01-09,5815.7399999999998,5864.1800000000003,5772.4700000000003,0.0074959246215224873,5815.7399999999998,5864.1800000000003,5772.4700000000003,0.0074959246215224873,0,0,0,0
2020-01-10,5879.21,5851.8900000000003,5864.1800000000003,0.0025630181883911085,5879.21,5851.8900000000003,5864.1800000000003,0.0025630181883911085,0,0,0,0
2020-01-13,5844.96,5926.7200000000003,5851.8900000000003,-0.001184232786330619,5844.96,5926.7200000000003,5851.8900000000003,-0.001184232786330619,0,0,0,0
2020-01-14,5939.8999999999996,5914.1099999999997,5926.7200000000003,0.002223827007180823,5939.8999999999996,5914.1099999999997,5926.7200000000003,0.002223827007180823,0,0,0,0
2020-01-15,5903.7600000000002,5913.5200000000004,5914.1099999999997,-0.0017500519942983406,5903.7600000000002,5913.5200000000004,5914.1099999999997,-0.0017500519942983406,0,0,0,0
2020-01-16,5917.2299999999996,5902.1300000000001,5913.5200000000004,0.00062737591147055127,5917.2299999999996,5902.1300000000001,5913.5200000000004,0.00062737591147055127,0,0,0,0
2020-01-17,5913.79,5879.4099999999999,5902.1300000000001,0.0019755579765270426,5913.79,5879.4099999999999,5902.1300000000001,0.0019755579765270426,0,0,0,0
2020-01-20,5880.1300000000001,5954.8699999999999,5879.4099999999999,0.00012246126737203156,5880.1300000000001,5954.8699999999999,5879.4099999999999,0.00012246126737203156,0,0,0,0
2020-01-21,5952,5901.8599999999997,5954.8699999999999,-0.00048195846424858857,5952,5901.8599999999997,5954.8699999999999,-0.00048195846424858857,0,0,0,0
2020-01-22,5867.2200000000003,5919.5900000000001,5901.8599999999997,-0.0058693361075998762,5867.2200000000003,5919.5900000000001,5901.8599999999997,-0.0058693361075998762,0,0,0,0
2020-01-23,5852.1999999999998,5699.0100000000002,5919.5900000000001,-0.011384234381097369,5852.1999999999998,5699.0100000000002,5919.5900000000001,-0.011384234381097369,0,0,0,0
2020-02-03,5180.5900000000001,5200.1599999999999,5699.0100000000002,-0.090966676668403856,5180.5900000000001,5200.1599999999999,5699.0100000000002,-0.090966676668403856,0,0,0,0
2020-02-04,4923.1899999999996,5212.1000000000004,5200.1599999999999,-0.053261822713147389,4923.1899999999996,5212.1000000000004,5200.1599999999999,-0.053261822713147389,0,0,0,0
2020-02-05,5242.3299999999999,5348.3400000000001,5212.1000000000004,0.0057999654649756316,5242.3299999999999,5348.3400000000001,5212.1000000000004,0.0057999654649756316,0,0,0,0
2020-02-06,5353.1899999999996,5515.6400000000003,5348.3400000000001,0.00090682342558623397,5353.1899999999996,5515.6400000000003,5348.3400000000001,0.00090682342558623397,0,0,0,0
2020-02-07,5535.1300000000001,5583.6000000000004,5515.6400000000003,0.0035335881239528799,5535.1300000000001,5583.6000000000004,5515.6400000000003,0.0035335881239528799,0,0,0,0
2020-02-10,5586.9499999999998,5661.5600000000004,5583.6000000000004,0.00059997134465206159,5586.9499999999998,5661.5600000000004,5583.6000000000004,0.00059997134465206159,0,0,0,0
2020-02-11,5656.5200000000004,5623.2600000000002,5661.5600000000004,-0.00089021400462063749,5656.5200000000004,5623.2600000000002,5661.5600000000004,-0.00089021400462063749,0,0,0,0
2020-02-12,5605.9300000000003,5754.2600000000002,5623.2600000000002,-0.0030818422054110783,5605.9300000000003,5754.2600000000002,5623.2600000000002,-0.0030818422054110783,0,0,0,0
2020-02-13,5758.9200000000001,5707.5299999999997,5754.2600000000002,0.00080983480065199842,5758.9200000000001,5707.5299999999997,5754.2600000000002,0.00080983480065199842,0,0,0,0
2020-02-14,5696.1000000000004,5727.8299999999999,5707.5299999999997,-0.002002617594651146,5696.1000000000004,5727.8299999999999,5707.5299999999997,-0.002002617594651146,0,0,0,0
2020-02-17,5766.5500000000002,5936.4799999999996,5727.8299999999999,0.0067599771641266848,5766.5500000000002,5936.4799999999996,5727.8299999999999,0.0067599771641266848,0,0,0,0
2020-02-18,5948.6499999999996,6072.1899999999996,5936.4799999999996,0.002050036385198073,5948.6499999999996,6072.1899999999996,5936.4799999999996,0.002050036385198073,0,0,0,0
2020-02-19,6058.6899999999996,6018.0500000000002,6072.1899999999996,-0.0022232505899848487,6058.6899999999996,6018.0500000000002,6072.1899999999996,-0.0022232505899848487,0,0,0,0
2020-02-20,6032.3999999999996,6134.3900000000003,6018.0500000000002,0.0023844933159411497,6032.3999999999996,6134.3900000000003,6018.0500000000002,0.0023844933159411497,0,0,0,0
2020-02-21,6141.79,6243.4799999999996,6134.3900000000003,0.0012063139122227007,6141.79,6243.4799999999996,6134.3900000000003,0.0012063139122227007,0,0,0,0
2020-02-24,6254.3199999999997,6380.4099999999999,6243.4799999999996,0.0017362112155401288,6254.3199999999997,6380.4099999999999,6243.4799999999996,0.0017362112155401288,0,0,0,0
2020-02-25,6233.5200000000004,6407.1400000000003,6380.4099999999999,-0.023022031499543072,6233.5200000000004,6407.1400000000003,6380.4099999999999,-0.023022031499543072,0,0,0,0
2020-02-26,6315.3299999999999,6221.8299999999999,6407.1400000000003,-0.014329326345296045,6315.3299999999999,6221.8299999999999,6407.1400000000003,-0.014329326345296045,0,0,0,0
2020-02-27,6254.3900000000003,6232.0900000000001,6221.8299999999999,0.0052331870205390985,6254.3900000000003,6232.0900000000001,6221.8299999999999,0.0052331870205390985,0,0,0,0
2020-02-28,5999.21,5870.9700000000003,6232.0900000000001,-0.037367881400942604,5999.21,5870.9700000000003,6232.0900000000001,-0.037367881400942604,0,0,0,0
2020-03-02,5946.8299999999999,6113.4099999999999,5870.9700000000003,0.012921203821514959,5946.8299999999999,6113.4099999999999,5870.9700000000003,0.012921203821514959,0,0,0,0
2020-03-03,6225.96,6195.8900000000003,6113.4099999999999,0.018410347089431234,6225.96,6195.8900000000003,6113.4099999999999,0.018410347089431234,0,0,0,0
2020-03-04,6146.7700000000004,6226.5299999999997,6195.8900000000003,-0.00792783603324132,6146.7700000000004,6226.5299999999997,6195.8900000000003,-0.00792783603324132,0,0,0,0
2020-03-05,6312.4300000000003,6315.8299999999999,6226.5299999999997,0.013795806010731493,6312.4300000000003,6315.8299999999999,6226.5299999999997,0.013795806010731493,0,0,0,0
2020-03-06,6236.2600000000002,6296.7399999999998,6315.8299999999999,-0.012598502492942254,6236.2600000000002,6296.7399999999998,6315.8299999999999,-0.012598502492942254,0,0,0,0
2020-03-09,6198.1999999999998,6049.6199999999999,6296.7399999999998,-0.015649367768083122,6198.1999999999998,6049.6199999999999,6296.7399999999998,-0.015649367768083122,0,0,0,0
2020-03-10,5965.3599999999997,6206.4099999999999,6049.6199999999999,-0.013928147553069481,5965.3599999999997,6206.4099999999999,6049.6199999999999,-0.013928147553069481,0,0,0,0
2020-03-11,6219.9300000000003,6122.9099999999999,6206.4099999999999,0.0021783929840277771,6219.9300000000003,6122.9099999999999,6206.4099999999999,0.0021783929840277771,0,0,0,0
2020-03-12,6026.0600000000004,5999.6400000000003,6122.9099999999999,-0.015817642264870702,6026.0600000000004,5999.6400000000003,6122.9099999999999,-0.015817642264870702,0,0,0,0
2020-03-13,5681.5900000000001,5945.46,5999.6400000000003,-0.053011514024174811,5681.5900000000001,5945.46,5999.6400000000003,-0.053011514024174811,0,0,0,0
2020-03-16,5999.54,5657.7700000000004,5945.46,0.0090960161198627709,5999.54,5657.7700000000004,5945.46,0.0090960161198627709,0,0,0,0
2020-03-17,5707.4200000000001,5642.9200000000001,5657.7700000000004,0.0087755423073048178,5707.4200000000001,5642.9200000000001,5657.7700000000004,0.0087755423073048178,0,0,0,0
2020-03-18,5702.1700000000001,5556.1099999999997,5642.9200000000001,0.010499883039277513,5702.1700000000001,5556.1099999999997,5642.9200000000001,0.010499883039277513,0,0,0,0
2020-03-19,5552.5100000000002,5617.1899999999996,5556.1099999999997,-0.00064793533605334019,5552.5100000000002,5617.1899999999996,5556.1099999999997,-0.00064793533605334019,0,0,0,0
2020-03-20,5676.9700000000003,5670.4700000000003,5617.1899999999996,0.010642331842077635,5676.9700000000003,5670.4700000000003,5617.1899999999996,0.010642331842077635,0,0,0,0
2020-03-23,5514.9300000000003,5416.5699999999997,5670.4700000000003,-0.027429825040957811,5514.9300000000003,5416.5699999999997,5670.4700000000003,-0.027429825040957811,0,0,0,0
2020-03-24,5522.1800000000003,5517.2600000000002,5416.5699999999997,0.019497578726020537,5522.1800000000003,5517.2600000000002,5416.5699999999997,0.019497578726020537,0,0,0,0
2020-03-25,5632.4099999999999,5646.6300000000001,5517.2600000000002,0.020870867060823528,5632.4099999999999,5646.6300000000001,5517.2600000000002,0.020870867060823528,0,0,0,0
2020-03-26,5606.6300000000001,5595.4300000000003,5646.6300000000001,-0.0070838712648074731,5606.6300000000001,5595.4300000000003,5646.6300000000001,-0.0070838712648074731,0,0,0,0
2020-03-27,5659.5900000000001,5553.6099999999997,5595.4300000000003,0.011466500340456376,5659.5900000000001,5553.6099999999997,5595.4300000000003,0.011466500340456376,0,0,0,0
2020-03-30,5472.1499999999996,5415.4099999999999,5553.6099999999997,-0.014667936711436402,5472.1499999999996,5415.4099999999999,5553.6099999999997,-0.014667936711436402,0,0,0,0
2020-03-31,5465.3699999999999,5427.1300000000001,5415.4099999999999,0.0092255249371699932,5465.3699999999999,5427.1300000000001,5415.4099999999999,0.0092255249371699932,0,0,0,0
2020-04-01,5413.5500000000002,5403.3000000000002,5427.1300000000001,-0.0025022433588286486,5413.5500000000002,5403.3000000000002,5427.1300000000001,-0.0025022433588286486,0,0,0,0
2020-04-02,5376.6599999999999,5538.6000000000004,5403.3000000000002,-0.0049303203597802492,5376.6599999999999,5538.6000000000004,5403.3000000000002,-0.0049303203597802492,0,0,0,0
2020-04-03,5525.7700000000004,5507.1199999999999,5538.6000000000004,-0.0023164698660310679,5525.7700000000004,5507.1199999999999,5538.6000000000004,-0.0023164698660310679,0,0,0,0
2020-04-07,5605.2700000000004,5695.1700000000001,5507.1199999999999,0.017822382660991787,5605.2700000000004,5695.1700000000001,5507.1199999999999,0.017822382660991787,0,0,0,0
2020-04-08,5673.3400000000001,5718.1300000000001,5695.1700000000001,-0.0038330725860685755,5673.3400000000001,5718.1300000000001,5695.1700000000001,-0.0038330725860685755,0,0,0,0
2020-04-09,5750.8900000000003,5789.2600000000002,5718.1300000000001,0.0057291457172188309,5750.8900000000003,5789.2600000000002,5718.1300000000001,0.0057291457172188309,0,0,0,0
2020-04-10,5787.54,5637.5299999999997,5789.2600000000002,-0.00029710187485110229,5787.54,5637.5299999999997,5789.2600000000002,-0.00029710187485110229,0,0,0,0
2020-04-13,5590.3199999999997,5578.8599999999997,5637.5299999999997,-0.0083742348156018442,5590.3199999999997,5578.8599999999997,5637.5299999999997,-0.0083742348156018442,0,0,0,0
2020-04-14,5605.9099999999999,5692,5578.8599999999997,0.0048486608375188922,5605.9099999999999,5692,5578.8599999999997,0.0048486608375188922,0,0,0,0
2020-04-15,5689.7299999999996,5657.9499999999998,5692,-0.00039880534082925578,5689.7299999999996,5657.9499999999998,5692,-0.00039880534082925578,0,0,0,0
2020-04-16,5626.8400000000001,5700.96,5657.9499999999998,-0.0054984579220388463,5626.8400000000001,5700.96,5657.9499999999998,-0.0054984579220388463,0,0,0,0
2020-04-17,5735.8999999999996,5710.0500000000002,5700.96,0.0061287923437456371,5735.8999999999996,5710.0500000000002,5700.96,0.0061287923437456371,0,0,0,0
2020-04-20,6051.5699999999997,5803.3999999999996,5710.0500000000002,0.059810334410381527,6051.5699999999997,5803.3999999999996,5710.0500000000002,0.059810334410381527,0,0,0,0
2020-04-21,5780.8599999999997,5773.0100000000002,5803.3999999999996,-0.0038839301099355961,5780.8599999999997,5773.0100000000002,5803.3999999999996,-0.0038839301099355961,0,0,0,0
2020-04-22,5721.5299999999997,5826.5600000000004,5773.0100000000002,-0.0089173585356686624,5721.5299999999997,5826.5600000000004,5773.0100000000002,-0.0089173585356686624,0,0,0,0
2020-04-23,5841.3999999999996,5789.4799999999996,5826.5600000000004,0.0025469573813707846,5841.3999999999996,5789.4799999999996,5826.5600000000004,0.0025469573813707846,0,0,0,0
2020-04-24,5782.29,5675.5100000000002,5789.4799999999996,-0.0012419077361005559,5782.29,5675.5100000000002,5789.4799999999996,-0.0012419077361005559,0,0,0,0
2020-04-27,5675.5600000000004,5645.6599999999999,5675.5100000000002,8.8097809711751296e-06,5675.5600000000004,5645.6599999999999,5675.5100000000002,8.8097809711751296e-06,0,0,0,0
2020-04-28,5641.29,5561.1999999999998,5645.6599999999999,-0.00077404590428753473,5641.29,5561.1999999999998,5645.6599999999999,-0.00077404590428753473,0,0,0,0
2020-04-29,5533,5547.6300000000001,5561.1999999999998,-0.0050708480184132876,5533,5547.6300000000001,5561.1999999999998,-0.0050708480184132876,0,0,0,0
2020-04-30,5572.5699999999997,5678.1700000000001,5547.6300000000001,0.004495613442136559,5572.5699999999997,5678.1700000000001,5547.6300000000001,0.004495613442136559,0,0,0,0
2020-05-06,5636.8699999999999,5802.4200000000001,5678.1700000000001,-0.007273470149713801,5636.8699999999999,5802.4200000000001,5678.1700000000001,-0.007273470149713801,0,0,0,0
2020-05-07,5809.54,5795.8699999999999,5802.4200000000001,0.0012270742207560748,5809.54,5795.8699999999999,5802.4200000000001,0.0012270742207560748,0,0,0,0
2020-05-08,5825.7399999999998,5862.7700000000004,5795.8699999999999,0.0051536697683005617,5825.7399999999998,5862.7700000000004,5795.8699999999999,0.0051536697683005617,0,0,0,0
2020-05-11,5892.5699999999997,5851.8000000000002,5862.7700000000004,0.0050829215541456918,5892.5699999999997,5851.8000000000002,5862.7700000000004,0.0050829215541456918,0,0,0,0
2020-05-12,5847.6999999999998,5869.5100000000002,5851.8000000000002,-0.0007006391195871764,5847.6999999999998,5869.5100000000002,5851.8000000000002,-0.0007006391195871764,0,0,0,0
2020-05-13,5849.46,5917.0299999999997,5869.5100000000002,-0.0034159580612351803,5849.46,5917.0299999999997,5869.5100000000002,-0.0034159580612351803,0,0,0,0
2020-05-14,5889.1400000000003,5863.2399999999998,5917.0299999999997,-0.0047135133673480434,5889.1400000000003,5863.2399999999998,5917.0299999999997,-0.0047135133673480434,0,0,0,0
2020-05-15,5886.7799999999997,5889.9799999999996,5863.2399999999998,0.0040148450344861253,5886.7799999999997,5889.9799999999996,5863.2399999999998,0.0040148450344861253,0,0,0,0
2020-05-18,5905.9200000000001,5860.04,5889.9799999999996,0.0027062910230595261,5905.9200000000001,5860.04,5889.9799999999996,0.0027062910230595261,0,0,0,0
2020-05-19,5896.1499999999996,5936.6000000000004,5860.04,0.0061620739790171353,5896.1499999999996,5936.6000000000004,5860.04,0.0061620739790171353,0,0,0,0
2020-05-20,5928.4700000000003,5865.8400000000001,5936.6000000000004,-0.0013694707408280493,5928.4700000000003,5865.8400000000001,5936.6000000000004,-0.0013694707408280493,0,0,0,0
2020-05-21,5878.7200000000003,5791.6400000000003,5865.8400000000001,0.0021957639485563618,5878.7200000000003,5791.6400000000003,5865.8400000000001,0.0021957639485563618,0,0,0,0
2020-05-22,5782.6300000000001,5684,5791.6400000000003,-0.0015556906161294792,5782.6300000000001,5684,5791.6400000000003,-0.0015556906161294792,0,0,0,0
2020-05-25,5674.3000000000002,5671.9700000000003,5684,-0.0017065446868401724,5674.3000000000002,5671.9700000000003,5684,-0.0017065446868401724,0,0,0,0
2020-05-26,5690.3999999999996,5808.5500000000002,5671.9700000000003,0.0032493119674468218,5690.3999999999996,5808.5500000000002,5671.9700000000003,0.0032493119674468218,0,0,0,0
2020-05-27,5813.9799999999996,5772.0799999999999,5808.5500000000002,0.00093482882991446914,5813.9799999999996,5772.0799999999999,5808.5500000000002,0.00093482882991446914,0,0,0,0
2020-05-28,5769.79,5758.9300000000003,5772.0799999999999,-0.00039673739795709206,5769.79,5758.9300000000003,5772.0799999999999,-0.00039673739795709206,0,0,0,0
2020-05-29,5744.2299999999996,5816.3999999999996,5758.9300000000003,-0.0025525575063424233,5744.2299999999996,5816.3999999999996,5758.9300000000003,-0.0025525575063424233,0,0,0,0
2020-06-01,5855.3299999999999,5993.79,5816.3999999999996,0.00669314352520467,5855.3299999999999,5993.79,5816.3999999999996,0.00669314352520467,0,0,0,0
2020-06-02,6012.5699999999997,6002.8400000000001,5993.79,0.0031332429064081513,6012.5699999999997,6002.8400000000001,5993.79,0.0031332429064081513,0,0,0,0
2020-06-03,6010.4099999999999,5994.6400000000003,6002.8400000000001,0.0012610697603134824,6010.4099999999999,5994.6400000000003,6002.8400000000001,0.0012610697603134824,0,0,0,0
2020-06-04,6004.46,6006.7600000000002,5994.6400000000003,0.0016381300628560691,6004.46,6006.7600000000002,5994.6400000000003,0.0016381300628560691,0,0,0,0
2020-06-05,6009.8800000000001,6015.3299999999999,6006.7600000000002,0.00051941479266681689,6009.8800000000001,6015.3299999999999,6006.7600000000002,0.00051941479266681689,0,0,0,0
2020-06-08,6039.25,6001.4300000000003,6015.3299999999999,0.0039765066920685044,6039.25,6001.4300000000003,6015.3299999999999,0.0039765066920685044,0,0,0,0
2020-06-09,6005.8400000000001,6042.3400000000001,6001.4300000000003,0.00073482486674003589,6005.8400000000001,6042.3400000000001,6001.4300000000003,0.00073482486674003589,0,0,0,0
2020-06-10,6033.4899999999998,6049.3199999999997,6042.3400000000001,-0.0014646643518901881,6033.4899999999998,6049.3199999999997,6042.3400000000001,-0.0014646643518901881,0,0,0,0
2020-06-11,6050.1199999999999,6027.4099999999999,6049.3199999999997,0.0001322462690021009,6050.1199999999999,6027.4099999999999,6049.3199999999997,0.0001322462690021009,0,0,0,0
2020-06-12,5901.0699999999997,6031.1700000000001,6027.4099999999999,-0.020960910241712427,5901.0699999999997,6031.1700000000001,6027.4099999999999,-0.020960910241712427,0,0,0,0
2020-06-15,6031.0900000000001,6028.96,6031.1700000000001,-1.3264424647330131e-05,6031.0900000000001,6028.96,6031.1700000000001,-1.3264424647330131e-05,0,0,0,0
2020-06-16,6076.6000000000004,6151.6899999999996,6028.96,0.0079018603540246257,6076.6000000000004,6151.6899999999996,6028.96,0.0079018603540246257,0,0,0,0
2020-06-17,6160.1999999999998,6178.1400000000003,6151.6899999999996,0.0013833596946530857,6160.1999999999998,6178.1400000000003,6151.6899999999996,0.0013833596946530857,0,0,0,0
2020-06-18,6168.0500000000002,6149.29,6178.1400000000003,-0.0016331776230387174,6168.0500000000002,6149.29,6178.1400000000003,-0.0016331776230387174,0,0,0,0
2020-06-19,6147.8800000000001,6187.1099999999997,6149.29,-0.00022929476411093219,6147.8800000000001,6187.1099999999997,6149.29,-0.00022929476411093219,0,0,0,0
2020-06-22,6204.5,6228.0200000000004,6187.1099999999997,0.0028106822086564343,6204.5,6228.0200000000004,6187.1099999999997,0.0028106822086564343,0,0,0,0
2020-06-23,6229.6499999999996,6238.8999999999996,6228.0200000000004,0.00026172041836725057,6229.6499999999996,6238.8999999999996,6228.0200000000004,0.00026172041836725057,0,0,0,0
2020-06-24,6242.5600000000004,6227.5699999999997,6238.8999999999996,0.00058664187597190498,6242.5600000000004,6227.5699999999997,6238.8999999999996,0.00058664187597190498,0,0,0,0
2020-06-29,6214.8800000000001,6211.3800000000001,6227.5699999999997,-0.0020377129442141761,6214.8800000000001,6211.3800000000001,6227.5699999999997,-0.0020377129442141761,0,0,0,0
2020-06-30,6239.6099999999997,6319.5600000000004,6211.3800000000001,0.004544883745640993,6239.6099999999997,6319.5600000000004,6211.3800000000001,0.004544883745640993,0,0,0,0
2020-07-01,6341.54,6339.3699999999999,6319.5600000000004,0.0034780902467892449,6341.54,6339.3699999999999,6319.5600000000004,0.0034780902467892449,0,0,0,0
2020-07-02,6341.9499999999998,6413.9499999999998,6339.3699999999999,0.00040698050437182332,6341.9499999999998,6413.9499999999998,6339.3699999999999,0.00040698050437182332,0,0,0,0
2020-07-03,6424.0900000000001,6478.3500000000004,6413.9499999999998,0.0015809290686705779,6424.0900000000001,6478.3500000000004,6413.9499999999998,0.0015809290686705779,0,0,0,0
2020-07-06,6516.9200000000001,6726,6478.3500000000004,0.0059536764762631034,6516.9200000000001,6726,6478.3500000000004,0.0059536764762631034,0,0,0,0
2020-07-07,6784.8199999999997,6817.8699999999999,6726,0.0087451680047576641,6784.8199999999997,6817.8699999999999,6726,0.0087451680047576641,0,0,0,0
2020-07-08,6817.8299999999999,6974,6817.8699999999999,-5.8669349811690807e-06,6817.8299999999999,6974,6817.8699999999999,-5.8669349811690807e-06,0,0,0,0
2020-07-09,6976.7200000000003,7182.1800000000003,6974,0.00039002007456279131,6976.7200000000003,7182.1800000000003,6974,0.00039002007456279131,0,0,0,0
2020-07-10,7161.6199999999999,7150.4200000000001,7182.1800000000003,-0.0028626405910183728,7161.6199999999999,7150.4200000000001,7182.1800000000003,-0.0028626405910183728,0,0,0,0
2020-07-13,7179.9700000000003,7403.0900000000001,7150.4200000000001,0.0041326243773094351,7179.9700000000003,7403.0900000000001,7150.4200000000001,0.0041326243773094351,0,0,0,0
2020-07-14,7412.2700000000004,7344.9899999999998,7403.0900000000001,0.001240022747258207,7412.2700000000004,7344.9899999999998,7403.0900000000001,0.001240022747258207,0,0,0,0
2020-07-15,7355.5600000000004,7131.46,7344.9899999999998,0.001439076159395869,7355.5600000000004,7131.46,7344.9899999999998,0.001439076159395869,0,0,0,0
2020-07-16,7130.04,6758.1400000000003,7131.46,-0.00019911771222158592,7130.04,6758.1400000000003,7131.46,-0.00019911771222158592,0,0,0,0
2020-07-17,6759.1000000000004,6772.5299999999997,6758.1400000000003,0.00014205091933572334,6759.1000000000004,6772.5299999999997,6758.1400000000003,0.00014205091933572334,0,0,0,0
2020-07-20,6851.3199999999997,7003.6700000000001,6772.5299999999997,0.011633761681380417,6851.3199999999997,7003.6700000000001,6772.5299999999997,0.011633761681380417,0,0,0,0
2020-07-21,7026.9799999999996,7058.79,7003.6700000000001,0.003328255043427264,7026.9799999999996,7058.79,7003.6700000000001,0.003328255043427264,0,0,0,0
2020-07-22,7058.79,7125.5699999999997,7058.79,0,7058.79,7125.5699999999997,7058.79,0,0,0,0,0
2020-07-23,7068.3999999999996,7119.6700000000001,7125.5699999999997,-0.0080232177916994551,7068.3999999999996,7119.6700000000001,7125.5699999999997,-0.0080232177916994551,0,0,0,0
2020-07-24,7098.5100000000002,6784.6300000000001,7119.6700000000001,-0.0029720478617688562,7098.5100000000002,6784.6300000000001,7119.6700000000001,-0.0029720478617688562,0,0,0,0
2020-07-27,6807.9799999999996,6786.5299999999997,6784.6300000000001,0.0034416025634411707,6807.9799999999996,6786.5299999999997,6784.6300000000001,0.0034416025634411707,0,0,0,0
2020-07-28,6835.5600000000004,6857.9399999999996,6786.5299999999997,0.0072246052106157421,6835.5600000000004,6857.9399999999996,6786.5299999999997,0.0072246052106157421,0,0,0,0
2020-07-29,6843.8400000000001,7060.5299999999997,6857.9399999999996,-0.0020560109887224343,6843.8400000000001,7060.5299999999997,6857.9399999999996,-0.0020560109887224343,0,0,0,0
2020-07-30,7082.7200000000003,7048.9799999999996,7060.5299999999997,0.0031428235557389161,7082.7200000000003,7048.9799999999996,7060.5299999999997,0.0031428235557389161,0,0,0,0
2020-07-31,7030.3100000000004,7141.5900000000001,7048.9799999999996,-0.0026486101535256878,7030.3100000000004,7141.5900000000001,7048.9799999999996,-0.0026486101535256878,0,0,0,0
2020-08-03,7204.1700000000001,7373.3400000000001,7141.5900000000001,0.0087627545126505169,7204.1700000000001,7373.3400000000001,7141.5900000000001,0.0087627545126505169,0,0,0,0
2020-08-04,7398.9899999999998,7326.1899999999996,7373.3400000000001,0.0034787491150549688,7398.9899999999998,7326.1899999999996,7373.3400000000001,0.0034787491150549688,0,0,0,0
2020-08-05,7340.5500000000002,7427.1899999999996,7326.1899999999996,0.0019600911251278497,7340.5500000000002,7427.1899999999996,7326.1899999999996,0.0019600911251278497,0,0,0,0
2020-08-06,7425.5500000000002,7432.7700000000004,7427.1899999999996,-0.00022081029299092503,7425.5500000000002,7432.7700000000004,7427.1899999999996,-0.00022081029299092503,0,0,0,0
2020-08-07,7407.6800000000003,7339.8100000000004,7432.7700000000004,-0.0033755921412879086,7407.6800000000003,7339.8100000000004,7432.7700000000004,-0.0033755921412879086,0,0,0,0
2020-08-10,7319.54,7358.8599999999997,7339.8100000000004,-0.0027616518683726277,7319.54,7358.8599999999997,7339.8100000000004,-0.0027616518683726277,0,0,0,0
2020-08-11,7358.7299999999996,7213.4499999999998,7358.8599999999997,-1.7665779753928135e-05,7358.7299999999996,7213.4499999999998,7358.8599999999997,-1.7665779753928135e-05,0,0,0,0
2020-08-12,7176.8900000000003,7092.3599999999997,7213.4499999999998,-0.0050683098933241855,7176.8900000000003,7092.3599999999997,7213.4499999999998,-0.0050683098933241855,0,0,0,0
2020-08-13,7112.3400000000001,7113.9300000000003,7092.3599999999997,0.0028171158824426001,7112.3400000000001,7113.9300000000003,7092.3599999999997,0.0028171158824426001,0,0,0,0
2020-08-14,7103.0699999999997,7183.96,7113.9300000000003,-0.0015265823532141232,7103.0699999999997,7183.96,7113.9300000000003,-0.0015265823532141232,0,0,0,0
2020-08-17,7206.3800000000001,7339.6899999999996,7183.96,0.0031208414300747389,7206.3800000000001,7339.6899999999996,7183.96,0.0031208414300747389,0,0,0,0
2020-08-18,7348.4200000000001,7410.2399999999998,7339.6899999999996,0.0011894235315115242,7348.4200000000001,7410.2399999999998,7339.6899999999996,0.0011894235315115242,0,0,0,0
2020-08-19,7397.8800000000001,7256.1300000000001,7410.2399999999998,-0.0016679621712656356,7397.8800000000001,7256.1300000000001,7410.2399999999998,-0.0016679621712656356,0,0,0,0
2020-08-20,7196.3500000000004,7151.2600000000002,7256.1300000000001,-0.0082385514041231067,7196.3500000000004,7151.2600000000002,7256.1300000000001,-0.0082385514041231067,0,0,0,0
2020-08-21,7182.3000000000002,7194.2700000000004,7151.2600000000002,0.0043404938430431361,7182.3000000000002,7194.2700000000004,7151.2600000000002,0.0043404938430431361,0,0,0,0
2020-08-24,7212.5299999999997,7253.6400000000003,7194.2700000000004,0.0025381310403973512,7212.5299999999997,7253.6400000000003,7194.2700000000004,0.0025381310403973512,0,0,0,0
2020-08-25,7258.0100000000002,7213.6800000000003,7253.6400000000003,0.00060245614615550558,7258.0100000000002,7213.6800000000003,7253.6400000000003,0.00060245614615550558,0,0,0,0
2020-08-26,7209.5100000000002,7037.9799999999996,7213.6800000000003,-0.00057806833682672032,7209.5100000000002,7037.9799999999996,7213.6800000000003,-0.00057806833682672032,0,0,0,0
2020-08-27,7041.5200000000004,7113.8000000000002,7037.9799999999996,0.00050298523155811736,7041.5200000000004,7113.8000000000002,7037.9799999999996,0.00050298523155811736,0,0,0,0
2020-08-28,7102.2700000000004,7204.7799999999997,7113.8000000000002,-0.0016207933875003189,7102.2700000000004,7204.7799999999997,7113.8000000000002,-0.0016207933875003189,0,0,0,0
2020-08-31,7238.6599999999999,7224.0500000000002,7204.7799999999997,0.0047024336620966611,7238.6599999999999,7224.0500000000002,7204.7799999999997,0.0047024336620966611,0,0,0,0
2020-09-01,7216.6499999999996,7258.8900000000003,7224.0500000000002,-0.0010243561437144333,7216.6499999999996,7258.8900000000003,7224.0500000000002,-0.0010243561437144333,0,0,0,0
2020-09-02,7270.9499999999998,7272.6199999999999,7258.8900000000003,0.0016614110421839801,7270.9499999999998,7272.6199999999999,7258.8900000000003,0.0016614110421839801,0,0,0,0
2020-09-03,7263.6000000000004,7189.8599999999997,7272.6199999999999,-0.0012402682939572918,7263.6000000000004,7189.8599999999997,7272.6199999999999,-0.0012402682939572918,0,0,0,0
2020-09-04,7064.2799999999997,7182.1099999999997,7189.8599999999997,-0.017466264989860703,7064.2799999999997,7182.1099999999997,7189.8599999999997,-0.017466264989860703,0,0,0,0
2020-09-07,7189.9700000000003,7057.1899999999996,7182.1099999999997,0.001094385911661222,7189.9700000000003,7057.1899999999996,7182.1099999999997,0.001094385911661222,0,0,0,0
2020-09-08,7070.6800000000003,7103.0900000000001,7057.1899999999996,0.0019115256922372925,7070.6800000000003,7103.0900000000001,7057.1899999999996,0.0019115256922372925,0,0,0,0
2020-09-09,7023.3000000000002,6877.6000000000004,7103.0900000000001,-0.01123313938018522,7023.3000000000002,6877.6000000000004,7103.0900000000001,-0.01123313938018522,0,0,0,0
2020-09-10,6921.46,6633.8900000000003,6877.6000000000004,0.0063772246132371979,6921.46,6633.8900000000003,6877.6000000000004,0.0063772246132371979,0,0,0,0
2020-09-11,6592.8999999999996,6742.0600000000004,6633.8900000000003,-0.0061788784559286825,6592.8999999999996,6742.0600000000004,6633.8900000000003,-0.0061788784559286825,0,0,0,0
2020-09-14,6781.6999999999998,6848.3599999999997,6742.0600000000004,0.0058795086368259586,6781.6999999999998,6848.3599999999997,6742.0600000000004,0.0058795086368259586,0,0,0,0
2020-09-15,6861.0299999999997,6881.5900000000001,6848.3599999999997,0.0018500779748729101,6861.0299999999997,6881.5900000000001,6848.3599999999997,0.0018500779748729101,0,0,0,0
2020-09-16,6871.0699999999997,6812.9099999999999,6881.5900000000001,-0.0015287164739544723,6871.0699999999997,6812.9099999999999,6881.5900000000001,-0.0015287164739544723,0,0,0,0
2020-09-17,6800.3500000000004,6825.1499999999996,6812.9099999999999,-0.0018435587729764835,6800.3500000000004,6825.1499999999996,6812.9099999999999,-0.0018435587729764835,0,0,0,0
2020-09-18,6822.9700000000003,6929.7700000000004,6825.1499999999996,-0.00031940689948195544,6822.9700000000003,6929.7700000000004,6825.1499999999996,-0.00031940689948195544,0,0,0,0
2020-09-21,6951.75,6927.1899999999996,6929.7700000000004,0.003171822441437433,6951.75,6927.1899999999996,6929.7700000000004,0.003171822441437433,0,0,0,0
2020-09-22,6862.3400000000001,6815.7799999999997,6927.1899999999996,-0.0093616603557863387,6862.3400000000001,6815.7799999999997,6927.1899999999996,-0.0093616603557863387,0,0,0,0
2020-09-23,6839.4700000000003,6862.9700000000003,6815.7799999999997,0.0034757577269219908,6839.4700000000003,6862.9700000000003,6815.7799999999997,0.0034757577269219908,0,0,0,0
2020-09-24,6814.0100000000002,6675.1499999999996,6862.9700000000003,-0.0071339376392436371,6814.0100000000002,6675.1499999999996,6862.9700000000003,-0.0071339376392436371,0,0,0,0
2020-09-25,6703.6199999999999,6634.3900000000003,6675.1499999999996,0.004265072694995764,6703.6199999999999,6634.3900000000003,6675.1499999999996,0.004265072694995764,0,0,0,0
2020-09-28,6649.1800000000003,6550.3699999999999,6634.3900000000003,0.0022292931226532975,6649.1800000000003,6550.3699999999999,6634.3900000000003,0.0022292931226532975,0,0,0,0
2020-09-29,6585.1800000000003,6621.0299999999997,6550.3699999999999,0.0053142036251387914,6585.1800000000003,6621.0299999999997,6550.3699999999999,0.0053142036251387914,0,0,0,0
2020-09-30,6641.3800000000001,6617.1599999999999,6621.0299999999997,0.0030735399175052525,6641.3800000000001,6617.1599999999999,6621.0299999999997,0.0030735399175052525,0,0,0,0
2020-10-09,6737.5299999999997,6822.3599999999997,6617.1599999999999,0.018190583271373129,6737.5299999999997,6822.3599999999997,6617.1599999999999,0.018190583271373129,0,0,0,0
2020-10-12,6881.6300000000001,7036.2799999999997,6822.3599999999997,0.0086876095661911901,6881.6300000000001,7036.2799999999997,6822.3599999999997,0.0086876095661911901,0,0,0,0
2020-10-13,7023.4399999999996,7053.8699999999999,7036.2799999999997,-0.001824827892011105,7023.4399999999996,7053.8699999999999,7036.2799999999997,-0.001824827892011105,0,0,0,0
2020-10-14,7036.8699999999999,6988.6099999999997,7053.8699999999999,-0.0024100245680739318,7036.8699999999999,6988.6099999999997,7053.8699999999999,-0.0024100245680739318,0,0,0,0
2020-10-15,6991.7399999999998,6926.8500000000004,6988.6099999999997,0.00044787160823123173,6991.7399999999998,6926.8500000000004,6988.6099999999997,0.00044787160823123173,0,0,0,0
2020-10-16,6924.8100000000004,6906.3900000000003,6926.8500000000004,-0.00029450616080906045,6924.8100000000004,6906.3900000000003,6926.8500000000004,-0.00029450616080906045,0,0,0,0
2020-10-19,6943.8000000000002,6858.3599999999997,6906.3900000000003,0.0054167227741266366,6943.8000000000002,6858.3599999999997,6906.3900000000003,0.0054167227741266366,0,0,0,0
2020-10-20,6846.3599999999997,6923.3800000000001,6858.3599999999997,-0.0017496894301261001,6846.3599999999997,6923.3800000000001,6858.3599999999997,-0.0017496894301261001,0,0,0,0
2020-10-21,6926.5299999999997,6815.0900000000001,6923.3800000000001,0.00045498008198308071,6926.5299999999997,6815.0900000000001,6923.3800000000001,0.00045498008198308071,0,0,0,0
2020-10-22,6788,6771.8100000000004,6815.0900000000001,-0.0039750025311477977,6788,6771.8100000000004,6815.0900000000001,-0.0039750025311477977,0,0,0,0
2020-10-23,6774.7700000000004,6641.3299999999999,6771.8100000000004,0.00043710617988401701,6774.7700000000004,6641.3299999999999,6771.8100000000004,0.00043710617988401701,0,0,0,0
2020-10-26,6620.1899999999996,6648.5200000000004,6641.3299999999999,-0.0031830973615225577,6620.1899999999996,6648.5200000000004,6641.3299999999999,-0.0031830973615225577,0,0,0,0
2020-10-27,6630.7200000000003,6682.54,6648.5200000000004,-0.0026772875767839821,6630.7200000000003,6682.54,6648.5200000000004,-0.0026772875767839821,0,0,0,0
2020-10-28,6680.4399999999996,6685.4300000000003,6682.54,-0.00031425176654387155,6680.4399999999996,6685.4300000000003,6682.54,-0.00031425176654387155,0,0,0,0
2020-10-29,6592.8900000000003,6674.7399999999998,6685.4300000000003,-0.013842041573990049,6592.8900000000003,6674.7399999999998,6685.4300000000003,-0.013842041573990049,0,0,0,0
2020-10-30,6685.5900000000001,6511.1599999999999,6674.7399999999998,0.001625531481376008,6685.5900000000001,6511.1599999999999,6674.7399999999998,0.001625531481376008,0,0,0,0
2020-11-02,6517.4200000000001,6513.79,6511.1599999999999,0.00096142622819894719,6517.4200000000001,6513.79,6511.1599999999999,0.00096142622819894719,0,0,0,0
2020-11-03,6538.2799999999997,6647.5799999999999,6513.79,0.0037597159257514168,6538.2799999999997,6647.5799999999999,6513.79,0.0037597159257514168,0,0,0,0
2020-11-04,6652.5799999999999,6632.6800000000003,6647.5799999999999,0.00075215341522771872,6652.5799999999999,6632.6800000000003,6647.5799999999999,0.00075215341522771872,0,0,0,0
2020-11-05,6685.1999999999998,6754.9499999999998,6632.6800000000003,0.0079183678392444889,6685.1999999999998,6754.9499999999998,6632.6800000000003,0.0079183678392444889,0,0,0,0
2020-11-06,6771.1800000000003,6688.6599999999999,6754.9499999999998,0.002402682477294471,6771.1800000000003,6688.6599999999999,6754.9499999999998,0.002402682477294471,0,0,0,0
2020-11-09,6723.4300000000003,6851.9799999999996,6688.6599999999999,0.0051983506412345282,6723.4300000000003,6851.9799999999996,6688.6599999999999,0.0051983506412345282,0,0,0,0
2020-11-10,6854.6999999999998,6779.4899999999998,6851.9799999999996,0.00039696554864443456,6854.6999999999998,6779.4899999999998,6851.9799999999996,0.00039696554864443456,0,0,0,0
2020-11-11,6761.3500000000004,6663.7299999999996,6779.4899999999998,-0.0026757174949737506,6761.3500000000004,6663.7299999999996,6779.4899999999998,-0.0026757174949737506,0,0,0,0
2020-11-12,6680.1999999999998,6676.4200000000001,6663.7299999999996,0.0024715887348376597,6680.1999999999998,6676.4200000000001,6663.7299999999996,0.0024715887348376597,0,0,0,0
2020-11-13,6663.2200000000003,6686.3900000000003,6676.4200000000001,-0.0019771074917395159,6663.2200000000003,6686.3900000000003,6676.4200000000001,-0.0019771074917395159,0,0,0,0
2020-11-16,6703.1800000000003,6747.8100000000004,6686.3900000000003,0.0025110709964568656,6703.1800000000003,6747.8100000000004,6686.3900000000003,0.0025110709964568656,0,0,0,0
2020-11-17,6743.8699999999999,6681.7200000000003,6747.8100000000004,-0.00058389314459073027,6743.8699999999999,6681.7200000000003,6747.8100000000004,-0.00058389314459073027,0,0,0,0
2020-11-18,6673.6000000000004,6682.1300000000001,6681.7200000000003,-0.0012152559520601791,6673.6000000000004,6682.1300000000001,6681.7200000000003,-0.0012152559520601791,0,0,0,0
2020-11-19,6664.8299999999999,6718.46,6682.1300000000001,-0.0025889948264999907,6664.8299999999999,6718.46,6682.1300000000001,-0.0025889948264999907,0,0,0,0
2020-11-20,6713.6499999999996,6766.0600000000004,6718.46,-0.00071593787862100911,6713.6499999999996,6766.0600000000004,6718.46,-0.00071593787862100911,0,0,0,0
2020-11-23,6776.2399999999998,6807.7200000000003,6766.0600000000004,0.0015045683898753381,6776.2399999999998,6807.7200000000003,6766.0600000000004,0.0015045683898753381,0,0,0,0
2020-11-24,6798.8299999999999,6808,6807.7200000000003,-0.0013058703941996042,6798.8299999999999,6808,6807.7200000000003,-0.0013058703941996042,0,0,0,0
2020-11-25,6816.2299999999996,6691.8699999999999,6808,0.001208871915393539,6816.2299999999996,6691.8699999999999,6808,0.001208871915393539,0,0,0,0
2020-11-26,6678.1400000000003,6643.1800000000003,6691.8699999999999,-0.0020517433841361621,6678.1400000000003,6643.1800000000003,6691.8699999999999,-0.0020517433841361621,0,0,0,0
2020-11-27,6639.6000000000004,6641.7700000000004,6643.1800000000003,-0.0005388985395547996,6639.6000000000004,6641.7700000000004,6643.1800000000003,-0.0005388985395547996,0,0,0,0
2020-11-30,6642.1499999999996,6622.3599999999997,6641.7700000000004,5.7213664429678346e-05,6642.1499999999996,6622.3599999999997,6641.7700000000004,5.7213664429678346e-05,0,0,0,0
2020-12-01,6608.6199999999999,6713.2299999999996,6622.3599999999997,-0.0020747890480130593,6608.6199999999999,6713.2299999999996,6622.3599999999997,-0.0020747890480130593,0,0,0,0
2020-12-02,6712.8900000000003,6735.71,6713.2299999999996,-5.0646261188558306e-05,6712.8900000000003,6735.71,6713.2299999999996,-5.0646261188558306e-05,0,0,0,0
2020-12-03,6726.2600000000002,6711.8400000000001,6735.71,-0.0014029701397476613,6726.2600000000002,6711.8400000000001,6735.71,-0.0014029701397476613,0,0,0,0
2020-12-04,6700.6899999999996,6746.6300000000001,6711.8400000000001,-0.001661243414622593,6700.6899999999996,6746.6300000000001,6711.8400000000001,-0.001661243414622593,0,0,0,0
2020-12-07,6760.1000000000004,6733,6746.6300000000001,0.0019965523528042706,6760.1000000000004,6733,6746.6300000000001,0.0019965523528042706,0,0,0,0
2020-12-08,6735.2299999999996,6734.3699999999999,6733,0.00033120451507495652,6735.2299999999996,6734.3699999999999,6733,0.00033120451507495652,0,0,0,0
2020-12-09,6734.1199999999999,6602.5200000000004,6734.3699999999999,-3.7122997399885449e-05,6734.1199999999999,6602.5200000000004,6734.3699999999999,-3.7122997399885449e-05,0,0,0,0
2020-12-10,6576.0600000000004,6605.1899999999996,6602.5200000000004,-0.0040075607495320131,6576.0600000000004,6605.1899999999996,6602.5200000000004,-0.0040075607495320131,0,0,0,0
2020-12-11,6610.5500000000002,6498.2399999999998,6605.1899999999996,0.00081148309132683671,6610.5500000000002,6498.2399999999998,6605.1899999999996,0.00081148309132683671,0,0,0,0
2020-12-14,6493.6499999999996,6576.8199999999997,6498.2399999999998,-0.00070634510267397754,6493.6499999999996,6576.8199999999997,6498.2399999999998,-0.00070634510267397754,0,0,0,0
2020-12-15,6565.5,6596.5,6576.8199999999997,-0.0017211965661215745,6565.5,6596.5,6576.8199999999997,-0.0017211965661215745,0,0,0,0
2020-12-16,6597.3100000000004,6543.3599999999997,6596.5,0.00012279238990386965,6597.3100000000004,6543.3599999999997,6596.5,0.00012279238990386965,0,0,0,0
2020-12-17,6530.6599999999999,6597.8599999999997,6543.3599999999997,-0.0019408988654147086,6530.6599999999999,6597.8599999999997,6543.3599999999997,-0.0019408988654147086,0,0,0,0
2020-12-18,6604.0299999999997,6573.3999999999996,6597.8599999999997,0.00093515170070301856,6604.0299999999997,6573.3999999999996,6597.8599999999997,0.00093515170070301856,0,0,0,0
2020-12-21,6576.71,6691.5900000000001,6573.3999999999996,0.00050354458879731112,6576.71,6691.5900000000001,6573.3999999999996,0.00050354458879731112,0,0,0,0
2020-12-22,6668.21,6549.9700000000003,6691.5900000000001,-0.0034939379131118109,6668.21,6549.9700000000003,6691.5900000000001,-0.0034939379131118109,0,0,0,0
2020-12-23,6552.2700000000004,6601.2399999999998,6549.9700000000003,0.00035114664647317717,6552.2700000000004,6601.2399999999998,6549.9700000000003,0.00035114664647317717,0,0,0,0
2020-12-24,6591.79,6496.3299999999999,6601.2399999999998,-0.0014315492240851713,6591.79,6496.3299999999999,6601.2399999999998,-0.0014315492240851713,0,0,0,0
2020-12-25,6466.3500000000004,6561.2700000000004,6496.3299999999999,-0.0046149133433799339,6466.3500000000004,6561.2700000000004,6496.3299999999999,-0.0046149133433799339,0,0,0,0
2020-12-28,6561.7700000000004,6519.4700000000003,6561.2700000000004,7.6204759139608669e-05,6561.7700000000004,6519.4700000000003,6561.2700000000004,7.6204759139608669e-05,0,0,0,0
2020-12-29,6514.9099999999999,6477.2600000000002,6519.4700000000003,-0.0006994433596596572,6514.9099999999999,6477.2600000000002,6519.4700000000003,-0.0006994433596596572,0,0,0,0
2020-12-30,6469.8900000000003,6526.8800000000001,6477.2600000000002,-0.0011378267971333678,6469.8900000000003,6526.8800000000001,6477.2600000000002,-0.0011378267971333678,0,0,0,0
2020-12-31,6536.8599999999997,6646.4700000000003,6526.8800000000001,0.0015290613585663415,6536.8599999999997,6646.4700000000003,6526.8800000000001,0.0015290613585663415,0,0,0,0
